name,importance
Single Bond,7.589000789911642e-18
Stereo None,6.138967238176598e-18
Bond Order,4.75055574694461e-18
Conjugated,2.9580872059957827e-18
Bond Length,2.895440268713773e-18
Electronegativity Diff.,2.1681417151265233e-18
In Ring,1.7072836203117386e-18
Aromatic Bond,1.3705179202212404e-18
Double Bond,8.659862917260927e-19
Triple Bond,5.896821952874216e-20
Stereo Any,0.0
Stereo Z,0.0
Stereo E,0.0
Stereo Cis,0.0
Stereo Trans,0.0
