name,importance
Stereo None,4.528779112142099e-18
Single Bond,4.0625077406036145e-18
Bond Order,2.7297034660505043e-18
Conjugated,2.6929505906638545e-18
Bond Length,1.853922683787536e-18
Aromatic Bond,1.3844004924417179e-18
In Ring,9.553313621576523e-19
Electronegativity Diff.,4.310823327986547e-19
Double Bond,2.468047419941046e-19
Triple Bond,0.0
Stereo Any,0.0
Stereo Z,0.0
Stereo E,0.0
Stereo Cis,0.0
Stereo Trans,0.0
