Involved in the gama database,IL (Component 1) full name,smiles1,IL abbreviation,Component 2,smiles2,Family of component 2,Component 3,smiles3,Family of component 3,Ex1,Ex2,Ex3,Rx1,Rx2,Rx3,P,t,system_id,T,distance_from_training_range_k,temperature_side,distance_bin,pred_Ex1,pred_Ex2,pred_Ex3,pred_Rx1,pred_Rx2,pred_Rx3
no,1-butyl-4-methylpyridinium tetrafluoroborate,CCCC[n+]1ccc(C)cc1.F[B-](F)(F)F,[C4MPy][BF4],benzene,c1ccccc1,aromatic,n-hexane,CCCCCC,alkane,0.983,0.0,0.017,0.022,0.0,0.978,101.325,0.0,83,333.2,10.0,above,5-10 K,0.8801878,0.11205088,0.007761321,0.0030443387,0.26263887,0.7343167
no,1-butyl-4-methylpyridinium tetrafluoroborate,CCCC[n+]1ccc(C)cc1.F[B-](F)(F)F,[C4MPy][BF4],benzene,c1ccccc1,aromatic,n-hexane,CCCCCC,alkane,0.922,0.061,0.017,0.007,0.049,0.944,101.325,0.16666667,83,333.2,10.0,above,5-10 K,0.85352206,0.1371481,0.00932974,0.0034851544,0.3010891,0.69542575
no,1-butyl-4-methylpyridinium tetrafluoroborate,CCCC[n+]1ccc(C)cc1.F[B-](F)(F)F,[C4MPy][BF4],benzene,c1ccccc1,aromatic,n-hexane,CCCCCC,alkane,0.896,0.088,0.016,0.01,0.084,0.906,101.325,0.33333334,83,333.2,10.0,above,5-10 K,0.8227582,0.16614214,0.011099701,0.0039450782,0.34143615,0.65461874
no,1-butyl-4-methylpyridinium tetrafluoroborate,CCCC[n+]1ccc(C)cc1.F[B-](F)(F)F,[C4MPy][BF4],benzene,c1ccccc1,aromatic,n-hexane,CCCCCC,alkane,0.877,0.106,0.017,0.011,0.115,0.874,101.325,0.5,83,333.2,10.0,above,5-10 K,0.7867628,0.20010473,0.013132467,0.004435218,0.3847275,0.6108373
no,1-butyl-4-methylpyridinium tetrafluoroborate,CCCC[n+]1ccc(C)cc1.F[B-](F)(F)F,[C4MPy][BF4],benzene,c1ccccc1,aromatic,n-hexane,CCCCCC,alkane,0.817,0.166,0.017,0.005,0.21,0.785,101.325,0.6666667,83,333.2,10.0,above,5-10 K,0.7454221,0.23915407,0.015423848,0.004944795,0.43038204,0.56467324
no,1-butyl-4-methylpyridinium tetrafluoroborate,CCCC[n+]1ccc(C)cc1.F[B-](F)(F)F,[C4MPy][BF4],benzene,c1ccccc1,aromatic,n-hexane,CCCCCC,alkane,0.754,0.229,0.017,0.008,0.313,0.679,101.325,0.8333333,83,333.2,10.0,above,5-10 K,0.6990521,0.28300726,0.017940598,0.0054659112,0.47717214,0.51736194
no,1-butyl-4-methylpyridinium tetrafluoroborate,CCCC[n+]1ccc(C)cc1.F[B-](F)(F)F,[C4MPy][BF4],benzene,c1ccccc1,aromatic,n-hexane,CCCCCC,alkane,0.688,0.295,0.017,0.006,0.43,0.564,101.325,1.0,83,333.2,10.0,above,5-10 K,0.6491694,0.3302413,0.020589337,0.0059624217,0.5228614,0.47117615
no,1-butyl-4-methylpyridinium tetrafluoroborate,CCCC[n+]1ccc(C)cc1.F[B-](F)(F)F,[C4MPy][BF4],toluene,Cc1ccccc1,aromatic,n-heptane,CCCCCCC,alkane,0.9882,0.0,0.0118,0.0049,0.0,0.9951,101.325,0.0,86,348.2,25.0,above,>20 K,0.92947966,0.06585901,0.004661369,0.0025438357,0.26109838,0.73635787
no,1-butyl-4-methylpyridinium tetrafluoroborate,CCCC[n+]1ccc(C)cc1.F[B-](F)(F)F,[C4MPy][BF4],toluene,Cc1ccccc1,aromatic,n-heptane,CCCCCCC,alkane,0.9678,0.0166,0.0156,0.0,0.0402,0.9598,101.325,0.083333336,86,348.2,25.0,above,>20 K,0.9214431,0.073413216,0.005143677,0.0027276562,0.27935642,0.71791595
no,1-butyl-4-methylpyridinium tetrafluoroborate,CCCC[n+]1ccc(C)cc1.F[B-](F)(F)F,[C4MPy][BF4],toluene,Cc1ccccc1,aromatic,n-heptane,CCCCCCC,alkane,0.9692,0.0182,0.0126,0.0065,0.0404,0.9531,101.325,0.16666667,86,348.2,25.0,above,>20 K,0.9123543,0.0819659,0.0056798803,0.0029298607,0.2995935,0.6974766
no,1-butyl-4-methylpyridinium tetrafluoroborate,CCCC[n+]1ccc(C)cc1.F[B-](F)(F)F,[C4MPy][BF4],toluene,Cc1ccccc1,aromatic,n-heptane,CCCCCCC,alkane,0.9553,0.0334,0.0113,0.0,0.0701,0.9299,101.325,0.25,86,348.2,25.0,above,>20 K,0.90246606,0.091274574,0.0062593957,0.0031340676,0.32001185,0.6768541
no,1-butyl-4-methylpyridinium tetrafluoroborate,CCCC[n+]1ccc(C)cc1.F[B-](F)(F)F,[C4MPy][BF4],toluene,Cc1ccccc1,aromatic,n-heptane,CCCCCCC,alkane,0.941,0.0483,0.0107,0.0,0.1077,0.8923,101.325,0.33333334,86,348.2,25.0,above,>20 K,0.8916999,0.101413935,0.0068861344,0.003340836,0.34050974,0.65614945
no,1-butyl-4-methylpyridinium tetrafluoroborate,CCCC[n+]1ccc(C)cc1.F[B-](F)(F)F,[C4MPy][BF4],toluene,Cc1ccccc1,aromatic,n-heptane,CCCCCCC,alkane,0.9219,0.0669,0.0112,0.0,0.1478,0.8522,101.325,0.41666666,86,348.2,25.0,above,>20 K,0.8804235,0.1120402,0.007536308,0.0035358851,0.36016375,0.6363003
no,1-butyl-4-methylpyridinium tetrafluoroborate,CCCC[n+]1ccc(C)cc1.F[B-](F)(F)F,[C4MPy][BF4],toluene,Cc1ccccc1,aromatic,n-heptane,CCCCCCC,alkane,0.89500004,0.09290001,0.012100001,0.0127,0.2069,0.7804,101.325,0.5,86,348.2,25.0,above,>20 K,0.86897385,0.12283281,0.008193351,0.0037053772,0.37867486,0.61761975
no,1-butyl-4-methylpyridinium tetrafluoroborate,CCCC[n+]1ccc(C)cc1.F[B-](F)(F)F,[C4MPy][BF4],toluene,Cc1ccccc1,aromatic,n-heptane,CCCCCCC,alkane,0.88820004,0.10080001,0.011000001,0.0,0.2771,0.7229,101.325,0.5833333,86,348.2,25.0,above,>20 K,0.8550481,0.13597505,0.008976831,0.0039254227,0.40076727,0.5953073
no,1-butyl-4-methylpyridinium tetrafluoroborate,CCCC[n+]1ccc(C)cc1.F[B-](F)(F)F,[C4MPy][BF4],toluene,Cc1ccccc1,aromatic,n-heptane,CCCCCCC,alkane,0.8431,0.1455,0.0114,0.0097,0.3303,0.66,101.325,0.6666667,86,348.2,25.0,above,>20 K,0.84006286,0.15012187,0.0098151965,0.004146345,0.42317465,0.57267904
no,1-butyl-4-methylpyridinium tetrafluoroborate,CCCC[n+]1ccc(C)cc1.F[B-](F)(F)F,[C4MPy][BF4],toluene,Cc1ccccc1,aromatic,n-heptane,CCCCCCC,alkane,0.8051,0.1836,0.0113,0.007,0.4211,0.5719,101.325,0.75,86,348.2,25.0,above,>20 K,0.82398164,0.16531561,0.010702736,0.0043647937,0.44590834,0.5497269
no,1-butyl-4-methylpyridinium tetrafluoroborate,CCCC[n+]1ccc(C)cc1.F[B-](F)(F)F,[C4MPy][BF4],toluene,Cc1ccccc1,aromatic,n-heptane,CCCCCCC,alkane,0.7587,0.2307,0.0106,0.003,0.5302,0.4668,101.325,0.8333333,86,348.2,25.0,above,>20 K,0.8063151,0.18202005,0.011664888,0.0045931344,0.46890277,0.5265041
no,1-butyl-4-methylpyridinium tetrafluoroborate,CCCC[n+]1ccc(C)cc1.F[B-](F)(F)F,[C4MPy][BF4],toluene,Cc1ccccc1,aromatic,n-heptane,CCCCCCC,alkane,0.74810004,0.24200001,0.009900001,0.0,0.592,0.408,101.325,0.9166667,86,348.2,25.0,above,>20 K,0.78745526,0.19985838,0.012686449,0.0048241923,0.49183315,0.5033426
no,1-butyl-4-methylpyridinium tetrafluoroborate,CCCC[n+]1ccc(C)cc1.F[B-](F)(F)F,[C4MPy][BF4],toluene,Cc1ccccc1,aromatic,n-heptane,CCCCCCC,alkane,0.5089,0.4911,0.0,0.0,1.0,0.0,101.325,1.0,86,348.2,25.0,above,>20 K,0.7676613,0.2186014,0.013737253,0.0050346456,0.5149207,0.4800446
no,1-butyl-4-methylpyridinium tetrafluoroborate,CCCC[n+]1ccc(C)cc1.F[B-](F)(F)F,[C4MPy][BF4],ethylbenzene,CCc1ccccc1,aromatic,n-octane,CCCCCCCC,alkane,0.992,0.0,0.008,0.018,0.0,0.982,101.325,0.0,88,348.2,25.0,above,>20 K,0.9390002,0.055140518,0.0058592185,0.0027263586,0.300961,0.69631267
no,1-butyl-4-methylpyridinium tetrafluoroborate,CCCC[n+]1ccc(C)cc1.F[B-](F)(F)F,[C4MPy][BF4],ethylbenzene,CCc1ccccc1,aromatic,n-octane,CCCCCCCC,alkane,0.957,0.035,0.008,0.007,0.079,0.914,101.325,0.14285715,88,348.2,25.0,above,>20 K,0.9269443,0.066145405,0.0069102705,0.0030378546,0.33073533,0.66622686
no,1-butyl-4-methylpyridinium tetrafluoroborate,CCCC[n+]1ccc(C)cc1.F[B-](F)(F)F,[C4MPy][BF4],ethylbenzene,CCc1ccccc1,aromatic,n-octane,CCCCCCCC,alkane,0.947,0.045,0.008,0.013,0.121,0.866,101.325,0.2857143,88,348.2,25.0,above,>20 K,0.912784,0.07909107,0.008124951,0.003366063,0.36194915,0.6346848
no,1-butyl-4-methylpyridinium tetrafluoroborate,CCCC[n+]1ccc(C)cc1.F[B-](F)(F)F,[C4MPy][BF4],ethylbenzene,CCc1ccccc1,aromatic,n-octane,CCCCCCCC,alkane,0.937,0.055,0.008,0.011,0.164,0.825,101.325,0.42857143,88,348.2,25.0,above,>20 K,0.89610803,0.09436266,0.009529281,0.0037148704,0.39437765,0.6019075
no,1-butyl-4-methylpyridinium tetrafluoroborate,CCCC[n+]1ccc(C)cc1.F[B-](F)(F)F,[C4MPy][BF4],ethylbenzene,CCc1ccccc1,aromatic,n-octane,CCCCCCCC,alkane,0.912,0.081,0.007,0.016,0.294,0.69,101.325,0.5714286,88,348.2,25.0,above,>20 K,0.8765953,0.112255335,0.01114939,0.0040828385,0.4277554,0.5681617
no,1-butyl-4-methylpyridinium tetrafluoroborate,CCCC[n+]1ccc(C)cc1.F[B-](F)(F)F,[C4MPy][BF4],ethylbenzene,CCc1ccccc1,aromatic,n-octane,CCCCCCCC,alkane,0.884,0.11,0.006,0.013,0.437,0.55,101.325,0.71428573,88,348.2,25.0,above,>20 K,0.85403174,0.13297272,0.012995518,0.0044843457,0.46040785,0.5351078
no,1-butyl-4-methylpyridinium tetrafluoroborate,CCCC[n+]1ccc(C)cc1.F[B-](F)(F)F,[C4MPy][BF4],ethylbenzene,CCc1ccccc1,aromatic,n-octane,CCCCCCCC,alkane,0.856,0.139,0.005,0.015,0.572,0.413,101.325,0.85714287,88,348.2,25.0,above,>20 K,0.8282156,0.156715,0.015069368,0.0048894878,0.49382135,0.5012892
no,1-butyl-4-methylpyridinium tetrafluoroborate,CCCC[n+]1ccc(C)cc1.F[B-](F)(F)F,[C4MPy][BF4],ethylbenzene,CCc1ccccc1,aromatic,n-octane,CCCCCCCC,alkane,0.75,0.25,0.0,0.013,0.987,0.0,101.325,1.0,88,348.2,25.0,above,>20 K,0.7988071,0.18380226,0.017390648,0.005295294,0.52794987,0.46675482
no,1-butyl-4-methylpyridinium tetrafluoroborate,CCCC[n+]1ccc(C)cc1.F[B-](F)(F)F,[C4MPy][BF4],m-xylene,Cc1cccc(C)c1,aromatic,n-octane,CCCCCCCC,alkane,0.992,0.0,0.008,0.018,0.0,0.982,101.325,0.0,90,348.2,25.0,above,>20 K,0.93823165,0.05762521,0.0041431473,0.00239646,0.269326,0.72827756
no,1-butyl-4-methylpyridinium tetrafluoroborate,CCCC[n+]1ccc(C)cc1.F[B-](F)(F)F,[C4MPy][BF4],m-xylene,Cc1cccc(C)c1,aromatic,n-octane,CCCCCCCC,alkane,0.966,0.027,0.007,0.022,0.082,0.896,101.325,0.11111111,90,348.2,25.0,above,>20 K,0.92860943,0.066664346,0.004726301,0.0026263443,0.29388705,0.7034866
no,1-butyl-4-methylpyridinium tetrafluoroborate,CCCC[n+]1ccc(C)cc1.F[B-](F)(F)F,[C4MPy][BF4],m-xylene,Cc1cccc(C)c1,aromatic,n-octane,CCCCCCCC,alkane,0.956,0.037,0.007,0.015,0.124,0.861,101.325,0.22222222,90,348.2,25.0,above,>20 K,0.9159907,0.07860546,0.005403809,0.002696761,0.33124793,0.66605526
no,1-butyl-4-methylpyridinium tetrafluoroborate,CCCC[n+]1ccc(C)cc1.F[B-](F)(F)F,[C4MPy][BF4],m-xylene,Cc1cccc(C)c1,aromatic,n-octane,CCCCCCCC,alkane,0.947,0.046,0.007,0.02,0.17,0.81,101.325,0.33333334,90,348.2,25.0,above,>20 K,0.9032384,0.09061699,0.006144642,0.0029301324,0.35873345,0.63833636
no,1-butyl-4-methylpyridinium tetrafluoroborate,CCCC[n+]1ccc(C)cc1.F[B-](F)(F)F,[C4MPy][BF4],m-xylene,Cc1cccc(C)c1,aromatic,n-octane,CCCCCCCC,alkane,0.936,0.057,0.007,0.016,0.212,0.772,101.325,0.44444445,90,348.2,25.0,above,>20 K,0.8887484,0.104214884,0.0070366887,0.0032647639,0.38292035,0.6138149
no,1-butyl-4-methylpyridinium tetrafluoroborate,CCCC[n+]1ccc(C)cc1.F[B-](F)(F)F,[C4MPy][BF4],m-xylene,Cc1cccc(C)c1,aromatic,n-octane,CCCCCCCC,alkane,0.928,0.065,0.007,0.014,0.257,0.729,101.325,0.5555556,90,348.2,25.0,above,>20 K,0.87262326,0.11938588,0.007990767,0.0035640704,0.40962365,0.5868123
no,1-butyl-4-methylpyridinium tetrafluoroborate,CCCC[n+]1ccc(C)cc1.F[B-](F)(F)F,[C4MPy][BF4],m-xylene,Cc1cccc(C)c1,aromatic,n-octane,CCCCCCCC,alkane,0.918,0.075,0.007,0.018,0.297,0.685,101.325,0.6666667,90,348.2,25.0,above,>20 K,0.85439783,0.13657892,0.009023147,0.0038330264,0.4391128,0.55705416
no,1-butyl-4-methylpyridinium tetrafluoroborate,CCCC[n+]1ccc(C)cc1.F[B-](F)(F)F,[C4MPy][BF4],m-xylene,Cc1cccc(C)c1,aromatic,n-octane,CCCCCCCC,alkane,0.903,0.091,0.006,0.026,0.375,0.599,101.325,0.7777778,90,348.2,25.0,above,>20 K,0.8342826,0.1555757,0.010141765,0.0040991465,0.46853447,0.5273664
no,1-butyl-4-methylpyridinium tetrafluoroborate,CCCC[n+]1ccc(C)cc1.F[B-](F)(F)F,[C4MPy][BF4],m-xylene,Cc1cccc(C)c1,aromatic,n-octane,CCCCCCCC,alkane,0.882,0.112,0.006,0.013,0.473,0.514,101.325,0.8888889,90,348.2,25.0,above,>20 K,0.8124116,0.17624907,0.011339357,0.0043569035,0.4974679,0.49817514
no,1-butyl-4-methylpyridinium tetrafluoroborate,CCCC[n+]1ccc(C)cc1.F[B-](F)(F)F,[C4MPy][BF4],m-xylene,Cc1cccc(C)c1,aromatic,n-octane,CCCCCCCC,alkane,0.854,0.141,0.005,0.022,0.573,0.405,101.325,1.0,90,348.2,25.0,above,>20 K,0.7878508,0.19948588,0.012663436,0.00462649,0.5270337,0.46833977
no,1-butyl-4-methylpyridinium tetrafluoroborate,CCCC[n+]1ccc(C)cc1.F[B-](F)(F)F,[C4MPy][BF4],n-propylbenzene,CCCc1ccccc1,aromatic,n-dodecane,CCCCCCCCCCCC,alkane,0.95640004,0.037600003,0.0060000005,0.0,0.1067,0.8933,101.325,0.0,93,333.0,9.800000000000011,above,5-10 K,0.94460964,0.04979446,0.0055958047,0.0025332305,0.33183748,0.6656293
no,1-butyl-4-methylpyridinium tetrafluoroborate,CCCC[n+]1ccc(C)cc1.F[B-](F)(F)F,[C4MPy][BF4],n-propylbenzene,CCCc1ccccc1,aromatic,n-dodecane,CCCCCCCCCCCC,alkane,0.9236,0.07,0.0064,0.0,0.1942,0.8058,101.325,0.125,93,333.0,9.800000000000011,above,5-10 K,0.9352907,0.05825367,0.0064557362,0.002771678,0.35733855,0.6398898
no,1-butyl-4-methylpyridinium tetrafluoroborate,CCCC[n+]1ccc(C)cc1.F[B-](F)(F)F,[C4MPy][BF4],n-propylbenzene,CCCc1ccccc1,aromatic,n-dodecane,CCCCCCCCCCCC,alkane,0.8944,0.0988,0.0068,0.0,0.2669,0.7331,101.325,0.25,93,333.0,9.800000000000011,above,5-10 K,0.92451787,0.06804673,0.0074353507,0.0030227257,0.38365194,0.6133253
no,1-butyl-4-methylpyridinium tetrafluoroborate,CCCC[n+]1ccc(C)cc1.F[B-](F)(F)F,[C4MPy][BF4],n-propylbenzene,CCCc1ccccc1,aromatic,n-dodecane,CCCCCCCCCCCC,alkane,0.8672,0.1256,0.0072,0.0,0.3277,0.6723,101.325,0.375,93,333.0,9.800000000000011,above,5-10 K,0.9129436,0.07857884,0.008477514,0.0032413527,0.40823087,0.5885278
no,1-butyl-4-methylpyridinium tetrafluoroborate,CCCC[n+]1ccc(C)cc1.F[B-](F)(F)F,[C4MPy][BF4],n-propylbenzene,CCCc1ccccc1,aromatic,n-dodecane,CCCCCCCCCCCC,alkane,0.8425,0.1499,0.0076,0.0,0.3796,0.6204,101.325,0.5,93,333.0,9.800000000000011,above,5-10 K,0.89935446,0.09096002,0.009685596,0.0034847267,0.43451068,0.56200457
no,1-butyl-4-methylpyridinium tetrafluoroborate,CCCC[n+]1ccc(C)cc1.F[B-](F)(F)F,[C4MPy][BF4],n-propylbenzene,CCCc1ccccc1,aromatic,n-dodecane,CCCCCCCCCCCC,alkane,0.8194,0.1726,0.008,0.0,0.4242,0.5758,101.325,0.625,93,333.0,9.800000000000011,above,5-10 K,0.883183,0.10571624,0.011100746,0.0037667402,0.46254635,0.53368694
no,1-butyl-4-methylpyridinium tetrafluoroborate,CCCC[n+]1ccc(C)cc1.F[B-](F)(F)F,[C4MPy][BF4],n-propylbenzene,CCCc1ccccc1,aromatic,n-dodecane,CCCCCCCCCCCC,alkane,0.7953,0.1964,0.0083,0.0,0.4621,0.5379,101.325,0.75,93,333.0,9.800000000000011,above,5-10 K,0.863995,0.123259895,0.0127450265,0.004086024,0.4924585,0.50345546
no,1-butyl-4-methylpyridinium tetrafluoroborate,CCCC[n+]1ccc(C)cc1.F[B-](F)(F)F,[C4MPy][BF4],n-propylbenzene,CCCc1ccccc1,aromatic,n-dodecane,CCCCCCCCCCCC,alkane,0.7718,0.2196,0.0086,0.0,0.4951,0.5049,101.325,0.875,93,333.0,9.800000000000011,above,5-10 K,0.8415782,0.14378546,0.014636357,0.0044206115,0.5239184,0.471661
no,1-butyl-4-methylpyridinium tetrafluoroborate,CCCC[n+]1ccc(C)cc1.F[B-](F)(F)F,[C4MPy][BF4],n-propylbenzene,CCCc1ccccc1,aromatic,n-dodecane,CCCCCCCCCCCC,alkane,0.7383,0.2528,0.0089,0.0,0.5528,0.4472,101.325,1.0,93,333.0,9.800000000000011,above,5-10 K,0.8181195,0.16528206,0.01659839,0.0047246967,0.5517134,0.44356185
no,1-butyl-4-methylpyridinium tetrafluoroborate,CCCC[n+]1ccc(C)cc1.F[B-](F)(F)F,[C4MPy][BF4],n-propylbenzene,CCCc1ccccc1,aromatic,n-tetradecane,CCCCCCCCCCCCCC,alkane,0.9581,0.0382,0.0037,0.0,0.1211,0.8789,101.325,0.0,96,333.0,9.800000000000011,above,5-10 K,0.9439977,0.05053682,0.0054655652,0.0024556208,0.33201513,0.66552925
no,1-butyl-4-methylpyridinium tetrafluoroborate,CCCC[n+]1ccc(C)cc1.F[B-](F)(F)F,[C4MPy][BF4],n-propylbenzene,CCCc1ccccc1,aromatic,n-tetradecane,CCCCCCCCCCCCCC,alkane,0.92550004,0.07060001,0.0039000001,0.0,0.2179,0.7821,101.325,0.11111111,96,333.0,9.800000000000011,above,5-10 K,0.93561655,0.058171384,0.00621198,0.0026625865,0.3551572,0.64218014
no,1-butyl-4-methylpyridinium tetrafluoroborate,CCCC[n+]1ccc(C)cc1.F[B-](F)(F)F,[C4MPy][BF4],n-propylbenzene,CCCc1ccccc1,aromatic,n-tetradecane,CCCCCCCCCCCCCC,alkane,0.8952,0.1005,0.0043,0.0,0.2957,0.7043,101.325,0.22222222,96,333.0,9.800000000000011,above,5-10 K,0.9260942,0.06685415,0.007051728,0.0028800413,0.3789137,0.61820626
no,1-butyl-4-methylpyridinium tetrafluoroborate,CCCC[n+]1ccc(C)cc1.F[B-](F)(F)F,[C4MPy][BF4],n-propylbenzene,CCCc1ccccc1,aromatic,n-tetradecane,CCCCCCCCCCCCCC,alkane,0.8725,0.1231,0.0044,0.0,0.3619,0.6381,101.325,0.33333334,96,333.0,9.800000000000011,above,5-10 K,0.9152587,0.0767467,0.007994467,0.0031056309,0.40334105,0.59355336
no,1-butyl-4-methylpyridinium tetrafluoroborate,CCCC[n+]1ccc(C)cc1.F[B-](F)(F)F,[C4MPy][BF4],n-propylbenzene,CCCc1ccccc1,aromatic,n-tetradecane,CCCCCCCCCCCCCC,alkane,0.84790003,0.14750001,0.0046000006,0.0,0.4156,0.5844,101.325,0.44444445,96,333.0,9.800000000000011,above,5-10 K,0.90299666,0.08795351,0.009049753,0.0033415672,0.42821887,0.56843954
no,1-butyl-4-methylpyridinium tetrafluoroborate,CCCC[n+]1ccc(C)cc1.F[B-](F)(F)F,[C4MPy][BF4],n-propylbenzene,CCCc1ccccc1,aromatic,n-tetradecane,CCCCCCCCCCCCCC,alkane,0.8259,0.1694,0.0047,0.0,0.4614,0.5386,101.325,0.5555556,96,333.0,9.800000000000011,above,5-10 K,0.88989633,0.0999413,0.010162324,0.0035467313,0.45227486,0.5441785
no,1-butyl-4-methylpyridinium tetrafluoroborate,CCCC[n+]1ccc(C)cc1.F[B-](F)(F)F,[C4MPy][BF4],n-propylbenzene,CCCc1ccccc1,aromatic,n-tetradecane,CCCCCCCCCCCCCC,alkane,0.8028,0.1923,0.0049,0.0,0.4999,0.5001,101.325,0.6666667,96,333.0,9.800000000000011,above,5-10 K,0.8744906,0.11405556,0.011453844,0.0037937276,0.47762313,0.5185832
no,1-butyl-4-methylpyridinium tetrafluoroborate,CCCC[n+]1ccc(C)cc1.F[B-](F)(F)F,[C4MPy][BF4],n-propylbenzene,CCCc1ccccc1,aromatic,n-tetradecane,CCCCCCCCCCCCCC,alkane,0.7753,0.2192,0.0055,0.0,0.5318,0.4682,101.325,0.7777778,96,333.0,9.800000000000011,above,5-10 K,0.8571546,0.12995324,0.012892189,0.004048398,0.5031963,0.49275532
no,1-butyl-4-methylpyridinium tetrafluoroborate,CCCC[n+]1ccc(C)cc1.F[B-](F)(F)F,[C4MPy][BF4],n-propylbenzene,CCCc1ccccc1,aromatic,n-tetradecane,CCCCCCCCCCCCCC,alkane,0.7445,0.2496,0.0059,0.0,0.5895,0.4105,101.325,0.8888889,96,333.0,9.800000000000011,above,5-10 K,0.8379764,0.14756277,0.014460821,0.0043071024,0.5285209,0.46717203
no,1-butyl-4-methylpyridinium tetrafluoroborate,CCCC[n+]1ccc(C)cc1.F[B-](F)(F)F,[C4MPy][BF4],n-propylbenzene,CCCc1ccccc1,aromatic,n-tetradecane,CCCCCCCCCCCCCC,alkane,0.7109,0.2825,0.0066,0.0,0.6336,0.3664,101.325,1.0,96,333.0,9.800000000000011,above,5-10 K,0.8174323,0.16645993,0.016107766,0.0045313407,0.55311036,0.44235831
no,1-butyl-4-methylpyridinium tetrafluoroborate,CCCC[n+]1ccc(C)cc1.F[B-](F)(F)F,[C4MPy][BF4],n-propylbenzene,CCCc1ccccc1,aromatic,n-hexadecane,CCCCCCCCCCCCCCCC,alkane,0.9565,0.0407,0.0028,0.0,0.1342,0.8658,101.325,0.0,99,333.0,9.800000000000011,above,5-10 K,0.94627386,0.04858563,0.0051405244,0.0022819715,0.3226846,0.67503345
no,1-butyl-4-methylpyridinium tetrafluoroborate,CCCC[n+]1ccc(C)cc1.F[B-](F)(F)F,[C4MPy][BF4],n-propylbenzene,CCCc1ccccc1,aromatic,n-hexadecane,CCCCCCCCCCCCCCCC,alkane,0.9228,0.0744,0.0028,0.0,0.2392,0.7608,101.325,0.11111111,99,333.0,9.800000000000011,above,5-10 K,0.9381758,0.055976868,0.0058472874,0.0024781565,0.34576416,0.65175766
no,1-butyl-4-methylpyridinium tetrafluoroborate,CCCC[n+]1ccc(C)cc1.F[B-](F)(F)F,[C4MPy][BF4],n-propylbenzene,CCCc1ccccc1,aromatic,n-hexadecane,CCCCCCCCCCCCCCCC,alkane,0.8951,0.102,0.0029,0.0,0.3236,0.6764,101.325,0.22222222,99,333.0,9.800000000000011,above,5-10 K,0.9289262,0.064429395,0.006644449,0.002683551,0.36961025,0.6277062
no,1-butyl-4-methylpyridinium tetrafluoroborate,CCCC[n+]1ccc(C)cc1.F[B-](F)(F)F,[C4MPy][BF4],n-propylbenzene,CCCc1ccccc1,aromatic,n-hexadecane,CCCCCCCCCCCCCCCC,alkane,0.8698,0.1272,0.003,0.0,0.3915,0.6085,101.325,0.33333334,99,333.0,9.800000000000011,above,5-10 K,0.9183875,0.07406918,0.0075433548,0.0028990118,0.39416364,0.60293734
no,1-butyl-4-methylpyridinium tetrafluoroborate,CCCC[n+]1ccc(C)cc1.F[B-](F)(F)F,[C4MPy][BF4],n-propylbenzene,CCCc1ccccc1,aromatic,n-hexadecane,CCCCCCCCCCCCCCCC,alkane,0.8454,0.1513,0.0033,0.0,0.447,0.553,101.325,0.44444445,99,333.0,9.800000000000011,above,5-10 K,0.9074535,0.08400388,0.0085425675,0.0031923319,0.41474703,0.5820606
no,1-butyl-4-methylpyridinium tetrafluoroborate,CCCC[n+]1ccc(C)cc1.F[B-](F)(F)F,[C4MPy][BF4],n-propylbenzene,CCCc1ccccc1,aromatic,n-hexadecane,CCCCCCCCCCCCCCCC,alkane,0.8225,0.1741,0.0034,0.0,0.4932,0.5068,101.325,0.5555556,99,333.0,9.800000000000011,above,5-10 K,0.89489174,0.09546071,0.00964755,0.0034580745,0.4375487,0.5589932
no,1-butyl-4-methylpyridinium tetrafluoroborate,CCCC[n+]1ccc(C)cc1.F[B-](F)(F)F,[C4MPy][BF4],n-propylbenzene,CCCc1ccccc1,aromatic,n-hexadecane,CCCCCCCCCCCCCCCC,alkane,0.8025,0.1939,0.0036,0.0,0.5329,0.4671,101.325,0.6666667,99,333.0,9.800000000000011,above,5-10 K,0.8800955,0.10902018,0.010884397,0.0037048927,0.46285135,0.53344375
no,1-butyl-4-methylpyridinium tetrafluoroborate,CCCC[n+]1ccc(C)cc1.F[B-](F)(F)F,[C4MPy][BF4],n-propylbenzene,CCCc1ccccc1,aromatic,n-hexadecane,CCCCCCCCCCCCCCCC,alkane,0.7867,0.2095,0.0038,0.0,0.5678,0.4322,101.325,0.7777778,99,333.0,9.800000000000011,above,5-10 K,0.86374307,0.12402467,0.012232287,0.0039535374,0.48785236,0.5081941
no,1-butyl-4-methylpyridinium tetrafluoroborate,CCCC[n+]1ccc(C)cc1.F[B-](F)(F)F,[C4MPy][BF4],n-propylbenzene,CCCc1ccccc1,aromatic,n-hexadecane,CCCCCCCCCCCCCCCC,alkane,0.7517,0.2443,0.004,0.0,0.6227,0.3773,101.325,0.8888889,99,333.0,9.800000000000011,above,5-10 K,0.8458567,0.14045532,0.013687968,0.0042033615,0.51231486,0.48348173
no,1-butyl-4-methylpyridinium tetrafluoroborate,CCCC[n+]1ccc(C)cc1.F[B-](F)(F)F,[C4MPy][BF4],n-propylbenzene,CCCc1ccccc1,aromatic,n-hexadecane,CCCCCCCCCCCCCCCC,alkane,0.7135,0.2823,0.0042,0.0,0.664,0.336,101.325,1.0,99,333.0,9.800000000000011,above,5-10 K,0.8254484,0.15922336,0.015328233,0.004466294,0.53770983,0.4578239
no,1-butyl-4-methylpyridinium tetrafluoroborate,CCCC[n+]1ccc(C)cc1.F[B-](F)(F)F,[C4MPy][BF4],n-propylbenzene,CCCc1ccccc1,aromatic,n-heptadecane,CCCCCCCCCCCCCCCCC,alkane,0.9572,0.0405,0.0023,0.0,0.1409,0.8591,101.325,0.0,102,333.0,9.800000000000011,above,5-10 K,0.9479795,0.047013152,0.0050074016,0.0022866176,0.31273252,0.68498087
no,1-butyl-4-methylpyridinium tetrafluoroborate,CCCC[n+]1ccc(C)cc1.F[B-](F)(F)F,[C4MPy][BF4],n-propylbenzene,CCCc1ccccc1,aromatic,n-heptadecane,CCCCCCCCCCCCCCCCC,alkane,0.9243,0.0733,0.0024,0.0,0.25,0.75,101.325,0.125,102,333.0,9.800000000000011,above,5-10 K,0.93937516,0.054864235,0.005760635,0.0024962083,0.33750686,0.65999687
no,1-butyl-4-methylpyridinium tetrafluoroborate,CCCC[n+]1ccc(C)cc1.F[B-](F)(F)F,[C4MPy][BF4],n-propylbenzene,CCCc1ccccc1,aromatic,n-heptadecane,CCCCCCCCCCCCCCCCC,alkane,0.8963,0.1012,0.0025,0.0,0.3361,0.6639,101.325,0.25,102,333.0,9.800000000000011,above,5-10 K,0.9292791,0.06408669,0.0066341874,0.0027236678,0.36358622,0.6336901
no,1-butyl-4-methylpyridinium tetrafluoroborate,CCCC[n+]1ccc(C)cc1.F[B-](F)(F)F,[C4MPy][BF4],n-propylbenzene,CCCc1ccccc1,aromatic,n-heptadecane,CCCCCCCCCCCCCCCCC,alkane,0.8717,0.1257,0.0026,0.0,0.4053,0.5947,101.325,0.375,102,333.0,9.800000000000011,above,5-10 K,0.91745377,0.074902885,0.0076433555,0.0029702296,0.39090824,0.60612154
no,1-butyl-4-methylpyridinium tetrafluoroborate,CCCC[n+]1ccc(C)cc1.F[B-](F)(F)F,[C4MPy][BF4],n-propylbenzene,CCCc1ccccc1,aromatic,n-heptadecane,CCCCCCCCCCCCCCCCC,alkane,0.8485,0.1488,0.0027,0.0,0.4615,0.5385,101.325,0.5,102,333.0,9.800000000000011,above,5-10 K,0.90153015,0.089554265,0.0089155305,0.0032593354,0.42885032,0.56789035
no,1-butyl-4-methylpyridinium tetrafluoroborate,CCCC[n+]1ccc(C)cc1.F[B-](F)(F)F,[C4MPy][BF4],n-propylbenzene,CCCc1ccccc1,aromatic,n-heptadecane,CCCCCCCCCCCCCCCCC,alkane,0.8261,0.1711,0.0028,0.0,0.5079,0.4921,101.325,0.625,102,333.0,9.800000000000011,above,5-10 K,0.8845228,0.105196685,0.010280478,0.0035171162,0.46266454,0.53381836
no,1-butyl-4-methylpyridinium tetrafluoroborate,CCCC[n+]1ccc(C)cc1.F[B-](F)(F)F,[C4MPy][BF4],n-propylbenzene,CCCc1ccccc1,aromatic,n-heptadecane,CCCCCCCCCCCCCCCCC,alkane,0.8032,0.1939,0.0029,0.0,0.5464,0.4536,101.325,0.75,102,333.0,9.800000000000011,above,5-10 K,0.86608356,0.12215139,0.01176514,0.003791041,0.49191839,0.5042906
no,1-butyl-4-methylpyridinium tetrafluoroborate,CCCC[n+]1ccc(C)cc1.F[B-](F)(F)F,[C4MPy][BF4],n-propylbenzene,CCCc1ccccc1,aromatic,n-heptadecane,CCCCCCCCCCCCCCCCC,alkane,0.7873,0.2097,0.003,0.0,0.581,0.419,101.325,0.875,102,333.0,9.800000000000011,above,5-10 K,0.8453663,0.14122659,0.013407085,0.004064945,0.5211388,0.47479627
no,1-butyl-4-methylpyridinium tetrafluoroborate,CCCC[n+]1ccc(C)cc1.F[B-](F)(F)F,[C4MPy][BF4],n-propylbenzene,CCCc1ccccc1,aromatic,n-heptadecane,CCCCCCCCCCCCCCCCC,alkane,0.75890005,0.23800002,0.0031000003,0.0,0.6368,0.3632,101.325,1.0,102,333.0,9.800000000000011,above,5-10 K,0.8222684,0.16252454,0.015207057,0.004335497,0.5501489,0.44551563
no,1-butyl-4-methylpyridinium tetrafluoroborate,CCCC[n+]1ccc(C)cc1.F[B-](F)(F)F,[C4MPy][BF4],n-butylbenzene,CCCCc1ccccc1,aromatic,n-dodecane,CCCCCCCCCCCC,alkane,0.9648,0.0274,0.0078,0.0,0.0956,0.9044,101.325,0.0,105,333.0,9.800000000000011,above,5-10 K,0.952761,0.0420225,0.0052165086,0.0024309736,0.36087984,0.6366892
no,1-butyl-4-methylpyridinium tetrafluoroborate,CCCC[n+]1ccc(C)cc1.F[B-](F)(F)F,[C4MPy][BF4],n-butylbenzene,CCCCc1ccccc1,aromatic,n-dodecane,CCCCCCCCCCCC,alkane,0.94,0.0524,0.0076,1e-04,0.1755,0.8244,101.325,0.07692308,105,333.0,9.800000000000011,above,5-10 K,0.94815654,0.046163075,0.00568043,0.0025602824,0.37529916,0.6221406
no,1-butyl-4-methylpyridinium tetrafluoroborate,CCCC[n+]1ccc(C)cc1.F[B-](F)(F)F,[C4MPy][BF4],n-butylbenzene,CCCCc1ccccc1,aromatic,n-dodecane,CCCCCCCCCCCC,alkane,0.9172,0.0754,0.0074,1e-04,0.2436,0.7563,101.325,0.15384616,105,333.0,9.800000000000011,above,5-10 K,0.9432236,0.050603714,0.0061726756,0.002690976,0.38935426,0.6079548
no,1-butyl-4-methylpyridinium tetrafluoroborate,CCCC[n+]1ccc(C)cc1.F[B-](F)(F)F,[C4MPy][BF4],n-butylbenzene,CCCCc1ccccc1,aromatic,n-dodecane,CCCCCCCCCCCC,alkane,0.8963,0.0964,0.0073,0.0002,0.3015,0.6983,101.325,0.23076923,105,333.0,9.800000000000011,above,5-10 K,0.93760514,0.055662364,0.006732404,0.0028334316,0.40481472,0.5923518
no,1-butyl-4-methylpyridinium tetrafluoroborate,CCCC[n+]1ccc(C)cc1.F[B-](F)(F)F,[C4MPy][BF4],n-butylbenzene,CCCCc1ccccc1,aromatic,n-dodecane,CCCCCCCCCCCC,alkane,0.8772,0.1157,0.0071,0.0003,0.3515,0.6482,101.325,0.30769232,105,333.0,9.800000000000011,above,5-10 K,0.9314838,0.06118036,0.007335902,0.0029790667,0.42042345,0.57659745
no,1-butyl-4-methylpyridinium tetrafluoroborate,CCCC[n+]1ccc(C)cc1.F[B-](F)(F)F,[C4MPy][BF4],n-butylbenzene,CCCCc1ccccc1,aromatic,n-dodecane,CCCCCCCCCCCC,alkane,0.8595,0.1335,0.007,0.0003,0.3949,0.6048,101.325,0.3846154,105,333.0,9.800000000000011,above,5-10 K,0.9244705,0.067502245,0.008027297,0.0032666316,0.43191585,0.5648175
no,1-butyl-4-methylpyridinium tetrafluoroborate,CCCC[n+]1ccc(C)cc1.F[B-](F)(F)F,[C4MPy][BF4],n-butylbenzene,CCCCc1ccccc1,aromatic,n-dodecane,CCCCCCCCCCCC,alkane,0.8431,0.15,0.0069,0.0005,0.433,0.5665,101.325,0.46153846,105,333.0,9.800000000000011,above,5-10 K,0.9168666,0.07434347,0.008789924,0.0037080164,0.43860364,0.55768836
no,1-butyl-4-methylpyridinium tetrafluoroborate,CCCC[n+]1ccc(C)cc1.F[B-](F)(F)F,[C4MPy][BF4],n-butylbenzene,CCCCc1ccccc1,aromatic,n-dodecane,CCCCCCCCCCCC,alkane,0.828,0.1652,0.0068,0.0006,0.4666,0.5328,101.325,0.53846157,105,333.0,9.800000000000011,above,5-10 K,0.90898174,0.08146583,0.009552419,0.003889858,0.4543356,0.5417745
no,1-butyl-4-methylpyridinium tetrafluoroborate,CCCC[n+]1ccc(C)cc1.F[B-](F)(F)F,[C4MPy][BF4],n-butylbenzene,CCCCc1ccccc1,aromatic,n-dodecane,CCCCCCCCCCCC,alkane,0.8138,0.1796,0.0066,0.0009,0.4967,0.5024,101.325,0.61538464,105,333.0,9.800000000000011,above,5-10 K,0.90045315,0.08917605,0.010370796,0.0040743793,0.47009632,0.52582926
no,1-butyl-4-methylpyridinium tetrafluoroborate,CCCC[n+]1ccc(C)cc1.F[B-](F)(F)F,[C4MPy][BF4],n-butylbenzene,CCCCc1ccccc1,aromatic,n-dodecane,CCCCCCCCCCCC,alkane,0.8005,0.193,0.0065,0.0009,0.5238,0.4753,101.325,0.6923077,105,333.0,9.800000000000011,above,5-10 K,0.8907983,0.097908705,0.011293083,0.0044550034,0.48256955,0.5129754
no,1-butyl-4-methylpyridinium tetrafluoroborate,CCCC[n+]1ccc(C)cc1.F[B-](F)(F)F,[C4MPy][BF4],n-butylbenzene,CCCCc1ccccc1,aromatic,n-dodecane,CCCCCCCCCCCC,alkane,0.7877,0.2059,0.0064,0.0011,0.5487,0.4502,101.325,0.7692308,105,333.0,9.800000000000011,above,5-10 K,0.88026035,0.107436165,0.012303538,0.0050717453,0.49103013,0.5038981
no,1-butyl-4-methylpyridinium tetrafluoroborate,CCCC[n+]1ccc(C)cc1.F[B-](F)(F)F,[C4MPy][BF4],n-butylbenzene,CCCCc1ccccc1,aromatic,n-dodecane,CCCCCCCCCCCC,alkane,0.776,0.2177,0.0063,0.0014,0.5706,0.428,101.325,0.84615386,105,333.0,9.800000000000011,above,5-10 K,0.86952394,0.11716599,0.013310041,0.0052981987,0.5066951,0.48800674
no,1-butyl-4-methylpyridinium tetrafluoroborate,CCCC[n+]1ccc(C)cc1.F[B-](F)(F)F,[C4MPy][BF4],n-butylbenzene,CCCCc1ccccc1,aromatic,n-dodecane,CCCCCCCCCCCC,alkane,0.7649,0.2289,0.0062,0.0016,0.5908,0.4076,101.325,0.9230769,105,333.0,9.800000000000011,above,5-10 K,0.85803443,0.12758397,0.014381539,0.0055287587,0.5221745,0.47229677
no,1-butyl-4-methylpyridinium tetrafluoroborate,CCCC[n+]1ccc(C)cc1.F[B-](F)(F)F,[C4MPy][BF4],n-butylbenzene,CCCCc1ccccc1,aromatic,n-dodecane,CCCCCCCCCCCC,alkane,0.7544,0.2395,0.0061,0.0019,0.6092,0.3889,101.325,1.0,105,333.0,9.800000000000011,above,5-10 K,0.84554416,0.13924864,0.015207229,0.004905892,0.5557303,0.43936384
,1-butyl-3-methylimidazolium dicyanamide,CCCCn1cc[n+](C)c1.N#CN=C=[N-],[BMIm][N(CN)2],toluene,Cc1ccccc1,aromatic,n-heptane,CCCCCCC,alkane,0.981,0.0,0.019,0.001,0.0,0.999,101.325,0.0,120,328.15,4.949999999999989,above,0-5 K,0.93712646,0.05916812,0.003705412,0.0020653997,0.30707064,0.69086397
,1-butyl-3-methylimidazolium dicyanamide,CCCCn1cc[n+](C)c1.N#CN=C=[N-],[BMIm][N(CN)2],toluene,Cc1ccccc1,aromatic,n-heptane,CCCCCCC,alkane,0.944,0.039,0.017,0.001,0.07,0.929,101.325,0.16666667,120,328.15,4.949999999999989,above,0-5 K,0.9215447,0.07392219,0.004533078,0.0023536033,0.34793973,0.64970666
,1-butyl-3-methylimidazolium dicyanamide,CCCCn1cc[n+](C)c1.N#CN=C=[N-],[BMIm][N(CN)2],toluene,Cc1ccccc1,aromatic,n-heptane,CCCCCCC,alkane,0.901,0.084,0.015,0.001,0.163,0.836,101.325,0.33333334,120,328.15,4.949999999999989,above,0-5 K,0.9025246,0.091955565,0.005519922,0.0026492,0.39142784,0.60592294
,1-butyl-3-methylimidazolium dicyanamide,CCCCn1cc[n+](C)c1.N#CN=C=[N-],[BMIm][N(CN)2],toluene,Cc1ccccc1,aromatic,n-heptane,CCCCCCC,alkane,0.838,0.15,0.012,0.001,0.318,0.681,101.325,0.5,120,328.15,4.949999999999989,above,0-5 K,0.879581,0.11373446,0.006684514,0.0029435607,0.43691888,0.5601375
,1-butyl-3-methylimidazolium dicyanamide,CCCCn1cc[n+](C)c1.N#CN=C=[N-],[BMIm][N(CN)2],toluene,Cc1ccccc1,aromatic,n-heptane,CCCCCCC,alkane,0.778,0.213,0.009,0.001,0.492,0.507,101.325,0.6666667,120,328.15,4.949999999999989,above,0-5 K,0.8518961,0.14003932,0.008064613,0.003269053,0.48298323,0.5137477
,1-butyl-3-methylimidazolium dicyanamide,CCCCn1cc[n+](C)c1.N#CN=C=[N-],[BMIm][N(CN)2],toluene,Cc1ccccc1,aromatic,n-heptane,CCCCCCC,alkane,0.698,0.295,0.007,0.001,0.705,0.294,101.325,0.8333333,120,328.15,4.949999999999989,above,0-5 K,0.8190701,0.17126234,0.009667511,0.0035969098,0.5293914,0.46701172
,1-butyl-3-methylimidazolium dicyanamide,CCCCn1cc[n+](C)c1.N#CN=C=[N-],[BMIm][N(CN)2],toluene,Cc1ccccc1,aromatic,n-heptane,CCCCCCC,alkane,0.533,0.467,0.0,0.001,0.999,0.0,101.325,1.0,120,328.15,4.949999999999989,above,0-5 K,0.77622867,0.21202895,0.011742363,0.0039700423,0.5760999,0.4199301
,3-methyl-N-butylpyridinium dicyanamide,CCCC[n+]1cccc(C)c1.N#CN=C=[N-],[C4MPy][N(CN)2],benzene,c1ccccc1,aromatic,n-hexane,CCCCCC,alkane,0.97,0.0,0.03,0.001,0.0,0.999,101.325,0.0,122,328.15,4.949999999999989,above,0-5 K,0.82331085,0.16714245,0.00954672,0.0034769813,0.27115116,0.72537184
,3-methyl-N-butylpyridinium dicyanamide,CCCC[n+]1cccc(C)c1.N#CN=C=[N-],[C4MPy][N(CN)2],benzene,c1ccccc1,aromatic,n-hexane,CCCCCC,alkane,0.885,0.09,0.025,0.001,0.081,0.918,101.325,0.11111111,122,328.15,4.949999999999989,above,0-5 K,0.799942,0.18937059,0.010687422,0.0037681172,0.29805022,0.6981816
,3-methyl-N-butylpyridinium dicyanamide,CCCC[n+]1cccc(C)c1.N#CN=C=[N-],[C4MPy][N(CN)2],benzene,c1ccccc1,aromatic,n-hexane,CCCCCC,alkane,0.829,0.147,0.024,0.001,0.148,0.851,101.325,0.22222222,122,328.15,4.949999999999989,above,0-5 K,0.77459836,0.21350826,0.011893353,0.0040292568,0.32647926,0.66949147
,3-methyl-N-butylpyridinium dicyanamide,CCCC[n+]1cccc(C)c1.N#CN=C=[N-],[C4MPy][N(CN)2],benzene,c1ccccc1,aromatic,n-hexane,CCCCCC,alkane,0.752,0.222,0.026,0.0,0.237,0.763,101.325,0.33333334,122,328.15,4.949999999999989,above,0-5 K,0.74638003,0.24037713,0.013242834,0.0043716524,0.35618356,0.6394448
,3-methyl-N-butylpyridinium dicyanamide,CCCC[n+]1cccc(C)c1.N#CN=C=[N-],[C4MPy][N(CN)2],benzene,c1ccccc1,aromatic,n-hexane,CCCCCC,alkane,0.694,0.283,0.023,0.0,0.331,0.669,101.325,0.44444445,122,328.15,4.949999999999989,above,0-5 K,0.7159971,0.26932326,0.014679623,0.004722471,0.38693175,0.6083458
,3-methyl-N-butylpyridinium dicyanamide,CCCC[n+]1cccc(C)c1.N#CN=C=[N-],[C4MPy][N(CN)2],benzene,c1ccccc1,aromatic,n-hexane,CCCCCC,alkane,0.633,0.345,0.022,0.001,0.432,0.567,101.325,0.5555556,122,328.15,4.949999999999989,above,0-5 K,0.68504244,0.29875416,0.016203437,0.0056091263,0.414364,0.58002687
,3-methyl-N-butylpyridinium dicyanamide,CCCC[n+]1cccc(C)c1.N#CN=C=[N-],[C4MPy][N(CN)2],benzene,c1ccccc1,aromatic,n-hexane,CCCCCC,alkane,0.565,0.414,0.021,0.001,0.545,0.454,101.325,0.6666667,122,328.15,4.949999999999989,above,0-5 K,0.65249544,0.32970774,0.017796794,0.006319606,0.44402495,0.5496555
,3-methyl-N-butylpyridinium dicyanamide,CCCC[n+]1cccc(C)c1.N#CN=C=[N-],[C4MPy][N(CN)2],benzene,c1ccccc1,aromatic,n-hexane,CCCCCC,alkane,0.56,0.42,0.02,0.001,0.641,0.358,101.325,0.7777778,122,328.15,4.949999999999989,above,0-5 K,0.61709565,0.36347634,0.019428065,0.0067364117,0.47627982,0.5169838
,3-methyl-N-butylpyridinium dicyanamide,CCCC[n+]1cccc(C)c1.N#CN=C=[N-],[C4MPy][N(CN)2],benzene,c1ccccc1,aromatic,n-hexane,CCCCCC,alkane,0.448,0.536,0.016,0.0,0.761,0.239,101.325,0.8888889,122,328.15,4.949999999999989,above,0-5 K,0.580666,0.3982548,0.021079171,0.0071453927,0.5084106,0.48444405
,3-methyl-N-butylpyridinium dicyanamide,CCCC[n+]1cccc(C)c1.N#CN=C=[N-],[C4MPy][N(CN)2],benzene,c1ccccc1,aromatic,n-hexane,CCCCCC,alkane,0.3,0.7,0.0,0.001,0.999,0.0,101.325,1.0,122,328.15,4.949999999999989,above,0-5 K,0.54328233,0.43396726,0.022750381,0.0075451424,0.54044795,0.4520069
,3-methyl-N-butylpyridinium dicyanamide,CCCC[n+]1cccc(C)c1.N#CN=C=[N-],[C4MPy][N(CN)2],toluene,Cc1ccccc1,aromatic,n-heptane,CCCCCCC,alkane,0.978,0.0,0.022,0.001,0.0,0.999,101.325,0.0,124,328.15,4.949999999999989,above,0-5 K,0.9070977,0.08762423,0.005277996,0.0030480283,0.27485144,0.72210056
,3-methyl-N-butylpyridinium dicyanamide,CCCC[n+]1cccc(C)c1.N#CN=C=[N-],[C4MPy][N(CN)2],toluene,Cc1ccccc1,aromatic,n-heptane,CCCCCCC,alkane,0.927,0.051,0.022,0.001,0.071,0.928,101.325,0.2,124,328.15,4.949999999999989,above,0-5 K,0.88093424,0.11244208,0.0066237533,0.0035763104,0.32218465,0.674239
,3-methyl-N-butylpyridinium dicyanamide,CCCC[n+]1cccc(C)c1.N#CN=C=[N-],[C4MPy][N(CN)2],toluene,Cc1ccccc1,aromatic,n-heptane,CCCCCCC,alkane,0.886,0.093,0.021,0.001,0.141,0.858,101.325,0.4,124,328.15,4.949999999999989,above,0-5 K,0.84987414,0.14197958,0.008146235,0.003933816,0.3741907,0.6218755
,3-methyl-N-butylpyridinium dicyanamide,CCCC[n+]1cccc(C)c1.N#CN=C=[N-],[C4MPy][N(CN)2],toluene,Cc1ccccc1,aromatic,n-heptane,CCCCCCC,alkane,0.802,0.177,0.021,0.001,0.291,0.708,101.325,0.6,124,328.15,4.949999999999989,above,0-5 K,0.811262,0.17872849,0.010009463,0.0043899887,0.42935362,0.5662564
,3-methyl-N-butylpyridinium dicyanamide,CCCC[n+]1cccc(C)c1.N#CN=C=[N-],[C4MPy][N(CN)2],toluene,Cc1ccccc1,aromatic,n-heptane,CCCCCCC,alkane,0.70100003,0.28000003,0.019000001,0.001,0.445,0.554,101.325,0.8,124,328.15,4.949999999999989,above,0-5 K,0.7647995,0.22298148,0.012219036,0.004956313,0.48548955,0.50955415
,3-methyl-N-butylpyridinium dicyanamide,CCCC[n+]1cccc(C)c1.N#CN=C=[N-],[C4MPy][N(CN)2],toluene,Cc1ccccc1,aromatic,n-heptane,CCCCCCC,alkane,0.57500005,0.40600002,0.019000001,0.001,0.734,0.265,101.325,1.0,124,328.15,4.949999999999989,above,0-5 K,0.71104646,0.27424157,0.014712037,0.0055203484,0.5417547,0.45272493
,3-methyl-N-butylpyridinium dicyanamide,CCCC[n+]1cccc(C)c1.N#CN=C=[N-],[C4MPy][N(CN)2],p-xylene,Cc1ccc(C)cc1,aromatic,n-hexane,CCCCCC,alkane,0.974,0.0,0.026,0.0,0.0,1.0,101.325,0.0,126,328.15,4.949999999999989,above,0-5 K,0.915796,0.07921212,0.0049918336,0.0028298604,0.29615447,0.70101565
,3-methyl-N-butylpyridinium dicyanamide,CCCC[n+]1cccc(C)c1.N#CN=C=[N-],[C4MPy][N(CN)2],p-xylene,Cc1ccc(C)cc1,aromatic,n-hexane,CCCCCC,alkane,0.939,0.034,0.027,0.0,0.071,0.929,101.325,0.1,126,328.15,4.949999999999989,above,0-5 K,0.9044954,0.089904815,0.005599715,0.003061058,0.31974533,0.67719364
,3-methyl-N-butylpyridinium dicyanamide,CCCC[n+]1cccc(C)c1.N#CN=C=[N-],[C4MPy][N(CN)2],p-xylene,Cc1ccc(C)cc1,aromatic,n-hexane,CCCCCC,alkane,0.901,0.071,0.028,0.0,0.145,0.855,101.325,0.2,126,328.15,4.949999999999989,above,0-5 K,0.89181644,0.101908185,0.0062754476,0.0033033562,0.34431088,0.6523857
,3-methyl-N-butylpyridinium dicyanamide,CCCC[n+]1cccc(C)c1.N#CN=C=[N-],[C4MPy][N(CN)2],p-xylene,Cc1ccc(C)cc1,aromatic,n-hexane,CCCCCC,alkane,0.87600005,0.09900001,0.025000002,0.0,0.226,0.774,101.325,0.3,126,328.15,4.949999999999989,above,0-5 K,0.87621516,0.11666644,0.007118356,0.0036009867,0.3701968,0.62620217
,3-methyl-N-butylpyridinium dicyanamide,CCCC[n+]1cccc(C)c1.N#CN=C=[N-],[C4MPy][N(CN)2],p-xylene,Cc1ccc(C)cc1,aromatic,n-hexane,CCCCCC,alkane,0.841,0.135,0.024,0.0,0.322,0.678,101.325,0.4,126,328.15,4.949999999999989,above,0-5 K,0.85960346,0.13239753,0.007999062,0.003887634,0.39645022,0.5996621
,3-methyl-N-butylpyridinium dicyanamide,CCCC[n+]1cccc(C)c1.N#CN=C=[N-],[C4MPy][N(CN)2],p-xylene,Cc1ccc(C)cc1,aromatic,n-hexane,CCCCCC,alkane,0.816,0.162,0.022,0.0,0.395,0.605,101.325,0.5,126,328.15,4.949999999999989,above,0-5 K,0.8420966,0.14899895,0.008904412,0.0041557383,0.42304567,0.57279855
,3-methyl-N-butylpyridinium dicyanamide,CCCC[n+]1cccc(C)c1.N#CN=C=[N-],[C4MPy][N(CN)2],p-xylene,Cc1ccc(C)cc1,aromatic,n-hexane,CCCCCC,alkane,0.761,0.216,0.023,0.0,0.504,0.496,101.325,0.6,126,328.15,4.949999999999989,above,0-5 K,0.82340056,0.16676714,0.009832316,0.0043206895,0.45065746,0.54502183
,3-methyl-N-butylpyridinium dicyanamide,CCCC[n+]1cccc(C)c1.N#CN=C=[N-],[C4MPy][N(CN)2],p-xylene,Cc1ccc(C)cc1,aromatic,n-hexane,CCCCCC,alkane,0.723,0.259,0.018,0.0,0.639,0.361,101.325,0.7,126,328.15,4.949999999999989,above,0-5 K,0.80243087,0.18668115,0.010887979,0.004588301,0.47795245,0.5174592
,3-methyl-N-butylpyridinium dicyanamide,CCCC[n+]1cccc(C)c1.N#CN=C=[N-],[C4MPy][N(CN)2],p-xylene,Cc1ccc(C)cc1,aromatic,n-hexane,CCCCCC,alkane,0.712,0.274,0.014,0.0,0.735,0.265,101.325,0.8,126,328.15,4.949999999999989,above,0-5 K,0.77973527,0.20825174,0.01201296,0.00485421,0.5052362,0.48990953
,3-methyl-N-butylpyridinium dicyanamide,CCCC[n+]1cccc(C)c1.N#CN=C=[N-],[C4MPy][N(CN)2],p-xylene,Cc1ccc(C)cc1,aromatic,n-hexane,CCCCCC,alkane,0.68200004,0.30700004,0.011000001,0.0,0.802,0.198,101.325,0.9,126,328.15,4.949999999999989,above,0-5 K,0.7550432,0.23173043,0.013226353,0.005124056,0.5325942,0.4622817
,3-methyl-N-butylpyridinium dicyanamide,CCCC[n+]1cccc(C)c1.N#CN=C=[N-],[C4MPy][N(CN)2],p-xylene,Cc1ccc(C)cc1,aromatic,n-hexane,CCCCCC,alkane,0.619,0.381,0.0,0.0,1.0,0.0,101.325,1.0,126,328.15,4.949999999999989,above,0-5 K,0.7286668,0.2568254,0.014507848,0.0053908764,0.5595669,0.4350422
,3-methyl-N-butylpyridinium dicyanamide,CCCC[n+]1cccc(C)c1.N#CN=C=[N-],[C4MPy][N(CN)2],cumene,CC(C)c1ccccc1,aromatic,n-nonane,CCCCCCCCC,alkane,0.9922,0.0,0.0078,0.001,0.0,0.999,101.325,0.0,128,328.15,4.949999999999989,above,0-5 K,0.9379614,0.05634062,0.0056980094,0.0027961035,0.34427965,0.65292424
,3-methyl-N-butylpyridinium dicyanamide,CCCC[n+]1cccc(C)c1.N#CN=C=[N-],[C4MPy][N(CN)2],cumene,CC(C)c1ccccc1,aromatic,n-nonane,CCCCCCCCC,alkane,0.9685,0.024,0.0075,0.002,0.082,0.916,101.325,0.11111111,128,328.15,4.949999999999989,above,0-5 K,0.9288676,0.06467159,0.006460809,0.003024493,0.36743882,0.6295366
,3-methyl-N-butylpyridinium dicyanamide,CCCC[n+]1cccc(C)c1.N#CN=C=[N-],[C4MPy][N(CN)2],cumene,CC(C)c1ccccc1,aromatic,n-nonane,CCCCCCCCC,alkane,0.9447,0.048,0.0073,0.001,0.178,0.821,101.325,0.22222222,128,328.15,4.949999999999989,above,0-5 K,0.918645,0.07393162,0.00742329,0.0032424082,0.39052635,0.6062312
,3-methyl-N-butylpyridinium dicyanamide,CCCC[n+]1cccc(C)c1.N#CN=C=[N-],[C4MPy][N(CN)2],cumene,CC(C)c1ccccc1,aromatic,n-nonane,CCCCCCCCC,alkane,0.9242,0.069,0.0068,0.002,0.267,0.731,101.325,0.33333334,128,328.15,4.949999999999989,above,0-5 K,0.9070202,0.08458738,0.00839251,0.0034898352,0.41470113,0.58180904
,3-methyl-N-butylpyridinium dicyanamide,CCCC[n+]1cccc(C)c1.N#CN=C=[N-],[C4MPy][N(CN)2],cumene,CC(C)c1ccccc1,aromatic,n-nonane,CCCCCCCCC,alkane,0.90430003,0.08900001,0.0067000003,0.002,0.358,0.64,101.325,0.44444445,128,328.15,4.949999999999989,above,0-5 K,0.89389306,0.096632816,0.0094741685,0.0037468076,0.43930355,0.5569497
,3-methyl-N-butylpyridinium dicyanamide,CCCC[n+]1cccc(C)c1.N#CN=C=[N-],[C4MPy][N(CN)2],cumene,CC(C)c1ccccc1,aromatic,n-nonane,CCCCCCCCC,alkane,0.8837,0.11,0.0063,0.002,0.454,0.544,101.325,0.5555556,128,328.15,4.949999999999989,above,0-5 K,0.87923914,0.110092565,0.010668238,0.003996781,0.46440533,0.5315979
,3-methyl-N-butylpyridinium dicyanamide,CCCC[n+]1cccc(C)c1.N#CN=C=[N-],[C4MPy][N(CN)2],cumene,CC(C)c1ccccc1,aromatic,n-nonane,CCCCCCCCC,alkane,0.8597,0.135,0.0053,0.001,0.56,0.439,101.325,0.6666667,128,328.15,4.949999999999989,above,0-5 K,0.8628996,0.12511697,0.011983483,0.0042589325,0.48944578,0.50629526
,3-methyl-N-butylpyridinium dicyanamide,CCCC[n+]1cccc(C)c1.N#CN=C=[N-],[C4MPy][N(CN)2],cumene,CC(C)c1ccccc1,aromatic,n-nonane,CCCCCCCCC,alkane,0.8344,0.161,0.0046,0.001,0.655,0.344,101.325,0.7777778,128,328.15,4.949999999999989,above,0-5 K,0.8445484,0.14200869,0.013442909,0.004536443,0.51450026,0.4809633
,3-methyl-N-butylpyridinium dicyanamide,CCCC[n+]1cccc(C)c1.N#CN=C=[N-],[C4MPy][N(CN)2],cumene,CC(C)c1ccccc1,aromatic,n-nonane,CCCCCCCCC,alkane,0.8218,0.175,0.0032,0.002,0.778,0.22,101.325,0.8888889,128,328.15,4.949999999999989,above,0-5 K,0.82445306,0.16052781,0.015019146,0.0047983043,0.53954315,0.45565856
,3-methyl-N-butylpyridinium dicyanamide,CCCC[n+]1cccc(C)c1.N#CN=C=[N-],[C4MPy][N(CN)2],cumene,CC(C)c1ccccc1,aromatic,n-nonane,CCCCCCCCC,alkane,0.81560004,0.18200001,0.0024000003,0.001,0.841,0.158,101.325,1.0,128,328.15,4.949999999999989,above,0-5 K,0.80222535,0.18103397,0.016740669,0.0050711283,0.5642971,0.43063182
,1-butyl-3-methylimidazolium thiocyanate,CCCCn1cc[n+](C)c1.N#C[S-],[C4MIm][SCN],toluene,Cc1ccccc1,aromatic,n-heptane,CCCCCCC,alkane,0.991,0.0,0.009,0.001,0.0,0.999,101.325,0.0,137,328.15,4.949999999999989,above,0-5 K,0.92266643,0.07191407,0.005419577,0.0027669733,0.31533384,0.6818992
,1-butyl-3-methylimidazolium thiocyanate,CCCCn1cc[n+](C)c1.N#C[S-],[C4MIm][SCN],toluene,Cc1ccccc1,aromatic,n-heptane,CCCCCCC,alkane,0.953,0.035,0.012,0.001,0.077,0.922,101.325,0.16666667,137,328.15,4.949999999999989,above,0-5 K,0.90462095,0.08881664,0.0065624327,0.0031241768,0.35555074,0.6413251
,1-butyl-3-methylimidazolium thiocyanate,CCCCn1cc[n+](C)c1.N#C[S-],[C4MIm][SCN],toluene,Cc1ccccc1,aromatic,n-heptane,CCCCCCC,alkane,0.932,0.059,0.009,0.001,0.153,0.846,101.325,0.33333334,137,328.15,4.949999999999989,above,0-5 K,0.8827576,0.10931942,0.00792294,0.0035092593,0.397942,0.59854877
,1-butyl-3-methylimidazolium thiocyanate,CCCCn1cc[n+](C)c1.N#C[S-],[C4MIm][SCN],toluene,Cc1ccccc1,aromatic,n-heptane,CCCCCCC,alkane,0.86800003,0.12200001,0.010000001,0.001,0.335,0.664,101.325,0.5,137,328.15,4.949999999999989,above,0-5 K,0.8566492,0.13383664,0.009514182,0.0039152442,0.4417498,0.55433494
,1-butyl-3-methylimidazolium thiocyanate,CCCCn1cc[n+](C)c1.N#C[S-],[C4MIm][SCN],toluene,Cc1ccccc1,aromatic,n-heptane,CCCCCCC,alkane,0.81,0.183,0.007,0.001,0.548,0.451,101.325,0.6666667,137,328.15,4.949999999999989,above,0-5 K,0.8251514,0.16345528,0.011393356,0.0044407095,0.48633546,0.5092238
,1-butyl-3-methylimidazolium thiocyanate,CCCCn1cc[n+](C)c1.N#C[S-],[C4MIm][SCN],toluene,Cc1ccccc1,aromatic,n-heptane,CCCCCCC,alkane,0.744,0.251,0.005,0.001,0.747,0.252,101.325,0.8333333,137,328.15,4.949999999999989,above,0-5 K,0.78898644,0.19750321,0.0135104,0.004928831,0.53091824,0.46415296
,1-butyl-3-methylimidazolium thiocyanate,CCCCn1cc[n+](C)c1.N#C[S-],[C4MIm][SCN],toluene,Cc1ccccc1,aromatic,n-heptane,CCCCCCC,alkane,0.622,0.378,0.0,0.001,0.999,0.0,101.325,1.0,137,328.15,4.949999999999989,above,0-5 K,0.748244,0.23591168,0.015844343,0.005355701,0.5747711,0.4198732
,3-methyl-N-butylpyridinium trifluoromethanesulfonate,CCCC[n+]1cccc(C)c1.O=S(=O)([O-])C(F)(F)F,[C4MPy][B(CN)4],benzene,c1ccccc1,aromatic,n-hexane,CCCCCC,alkane,0.9104,0.0,0.0896,0.001,0.0,0.999,101.325,0.0,157,328.2,5.0,above,0-5 K,0.73094267,0.25488064,0.014176694,0.005030183,0.31783602,0.67713374
,3-methyl-N-butylpyridinium trifluoromethanesulfonate,CCCC[n+]1cccc(C)c1.O=S(=O)([O-])C(F)(F)F,[C4MPy][B(CN)4],benzene,c1ccccc1,aromatic,n-hexane,CCCCCC,alkane,0.79937994,0.10521052,0.09540954,0.0013,0.0506,0.9481,101.325,0.071428575,157,328.2,5.0,above,0-5 K,0.71104705,0.2738184,0.015134572,0.005295924,0.3369745,0.65772957
,3-methyl-N-butylpyridinium trifluoromethanesulfonate,CCCC[n+]1cccc(C)c1.O=S(=O)([O-])C(F)(F)F,[C4MPy][B(CN)4],benzene,c1ccccc1,aromatic,n-hexane,CCCCCC,alkane,0.7309,0.1766,0.0925,0.001,0.0964,0.9026,101.325,0.14285715,157,328.2,5.0,above,0-5 K,0.6903421,0.29353696,0.016120892,0.005574368,0.35646808,0.6379576
,3-methyl-N-butylpyridinium trifluoromethanesulfonate,CCCC[n+]1cccc(C)c1.O=S(=O)([O-])C(F)(F)F,[C4MPy][B(CN)4],benzene,c1ccccc1,aromatic,n-hexane,CCCCCC,alkane,0.6695,0.2429,0.0876,0.001,0.1407,0.8583,101.325,0.21428572,157,328.2,5.0,above,0-5 K,0.66891176,0.31395066,0.017137567,0.005836324,0.3767365,0.6174271
,3-methyl-N-butylpyridinium trifluoromethanesulfonate,CCCC[n+]1cccc(C)c1.O=S(=O)([O-])C(F)(F)F,[C4MPy][B(CN)4],benzene,c1ccccc1,aromatic,n-hexane,CCCCCC,alkane,0.6042,0.3045,0.0913,0.001,0.1836,0.8154,101.325,0.2857143,157,328.2,5.0,above,0-5 K,0.6466743,0.33514532,0.01818045,0.006108007,0.39728418,0.59660774
,3-methyl-N-butylpyridinium trifluoromethanesulfonate,CCCC[n+]1cccc(C)c1.O=S(=O)([O-])C(F)(F)F,[C4MPy][B(CN)4],benzene,c1ccccc1,aromatic,n-hexane,CCCCCC,alkane,0.5062,0.4173,0.0765,0.001,0.2935,0.7055,101.325,0.35714287,157,328.2,5.0,above,0-5 K,0.623781,0.3569753,0.019243693,0.0063918876,0.41804466,0.5755635
,3-methyl-N-butylpyridinium trifluoromethanesulfonate,CCCC[n+]1cccc(C)c1.O=S(=O)([O-])C(F)(F)F,[C4MPy][B(CN)4],benzene,c1ccccc1,aromatic,n-hexane,CCCCCC,alkane,0.4418,0.4833,0.0749,0.00090009003,0.37443745,0.62466246,101.325,0.42857143,157,328.2,5.0,above,0-5 K,0.6004271,0.3792537,0.02031923,0.0066630333,0.43912905,0.554208
,3-methyl-N-butylpyridinium trifluoromethanesulfonate,CCCC[n+]1cccc(C)c1.O=S(=O)([O-])C(F)(F)F,[C4MPy][B(CN)4],benzene,c1ccccc1,aromatic,n-hexane,CCCCCC,alkane,0.3641,0.5729,0.063,0.0012001201,0.5028503,0.4959496,101.325,0.5,157,328.2,5.0,above,0-5 K,0.5766112,0.4019828,0.02140594,0.0069194837,0.46061432,0.53246623
,3-methyl-N-butylpyridinium trifluoromethanesulfonate,CCCC[n+]1cccc(C)c1.O=S(=O)([O-])C(F)(F)F,[C4MPy][B(CN)4],benzene,c1ccccc1,aromatic,n-hexane,CCCCCC,alkane,0.35296467,0.58324164,0.06379362,0.00090009003,0.5275527,0.4715472,101.325,0.5714286,157,328.2,5.0,above,0-5 K,0.5524519,0.42504734,0.022500752,0.007196262,0.48183128,0.51097244
,3-methyl-N-butylpyridinium trifluoromethanesulfonate,CCCC[n+]1cccc(C)c1.O=S(=O)([O-])C(F)(F)F,[C4MPy][B(CN)4],benzene,c1ccccc1,aromatic,n-hexane,CCCCCC,alkane,0.30290002,0.64220005,0.054900005,0.00090000004,0.63530004,0.36380002,101.325,0.64285713,157,328.2,5.0,above,0-5 K,0.52962255,0.44680715,0.023570262,0.0072148093,0.50108576,0.49169943
,3-methyl-N-butylpyridinium trifluoromethanesulfonate,CCCC[n+]1cccc(C)c1.O=S(=O)([O-])C(F)(F)F,[C4MPy][B(CN)4],benzene,c1ccccc1,aromatic,n-hexane,CCCCCC,alkane,0.23797621,0.7163284,0.045695428,0.0009,0.7846,0.2145,101.325,0.71428573,157,328.2,5.0,above,0-5 K,0.5090689,0.4663331,0.024597965,0.0069407085,0.5179959,0.4750634
,3-methyl-N-butylpyridinium trifluoromethanesulfonate,CCCC[n+]1cccc(C)c1.O=S(=O)([O-])C(F)(F)F,[C4MPy][B(CN)4],benzene,c1ccccc1,aromatic,n-hexane,CCCCCC,alkane,0.2391,0.7266,0.0343,0.0012,0.838,0.1608,101.325,0.78571427,157,328.2,5.0,above,0-5 K,0.4845054,0.48980877,0.0256858,0.0071821413,0.53914094,0.4536769
,3-methyl-N-butylpyridinium trifluoromethanesulfonate,CCCC[n+]1cccc(C)c1.O=S(=O)([O-])C(F)(F)F,[C4MPy][B(CN)4],benzene,c1ccccc1,aromatic,n-hexane,CCCCCC,alkane,0.211,0.763,0.026,0.0009,0.8916,0.1075,101.325,0.85714287,157,328.2,5.0,above,0-5 K,0.46112853,0.5121582,0.026713233,0.0073252376,0.55799663,0.43467808
,3-methyl-N-butylpyridinium trifluoromethanesulfonate,CCCC[n+]1cccc(C)c1.O=S(=O)([O-])C(F)(F)F,[C4MPy][B(CN)4],benzene,c1ccccc1,aromatic,n-hexane,CCCCCC,alkane,0.1958,0.7882,0.016,0.0009,0.9397,0.0594,101.325,0.9285714,157,328.2,5.0,above,0-5 K,0.43985054,0.53250617,0.027643291,0.007308063,0.5743853,0.41830668
,3-methyl-N-butylpyridinium trifluoromethanesulfonate,CCCC[n+]1cccc(C)c1.O=S(=O)([O-])C(F)(F)F,[C4MPy][B(CN)4],benzene,c1ccccc1,aromatic,n-hexane,CCCCCC,alkane,0.1647,0.8353,0.0,0.0009,0.9991,0.0,101.325,1.0,157,328.2,5.0,above,0-5 K,0.41585866,0.555469,0.028672403,0.0075231935,0.5948275,0.39764938
,3-methyl-N-butylpyridinium trifluoromethanesulfonate,CCCC[n+]1cccc(C)c1.O=S(=O)([O-])C(F)(F)F,[C4MPy][B(CN)4],toluene,Cc1ccccc1,aromatic,n-heptane,CCCCCCC,alkane,0.9498,0.0195,0.0307,0.0011,0.0,0.9989,101.325,0.0,159,328.2,5.0,above,0-5 K,0.8657802,0.1266585,0.007561348,0.0032446282,0.28315386,0.71360147
,3-methyl-N-butylpyridinium trifluoromethanesulfonate,CCCC[n+]1cccc(C)c1.O=S(=O)([O-])C(F)(F)F,[C4MPy][B(CN)4],toluene,Cc1ccccc1,aromatic,n-heptane,CCCCCCC,alkane,0.7669,0.1882,0.0449,0.0011,0.1528,0.8461,101.325,0.083333336,159,328.2,5.0,above,0-5 K,0.85058576,0.14108363,0.008330524,0.0036035972,0.30471715,0.69167924
,3-methyl-N-butylpyridinium trifluoromethanesulfonate,CCCC[n+]1cccc(C)c1.O=S(=O)([O-])C(F)(F)F,[C4MPy][B(CN)4],toluene,Cc1ccccc1,aromatic,n-heptane,CCCCCCC,alkane,0.7326,0.2236,0.0438,0.0011,0.1941,0.8048,101.325,0.16666667,159,328.2,5.0,above,0-5 K,0.83500475,0.15587516,0.009120123,0.0038457902,0.32585466,0.67029953
,3-methyl-N-butylpyridinium trifluoromethanesulfonate,CCCC[n+]1cccc(C)c1.O=S(=O)([O-])C(F)(F)F,[C4MPy][B(CN)4],toluene,Cc1ccccc1,aromatic,n-heptane,CCCCCCC,alkane,0.7019,0.2554,0.0427,0.0011,0.2226,0.7763,101.325,0.25,159,328.2,5.0,above,0-5 K,0.8130637,0.17657857,0.01035777,0.00482009,0.34760886,0.647571
,3-methyl-N-butylpyridinium trifluoromethanesulfonate,CCCC[n+]1cccc(C)c1.O=S(=O)([O-])C(F)(F)F,[C4MPy][B(CN)4],toluene,Cc1ccccc1,aromatic,n-heptane,CCCCCCC,alkane,0.6606,0.294,0.0454,0.0011,0.2603,0.7386,101.325,0.33333334,159,328.2,5.0,above,0-5 K,0.78532165,0.20246242,0.012216006,0.007074011,0.37003884,0.62288713
,3-methyl-N-butylpyridinium trifluoromethanesulfonate,CCCC[n+]1cccc(C)c1.O=S(=O)([O-])C(F)(F)F,[C4MPy][B(CN)4],toluene,Cc1ccccc1,aromatic,n-heptane,CCCCCCC,alkane,0.59765977,0.36133614,0.041004103,0.0011,0.3433,0.6556,101.325,0.41666666,159,328.2,5.0,above,0-5 K,0.7656021,0.22115867,0.01323929,0.0074880747,0.39237887,0.60013306
,3-methyl-N-butylpyridinium trifluoromethanesulfonate,CCCC[n+]1cccc(C)c1.O=S(=O)([O-])C(F)(F)F,[C4MPy][B(CN)4],toluene,Cc1ccccc1,aromatic,n-heptane,CCCCCCC,alkane,0.5912409,0.369863,0.03889611,0.0011,0.3546,0.6443,101.325,0.5,159,328.2,5.0,above,0-5 K,0.74474317,0.24094772,0.014309182,0.007902323,0.4151009,0.5769968
,3-methyl-N-butylpyridinium trifluoromethanesulfonate,CCCC[n+]1cccc(C)c1.O=S(=O)([O-])C(F)(F)F,[C4MPy][B(CN)4],toluene,Cc1ccccc1,aromatic,n-heptane,CCCCCCC,alkane,0.54234576,0.42045796,0.03719628,0.0011,0.3986,0.6003,101.325,0.5833333,159,328.2,5.0,above,0-5 K,0.7227176,0.26185033,0.015432132,0.008321515,0.43811473,0.5535638
,3-methyl-N-butylpyridinium trifluoromethanesulfonate,CCCC[n+]1cccc(C)c1.O=S(=O)([O-])C(F)(F)F,[C4MPy][B(CN)4],toluene,Cc1ccccc1,aromatic,n-heptane,CCCCCCC,alkane,0.4758,0.4893,0.0349,0.00070007,0.49154916,0.5077508,101.325,0.6666667,159,328.2,5.0,above,0-5 K,0.6996223,0.28377756,0.016600145,0.008741271,0.46128264,0.5299761
,3-methyl-N-butylpyridinium trifluoromethanesulfonate,CCCC[n+]1cccc(C)c1.O=S(=O)([O-])C(F)(F)F,[C4MPy][B(CN)4],toluene,Cc1ccccc1,aromatic,n-heptane,CCCCCCC,alkane,0.3637,0.61,0.0263,0.00109989,0.64653534,0.35236475,101.325,0.75,159,328.2,5.0,above,0-5 K,0.675367,0.30682394,0.017809018,0.009159409,0.48463976,0.5062008
,3-methyl-N-butylpyridinium trifluoromethanesulfonate,CCCC[n+]1cccc(C)c1.O=S(=O)([O-])C(F)(F)F,[C4MPy][B(CN)4],toluene,Cc1ccccc1,aromatic,n-heptane,CCCCCCC,alkane,0.30476952,0.66913307,0.02609739,0.00109989,0.7465253,0.25237477,101.325,0.8333333,159,328.2,5.0,above,0-5 K,0.6518212,0.3295601,0.018618653,0.008358112,0.5133816,0.47826025
,3-methyl-N-butylpyridinium trifluoromethanesulfonate,CCCC[n+]1cccc(C)c1.O=S(=O)([O-])C(F)(F)F,[C4MPy][B(CN)4],toluene,Cc1ccccc1,aromatic,n-heptane,CCCCCCC,alkane,0.2723,0.711,0.0167,0.0011,0.842,0.1569,101.325,0.9166667,159,328.2,5.0,above,0-5 K,0.6300819,0.35082072,0.019097427,0.006642527,0.54835224,0.44500527
,3-methyl-N-butylpyridinium trifluoromethanesulfonate,CCCC[n+]1cccc(C)c1.O=S(=O)([O-])C(F)(F)F,[C4MPy][B(CN)4],toluene,Cc1ccccc1,aromatic,n-heptane,CCCCCCC,alkane,0.2195,0.7714,0.0091,0.0011,0.9266,0.0723,101.325,1.0,159,328.2,5.0,above,0-5 K,0.6025172,0.37711874,0.020364065,0.0069111986,0.57204264,0.42104614
,3-methyl-N-butylpyridinium trifluoromethanesulfonate,CCCC[n+]1cccc(C)c1.O=S(=O)([O-])C(F)(F)F,[C4MPy][B(CN)4],p-xylene,Cc1ccc(C)cc1,aromatic,n-octane,CCCCCCCC,alkane,0.9636,0.0,0.0364,0.0009,0.0,0.9991,101.325,0.0,161,328.2,5.0,above,0-5 K,0.87339026,0.11938482,0.0072249467,0.003529212,0.30739823,0.68907255
,3-methyl-N-butylpyridinium trifluoromethanesulfonate,CCCC[n+]1cccc(C)c1.O=S(=O)([O-])C(F)(F)F,[C4MPy][B(CN)4],p-xylene,Cc1ccc(C)cc1,aromatic,n-octane,CCCCCCCC,alkane,0.92390764,0.04059594,0.03549645,0.00129987,0.03659634,0.9621038,101.325,0.071428575,161,328.2,5.0,above,0-5 K,0.8656846,0.12659585,0.0077194762,0.0037785748,0.30955428,0.6866671
,3-methyl-N-butylpyridinium trifluoromethanesulfonate,CCCC[n+]1cccc(C)c1.O=S(=O)([O-])C(F)(F)F,[C4MPy][B(CN)4],p-xylene,Cc1ccc(C)cc1,aromatic,n-octane,CCCCCCCC,alkane,0.8884111,0.074692525,0.036896307,0.0009,0.075,0.9241,101.325,0.14285715,161,328.2,5.0,above,0-5 K,0.8508553,0.14060381,0.008540876,0.0043233717,0.33115876,0.6645178
,3-methyl-N-butylpyridinium trifluoromethanesulfonate,CCCC[n+]1cccc(C)c1.O=S(=O)([O-])C(F)(F)F,[C4MPy][B(CN)4],p-xylene,Cc1ccc(C)cc1,aromatic,n-octane,CCCCCCCC,alkane,0.8485,0.1114,0.0401,0.00089991,0.11328867,0.88581145,101.325,0.21428572,161,328.2,5.0,above,0-5 K,0.83780754,0.15296973,0.009222727,0.004561546,0.3494708,0.6459676
,3-methyl-N-butylpyridinium trifluoromethanesulfonate,CCCC[n+]1cccc(C)c1.O=S(=O)([O-])C(F)(F)F,[C4MPy][B(CN)4],p-xylene,Cc1ccc(C)cc1,aromatic,n-octane,CCCCCCCC,alkane,0.8239,0.1387,0.0374,0.00129987,0.15248476,0.84621537,101.325,0.2857143,161,328.2,5.0,above,0-5 K,0.82598174,0.1642053,0.009812976,0.0047450312,0.36380354,0.6314515
,3-methyl-N-butylpyridinium trifluoromethanesulfonate,CCCC[n+]1cccc(C)c1.O=S(=O)([O-])C(F)(F)F,[C4MPy][B(CN)4],p-xylene,Cc1ccc(C)cc1,aromatic,n-octane,CCCCCCCC,alkane,0.7679,0.2001,0.032,0.00080008,0.2320232,0.7671767,101.325,0.35714287,161,328.2,5.0,above,0-5 K,0.81123257,0.17820376,0.010563639,0.004990453,0.38283658,0.612173
,3-methyl-N-butylpyridinium trifluoromethanesulfonate,CCCC[n+]1cccc(C)c1.O=S(=O)([O-])C(F)(F)F,[C4MPy][B(CN)4],p-xylene,Cc1ccc(C)cc1,aromatic,n-octane,CCCCCCCC,alkane,0.6990301,0.27047294,0.03049695,0.0008,0.3314,0.6678,101.325,0.42857143,161,328.2,5.0,above,0-5 K,0.7955825,0.19305782,0.011359734,0.0052399174,0.40220392,0.5925562
,3-methyl-N-butylpyridinium trifluoromethanesulfonate,CCCC[n+]1cccc(C)c1.O=S(=O)([O-])C(F)(F)F,[C4MPy][B(CN)4],p-xylene,Cc1ccc(C)cc1,aromatic,n-octane,CCCCCCCC,alkane,0.6520652,0.31853187,0.029402941,0.00080008,0.4039404,0.59525955,101.325,0.5,161,328.2,5.0,above,0-5 K,0.77892596,0.2088761,0.012197926,0.005493794,0.42192495,0.57258123
,3-methyl-N-butylpyridinium trifluoromethanesulfonate,CCCC[n+]1cccc(C)c1.O=S(=O)([O-])C(F)(F)F,[C4MPy][B(CN)4],p-xylene,Cc1ccc(C)cc1,aromatic,n-octane,CCCCCCCC,alkane,0.5952,0.3749,0.0299,0.00080008,0.4938494,0.50535053,101.325,0.5714286,161,328.2,5.0,above,0-5 K,0.76413405,0.22292267,0.012943214,0.005781146,0.43396786,0.560251
,3-methyl-N-butylpyridinium trifluoromethanesulfonate,CCCC[n+]1cccc(C)c1.O=S(=O)([O-])C(F)(F)F,[C4MPy][B(CN)4],p-xylene,Cc1ccc(C)cc1,aromatic,n-octane,CCCCCCCC,alkane,0.535,0.4399,0.0251,0.0012,0.6175,0.3813,101.325,0.64285713,161,328.2,5.0,above,0-5 K,0.74751186,0.2387149,0.013773266,0.0060398136,0.44996497,0.5439952
,3-methyl-N-butylpyridinium trifluoromethanesulfonate,CCCC[n+]1cccc(C)c1.O=S(=O)([O-])C(F)(F)F,[C4MPy][B(CN)4],p-xylene,Cc1ccc(C)cc1,aromatic,n-octane,CCCCCCCC,alkane,0.46510002,0.51280004,0.022100002,0.0012,0.7483,0.2505,101.325,0.71428573,161,328.2,5.0,above,0-5 K,0.72841656,0.25687087,0.014712621,0.0063048387,0.4699983,0.5236969
,3-methyl-N-butylpyridinium trifluoromethanesulfonate,CCCC[n+]1cccc(C)c1.O=S(=O)([O-])C(F)(F)F,[C4MPy][B(CN)4],p-xylene,Cc1ccc(C)cc1,aromatic,n-octane,CCCCCCCC,alkane,0.4304,0.5497,0.0199,0.00080008,0.79127914,0.2079208,101.325,0.78571427,161,328.2,5.0,above,0-5 K,0.70645905,0.27783552,0.015705448,0.0064341435,0.4977334,0.49583238
,3-methyl-N-butylpyridinium trifluoromethanesulfonate,CCCC[n+]1cccc(C)c1.O=S(=O)([O-])C(F)(F)F,[C4MPy][B(CN)4],p-xylene,Cc1ccc(C)cc1,aromatic,n-octane,CCCCCCCC,alkane,0.4227,0.5621,0.0152,0.0008,0.8496,0.1496,101.325,0.85714287,161,328.2,5.0,above,0-5 K,0.68553364,0.29775876,0.016707549,0.006688664,0.5178272,0.4754841
,3-methyl-N-butylpyridinium trifluoromethanesulfonate,CCCC[n+]1cccc(C)c1.O=S(=O)([O-])C(F)(F)F,[C4MPy][B(CN)4],p-xylene,Cc1ccc(C)cc1,aromatic,n-octane,CCCCCCCC,alkane,0.38946104,0.5987401,0.01179882,0.0008,0.9083,0.0909,101.325,0.9285714,161,328.2,5.0,above,0-5 K,0.66376877,0.31848824,0.017742971,0.00694113,0.53786546,0.45519343
,3-methyl-N-butylpyridinium trifluoromethanesulfonate,CCCC[n+]1cccc(C)c1.O=S(=O)([O-])C(F)(F)F,[C4MPy][B(CN)4],p-xylene,Cc1ccc(C)cc1,aromatic,n-octane,CCCCCCCC,alkane,0.3358,0.6642,0.0,0.0008,0.9992,0.0,101.325,1.0,161,328.2,5.0,above,0-5 K,0.64592963,0.33540788,0.01866253,0.0074885758,0.54691225,0.44559923
no,3-methyl-N-butylpyridinium tricyanomethanide,CCCC[n+]1cccc(C)c1.N#CC(=C=[N-])C#N,[C4MPy][C(CN)3],benzene,c1ccccc1,aromatic,n-hexane,CCCCCC,alkane,0.9333,0.0,0.0667,0.0011,0.0,0.9989,101.325,0.0,168,328.2,5.0,above,0-5 K,0.7512815,0.23196793,0.016750515,0.005668088,0.16003631,0.83429563
no,3-methyl-N-butylpyridinium tricyanomethanide,CCCC[n+]1cccc(C)c1.N#CC(=C=[N-])C#N,[C4MPy][C(CN)3],benzene,c1ccccc1,aromatic,n-hexane,CCCCCC,alkane,0.8846885,0.048304833,0.0670067,0.00109989,0.03309669,0.9658034,101.325,0.11111111,168,328.2,5.0,above,0-5 K,0.7223228,0.25915343,0.018523702,0.006275233,0.17878026,0.81494457
no,3-methyl-N-butylpyridinium tricyanomethanide,CCCC[n+]1cccc(C)c1.N#CC(=C=[N-])C#N,[C4MPy][C(CN)3],benzene,c1ccccc1,aromatic,n-hexane,CCCCCC,alkane,0.82710004,0.10620001,0.066700004,0.0007,0.0746,0.9247,101.325,0.22222222,168,328.2,5.0,above,0-5 K,0.69167405,0.2879452,0.020380767,0.0069255996,0.19910684,0.79396755
no,3-methyl-N-butylpyridinium tricyanomethanide,CCCC[n+]1cccc(C)c1.N#CC(=C=[N-])C#N,[C4MPy][C(CN)3],benzene,c1ccccc1,aromatic,n-hexane,CCCCCC,alkane,0.7551,0.1725,0.0724,0.0007,0.1158,0.8835,101.325,0.33333334,168,328.2,5.0,above,0-5 K,0.6590578,0.3186116,0.022330578,0.007620042,0.22119927,0.7711807
no,3-methyl-N-butylpyridinium tricyanomethanide,CCCC[n+]1cccc(C)c1.N#CC(=C=[N-])C#N,[C4MPy][C(CN)3],benzene,c1ccccc1,aromatic,n-hexane,CCCCCC,alkane,0.72150004,0.21040002,0.068100005,0.0011,0.1504,0.8485,101.325,0.44444445,168,328.2,5.0,above,0-5 K,0.62485355,0.3507925,0.024353875,0.008356564,0.24489725,0.74674624
no,3-methyl-N-butylpyridinium tricyanomethanide,CCCC[n+]1cccc(C)c1.N#CC(=C=[N-])C#N,[C4MPy][C(CN)3],benzene,c1ccccc1,aromatic,n-hexane,CCCCCC,alkane,0.56560004,0.37510002,0.059300005,0.001,0.3102,0.6888,101.325,0.5555556,168,328.2,5.0,above,0-5 K,0.5893626,0.38422123,0.026416099,0.009129719,0.27032146,0.72054887
no,3-methyl-N-butylpyridinium tricyanomethanide,CCCC[n+]1cccc(C)c1.N#CC(=C=[N-])C#N,[C4MPy][C(CN)3],benzene,c1ccccc1,aromatic,n-hexane,CCCCCC,alkane,0.4449445,0.49034905,0.064706475,0.001,0.4682,0.5308,101.325,0.6666667,168,328.2,5.0,above,0-5 K,0.55327207,0.41824782,0.02848012,0.009930343,0.29709625,0.69297343
no,3-methyl-N-butylpyridinium tricyanomethanide,CCCC[n+]1cccc(C)c1.N#CC(=C=[N-])C#N,[C4MPy][C(CN)3],benzene,c1ccccc1,aromatic,n-hexane,CCCCCC,alkane,0.2991,0.6552,0.0457,0.0007,0.7124,0.2869,101.325,0.7777778,168,328.2,5.0,above,0-5 K,0.5162439,0.4531855,0.03057062,0.010762692,0.32539126,0.6638461
no,3-methyl-N-butylpyridinium tricyanomethanide,CCCC[n+]1cccc(C)c1.N#CC(=C=[N-])C#N,[C4MPy][C(CN)3],benzene,c1ccccc1,aromatic,n-hexane,CCCCCC,alkane,0.2462,0.7195,0.0343,0.0007,0.8528,0.1465,101.325,0.8888889,168,328.2,5.0,above,0-5 K,0.47929674,0.4880723,0.032631017,0.011611437,0.35476178,0.6336268
no,3-methyl-N-butylpyridinium tricyanomethanide,CCCC[n+]1cccc(C)c1.N#CC(=C=[N-])C#N,[C4MPy][C(CN)3],benzene,c1ccccc1,aromatic,n-hexane,CCCCCC,alkane,0.1995,0.8005,0.0,0.0007,0.9993,0.0,101.325,1.0,168,328.2,5.0,above,0-5 K,0.44265074,0.5227268,0.034622494,0.012470255,0.38524154,0.60228825
no,3-methyl-N-butylpyridinium tricyanomethanide,CCCC[n+]1cccc(C)c1.N#CC(=C=[N-])C#N,[C4MPy][C(CN)3],toluene,Cc1ccccc1,aromatic,n-heptane,CCCCCCC,alkane,0.9579,0.0,0.0421,0.0008,0.0,0.9992,101.325,0.0,170,328.2,5.0,above,0-5 K,0.8360679,0.15330328,0.010628767,0.0050322087,0.22030586,0.77466196
no,3-methyl-N-butylpyridinium tricyanomethanide,CCCC[n+]1cccc(C)c1.N#CC(=C=[N-])C#N,[C4MPy][C(CN)3],toluene,Cc1ccccc1,aromatic,n-heptane,CCCCCCC,alkane,0.91230875,0.04449555,0.04319568,0.0012,0.0413,0.9575,101.325,0.1,170,328.2,5.0,above,0-5 K,0.8165869,0.17163765,0.011775392,0.005483774,0.2408778,0.7536384
no,3-methyl-N-butylpyridinium tricyanomethanide,CCCC[n+]1cccc(C)c1.N#CC(=C=[N-])C#N,[C4MPy][C(CN)3],toluene,Cc1ccccc1,aromatic,n-heptane,CCCCCCC,alkane,0.8734126,0.08669133,0.03989601,0.00120012,0.08330833,0.9154915,101.325,0.2,170,328.2,5.0,above,0-5 K,0.7970701,0.18998986,0.012940057,0.006113247,0.25818408,0.7357027
no,3-methyl-N-butylpyridinium tricyanomethanide,CCCC[n+]1cccc(C)c1.N#CC(=C=[N-])C#N,[C4MPy][C(CN)3],toluene,Cc1ccccc1,aromatic,n-heptane,CCCCCCC,alkane,0.8345,0.1267,0.0388,0.0012,0.1283,0.8705,101.325,0.3,170,328.2,5.0,above,0-5 K,0.77422124,0.21151935,0.014259397,0.0066288877,0.28099206,0.71237904
no,3-methyl-N-butylpyridinium tricyanomethanide,CCCC[n+]1cccc(C)c1.N#CC(=C=[N-])C#N,[C4MPy][C(CN)3],toluene,Cc1ccccc1,aromatic,n-heptane,CCCCCCC,alkane,0.7996,0.1625,0.0379,0.0012,0.1751,0.8237,101.325,0.4,170,328.2,5.0,above,0-5 K,0.7497101,0.23462719,0.015662672,0.007166573,0.30487457,0.6879589
no,3-methyl-N-butylpyridinium tricyanomethanide,CCCC[n+]1cccc(C)c1.N#CC(=C=[N-])C#N,[C4MPy][C(CN)3],toluene,Cc1ccccc1,aromatic,n-heptane,CCCCCCC,alkane,0.6557,0.3046,0.0397,0.0012,0.3422,0.6566,101.325,0.5,170,328.2,5.0,above,0-5 K,0.7233997,0.25945294,0.017147291,0.007721585,0.32991657,0.6623618
no,3-methyl-N-butylpyridinium tricyanomethanide,CCCC[n+]1cccc(C)c1.N#CC(=C=[N-])C#N,[C4MPy][C(CN)3],toluene,Cc1ccccc1,aromatic,n-heptane,CCCCCCC,alkane,0.5525,0.4179,0.0296,0.0008,0.5205,0.4787,101.325,0.6,170,328.2,5.0,above,0-5 K,0.68951327,0.2915555,0.018931232,0.008161166,0.36563158,0.6262073
no,3-methyl-N-butylpyridinium tricyanomethanide,CCCC[n+]1cccc(C)c1.N#CC(=C=[N-])C#N,[C4MPy][C(CN)3],toluene,Cc1ccccc1,aromatic,n-heptane,CCCCCCC,alkane,0.44875512,0.5274472,0.02379762,0.0012,0.7272,0.2716,101.325,0.7,170,328.2,5.0,above,0-5 K,0.6510215,0.32806653,0.02091196,0.0081464425,0.41110092,0.5807527
no,3-methyl-N-butylpyridinium tricyanomethanide,CCCC[n+]1cccc(C)c1.N#CC(=C=[N-])C#N,[C4MPy][C(CN)3],toluene,Cc1ccccc1,aromatic,n-heptane,CCCCCCC,alkane,0.3997,0.5837,0.0166,0.0012,0.8296,0.1692,101.325,0.8,170,328.2,5.0,above,0-5 K,0.61971444,0.3576999,0.022585737,0.008662564,0.43904367,0.5522938
no,3-methyl-N-butylpyridinium tricyanomethanide,CCCC[n+]1cccc(C)c1.N#CC(=C=[N-])C#N,[C4MPy][C(CN)3],toluene,Cc1ccccc1,aromatic,n-heptane,CCCCCCC,alkane,0.3559,0.6325,0.0116,0.0008,0.9344,0.0648,101.325,0.9,170,328.2,5.0,above,0-5 K,0.5846098,0.39083096,0.024559228,0.009455088,0.46961913,0.5209258
no,3-methyl-N-butylpyridinium tricyanomethanide,CCCC[n+]1cccc(C)c1.N#CC(=C=[N-])C#N,[C4MPy][C(CN)3],toluene,Cc1ccccc1,aromatic,n-heptane,CCCCCCC,alkane,0.3518,0.6482,0.0,0.0008,0.9992,0.0,101.325,1.0,170,328.2,5.0,above,0-5 K,0.5514463,0.42227075,0.026282992,0.009978182,0.49805292,0.49196884
no,3-methyl-N-butylpyridinium tricyanomethanide,CCCC[n+]1cccc(C)c1.N#CC(=C=[N-])C#N,[C4MPy][C(CN)3],p-xylene,Cc1ccc(C)cc1,aromatic,n-octane,CCCCCCCC,alkane,0.9669,0.0,0.0331,0.0,0.0,1.0,101.325,0.0,172,328.2,5.0,above,0-5 K,0.8405755,0.14911179,0.01031272,0.0048919166,0.25447634,0.74063176
no,3-methyl-N-butylpyridinium tricyanomethanide,CCCC[n+]1cccc(C)c1.N#CC(=C=[N-])C#N,[C4MPy][C(CN)3],p-xylene,Cc1ccc(C)cc1,aromatic,n-octane,CCCCCCCC,alkane,0.92840713,0.03919608,0.03239676,0.0,0.0418,0.9582,101.325,0.125,172,328.2,5.0,above,0-5 K,0.8178308,0.17053537,0.011633872,0.0053707585,0.280183,0.71444625
no,3-methyl-N-butylpyridinium tricyanomethanide,CCCC[n+]1cccc(C)c1.N#CC(=C=[N-])C#N,[C4MPy][C(CN)3],p-xylene,Cc1ccc(C)cc1,aromatic,n-octane,CCCCCCCC,alkane,0.8957,0.0726,0.0317,0.0,0.0898,0.9102,101.325,0.25,172,328.2,5.0,above,0-5 K,0.7920056,0.19487715,0.013117325,0.0058905436,0.3086042,0.6855053
no,3-methyl-N-butylpyridinium tricyanomethanide,CCCC[n+]1cccc(C)c1.N#CC(=C=[N-])C#N,[C4MPy][C(CN)3],p-xylene,Cc1ccc(C)cc1,aromatic,n-octane,CCCCCCCC,alkane,0.8858886,0.080608055,0.03350335,0.0,0.1025,0.8975,101.325,0.375,172,328.2,5.0,above,0-5 K,0.7640563,0.22127286,0.014670867,0.0064092353,0.3374528,0.65613794
no,3-methyl-N-butylpyridinium tricyanomethanide,CCCC[n+]1cccc(C)c1.N#CC(=C=[N-])C#N,[C4MPy][C(CN)3],p-xylene,Cc1ccc(C)cc1,aromatic,n-octane,CCCCCCCC,alkane,0.85660005,0.11050001,0.032900006,0.0,0.1448,0.8552,101.325,0.5,172,328.2,5.0,above,0-5 K,0.7329469,0.25066495,0.016388174,0.0069668177,0.36874247,0.6242907
no,3-methyl-N-butylpyridinium tricyanomethanide,CCCC[n+]1cccc(C)c1.N#CC(=C=[N-])C#N,[C4MPy][C(CN)3],p-xylene,Cc1ccc(C)cc1,aromatic,n-octane,CCCCCCCC,alkane,0.75560004,0.21530001,0.029100003,0.0,0.3115,0.6885,101.325,0.625,172,328.2,5.0,above,0-5 K,0.6984409,0.2832728,0.018286303,0.0075755822,0.4024288,0.5899957
no,3-methyl-N-butylpyridinium tricyanomethanide,CCCC[n+]1cccc(C)c1.N#CC(=C=[N-])C#N,[C4MPy][C(CN)3],p-xylene,Cc1ccc(C)cc1,aromatic,n-octane,CCCCCCCC,alkane,0.6649335,0.30766922,0.02739726,0.0,0.4873,0.5127,101.325,0.75,172,328.2,5.0,above,0-5 K,0.66156906,0.31814715,0.020283697,0.008193845,0.43693486,0.5548713
no,3-methyl-N-butylpyridinium tricyanomethanide,CCCC[n+]1cccc(C)c1.N#CC(=C=[N-])C#N,[C4MPy][C(CN)3],p-xylene,Cc1ccc(C)cc1,aromatic,n-octane,CCCCCCCC,alkane,0.5722,0.407,0.0208,0.0,0.7122,0.2878,101.325,0.875,172,328.2,5.0,above,0-5 K,0.63133955,0.34657833,0.022082131,0.0092356345,0.45411766,0.5366467
no,3-methyl-N-butylpyridinium tricyanomethanide,CCCC[n+]1cccc(C)c1.N#CC(=C=[N-])C#N,[C4MPy][C(CN)3],p-xylene,Cc1ccc(C)cc1,aromatic,n-octane,CCCCCCCC,alkane,0.4551,0.5449,0.0,0.0,1.0,0.0,101.325,1.0,172,328.2,5.0,above,0-5 K,0.59143883,0.38436902,0.024192177,0.009901959,0.48895946,0.50113857
,1-butyl-3-methylimidazolium hexafluorophosphate,CCCCn1cc[n+](C)c1.F[P-](F)(F)(F)(F)F,[C4MIm][PF6],n-propylbenzene,CCCc1ccccc1,aromatic,n-dodecane,CCCCCCCCCCCC,alkane,0.9351,0.0478,0.0171,0.0,0.1128,0.8872,101.325,0.0,224,333.0,9.800000000000011,above,5-10 K,0.9279055,0.064943425,0.007151026,0.002923432,0.3172276,0.67984897
,1-butyl-3-methylimidazolium hexafluorophosphate,CCCCn1cc[n+](C)c1.F[P-](F)(F)(F)(F)F,[C4MIm][PF6],n-propylbenzene,CCCc1ccccc1,aromatic,n-dodecane,CCCCCCCCCCCC,alkane,0.8913,0.0912,0.0175,0.0,0.2029,0.7971,101.325,0.11111111,224,333.0,9.800000000000011,above,5-10 K,0.9152869,0.07643236,0.008280686,0.003120016,0.35144174,0.6454382
,1-butyl-3-methylimidazolium hexafluorophosphate,CCCCn1cc[n+](C)c1.F[P-](F)(F)(F)(F)F,[C4MIm][PF6],n-propylbenzene,CCCc1ccccc1,aromatic,n-dodecane,CCCCCCCCCCCC,alkane,0.8507,0.1312,0.0181,0.0,0.2762,0.7238,101.325,0.22222222,224,333.0,9.800000000000011,above,5-10 K,0.90226716,0.08828254,0.009450369,0.0033088408,0.38111034,0.61558086
,1-butyl-3-methylimidazolium hexafluorophosphate,CCCCn1cc[n+](C)c1.F[P-](F)(F)(F)(F)F,[C4MIm][PF6],n-propylbenzene,CCCc1ccccc1,aromatic,n-dodecane,CCCCCCCCCCCC,alkane,0.8093,0.1722,0.0185,0.0,0.3352,0.6648,101.325,0.33333334,224,333.0,9.800000000000011,above,5-10 K,0.88748777,0.10175682,0.010755391,0.0035809015,0.40780193,0.58861715
,1-butyl-3-methylimidazolium hexafluorophosphate,CCCCn1cc[n+](C)c1.F[P-](F)(F)(F)(F)F,[C4MIm][PF6],n-propylbenzene,CCCc1ccccc1,aromatic,n-dodecane,CCCCCCCCCCCC,alkane,0.7746,0.2068,0.0186,0.0,0.3865,0.6135,101.325,0.44444445,224,333.0,9.800000000000011,above,5-10 K,0.8700581,0.11766507,0.012276798,0.0038736518,0.4368519,0.55927444
,1-butyl-3-methylimidazolium hexafluorophosphate,CCCCn1cc[n+](C)c1.F[P-](F)(F)(F)(F)F,[C4MIm][PF6],n-propylbenzene,CCCc1ccccc1,aromatic,n-dodecane,CCCCCCCCCCCC,alkane,0.741,0.2402,0.0188,0.0,0.4299,0.5701,101.325,0.5555556,224,333.0,9.800000000000011,above,5-10 K,0.8520848,0.1340894,0.013825742,0.0041467287,0.4627416,0.5331116
,1-butyl-3-methylimidazolium hexafluorophosphate,CCCCn1cc[n+](C)c1.F[P-](F)(F)(F)(F)F,[C4MIm][PF6],n-propylbenzene,CCCc1ccccc1,aromatic,n-dodecane,CCCCCCCCCCCC,alkane,0.7123,0.2687,0.019,0.0,0.4684,0.5316,101.325,0.6666667,224,333.0,9.800000000000011,above,5-10 K,0.83223826,0.15224233,0.015519387,0.0044250055,0.4886687,0.5069063
,1-butyl-3-methylimidazolium hexafluorophosphate,CCCCn1cc[n+](C)c1.F[P-](F)(F)(F)(F)F,[C4MIm][PF6],n-propylbenzene,CCCc1ccccc1,aromatic,n-dodecane,CCCCCCCCCCCC,alkane,0.6816,0.2991,0.0193,0.0,0.5006,0.4994,101.325,0.7777778,224,333.0,9.800000000000011,above,5-10 K,0.8101801,0.17244144,0.017378522,0.0047111614,0.5147278,0.48056108
,1-butyl-3-methylimidazolium hexafluorophosphate,CCCCn1cc[n+](C)c1.F[P-](F)(F)(F)(F)F,[C4MIm][PF6],n-propylbenzene,CCCc1ccccc1,aromatic,n-dodecane,CCCCCCCCCCCC,alkane,0.65340006,0.32700002,0.019600002,0.0,0.5292,0.4708,101.325,0.8888889,224,333.0,9.800000000000011,above,5-10 K,0.7870096,0.19368994,0.019300446,0.0049784034,0.53904176,0.45597985
,1-butyl-3-methylimidazolium hexafluorophosphate,CCCCn1cc[n+](C)c1.F[P-](F)(F)(F)(F)F,[C4MIm][PF6],n-propylbenzene,CCCc1ccccc1,aromatic,n-dodecane,CCCCCCCCCCCC,alkane,0.6276,0.3528,0.0196,0.0,0.5547,0.4453,101.325,1.0,224,333.0,9.800000000000011,above,5-10 K,0.7629041,0.21582459,0.02127139,0.00522033,0.56170344,0.4330763
,1-butyl-3-methylimidazolium hexafluorophosphate,CCCCn1cc[n+](C)c1.F[P-](F)(F)(F)(F)F,[C4MIm][PF6],n-propylbenzene,CCCc1ccccc1,aromatic,n-tetradecane,CCCCCCCCCCCCCC,alkane,0.929,0.061,0.01,0.0,0.117,0.883,101.325,0.0,226,333.0,9.800000000000011,above,5-10 K,0.9276181,0.06540325,0.006978649,0.0026784616,0.3261445,0.6711771
,1-butyl-3-methylimidazolium hexafluorophosphate,CCCCn1cc[n+](C)c1.F[P-](F)(F)(F)(F)F,[C4MIm][PF6],n-propylbenzene,CCCc1ccccc1,aromatic,n-tetradecane,CCCCCCCCCCCCCC,alkane,0.87700003,0.11200001,0.011000001,0.0,0.211,0.789,101.325,0.125,226,333.0,9.800000000000011,above,5-10 K,0.9153839,0.07655854,0.008057579,0.0029333457,0.3529276,0.644139
,1-butyl-3-methylimidazolium hexafluorophosphate,CCCCn1cc[n+](C)c1.F[P-](F)(F)(F)(F)F,[C4MIm][PF6],n-propylbenzene,CCCc1ccccc1,aromatic,n-tetradecane,CCCCCCCCCCCCCC,alkane,0.829,0.159,0.012,0.0,0.287,0.713,101.325,0.25,226,333.0,9.800000000000011,above,5-10 K,0.9013033,0.08941356,0.009283121,0.003200373,0.3806359,0.61616373
,1-butyl-3-methylimidazolium hexafluorophosphate,CCCCn1cc[n+](C)c1.F[P-](F)(F)(F)(F)F,[C4MIm][PF6],n-propylbenzene,CCCc1ccccc1,aromatic,n-tetradecane,CCCCCCCCCCCCCC,alkane,0.788,0.2,0.012,0.0,0.35,0.65,101.325,0.375,226,333.0,9.800000000000011,above,5-10 K,0.8869383,0.10256782,0.010493951,0.0034228389,0.40524703,0.5913301
,1-butyl-3-methylimidazolium hexafluorophosphate,CCCCn1cc[n+](C)c1.F[P-](F)(F)(F)(F)F,[C4MIm][PF6],n-propylbenzene,CCCc1ccccc1,aromatic,n-tetradecane,CCCCCCCCCCCCCC,alkane,0.751,0.237,0.012,0.0,0.403,0.597,101.325,0.5,226,333.0,9.800000000000011,above,5-10 K,0.86878866,0.11918211,0.012029133,0.0037100525,0.43420523,0.56208473
,1-butyl-3-methylimidazolium hexafluorophosphate,CCCCn1cc[n+](C)c1.F[P-](F)(F)(F)(F)F,[C4MIm][PF6],n-propylbenzene,CCCc1ccccc1,aromatic,n-tetradecane,CCCCCCCCCCCCCC,alkane,0.716,0.272,0.012,0.0,0.448,0.552,101.325,0.625,226,333.0,9.800000000000011,above,5-10 K,0.84816515,0.13808037,0.01375452,0.0040080952,0.46364948,0.5323425
,1-butyl-3-methylimidazolium hexafluorophosphate,CCCCn1cc[n+](C)c1.F[P-](F)(F)(F)(F)F,[C4MIm][PF6],n-propylbenzene,CCCc1ccccc1,aromatic,n-tetradecane,CCCCCCCCCCCCCC,alkane,0.684,0.303,0.013,0.0,0.487,0.513,101.325,0.75,226,333.0,9.800000000000011,above,5-10 K,0.8249435,0.15938874,0.015667774,0.0043124724,0.49325413,0.5024334
,1-butyl-3-methylimidazolium hexafluorophosphate,CCCCn1cc[n+](C)c1.F[P-](F)(F)(F)(F)F,[C4MIm][PF6],n-propylbenzene,CCCc1ccccc1,aromatic,n-tetradecane,CCCCCCCCCCCCCC,alkane,0.653,0.334,0.013,0.0,0.519,0.481,101.325,0.875,226,333.0,9.800000000000011,above,5-10 K,0.799061,0.18316767,0.017771311,0.0046234243,0.5228166,0.47255996
,1-butyl-3-methylimidazolium hexafluorophosphate,CCCCn1cc[n+](C)c1.F[P-](F)(F)(F)(F)F,[C4MIm][PF6],n-propylbenzene,CCCc1ccccc1,aromatic,n-tetradecane,CCCCCCCCCCCCCC,alkane,0.623,0.364,0.013,0.0,0.547,0.453,101.325,1.0,226,333.0,9.800000000000011,above,5-10 K,0.76550853,0.21393031,0.020561108,0.005107751,0.55833375,0.43655854
,1-butyl-3-methylimidazolium hexafluorophosphate,CCCCn1cc[n+](C)c1.F[P-](F)(F)(F)(F)F,[C4MIm][PF6],n-butylbenzene,CCCCc1ccccc1,aromatic,n-dodecane,CCCCCCCCCCCC,alkane,0.942,0.0379,0.0201,0.0,0.1059,0.8941,101.325,0.0,228,333.0,9.800000000000011,above,5-10 K,0.93713695,0.05599497,0.006867997,0.0027509355,0.35302392,0.6442251
,1-butyl-3-methylimidazolium hexafluorophosphate,CCCCn1cc[n+](C)c1.F[P-](F)(F)(F)(F)F,[C4MIm][PF6],n-butylbenzene,CCCCc1ccccc1,aromatic,n-dodecane,CCCCCCCCCCCC,alkane,0.908,0.0715,0.0205,0.0,0.1926,0.8074,101.325,0.09090909,228,333.0,9.800000000000011,above,5-10 K,0.92970467,0.062680624,0.0076148063,0.0029290048,0.37126604,0.62580496
,1-butyl-3-methylimidazolium hexafluorophosphate,CCCCn1cc[n+](C)c1.F[P-](F)(F)(F)(F)F,[C4MIm][PF6],n-butylbenzene,CCCCc1ccccc1,aromatic,n-dodecane,CCCCCCCCCCCC,alkane,0.87810004,0.10080001,0.021100001,0.0,0.2651,0.7349,101.325,0.18181819,228,333.0,9.800000000000011,above,5-10 K,0.92230505,0.06934129,0.008353654,0.0030863667,0.38731095,0.60960263
,1-butyl-3-methylimidazolium hexafluorophosphate,CCCCn1cc[n+](C)c1.F[P-](F)(F)(F)(F)F,[C4MIm][PF6],n-butylbenzene,CCCCc1ccccc1,aromatic,n-dodecane,CCCCCCCCCCCC,alkane,0.8505,0.128,0.0215,0.0,0.3259,0.6741,101.325,0.27272728,228,333.0,9.800000000000011,above,5-10 K,0.91380304,0.077002905,0.009194054,0.0032598202,0.40479594,0.59194416
,1-butyl-3-methylimidazolium hexafluorophosphate,CCCCn1cc[n+](C)c1.F[P-](F)(F)(F)(F)F,[C4MIm][PF6],n-butylbenzene,CCCCc1ccccc1,aromatic,n-dodecane,CCCCCCCCCCCC,alkane,0.8261,0.1523,0.0216,0.0,0.3779,0.6221,101.325,0.36363637,228,333.0,9.800000000000011,above,5-10 K,0.9038754,0.08595793,0.010166722,0.0034552277,0.42392537,0.57261944
,1-butyl-3-methylimidazolium hexafluorophosphate,CCCCn1cc[n+](C)c1.F[P-](F)(F)(F)(F)F,[C4MIm][PF6],n-butylbenzene,CCCCc1ccccc1,aromatic,n-dodecane,CCCCCCCCCCCC,alkane,0.80420005,0.17400001,0.021800002,0.0,0.423,0.577,101.325,0.45454547,228,333.0,9.800000000000011,above,5-10 K,0.89290506,0.09586361,0.011231444,0.0036573752,0.44329566,0.553047
,1-butyl-3-methylimidazolium hexafluorophosphate,CCCCn1cc[n+](C)c1.F[P-](F)(F)(F)(F)F,[C4MIm][PF6],n-butylbenzene,CCCCc1ccccc1,aromatic,n-dodecane,CCCCCCCCCCCC,alkane,0.7832,0.1948,0.022,0.0,0.462,0.538,101.325,0.54545456,228,333.0,9.800000000000011,above,5-10 K,0.8826365,0.1051678,0.012195754,0.0038093345,0.45915434,0.5370363
,1-butyl-3-methylimidazolium hexafluorophosphate,CCCCn1cc[n+](C)c1.F[P-](F)(F)(F)(F)F,[C4MIm][PF6],n-butylbenzene,CCCCc1ccccc1,aromatic,n-dodecane,CCCCCCCCCCCC,alkane,0.7638,0.2139,0.0223,0.0,0.4963,0.5037,101.325,0.6363636,228,333.0,9.800000000000011,above,5-10 K,0.8696277,0.11693328,0.013438918,0.004021348,0.47865978,0.5173189
,1-butyl-3-methylimidazolium hexafluorophosphate,CCCCn1cc[n+](C)c1.F[P-](F)(F)(F)(F)F,[C4MIm][PF6],n-butylbenzene,CCCCc1ccccc1,aromatic,n-dodecane,CCCCCCCCCCCC,alkane,0.7458,0.2316,0.0226,0.0,0.5267,0.4733,101.325,0.72727275,228,333.0,9.800000000000011,above,5-10 K,0.8553799,0.12983555,0.014784544,0.0042367387,0.49825048,0.49751276
,1-butyl-3-methylimidazolium hexafluorophosphate,CCCCn1cc[n+](C)c1.F[P-](F)(F)(F)(F)F,[C4MIm][PF6],n-butylbenzene,CCCCc1ccccc1,aromatic,n-dodecane,CCCCCCCCCCCC,alkane,0.7291,0.2483,0.0226,0.0,0.5537,0.4463,101.325,0.8181818,228,333.0,9.800000000000011,above,5-10 K,0.8413198,0.14259496,0.016085193,0.0046843546,0.50765705,0.48765865
,1-butyl-3-methylimidazolium hexafluorophosphate,CCCCn1cc[n+](C)c1.F[P-](F)(F)(F)(F)F,[C4MIm][PF6],n-butylbenzene,CCCCc1ccccc1,aromatic,n-dodecane,CCCCCCCCCCCC,alkane,0.7127,0.2644,0.0229,0.0,0.5778,0.4222,101.325,0.90909094,228,333.0,9.800000000000011,above,5-10 K,0.8246699,0.15769883,0.017631268,0.0049230536,0.527133,0.467944
,1-butyl-3-methylimidazolium hexafluorophosphate,CCCCn1cc[n+](C)c1.F[P-](F)(F)(F)(F)F,[C4MIm][PF6],n-butylbenzene,CCCCc1ccccc1,aromatic,n-dodecane,CCCCCCCCCCCC,alkane,0.67350006,0.30330002,0.023200002,0.0,0.6379,0.3621,101.325,1.0,228,333.0,9.800000000000011,above,5-10 K,0.8066451,0.17407204,0.01928292,0.005165004,0.54649574,0.44833928
,1-hexyl-3-methylimidazolium hexafluorophosphate,CCCCCCn1cc[n+](C)c1.F[P-](F)(F)(F)(F)F,[C6MIm][PF6],n-butylbenzene,CCCCc1ccccc1,aromatic,n-dodecane,CCCCCCCCCCCC,alkane,0.9336,0.0453,0.0211,0.0,0.1029,0.8971,101.325,0.0,233,333.0,9.800000000000011,above,5-10 K,0.90871054,0.07943846,0.011850972,0.0043297913,0.3208375,0.6748327
,1-hexyl-3-methylimidazolium hexafluorophosphate,CCCCCCn1cc[n+](C)c1.F[P-](F)(F)(F)(F)F,[C6MIm][PF6],n-butylbenzene,CCCCc1ccccc1,aromatic,n-dodecane,CCCCCCCCCCCC,alkane,0.8931,0.0854,0.0215,0.0,0.1873,0.8127,101.325,0.09090909,233,333.0,9.800000000000011,above,5-10 K,0.8987206,0.088228986,0.013050419,0.0046120253,0.33793303,0.6574549
,1-hexyl-3-methylimidazolium hexafluorophosphate,CCCCCCn1cc[n+](C)c1.F[P-](F)(F)(F)(F)F,[C6MIm][PF6],n-butylbenzene,CCCCc1ccccc1,aromatic,n-dodecane,CCCCCCCCCCCC,alkane,0.8579,0.12,0.0221,0.0,0.2585,0.7415,101.325,0.18181819,233,333.0,9.800000000000011,above,5-10 K,0.887708,0.09792683,0.014365193,0.004906092,0.35550922,0.63958466
,1-hexyl-3-methylimidazolium hexafluorophosphate,CCCCCCn1cc[n+](C)c1.F[P-](F)(F)(F)(F)F,[C6MIm][PF6],n-butylbenzene,CCCCc1ccccc1,aromatic,n-dodecane,CCCCCCCCCCCC,alkane,0.8262,0.1513,0.0225,0.0,0.3187,0.6813,101.325,0.27272728,233,333.0,9.800000000000011,above,5-10 K,0.87596583,0.10829801,0.015736185,0.0053444,0.37062958,0.6240261
,1-hexyl-3-methylimidazolium hexafluorophosphate,CCCCCCn1cc[n+](C)c1.F[P-](F)(F)(F)(F)F,[C6MIm][PF6],n-butylbenzene,CCCCc1ccccc1,aromatic,n-dodecane,CCCCCCCCCCCC,alkane,0.7992,0.1782,0.0226,0.0,0.3708,0.6292,101.325,0.36363637,233,333.0,9.800000000000011,above,5-10 K,0.8631672,0.11960368,0.017229035,0.0057370146,0.3872347,0.60702825
,1-hexyl-3-methylimidazolium hexafluorophosphate,CCCCCCn1cc[n+](C)c1.F[P-](F)(F)(F)(F)F,[C6MIm][PF6],n-butylbenzene,CCCCc1ccccc1,aromatic,n-dodecane,CCCCCCCCCCCC,alkane,0.7744,0.2028,0.0228,0.0,0.4158,0.5842,101.325,0.45454547,233,333.0,9.800000000000011,above,5-10 K,0.8489299,0.13218153,0.018888602,0.0060777655,0.4057218,0.58820045
,1-hexyl-3-methylimidazolium hexafluorophosphate,CCCCCCn1cc[n+](C)c1.F[P-](F)(F)(F)(F)F,[C6MIm][PF6],n-butylbenzene,CCCCc1ccccc1,aromatic,n-dodecane,CCCCCCCCCCCC,alkane,0.7502,0.2268,0.023,0.0,0.4546,0.5454,101.325,0.54545456,233,333.0,9.800000000000011,above,5-10 K,0.8335676,0.1457707,0.020661585,0.006426121,0.42438135,0.5691925
,1-hexyl-3-methylimidazolium hexafluorophosphate,CCCCCCn1cc[n+](C)c1.F[P-](F)(F)(F)(F)F,[C6MIm][PF6],n-butylbenzene,CCCCc1ccccc1,aromatic,n-dodecane,CCCCCCCCCCCC,alkane,0.7302,0.2465,0.0233,0.0,0.4895,0.5105,101.325,0.6363636,233,333.0,9.800000000000011,above,5-10 K,0.8167343,0.16066176,0.022603923,0.0069077765,0.44202211,0.5510701
,1-hexyl-3-methylimidazolium hexafluorophosphate,CCCCCCn1cc[n+](C)c1.F[P-](F)(F)(F)(F)F,[C6MIm][PF6],n-butylbenzene,CCCCc1ccccc1,aromatic,n-dodecane,CCCCCCCCCCCC,alkane,0.709,0.2674,0.0236,0.0,0.5196,0.4804,101.325,0.72727275,233,333.0,9.800000000000011,above,5-10 K,0.79876524,0.17658097,0.024653764,0.0073503847,0.46029353,0.5323561
,1-hexyl-3-methylimidazolium hexafluorophosphate,CCCCCCn1cc[n+](C)c1.F[P-](F)(F)(F)(F)F,[C6MIm][PF6],n-butylbenzene,CCCCc1ccccc1,aromatic,n-dodecane,CCCCCCCCCCCC,alkane,0.6925,0.2839,0.0236,0.0,0.5473,0.4527,101.325,0.8181818,233,333.0,9.800000000000011,above,5-10 K,0.77962315,0.193564,0.02681284,0.00773522,0.47930565,0.5129591
,1-hexyl-3-methylimidazolium hexafluorophosphate,CCCCCCn1cc[n+](C)c1.F[P-](F)(F)(F)(F)F,[C6MIm][PF6],n-butylbenzene,CCCCc1ccccc1,aromatic,n-dodecane,CCCCCCCCCCCC,alkane,0.67570007,0.30040002,0.023900002,0.0,0.5718,0.4282,101.325,0.90909094,233,333.0,9.800000000000011,above,5-10 K,0.75927526,0.21163371,0.029091036,0.008127216,0.49822712,0.4936457
,1-hexyl-3-methylimidazolium hexafluorophosphate,CCCCCCn1cc[n+](C)c1.F[P-](F)(F)(F)(F)F,[C6MIm][PF6],n-butylbenzene,CCCCc1ccccc1,aromatic,n-dodecane,CCCCCCCCCCCC,alkane,0.6291,0.3467,0.0242,0.0,0.6315,0.3685,101.325,1.0,233,333.0,9.800000000000011,above,5-10 K,0.7376992,0.23081446,0.031486332,0.008624521,0.516212,0.47516352
,1-methyl-3-octyl-imidazolium hexafluorophosphate,CCCCCCCCn1cc[n+](C)c1.F[P-](F)(F)(F)(F)F,[C8MIm][PF6],n-butylbenzene,CCCCc1ccccc1,aromatic,n-dodecane,CCCCCCCCCCCC,alkane,0.9006,0.0723,0.0271,0.0,0.1006,0.8994,101.325,0.0,240,333.0,9.800000000000011,above,5-10 K,0.8718564,0.1083601,0.019783515,0.0067390846,0.29871508,0.6945458
,1-methyl-3-octyl-imidazolium hexafluorophosphate,CCCCCCCCn1cc[n+](C)c1.F[P-](F)(F)(F)(F)F,[C8MIm][PF6],n-butylbenzene,CCCCc1ccccc1,aromatic,n-dodecane,CCCCCCCCCCCC,alkane,0.83910006,0.13340001,0.027500002,0.0,0.1836,0.8164,101.325,0.1,240,333.0,9.800000000000011,above,5-10 K,0.8576994,0.12047316,0.021827402,0.0072153932,0.3162108,0.6765739
,1-methyl-3-octyl-imidazolium hexafluorophosphate,CCCCCCCCn1cc[n+](C)c1.F[P-](F)(F)(F)(F)F,[C8MIm][PF6],n-butylbenzene,CCCCc1ccccc1,aromatic,n-dodecane,CCCCCCCCCCCC,alkane,0.7855,0.1864,0.0281,0.0,0.2528,0.7472,101.325,0.2,240,333.0,9.800000000000011,above,5-10 K,0.84222543,0.13373171,0.024042886,0.007712757,0.33422294,0.65806425
,1-methyl-3-octyl-imidazolium hexafluorophosphate,CCCCCCCCn1cc[n+](C)c1.F[P-](F)(F)(F)(F)F,[C8MIm][PF6],n-butylbenzene,CCCCc1ccccc1,aromatic,n-dodecane,CCCCCCCCCCCC,alkane,0.7398,0.2317,0.0285,0.0,0.3118,0.6882,101.325,0.3,240,333.0,9.800000000000011,above,5-10 K,0.8271165,0.14683491,0.026048612,0.0068752524,0.36223298,0.6308918
,1-methyl-3-octyl-imidazolium hexafluorophosphate,CCCCCCCCn1cc[n+](C)c1.F[P-](F)(F)(F)(F)F,[C8MIm][PF6],n-butylbenzene,CCCCc1ccccc1,aromatic,n-dodecane,CCCCCCCCCCCC,alkane,0.6993,0.2721,0.0286,0.0,0.3622,0.6378,101.325,0.4,240,333.0,9.800000000000011,above,5-10 K,0.8087257,0.16264951,0.028624745,0.007321477,0.38163573,0.6110428
,1-methyl-3-octyl-imidazolium hexafluorophosphate,CCCCCCCCn1cc[n+](C)c1.F[P-](F)(F)(F)(F)F,[C8MIm][PF6],n-butylbenzene,CCCCc1ccccc1,aromatic,n-dodecane,CCCCCCCCCCCC,alkane,0.6629,0.3083,0.0288,0.0,0.4059,0.5941,101.325,0.5,240,333.0,9.800000000000011,above,5-10 K,0.7887903,0.17981672,0.031392954,0.0077852192,0.40145782,0.590757
,1-methyl-3-octyl-imidazolium hexafluorophosphate,CCCCCCCCn1cc[n+](C)c1.F[P-](F)(F)(F)(F)F,[C8MIm][PF6],n-butylbenzene,CCCCc1ccccc1,aromatic,n-dodecane,CCCCCCCCCCCC,alkane,0.63030005,0.34070003,0.029000001,0.0,0.4441,0.5559,101.325,0.6,240,333.0,9.800000000000011,above,5-10 K,0.76753956,0.19814874,0.03431169,0.0082640685,0.42155972,0.5701761
,1-methyl-3-octyl-imidazolium hexafluorophosphate,CCCCCCCCn1cc[n+](C)c1.F[P-](F)(F)(F)(F)F,[C8MIm][PF6],n-butylbenzene,CCCCc1ccccc1,aromatic,n-dodecane,CCCCCCCCCCCC,alkane,0.6007,0.37,0.0293,0.0,0.4778,0.5222,101.325,0.7,240,333.0,9.800000000000011,above,5-10 K,0.7447979,0.21779555,0.037406474,0.008750847,0.44181207,0.54943705
,1-methyl-3-octyl-imidazolium hexafluorophosphate,CCCCCCCCn1cc[n+](C)c1.F[P-](F)(F)(F)(F)F,[C8MIm][PF6],n-butylbenzene,CCCCc1ccccc1,aromatic,n-dodecane,CCCCCCCCCCCC,alkane,0.5707,0.3997,0.0296,0.0,0.5068,0.4932,101.325,0.8,240,333.0,9.800000000000011,above,5-10 K,0.7206559,0.23867066,0.04067339,0.009249485,0.4620852,0.52866536
,1-methyl-3-octyl-imidazolium hexafluorophosphate,CCCCCCCCn1cc[n+](C)c1.F[P-](F)(F)(F)(F)F,[C8MIm][PF6],n-butylbenzene,CCCCc1ccccc1,aromatic,n-dodecane,CCCCCCCCCCCC,alkane,0.5466,0.4238,0.0296,0.0,0.5336,0.4664,101.325,0.9,240,333.0,9.800000000000011,above,5-10 K,0.68874377,0.26623178,0.0450245,0.010008683,0.48869252,0.5012988
,1-methyl-3-octyl-imidazolium hexafluorophosphate,CCCCCCCCn1cc[n+](C)c1.F[P-](F)(F)(F)(F)F,[C8MIm][PF6],n-butylbenzene,CCCCc1ccccc1,aromatic,n-dodecane,CCCCCCCCCCCC,alkane,0.5232,0.4469,0.0299,0.0,0.5574,0.4426,101.325,1.0,240,333.0,9.800000000000011,above,5-10 K,0.6521074,0.29769215,0.050200444,0.010699172,0.5205143,0.46878648
,1-ethyl-3-methylimidazolium methylsulfate,CCn1cc[n+](C)c1.COS(=O)(=O)[O-],[C2MIm][MeSO4],n-propylbenzene,CCCc1ccccc1,aromatic,n-dodecane,CCCCCCCCCCCC,alkane,0.9721,0.0252,0.0027,0.0,0.1234,0.8766,101.325,0.0,244,333.0,9.800000000000011,above,5-10 K,0.9857239,0.01311702,0.001159046,0.00080116146,0.33132127,0.66787755
,1-ethyl-3-methylimidazolium methylsulfate,CCn1cc[n+](C)c1.COS(=O)(=O)[O-],[C2MIm][MeSO4],n-propylbenzene,CCCc1ccccc1,aromatic,n-dodecane,CCCCCCCCCCCC,alkane,0.9483,0.0487,0.003,0.0,0.22,0.78,101.325,0.11111111,244,333.0,9.800000000000011,above,5-10 K,0.983529,0.01515184,0.0013192424,0.00085840403,0.35139793,0.64774364
,1-ethyl-3-methylimidazolium methylsulfate,CCn1cc[n+](C)c1.COS(=O)(=O)[O-],[C2MIm][MeSO4],n-propylbenzene,CCCc1ccccc1,aromatic,n-dodecane,CCCCCCCCCCCC,alkane,0.9226,0.074,0.0034,0.0,0.2961,0.7039,101.325,0.22222222,244,333.0,9.800000000000011,above,5-10 K,0.98090667,0.01758481,0.0015085429,0.0009245875,0.37304145,0.62603396
,1-ethyl-3-methylimidazolium methylsulfate,CCn1cc[n+](C)c1.COS(=O)(=O)[O-],[C2MIm][MeSO4],n-propylbenzene,CCCc1ccccc1,aromatic,n-dodecane,CCCCCCCCCCCC,alkane,0.8985,0.0978,0.0037,0.0,0.3587,0.6413,101.325,0.33333334,244,333.0,9.800000000000011,above,5-10 K,0.977751,0.02051585,0.0017331182,0.0010015897,0.39631984,0.60267854
,1-ethyl-3-methylimidazolium methylsulfate,CCn1cc[n+](C)c1.COS(=O)(=O)[O-],[C2MIm][MeSO4],n-propylbenzene,CCCc1ccccc1,aromatic,n-dodecane,CCCCCCCCCCCC,alkane,0.8752,0.1207,0.0041,0.0,0.4111,0.5889,101.325,0.44444445,244,333.0,9.800000000000011,above,5-10 K,0.9740691,0.023939507,0.0019914233,0.001082775,0.4202125,0.5787048
,1-ethyl-3-methylimidazolium methylsulfate,CCn1cc[n+](C)c1.COS(=O)(=O)[O-],[C2MIm][MeSO4],n-propylbenzene,CCCc1ccccc1,aromatic,n-dodecane,CCCCCCCCCCCC,alkane,0.8535,0.142,0.0045,0.0,0.4557,0.5443,101.325,0.5555556,244,333.0,9.800000000000011,above,5-10 K,0.97002935,0.027707782,0.0022628843,0.0011450592,0.44673833,0.5521165
,1-ethyl-3-methylimidazolium methylsulfate,CCn1cc[n+](C)c1.COS(=O)(=O)[O-],[C2MIm][MeSO4],n-propylbenzene,CCCc1ccccc1,aromatic,n-dodecane,CCCCCCCCCCCC,alkane,0.8324,0.1627,0.0049,0.0,0.4939,0.5061,101.325,0.6666667,244,333.0,9.800000000000011,above,5-10 K,0.96508706,0.032314554,0.0025985073,0.001231705,0.47136682,0.5274015
,1-ethyl-3-methylimidazolium methylsulfate,CCn1cc[n+](C)c1.COS(=O)(=O)[O-],[C2MIm][MeSO4],n-propylbenzene,CCCc1ccccc1,aromatic,n-dodecane,CCCCCCCCCCCC,alkane,0.8133,0.1814,0.0053,0.0,0.5275,0.4725,101.325,0.7777778,244,333.0,9.800000000000011,above,5-10 K,0.9593605,0.037657484,0.0029820672,0.0013215842,0.4962068,0.5024716
,1-ethyl-3-methylimidazolium methylsulfate,CCn1cc[n+](C)c1.COS(=O)(=O)[O-],[C2MIm][MeSO4],n-propylbenzene,CCCc1ccccc1,aromatic,n-dodecane,CCCCCCCCCCCC,alkane,0.792,0.2024,0.0056,0.0,0.556,0.444,101.325,0.8888889,244,333.0,9.800000000000011,above,5-10 K,0.9527416,0.043839283,0.0034190696,0.001413935,0.52097505,0.477611
,1-ethyl-3-methylimidazolium methylsulfate,CCn1cc[n+](C)c1.COS(=O)(=O)[O-],[C2MIm][MeSO4],n-propylbenzene,CCCc1ccccc1,aromatic,n-dodecane,CCCCCCCCCCCC,alkane,0.7707,0.2234,0.0059,0.0,0.5811,0.4189,101.325,1.0,244,333.0,9.800000000000011,above,5-10 K,0.9450565,0.05102338,0.003920052,0.0015103336,0.54578525,0.4527044
,1-ethyl-3-methylimidazolium methylsulfate,CCn1cc[n+](C)c1.COS(=O)(=O)[O-],[C2MIm][MeSO4],n-propylbenzene,CCCc1ccccc1,aromatic,n-tetradecane,CCCCCCCCCCCCCC,alkane,0.9662,0.0317,0.0021,0.0,0.1335,0.8665,101.325,0.0,246,333.0,9.800000000000011,above,5-10 K,0.9863376,0.012589363,0.0010730169,0.00073462195,0.32497278,0.6742926
,1-ethyl-3-methylimidazolium methylsulfate,CCn1cc[n+](C)c1.COS(=O)(=O)[O-],[C2MIm][MeSO4],n-propylbenzene,CCCc1ccccc1,aromatic,n-tetradecane,CCCCCCCCCCCCCC,alkane,0.9366,0.061,0.0024,0.0,0.236,0.764,101.325,0.11111111,246,333.0,9.800000000000011,above,5-10 K,0.98406017,0.014705663,0.0012341801,0.0008000675,0.34717274,0.65202725
,1-ethyl-3-methylimidazolium methylsulfate,CCn1cc[n+](C)c1.COS(=O)(=O)[O-],[C2MIm][MeSO4],n-propylbenzene,CCCc1ccccc1,aromatic,n-tetradecane,CCCCCCCCCCCCCC,alkane,0.906,0.0913,0.0027,0.0,0.3153,0.6847,101.325,0.22222222,246,333.0,9.800000000000011,above,5-10 K,0.98220176,0.01643334,0.001364942,0.0008362204,0.35655656,0.6426073
,1-ethyl-3-methylimidazolium methylsulfate,CCn1cc[n+](C)c1.COS(=O)(=O)[O-],[C2MIm][MeSO4],n-propylbenzene,CCCc1ccccc1,aromatic,n-tetradecane,CCCCCCCCCCCCCC,alkane,0.8772,0.1197,0.0031,0.0,0.3797,0.6203,101.325,0.33333334,246,333.0,9.800000000000011,above,5-10 K,0.97921777,0.01921164,0.001570587,0.0009079524,0.37990892,0.61918306
,1-ethyl-3-methylimidazolium methylsulfate,CCn1cc[n+](C)c1.COS(=O)(=O)[O-],[C2MIm][MeSO4],n-propylbenzene,CCCc1ccccc1,aromatic,n-tetradecane,CCCCCCCCCCCCCC,alkane,0.853,0.1437,0.0033,0.0,0.4343,0.5657,101.325,0.44444445,246,333.0,9.800000000000011,above,5-10 K,0.97574574,0.022448285,0.0018059149,0.0009834125,0.40384796,0.59516865
,1-ethyl-3-methylimidazolium methylsulfate,CCn1cc[n+](C)c1.COS(=O)(=O)[O-],[C2MIm][MeSO4],n-propylbenzene,CCCc1ccccc1,aromatic,n-tetradecane,CCCCCCCCCCCCCC,alkane,0.8262,0.1701,0.0037,0.0,0.4786,0.5214,101.325,0.5555556,246,333.0,9.800000000000011,above,5-10 K,0.9716894,0.026233649,0.0020769748,0.0010629953,0.42841202,0.57052493
,1-ethyl-3-methylimidazolium methylsulfate,CCn1cc[n+](C)c1.COS(=O)(=O)[O-],[C2MIm][MeSO4],n-propylbenzene,CCCc1ccccc1,aromatic,n-tetradecane,CCCCCCCCCCCCCC,alkane,0.8044,0.1916,0.004,0.0,0.5177,0.4823,101.325,0.6666667,246,333.0,9.800000000000011,above,5-10 K,0.96700925,0.030606195,0.0023845765,0.0011452965,0.453225,0.5456297
,1-ethyl-3-methylimidazolium methylsulfate,CCn1cc[n+](C)c1.COS(=O)(=O)[O-],[C2MIm][MeSO4],n-propylbenzene,CCCc1ccccc1,aromatic,n-tetradecane,CCCCCCCCCCCCCC,alkane,0.78,0.2157,0.0043,0.0,0.5502,0.4498,101.325,0.7777778,246,333.0,9.800000000000011,above,5-10 K,0.9615128,0.035746183,0.002741031,0.0012318586,0.47845235,0.52031577
,1-ethyl-3-methylimidazolium methylsulfate,CCn1cc[n+](C)c1.COS(=O)(=O)[O-],[C2MIm][MeSO4],n-propylbenzene,CCCc1ccccc1,aromatic,n-tetradecane,CCCCCCCCCCCCCC,alkane,0.755,0.2403,0.0047,0.0,0.578,0.422,101.325,0.8888889,246,333.0,9.800000000000011,above,5-10 K,0.9551596,0.04169386,0.0031465048,0.0013211975,0.5037024,0.49497643
,1-ethyl-3-methylimidazolium methylsulfate,CCn1cc[n+](C)c1.COS(=O)(=O)[O-],[C2MIm][MeSO4],n-propylbenzene,CCCc1ccccc1,aromatic,n-tetradecane,CCCCCCCCCCCCCC,alkane,0.7336,0.2614,0.005,0.0,0.6032,0.3968,101.325,1.0,246,333.0,9.800000000000011,above,5-10 K,0.94482285,0.051362686,0.003814369,0.0015062235,0.5439561,0.45453766
,1-butyl-3-methylimidazolium methylsulfate,CCCCn1cc[n+](C)c1.COS(=O)(=O)[O-],[C4MIm][MeSO4],benzene,c1ccccc1,aromatic,n-hexane,CCCCCC,alkane,0.9174,0.0635,0.0191,0.0,0.0706,0.9294,101.325,0.0,249,328.2,5.0,above,0-5 K,0.91684365,0.07804288,0.005113375,0.002122003,0.17148718,0.8263908
,1-butyl-3-methylimidazolium methylsulfate,CCCCn1cc[n+](C)c1.COS(=O)(=O)[O-],[C4MIm][MeSO4],benzene,c1ccccc1,aromatic,n-hexane,CCCCCC,alkane,0.8787,0.1026,0.0187,0.0,0.1189,0.8811,101.325,0.14285715,249,328.2,5.0,above,0-5 K,0.90032625,0.09364627,0.0060274713,0.0024074172,0.19549575,0.8020968
,1-butyl-3-methylimidazolium methylsulfate,CCCCn1cc[n+](C)c1.COS(=O)(=O)[O-],[C4MIm][MeSO4],benzene,c1ccccc1,aromatic,n-hexane,CCCCCC,alkane,0.8445,0.1374,0.0181,0.0,0.1704,0.8296,101.325,0.2857143,249,328.2,5.0,above,0-5 K,0.8815099,0.11144222,0.0070478567,0.0026908417,0.22092529,0.7763839
,1-butyl-3-methylimidazolium methylsulfate,CCCCn1cc[n+](C)c1.COS(=O)(=O)[O-],[C4MIm][MeSO4],benzene,c1ccccc1,aromatic,n-hexane,CCCCCC,alkane,0.8096,0.1728,0.0176,0.0,0.2289,0.7711,101.325,0.42857143,249,328.2,5.0,above,0-5 K,0.8584451,0.13326778,0.00828717,0.0030539068,0.2508519,0.7460942
,1-butyl-3-methylimidazolium methylsulfate,CCCCn1cc[n+](C)c1.COS(=O)(=O)[O-],[C4MIm][MeSO4],benzene,c1ccccc1,aromatic,n-hexane,CCCCCC,alkane,0.7758,0.2069,0.0173,0.0,0.2825,0.7175,101.325,0.5714286,249,328.2,5.0,above,0-5 K,0.8317787,0.15852563,0.00969565,0.003445013,0.2833265,0.7132285
,1-butyl-3-methylimidazolium methylsulfate,CCCCn1cc[n+](C)c1.COS(=O)(=O)[O-],[C4MIm][MeSO4],benzene,c1ccccc1,aromatic,n-hexane,CCCCCC,alkane,0.7575,0.2258,0.0167,0.0,0.3314,0.6686,101.325,0.71428573,249,328.2,5.0,above,0-5 K,0.80113345,0.18757851,0.011288062,0.003866144,0.31830126,0.6778326
,1-butyl-3-methylimidazolium methylsulfate,CCCCn1cc[n+](C)c1.COS(=O)(=O)[O-],[C4MIm][MeSO4],benzene,c1ccccc1,aromatic,n-hexane,CCCCCC,alkane,0.7281,0.2554,0.0165,0.0,0.388,0.612,101.325,0.85714287,249,328.2,5.0,above,0-5 K,0.7666163,0.22033267,0.013051113,0.0043089814,0.35523185,0.64045924
,1-butyl-3-methylimidazolium methylsulfate,CCCCn1cc[n+](C)c1.COS(=O)(=O)[O-],[C4MIm][MeSO4],benzene,c1ccccc1,aromatic,n-hexane,CCCCCC,alkane,0.7052,0.2786,0.0162,0.0,0.4502,0.5498,101.325,1.0,249,328.2,5.0,above,0-5 K,0.72801566,0.25700113,0.014983175,0.0047707073,0.39401677,0.6012125
,1-butyl-3-methylimidazolium methylsulfate,CCCCn1cc[n+](C)c1.COS(=O)(=O)[O-],[C4MIm][MeSO4],toluene,Cc1ccccc1,aromatic,n-heptane,CCCCCCC,alkane,0.9843,0.0041,0.0116,0.0,0.0178,0.9822,101.325,0.0,254,348.2,25.0,above,>20 K,0.9656254,0.03216404,0.002210605,0.0014745612,0.25876078,0.7397647
,1-butyl-3-methylimidazolium methylsulfate,CCCCn1cc[n+](C)c1.COS(=O)(=O)[O-],[C4MIm][MeSO4],toluene,Cc1ccccc1,aromatic,n-heptane,CCCCCCC,alkane,0.97040004,0.018900001,0.010700001,1e-04,0.0562,0.9437,101.325,0.1,254,348.2,25.0,above,>20 K,0.96007586,0.03738005,0.0025441174,0.0016562402,0.28122807,0.71711576
,1-butyl-3-methylimidazolium methylsulfate,CCCCn1cc[n+](C)c1.COS(=O)(=O)[O-],[C4MIm][MeSO4],toluene,Cc1ccccc1,aromatic,n-heptane,CCCCCCC,alkane,0.96070004,0.029000001,0.010300001,0.0,0.0918,0.9082,101.325,0.2,254,348.2,25.0,above,>20 K,0.954208,0.042911157,0.0028808583,0.0017994242,0.30354208,0.69465846
,1-butyl-3-methylimidazolium methylsulfate,CCCCn1cc[n+](C)c1.COS(=O)(=O)[O-],[C4MIm][MeSO4],toluene,Cc1ccccc1,aromatic,n-heptane,CCCCCCC,alkane,0.94640005,0.042600002,0.011000001,0.0026,0.1359,0.8615,101.325,0.3,254,348.2,25.0,above,>20 K,0.9475092,0.049229633,0.0032611813,0.0019502465,0.32686934,0.67118037
,1-butyl-3-methylimidazolium methylsulfate,CCCCn1cc[n+](C)c1.COS(=O)(=O)[O-],[C4MIm][MeSO4],toluene,Cc1ccccc1,aromatic,n-heptane,CCCCCCC,alkane,0.9423,0.0476,0.0101,0.0,0.1528,0.8472,101.325,0.4,254,348.2,25.0,above,>20 K,0.9399676,0.05634756,0.0036849137,0.0021036693,0.35105526,0.646841
,1-butyl-3-methylimidazolium methylsulfate,CCCCn1cc[n+](C)c1.COS(=O)(=O)[O-],[C4MIm][MeSO4],toluene,Cc1ccccc1,aromatic,n-heptane,CCCCCCC,alkane,0.89750004,0.09260001,0.009900001,0.0,0.3008,0.6992,101.325,0.5,254,348.2,25.0,above,>20 K,0.93129975,0.06453615,0.0041641598,0.0022670648,0.37614918,0.6215838
,1-butyl-3-methylimidazolium methylsulfate,CCCCn1cc[n+](C)c1.COS(=O)(=O)[O-],[C4MIm][MeSO4],toluene,Cc1ccccc1,aromatic,n-heptane,CCCCCCC,alkane,0.8595,0.1313,0.0092,0.0,0.4366,0.5634,101.325,0.6,254,348.2,25.0,above,>20 K,0.9214973,0.073803194,0.004699521,0.002436922,0.4018852,0.59567785
,1-butyl-3-methylimidazolium methylsulfate,CCCCn1cc[n+](C)c1.COS(=O)(=O)[O-],[C4MIm][MeSO4],toluene,Cc1ccccc1,aromatic,n-heptane,CCCCCCC,alkane,0.822,0.1684,0.0096,0.0065,0.5494,0.4441,101.325,0.7,254,348.2,25.0,above,>20 K,0.91050416,0.084202364,0.0052933698,0.0026051132,0.4282507,0.5691442
,1-butyl-3-methylimidazolium methylsulfate,CCCCn1cc[n+](C)c1.COS(=O)(=O)[O-],[C4MIm][MeSO4],toluene,Cc1ccccc1,aromatic,n-heptane,CCCCCCC,alkane,0.7684,0.2245,0.0071,0.0039,0.7075,0.2886,101.325,0.8,254,348.2,25.0,above,>20 K,0.89809895,0.09594764,0.0059533515,0.0027822042,0.4548382,0.5423796
,1-butyl-3-methylimidazolium methylsulfate,CCCCn1cc[n+](C)c1.COS(=O)(=O)[O-],[C4MIm][MeSO4],toluene,Cc1ccccc1,aromatic,n-heptane,CCCCCCC,alkane,0.7569,0.2387,0.0044,0.0003,0.8243,0.1754,101.325,0.9,254,348.2,25.0,above,>20 K,0.8841146,0.10919832,0.006687109,0.0029632116,0.4817848,0.515252
,1-butyl-3-methylimidazolium methylsulfate,CCCCn1cc[n+](C)c1.COS(=O)(=O)[O-],[C4MIm][MeSO4],toluene,Cc1ccccc1,aromatic,n-heptane,CCCCCCC,alkane,0.6568,0.3431,1e-04,0.0,0.9967,0.0033,101.325,1.0,254,348.2,25.0,above,>20 K,0.86857504,0.123932235,0.007492734,0.0031370828,0.5089444,0.48791853
,"1,3-dimethylimidazolium methylsulfate",COS(=O)(=O)[O-].Cn1cc[n+](C)c1,[C1MIm][MeSO4],toluene,Cc1ccccc1,aromatic,n-heptane,CCCCCCC,alkane,0.9988,0.0,0.0012,0.0053,0.0,0.9947,101.325,0.0,259,348.2,25.0,above,>20 K,0.9792893,0.0197359,0.0009748227,0.0007512674,0.28640896,0.7128398
,"1,3-dimethylimidazolium methylsulfate",COS(=O)(=O)[O-].Cn1cc[n+](C)c1,[C1MIm][MeSO4],toluene,Cc1ccccc1,aromatic,n-heptane,CCCCCCC,alkane,0.99480003,0.0039000001,0.0013000001,0.0369,0.0595,0.9036,101.325,0.05,259,348.2,25.0,above,>20 K,0.9777238,0.021235468,0.0010406589,0.0007840874,0.29764292,0.701573
,"1,3-dimethylimidazolium methylsulfate",COS(=O)(=O)[O-].Cn1cc[n+](C)c1,[C1MIm][MeSO4],toluene,Cc1ccccc1,aromatic,n-heptane,CCCCCCC,alkane,0.9887,0.0101,0.0012,0.0187,0.1242,0.8571,101.325,0.1,259,348.2,25.0,above,>20 K,0.9759627,0.022924233,0.0011130742,0.000822692,0.3093149,0.6898624
,"1,3-dimethylimidazolium methylsulfate",COS(=O)(=O)[O-].Cn1cc[n+](C)c1,[C1MIm][MeSO4],toluene,Cc1ccccc1,aromatic,n-heptane,CCCCCCC,alkane,0.986,0.0126,0.0014,0.0203,0.1725,0.8072,101.325,0.15,259,348.2,25.0,above,>20 K,0.97414875,0.02466265,0.0011887298,0.0008577787,0.3211555,0.67798674
,"1,3-dimethylimidazolium methylsulfate",COS(=O)(=O)[O-].Cn1cc[n+](C)c1,[C1MIm][MeSO4],toluene,Cc1ccccc1,aromatic,n-heptane,CCCCCCC,alkane,0.9805,0.0184,0.0011,0.0198,0.2326,0.7476,101.325,0.2,259,348.2,25.0,above,>20 K,0.97219515,0.026535502,0.0012693612,0.0008937876,0.33320528,0.665901
,"1,3-dimethylimidazolium methylsulfate",COS(=O)(=O)[O-].Cn1cc[n+](C)c1,[C1MIm][MeSO4],toluene,Cc1ccccc1,aromatic,n-heptane,CCCCCCC,alkane,0.9768,0.0219,0.0013,0.014,0.2727,0.7133,101.325,0.25,259,348.2,25.0,above,>20 K,0.97015005,0.028496686,0.0013532048,0.00092791236,0.34552822,0.6535439
,"1,3-dimethylimidazolium methylsulfate",COS(=O)(=O)[O-].Cn1cc[n+](C)c1,[C1MIm][MeSO4],toluene,Cc1ccccc1,aromatic,n-heptane,CCCCCCC,alkane,0.9722,0.0266,0.0012,0.0155,0.3349,0.6496,101.325,0.3,259,348.2,25.0,above,>20 K,0.9678861,0.030668559,0.0014453368,0.0009654882,0.358118,0.6409165
,"1,3-dimethylimidazolium methylsulfate",COS(=O)(=O)[O-].Cn1cc[n+](C)c1,[C1MIm][MeSO4],toluene,Cc1ccccc1,aromatic,n-heptane,CCCCCCC,alkane,0.9713,0.0278,0.0009,0.0143,0.3885,0.5972,101.325,0.35,259,348.2,25.0,above,>20 K,0.9654899,0.03296815,0.0015419533,0.0010033386,0.3707922,0.62820446
,"1,3-dimethylimidazolium methylsulfate",COS(=O)(=O)[O-].Cn1cc[n+](C)c1,[C1MIm][MeSO4],toluene,Cc1ccccc1,aromatic,n-heptane,CCCCCCC,alkane,0.9643,0.0346,0.0011,0.016,0.4367,0.5473,101.325,0.4,259,348.2,25.0,above,>20 K,0.9629549,0.035401642,0.0016434554,0.0010391694,0.38377166,0.61518914
,"1,3-dimethylimidazolium methylsulfate",COS(=O)(=O)[O-].Cn1cc[n+](C)c1,[C1MIm][MeSO4],toluene,Cc1ccccc1,aromatic,n-heptane,CCCCCCC,alkane,0.95860004,0.040400002,0.0010000002,0.0332,0.4806,0.4862,101.325,0.45,259,348.2,25.0,above,>20 K,0.96019584,0.038050655,0.0017534558,0.0010786206,0.3968482,0.6020732
,"1,3-dimethylimidazolium methylsulfate",COS(=O)(=O)[O-].Cn1cc[n+](C)c1,[C1MIm][MeSO4],toluene,Cc1ccccc1,aromatic,n-heptane,CCCCCCC,alkane,0.9558,0.0434,0.0008,0.0125,0.5356,0.4519,101.325,0.5,259,348.2,25.0,above,>20 K,0.9572153,0.040913597,0.0018711442,0.0011189551,0.41012684,0.5887542
,"1,3-dimethylimidazolium methylsulfate",COS(=O)(=O)[O-].Cn1cc[n+](C)c1,[C1MIm][MeSO4],toluene,Cc1ccccc1,aromatic,n-heptane,CCCCCCC,alkane,0.95680004,0.042300005,0.00090000004,0.021,0.5901,0.3889,101.325,0.55,259,348.2,25.0,above,>20 K,0.95406944,0.04393604,0.0019945991,0.0011573366,0.42360005,0.57524264
,"1,3-dimethylimidazolium methylsulfate",COS(=O)(=O)[O-].Cn1cc[n+](C)c1,[C1MIm][MeSO4],toluene,Cc1ccccc1,aromatic,n-heptane,CCCCCCC,alkane,0.9495,0.0499,0.0006,0.0,0.6651,0.3349,101.325,0.6,259,348.2,25.0,above,>20 K,0.95067585,0.047197435,0.0021267908,0.0011973007,0.4371609,0.56164175
,"1,3-dimethylimidazolium methylsulfate",COS(=O)(=O)[O-].Cn1cc[n+](C)c1,[C1MIm][MeSO4],toluene,Cc1ccccc1,aromatic,n-heptane,CCCCCCC,alkane,0.9377,0.0616,0.0007,0.0058,0.6977,0.2965,101.325,0.65,259,348.2,25.0,above,>20 K,0.94702744,0.050704394,0.0022681528,0.0012395434,0.45076072,0.54799974
,"1,3-dimethylimidazolium methylsulfate",COS(=O)(=O)[O-].Cn1cc[n+](C)c1,[C1MIm][MeSO4],toluene,Cc1ccccc1,aromatic,n-heptane,CCCCCCC,alkane,0.9372,0.0622,0.0006,0.0008,0.7452,0.254,101.325,0.7,259,348.2,25.0,above,>20 K,0.943273,0.05431256,0.0024144112,0.0012940014,0.4594377,0.5392683
,"1,3-dimethylimidazolium methylsulfate",COS(=O)(=O)[O-].Cn1cc[n+](C)c1,[C1MIm][MeSO4],toluene,Cc1ccccc1,aromatic,n-heptane,CCCCCCC,alkane,0.9336,0.0659,0.0005,0.0004,0.7853,0.2143,101.325,0.75,259,348.2,25.0,above,>20 K,0.9392767,0.05815534,0.0025679693,0.0013412464,0.47038716,0.5282716
,"1,3-dimethylimidazolium methylsulfate",COS(=O)(=O)[O-].Cn1cc[n+](C)c1,[C1MIm][MeSO4],toluene,Cc1ccccc1,aromatic,n-heptane,CCCCCCC,alkane,0.9277,0.0716,0.0007,0.0,0.8285,0.1715,101.325,0.8,259,348.2,25.0,above,>20 K,0.93485445,0.06240984,0.002735721,0.001385429,0.48407924,0.51453537
,"1,3-dimethylimidazolium methylsulfate",COS(=O)(=O)[O-].Cn1cc[n+](C)c1,[C1MIm][MeSO4],toluene,Cc1ccccc1,aromatic,n-heptane,CCCCCCC,alkane,0.9227,0.0768,0.0005,0.0,0.876,0.124,101.325,0.85,259,348.2,25.0,above,>20 K,0.9300598,0.06702356,0.00291673,0.0014339673,0.49713206,0.501434
,"1,3-dimethylimidazolium methylsulfate",COS(=O)(=O)[O-].Cn1cc[n+](C)c1,[C1MIm][MeSO4],toluene,Cc1ccccc1,aromatic,n-heptane,CCCCCCC,alkane,0.9209,0.0787,0.0004,0.0,0.9242,0.0758,101.325,0.9,259,348.2,25.0,above,>20 K,0.9250327,0.07186219,0.0031051089,0.001480531,0.5103805,0.4881389
,"1,3-dimethylimidazolium methylsulfate",COS(=O)(=O)[O-].Cn1cc[n+](C)c1,[C1MIm][MeSO4],toluene,Cc1ccccc1,aromatic,n-heptane,CCCCCCC,alkane,0.9171,0.0826,0.0003,0.0,0.9611,0.0389,101.325,0.95,259,348.2,25.0,above,>20 K,0.91958916,0.07710357,0.003307242,0.0015263202,0.52422905,0.47424468
,"1,3-dimethylimidazolium methylsulfate",COS(=O)(=O)[O-].Cn1cc[n+](C)c1,[C1MIm][MeSO4],toluene,Cc1ccccc1,aromatic,n-heptane,CCCCCCC,alkane,0.8953,0.1047,0.0,0.0,1.0,0.0,101.325,1.0,259,348.2,25.0,above,>20 K,0.91331536,0.08314188,0.0035427955,0.001593225,0.541859,0.4565478
,"1,3-dimethylimidazolium methylsulfate",COS(=O)(=O)[O-].Cn1cc[n+](C)c1,[C1MIm][MeSO4],n-propylbenzene,CCCc1ccccc1,aromatic,n-dodecane,CCCCCCCCCCCC,alkane,0.9695,0.0268,0.0037,0.0,0.1204,0.8796,101.325,0.0,261,333.0,9.800000000000011,above,5-10 K,0.9860378,0.012902253,0.001060057,0.00073438877,0.3422489,0.65701675
,"1,3-dimethylimidazolium methylsulfate",COS(=O)(=O)[O-].Cn1cc[n+](C)c1,[C1MIm][MeSO4],n-propylbenzene,CCCc1ccccc1,aromatic,n-dodecane,CCCCCCCCCCCC,alkane,0.9427,0.0531,0.0042,0.0,0.2143,0.7857,101.325,0.1,261,333.0,9.800000000000011,above,5-10 K,0.9839468,0.014850134,0.0012031156,0.0007918169,0.36255112,0.63665706
,"1,3-dimethylimidazolium methylsulfate",COS(=O)(=O)[O-].Cn1cc[n+](C)c1,[C1MIm][MeSO4],n-propylbenzene,CCCc1ccccc1,aromatic,n-dodecane,CCCCCCCCCCCC,alkane,0.91770005,0.077800006,0.0045000003,0.0,0.2904,0.7096,101.325,0.2,261,333.0,9.800000000000011,above,5-10 K,0.97990227,0.018606508,0.0014912912,0.0010462779,0.38361254,0.6153412
,"1,3-dimethylimidazolium methylsulfate",COS(=O)(=O)[O-].Cn1cc[n+](C)c1,[C1MIm][MeSO4],n-propylbenzene,CCCc1ccccc1,aromatic,n-dodecane,CCCCCCCCCCCC,alkane,0.8934,0.1014,0.0052,0.0,0.353,0.647,101.325,0.3,261,333.0,9.800000000000011,above,5-10 K,0.9759719,0.022263544,0.0017645545,0.0012429479,0.40467367,0.59408337
,"1,3-dimethylimidazolium methylsulfate",COS(=O)(=O)[O-].Cn1cc[n+](C)c1,[C1MIm][MeSO4],n-propylbenzene,CCCc1ccccc1,aromatic,n-dodecane,CCCCCCCCCCCC,alkane,0.8687,0.1256,0.0057,0.0,0.4047,0.5953,101.325,0.4,261,333.0,9.800000000000011,above,5-10 K,0.97247934,0.025524657,0.0019959032,0.0013318158,0.42598343,0.5726848
,"1,3-dimethylimidazolium methylsulfate",COS(=O)(=O)[O-].Cn1cc[n+](C)c1,[C1MIm][MeSO4],n-propylbenzene,CCCc1ccccc1,aromatic,n-dodecane,CCCCCCCCCCCC,alkane,0.8462,0.1477,0.0061,0.0,0.4491,0.5509,101.325,0.5,261,333.0,9.800000000000011,above,5-10 K,0.9684586,0.029282158,0.0022592728,0.0014253019,0.447763,0.55081165
,"1,3-dimethylimidazolium methylsulfate",COS(=O)(=O)[O-].Cn1cc[n+](C)c1,[C1MIm][MeSO4],n-propylbenzene,CCCc1ccccc1,aromatic,n-dodecane,CCCCCCCCCCCC,alkane,0.8236,0.1699,0.0065,0.0,0.4869,0.5131,101.325,0.6,261,333.0,9.800000000000011,above,5-10 K,0.963887,0.033558227,0.0025548134,0.0015214552,0.46967924,0.5287993
,"1,3-dimethylimidazolium methylsulfate",COS(=O)(=O)[O-].Cn1cc[n+](C)c1,[C1MIm][MeSO4],n-propylbenzene,CCCc1ccccc1,aromatic,n-dodecane,CCCCCCCCCCCC,alkane,0.8025,0.1907,0.0068,0.0,0.52,0.48,101.325,0.7,261,333.0,9.800000000000011,above,5-10 K,0.95865667,0.038455643,0.0028877864,0.0016211857,0.4917558,0.506623
,"1,3-dimethylimidazolium methylsulfate",COS(=O)(=O)[O-].Cn1cc[n+](C)c1,[C1MIm][MeSO4],n-propylbenzene,CCCc1ccccc1,aromatic,n-dodecane,CCCCCCCCCCCC,alkane,0.7823,0.2106,0.0071,0.0,0.5491,0.4509,101.325,0.8,261,333.0,9.800000000000011,above,5-10 K,0.95274043,0.04399832,0.003261159,0.0017240009,0.5137535,0.48452252
,"1,3-dimethylimidazolium methylsulfate",COS(=O)(=O)[O-].Cn1cc[n+](C)c1,[C1MIm][MeSO4],n-propylbenzene,CCCc1ccccc1,aromatic,n-dodecane,CCCCCCCCCCCC,alkane,0.762,0.2305,0.0075,0.0,0.5746,0.4254,101.325,0.9,261,333.0,9.800000000000011,above,5-10 K,0.9489899,0.04755335,0.0034567367,0.0014972795,0.54177916,0.4567236
,"1,3-dimethylimidazolium methylsulfate",COS(=O)(=O)[O-].Cn1cc[n+](C)c1,[C1MIm][MeSO4],n-propylbenzene,CCCc1ccccc1,aromatic,n-dodecane,CCCCCCCCCCCC,alkane,0.7436,0.2486,0.0078,0.0,0.5976,0.4024,101.325,1.0,261,333.0,9.800000000000011,above,5-10 K,0.9432606,0.05295097,0.003788384,0.0014324831,0.56674916,0.4318184
,"1,3-dimethylimidazolium methylsulfate",COS(=O)(=O)[O-].Cn1cc[n+](C)c1,[C1MIm][MeSO4],n-propylbenzene,CCCc1ccccc1,aromatic,n-tetradecane,CCCCCCCCCCCCCC,alkane,0.9641,0.0334,0.0025,0.0,0.1294,0.8706,101.325,0.0,263,333.0,9.800000000000011,above,5-10 K,0.9860297,0.012941982,0.0010283962,0.0007077106,0.34309843,0.65619385
,"1,3-dimethylimidazolium methylsulfate",COS(=O)(=O)[O-].Cn1cc[n+](C)c1,[C1MIm][MeSO4],n-propylbenzene,CCCc1ccccc1,aromatic,n-tetradecane,CCCCCCCCCCCCCC,alkane,0.9342,0.063,0.0028,0.0,0.2305,0.7695,101.325,0.11111111,263,333.0,9.800000000000011,above,5-10 K,0.98370415,0.015112763,0.0011831481,0.0007663858,0.3654539,0.6337797
,"1,3-dimethylimidazolium methylsulfate",COS(=O)(=O)[O-].Cn1cc[n+](C)c1,[C1MIm][MeSO4],n-propylbenzene,CCCc1ccccc1,aromatic,n-tetradecane,CCCCCCCCCCCCCC,alkane,0.90610003,0.09080001,0.0031000003,0.0,0.3105,0.6895,101.325,0.22222222,263,333.0,9.800000000000011,above,5-10 K,0.9823194,0.016437862,0.0012426784,0.0008264289,0.36505306,0.63412046
,"1,3-dimethylimidazolium methylsulfate",COS(=O)(=O)[O-].Cn1cc[n+](C)c1,[C1MIm][MeSO4],n-propylbenzene,CCCc1ccccc1,aromatic,n-tetradecane,CCCCCCCCCCCCCC,alkane,0.8794,0.1171,0.0035,0.0,0.3756,0.6244,101.325,0.33333334,263,333.0,9.800000000000011,above,5-10 K,0.98036504,0.018274618,0.0013603253,0.0008763609,0.3758701,0.6232536
,"1,3-dimethylimidazolium methylsulfate",COS(=O)(=O)[O-].Cn1cc[n+](C)c1,[C1MIm][MeSO4],n-propylbenzene,CCCc1ccccc1,aromatic,n-tetradecane,CCCCCCCCCCCCCC,alkane,0.8517,0.1445,0.0038,0.0,0.4281,0.5719,101.325,0.44444445,263,333.0,9.800000000000011,above,5-10 K,0.9770305,0.021401031,0.0015684903,0.00095657265,0.3994788,0.5995646
,"1,3-dimethylimidazolium methylsulfate",COS(=O)(=O)[O-].Cn1cc[n+](C)c1,[C1MIm][MeSO4],n-propylbenzene,CCCc1ccccc1,aromatic,n-tetradecane,CCCCCCCCCCCCCC,alkane,0.8291,0.1668,0.0041,0.0,0.4741,0.5259,101.325,0.5555556,263,333.0,9.800000000000011,above,5-10 K,0.9730751,0.025111342,0.0018135953,0.0010495852,0.4235256,0.5754248
,"1,3-dimethylimidazolium methylsulfate",COS(=O)(=O)[O-].Cn1cc[n+](C)c1,[C1MIm][MeSO4],n-propylbenzene,CCCc1ccccc1,aromatic,n-tetradecane,CCCCCCCCCCCCCC,alkane,0.8033,0.1923,0.0044,0.0,0.5115,0.4885,101.325,0.6666667,263,333.0,9.800000000000011,above,5-10 K,0.9686053,0.029310618,0.0020840892,0.0011319771,0.44808465,0.55078346
,"1,3-dimethylimidazolium methylsulfate",COS(=O)(=O)[O-].Cn1cc[n+](C)c1,[C1MIm][MeSO4],n-propylbenzene,CCCc1ccccc1,aromatic,n-tetradecane,CCCCCCCCCCCCCC,alkane,0.7778,0.2174,0.0048,0.0,0.5436,0.4564,101.325,0.7777778,263,333.0,9.800000000000011,above,5-10 K,0.9633942,0.034210816,0.002395014,0.0012181724,0.47300217,0.5257797
,"1,3-dimethylimidazolium methylsulfate",COS(=O)(=O)[O-].Cn1cc[n+](C)c1,[C1MIm][MeSO4],n-propylbenzene,CCCc1ccccc1,aromatic,n-tetradecane,CCCCCCCCCCCCCC,alkane,0.7546,0.2403,0.0051,0.0,0.572,0.428,101.325,0.8888889,263,333.0,9.800000000000011,above,5-10 K,0.9573646,0.03988644,0.002748971,0.0013071636,0.49802753,0.5006653
,"1,3-dimethylimidazolium methylsulfate",COS(=O)(=O)[O-].Cn1cc[n+](C)c1,[C1MIm][MeSO4],n-propylbenzene,CCCc1ccccc1,aromatic,n-tetradecane,CCCCCCCCCCCCCC,alkane,0.7316,0.2629,0.0055,0.0,0.5968,0.4032,101.325,1.0,263,333.0,9.800000000000011,above,5-10 K,0.94991463,0.04689896,0.00318644,0.0014467651,0.5221666,0.47638658
,1-ethyl-3-methylimidazolium ethylsulfate,CCOS(=O)(=O)[O-].CCn1cc[n+](C)c1,[C2MIm][EtSO4],benzene,c1ccccc1,aromatic,n-hexane,CCCCCC,alkane,0.959,0.032,0.009,0.0,0.067,0.933,101.325,0.0,271,328.2,5.0,above,0-5 K,0.93824935,0.05847099,0.003279628,0.0016608371,0.15142454,0.84691465
,1-ethyl-3-methylimidazolium ethylsulfate,CCOS(=O)(=O)[O-].CCn1cc[n+](C)c1,[C2MIm][EtSO4],benzene,c1ccccc1,aromatic,n-hexane,CCCCCC,alkane,0.925,0.066,0.009,0.0,0.135,0.865,101.325,0.14285715,271,328.2,5.0,above,0-5 K,0.9253845,0.070719935,0.0038955624,0.0018998405,0.17403954,0.8240606
,1-ethyl-3-methylimidazolium ethylsulfate,CCOS(=O)(=O)[O-].CCn1cc[n+](C)c1,[C2MIm][EtSO4],benzene,c1ccccc1,aromatic,n-hexane,CCCCCC,alkane,0.905,0.086,0.009,0.0,0.18,0.82,101.325,0.2857143,271,328.2,5.0,above,0-5 K,0.9101284,0.08526071,0.004610903,0.0021540257,0.19953011,0.79831594
,1-ethyl-3-methylimidazolium ethylsulfate,CCOS(=O)(=O)[O-].CCn1cc[n+](C)c1,[C2MIm][EtSO4],benzene,c1ccccc1,aromatic,n-hexane,CCCCCC,alkane,0.875,0.116,0.009,0.0,0.244,0.756,101.325,0.42857143,271,328.2,5.0,above,0-5 K,0.8918786,0.10266453,0.0054568914,0.002456197,0.22743382,0.77011
,1-ethyl-3-methylimidazolium ethylsulfate,CCOS(=O)(=O)[O-].CCn1cc[n+](C)c1,[C2MIm][EtSO4],benzene,c1ccccc1,aromatic,n-hexane,CCCCCC,alkane,0.852,0.139,0.009,0.0,0.303,0.697,101.325,0.5714286,271,328.2,5.0,above,0-5 K,0.8704131,0.12315033,0.006436513,0.0027879665,0.25805515,0.73915696
,1-ethyl-3-methylimidazolium ethylsulfate,CCOS(=O)(=O)[O-].CCn1cc[n+](C)c1,[C2MIm][EtSO4],benzene,c1ccccc1,aromatic,n-hexane,CCCCCC,alkane,0.831,0.161,0.008,0.0,0.36,0.64,101.325,0.71428573,271,328.2,5.0,above,0-5 K,0.844468,0.14788182,0.0076501807,0.0033118338,0.29071927,0.70596886
,1-ethyl-3-methylimidazolium ethylsulfate,CCOS(=O)(=O)[O-].CCn1cc[n+](C)c1,[C2MIm][EtSO4],benzene,c1ccccc1,aromatic,n-hexane,CCCCCC,alkane,0.803,0.189,0.008,0.0,0.429,0.571,101.325,0.85714287,271,328.2,5.0,above,0-5 K,0.8156922,0.1753837,0.008924087,0.0037120788,0.32603014,0.67025775
,1-ethyl-3-methylimidazolium ethylsulfate,CCOS(=O)(=O)[O-].CCn1cc[n+](C)c1,[C2MIm][EtSO4],benzene,c1ccccc1,aromatic,n-hexane,CCCCCC,alkane,0.787,0.205,0.008,0.0,0.474,0.526,101.325,1.0,271,328.2,5.0,above,0-5 K,0.78286445,0.2067838,0.010351792,0.004134696,0.36355898,0.63230634
,1-ethyl-3-methylimidazolium ethylsulfate,CCOS(=O)(=O)[O-].CCn1cc[n+](C)c1,[C2MIm][EtSO4],toluene,Cc1ccccc1,aromatic,n-heptane,CCCCCCC,alkane,0.9948,0.0,0.0052,0.0087,0.0,0.9913,101.325,0.0,279,348.2,25.0,above,>20 K,0.97532505,0.023262164,0.0014127538,0.0012086364,0.23331432,0.76547706
,1-ethyl-3-methylimidazolium ethylsulfate,CCOS(=O)(=O)[O-].CCn1cc[n+](C)c1,[C2MIm][EtSO4],toluene,Cc1ccccc1,aromatic,n-heptane,CCCCCCC,alkane,0.9822,0.0124,0.0054,0.0035,0.0601,0.9364,101.325,0.05,279,348.2,25.0,above,>20 K,0.97354114,0.02495363,0.0015052301,0.0012639586,0.24298517,0.75575083
,1-ethyl-3-methylimidazolium ethylsulfate,CCOS(=O)(=O)[O-].CCn1cc[n+](C)c1,[C2MIm][EtSO4],toluene,Cc1ccccc1,aromatic,n-heptane,CCCCCCC,alkane,0.9713,0.0229,0.0058,0.0266,0.1059,0.8675,101.325,0.1,279,348.2,25.0,above,>20 K,0.9716315,0.026765045,0.0016034144,0.0013211748,0.25293183,0.74574697
,1-ethyl-3-methylimidazolium ethylsulfate,CCOS(=O)(=O)[O-].CCn1cc[n+](C)c1,[C2MIm][EtSO4],toluene,Cc1ccccc1,aromatic,n-heptane,CCCCCCC,alkane,0.96110004,0.033300005,0.0056000003,0.0374,0.1395,0.8231,101.325,0.15,279,348.2,25.0,above,>20 K,0.9695654,0.028724806,0.0017097971,0.001385784,0.26332545,0.73528874
,1-ethyl-3-methylimidazolium ethylsulfate,CCOS(=O)(=O)[O-].CCn1cc[n+](C)c1,[C2MIm][EtSO4],toluene,Cc1ccccc1,aromatic,n-heptane,CCCCCCC,alkane,0.9476,0.0465,0.0059,0.0357,0.2096,0.7547,101.325,0.2,279,348.2,25.0,above,>20 K,0.9673662,0.030812137,0.0018216637,0.0014500229,0.27392003,0.72463
,1-ethyl-3-methylimidazolium ethylsulfate,CCOS(=O)(=O)[O-].CCn1cc[n+](C)c1,[C2MIm][EtSO4],toluene,Cc1ccccc1,aromatic,n-heptane,CCCCCCC,alkane,0.941,0.0536,0.0054,0.0415,0.2456,0.7129,101.325,0.25,279,348.2,25.0,above,>20 K,0.965016,0.03304387,0.0019401698,0.0015127469,0.2847468,0.7137405
,1-ethyl-3-methylimidazolium ethylsulfate,CCOS(=O)(=O)[O-].CCn1cc[n+](C)c1,[C2MIm][EtSO4],toluene,Cc1ccccc1,aromatic,n-heptane,CCCCCCC,alkane,0.9263,0.0682,0.0055,0.0204,0.3102,0.6694,101.325,0.3,279,348.2,25.0,above,>20 K,0.96250343,0.035430107,0.0020664167,0.001579172,0.29582295,0.702598
,1-ethyl-3-methylimidazolium ethylsulfate,CCOS(=O)(=O)[O-].CCn1cc[n+](C)c1,[C2MIm][EtSO4],toluene,Cc1ccccc1,aromatic,n-heptane,CCCCCCC,alkane,0.9224,0.0721,0.0055,0.0292,0.3504,0.6204,101.325,0.35,279,348.2,25.0,above,>20 K,0.95979553,0.038003016,0.0022014482,0.0016489208,0.30723682,0.6911143
,1-ethyl-3-methylimidazolium ethylsulfate,CCOS(=O)(=O)[O-].CCn1cc[n+](C)c1,[C2MIm][EtSO4],toluene,Cc1ccccc1,aromatic,n-heptane,CCCCCCC,alkane,0.9122,0.0826,0.0052,0.0329,0.3829,0.5842,101.325,0.4,279,348.2,25.0,above,>20 K,0.9569456,0.04071187,0.0023425363,0.0017168075,0.3187337,0.6795495
,1-ethyl-3-methylimidazolium ethylsulfate,CCOS(=O)(=O)[O-].CCn1cc[n+](C)c1,[C2MIm][EtSO4],toluene,Cc1ccccc1,aromatic,n-heptane,CCCCCCC,alkane,0.9016,0.0943,0.0041,0.0289,0.4482,0.5229,101.325,0.45,279,348.2,25.0,above,>20 K,0.9538854,0.04362241,0.0024922343,0.0017823015,0.33025062,0.6679671
,1-ethyl-3-methylimidazolium ethylsulfate,CCOS(=O)(=O)[O-].CCn1cc[n+](C)c1,[C2MIm][EtSO4],toluene,Cc1ccccc1,aromatic,n-heptane,CCCCCCC,alkane,0.88530004,0.11010001,0.0046000006,0.0274,0.5033,0.4693,101.325,0.5,279,348.2,25.0,above,>20 K,0.95065594,0.04669604,0.0026480306,0.0018437473,0.34155983,0.65659636
,1-ethyl-3-methylimidazolium ethylsulfate,CCOS(=O)(=O)[O-].CCn1cc[n+](C)c1,[C2MIm][EtSO4],toluene,Cc1ccccc1,aromatic,n-heptane,CCCCCCC,alkane,0.87380004,0.12200001,0.0042000003,0.0274,0.5391,0.4335,101.325,0.55,279,348.2,25.0,above,>20 K,0.94717455,0.05000855,0.0028169488,0.0019159118,0.3537445,0.64433956
,1-ethyl-3-methylimidazolium ethylsulfate,CCOS(=O)(=O)[O-].CCn1cc[n+](C)c1,[C2MIm][EtSO4],toluene,Cc1ccccc1,aromatic,n-heptane,CCCCCCC,alkane,0.8771,0.119,0.0039,0.0274,0.5876,0.385,101.325,0.6,279,348.2,25.0,above,>20 K,0.9434403,0.053562697,0.002996999,0.0019908578,0.3661735,0.6318356
,1-ethyl-3-methylimidazolium ethylsulfate,CCOS(=O)(=O)[O-].CCn1cc[n+](C)c1,[C2MIm][EtSO4],toluene,Cc1ccccc1,aromatic,n-heptane,CCCCCCC,alkane,0.8631,0.1335,0.0034,0.0213,0.6401,0.3386,101.325,0.65,279,348.2,25.0,above,>20 K,0.9394662,0.057347126,0.0031866115,0.0020661168,0.37870997,0.6192239
,1-ethyl-3-methylimidazolium ethylsulfate,CCOS(=O)(=O)[O-].CCn1cc[n+](C)c1,[C2MIm][EtSO4],toluene,Cc1ccccc1,aromatic,n-heptane,CCCCCCC,alkane,0.85410005,0.14210002,0.0038000003,0.0254,0.6766,0.298,101.325,0.7,279,348.2,25.0,above,>20 K,0.9359683,0.06070159,0.0033302172,0.0020198005,0.3925494,0.6054308
,1-ethyl-3-methylimidazolium ethylsulfate,CCOS(=O)(=O)[O-].CCn1cc[n+](C)c1,[C2MIm][EtSO4],toluene,Cc1ccccc1,aromatic,n-heptane,CCCCCCC,alkane,0.8429,0.1543,0.0028,0.0185,0.7399,0.2416,101.325,0.75,279,348.2,25.0,above,>20 K,0.9318895,0.06460138,0.0035092414,0.0020318558,0.40598902,0.59197915
,1-ethyl-3-methylimidazolium ethylsulfate,CCOS(=O)(=O)[O-].CCn1cc[n+](C)c1,[C2MIm][EtSO4],toluene,Cc1ccccc1,aromatic,n-heptane,CCCCCCC,alkane,0.8362,0.1612,0.0026,0.0204,0.7922,0.1874,101.325,0.8,279,348.2,25.0,above,>20 K,0.9271786,0.06909447,0.003726944,0.00209733,0.41900116,0.57890147
,1-ethyl-3-methylimidazolium ethylsulfate,CCOS(=O)(=O)[O-].CCn1cc[n+](C)c1,[C2MIm][EtSO4],toluene,Cc1ccccc1,aromatic,n-heptane,CCCCCCC,alkane,0.8203,0.1775,0.0022,0.0319,0.815,0.1531,101.325,0.85,279,348.2,25.0,above,>20 K,0.92211,0.07393136,0.0039586937,0.0021574318,0.4323943,0.5654483
,1-ethyl-3-methylimidazolium ethylsulfate,CCOS(=O)(=O)[O-].CCn1cc[n+](C)c1,[C2MIm][EtSO4],toluene,Cc1ccccc1,aromatic,n-heptane,CCCCCCC,alkane,0.8159,0.1826,0.0015,0.0262,0.8888,0.085,101.325,0.9,279,348.2,25.0,above,>20 K,0.9167475,0.07904821,0.0042043063,0.0022308042,0.4456588,0.55211043
,1-ethyl-3-methylimidazolium ethylsulfate,CCOS(=O)(=O)[O-].CCn1cc[n+](C)c1,[C2MIm][EtSO4],toluene,Cc1ccccc1,aromatic,n-heptane,CCCCCCC,alkane,0.8145,0.1844,0.0011,0.0143,0.9417,0.044,101.325,0.95,279,348.2,25.0,above,>20 K,0.9109816,0.08455149,0.004466948,0.0023059733,0.4591231,0.5385709
,1-ethyl-3-methylimidazolium ethylsulfate,CCOS(=O)(=O)[O-].CCn1cc[n+](C)c1,[C2MIm][EtSO4],toluene,Cc1ccccc1,aromatic,n-heptane,CCCCCCC,alkane,0.8192,0.1808,0.0,0.0373,0.9627,0.0,101.325,1.0,279,348.2,25.0,above,>20 K,0.9045996,0.09063316,0.0047672004,0.0024315023,0.47209918,0.5254693
,3-methyl-N-ethylpyridinium ethylsulfate,CCOS(=O)(=O)[O-].CC[n+]1cccc(C)c1,[C2MPy][EtSO4],benzene,c1ccccc1,aromatic,n-hexane,CCCCCC,alkane,0.924,0.051,0.025,0.0,0.051,0.949,101.325,0.0,285,283.15,10.0,below,5-10 K,0.87282616,0.12082978,0.0063440367,0.0029839887,0.26911306,0.7279029
,3-methyl-N-ethylpyridinium ethylsulfate,CCOS(=O)(=O)[O-].CC[n+]1cccc(C)c1,[C2MPy][EtSO4],benzene,c1ccccc1,aromatic,n-hexane,CCCCCC,alkane,0.874,0.102,0.024,0.0,0.108,0.892,101.325,0.11111111,285,283.15,10.0,below,5-10 K,0.8549411,0.13791576,0.007143123,0.0032442731,0.29465753,0.70209825
,3-methyl-N-ethylpyridinium ethylsulfate,CCOS(=O)(=O)[O-].CC[n+]1cccc(C)c1,[C2MPy][EtSO4],benzene,c1ccccc1,aromatic,n-hexane,CCCCCC,alkane,0.82600003,0.15000002,0.024000002,0.0,0.16983019,0.83016986,101.325,0.22222222,285,283.15,10.0,below,5-10 K,0.83490616,0.15705302,0.008040774,0.0035380924,0.32189572,0.67456615
,3-methyl-N-ethylpyridinium ethylsulfate,CCOS(=O)(=O)[O-].CC[n+]1cccc(C)c1,[C2MPy][EtSO4],benzene,c1ccccc1,aromatic,n-hexane,CCCCCC,alkane,0.781,0.196,0.023,0.0,0.235,0.765,101.325,0.33333334,285,283.15,10.0,below,5-10 K,0.81266296,0.17831121,0.009025882,0.0038448009,0.35040578,0.64574945
,3-methyl-N-ethylpyridinium ethylsulfate,CCOS(=O)(=O)[O-].CC[n+]1cccc(C)c1,[C2MPy][EtSO4],benzene,c1ccccc1,aromatic,n-hexane,CCCCCC,alkane,0.762,0.215,0.023,0.0,0.263,0.737,101.325,0.44444445,285,283.15,10.0,below,5-10 K,0.787886,0.2019756,0.010138499,0.0042398972,0.37963304,0.61612713
,3-methyl-N-ethylpyridinium ethylsulfate,CCOS(=O)(=O)[O-].CC[n+]1cccc(C)c1,[C2MPy][EtSO4],benzene,c1ccccc1,aromatic,n-hexane,CCCCCC,alkane,0.702,0.277,0.021,0.0,0.367,0.633,101.325,0.5555556,285,283.15,10.0,below,5-10 K,0.76047045,0.22814323,0.011386352,0.004748293,0.4093411,0.5859106
,3-methyl-N-ethylpyridinium ethylsulfate,CCOS(=O)(=O)[O-].CC[n+]1cccc(C)c1,[C2MPy][EtSO4],benzene,c1ccccc1,aromatic,n-hexane,CCCCCC,alkane,0.676,0.303,0.021,0.0,0.425,0.575,101.325,0.6666667,285,283.15,10.0,below,5-10 K,0.73164415,0.25573093,0.012624941,0.0050940174,0.44031107,0.55459493
,3-methyl-N-ethylpyridinium ethylsulfate,CCOS(=O)(=O)[O-].CC[n+]1cccc(C)c1,[C2MPy][EtSO4],benzene,c1ccccc1,aromatic,n-hexane,CCCCCC,alkane,0.639,0.342,0.019,0.0,0.493,0.507,101.325,0.7777778,285,283.15,10.0,below,5-10 K,0.70073134,0.28533244,0.01393627,0.0054437225,0.47168297,0.5228733
,3-methyl-N-ethylpyridinium ethylsulfate,CCOS(=O)(=O)[O-].CC[n+]1cccc(C)c1,[C2MPy][EtSO4],benzene,c1ccccc1,aromatic,n-hexane,CCCCCC,alkane,0.583,0.403,0.014,0.0,0.626,0.374,101.325,0.8888889,285,283.15,10.0,below,5-10 K,0.66866904,0.31615916,0.015171785,0.005492282,0.5051401,0.4893676
,3-methyl-N-ethylpyridinium ethylsulfate,CCOS(=O)(=O)[O-].CC[n+]1cccc(C)c1,[C2MPy][EtSO4],benzene,c1ccccc1,aromatic,n-hexane,CCCCCC,alkane,0.519,0.472,0.009,0.0,0.769,0.231,101.325,1.0,285,283.15,10.0,below,5-10 K,0.6340797,0.34932786,0.01659245,0.0058197887,0.5366016,0.45757857
,3-methyl-N-ethylpyridinium ethylsulfate,CCOS(=O)(=O)[O-].CC[n+]1cccc(C)c1,[C2MPy][EtSO4],benzene,c1ccccc1,aromatic,n-heptane,CCCCCCC,alkane,0.947,0.045,0.008,0.0,0.052,0.948,101.325,0.0,289,283.15,10.0,below,5-10 K,0.8748713,0.11902209,0.006106613,0.0028683913,0.2657023,0.73142934
,3-methyl-N-ethylpyridinium ethylsulfate,CCOS(=O)(=O)[O-].CC[n+]1cccc(C)c1,[C2MPy][EtSO4],benzene,c1ccccc1,aromatic,n-heptane,CCCCCCC,alkane,0.864,0.128,0.008,0.0,0.163,0.837,101.325,0.125,289,283.15,10.0,below,5-10 K,0.8546879,0.13831496,0.0069971234,0.0031626478,0.29504874,0.7017886
,3-methyl-N-ethylpyridinium ethylsulfate,CCOS(=O)(=O)[O-].CC[n+]1cccc(C)c1,[C2MPy][EtSO4],benzene,c1ccccc1,aromatic,n-heptane,CCCCCCC,alkane,0.827,0.164,0.009,0.0,0.214,0.786,101.325,0.25,289,283.15,10.0,below,5-10 K,0.8318152,0.16018814,0.007996627,0.0034865984,0.32605618,0.6704572
,3-methyl-N-ethylpyridinium ethylsulfate,CCOS(=O)(=O)[O-].CC[n+]1cccc(C)c1,[C2MPy][EtSO4],benzene,c1ccccc1,aromatic,n-heptane,CCCCCCC,alkane,0.791,0.199,0.01,0.0,0.271,0.729,101.325,0.375,289,283.15,10.0,below,5-10 K,0.80618256,0.18471374,0.009103684,0.0038253095,0.3586908,0.63748384
,3-methyl-N-ethylpyridinium ethylsulfate,CCOS(=O)(=O)[O-].CC[n+]1cccc(C)c1,[C2MPy][EtSO4],benzene,c1ccccc1,aromatic,n-heptane,CCCCCCC,alkane,0.759,0.231,0.01,0.0,0.324,0.676,101.325,0.5,289,283.15,10.0,below,5-10 K,0.7776887,0.21199688,0.0103144385,0.004174862,0.39257404,0.6032511
,3-methyl-N-ethylpyridinium ethylsulfate,CCOS(=O)(=O)[O-].CC[n+]1cccc(C)c1,[C2MPy][EtSO4],benzene,c1ccccc1,aromatic,n-heptane,CCCCCCC,alkane,0.69100004,0.29800004,0.011000001,0.0,0.442,0.558,101.325,0.625,289,283.15,10.0,below,5-10 K,0.746164,0.24217673,0.011659268,0.004595836,0.42718658,0.56821764
,3-methyl-N-ethylpyridinium ethylsulfate,CCOS(=O)(=O)[O-].CC[n+]1cccc(C)c1,[C2MPy][EtSO4],benzene,c1ccccc1,aromatic,n-heptane,CCCCCCC,alkane,0.62700003,0.36400002,0.009000001,0.0,0.567,0.433,101.325,0.75,289,283.15,10.0,below,5-10 K,0.71202445,0.27489093,0.013084554,0.0049966415,0.46250048,0.53250283
,3-methyl-N-ethylpyridinium ethylsulfate,CCOS(=O)(=O)[O-].CC[n+]1cccc(C)c1,[C2MPy][EtSO4],benzene,c1ccccc1,aromatic,n-heptane,CCCCCCC,alkane,0.562,0.431,0.007,0.0,0.697,0.303,101.325,0.875,289,283.15,10.0,below,5-10 K,0.6754379,0.3099861,0.014575902,0.0053648464,0.49829164,0.49634358
,3-methyl-N-ethylpyridinium ethylsulfate,CCOS(=O)(=O)[O-].CC[n+]1cccc(C)c1,[C2MPy][EtSO4],benzene,c1ccccc1,aromatic,n-heptane,CCCCCCC,alkane,0.491,0.509,0.0,0.0,0.841,0.159,101.325,1.0,289,283.15,10.0,below,5-10 K,0.6366674,0.34720123,0.016131472,0.005726632,0.5339726,0.4603008
,3-methyl-N-ethylpyridinium ethylsulfate,CCOS(=O)(=O)[O-].CC[n+]1cccc(C)c1,[C2MPy][EtSO4],benzene,c1ccccc1,aromatic,n-octane,CCCCCCCC,alkane,0.91400003,0.080000006,0.0060000005,0.0,0.102,0.898,101.325,0.0,292,283.15,10.0,below,5-10 K,0.87636137,0.11769787,0.005940795,0.0028516562,0.26201692,0.7351314
,3-methyl-N-ethylpyridinium ethylsulfate,CCOS(=O)(=O)[O-].CC[n+]1cccc(C)c1,[C2MPy][EtSO4],benzene,c1ccccc1,aromatic,n-octane,CCCCCCCC,alkane,0.864,0.13,0.006,0.0,0.167,0.833,101.325,0.125,292,283.15,10.0,below,5-10 K,0.856137,0.13703032,0.006832642,0.0031922723,0.2910507,0.705757
,3-methyl-N-ethylpyridinium ethylsulfate,CCOS(=O)(=O)[O-].CC[n+]1cccc(C)c1,[C2MPy][EtSO4],benzene,c1ccccc1,aromatic,n-octane,CCCCCCCC,alkane,0.83,0.165,0.005,0.0,0.217,0.783,101.325,0.25,292,283.15,10.0,below,5-10 K,0.83341223,0.15877378,0.007814003,0.0035232157,0.3219957,0.67448103
,3-methyl-N-ethylpyridinium ethylsulfate,CCOS(=O)(=O)[O-].CC[n+]1cccc(C)c1,[C2MPy][EtSO4],benzene,c1ccccc1,aromatic,n-octane,CCCCCCCC,alkane,0.791,0.204,0.005,0.0,0.275,0.725,101.325,0.375,292,283.15,10.0,below,5-10 K,0.8079159,0.18318607,0.008897998,0.003868137,0.35454616,0.64158577
,3-methyl-N-ethylpyridinium ethylsulfate,CCOS(=O)(=O)[O-].CC[n+]1cccc(C)c1,[C2MPy][EtSO4],benzene,c1ccccc1,aromatic,n-octane,CCCCCCCC,alkane,0.74,0.256,0.004,0.0,0.373,0.627,101.325,0.5,292,283.15,10.0,below,5-10 K,0.77958053,0.21033306,0.010086397,0.004225131,0.38842154,0.6073534
,3-methyl-N-ethylpyridinium ethylsulfate,CCOS(=O)(=O)[O-].CC[n+]1cccc(C)c1,[C2MPy][EtSO4],benzene,c1ccccc1,aromatic,n-octane,CCCCCCCC,alkane,0.725,0.271,0.004,0.0,0.389,0.611,101.325,0.625,292,283.15,10.0,below,5-10 K,0.7485914,0.24005538,0.011353208,0.004530278,0.42365116,0.57181865
,3-methyl-N-ethylpyridinium ethylsulfate,CCOS(=O)(=O)[O-].CC[n+]1cccc(C)c1,[C2MPy][EtSO4],benzene,c1ccccc1,aromatic,n-octane,CCCCCCCC,alkane,0.693,0.303,0.004,0.0,0.451,0.549,101.325,0.75,292,283.15,10.0,below,5-10 K,0.71513754,0.27218515,0.012677269,0.004765014,0.45971557,0.5355194
,3-methyl-N-ethylpyridinium ethylsulfate,CCOS(=O)(=O)[O-].CC[n+]1cccc(C)c1,[C2MPy][EtSO4],benzene,c1ccccc1,aromatic,n-octane,CCCCCCCC,alkane,0.632,0.365,0.003,0.0,0.574,0.426,101.325,0.875,292,283.15,10.0,below,5-10 K,0.6786352,0.3072296,0.014135165,0.00511986,0.4956856,0.49919456
,3-methyl-N-ethylpyridinium ethylsulfate,CCOS(=O)(=O)[O-].CC[n+]1cccc(C)c1,[C2MPy][EtSO4],benzene,c1ccccc1,aromatic,n-octane,CCCCCCCC,alkane,0.55,0.448,0.002,0.0,0.698,0.302,101.325,1.0,292,283.15,10.0,below,5-10 K,0.6398768,0.3444656,0.015657587,0.005467902,0.5315853,0.4629468
,3-methyl-N-ethylpyridinium ethylsulfate,CCOS(=O)(=O)[O-].CC[n+]1cccc(C)c1,[C2MPy][EtSO4],benzene,c1ccccc1,aromatic,n-nonane,CCCCCCCCC,alkane,0.915,0.081,0.004,0.0,0.116,0.884,101.325,0.0,294,283.15,10.0,below,5-10 K,0.87827605,0.11596893,0.0057549607,0.002751385,0.25856924,0.7386794
,3-methyl-N-ethylpyridinium ethylsulfate,CCOS(=O)(=O)[O-].CC[n+]1cccc(C)c1,[C2MPy][EtSO4],benzene,c1ccccc1,aromatic,n-nonane,CCCCCCCCC,alkane,0.893,0.103,0.004,0.0,0.172,0.828,101.325,0.125,294,283.15,10.0,below,5-10 K,0.85836965,0.13502108,0.0066092866,0.003053299,0.28763103,0.7093157
,3-methyl-N-ethylpyridinium ethylsulfate,CCOS(=O)(=O)[O-].CC[n+]1cccc(C)c1,[C2MPy][EtSO4],benzene,c1ccccc1,aromatic,n-nonane,CCCCCCCCC,alkane,0.856,0.14,0.004,0.0,0.232,0.768,101.325,0.25,294,283.15,10.0,below,5-10 K,0.8358333,0.15660198,0.00756469,0.003372105,0.31854108,0.6780868
,3-methyl-N-ethylpyridinium ethylsulfate,CCOS(=O)(=O)[O-].CC[n+]1cccc(C)c1,[C2MPy][EtSO4],benzene,c1ccccc1,aromatic,n-nonane,CCCCCCCCC,alkane,0.816,0.18,0.004,0.0,0.287,0.713,101.325,0.375,294,283.15,10.0,below,5-10 K,0.81048775,0.18088272,0.008629473,0.00372393,0.35101902,0.645257
,3-methyl-N-ethylpyridinium ethylsulfate,CCOS(=O)(=O)[O-].CC[n+]1cccc(C)c1,[C2MPy][EtSO4],benzene,c1ccccc1,aromatic,n-nonane,CCCCCCCCC,alkane,0.781,0.215,0.004,0.0,0.344,0.656,101.325,0.5,294,283.15,10.0,below,5-10 K,0.78218716,0.20800439,0.00980843,0.0041099433,0.38478145,0.6111086
,3-methyl-N-ethylpyridinium ethylsulfate,CCOS(=O)(=O)[O-].CC[n+]1cccc(C)c1,[C2MPy][EtSO4],benzene,c1ccccc1,aromatic,n-nonane,CCCCCCCCC,alkane,0.718,0.278,0.004,0.0,0.46,0.54,101.325,0.625,294,283.15,10.0,below,5-10 K,0.7511137,0.23781571,0.011070505,0.0044689598,0.41984156,0.5756895
,3-methyl-N-ethylpyridinium ethylsulfate,CCOS(=O)(=O)[O-].CC[n+]1cccc(C)c1,[C2MPy][EtSO4],benzene,c1ccccc1,aromatic,n-nonane,CCCCCCCCC,alkane,0.652,0.345,0.003,0.0,0.584,0.416,101.325,0.75,294,283.15,10.0,below,5-10 K,0.71692157,0.27061138,0.012467088,0.0049221916,0.45549032,0.53958744
,3-methyl-N-ethylpyridinium ethylsulfate,CCOS(=O)(=O)[O-].CC[n+]1cccc(C)c1,[C2MPy][EtSO4],benzene,c1ccccc1,aromatic,n-nonane,CCCCCCCCC,alkane,0.589,0.409,0.002,0.0,0.715,0.285,101.325,0.875,294,283.15,10.0,below,5-10 K,0.6797348,0.30626163,0.014003563,0.005496289,0.49132636,0.50317734
,3-methyl-N-ethylpyridinium ethylsulfate,CCOS(=O)(=O)[O-].CC[n+]1cccc(C)c1,[C2MPy][EtSO4],benzene,c1ccccc1,aromatic,n-nonane,CCCCCCCCC,alkane,0.52900004,0.47000003,0.0010000002,0.0,0.842,0.158,101.325,1.0,294,283.15,10.0,below,5-10 K,0.6411597,0.34333467,0.015505644,0.0058734277,0.527269,0.46685755
no,1-ethylpyridinium ethylsulfate,CCOS(=O)(=O)[O-].CC[n+]1ccccc1,[C2Py][EtSO4],benzene,c1ccccc1,aromatic,n-hexane,CCCCCC,alkane,0.933,0.061,0.006,0.0,0.111,0.889,101.325,0.0,307,283.15,10.0,below,5-10 K,0.9217326,0.07429014,0.003977258,0.0022015076,0.2421841,0.75561446
no,1-ethylpyridinium ethylsulfate,CCOS(=O)(=O)[O-].CC[n+]1ccccc1,[C2Py][EtSO4],benzene,c1ccccc1,aromatic,n-hexane,CCCCCC,alkane,0.90000004,0.094000004,0.0060000005,0.0,0.184,0.816,101.325,0.125,307,283.15,10.0,below,5-10 K,0.9081394,0.08725291,0.0046077115,0.0024687313,0.2688568,0.7286746
no,1-ethylpyridinium ethylsulfate,CCOS(=O)(=O)[O-].CC[n+]1ccccc1,[C2Py][EtSO4],benzene,c1ccccc1,aromatic,n-hexane,CCCCCC,alkane,0.873,0.122,0.005,0.0,0.252,0.748,101.325,0.25,307,283.15,10.0,below,5-10 K,0.8925836,0.1021014,0.0053150333,0.002735373,0.29700112,0.7002635
no,1-ethylpyridinium ethylsulfate,CCOS(=O)(=O)[O-].CC[n+]1ccccc1,[C2Py][EtSO4],benzene,c1ccccc1,aromatic,n-hexane,CCCCCC,alkane,0.848,0.147,0.005,0.0,0.314,0.686,101.325,0.375,307,283.15,10.0,below,5-10 K,0.87472826,0.11915629,0.0061154743,0.0030189161,0.32684293,0.6701381
no,1-ethylpyridinium ethylsulfate,CCOS(=O)(=O)[O-].CC[n+]1ccccc1,[C2Py][EtSO4],benzene,c1ccccc1,aromatic,n-hexane,CCCCCC,alkane,0.822,0.173,0.005,0.0,0.382,0.618,101.325,0.5,307,283.15,10.0,below,5-10 K,0.8544006,0.13858692,0.007012507,0.0033166653,0.35748655,0.63919675
no,1-ethylpyridinium ethylsulfate,CCOS(=O)(=O)[O-].CC[n+]1ccccc1,[C2Py][EtSO4],benzene,c1ccccc1,aromatic,n-hexane,CCCCCC,alkane,0.797,0.198,0.005,0.0,0.454,0.546,101.325,0.625,307,283.15,10.0,below,5-10 K,0.83142287,0.16056438,0.008012723,0.0036270313,0.38993627,0.6064367
no,1-ethylpyridinium ethylsulfate,CCOS(=O)(=O)[O-].CC[n+]1ccccc1,[C2Py][EtSO4],benzene,c1ccccc1,aromatic,n-hexane,CCCCCC,alkane,0.776,0.22,0.004,0.0,0.53,0.47,101.325,0.75,307,283.15,10.0,below,5-10 K,0.80564755,0.18523425,0.009118228,0.0039456305,0.42335713,0.5726972
no,1-ethylpyridinium ethylsulfate,CCOS(=O)(=O)[O-].CC[n+]1ccccc1,[C2Py][EtSO4],benzene,c1ccccc1,aromatic,n-hexane,CCCCCC,alkane,0.756,0.24,0.004,0.0,0.596,0.404,101.325,0.875,307,283.15,10.0,below,5-10 K,0.7769905,0.21267936,0.01033024,0.0042710504,0.4574314,0.5382976
no,1-ethylpyridinium ethylsulfate,CCOS(=O)(=O)[O-].CC[n+]1ccccc1,[C2Py][EtSO4],benzene,c1ccccc1,aromatic,n-hexane,CCCCCC,alkane,0.733,0.263,0.004,0.0,0.668,0.332,101.325,1.0,307,283.15,10.0,below,5-10 K,0.7451871,0.243143,0.0116698835,0.00466246,0.49108225,0.5042553
no,1-ethylpyridinium ethylsulfate,CCOS(=O)(=O)[O-].CC[n+]1ccccc1,[C2Py][EtSO4],benzene,c1ccccc1,aromatic,n-heptane,CCCCCCC,alkane,0.966,0.029,0.005,0.0,0.058,0.942,101.325,0.0,309,283.15,10.0,below,5-10 K,0.92260855,0.073532514,0.0038589223,0.0021851,0.23812647,0.75968844
no,1-ethylpyridinium ethylsulfate,CCOS(=O)(=O)[O-].CC[n+]1ccccc1,[C2Py][EtSO4],benzene,c1ccccc1,aromatic,n-heptane,CCCCCCC,alkane,0.93,0.065,0.005,0.0,0.134,0.866,101.325,0.125,309,283.15,10.0,below,5-10 K,0.9092112,0.08632412,0.004464633,0.0024334106,0.26439527,0.7331713
no,1-ethylpyridinium ethylsulfate,CCOS(=O)(=O)[O-].CC[n+]1ccccc1,[C2Py][EtSO4],benzene,c1ccccc1,aromatic,n-heptane,CCCCCCC,alkane,0.905,0.09,0.005,0.0,0.192,0.808,101.325,0.25,309,283.15,10.0,below,5-10 K,0.8937648,0.10108344,0.00515179,0.0026991868,0.29244447,0.70485634
no,1-ethylpyridinium ethylsulfate,CCOS(=O)(=O)[O-].CC[n+]1ccccc1,[C2Py][EtSO4],benzene,c1ccccc1,aromatic,n-heptane,CCCCCCC,alkane,0.879,0.116,0.005,0.0,0.255,0.745,101.325,0.375,309,283.15,10.0,below,5-10 K,0.8758621,0.118193455,0.005944382,0.0030095263,0.32185617,0.67513424
no,1-ethylpyridinium ethylsulfate,CCOS(=O)(=O)[O-].CC[n+]1ccccc1,[C2Py][EtSO4],benzene,c1ccccc1,aromatic,n-heptane,CCCCCCC,alkane,0.837,0.159,0.004,0.0,0.368,0.632,101.325,0.5,309,283.15,10.0,below,5-10 K,0.8556628,0.1375167,0.006820384,0.0033082617,0.35300142,0.64369035
no,1-ethylpyridinium ethylsulfate,CCOS(=O)(=O)[O-].CC[n+]1ccccc1,[C2Py][EtSO4],benzene,c1ccccc1,aromatic,n-heptane,CCCCCCC,alkane,0.802,0.194,0.004,0.0,0.462,0.538,101.325,0.625,309,283.15,10.0,below,5-10 K,0.8327929,0.15941052,0.007796637,0.003619851,0.3854897,0.61089045
no,1-ethylpyridinium ethylsulfate,CCOS(=O)(=O)[O-].CC[n+]1ccccc1,[C2Py][EtSO4],benzene,c1ccccc1,aromatic,n-heptane,CCCCCCC,alkane,0.781,0.215,0.004,0.0,0.522,0.478,101.325,0.75,309,283.15,10.0,below,5-10 K,0.8078412,0.1833371,0.008821766,0.0038444512,0.41968876,0.57646674
no,1-ethylpyridinium ethylsulfate,CCOS(=O)(=O)[O-].CC[n+]1ccccc1,[C2Py][EtSO4],benzene,c1ccccc1,aromatic,n-heptane,CCCCCCC,alkane,0.761,0.235,0.004,0.0,0.585,0.415,101.325,0.875,309,283.15,10.0,below,5-10 K,0.78067243,0.20944107,0.009886504,0.0039615217,0.45561212,0.5404263
no,1-ethylpyridinium ethylsulfate,CCOS(=O)(=O)[O-].CC[n+]1ccccc1,[C2Py][EtSO4],benzene,c1ccccc1,aromatic,n-heptane,CCCCCCC,alkane,0.743,0.254,0.003,0.0,0.649,0.351,101.325,1.0,309,283.15,10.0,below,5-10 K,0.7493186,0.23952655,0.01115483,0.004269126,0.49030447,0.5054264
no,1-ethylpyridinium ethylsulfate,CCOS(=O)(=O)[O-].CC[n+]1ccccc1,[C2Py][EtSO4],benzene,c1ccccc1,aromatic,n-octane,CCCCCCCC,alkane,0.966,0.029,0.005,0.0,0.062,0.938,101.325,0.0,311,283.15,10.0,below,5-10 K,0.92496014,0.071388066,0.0036517452,0.0019892212,0.235401,0.7626097
no,1-ethylpyridinium ethylsulfate,CCOS(=O)(=O)[O-].CC[n+]1ccccc1,[C2Py][EtSO4],benzene,c1ccccc1,aromatic,n-octane,CCCCCCCC,alkane,0.939,0.057,0.004,0.0,0.126,0.874,101.325,0.11111111,311,283.15,10.0,below,5-10 K,0.91328853,0.082539886,0.0041716048,0.0022121905,0.2589278,0.73886
no,1-ethylpyridinium ethylsulfate,CCOS(=O)(=O)[O-].CC[n+]1ccccc1,[C2Py][EtSO4],benzene,c1ccccc1,aromatic,n-octane,CCCCCCCC,alkane,0.906,0.09,0.004,0.0,0.2,0.8,101.325,0.22222222,311,283.15,10.0,below,5-10 K,0.90007037,0.09518181,0.0047478955,0.0024290541,0.28376842,0.7138026
no,1-ethylpyridinium ethylsulfate,CCOS(=O)(=O)[O-].CC[n+]1ccccc1,[C2Py][EtSO4],benzene,c1ccccc1,aromatic,n-octane,CCCCCCCC,alkane,0.882,0.114,0.004,0.0,0.256,0.744,101.325,0.33333334,311,283.15,10.0,below,5-10 K,0.88514954,0.10946124,0.005389258,0.0026582484,0.3098868,0.68745494
no,1-ethylpyridinium ethylsulfate,CCOS(=O)(=O)[O-].CC[n+]1ccccc1,[C2Py][EtSO4],benzene,c1ccccc1,aromatic,n-octane,CCCCCCCC,alkane,0.856,0.14,0.004,0.0,0.32,0.68,101.325,0.44444445,311,283.15,10.0,below,5-10 K,0.868971,0.124992736,0.0060362676,0.0027574254,0.33738697,0.6598556
no,1-ethylpyridinium ethylsulfate,CCOS(=O)(=O)[O-].CC[n+]1ccccc1,[C2Py][EtSO4],benzene,c1ccccc1,aromatic,n-octane,CCCCCCCC,alkane,0.833,0.163,0.004,0.0,0.382,0.618,101.325,0.5555556,311,283.15,10.0,below,5-10 K,0.8504147,0.14279759,0.006787718,0.0029240446,0.36602187,0.63105416
no,1-ethylpyridinium ethylsulfate,CCOS(=O)(=O)[O-].CC[n+]1ccccc1,[C2Py][EtSO4],benzene,c1ccccc1,aromatic,n-octane,CCCCCCCC,alkane,0.806,0.19,0.004,0.0,0.451,0.549,101.325,0.6666667,311,283.15,10.0,below,5-10 K,0.8293976,0.16295367,0.007648759,0.003164385,0.39559358,0.601242
no,1-ethylpyridinium ethylsulfate,CCOS(=O)(=O)[O-].CC[n+]1ccccc1,[C2Py][EtSO4],benzene,c1ccccc1,aromatic,n-octane,CCCCCCCC,alkane,0.778,0.218,0.004,0.0,0.533,0.467,101.325,0.7777778,311,283.15,10.0,below,5-10 K,0.80564535,0.18572177,0.0086329235,0.00348794,0.42557648,0.57093567
no,1-ethylpyridinium ethylsulfate,CCOS(=O)(=O)[O-].CC[n+]1ccccc1,[C2Py][EtSO4],benzene,c1ccccc1,aromatic,n-octane,CCCCCCCC,alkane,0.754,0.242,0.004,0.0,0.6,0.4,101.325,0.8888889,311,283.15,10.0,below,5-10 K,0.7800612,0.21028253,0.009656301,0.003745141,0.4562757,0.53997916
no,1-ethylpyridinium ethylsulfate,CCOS(=O)(=O)[O-].CC[n+]1ccccc1,[C2Py][EtSO4],benzene,c1ccccc1,aromatic,n-octane,CCCCCCCC,alkane,0.735,0.261,0.004,0.0,0.66,0.34,101.325,1.0,311,283.15,10.0,below,5-10 K,0.7520538,0.2371873,0.010758976,0.0040034587,0.4874586,0.508538
no,1-ethylpyridinium ethylsulfate,CCOS(=O)(=O)[O-].CC[n+]1ccccc1,[C2Py][EtSO4],benzene,c1ccccc1,aromatic,n-nonane,CCCCCCCCC,alkane,0.94,0.056,0.004,0.0,0.129,0.871,101.325,0.0,313,283.15,10.0,below,5-10 K,0.92671585,0.06980163,0.0034825148,0.0018255775,0.23228346,0.765891
no,1-ethylpyridinium ethylsulfate,CCOS(=O)(=O)[O-].CC[n+]1ccccc1,[C2Py][EtSO4],benzene,c1ccccc1,aromatic,n-nonane,CCCCCCCCC,alkane,0.915,0.082,0.003,0.0,0.19,0.81,101.325,0.125,313,283.15,10.0,below,5-10 K,0.91436124,0.081637666,0.0040010526,0.0019740502,0.25920814,0.73881775
no,1-ethylpyridinium ethylsulfate,CCOS(=O)(=O)[O-].CC[n+]1ccccc1,[C2Py][EtSO4],benzene,c1ccccc1,aromatic,n-nonane,CCCCCCCCC,alkane,0.89,0.107,0.003,0.0,0.249,0.751,101.325,0.25,313,283.15,10.0,below,5-10 K,0.8994063,0.0959597,0.0046339184,0.00219442,0.28753424,0.71027136
no,1-ethylpyridinium ethylsulfate,CCOS(=O)(=O)[O-].CC[n+]1ccccc1,[C2Py][EtSO4],benzene,c1ccccc1,aromatic,n-nonane,CCCCCCCCC,alkane,0.864,0.133,0.003,0.0,0.314,0.686,101.325,0.375,313,283.15,10.0,below,5-10 K,0.8821796,0.11246911,0.005351256,0.0024287899,0.31762812,0.6799431
no,1-ethylpyridinium ethylsulfate,CCOS(=O)(=O)[O-].CC[n+]1ccccc1,[C2Py][EtSO4],benzene,c1ccccc1,aromatic,n-nonane,CCCCCCCCC,alkane,0.841,0.156,0.003,0.0,0.372,0.628,101.325,0.5,313,283.15,10.0,below,5-10 K,0.86247927,0.13136113,0.0061596124,0.0026748178,0.34924743,0.64807785
no,1-ethylpyridinium ethylsulfate,CCOS(=O)(=O)[O-].CC[n+]1ccccc1,[C2Py][EtSO4],benzene,c1ccccc1,aromatic,n-nonane,CCCCCCCCC,alkane,0.792,0.205,0.003,0.0,0.502,0.498,101.325,0.625,313,283.15,10.0,below,5-10 K,0.84005755,0.15287872,0.0070637534,0.0029315955,0.3822765,0.61479187
no,1-ethylpyridinium ethylsulfate,CCOS(=O)(=O)[O-].CC[n+]1ccccc1,[C2Py][EtSO4],benzene,c1ccccc1,aromatic,n-nonane,CCCCCCCCC,alkane,0.749,0.248,0.003,0.0,0.625,0.375,101.325,0.75,313,283.15,10.0,below,5-10 K,0.8147514,0.17717694,0.008071653,0.0031977007,0.4164337,0.58036864
no,1-ethylpyridinium ethylsulfate,CCOS(=O)(=O)[O-].CC[n+]1ccccc1,[C2Py][EtSO4],benzene,c1ccccc1,aromatic,n-nonane,CCCCCCCCC,alkane,0.705,0.292,0.003,0.0,0.751,0.249,101.325,0.875,313,283.15,10.0,below,5-10 K,0.7859832,0.20478795,0.00922885,0.0035598853,0.45084265,0.5455975
no,1-ethylpyridinium ethylsulfate,CCOS(=O)(=O)[O-].CC[n+]1ccccc1,[C2Py][EtSO4],benzene,c1ccccc1,aromatic,n-nonane,CCCCCCCCC,alkane,0.661,0.336,0.003,0.0,0.88,0.12,101.325,1.0,313,283.15,10.0,below,5-10 K,0.753823,0.23563837,0.01053868,0.0040431744,0.48489407,0.51106274
no,1-butyl-3-methylimidazolium tetracyanoborate,CCCCn1cc[n+](C)c1.N#C[B-](C#N)(C#N)C#N,[C4MIm][B(CN)4],toluene,Cc1ccccc1,aromatic,methylcyclohexane,CC1CCCCC1,cycloalkane,0.8292,0.0921,0.0787,0.0,0.1024,0.8976,101.325,0.0,352,333.15,9.949999999999989,above,5-10 K,0.7541404,0.22867696,0.017182726,0.005756113,0.32832524,0.66591865
no,1-butyl-3-methylimidazolium tetracyanoborate,CCCCn1cc[n+](C)c1.N#C[B-](C#N)(C#N)C#N,[C4MIm][B(CN)4],toluene,Cc1ccccc1,aromatic,methylcyclohexane,CC1CCCCC1,cycloalkane,0.7083,0.2035,0.0882,0.0,0.2499,0.7501,101.325,0.125,352,333.15,9.949999999999989,above,5-10 K,0.7208151,0.25988334,0.019301578,0.0062989127,0.36044195,0.6332592
no,1-butyl-3-methylimidazolium tetracyanoborate,CCCCn1cc[n+](C)c1.N#C[B-](C#N)(C#N)C#N,[C4MIm][B(CN)4],toluene,Cc1ccccc1,aromatic,methylcyclohexane,CC1CCCCC1,cycloalkane,0.6494,0.2834,0.0672,0.0,0.3212,0.6788,101.325,0.25,352,333.15,9.949999999999989,above,5-10 K,0.684751,0.293666,0.021583047,0.0069022933,0.39391592,0.5991818
no,1-butyl-3-methylimidazolium tetracyanoborate,CCCCn1cc[n+](C)c1.N#C[B-](C#N)(C#N)C#N,[C4MIm][B(CN)4],toluene,Cc1ccccc1,aromatic,methylcyclohexane,CC1CCCCC1,cycloalkane,0.569,0.3688,0.0622,0.0,0.444,0.556,101.325,0.375,352,333.15,9.949999999999989,above,5-10 K,0.6464728,0.32957014,0.02395704,0.0074979267,0.42820793,0.5642941
no,1-butyl-3-methylimidazolium tetracyanoborate,CCCCn1cc[n+](C)c1.N#C[B-](C#N)(C#N)C#N,[C4MIm][B(CN)4],toluene,Cc1ccccc1,aromatic,methylcyclohexane,CC1CCCCC1,cycloalkane,0.49550003,0.43670002,0.06780001,0.0,0.5698,0.4302,101.325,0.5,352,333.15,9.949999999999989,above,5-10 K,0.60625744,0.36734113,0.026401447,0.008073351,0.46302828,0.52889836
no,1-butyl-3-methylimidazolium tetracyanoborate,CCCCn1cc[n+](C)c1.N#C[B-](C#N)(C#N)C#N,[C4MIm][B(CN)4],toluene,Cc1ccccc1,aromatic,methylcyclohexane,CC1CCCCC1,cycloalkane,0.4336,0.5085,0.0579,0.0,0.6667,0.3333,101.325,0.625,352,333.15,9.949999999999989,above,5-10 K,0.5648437,0.40637353,0.028782805,0.008421967,0.49840933,0.49316874
no,1-butyl-3-methylimidazolium tetracyanoborate,CCCCn1cc[n+](C)c1.N#C[B-](C#N)(C#N)C#N,[C4MIm][B(CN)4],toluene,Cc1ccccc1,aromatic,methylcyclohexane,CC1CCCCC1,cycloalkane,0.3851,0.569,0.0459,0.0,0.778,0.222,101.325,0.75,352,333.15,9.949999999999989,above,5-10 K,0.5227651,0.44619077,0.03104409,0.008514454,0.53394866,0.4575369
no,1-butyl-3-methylimidazolium tetracyanoborate,CCCCn1cc[n+](C)c1.N#C[B-](C#N)(C#N)C#N,[C4MIm][B(CN)4],toluene,Cc1ccccc1,aromatic,methylcyclohexane,CC1CCCCC1,cycloalkane,0.3473,0.6193,0.0334,0.0,0.8563,0.1437,101.325,0.875,352,333.15,9.949999999999989,above,5-10 K,0.4800149,0.4864924,0.033492696,0.009022473,0.56821686,0.4227607
no,1-butyl-3-methylimidazolium tetracyanoborate,CCCCn1cc[n+](C)c1.N#C[B-](C#N)(C#N)C#N,[C4MIm][B(CN)4],toluene,Cc1ccccc1,aromatic,methylcyclohexane,CC1CCCCC1,cycloalkane,0.3092,0.6656,0.0252,0.0,0.9346,0.0654,101.325,1.0,352,333.15,9.949999999999989,above,5-10 K,0.4375892,0.52647346,0.035937365,0.009656601,0.60119385,0.38914955
,1-hexyl-3-methylimidazolium tetracyanoborate,CCCCCCn1cc[n+](C)c1.N#C[B-](C#N)(C#N)C#N,[C6MIm][B(CN)4],toluene,Cc1ccccc1,aromatic,methylcyclohexane,CC1CCCCC1,cycloalkane,0.77110004,0.11050001,0.11840001,0.0,0.0964,0.9036,101.325,0.0,355,333.15,9.949999999999989,above,5-10 K,0.701098,0.27312055,0.025781387,0.007408365,0.3271702,0.6654214
,1-hexyl-3-methylimidazolium tetracyanoborate,CCCCCCn1cc[n+](C)c1.N#C[B-](C#N)(C#N)C#N,[C6MIm][B(CN)4],toluene,Cc1ccccc1,aromatic,methylcyclohexane,CC1CCCCC1,cycloalkane,0.6698,0.211,0.1192,1e-04,0.2093,0.7906,101.325,0.14285715,355,333.15,9.949999999999989,above,5-10 K,0.6594074,0.3115299,0.029062754,0.008179998,0.36271936,0.6291007
,1-hexyl-3-methylimidazolium tetracyanoborate,CCCCCCn1cc[n+](C)c1.N#C[B-](C#N)(C#N)C#N,[C6MIm][B(CN)4],toluene,Cc1ccccc1,aromatic,methylcyclohexane,CC1CCCCC1,cycloalkane,0.5736,0.3259,0.1005,0.0,0.3165,0.6835,101.325,0.2857143,355,333.15,9.949999999999989,above,5-10 K,0.6151383,0.35237536,0.03248641,0.008974051,0.39971614,0.59130985
,1-hexyl-3-methylimidazolium tetracyanoborate,CCCCCCn1cc[n+](C)c1.N#C[B-](C#N)(C#N)C#N,[C6MIm][B(CN)4],toluene,Cc1ccccc1,aromatic,methylcyclohexane,CC1CCCCC1,cycloalkane,0.4944,0.4178,0.0878,1e-04,0.4389,0.561,101.325,0.42857143,355,333.15,9.949999999999989,above,5-10 K,0.5689105,0.39508027,0.036009178,0.0097803725,0.43766698,0.55255264
,1-hexyl-3-methylimidazolium tetracyanoborate,CCCCCCn1cc[n+](C)c1.N#C[B-](C#N)(C#N)C#N,[C6MIm][B(CN)4],toluene,Cc1ccccc1,aromatic,methylcyclohexane,CC1CCCCC1,cycloalkane,0.4602,0.4489,0.0909,0.0,0.4946,0.5054,101.325,0.5714286,355,333.15,9.949999999999989,above,5-10 K,0.5216184,0.43883693,0.039544642,0.010586587,0.47611314,0.5133003
,1-hexyl-3-methylimidazolium tetracyanoborate,CCCCCCn1cc[n+](C)c1.N#C[B-](C#N)(C#N)C#N,[C6MIm][B(CN)4],toluene,Cc1ccccc1,aromatic,methylcyclohexane,CC1CCCCC1,cycloalkane,0.3646,0.5693,0.0661,0.0,0.6666,0.3334,101.325,0.71428573,355,333.15,9.949999999999989,above,5-10 K,0.47403,0.48293015,0.04303984,0.01138679,0.5145913,0.47402188
,1-hexyl-3-methylimidazolium tetracyanoborate,CCCCCCn1cc[n+](C)c1.N#C[B-](C#N)(C#N)C#N,[C6MIm][B(CN)4],toluene,Cc1ccccc1,aromatic,methylcyclohexane,CC1CCCCC1,cycloalkane,0.3149,0.6354,0.0497,1e-04,0.7973,0.2026,101.325,0.85714287,355,333.15,9.949999999999989,above,5-10 K,0.4270679,0.5265392,0.046392865,0.012095339,0.5524344,0.43547022
,1-hexyl-3-methylimidazolium tetracyanoborate,CCCCCCn1cc[n+](C)c1.N#C[B-](C#N)(C#N)C#N,[C6MIm][B(CN)4],toluene,Cc1ccccc1,aromatic,methylcyclohexane,CC1CCCCC1,cycloalkane,0.2903,0.6789,0.0308,0.0,0.8611,0.1389,101.325,1.0,355,333.15,9.949999999999989,above,5-10 K,0.38145393,0.5689678,0.049578216,0.012805262,0.58942896,0.39776573
,1-butyl-3-methylimidazolium chloride,CCCCn1cc[n+](C)c1.[Cl-],[C4MIm][Cl],benzene,c1ccccc1,aromatic,cyclohexane,C1CCCCC1,cycloalkane,0.884,0.025,0.091,0.0,0.065,0.935,101.325,0.0,357,339.15,15.949999999999989,above,10-20 K,0.90263414,0.08407656,0.013289289,0.004060893,0.31401205,0.6819271
,1-butyl-3-methylimidazolium chloride,CCCCn1cc[n+](C)c1.[Cl-],[C4MIm][Cl],benzene,c1ccccc1,aromatic,cyclohexane,C1CCCCC1,cycloalkane,0.87200004,0.043000005,0.08500001,0.0,0.112,0.888,101.325,0.11111111,357,339.15,15.949999999999989,above,10-20 K,0.88887316,0.09609346,0.015033381,0.0044138054,0.33569545,0.6598908
,1-butyl-3-methylimidazolium chloride,CCCCn1cc[n+](C)c1.[Cl-],[C4MIm][Cl],benzene,c1ccccc1,aromatic,cyclohexane,C1CCCCC1,cycloalkane,0.844,0.073,0.083,0.0,0.188,0.812,101.325,0.22222222,357,339.15,15.949999999999989,above,10-20 K,0.8733746,0.10963859,0.016986893,0.0048064496,0.3580743,0.63711923
,1-butyl-3-methylimidazolium chloride,CCCCn1cc[n+](C)c1.[Cl-],[C4MIm][Cl],benzene,c1ccccc1,aromatic,cyclohexane,C1CCCCC1,cycloalkane,0.81,0.109,0.081,0.0,0.278,0.722,101.325,0.33333334,357,339.15,15.949999999999989,above,10-20 K,0.8562177,0.12467519,0.019107113,0.0051758816,0.38107973,0.6137444
,1-butyl-3-methylimidazolium chloride,CCCCn1cc[n+](C)c1.[Cl-],[C4MIm][Cl],benzene,c1ccccc1,aromatic,cyclohexane,C1CCCCC1,cycloalkane,0.78400004,0.14100002,0.07500001,0.0,0.366,0.634,101.325,0.44444445,357,339.15,15.949999999999989,above,10-20 K,0.8371077,0.14143506,0.021457246,0.0055796057,0.40460992,0.5898105
,1-butyl-3-methylimidazolium chloride,CCCCn1cc[n+](C)c1.[Cl-],[C4MIm][Cl],benzene,c1ccccc1,aromatic,cyclohexane,C1CCCCC1,cycloalkane,0.745,0.179,0.076,0.0,0.46,0.54,101.325,0.5555556,357,339.15,15.949999999999989,above,10-20 K,0.8159061,0.16005525,0.024038719,0.0060169636,0.4285966,0.5653865
,1-butyl-3-methylimidazolium chloride,CCCCn1cc[n+](C)c1.[Cl-],[C4MIm][Cl],benzene,c1ccccc1,aromatic,cyclohexane,C1CCCCC1,cycloalkane,0.72,0.211,0.069,0.0,0.555,0.445,101.325,0.6666667,357,339.15,15.949999999999989,above,10-20 K,0.79286283,0.18033539,0.026801838,0.006427429,0.45277688,0.5407957
,1-butyl-3-methylimidazolium chloride,CCCCn1cc[n+](C)c1.[Cl-],[C4MIm][Cl],benzene,c1ccccc1,aromatic,cyclohexane,C1CCCCC1,cycloalkane,0.693,0.242,0.065,0.0,0.654,0.346,101.325,0.7777778,357,339.15,15.949999999999989,above,10-20 K,0.7676965,0.2025121,0.029791376,0.0068671214,0.47714555,0.5159874
,1-butyl-3-methylimidazolium chloride,CCCCn1cc[n+](C)c1.[Cl-],[C4MIm][Cl],benzene,c1ccccc1,aromatic,cyclohexane,C1CCCCC1,cycloalkane,0.653,0.284,0.063,0.0,0.75,0.25,101.325,0.8888889,357,339.15,15.949999999999989,above,10-20 K,0.7404676,0.2265336,0.032998852,0.007336393,0.5014904,0.49117315
,1-butyl-3-methylimidazolium chloride,CCCCn1cc[n+](C)c1.[Cl-],[C4MIm][Cl],benzene,c1ccccc1,aromatic,cyclohexane,C1CCCCC1,cycloalkane,0.615,0.326,0.059,0.0,0.857,0.143,101.325,1.0,357,339.15,15.949999999999989,above,10-20 K,0.71134204,0.25228307,0.03637484,0.0077745784,0.5257795,0.46644595
,1-ethyl-3-methylimidazolium thiocyanate,CCn1cc[n+](C)c1.N#C[S-],[C2MIm][SCN],ethylbenzene,CCc1ccccc1,aromatic,styrene,C=Cc1ccccc1,aromatic,0.672,0.019,0.309,0.0,0.118,0.882,101.325,0.0,409,333.2,10.0,above,5-10 K,0.90493715,0.03395345,0.06110946,0.00755513,0.59837997,0.3940649
,1-ethyl-3-methylimidazolium thiocyanate,CCn1cc[n+](C)c1.N#C[S-],[C2MIm][SCN],ethylbenzene,CCc1ccccc1,aromatic,styrene,C=Cc1ccccc1,aromatic,0.703,0.035,0.262,0.0,0.23,0.77,101.325,0.11111111,409,333.2,10.0,above,5-10 K,0.8962023,0.037086517,0.06671116,0.007764885,0.59177125,0.40046394
,1-ethyl-3-methylimidazolium thiocyanate,CCn1cc[n+](C)c1.N#C[S-],[C2MIm][SCN],ethylbenzene,CCc1ccccc1,aromatic,styrene,C=Cc1ccccc1,aromatic,0.732,0.049,0.219,0.0,0.332,0.668,101.325,0.22222222,409,333.2,10.0,above,5-10 K,0.8856925,0.040869728,0.07343779,0.008200985,0.5852733,0.4065257
,1-ethyl-3-methylimidazolium thiocyanate,CCn1cc[n+](C)c1.N#C[S-],[C2MIm][SCN],ethylbenzene,CCc1ccccc1,aromatic,styrene,C=Cc1ccccc1,aromatic,0.766,0.06,0.174,0.0,0.437,0.563,101.325,0.33333334,409,333.2,10.0,above,5-10 K,0.8740672,0.04506587,0.080866925,0.008703196,0.57872236,0.41257444
,1-ethyl-3-methylimidazolium thiocyanate,CCn1cc[n+](C)c1.N#C[S-],[C2MIm][SCN],ethylbenzene,CCc1ccccc1,aromatic,styrene,C=Cc1ccccc1,aromatic,0.788,0.07,0.142,0.0,0.529,0.471,101.325,0.44444445,409,333.2,10.0,above,5-10 K,0.86124647,0.049695466,0.08905803,0.00927841,0.5721646,0.418557
,1-ethyl-3-methylimidazolium thiocyanate,CCn1cc[n+](C)c1.N#C[S-],[C2MIm][SCN],ethylbenzene,CCc1ccccc1,aromatic,styrene,C=Cc1ccccc1,aromatic,0.806,0.08,0.114,0.0,0.62,0.38,101.325,0.5555556,409,333.2,10.0,above,5-10 K,0.84774756,0.054564793,0.09768762,0.009789039,0.56546736,0.4247436
,1-ethyl-3-methylimidazolium thiocyanate,CCn1cc[n+](C)c1.N#C[S-],[C2MIm][SCN],ethylbenzene,CCc1ccccc1,aromatic,styrene,C=Cc1ccccc1,aromatic,0.82500005,0.09000001,0.08500001,0.0,0.714,0.286,101.325,0.6666667,409,333.2,10.0,above,5-10 K,0.83305424,0.059869695,0.10707605,0.0103637315,0.55877143,0.43086484
,1-ethyl-3-methylimidazolium thiocyanate,CCn1cc[n+](C)c1.N#C[S-],[C2MIm][SCN],ethylbenzene,CCc1ccccc1,aromatic,styrene,C=Cc1ccccc1,aromatic,0.847,0.098,0.055,0.0,0.809,0.191,101.325,0.7777778,409,333.2,10.0,above,5-10 K,0.8169942,0.06567983,0.117325984,0.011011641,0.5520458,0.43694252
,1-ethyl-3-methylimidazolium thiocyanate,CCn1cc[n+](C)c1.N#C[S-],[C2MIm][SCN],ethylbenzene,CCc1ccccc1,aromatic,styrene,C=Cc1ccccc1,aromatic,0.869,0.105,0.026,0.0,0.906,0.094,101.325,0.8888889,409,333.2,10.0,above,5-10 K,0.8002429,0.07172091,0.12803619,0.011603242,0.5452249,0.44317183
,1-ethyl-3-methylimidazolium thiocyanate,CCn1cc[n+](C)c1.N#C[S-],[C2MIm][SCN],ethylbenzene,CCc1ccccc1,aromatic,styrene,C=Cc1ccccc1,aromatic,0.887,0.113,0.0,0.0,1.0,0.0,101.325,1.0,409,333.2,10.0,above,5-10 K,0.7823005,0.07818875,0.13951074,0.012219961,0.5383588,0.44942126
,1-ethyl-3-methylimidazolium thiocyanate,CCn1cc[n+](C)c1.N#C[S-],[C2MIm][SCN],ethylbenzene,CCc1ccccc1,aromatic,styrene,C=Cc1ccccc1,aromatic,0.65,0.0,0.35,0.0,0.0,1.0,101.325,0.0,410,353.2,30.0,above,>20 K,0.9201723,0.028701985,0.051125802,0.00690474,0.6043759,0.38871938
,1-ethyl-3-methylimidazolium thiocyanate,CCn1cc[n+](C)c1.N#C[S-],[C2MIm][SCN],ethylbenzene,CCc1ccccc1,aromatic,styrene,C=Cc1ccccc1,aromatic,0.687,0.018,0.295,0.0,0.114,0.886,101.325,0.1,410,353.2,30.0,above,>20 K,0.912694,0.031413585,0.055892408,0.0072589293,0.598717,0.39402407
,1-ethyl-3-methylimidazolium thiocyanate,CCn1cc[n+](C)c1.N#C[S-],[C2MIm][SCN],ethylbenzene,CCc1ccccc1,aromatic,styrene,C=Cc1ccccc1,aromatic,0.716,0.034,0.25,0.0,0.224,0.776,101.325,0.2,410,353.2,30.0,above,>20 K,0.9045598,0.034364317,0.06107585,0.0076283207,0.59297913,0.39939255
,1-ethyl-3-methylimidazolium thiocyanate,CCn1cc[n+](C)c1.N#C[S-],[C2MIm][SCN],ethylbenzene,CCc1ccccc1,aromatic,styrene,C=Cc1ccccc1,aromatic,0.744,0.047,0.209,0.0,0.326,0.674,101.325,0.3,410,353.2,30.0,above,>20 K,0.8942931,0.037846535,0.06786039,0.007924777,0.5860542,0.406021
,1-ethyl-3-methylimidazolium thiocyanate,CCn1cc[n+](C)c1.N#C[S-],[C2MIm][SCN],ethylbenzene,CCc1ccccc1,aromatic,styrene,C=Cc1ccccc1,aromatic,0.769,0.06,0.171,0.0,0.431,0.569,101.325,0.4,410,353.2,30.0,above,>20 K,0.88467354,0.041323703,0.07400276,0.008323317,0.58021903,0.4114577
,1-ethyl-3-methylimidazolium thiocyanate,CCn1cc[n+](C)c1.N#C[S-],[C2MIm][SCN],ethylbenzene,CCc1ccccc1,aromatic,styrene,C=Cc1ccccc1,aromatic,0.793,0.069,0.138,0.0,0.522,0.478,101.325,0.5,410,353.2,30.0,above,>20 K,0.8742869,0.045068108,0.08064504,0.008738226,0.57431704,0.41694477
,1-ethyl-3-methylimidazolium thiocyanate,CCn1cc[n+](C)c1.N#C[S-],[C2MIm][SCN],ethylbenzene,CCc1ccccc1,aromatic,styrene,C=Cc1ccccc1,aromatic,0.807,0.081,0.112,0.0,0.614,0.386,101.325,0.6,410,353.2,30.0,above,>20 K,0.86244875,0.049406208,0.088145085,0.009332815,0.56858027,0.42208692
,1-ethyl-3-methylimidazolium thiocyanate,CCn1cc[n+](C)c1.N#C[S-],[C2MIm][SCN],ethylbenzene,CCc1ccccc1,aromatic,styrene,C=Cc1ccccc1,aromatic,0.828,0.09,0.082,0.0,0.709,0.291,101.325,0.7,410,353.2,30.0,above,>20 K,0.8503894,0.05376685,0.095843785,0.0097923055,0.56261367,0.427594
,1-ethyl-3-methylimidazolium thiocyanate,CCn1cc[n+](C)c1.N#C[S-],[C2MIm][SCN],ethylbenzene,CCc1ccccc1,aromatic,styrene,C=Cc1ccccc1,aromatic,0.84900004,0.098000005,0.053000003,0.0,0.807,0.193,101.325,0.8,410,353.2,30.0,above,>20 K,0.8375461,0.05838739,0.104066536,0.010228355,0.55628824,0.43348342
,1-ethyl-3-methylimidazolium thiocyanate,CCn1cc[n+](C)c1.N#C[S-],[C2MIm][SCN],ethylbenzene,CCc1ccccc1,aromatic,styrene,C=Cc1ccccc1,aromatic,0.867,0.107,0.026,0.0,0.905,0.095,101.325,0.9,410,353.2,30.0,above,>20 K,0.8237052,0.06333743,0.11295737,0.010641357,0.549584,0.43977463
,1-ethyl-3-methylimidazolium thiocyanate,CCn1cc[n+](C)c1.N#C[S-],[C2MIm][SCN],ethylbenzene,CCc1ccccc1,aromatic,styrene,C=Cc1ccccc1,aromatic,0.885,0.115,0.0,0.0,1.0,0.0,101.325,1.0,410,353.2,30.0,above,>20 K,0.80895627,0.068658665,0.12238498,0.011153484,0.5434971,0.4453494
,1-butyl-3-methylimidazolium nitrate,CCCCn1cc[n+](C)c1.O=[N+]([O-])[O-],[C4MIm][NO3],thiophene,c1ccsc1,S-compound,n-decane,CCCCCCCCCC,alkane,0.481,0.516,0.003,0.0,0.566,0.434,101.325,0.0,491,288.15,5.0,below,0-5 K,0.8577585,0.13379365,0.0084478,0.0032647983,0.122473836,0.8742614
,1-butyl-3-methylimidazolium nitrate,CCCCn1cc[n+](C)c1.O=[N+]([O-])[O-],[C4MIm][NO3],thiophene,c1ccsc1,S-compound,n-decane,CCCCCCCCCC,alkane,0.537,0.461,0.002,0.0,0.516,0.484,101.325,0.11111111,491,288.15,5.0,below,0-5 K,0.8043557,0.18369325,0.011951047,0.0056986967,0.1641275,0.83017385
,1-butyl-3-methylimidazolium nitrate,CCCCn1cc[n+](C)c1.O=[N+]([O-])[O-],[C4MIm][NO3],thiophene,c1ccsc1,S-compound,n-decane,CCCCCCCCCC,alkane,0.582,0.416,0.002,0.0,0.453,0.547,101.325,0.22222222,491,288.15,5.0,below,0-5 K,0.77958876,0.20708841,0.01332287,0.0063081305,0.18199286,0.8116991
,1-butyl-3-methylimidazolium nitrate,CCCCn1cc[n+](C)c1.O=[N+]([O-])[O-],[C4MIm][NO3],thiophene,c1ccsc1,S-compound,n-decane,CCCCCCCCCC,alkane,0.625,0.373,0.002,0.0,0.37,0.63,101.325,0.33333334,491,288.15,5.0,below,0-5 K,0.7526998,0.23250328,0.014796899,0.006964201,0.201251,0.79178476
,1-butyl-3-methylimidazolium nitrate,CCCCn1cc[n+](C)c1.O=[N+]([O-])[O-],[C4MIm][NO3],thiophene,c1ccsc1,S-compound,n-decane,CCCCCCCCCC,alkane,0.65500003,0.34300002,0.0020000003,0.0,0.348,0.652,101.325,0.44444445,491,288.15,5.0,below,0-5 K,0.7237136,0.25991866,0.016367769,0.007669513,0.22199547,0.770335
,1-butyl-3-methylimidazolium nitrate,CCCCn1cc[n+](C)c1.O=[N+]([O-])[O-],[C4MIm][NO3],thiophene,c1ccsc1,S-compound,n-decane,CCCCCCCCCC,alkane,0.689,0.309,0.002,0.0,0.32,0.68,101.325,0.5555556,491,288.15,5.0,below,0-5 K,0.69263357,0.28933698,0.018029427,0.008419013,0.24425347,0.7473275
,1-butyl-3-methylimidazolium nitrate,CCCCn1cc[n+](C)c1.O=[N+]([O-])[O-],[C4MIm][NO3],thiophene,c1ccsc1,S-compound,n-decane,CCCCCCCCCC,alkane,0.778,0.22,0.002,0.0,0.199,0.801,101.325,0.6666667,491,288.15,5.0,below,0-5 K,0.6599266,0.32032162,0.019751744,0.009208984,0.2677978,0.7229932
,1-butyl-3-methylimidazolium nitrate,CCCCn1cc[n+](C)c1.O=[N+]([O-])[O-],[C4MIm][NO3],thiophene,c1ccsc1,S-compound,n-decane,CCCCCCCCCC,alkane,0.8,0.198,0.002,0.0,0.161,0.839,101.325,0.7777778,491,288.15,5.0,below,0-5 K,0.6255028,0.35295475,0.021542493,0.010039493,0.2927053,0.69725525
,1-butyl-3-methylimidazolium nitrate,CCCCn1cc[n+](C)c1.O=[N+]([O-])[O-],[C4MIm][NO3],thiophene,c1ccsc1,S-compound,n-decane,CCCCCCCCCC,alkane,0.866,0.132,0.002,0.0,0.105,0.895,101.325,0.8888889,491,288.15,5.0,below,0-5 K,0.64375246,0.33672708,0.019520475,0.0073943255,0.27755305,0.71505266
,1-butyl-3-methylimidazolium nitrate,CCCCn1cc[n+](C)c1.O=[N+]([O-])[O-],[C4MIm][NO3],thiophene,c1ccsc1,S-compound,n-decane,CCCCCCCCCC,alkane,0.93600005,0.062000003,0.0020000003,0.0,0.049,0.951,101.325,1.0,491,288.15,5.0,below,0-5 K,0.60806483,0.37066767,0.021267543,0.008060976,0.3033153,0.6886237
,1-methyl-3-octyl-imidazolium nitrate,CCCCCCCC[n+]1ccn(C)c1.O=[N+]([O-])[O-],[C8MIm][NO3],thiophene,c1ccsc1,S-compound,n-decane,CCCCCCCCCC,alkane,0.544,0.42,0.036,0.0,0.298,0.702,101.325,0.0,497,288.15,5.0,below,0-5 K,0.78146136,0.19458045,0.023958096,0.006207784,0.1109579,0.8828343
,1-methyl-3-octyl-imidazolium nitrate,CCCCCCCC[n+]1ccn(C)c1.O=[N+]([O-])[O-],[C8MIm][NO3],thiophene,c1ccsc1,S-compound,n-decane,CCCCCCCCCC,alkane,0.616,0.352,0.032,0.0,0.237,0.763,101.325,0.125,497,288.15,5.0,below,0-5 K,0.7524111,0.22062087,0.02696805,0.007119779,0.12405237,0.8688279
,1-methyl-3-octyl-imidazolium nitrate,CCCCCCCC[n+]1ccn(C)c1.O=[N+]([O-])[O-],[C8MIm][NO3],thiophene,c1ccsc1,S-compound,n-decane,CCCCCCCCCC,alkane,0.679,0.288,0.033,0.0,0.184,0.816,101.325,0.25,497,288.15,5.0,below,0-5 K,0.70717716,0.26025838,0.032564476,0.007194526,0.15322526,0.8395802
,1-methyl-3-octyl-imidazolium nitrate,CCCCCCCC[n+]1ccn(C)c1.O=[N+]([O-])[O-],[C8MIm][NO3],thiophene,c1ccsc1,S-compound,n-decane,CCCCCCCCCC,alkane,0.70900005,0.25700003,0.034000006,0.0,0.154,0.846,101.325,0.375,497,288.15,5.0,below,0-5 K,0.67229915,0.29158336,0.036117535,0.008019055,0.17100623,0.8209747
,1-methyl-3-octyl-imidazolium nitrate,CCCCCCCC[n+]1ccn(C)c1.O=[N+]([O-])[O-],[C8MIm][NO3],thiophene,c1ccsc1,S-compound,n-decane,CCCCCCCCCC,alkane,0.751,0.217,0.032,0.0,0.138,0.862,101.325,0.5,497,288.15,5.0,below,0-5 K,0.6458573,0.31623703,0.037905715,0.0095225405,0.17925318,0.8112243
,1-methyl-3-octyl-imidazolium nitrate,CCCCCCCC[n+]1ccn(C)c1.O=[N+]([O-])[O-],[C8MIm][NO3],thiophene,c1ccsc1,S-compound,n-decane,CCCCCCCCCC,alkane,0.811,0.158,0.031,0.0,0.1,0.9,101.325,0.625,497,288.15,5.0,below,0-5 K,0.6149778,0.34447664,0.04054557,0.010806344,0.191898,0.79729563
,1-methyl-3-octyl-imidazolium nitrate,CCCCCCCC[n+]1ccn(C)c1.O=[N+]([O-])[O-],[C8MIm][NO3],thiophene,c1ccsc1,S-compound,n-decane,CCCCCCCCCC,alkane,0.824,0.139,0.037,0.0,0.072,0.928,101.325,0.75,497,288.15,5.0,below,0-5 K,0.57362914,0.38130295,0.045067906,0.012250033,0.21425498,0.7734951
,1-methyl-3-octyl-imidazolium nitrate,CCCCCCCC[n+]1ccn(C)c1.O=[N+]([O-])[O-],[C8MIm][NO3],thiophene,c1ccsc1,S-compound,n-decane,CCCCCCCCCC,alkane,0.851,0.112,0.037,0.0,0.057,0.943,101.325,0.875,497,288.15,5.0,below,0-5 K,0.5329154,0.4178065,0.049278095,0.013661464,0.2372479,0.7490907
,1-methyl-3-octyl-imidazolium nitrate,CCCCCCCC[n+]1ccn(C)c1.O=[N+]([O-])[O-],[C8MIm][NO3],thiophene,c1ccsc1,S-compound,n-decane,CCCCCCCCCC,alkane,0.92,0.045,0.035,0.0,0.023,0.977,101.325,1.0,497,288.15,5.0,below,0-5 K,0.47254375,0.47373632,0.053719945,0.016908716,0.2700186,0.71307266
no,tetrabutylammonium methanesulfonate,CCCC[N+](CCCC)(CCCC)CCCC.CS(=O)(=O)[O-],"[P4,4,4,4][CH3SO3]",benzothiophene,c1ccc2sccc2c1,S-compound,n-hexadecane,CCCCCCCCCCCCCCCC,alkane,0.5068,0.4309,0.0623,0.0,0.2033,0.7967,101.325,0.0,502,333.15,9.949999999999989,above,5-10 K,0.62059754,0.26777542,0.11162713,0.013560644,0.4661682,0.5202712
no,tetrabutylammonium methanesulfonate,CCCC[N+](CCCC)(CCCC)CCCC.CS(=O)(=O)[O-],"[P4,4,4,4][CH3SO3]",benzothiophene,c1ccc2sccc2c1,S-compound,n-hexadecane,CCCCCCCCCCCCCCCC,alkane,0.58140004,0.37530002,0.043300003,0.0,0.1227,0.8773,101.325,0.2,502,333.15,9.949999999999989,above,5-10 K,0.5666042,0.3065804,0.12681544,0.014856484,0.4949529,0.49019063
no,tetrabutylammonium methanesulfonate,CCCC[N+](CCCC)(CCCC)CCCC.CS(=O)(=O)[O-],"[P4,4,4,4][CH3SO3]",benzothiophene,c1ccc2sccc2c1,S-compound,n-hexadecane,CCCCCCCCCCCCCCCC,alkane,0.6673,0.2611,0.0716,0.0,0.1106,0.8894,101.325,0.4,502,333.15,9.949999999999989,above,5-10 K,0.5098278,0.3475721,0.1426001,0.016691633,0.5225699,0.46073845
no,tetrabutylammonium methanesulfonate,CCCC[N+](CCCC)(CCCC)CCCC.CS(=O)(=O)[O-],"[P4,4,4,4][CH3SO3]",benzothiophene,c1ccc2sccc2c1,S-compound,n-hexadecane,CCCCCCCCCCCCCCCC,alkane,0.7675,0.1429,0.0896,0.0,0.0567,0.9433,101.325,0.6,502,333.15,9.949999999999989,above,5-10 K,0.4538322,0.3881339,0.15803388,0.0183883,0.5498529,0.43175873
no,tetrabutylammonium methanesulfonate,CCCC[N+](CCCC)(CCCC)CCCC.CS(=O)(=O)[O-],"[P4,4,4,4][CH3SO3]",benzothiophene,c1ccc2sccc2c1,S-compound,n-hexadecane,CCCCCCCCCCCCCCCC,alkane,0.8468,0.0726,0.0806,0.0,0.036,0.964,101.325,0.8,502,333.15,9.949999999999989,above,5-10 K,0.39986837,0.42736137,0.17277029,0.019870859,0.57661396,0.40351516
no,tetrabutylammonium methanesulfonate,CCCC[N+](CCCC)(CCCC)CCCC.CS(=O)(=O)[O-],"[P4,4,4,4][CH3SO3]",benzothiophene,c1ccc2sccc2c1,S-compound,n-hexadecane,CCCCCCCCCCCCCCCC,alkane,0.9022,0.0,0.0978,0.0,0.0,1.0,101.325,1.0,502,333.15,9.949999999999989,above,5-10 K,0.34828812,0.465049,0.18666287,0.02138643,0.60246444,0.37614912
,methyltris(2-methylpropyl)phosphonium tosylate,CC(C)C[P+](C)(CC(C)C)CC(C)C.Cc1ccc(S(=O)(=O)[O-])cc1,"[Pi4,i4,i4,1][Tos]",benzothiophene,c1ccc2sccc2c1,S-compound,n-hexadecane,CCCCCCCCCCCCCCCC,alkane,0.44950002,0.53810006,0.012400001,0.0,0.2435,0.7565,101.325,0.0,513,333.15,9.949999999999989,above,5-10 K,0.5761397,0.34031045,0.083549865,0.013994152,0.18195155,0.8040543
,methyltris(2-methylpropyl)phosphonium tosylate,CC(C)C[P+](C)(CC(C)C)CC(C)C.Cc1ccc(S(=O)(=O)[O-])cc1,"[Pi4,i4,i4,1][Tos]",benzothiophene,c1ccc2sccc2c1,S-compound,n-hexadecane,CCCCCCCCCCCCCCCC,alkane,0.5367,0.4459,0.0174,0.0,0.1716,0.8284,101.325,0.16666667,513,333.15,9.949999999999989,above,5-10 K,0.5282217,0.37918845,0.09258976,0.015762936,0.20611042,0.7781266
,methyltris(2-methylpropyl)phosphonium tosylate,CC(C)C[P+](C)(CC(C)C)CC(C)C.Cc1ccc(S(=O)(=O)[O-])cc1,"[Pi4,i4,i4,1][Tos]",benzothiophene,c1ccc2sccc2c1,S-compound,n-hexadecane,CCCCCCCCCCCCCCCC,alkane,0.5904,0.3811,0.0285,0.0,0.1668,0.8332,101.325,0.33333334,513,333.15,9.949999999999989,above,5-10 K,0.4797977,0.41852435,0.10167797,0.017663233,0.23234098,0.74999577
,methyltris(2-methylpropyl)phosphonium tosylate,CC(C)C[P+](C)(CC(C)C)CC(C)C.Cc1ccc(S(=O)(=O)[O-])cc1,"[Pi4,i4,i4,1][Tos]",benzothiophene,c1ccc2sccc2c1,S-compound,n-hexadecane,CCCCCCCCCCCCCCCC,alkane,0.68,0.2891,0.0309,0.0,0.1051,0.8949,101.325,0.5,513,333.15,9.949999999999989,above,5-10 K,0.43213397,0.45765194,0.11021408,0.019114269,0.2608778,0.72000796
,methyltris(2-methylpropyl)phosphonium tosylate,CC(C)C[P+](C)(CC(C)C)CC(C)C.Cc1ccc(S(=O)(=O)[O-])cc1,"[Pi4,i4,i4,1][Tos]",benzothiophene,c1ccc2sccc2c1,S-compound,n-hexadecane,CCCCCCCCCCCCCCCC,alkane,0.7918,0.1594,0.0488,0.0,0.0574,0.9426,101.325,0.6666667,513,333.15,9.949999999999989,above,5-10 K,0.38552395,0.495886,0.11858999,0.020877507,0.291269,0.6878535
,methyltris(2-methylpropyl)phosphonium tosylate,CC(C)C[P+](C)(CC(C)C)CC(C)C.Cc1ccc(S(=O)(=O)[O-])cc1,"[Pi4,i4,i4,1][Tos]",benzothiophene,c1ccc2sccc2c1,S-compound,n-hexadecane,CCCCCCCCCCCCCCCC,alkane,0.84790003,0.08280001,0.06930001,0.0,0.03,0.97,101.325,0.8333333,513,333.15,9.949999999999989,above,5-10 K,0.34076133,0.5325443,0.12669434,0.023004679,0.32321793,0.6537774
,methyltris(2-methylpropyl)phosphonium tosylate,CC(C)C[P+](C)(CC(C)C)CC(C)C.Cc1ccc(S(=O)(=O)[O-])cc1,"[Pi4,i4,i4,1][Tos]",benzothiophene,c1ccc2sccc2c1,S-compound,n-hexadecane,CCCCCCCCCCCCCCCC,alkane,0.92,0.0,0.08,0.0,0.0,1.0,101.325,1.0,513,333.15,9.949999999999989,above,5-10 K,0.30030096,0.56631935,0.13337968,0.0241473,0.35439596,0.6214568
,1-ethyl-3-methylimidazolium bis(trifluoromethylsulfonyl)imide,CCn1cc[n+](C)c1.O=S(=O)([N-]S(=O)(=O)C(F)(F)F)C(F)(F)F,[C2MIm][NTf2],1-propanol,CCCO,alcohol,water,O,water,0.76,0.0,0.24,0.001,0.0,0.999,101.325,0.0,724,283.2,9.949999999999989,below,5-10 K,0.3320803,0.19748046,0.47043929,0.008815816,0.03922715,0.951957
,1-ethyl-3-methylimidazolium bis(trifluoromethylsulfonyl)imide,CCn1cc[n+](C)c1.O=S(=O)([N-]S(=O)(=O)C(F)(F)F)C(F)(F)F,[C2MIm][NTf2],1-propanol,CCCO,alcohol,water,O,water,0.604,0.1,0.296,0.001,0.025,0.974,101.325,0.14285715,724,283.2,9.949999999999989,below,5-10 K,0.29425693,0.21007298,0.49567017,0.00930834,0.038792606,0.951899
,1-ethyl-3-methylimidazolium bis(trifluoromethylsulfonyl)imide,CCn1cc[n+](C)c1.O=S(=O)([N-]S(=O)(=O)C(F)(F)F)C(F)(F)F,[C2MIm][NTf2],1-propanol,CCCO,alcohol,water,O,water,0.446,0.199,0.355,0.001,0.053,0.946,101.325,0.2857143,724,283.2,9.949999999999989,below,5-10 K,0.2591333,0.22200394,0.5188628,0.009824774,0.038373783,0.95180136
,1-ethyl-3-methylimidazolium bis(trifluoromethylsulfonyl)imide,CCn1cc[n+](C)c1.O=S(=O)([N-]S(=O)(=O)C(F)(F)F)C(F)(F)F,[C2MIm][NTf2],1-propanol,CCCO,alcohol,water,O,water,0.314,0.261,0.425,0.002,0.071,0.927,101.325,0.42857143,724,283.2,9.949999999999989,below,5-10 K,0.22702555,0.23311803,0.53985643,0.010364532,0.037987288,0.95164824
,1-ethyl-3-methylimidazolium bis(trifluoromethylsulfonyl)imide,CCn1cc[n+](C)c1.O=S(=O)([N-]S(=O)(=O)C(F)(F)F)C(F)(F)F,[C2MIm][NTf2],1-propanol,CCCO,alcohol,water,O,water,0.243,0.294,0.463,0.004,0.092,0.904,101.325,0.5714286,724,283.2,9.949999999999989,below,5-10 K,0.1978952,0.24345069,0.55865407,0.01092888,0.037614677,0.9514564
,1-ethyl-3-methylimidazolium bis(trifluoromethylsulfonyl)imide,CCn1cc[n+](C)c1.O=S(=O)([N-]S(=O)(=O)C(F)(F)F)C(F)(F)F,[C2MIm][NTf2],1-propanol,CCCO,alcohol,water,O,water,0.203,0.313,0.484,0.007,0.111,0.882,101.325,0.71428573,724,283.2,9.949999999999989,below,5-10 K,0.17578435,0.25180843,0.57240725,0.012057778,0.038003344,0.94993895
,1-ethyl-3-methylimidazolium bis(trifluoromethylsulfonyl)imide,CCn1cc[n+](C)c1.O=S(=O)([N-]S(=O)(=O)C(F)(F)F)C(F)(F)F,[C2MIm][NTf2],1-propanol,CCCO,alcohol,water,O,water,0.145,0.296,0.559,0.013,0.146,0.841,101.325,0.85714287,724,283.2,9.949999999999989,below,5-10 K,0.15427624,0.25996944,0.58575433,0.012975921,0.03804923,0.9489748
,1-ethyl-3-methylimidazolium bis(trifluoromethylsulfonyl)imide,CCn1cc[n+](C)c1.O=S(=O)([N-]S(=O)(=O)C(F)(F)F)C(F)(F)F,[C2MIm][NTf2],1-propanol,CCCO,alcohol,water,O,water,0.12,0.285,0.595,0.019,0.164,0.817,101.325,1.0,724,283.2,9.949999999999989,below,5-10 K,0.13312776,0.26805148,0.5988208,0.013664482,0.037712548,0.94862294
,1-butyl-3-methylimidazolium bis(trifluoromethylsulfonyl)imide,CCCCn1cc[n+](C)c1.O=S(=O)([N-]S(=O)(=O)C(F)(F)F)C(F)(F)F,[C4MIm][NTf2],ethanol,CCO,alcohol,water,O,water,0.804,0.0,0.196,0.001,0.0,0.999,101.325,0.0,727,283.2,9.949999999999989,below,5-10 K,0.43977034,0.18860303,0.37162662,0.011139979,0.025703276,0.96315664
,1-butyl-3-methylimidazolium bis(trifluoromethylsulfonyl)imide,CCCCn1cc[n+](C)c1.O=S(=O)([N-]S(=O)(=O)C(F)(F)F)C(F)(F)F,[C4MIm][NTf2],ethanol,CCO,alcohol,water,O,water,0.74700004,0.039000005,0.21400002,0.0,0.028,0.972,101.325,0.083333336,727,283.2,9.949999999999989,below,5-10 K,0.41602466,0.19727293,0.38670242,0.011570088,0.025881577,0.9625484
,1-butyl-3-methylimidazolium bis(trifluoromethylsulfonyl)imide,CCCCn1cc[n+](C)c1.O=S(=O)([N-]S(=O)(=O)C(F)(F)F)C(F)(F)F,[C4MIm][NTf2],ethanol,CCO,alcohol,water,O,water,0.679,0.094,0.227,0.001,0.061,0.938,101.325,0.16666667,727,283.2,9.949999999999989,below,5-10 K,0.3847353,0.20865607,0.40660858,0.0121664945,0.025917243,0.96191627
,1-butyl-3-methylimidazolium bis(trifluoromethylsulfonyl)imide,CCCCn1cc[n+](C)c1.O=S(=O)([N-]S(=O)(=O)C(F)(F)F)C(F)(F)F,[C4MIm][NTf2],ethanol,CCO,alcohol,water,O,water,0.601,0.155,0.244,0.0,0.095,0.905,101.325,0.25,727,283.2,9.949999999999989,below,5-10 K,0.3478958,0.22188728,0.43021694,0.012865991,0.025945118,0.9611888
,1-butyl-3-methylimidazolium bis(trifluoromethylsulfonyl)imide,CCCCn1cc[n+](C)c1.O=S(=O)([N-]S(=O)(=O)C(F)(F)F)C(F)(F)F,[C4MIm][NTf2],ethanol,CCO,alcohol,water,O,water,0.531,0.207,0.262,0.001,0.12,0.879,101.325,0.33333334,727,283.2,9.949999999999989,below,5-10 K,0.32623732,0.23002738,0.4437353,0.013353766,0.0261383,0.960508
,1-butyl-3-methylimidazolium bis(trifluoromethylsulfonyl)imide,CCCCn1cc[n+](C)c1.O=S(=O)([N-]S(=O)(=O)C(F)(F)F)C(F)(F)F,[C4MIm][NTf2],ethanol,CCO,alcohol,water,O,water,0.465,0.257,0.278,0.001,0.144,0.855,101.325,0.41666666,727,283.2,9.949999999999989,below,5-10 K,0.30528253,0.23798993,0.45672753,0.013859141,0.026334016,0.9598069
,1-butyl-3-methylimidazolium bis(trifluoromethylsulfonyl)imide,CCCCn1cc[n+](C)c1.O=S(=O)([N-]S(=O)(=O)C(F)(F)F)C(F)(F)F,[C4MIm][NTf2],ethanol,CCO,alcohol,water,O,water,0.395,0.302,0.303,0.001,0.173,0.826,101.325,0.5,727,283.2,9.949999999999989,below,5-10 K,0.28514385,0.24570175,0.4691544,0.0143764885,0.02652653,0.9590969
,1-butyl-3-methylimidazolium bis(trifluoromethylsulfonyl)imide,CCCCn1cc[n+](C)c1.O=S(=O)([N-]S(=O)(=O)C(F)(F)F)C(F)(F)F,[C4MIm][NTf2],ethanol,CCO,alcohol,water,O,water,0.299,0.349,0.352,0.005,0.22,0.775,101.325,0.6666667,727,283.2,9.949999999999989,below,5-10 K,0.2475234,0.2603368,0.49213976,0.015464243,0.026922565,0.9576133
,1-butyl-3-methylimidazolium bis(trifluoromethylsulfonyl)imide,CCCCn1cc[n+](C)c1.O=S(=O)([N-]S(=O)(=O)C(F)(F)F)C(F)(F)F,[C4MIm][NTf2],ethanol,CCO,alcohol,water,O,water,0.277,0.359,0.364,0.006,0.23,0.764,101.325,0.75,727,283.2,9.949999999999989,below,5-10 K,0.22994483,0.26728705,0.50276816,0.01603824,0.027128568,0.9568332
,1-butyl-3-methylimidazolium bis(trifluoromethylsulfonyl)imide,CCCCn1cc[n+](C)c1.O=S(=O)([N-]S(=O)(=O)C(F)(F)F)C(F)(F)F,[C4MIm][NTf2],ethanol,CCO,alcohol,water,O,water,0.229,0.38,0.391,0.01,0.263,0.727,101.325,0.8333333,727,283.2,9.949999999999989,below,5-10 K,0.21394293,0.27406803,0.51198906,0.016751261,0.027187143,0.95606154
,1-butyl-3-methylimidazolium bis(trifluoromethylsulfonyl)imide,CCCCn1cc[n+](C)c1.O=S(=O)([N-]S(=O)(=O)C(F)(F)F)C(F)(F)F,[C4MIm][NTf2],ethanol,CCO,alcohol,water,O,water,0.368,0.316,0.316,0.002,0.181,0.817,101.325,0.5833333,727,283.2,9.949999999999989,below,5-10 K,0.2667408,0.25335285,0.47990638,0.01514217,0.026518298,0.95833945
,1-butyl-3-methylimidazolium bis(trifluoromethylsulfonyl)imide,CCCCn1cc[n+](C)c1.O=S(=O)([N-]S(=O)(=O)C(F)(F)F)C(F)(F)F,[C4MIm][NTf2],ethanol,CCO,alcohol,water,O,water,0.224,0.379,0.397,0.01,0.264,0.726,101.325,0.9166667,727,283.2,9.949999999999989,below,5-10 K,0.19857657,0.28051266,0.5209108,0.017494773,0.027351677,0.95515364
,1-butyl-3-methylimidazolium bis(trifluoromethylsulfonyl)imide,CCCCn1cc[n+](C)c1.O=S(=O)([N-]S(=O)(=O)C(F)(F)F)C(F)(F)F,[C4MIm][NTf2],ethanol,CCO,alcohol,water,O,water,0.178,0.387,0.435,0.017,0.292,0.691,101.325,1.0,727,283.2,9.949999999999989,below,5-10 K,0.18375559,0.28658393,0.52966046,0.01813164,0.027565883,0.9543024
,1-butyl-3-methylimidazolium bis(trifluoromethylsulfonyl)imide,CCCCn1cc[n+](C)c1.O=S(=O)([N-]S(=O)(=O)C(F)(F)F)C(F)(F)F,[C4MIm][NTf2],ethanol,CCO,alcohol,water,O,water,0.65,0.0,0.35,0.001,0.0,0.999,101.325,0.0,729,283.2,9.949999999999989,below,5-10 K,0.4174474,0.196562,0.38599062,0.011678587,0.025182901,0.9631385
,1-butyl-3-methylimidazolium bis(trifluoromethylsulfonyl)imide,CCCCn1cc[n+](C)c1.O=S(=O)([N-]S(=O)(=O)C(F)(F)F)C(F)(F)F,[C4MIm][NTf2],ethanol,CCO,alcohol,water,O,water,0.572,0.078,0.35,0.0,0.021,0.979,101.325,0.14285715,729,283.2,9.949999999999989,below,5-10 K,0.38148332,0.20986214,0.40865454,0.012187322,0.025535932,0.9622769
,1-butyl-3-methylimidazolium bis(trifluoromethylsulfonyl)imide,CCCCn1cc[n+](C)c1.O=S(=O)([N-]S(=O)(=O)C(F)(F)F)C(F)(F)F,[C4MIm][NTf2],ethanol,CCO,alcohol,water,O,water,0.48,0.137,0.383,0.001,0.043,0.956,101.325,0.2857143,729,283.2,9.949999999999989,below,5-10 K,0.34487802,0.22352158,0.43160036,0.012879389,0.02588654,0.9612341
,1-butyl-3-methylimidazolium bis(trifluoromethylsulfonyl)imide,CCCCn1cc[n+](C)c1.O=S(=O)([N-]S(=O)(=O)C(F)(F)F)C(F)(F)F,[C4MIm][NTf2],ethanol,CCO,alcohol,water,O,water,0.367,0.215,0.418,0.001,0.075,0.924,101.325,0.42857143,729,283.2,9.949999999999989,below,5-10 K,0.30839652,0.23734073,0.45426273,0.013723591,0.026214981,0.96006143
,1-butyl-3-methylimidazolium bis(trifluoromethylsulfonyl)imide,CCCCn1cc[n+](C)c1.O=S(=O)([N-]S(=O)(=O)C(F)(F)F)C(F)(F)F,[C4MIm][NTf2],ethanol,CCO,alcohol,water,O,water,0.31,0.256,0.434,0.002,0.096,0.902,101.325,0.5714286,729,283.2,9.949999999999989,below,5-10 K,0.28181916,0.24559845,0.4725824,0.012711325,0.02600512,0.9612835
,1-butyl-3-methylimidazolium bis(trifluoromethylsulfonyl)imide,CCCCn1cc[n+](C)c1.O=S(=O)([N-]S(=O)(=O)C(F)(F)F)C(F)(F)F,[C4MIm][NTf2],ethanol,CCO,alcohol,water,O,water,0.27,0.281,0.449,0.003,0.12,0.877,101.325,0.71428573,729,283.2,9.949999999999989,below,5-10 K,0.2492824,0.25817004,0.49254757,0.013547633,0.02635372,0.96009856
,1-butyl-3-methylimidazolium bis(trifluoromethylsulfonyl)imide,CCCCn1cc[n+](C)c1.O=S(=O)([N-]S(=O)(=O)C(F)(F)F)C(F)(F)F,[C4MIm][NTf2],ethanol,CCO,alcohol,water,O,water,0.186,0.321,0.493,0.005,0.146,0.849,101.325,0.85714287,729,283.2,9.949999999999989,below,5-10 K,0.21497062,0.27333632,0.51169306,0.016007708,0.027127774,0.9568645
,1-butyl-3-methylimidazolium bis(trifluoromethylsulfonyl)imide,CCCCn1cc[n+](C)c1.O=S(=O)([N-]S(=O)(=O)C(F)(F)F)C(F)(F)F,[C4MIm][NTf2],ethanol,CCO,alcohol,water,O,water,0.139,0.305,0.556,0.007,0.166,0.827,101.325,1.0,729,283.2,9.949999999999989,below,5-10 K,0.18658376,0.28571978,0.52769643,0.017939657,0.027732672,0.95432764
,1-butyl-3-methylimidazolium bis(trifluoromethylsulfonyl)imide,CCCCn1cc[n+](C)c1.O=S(=O)([N-]S(=O)(=O)C(F)(F)F)C(F)(F)F,[C4MIm][NTf2],2-propanol,CC(C)O,alcohol,water,O,water,0.812,0.0,0.188,0.0,0.0,1.0,101.325,0.0,730,283.2,9.949999999999989,below,5-10 K,0.34035322,0.21399516,0.44565156,0.010610143,0.044340603,0.94504917
,1-butyl-3-methylimidazolium bis(trifluoromethylsulfonyl)imide,CCCCn1cc[n+](C)c1.O=S(=O)([N-]S(=O)(=O)C(F)(F)F)C(F)(F)F,[C4MIm][NTf2],2-propanol,CC(C)O,alcohol,water,O,water,0.728,0.068,0.204,0.001,0.024,0.975,101.325,0.125,730,283.2,9.949999999999989,below,5-10 K,0.29066065,0.22892685,0.48041257,0.010879743,0.04252952,0.9465908
,1-butyl-3-methylimidazolium bis(trifluoromethylsulfonyl)imide,CCCCn1cc[n+](C)c1.O=S(=O)([N-]S(=O)(=O)C(F)(F)F)C(F)(F)F,[C4MIm][NTf2],2-propanol,CC(C)O,alcohol,water,O,water,0.623,0.145,0.232,0.001,0.052,0.947,101.325,0.25,730,283.2,9.949999999999989,below,5-10 K,0.26010343,0.24018322,0.49971336,0.0113968225,0.04214925,0.946454
,1-butyl-3-methylimidazolium bis(trifluoromethylsulfonyl)imide,CCCCn1cc[n+](C)c1.O=S(=O)([N-]S(=O)(=O)C(F)(F)F)C(F)(F)F,[C4MIm][NTf2],2-propanol,CC(C)O,alcohol,water,O,water,0.471,0.24,0.289,0.0,0.075,0.925,101.325,0.375,730,283.2,9.949999999999989,below,5-10 K,0.23382841,0.25190455,0.514267,0.012280385,0.04182707,0.9458925
,1-butyl-3-methylimidazolium bis(trifluoromethylsulfonyl)imide,CCCCn1cc[n+](C)c1.O=S(=O)([N-]S(=O)(=O)C(F)(F)F)C(F)(F)F,[C4MIm][NTf2],2-propanol,CC(C)O,alcohol,water,O,water,0.33900002,0.30800003,0.35300002,0.001,0.101,0.898,101.325,0.5,730,283.2,9.949999999999989,below,5-10 K,0.2077529,0.2619456,0.5303015,0.012854586,0.04150253,0.9456429
,1-butyl-3-methylimidazolium bis(trifluoromethylsulfonyl)imide,CCCCn1cc[n+](C)c1.O=S(=O)([N-]S(=O)(=O)C(F)(F)F)C(F)(F)F,[C4MIm][NTf2],2-propanol,CC(C)O,alcohol,water,O,water,0.224,0.34,0.436,0.005,0.137,0.858,101.325,0.625,730,283.2,9.949999999999989,below,5-10 K,0.18393402,0.271295,0.54477096,0.013449355,0.041185766,0.94536483
,1-butyl-3-methylimidazolium bis(trifluoromethylsulfonyl)imide,CCCCn1cc[n+](C)c1.O=S(=O)([N-]S(=O)(=O)C(F)(F)F)C(F)(F)F,[C4MIm][NTf2],2-propanol,CC(C)O,alcohol,water,O,water,0.184,0.342,0.474,0.007,0.158,0.835,101.325,0.75,730,283.2,9.949999999999989,below,5-10 K,0.16886792,0.2721608,0.5589713,0.012679651,0.039777394,0.9475429
,1-butyl-3-methylimidazolium bis(trifluoromethylsulfonyl)imide,CCCCn1cc[n+](C)c1.O=S(=O)([N-]S(=O)(=O)C(F)(F)F)C(F)(F)F,[C4MIm][NTf2],2-propanol,CC(C)O,alcohol,water,O,water,0.15,0.337,0.513,0.01,0.179,0.811,101.325,0.875,730,283.2,9.949999999999989,below,5-10 K,0.16662586,0.2595604,0.57381374,0.0095492555,0.0386164,0.9518343
,1-butyl-3-methylimidazolium bis(trifluoromethylsulfonyl)imide,CCCCn1cc[n+](C)c1.O=S(=O)([N-]S(=O)(=O)C(F)(F)F)C(F)(F)F,[C4MIm][NTf2],2-propanol,CC(C)O,alcohol,water,O,water,0.118,0.323,0.559,0.016,0.202,0.782,101.325,1.0,730,283.2,9.949999999999989,below,5-10 K,0.14620578,0.2674259,0.58636826,0.009999783,0.03829719,0.9517031
,1-butyl-1-methylpyrrolidinium bis(trifluoromethylsulfonyl)imide,CCCC[N+]1(C)CCCC1.O=S(=O)([N-]S(=O)(=O)C(F)(F)F)C(F)(F)F,[C4MPyr][NTf2],ethanol,CCO,alcohol,water,O,water,0.831,0.0,0.169,0.001,0.0,0.999,101.325,0.0,739,283.0,10.149999999999977,below,10-20 K,0.52343285,0.15462092,0.32194623,0.00508738,0.018308442,0.97660416
,1-butyl-1-methylpyrrolidinium bis(trifluoromethylsulfonyl)imide,CCCC[N+]1(C)CCCC1.O=S(=O)([N-]S(=O)(=O)C(F)(F)F)C(F)(F)F,[C4MPyr][NTf2],ethanol,CCO,alcohol,water,O,water,0.788,0.029,0.183,0.0,0.023,0.977,101.325,0.1,739,283.0,10.149999999999977,below,10-20 K,0.49278304,0.16529769,0.34191924,0.0053397315,0.01846293,0.9761973
,1-butyl-1-methylpyrrolidinium bis(trifluoromethylsulfonyl)imide,CCCC[N+]1(C)CCCC1.O=S(=O)([N-]S(=O)(=O)C(F)(F)F)C(F)(F)F,[C4MPyr][NTf2],ethanol,CCO,alcohol,water,O,water,0.732,0.073,0.195,0.0,0.052,0.948,101.325,0.2,739,283.0,10.149999999999977,below,10-20 K,0.44019452,0.18687578,0.3729297,0.006514608,0.018718733,0.9747667
,1-butyl-1-methylpyrrolidinium bis(trifluoromethylsulfonyl)imide,CCCC[N+]1(C)CCCC1.O=S(=O)([N-]S(=O)(=O)C(F)(F)F)C(F)(F)F,[C4MPyr][NTf2],ethanol,CCO,alcohol,water,O,water,0.682,0.114,0.204,0.0,0.078,0.922,101.325,0.3,739,283.0,10.149999999999977,below,10-20 K,0.38076377,0.21362925,0.40560699,0.008133426,0.019601226,0.9722654
,1-butyl-1-methylpyrrolidinium bis(trifluoromethylsulfonyl)imide,CCCC[N+]1(C)CCCC1.O=S(=O)([N-]S(=O)(=O)C(F)(F)F)C(F)(F)F,[C4MPyr][NTf2],ethanol,CCO,alcohol,water,O,water,0.585,0.19,0.225,0.001,0.118,0.881,101.325,0.4,739,283.0,10.149999999999977,below,10-20 K,0.35423857,0.22385488,0.42190653,0.008435834,0.01982878,0.9717354
,1-butyl-1-methylpyrrolidinium bis(trifluoromethylsulfonyl)imide,CCCC[N+]1(C)CCCC1.O=S(=O)([N-]S(=O)(=O)C(F)(F)F)C(F)(F)F,[C4MPyr][NTf2],ethanol,CCO,alcohol,water,O,water,0.482,0.262,0.256,0.001,0.164,0.835,101.325,0.5,739,283.0,10.149999999999977,below,10-20 K,0.3565788,0.22132841,0.42209274,0.009358356,0.020288162,0.9703535
,1-butyl-1-methylpyrrolidinium bis(trifluoromethylsulfonyl)imide,CCCC[N+]1(C)CCCC1.O=S(=O)([N-]S(=O)(=O)C(F)(F)F)C(F)(F)F,[C4MPyr][NTf2],ethanol,CCO,alcohol,water,O,water,0.379,0.324,0.297,0.004,0.217,0.779,101.325,0.6,739,283.0,10.149999999999977,below,10-20 K,0.3483027,0.2228803,0.42881703,0.009663727,0.020998413,0.96933794
,1-butyl-1-methylpyrrolidinium bis(trifluoromethylsulfonyl)imide,CCCC[N+]1(C)CCCC1.O=S(=O)([N-]S(=O)(=O)C(F)(F)F)C(F)(F)F,[C4MPyr][NTf2],ethanol,CCO,alcohol,water,O,water,0.297,0.366,0.337,0.008,0.271,0.721,101.325,0.7,739,283.0,10.149999999999977,below,10-20 K,0.32203934,0.23282245,0.4451383,0.010117112,0.021191398,0.9686915
,1-butyl-1-methylpyrrolidinium bis(trifluoromethylsulfonyl)imide,CCCC[N+]1(C)CCCC1.O=S(=O)([N-]S(=O)(=O)C(F)(F)F)C(F)(F)F,[C4MPyr][NTf2],ethanol,CCO,alcohol,water,O,water,0.285,0.372,0.343,0.009,0.281,0.71,101.325,0.8,739,283.0,10.149999999999977,below,10-20 K,0.2803049,0.24481133,0.47488376,0.010009576,0.020358581,0.96963185
,1-butyl-1-methylpyrrolidinium bis(trifluoromethylsulfonyl)imide,CCCC[N+]1(C)CCCC1.O=S(=O)([N-]S(=O)(=O)C(F)(F)F)C(F)(F)F,[C4MPyr][NTf2],ethanol,CCO,alcohol,water,O,water,0.284,0.369,0.347,0.009,0.283,0.708,101.325,0.9,739,283.0,10.149999999999977,below,10-20 K,0.23185346,0.2508956,0.51725096,0.009205506,0.01933055,0.97146386
,1-butyl-1-methylpyrrolidinium bis(trifluoromethylsulfonyl)imide,CCCC[N+]1(C)CCCC1.O=S(=O)([N-]S(=O)(=O)C(F)(F)F)C(F)(F)F,[C4MPyr][NTf2],ethanol,CCO,alcohol,water,O,water,0.199,0.4,0.401,0.021,0.338,0.641,101.325,1.0,739,283.0,10.149999999999977,below,10-20 K,0.2110539,0.25880566,0.5301404,0.009634677,0.019497454,0.9708679
,1-butyl-1-methylpyrrolidinium bis(trifluoromethylsulfonyl)imide,CCCC[N+]1(C)CCCC1.O=S(=O)([N-]S(=O)(=O)C(F)(F)F)C(F)(F)F,[C4MPyr][NTf2],ethanol,CCO,alcohol,water,O,water,0.64,0.0,0.36,0.001,0.0,0.999,101.325,0.0,742,333.0,9.800000000000011,above,5-10 K,0.5421502,0.13607176,0.321778,0.004738264,0.016548548,0.97871315
,1-butyl-1-methylpyrrolidinium bis(trifluoromethylsulfonyl)imide,CCCC[N+]1(C)CCCC1.O=S(=O)([N-]S(=O)(=O)C(F)(F)F)C(F)(F)F,[C4MPyr][NTf2],ethanol,CCO,alcohol,water,O,water,0.563,0.06,0.377,0.001,0.017,0.982,101.325,0.16666667,742,333.0,9.800000000000011,above,5-10 K,0.48935422,0.15299495,0.35765088,0.0051371586,0.016728973,0.97813386
,1-butyl-1-methylpyrrolidinium bis(trifluoromethylsulfonyl)imide,CCCC[N+]1(C)CCCC1.O=S(=O)([N-]S(=O)(=O)C(F)(F)F)C(F)(F)F,[C4MPyr][NTf2],ethanol,CCO,alcohol,water,O,water,0.474,0.134,0.392,0.001,0.041,0.958,101.325,0.33333334,742,333.0,9.800000000000011,above,5-10 K,0.43111336,0.1727157,0.39617097,0.006045073,0.017164849,0.97679
,1-butyl-1-methylpyrrolidinium bis(trifluoromethylsulfonyl)imide,CCCC[N+]1(C)CCCC1.O=S(=O)([N-]S(=O)(=O)C(F)(F)F)C(F)(F)F,[C4MPyr][NTf2],ethanol,CCO,alcohol,water,O,water,0.391,0.193,0.416,0.001,0.064,0.935,101.325,0.5,742,333.0,9.800000000000011,above,5-10 K,0.3805595,0.18957521,0.4298653,0.006544476,0.01736096,0.97609454
,1-butyl-1-methylpyrrolidinium bis(trifluoromethylsulfonyl)imide,CCCC[N+]1(C)CCCC1.O=S(=O)([N-]S(=O)(=O)C(F)(F)F)C(F)(F)F,[C4MPyr][NTf2],ethanol,CCO,alcohol,water,O,water,0.211,0.288,0.501,0.004,0.14,0.856,101.325,0.8333333,742,333.0,9.800000000000011,above,5-10 K,0.30123842,0.23106407,0.46769747,0.0076425094,0.018325506,0.974032
,1-butyl-1-methylpyrrolidinium bis(trifluoromethylsulfonyl)imide,CCCC[N+]1(C)CCCC1.O=S(=O)([N-]S(=O)(=O)C(F)(F)F)C(F)(F)F,[C4MPyr][NTf2],ethanol,CCO,alcohol,water,O,water,0.221,0.284,0.495,0.004,0.134,0.862,101.325,0.6666667,742,333.0,9.800000000000011,above,5-10 K,0.35901648,0.21424267,0.42674083,0.006773913,0.0183959,0.9748302
,1-butyl-1-methylpyrrolidinium bis(trifluoromethylsulfonyl)imide,CCCC[N+]1(C)CCCC1.O=S(=O)([N-]S(=O)(=O)C(F)(F)F)C(F)(F)F,[C4MPyr][NTf2],ethanol,CCO,alcohol,water,O,water,0.141,0.273,0.586,0.014,0.179,0.807,101.325,1.0,742,333.0,9.800000000000011,above,5-10 K,0.27153862,0.24647751,0.4819839,0.007918937,0.018997084,0.97308403
no,1-decyl-3-methylimidazolium bis(trifluoromethylsulfonyl)imide,CCCCCCCCCCn1cc[n+](C)c1.O=S(=O)([N-]S(=O)(=O)C(F)(F)F)C(F)(F)F,[C10MIm][NTf2],2-propanol,CC(C)O,alcohol,water,O,water,0.895,0.0,0.105,0.0,0.0,1.0,101.325,0.0,748,278.15,15.0,below,10-20 K,0.40320635,0.24786662,0.34892705,0.007290941,0.022984982,0.9697241
no,1-decyl-3-methylimidazolium bis(trifluoromethylsulfonyl)imide,CCCCCCCCCCn1cc[n+](C)c1.O=S(=O)([N-]S(=O)(=O)C(F)(F)F)C(F)(F)F,[C10MIm][NTf2],2-propanol,CC(C)O,alcohol,water,O,water,0.74,0.144,0.116,0.0,0.052947048,0.9470529,101.325,0.14285715,748,278.15,15.0,below,10-20 K,0.36393583,0.26566148,0.3704027,0.007717787,0.023153752,0.96912843
no,1-decyl-3-methylimidazolium bis(trifluoromethylsulfonyl)imide,CCCCCCCCCCn1cc[n+](C)c1.O=S(=O)([N-]S(=O)(=O)C(F)(F)F)C(F)(F)F,[C10MIm][NTf2],2-propanol,CC(C)O,alcohol,water,O,water,0.642,0.217,0.141,0.0,0.071,0.929,101.325,0.2857143,748,278.15,15.0,below,10-20 K,0.32646564,0.28282762,0.39070675,0.008166037,0.0233284,0.9685056
no,1-decyl-3-methylimidazolium bis(trifluoromethylsulfonyl)imide,CCCCCCCCCCn1cc[n+](C)c1.O=S(=O)([N-]S(=O)(=O)C(F)(F)F)C(F)(F)F,[C10MIm][NTf2],2-propanol,CC(C)O,alcohol,water,O,water,0.519,0.321,0.16,0.0,0.1,0.9,101.325,0.42857143,748,278.15,15.0,below,10-20 K,0.29112792,0.29921833,0.40965375,0.008641218,0.023522707,0.9678361
no,1-decyl-3-methylimidazolium bis(trifluoromethylsulfonyl)imide,CCCCCCCCCCn1cc[n+](C)c1.O=S(=O)([N-]S(=O)(=O)C(F)(F)F)C(F)(F)F,[C10MIm][NTf2],2-propanol,CC(C)O,alcohol,water,O,water,0.356,0.393,0.251,0.0,0.127,0.873,101.325,0.5714286,748,278.15,15.0,below,10-20 K,0.25824028,0.31469285,0.42706686,0.009140777,0.023732519,0.96712667
no,1-decyl-3-methylimidazolium bis(trifluoromethylsulfonyl)imide,CCCCCCCCCCn1cc[n+](C)c1.O=S(=O)([N-]S(=O)(=O)C(F)(F)F)C(F)(F)F,[C10MIm][NTf2],2-propanol,CC(C)O,alcohol,water,O,water,0.259,0.416,0.325,0.0,0.139,0.861,101.325,0.71428573,748,278.15,15.0,below,10-20 K,0.22793488,0.32913223,0.4429329,0.009664007,0.023945363,0.9663906
no,1-decyl-3-methylimidazolium bis(trifluoromethylsulfonyl)imide,CCCCCCCCCCn1cc[n+](C)c1.O=S(=O)([N-]S(=O)(=O)C(F)(F)F)C(F)(F)F,[C10MIm][NTf2],2-propanol,CC(C)O,alcohol,water,O,water,0.208,0.418,0.374,0.001,0.157,0.842,101.325,0.85714287,748,278.15,15.0,below,10-20 K,0.20037068,0.3424618,0.45716748,0.01021398,0.02417739,0.9656086
no,1-decyl-3-methylimidazolium bis(trifluoromethylsulfonyl)imide,CCCCCCCCCCn1cc[n+](C)c1.O=S(=O)([N-]S(=O)(=O)C(F)(F)F)C(F)(F)F,[C10MIm][NTf2],2-propanol,CC(C)O,alcohol,water,O,water,0.17,0.411,0.419,0.001,0.176,0.823,101.325,1.0,748,278.15,15.0,below,10-20 K,0.1807834,0.3470727,0.4721439,0.009394279,0.023855112,0.9667506
no,1-decyl-3-methylimidazolium bis(trifluoromethylsulfonyl)imide,CCCCCCCCCCn1cc[n+](C)c1.O=S(=O)([N-]S(=O)(=O)C(F)(F)F)C(F)(F)F,[C10MIm][NTf2],2-propanol,CC(C)O,alcohol,water,O,water,0.812,0.0,0.188,0.0,0.0,1.0,101.325,0.0,749,288.15,5.0,below,0-5 K,0.4177076,0.23652285,0.34576955,0.006245394,0.022113806,0.9716409
no,1-decyl-3-methylimidazolium bis(trifluoromethylsulfonyl)imide,CCCCCCCCCCn1cc[n+](C)c1.O=S(=O)([N-]S(=O)(=O)C(F)(F)F)C(F)(F)F,[C10MIm][NTf2],2-propanol,CC(C)O,alcohol,water,O,water,0.607,0.165,0.228,0.0,0.029,0.971,101.325,0.14285715,749,288.15,5.0,below,0-5 K,0.3772234,0.2544317,0.36834496,0.0066169654,0.022264231,0.9711188
no,1-decyl-3-methylimidazolium bis(trifluoromethylsulfonyl)imide,CCCCCCCCCCn1cc[n+](C)c1.O=S(=O)([N-]S(=O)(=O)C(F)(F)F)C(F)(F)F,[C10MIm][NTf2],2-propanol,CC(C)O,alcohol,water,O,water,0.485,0.247,0.268,0.0,0.043,0.957,101.325,0.2857143,749,288.15,5.0,below,0-5 K,0.32978633,0.2792088,0.39100483,0.007887185,0.022832623,0.96928024
no,1-decyl-3-methylimidazolium bis(trifluoromethylsulfonyl)imide,CCCCCCCCCCn1cc[n+](C)c1.O=S(=O)([N-]S(=O)(=O)C(F)(F)F)C(F)(F)F,[C10MIm][NTf2],2-propanol,CC(C)O,alcohol,water,O,water,0.384,0.312,0.304,0.0,0.06,0.94,101.325,0.42857143,749,288.15,5.0,below,0-5 K,0.2940855,0.29562005,0.4102944,0.008346851,0.023021761,0.9686313
no,1-decyl-3-methylimidazolium bis(trifluoromethylsulfonyl)imide,CCCCCCCCCCn1cc[n+](C)c1.O=S(=O)([N-]S(=O)(=O)C(F)(F)F)C(F)(F)F,[C10MIm][NTf2],2-propanol,CC(C)O,alcohol,water,O,water,0.26,0.358,0.382,0.001,0.079,0.92,101.325,0.5714286,749,288.15,5.0,below,0-5 K,0.26078942,0.3111578,0.42805278,0.008828178,0.023208484,0.9679634
no,1-decyl-3-methylimidazolium bis(trifluoromethylsulfonyl)imide,CCCCCCCCCCn1cc[n+](C)c1.O=S(=O)([N-]S(=O)(=O)C(F)(F)F)C(F)(F)F,[C10MIm][NTf2],2-propanol,CC(C)O,alcohol,water,O,water,0.189,0.368,0.443,0.001,0.09,0.909,101.325,0.71428573,749,288.15,5.0,below,0-5 K,0.23009059,0.3256919,0.4442175,0.009338133,0.023414979,0.96724695
no,1-decyl-3-methylimidazolium bis(trifluoromethylsulfonyl)imide,CCCCCCCCCCn1cc[n+](C)c1.O=S(=O)([N-]S(=O)(=O)C(F)(F)F)C(F)(F)F,[C10MIm][NTf2],2-propanol,CC(C)O,alcohol,water,O,water,0.145,0.391,0.464,0.001,0.111,0.888,101.325,0.85714287,749,288.15,5.0,below,0-5 K,0.20216332,0.3390863,0.4587504,0.009868364,0.023624543,0.966507
no,1-decyl-3-methylimidazolium bis(trifluoromethylsulfonyl)imide,CCCCCCCCCCn1cc[n+](C)c1.O=S(=O)([N-]S(=O)(=O)C(F)(F)F)C(F)(F)F,[C10MIm][NTf2],2-propanol,CC(C)O,alcohol,water,O,water,0.114,0.353,0.533,0.003,0.127,0.87,101.325,1.0,749,288.15,5.0,below,0-5 K,0.17686479,0.3514231,0.47171208,0.010433213,0.023866588,0.9657002
,1-butyl-3-methylimidazolium hexafluorophosphate,CCCCn1cc[n+](C)c1.F[P-](F)(F)(F)(F)F,[C4MIm][PF6],ethanol,CCO,alcohol,water,O,water,0.795,0.0,0.205,0.001,0.0,0.999,101.325,0.0,781,283.2,9.949999999999989,below,5-10 K,0.46492556,0.18424253,0.35083196,0.007047876,0.04088924,0.9520629
,1-butyl-3-methylimidazolium hexafluorophosphate,CCCCn1cc[n+](C)c1.F[P-](F)(F)(F)(F)F,[C4MIm][PF6],ethanol,CCO,alcohol,water,O,water,0.76,0.019,0.221,0.001,0.025,0.974,101.325,0.05263158,781,283.2,9.949999999999989,below,5-10 K,0.44888276,0.1901643,0.36095297,0.007217339,0.040982004,0.9518007
,1-butyl-3-methylimidazolium hexafluorophosphate,CCCCn1cc[n+](C)c1.F[P-](F)(F)(F)(F)F,[C4MIm][PF6],ethanol,CCO,alcohol,water,O,water,0.736,0.043,0.221,0.001,0.056,0.943,101.325,0.10526316,781,283.2,9.949999999999989,below,5-10 K,0.43302238,0.19603556,0.37094203,0.0073888972,0.041076917,0.95153415
,1-butyl-3-methylimidazolium hexafluorophosphate,CCCCn1cc[n+](C)c1.F[P-](F)(F)(F)(F)F,[C4MIm][PF6],ethanol,CCO,alcohol,water,O,water,0.695,0.087,0.218,0.001,0.094,0.905,101.325,0.15789473,781,283.2,9.949999999999989,below,5-10 K,0.4172652,0.20190684,0.38082802,0.007565351,0.041160434,0.95127434
,1-butyl-3-methylimidazolium hexafluorophosphate,CCCCn1cc[n+](C)c1.F[P-](F)(F)(F)(F)F,[C4MIm][PF6],ethanol,CCO,alcohol,water,O,water,0.649,0.122,0.229,0.002,0.127,0.871,101.325,0.21052632,781,283.2,9.949999999999989,below,5-10 K,0.40155113,0.20776929,0.39067957,0.007746391,0.04125046,0.9510032
,1-butyl-3-methylimidazolium hexafluorophosphate,CCCCn1cc[n+](C)c1.F[P-](F)(F)(F)(F)F,[C4MIm][PF6],ethanol,CCO,alcohol,water,O,water,0.607,0.156,0.237,0.003,0.159,0.838,101.325,0.2631579,781,283.2,9.949999999999989,below,5-10 K,0.3748262,0.21907313,0.40610063,0.00856162,0.041520204,0.9499181
,1-butyl-3-methylimidazolium hexafluorophosphate,CCCCn1cc[n+](C)c1.F[P-](F)(F)(F)(F)F,[C4MIm][PF6],ethanol,CCO,alcohol,water,O,water,0.572,0.18,0.248,0.003,0.19,0.807,101.325,0.31578946,781,283.2,9.949999999999989,below,5-10 K,0.35536155,0.2270638,0.41757464,0.009031884,0.041787896,0.94918025
,1-butyl-3-methylimidazolium hexafluorophosphate,CCCCn1cc[n+](C)c1.F[P-](F)(F)(F)(F)F,[C4MIm][PF6],ethanol,CCO,alcohol,water,O,water,0.545,0.197,0.258,0.004,0.222,0.774,101.325,0.36842105,781,283.2,9.949999999999989,below,5-10 K,0.34086648,0.23263492,0.42649862,0.009242056,0.041886955,0.9488709
,1-butyl-3-methylimidazolium hexafluorophosphate,CCCCn1cc[n+](C)c1.F[P-](F)(F)(F)(F)F,[C4MIm][PF6],ethanol,CCO,alcohol,water,O,water,0.51100004,0.22000001,0.26900002,0.007,0.261,0.732,101.325,0.42105263,781,283.2,9.949999999999989,below,5-10 K,0.32662502,0.23813121,0.43524376,0.009458539,0.04198881,0.94855267
,1-butyl-3-methylimidazolium hexafluorophosphate,CCCCn1cc[n+](C)c1.F[P-](F)(F)(F)(F)F,[C4MIm][PF6],ethanol,CCO,alcohol,water,O,water,0.493,0.234,0.273,0.008,0.285,0.707,101.325,0.47368422,781,283.2,9.949999999999989,below,5-10 K,0.31281418,0.24348755,0.44369826,0.009675645,0.04208747,0.9482369
,1-butyl-3-methylimidazolium hexafluorophosphate,CCCCn1cc[n+](C)c1.F[P-](F)(F)(F)(F)F,[C4MIm][PF6],ethanol,CCO,alcohol,water,O,water,0.469,0.253,0.278,0.011,0.315,0.674,101.325,0.5263158,781,283.2,9.949999999999989,below,5-10 K,0.29927337,0.24876812,0.45195854,0.009898886,0.042191222,0.9479099
,1-butyl-3-methylimidazolium hexafluorophosphate,CCCCn1cc[n+](C)c1.F[P-](F)(F)(F)(F)F,[C4MIm][PF6],ethanol,CCO,alcohol,water,O,water,0.462,0.26,0.278,0.013,0.336,0.651,101.325,0.57894737,781,283.2,9.949999999999989,below,5-10 K,0.28606233,0.25395668,0.459981,0.010129934,0.042310085,0.94755995
,1-butyl-3-methylimidazolium hexafluorophosphate,CCCCn1cc[n+](C)c1.F[P-](F)(F)(F)(F)F,[C4MIm][PF6],ethanol,CCO,alcohol,water,O,water,0.446,0.268,0.286,0.015,0.36,0.625,101.325,0.6315789,781,283.2,9.949999999999989,below,5-10 K,0.27238753,0.25942734,0.46818513,0.010505742,0.04239669,0.9470976
,1-butyl-3-methylimidazolium hexafluorophosphate,CCCCn1cc[n+](C)c1.F[P-](F)(F)(F)(F)F,[C4MIm][PF6],ethanol,CCO,alcohol,water,O,water,0.43,0.282,0.288,0.016,0.381,0.603,101.325,0.68421054,781,283.2,9.949999999999989,below,5-10 K,0.25997376,0.26435637,0.4756698,0.010748821,0.042519104,0.946732
,1-butyl-3-methylimidazolium hexafluorophosphate,CCCCn1cc[n+](C)c1.F[P-](F)(F)(F)(F)F,[C4MIm][PF6],ethanol,CCO,alcohol,water,O,water,0.407,0.298,0.295,0.02,0.419,0.561,101.325,0.7368421,781,283.2,9.949999999999989,below,5-10 K,0.24792664,0.26915443,0.4829189,0.010994154,0.0426332,0.9463726
,1-butyl-3-methylimidazolium hexafluorophosphate,CCCCn1cc[n+](C)c1.F[P-](F)(F)(F)(F)F,[C4MIm][PF6],ethanol,CCO,alcohol,water,O,water,0.386,0.326,0.288,0.023,0.458,0.519,101.325,0.7894737,781,283.2,9.949999999999989,below,5-10 K,0.23628083,0.27383167,0.48988748,0.011246206,0.04275096,0.9460028
,1-butyl-3-methylimidazolium hexafluorophosphate,CCCCn1cc[n+](C)c1.F[P-](F)(F)(F)(F)F,[C4MIm][PF6],ethanol,CCO,alcohol,water,O,water,0.371,0.349,0.28,0.027,0.485,0.488,101.325,0.84210527,781,283.2,9.949999999999989,below,5-10 K,0.22502145,0.2783911,0.49658737,0.011505353,0.042873137,0.9456215
,1-butyl-3-methylimidazolium hexafluorophosphate,CCCCn1cc[n+](C)c1.F[P-](F)(F)(F)(F)F,[C4MIm][PF6],ethanol,CCO,alcohol,water,O,water,0.36200002,0.36400002,0.27400002,0.029,0.517,0.454,101.325,0.8947368,781,283.2,9.949999999999989,below,5-10 K,0.22329463,0.27628252,0.5004229,0.010173817,0.042290926,0.9475352
,1-butyl-3-methylimidazolium hexafluorophosphate,CCCCn1cc[n+](C)c1.F[P-](F)(F)(F)(F)F,[C4MIm][PF6],ethanol,CCO,alcohol,water,O,water,0.349,0.397,0.254,0.03,0.575,0.395,101.325,0.94736844,781,283.2,9.949999999999989,below,5-10 K,0.21237569,0.28068063,0.50694376,0.010407326,0.04240768,0.9471849
,1-butyl-3-methylimidazolium hexafluorophosphate,CCCCn1cc[n+](C)c1.F[P-](F)(F)(F)(F)F,[C4MIm][PF6],ethanol,CCO,alcohol,water,O,water,0.35400003,0.41300002,0.23300001,0.027,0.621,0.352,101.325,1.0,781,283.2,9.949999999999989,below,5-10 K,0.20232008,0.28467554,0.51300436,0.010608051,0.04250744,0.9468844
,1-ethyl-3-methylimidazolium bis(trifluoromethylsulfonyl)imide,CCn1cc[n+](C)c1.O=S(=O)([N-]S(=O)(=O)C(F)(F)F)C(F)(F)F,[C2MIm][NTf2],ethanol,CCO,alcohol,water,O,water,0.673,0.061,0.266,0.0,0.044,0.956,101.325,0.0,788,283.2,9.949999999999989,below,5-10 K,0.44312406,0.16767375,0.38920215,0.007646905,0.028684702,0.9636684
,1-ethyl-3-methylimidazolium bis(trifluoromethylsulfonyl)imide,CCn1cc[n+](C)c1.O=S(=O)([N-]S(=O)(=O)C(F)(F)F)C(F)(F)F,[C2MIm][NTf2],ethanol,CCO,alcohol,water,O,water,0.603,0.108,0.289,0.001,0.072,0.927,101.325,0.16666667,788,283.2,9.949999999999989,below,5-10 K,0.39396617,0.18369272,0.42234114,0.008254959,0.028891262,0.96285385
,1-ethyl-3-methylimidazolium bis(trifluoromethylsulfonyl)imide,CCn1cc[n+](C)c1.O=S(=O)([N-]S(=O)(=O)C(F)(F)F)C(F)(F)F,[C2MIm][NTf2],ethanol,CCO,alcohol,water,O,water,0.457,0.209,0.334,0.002,0.122,0.876,101.325,0.33333334,788,283.2,9.949999999999989,below,5-10 K,0.34215662,0.20127064,0.45657274,0.009132449,0.029160842,0.9617067
,1-ethyl-3-methylimidazolium bis(trifluoromethylsulfonyl)imide,CCn1cc[n+](C)c1.O=S(=O)([N-]S(=O)(=O)C(F)(F)F)C(F)(F)F,[C2MIm][NTf2],ethanol,CCO,alcohol,water,O,water,0.373,0.254,0.373,0.004,0.156,0.84,101.325,0.5,788,283.2,9.949999999999989,below,5-10 K,0.298399,0.21605466,0.48554638,0.009843481,0.029375667,0.9607808
,1-ethyl-3-methylimidazolium bis(trifluoromethylsulfonyl)imide,CCn1cc[n+](C)c1.O=S(=O)([N-]S(=O)(=O)C(F)(F)F)C(F)(F)F,[C2MIm][NTf2],ethanol,CCO,alcohol,water,O,water,0.31,0.284,0.406,0.007,0.185,0.808,101.325,0.6666667,788,283.2,9.949999999999989,below,5-10 K,0.2536594,0.23062544,0.5157152,0.01045194,0.029606411,0.9599417
,1-ethyl-3-methylimidazolium bis(trifluoromethylsulfonyl)imide,CCn1cc[n+](C)c1.O=S(=O)([N-]S(=O)(=O)C(F)(F)F)C(F)(F)F,[C2MIm][NTf2],ethanol,CCO,alcohol,water,O,water,0.235,0.315,0.45,0.016,0.224,0.76,101.325,0.8333333,788,283.2,9.949999999999989,below,5-10 K,0.21041276,0.2438178,0.5457694,0.010842095,0.030058308,0.9590996
,1-ethyl-3-methylimidazolium bis(trifluoromethylsulfonyl)imide,CCn1cc[n+](C)c1.O=S(=O)([N-]S(=O)(=O)C(F)(F)F)C(F)(F)F,[C2MIm][NTf2],ethanol,CCO,alcohol,water,O,water,0.174,0.318,0.508,0.027,0.25,0.723,101.325,1.0,788,283.2,9.949999999999989,below,5-10 K,0.17519811,0.25749323,0.5673086,0.012801675,0.030372046,0.95682627
,1-ethyl-3-methylimidazolium bis(trifluoromethylsulfonyl)imide,CCn1cc[n+](C)c1.O=S(=O)([N-]S(=O)(=O)C(F)(F)F)C(F)(F)F,[C2MIm][NTf2],ethanol,CCO,alcohol,water,O,water,0.729,0.068,0.203,0.001,0.041,0.958,101.325,0.0,791,283.2,9.949999999999989,below,5-10 K,0.3995013,0.18181776,0.41868088,0.010194132,0.029337825,0.96046805
,1-ethyl-3-methylimidazolium bis(trifluoromethylsulfonyl)imide,CCn1cc[n+](C)c1.O=S(=O)([N-]S(=O)(=O)C(F)(F)F)C(F)(F)F,[C2MIm][NTf2],ethanol,CCO,alcohol,water,O,water,0.652,0.144,0.204,0.0,0.081,0.919,101.325,0.14285715,791,283.2,9.949999999999989,below,5-10 K,0.35924235,0.19517232,0.4455853,0.010870532,0.029523242,0.95960623
,1-ethyl-3-methylimidazolium bis(trifluoromethylsulfonyl)imide,CCn1cc[n+](C)c1.O=S(=O)([N-]S(=O)(=O)C(F)(F)F)C(F)(F)F,[C2MIm][NTf2],ethanol,CCO,alcohol,water,O,water,0.522,0.248,0.23,0.0,0.129,0.871,101.325,0.2857143,791,283.2,9.949999999999989,below,5-10 K,0.32092503,0.20807709,0.4709979,0.011586924,0.02971633,0.9586967
,1-ethyl-3-methylimidazolium bis(trifluoromethylsulfonyl)imide,CCn1cc[n+](C)c1.O=S(=O)([N-]S(=O)(=O)C(F)(F)F)C(F)(F)F,[C2MIm][NTf2],ethanol,CCO,alcohol,water,O,water,0.422,0.318,0.26,0.001,0.168,0.831,101.325,0.42857143,791,283.2,9.949999999999989,below,5-10 K,0.2939592,0.2187073,0.4873335,0.011441056,0.028752444,0.9598065
,1-ethyl-3-methylimidazolium bis(trifluoromethylsulfonyl)imide,CCn1cc[n+](C)c1.O=S(=O)([N-]S(=O)(=O)C(F)(F)F)C(F)(F)F,[C2MIm][NTf2],ethanol,CCO,alcohol,water,O,water,0.342,0.365,0.293,0.002,0.207,0.791,101.325,0.5714286,791,283.2,9.949999999999989,below,5-10 K,0.26449686,0.22970155,0.50580156,0.011816464,0.02856288,0.9596206
,1-ethyl-3-methylimidazolium bis(trifluoromethylsulfonyl)imide,CCn1cc[n+](C)c1.O=S(=O)([N-]S(=O)(=O)C(F)(F)F)C(F)(F)F,[C2MIm][NTf2],ethanol,CCO,alcohol,water,O,water,0.259,0.405,0.336,0.004,0.258,0.738,101.325,0.71428573,791,283.2,9.949999999999989,below,5-10 K,0.23268758,0.24101199,0.52630043,0.012580144,0.028775744,0.95864415
,1-ethyl-3-methylimidazolium bis(trifluoromethylsulfonyl)imide,CCn1cc[n+](C)c1.O=S(=O)([N-]S(=O)(=O)C(F)(F)F)C(F)(F)F,[C2MIm][NTf2],ethanol,CCO,alcohol,water,O,water,0.216,0.417,0.367,0.007,0.285,0.708,101.325,0.85714287,791,283.2,9.949999999999989,below,5-10 K,0.20380887,0.25150022,0.5446909,0.013385003,0.028996928,0.95761806
,1-ethyl-3-methylimidazolium bis(trifluoromethylsulfonyl)imide,CCn1cc[n+](C)c1.O=S(=O)([N-]S(=O)(=O)C(F)(F)F)C(F)(F)F,[C2MIm][NTf2],ethanol,CCO,alcohol,water,O,water,0.138,0.428,0.434,0.028,0.33,0.642,101.325,1.0,791,283.2,9.949999999999989,below,5-10 K,0.17774305,0.2611876,0.56106937,0.0142363785,0.02922149,0.9565422
,1-butyl-3-methylimidazolium bis(trifluoromethylsulfonyl)imide,CCCCn1cc[n+](C)c1.O=S(=O)([N-]S(=O)(=O)C(F)(F)F)C(F)(F)F,[C4MIm][NTf2],2-propanol,CC(C)O,alcohol,water,O,water,0.728,0.068,0.204,0.001,0.024,0.975,101.325,0.0,794,283.2,9.949999999999989,below,5-10 K,0.34796622,0.20922856,0.44280526,0.008751063,0.040849797,0.95039916
,1-butyl-3-methylimidazolium bis(trifluoromethylsulfonyl)imide,CCCCn1cc[n+](C)c1.O=S(=O)([N-]S(=O)(=O)C(F)(F)F)C(F)(F)F,[C4MIm][NTf2],2-propanol,CC(C)O,alcohol,water,O,water,0.623,0.145,0.232,0.001,0.052,0.947,101.325,0.14285715,794,283.2,9.949999999999989,below,5-10 K,0.30849564,0.22416,0.46734437,0.009408791,0.04063644,0.9499548
,1-butyl-3-methylimidazolium bis(trifluoromethylsulfonyl)imide,CCCCn1cc[n+](C)c1.O=S(=O)([N-]S(=O)(=O)C(F)(F)F)C(F)(F)F,[C4MIm][NTf2],2-propanol,CC(C)O,alcohol,water,O,water,0.471,0.24,0.289,0.0,0.075,0.925,101.325,0.2857143,794,283.2,9.949999999999989,below,5-10 K,0.27320293,0.23725215,0.48954493,0.009958844,0.04030056,0.9497405
,1-butyl-3-methylimidazolium bis(trifluoromethylsulfonyl)imide,CCCCn1cc[n+](C)c1.O=S(=O)([N-]S(=O)(=O)C(F)(F)F)C(F)(F)F,[C4MIm][NTf2],2-propanol,CC(C)O,alcohol,water,O,water,0.33900002,0.30800003,0.35300002,0.001,0.101,0.898,101.325,0.42857143,794,283.2,9.949999999999989,below,5-10 K,0.26299402,0.22829793,0.508708,0.010287353,0.042233914,0.9474787
,1-butyl-3-methylimidazolium bis(trifluoromethylsulfonyl)imide,CCCCn1cc[n+](C)c1.O=S(=O)([N-]S(=O)(=O)C(F)(F)F)C(F)(F)F,[C4MIm][NTf2],2-propanol,CC(C)O,alcohol,water,O,water,0.224,0.34,0.436,0.005,0.137,0.858,101.325,0.5714286,794,283.2,9.949999999999989,below,5-10 K,0.2303319,0.2400825,0.5295856,0.010842712,0.04177272,0.94738454
,1-butyl-3-methylimidazolium bis(trifluoromethylsulfonyl)imide,CCCCn1cc[n+](C)c1.O=S(=O)([N-]S(=O)(=O)C(F)(F)F)C(F)(F)F,[C4MIm][NTf2],2-propanol,CC(C)O,alcohol,water,O,water,0.184,0.342,0.474,0.007,0.158,0.835,101.325,0.71428573,794,283.2,9.949999999999989,below,5-10 K,0.20064253,0.25104955,0.54830796,0.011425468,0.041349594,0.9472249
,1-butyl-3-methylimidazolium bis(trifluoromethylsulfonyl)imide,CCCCn1cc[n+](C)c1.O=S(=O)([N-]S(=O)(=O)C(F)(F)F)C(F)(F)F,[C4MIm][NTf2],2-propanol,CC(C)O,alcohol,water,O,water,0.15,0.337,0.513,0.01,0.179,0.811,101.325,0.85714287,794,283.2,9.949999999999989,below,5-10 K,0.17285913,0.2597109,0.5674299,0.012045521,0.0408523,0.9471022
,1-butyl-3-methylimidazolium bis(trifluoromethylsulfonyl)imide,CCCCn1cc[n+](C)c1.O=S(=O)([N-]S(=O)(=O)C(F)(F)F)C(F)(F)F,[C4MIm][NTf2],2-propanol,CC(C)O,alcohol,water,O,water,0.118,0.323,0.559,0.016,0.202,0.782,101.325,1.0,794,283.2,9.949999999999989,below,5-10 K,0.14895065,0.26794532,0.583104,0.012691884,0.040425792,0.94688225
,1-butyl-1-methylpyrrolidinium bis(trifluoromethylsulfonyl)imide,CCCC[N+]1(C)CCCC1.O=S(=O)([N-]S(=O)(=O)C(F)(F)F)C(F)(F)F,[C4MPyr][NTf2],2-propanol,CC(C)O,alcohol,water,O,water,0.65000004,0.14500001,0.20500001,0.0,0.055,0.945,101.325,0.0,797,282.2,10.949999999999989,below,10-20 K,0.4238411,0.17690665,0.3992522,0.006388518,0.03285048,0.9607609
,1-butyl-1-methylpyrrolidinium bis(trifluoromethylsulfonyl)imide,CCCC[N+]1(C)CCCC1.O=S(=O)([N-]S(=O)(=O)C(F)(F)F)C(F)(F)F,[C4MPyr][NTf2],2-propanol,CC(C)O,alcohol,water,O,water,0.52,0.227,0.253,0.001,0.08,0.919,101.325,0.16666667,797,282.2,10.949999999999989,below,10-20 K,0.375308,0.19411238,0.43057966,0.007005373,0.032711335,0.9602832
,1-butyl-1-methylpyrrolidinium bis(trifluoromethylsulfonyl)imide,CCCC[N+]1(C)CCCC1.O=S(=O)([N-]S(=O)(=O)C(F)(F)F)C(F)(F)F,[C4MPyr][NTf2],2-propanol,CC(C)O,alcohol,water,O,water,0.396,0.292,0.312,0.001,0.108,0.891,101.325,0.33333334,797,282.2,10.949999999999989,below,10-20 K,0.32844862,0.21033905,0.46121237,0.007473096,0.032334756,0.96019214
,1-butyl-1-methylpyrrolidinium bis(trifluoromethylsulfonyl)imide,CCCC[N+]1(C)CCCC1.O=S(=O)([N-]S(=O)(=O)C(F)(F)F)C(F)(F)F,[C4MPyr][NTf2],2-propanol,CC(C)O,alcohol,water,O,water,0.295,0.333,0.372,0.004,0.151,0.845,101.325,0.5,797,282.2,10.949999999999989,below,10-20 K,0.28461874,0.22572175,0.48965946,0.007979964,0.031977892,0.9600421
,1-butyl-1-methylpyrrolidinium bis(trifluoromethylsulfonyl)imide,CCCC[N+]1(C)CCCC1.O=S(=O)([N-]S(=O)(=O)C(F)(F)F)C(F)(F)F,[C4MPyr][NTf2],2-propanol,CC(C)O,alcohol,water,O,water,0.234,0.349,0.417,0.008,0.189,0.803,101.325,0.6666667,797,282.2,10.949999999999989,below,10-20 K,0.24504438,0.24010468,0.5148509,0.008491359,0.03165548,0.9598532
,1-butyl-1-methylpyrrolidinium bis(trifluoromethylsulfonyl)imide,CCCC[N+]1(C)CCCC1.O=S(=O)([N-]S(=O)(=O)C(F)(F)F)C(F)(F)F,[C4MPyr][NTf2],2-propanol,CC(C)O,alcohol,water,O,water,0.161,0.351,0.488,0.021,0.244,0.735,101.325,1.0,797,282.2,10.949999999999989,below,10-20 K,0.16507778,0.28712407,0.5477981,0.009964354,0.03015861,0.959877
,1-butyl-1-methylpyrrolidinium bis(trifluoromethylsulfonyl)imide,CCCC[N+]1(C)CCCC1.O=S(=O)([N-]S(=O)(=O)C(F)(F)F)C(F)(F)F,[C4MPyr][NTf2],2-propanol,CC(C)O,alcohol,water,O,water,0.161,0.352,0.487,0.02,0.244,0.736,101.325,0.8333333,797,282.2,10.949999999999989,below,10-20 K,0.1941768,0.27535436,0.5304688,0.00937455,0.03033329,0.96029216
,1-butyl-3-methylimidazolium bis(trifluoromethylsulfonyl)imide,CCCCn1cc[n+](C)c1.O=S(=O)([N-]S(=O)(=O)C(F)(F)F)C(F)(F)F,[C4MIm][NTf2],1-propanol,CCCO,alcohol,water,O,water,0.804,0.0,0.196,0.001,0.0,0.999,101.325,0.0,800,283.15,10.0,below,5-10 K,0.35750648,0.21332395,0.42916954,0.0089037195,0.031217005,0.9598792
,1-butyl-3-methylimidazolium bis(trifluoromethylsulfonyl)imide,CCCCn1cc[n+](C)c1.O=S(=O)([N-]S(=O)(=O)C(F)(F)F)C(F)(F)F,[C4MIm][NTf2],1-propanol,CCCO,alcohol,water,O,water,0.67300004,0.117000006,0.21000001,0.0,0.024,0.976,101.325,0.14285715,800,283.15,10.0,below,5-10 K,0.31914064,0.22781971,0.4530396,0.009523329,0.03123625,0.9592404
,1-butyl-3-methylimidazolium bis(trifluoromethylsulfonyl)imide,CCCCn1cc[n+](C)c1.O=S(=O)([N-]S(=O)(=O)C(F)(F)F)C(F)(F)F,[C4MIm][NTf2],1-propanol,CCCO,alcohol,water,O,water,0.524,0.242,0.234,0.0,0.046,0.954,101.325,0.2857143,800,283.15,10.0,below,5-10 K,0.28323358,0.24137647,0.47539,0.010058637,0.031134866,0.9588065
,1-butyl-3-methylimidazolium bis(trifluoromethylsulfonyl)imide,CCCCn1cc[n+](C)c1.O=S(=O)([N-]S(=O)(=O)C(F)(F)F)C(F)(F)F,[C4MIm][NTf2],1-propanol,CCCO,alcohol,water,O,water,0.424,0.304,0.272,0.001,0.057,0.942,101.325,0.42857143,800,283.15,10.0,below,5-10 K,0.24996574,0.25415778,0.4958764,0.010621243,0.031047067,0.9583317
,1-butyl-3-methylimidazolium bis(trifluoromethylsulfonyl)imide,CCCCn1cc[n+](C)c1.O=S(=O)([N-]S(=O)(=O)C(F)(F)F)C(F)(F)F,[C4MIm][NTf2],1-propanol,CCCO,alcohol,water,O,water,0.27,0.357,0.373,0.001,0.076,0.923,101.325,0.5714286,800,283.15,10.0,below,5-10 K,0.21947008,0.2661077,0.51442224,0.011211246,0.03097324,0.95781547
,1-butyl-3-methylimidazolium bis(trifluoromethylsulfonyl)imide,CCCCn1cc[n+](C)c1.O=S(=O)([N-]S(=O)(=O)C(F)(F)F)C(F)(F)F,[C4MIm][NTf2],1-propanol,CCCO,alcohol,water,O,water,0.179,0.372,0.449,0.002,0.099,0.899,101.325,0.71428573,800,283.15,10.0,below,5-10 K,0.19179769,0.27715147,0.53105086,0.011829696,0.030907081,0.95726323
,1-butyl-3-methylimidazolium bis(trifluoromethylsulfonyl)imide,CCCCn1cc[n+](C)c1.O=S(=O)([N-]S(=O)(=O)C(F)(F)F)C(F)(F)F,[C4MIm][NTf2],1-propanol,CCCO,alcohol,water,O,water,0.132,0.37,0.498,0.003,0.118,0.879,101.325,0.85714287,800,283.15,10.0,below,5-10 K,0.16701949,0.287295,0.54568547,0.012475295,0.030855559,0.95666915
,1-butyl-3-methylimidazolium bis(trifluoromethylsulfonyl)imide,CCCCn1cc[n+](C)c1.O=S(=O)([N-]S(=O)(=O)C(F)(F)F)C(F)(F)F,[C4MIm][NTf2],1-propanol,CCCO,alcohol,water,O,water,0.089,0.346,0.565,0.007,0.148,0.845,101.325,1.0,800,283.15,10.0,below,5-10 K,0.1449873,0.29632464,0.5586881,0.013063985,0.030766075,0.95616996
,1-ethyl-3-methylimidazolium acetate,CC(=O)[O-].CCn1cc[n+](C)c1,[C2MIm][OAc],ethanol,CCO,alcohol,ethyl acetate,CCOC(C)=O,ester,0.794,0.0,0.206,0.03,0.0,0.97,101.325,0.0,807,288.15,5.0,below,0-5 K,0.5992563,0.18596202,0.2147817,0.01711803,0.14904207,0.8338399
,1-ethyl-3-methylimidazolium acetate,CC(=O)[O-].CCn1cc[n+](C)c1,[C2MIm][OAc],ethanol,CCO,alcohol,ethyl acetate,CCOC(C)=O,ester,0.67,0.098,0.232,0.03,0.01,0.96,101.325,0.2,807,288.15,5.0,below,0-5 K,0.54939413,0.20929447,0.24131139,0.018580424,0.14832254,0.83309704
,1-ethyl-3-methylimidazolium acetate,CC(=O)[O-].CCn1cc[n+](C)c1,[C2MIm][OAc],ethanol,CCO,alcohol,ethyl acetate,CCOC(C)=O,ester,0.537,0.202,0.261,0.029,0.027,0.944,101.325,0.4,807,288.15,5.0,below,0-5 K,0.4983593,0.23317222,0.26846847,0.020209922,0.1476791,0.8321109
,1-ethyl-3-methylimidazolium acetate,CC(=O)[O-].CCn1cc[n+](C)c1,[C2MIm][OAc],ethanol,CCO,alcohol,ethyl acetate,CCOC(C)=O,ester,0.401,0.301,0.298,0.029,0.059,0.912,101.325,0.6,807,288.15,5.0,below,0-5 K,0.44723165,0.2571359,0.29563254,0.022013891,0.14709067,0.8308954
,1-ethyl-3-methylimidazolium acetate,CC(=O)[O-].CCn1cc[n+](C)c1,[C2MIm][OAc],ethanol,CCO,alcohol,ethyl acetate,CCOC(C)=O,ester,0.225,0.401,0.374,0.03,0.149,0.821,101.325,0.8,807,288.15,5.0,below,0-5 K,0.39798197,0.28021044,0.32180762,0.02381165,0.14635521,0.82983315
,1-ethyl-3-methylimidazolium acetate,CC(=O)[O-].CCn1cc[n+](C)c1,[C2MIm][OAc],ethanol,CCO,alcohol,ethyl acetate,CCOC(C)=O,ester,0.177,0.412,0.411,0.034,0.196,0.77,101.325,1.0,807,288.15,5.0,below,0-5 K,0.35075906,0.30235273,0.3468882,0.025730403,0.14562587,0.8286437
,"1,3-dimethylimidazolium dimethylphosphate",COP(=O)([O-])OC.Cn1cc[n+](C)c1,[C1MIm][DMP],methanol,CO,alcohol,methyl acetate,COC(C)=O,ester,0.758,0.0,0.242,0.031,0.0,0.969,101.325,0.0,814,328.2,5.0,above,0-5 K,0.6818706,0.11036592,0.20776348,0.004897696,0.016248014,0.9788543
,"1,3-dimethylimidazolium dimethylphosphate",COP(=O)([O-])OC.Cn1cc[n+](C)c1,[C1MIm][DMP],methanol,CO,alcohol,methyl acetate,COC(C)=O,ester,0.702,0.039,0.259,0.035,0.012,0.953,101.325,0.1,814,328.2,5.0,above,0-5 K,0.6601308,0.11790962,0.22195959,0.0051407428,0.016447019,0.9784122
,"1,3-dimethylimidazolium dimethylphosphate",COP(=O)([O-])OC.Cn1cc[n+](C)c1,[C1MIm][DMP],methanol,CO,alcohol,methyl acetate,COC(C)=O,ester,0.65,0.075,0.275,0.038,0.027,0.935,101.325,0.2,814,328.2,5.0,above,0-5 K,0.63853794,0.12546983,0.23599218,0.00537788,0.016620103,0.978002
,"1,3-dimethylimidazolium dimethylphosphate",COP(=O)([O-])OC.Cn1cc[n+](C)c1,[C1MIm][DMP],methanol,CO,alcohol,methyl acetate,COC(C)=O,ester,0.613,0.1,0.287,0.04,0.038,0.922,101.325,0.3,814,328.2,5.0,above,0-5 K,0.6172453,0.13299416,0.24976048,0.0056076283,0.016767345,0.977625
,"1,3-dimethylimidazolium dimethylphosphate",COP(=O)([O-])OC.Cn1cc[n+](C)c1,[C1MIm][DMP],methanol,CO,alcohol,methyl acetate,COC(C)=O,ester,0.581,0.121,0.298,0.041,0.05,0.909,101.325,0.4,814,328.2,5.0,above,0-5 K,0.5937518,0.14115903,0.26508915,0.0058806473,0.016965678,0.97715366
,"1,3-dimethylimidazolium dimethylphosphate",COP(=O)([O-])OC.Cn1cc[n+](C)c1,[C1MIm][DMP],methanol,CO,alcohol,methyl acetate,COC(C)=O,ester,0.542,0.147,0.311,0.043,0.066,0.891,101.325,0.5,814,328.2,5.0,above,0-5 K,0.56981766,0.14947708,0.28070524,0.006168909,0.017178925,0.97665215
,"1,3-dimethylimidazolium dimethylphosphate",COP(=O)([O-])OC.Cn1cc[n+](C)c1,[C1MIm][DMP],methanol,CO,alcohol,methyl acetate,COC(C)=O,ester,0.51,0.156,0.334,0.043,0.072,0.885,101.325,0.6,814,328.2,5.0,above,0-5 K,0.5456548,0.15792035,0.29642487,0.0064668953,0.017388765,0.9761444
,"1,3-dimethylimidazolium dimethylphosphate",COP(=O)([O-])OC.Cn1cc[n+](C)c1,[C1MIm][DMP],methanol,CO,alcohol,methyl acetate,COC(C)=O,ester,0.466,0.178,0.356,0.044,0.085,0.871,101.325,0.7,814,328.2,5.0,above,0-5 K,0.52121514,0.16644977,0.31233513,0.00677964,0.017605009,0.9756153
,"1,3-dimethylimidazolium dimethylphosphate",COP(=O)([O-])OC.Cn1cc[n+](C)c1,[C1MIm][DMP],methanol,CO,alcohol,methyl acetate,COC(C)=O,ester,0.428,0.193,0.379,0.047,0.093,0.86,101.325,0.8,814,328.2,5.0,above,0-5 K,0.49304318,0.17594692,0.3310099,0.007212006,0.017944837,0.97484314
,"1,3-dimethylimidazolium dimethylphosphate",COP(=O)([O-])OC.Cn1cc[n+](C)c1,[C1MIm][DMP],methanol,CO,alcohol,methyl acetate,COC(C)=O,ester,0.381,0.202,0.417,0.048,0.099,0.853,101.325,0.9,814,328.2,5.0,above,0-5 K,0.46865192,0.18447454,0.34687352,0.0075574345,0.018174466,0.9742681
,"1,3-dimethylimidazolium dimethylphosphate",COP(=O)([O-])OC.Cn1cc[n+](C)c1,[C1MIm][DMP],methanol,CO,alcohol,methyl acetate,COC(C)=O,ester,0.332,0.225,0.443,0.052,0.114,0.834,101.325,1.0,814,328.2,5.0,above,0-5 K,0.44445044,0.19295049,0.3625991,0.007915951,0.018399268,0.9736848
no,Tetrabutylammonium,CCCC[N+](CCCC)(CCCC)CCCC,[N4444][Br],water,O,water,benzene,c1ccccc1,aromatic,0.027,0.96,0.013,0.001,0.011,0.988,101.325,0.0,839,328.15,4.949999999999989,above,0-5 K,0.13191713,0.7735941,0.09448886,0.0020532457,0.010432787,0.98751396
no,Tetrabutylammonium,CCCC[N+](CCCC)(CCCC)CCCC,[N4444][Br],water,O,water,benzene,c1ccccc1,aromatic,0.043,0.924,0.033,0.004,0.013,0.983,101.325,0.16666667,839,328.15,4.949999999999989,above,0-5 K,0.11103512,0.79159373,0.09737117,0.0022371057,0.010791182,0.9869717
no,Tetrabutylammonium,CCCC[N+](CCCC)(CCCC)CCCC,[N4444][Br],water,O,water,benzene,c1ccccc1,aromatic,0.043,0.922,0.035,0.001,0.011,0.988,101.325,0.33333334,839,328.15,4.949999999999989,above,0-5 K,0.09325123,0.806728,0.10002078,0.0024365962,0.011171823,0.98639154
no,Tetrabutylammonium,CCCC[N+](CCCC)(CCCC)CCCC,[N4444][Br],water,O,water,benzene,c1ccccc1,aromatic,0.061,0.864,0.075,0.001,0.009,0.99,101.325,0.5,839,328.15,4.949999999999989,above,0-5 K,0.078125104,0.8194053,0.10246951,0.002657071,0.011576587,0.9857663
no,Tetrabutylammonium,CCCC[N+](CCCC)(CCCC)CCCC,[N4444][Br],water,O,water,benzene,c1ccccc1,aromatic,0.07,0.829,0.101,0.0,0.01,0.99,101.325,0.6666667,839,328.15,4.949999999999989,above,0-5 K,0.06535904,0.8298798,0.104761176,0.0028999117,0.012008915,0.9850912
no,Tetrabutylammonium,CCCC[N+](CCCC)(CCCC)CCCC,[N4444][Br],water,O,water,benzene,c1ccccc1,aromatic,0.092,0.716,0.192,0.001,0.009,0.99,101.325,0.8333333,839,328.15,4.949999999999989,above,0-5 K,0.054606486,0.83851165,0.10688192,0.00315718,0.012465902,0.9843769
no,Tetrabutylammonium,CCCC[N+](CCCC)(CCCC)CCCC,[N4444][Br],water,O,water,benzene,c1ccccc1,aromatic,0.108,0.605,0.287,0.001,0.009,0.99,101.325,1.0,839,328.15,4.949999999999989,above,0-5 K,0.04563452,0.8454747,0.10889081,0.00343486,0.01295244,0.98361266
no,Tetrabutylammonium,CCCC[N+](CCCC)(CCCC)CCCC,[N4444][Br],water,O,water,benzene,c1ccccc1,aromatic,0.016,0.977,0.007,0.002,0.02,0.978,101.325,0.0,840,338.0,14.800000000000011,above,10-20 K,0.1337249,0.7725688,0.09370627,0.0020231665,0.010364186,0.98761266
no,Tetrabutylammonium,CCCC[N+](CCCC)(CCCC)CCCC,[N4444][Br],water,O,water,benzene,c1ccccc1,aromatic,0.027,0.959,0.014,0.001,0.015,0.984,101.325,0.14285715,840,338.0,14.800000000000011,above,10-20 K,0.11548242,0.7883605,0.09615712,0.0021647045,0.010654679,0.98718053
no,Tetrabutylammonium,CCCC[N+](CCCC)(CCCC)CCCC,[N4444][Br],water,O,water,benzene,c1ccccc1,aromatic,0.041,0.927,0.032,0.001,0.015,0.984,101.325,0.2857143,840,338.0,14.800000000000011,above,10-20 K,0.09963713,0.8020044,0.09835848,0.0022997607,0.01094225,0.98675793
no,Tetrabutylammonium,CCCC[N+](CCCC)(CCCC)CCCC,[N4444][Br],water,O,water,benzene,c1ccccc1,aromatic,0.053,0.888,0.059,0.004,0.014,0.982,101.325,0.42857143,840,338.0,14.800000000000011,above,10-20 K,0.08563069,0.8138652,0.10050407,0.0024752608,0.011274907,0.9862499
no,Tetrabutylammonium,CCCC[N+](CCCC)(CCCC)CCCC,[N4444][Br],water,O,water,benzene,c1ccccc1,aromatic,0.063,0.852,0.085,0.002,0.015,0.983,101.325,0.5714286,840,338.0,14.800000000000011,above,10-20 K,0.07360938,0.8239119,0.10247871,0.002638954,0.011604259,0.9857568
no,Tetrabutylammonium,CCCC[N+](CCCC)(CCCC)CCCC,[N4444][Br],water,O,water,benzene,c1ccccc1,aromatic,0.079,0.777,0.144,0.001,0.014,0.985,101.325,0.71428573,840,338.0,14.800000000000011,above,10-20 K,0.063099444,0.8325577,0.10434288,0.0028260176,0.011957949,0.985216
no,Tetrabutylammonium,CCCC[N+](CCCC)(CCCC)CCCC,[N4444][Br],water,O,water,benzene,c1ccccc1,aromatic,0.095,0.712,0.193,0.001,0.012,0.987,101.325,0.85714287,840,338.0,14.800000000000011,above,10-20 K,0.05402248,0.83981955,0.106158026,0.0030624492,0.012368801,0.98456883
no,Tetrabutylammonium,CCCC[N+](CCCC)(CCCC)CCCC,[N4444][Br],water,O,water,benzene,c1ccccc1,aromatic,0.113,0.577,0.31,0.001,0.012,0.987,101.325,1.0,840,338.0,14.800000000000011,above,10-20 K,0.04616939,0.84588283,0.107947856,0.00334246,0.012817517,0.98384005
,1-ethyl-3-methylimidazolium tetrafluoroborate,CCn1cc[n+](C)c1.F[B-](F)(F)F,[C2MIm][BF4],water,O,water,tetrahydrofuran,C1CCOC1,ether,0.303,0.399,0.298,0.002,0.079,0.919,101.325,0.2857143,841,337.15,13.949999999999989,above,10-20 K,0.3059991,0.5531282,0.14087275,0.008354361,0.7059521,0.2856935
,1-ethyl-3-methylimidazolium tetrafluoroborate,CCn1cc[n+](C)c1.F[B-](F)(F)F,[C2MIm][BF4],water,O,water,tetrahydrofuran,C1CCOC1,ether,0.129,0.567,0.304,0.007,0.199,0.794,101.325,0.0,841,337.15,13.949999999999989,above,10-20 K,0.37820965,0.49672863,0.12506174,0.0073413462,0.7074265,0.2852322
,1-ethyl-3-methylimidazolium tetrafluoroborate,CCn1cc[n+](C)c1.F[B-](F)(F)F,[C2MIm][BF4],water,O,water,tetrahydrofuran,C1CCOC1,ether,0.378,0.316,0.306,0.002,0.053,0.945,101.325,0.42857143,841,337.15,13.949999999999989,above,10-20 K,0.24277446,0.60370106,0.15352447,0.0095092375,0.73435915,0.2561316
,1-ethyl-3-methylimidazolium tetrafluoroborate,CCn1cc[n+](C)c1.F[B-](F)(F)F,[C2MIm][BF4],water,O,water,tetrahydrofuran,C1CCOC1,ether,0.174,0.53,0.296,0.005,0.139,0.856,101.325,0.14285715,841,337.15,13.949999999999989,above,10-20 K,0.3215273,0.5405531,0.1379196,0.008875598,0.71851635,0.27260807
,1-ethyl-3-methylimidazolium tetrafluoroborate,CCn1cc[n+](C)c1.F[B-](F)(F)F,[C2MIm][BF4],water,O,water,tetrahydrofuran,C1CCOC1,ether,0.549,0.117,0.334,0.002,0.031,0.967,101.325,0.71428573,841,337.15,13.949999999999989,above,10-20 K,0.17641835,0.65579873,0.16778295,0.011714027,0.74189365,0.24639235
,1-ethyl-3-methylimidazolium tetrafluoroborate,CCn1cc[n+](C)c1.F[B-](F)(F)F,[C2MIm][BF4],water,O,water,tetrahydrofuran,C1CCOC1,ether,0.492,0.18,0.328,0.002,0.042,0.956,101.325,0.5714286,841,337.15,13.949999999999989,above,10-20 K,0.20681153,0.63167953,0.16150895,0.011034365,0.73590153,0.2530641
,1-butyl-3-methylimidazolium tetrafluoroborate,CCCCn1cc[n+](C)c1.F[B-](F)(F)F,[C4MIm][BF4],water,O,water,tetrahydrofuran,C1CCOC1,ether,0.27,0.053,0.677,0.005,0.015,0.98,101.325,1.0,841,337.15,13.949999999999989,above,10-20 K,0.12936051,0.6459907,0.22464873,0.01655361,0.7884981,0.1949483
,1-butyl-3-methylimidazolium tetrafluoroborate,CCCCn1cc[n+](C)c1.F[B-](F)(F)F,[C4MIm][BF4],water,O,water,tetrahydrofuran,C1CCOC1,ether,0.192,0.126,0.682,0.01,0.046,0.944,101.325,0.85714287,841,337.15,13.949999999999989,above,10-20 K,0.14695057,0.6430901,0.20995928,0.008649107,0.79243016,0.19892074
,trihexyltetradecylphosphonium bis(trifluoromethylsulfonyl)imide,CCCCCCCCCCCCCC[P+](CCCCCC)(CCCCCC)CCCCCC.O=S(=O)([N-]S(=O)(=O)C(F)(F)F)C(F)(F)F,"[P6,6,6,14][NTf2]",n-dodecane,CCCCCCCCCCCC,alkane,water,O,water,0.823,0.0,0.177,0.0,0.0,1.0,101.325,0.0,852,348.15,24.94999999999999,above,>20 K,0.75608927,0.16682461,0.077086166,0.0005355454,0.017080346,0.9823841
,trihexyltetradecylphosphonium bis(trifluoromethylsulfonyl)imide,CCCCCCCCCCCCCC[P+](CCCCCC)(CCCCCC)CCCCCC.O=S(=O)([N-]S(=O)(=O)C(F)(F)F)C(F)(F)F,"[P6,6,6,14][NTf2]",n-dodecane,CCCCCCCCCCCC,alkane,water,O,water,0.774,0.063,0.163,0.0,0.0,1.0,101.325,0.11111111,852,348.15,24.94999999999999,above,>20 K,0.73265123,0.18329732,0.0840515,0.000555091,0.016996982,0.9824479
,trihexyltetradecylphosphonium bis(trifluoromethylsulfonyl)imide,CCCCCCCCCCCCCC[P+](CCCCCC)(CCCCCC)CCCCCC.O=S(=O)([N-]S(=O)(=O)C(F)(F)F)C(F)(F)F,"[P6,6,6,14][NTf2]",n-dodecane,CCCCCCCCCCCC,alkane,water,O,water,0.72900003,0.12200001,0.14900002,0.0,0.0,1.0,101.325,0.22222222,852,348.15,24.94999999999999,above,>20 K,0.707749,0.20083949,0.09141142,0.00057572004,0.016940244,0.9824839
,trihexyltetradecylphosphonium bis(trifluoromethylsulfonyl)imide,CCCCCCCCCCCCCC[P+](CCCCCC)(CCCCCC)CCCCCC.O=S(=O)([N-]S(=O)(=O)C(F)(F)F)C(F)(F)F,"[P6,6,6,14][NTf2]",n-dodecane,CCCCCCCCCCCC,alkane,water,O,water,0.679,0.201,0.12,0.0,0.0,1.0,101.325,0.33333334,852,348.15,24.94999999999999,above,>20 K,0.6814908,0.21939743,0.099111795,0.0005971276,0.016886303,0.98251665
,trihexyltetradecylphosphonium bis(trifluoromethylsulfonyl)imide,CCCCCCCCCCCCCC[P+](CCCCCC)(CCCCCC)CCCCCC.O=S(=O)([N-]S(=O)(=O)C(F)(F)F)C(F)(F)F,"[P6,6,6,14][NTf2]",n-dodecane,CCCCCCCCCCCC,alkane,water,O,water,0.624,0.277,0.099,0.0,0.0,1.0,101.325,0.44444445,852,348.15,24.94999999999999,above,>20 K,0.68032545,0.21919379,0.10048077,0.0003241357,0.013362715,0.9863131
,trihexyltetradecylphosphonium bis(trifluoromethylsulfonyl)imide,CCCCCCCCCCCCCC[P+](CCCCCC)(CCCCCC)CCCCCC.O=S(=O)([N-]S(=O)(=O)C(F)(F)F)C(F)(F)F,"[P6,6,6,14][NTf2]",n-dodecane,CCCCCCCCCCCC,alkane,water,O,water,0.542,0.387,0.071,0.0,0.0,1.0,101.325,0.5555556,852,348.15,24.94999999999999,above,>20 K,0.6524803,0.23875515,0.10876454,0.0003362389,0.013305002,0.9863587
,trihexyltetradecylphosphonium bis(trifluoromethylsulfonyl)imide,CCCCCCCCCCCCCC[P+](CCCCCC)(CCCCCC)CCCCCC.O=S(=O)([N-]S(=O)(=O)C(F)(F)F)C(F)(F)F,"[P6,6,6,14][NTf2]",n-dodecane,CCCCCCCCCCCC,alkane,water,O,water,0.502,0.439,0.059,0.0,0.0,1.0,101.325,0.6666667,852,348.15,24.94999999999999,above,>20 K,0.6311414,0.2539256,0.11493297,0.0004680553,0.014418005,0.98511386
,trihexyltetradecylphosphonium bis(trifluoromethylsulfonyl)imide,CCCCCCCCCCCCCC[P+](CCCCCC)(CCCCCC)CCCCCC.O=S(=O)([N-]S(=O)(=O)C(F)(F)F)C(F)(F)F,"[P6,6,6,14][NTf2]",n-dodecane,CCCCCCCCCCCC,alkane,water,O,water,0.453,0.495,0.052,0.0,0.0,1.0,101.325,0.7777778,852,348.15,24.94999999999999,above,>20 K,0.6103207,0.26828596,0.12139336,0.0009019245,0.016458075,0.98263997
,trihexyltetradecylphosphonium bis(trifluoromethylsulfonyl)imide,CCCCCCCCCCCCCC[P+](CCCCCC)(CCCCCC)CCCCCC.O=S(=O)([N-]S(=O)(=O)C(F)(F)F)C(F)(F)F,"[P6,6,6,14][NTf2]",n-dodecane,CCCCCCCCCCCC,alkane,water,O,water,0.422,0.528,0.05,0.0,0.0,1.0,101.325,0.8888889,852,348.15,24.94999999999999,above,>20 K,0.58146036,0.28866082,0.12987886,0.0009345908,0.016419083,0.98264635
,trihexyltetradecylphosphonium bis(trifluoromethylsulfonyl)imide,CCCCCCCCCCCCCC[P+](CCCCCC)(CCCCCC)CCCCCC.O=S(=O)([N-]S(=O)(=O)C(F)(F)F)C(F)(F)F,"[P6,6,6,14][NTf2]",n-dodecane,CCCCCCCCCCCC,alkane,water,O,water,0.282,0.671,0.047,0.0,0.0,1.0,101.325,1.0,852,348.15,24.94999999999999,above,>20 K,0.5521616,0.309399,0.1384394,0.00096887426,0.016400842,0.9826303
