Involved in the gama database,IL (Component 1) full name,smiles1,IL abbreviation,Component 2,smiles2,Family of component 2,Component 3,smiles3,Family of component 3,Ex1,Ex2,Ex3,Rx1,Rx2,Rx3,P,t,system_id,T,pred_Ex1,pred_Ex2,pred_Ex3,pred_Rx1,pred_Rx2,pred_Rx3
,1-ethyl-3-methylimidazolium bis(trifluoromethylsulfonyl)imide,CCn1cc[n+](C)c1.O=S(=O)([N-]S(=O)(=O)C(F)(F)F)C(F)(F)F,[C2MIm][NTf2],toluene,Cc1ccccc1,aromatic,n-heptane,CCCCCCC,alkane,0.977,0.0,0.023,0.0,0.0,1.0,101.325,0.0,3,298.15,0.82400435,0.16737641,0.008619315,0.0040895906,0.3289664,0.66694397
,1-ethyl-3-methylimidazolium bis(trifluoromethylsulfonyl)imide,CCn1cc[n+](C)c1.O=S(=O)([N-]S(=O)(=O)C(F)(F)F)C(F)(F)F,[C2MIm][NTf2],toluene,Cc1ccccc1,aromatic,n-heptane,CCCCCCC,alkane,0.919,0.053,0.028,0.0,0.064,0.936,101.325,0.11111111,3,298.15,0.7997762,0.19052489,0.009698894,0.0044468655,0.3591298,0.63642335
,1-ethyl-3-methylimidazolium bis(trifluoromethylsulfonyl)imide,CCn1cc[n+](C)c1.O=S(=O)([N-]S(=O)(=O)C(F)(F)F)C(F)(F)F,[C2MIm][NTf2],toluene,Cc1ccccc1,aromatic,n-heptane,CCCCCCC,alkane,0.809,0.166,0.025,0.0,0.207,0.793,101.325,0.22222222,3,298.15,0.77310884,0.21601899,0.010872274,0.0048151757,0.3904939,0.60469085
,1-ethyl-3-methylimidazolium bis(trifluoromethylsulfonyl)imide,CCn1cc[n+](C)c1.O=S(=O)([N-]S(=O)(=O)C(F)(F)F)C(F)(F)F,[C2MIm][NTf2],toluene,Cc1ccccc1,aromatic,n-heptane,CCCCCCC,alkane,0.769,0.204,0.027,0.0,0.256,0.744,101.325,0.33333334,3,298.15,0.7425127,0.24529675,0.012190558,0.005011644,0.4249731,0.57001525
,1-ethyl-3-methylimidazolium bis(trifluoromethylsulfonyl)imide,CCn1cc[n+](C)c1.O=S(=O)([N-]S(=O)(=O)C(F)(F)F)C(F)(F)F,[C2MIm][NTf2],toluene,Cc1ccccc1,aromatic,n-heptane,CCCCCCC,alkane,0.674,0.301,0.025,0.0,0.418,0.582,101.325,0.44444445,3,298.15,0.7101254,0.27629817,0.013576517,0.00528254,0.45911318,0.5356043
,1-ethyl-3-methylimidazolium bis(trifluoromethylsulfonyl)imide,CCn1cc[n+](C)c1.O=S(=O)([N-]S(=O)(=O)C(F)(F)F)C(F)(F)F,[C2MIm][NTf2],toluene,Cc1ccccc1,aromatic,n-heptane,CCCCCCC,alkane,0.602,0.375,0.023,0.0,0.541,0.459,101.325,0.5555556,3,298.15,0.6763575,0.30864286,0.014999659,0.0056385677,0.49233815,0.50202334
,1-ethyl-3-methylimidazolium bis(trifluoromethylsulfonyl)imide,CCn1cc[n+](C)c1.O=S(=O)([N-]S(=O)(=O)C(F)(F)F)C(F)(F)F,[C2MIm][NTf2],toluene,Cc1ccccc1,aromatic,n-heptane,CCCCCCC,alkane,0.542,0.435,0.023,0.0,0.655,0.345,101.325,0.6666667,3,298.15,0.64099246,0.34253278,0.01647468,0.005968928,0.5255467,0.46848428
,1-ethyl-3-methylimidazolium bis(trifluoromethylsulfonyl)imide,CCn1cc[n+](C)c1.O=S(=O)([N-]S(=O)(=O)C(F)(F)F)C(F)(F)F,[C2MIm][NTf2],toluene,Cc1ccccc1,aromatic,n-heptane,CCCCCCC,alkane,0.438,0.545,0.017,0.0,0.831,0.169,101.325,0.7777778,3,298.15,0.6039421,0.37806454,0.017993312,0.0062706685,0.55907637,0.43465295
,1-ethyl-3-methylimidazolium bis(trifluoromethylsulfonyl)imide,CCn1cc[n+](C)c1.O=S(=O)([N-]S(=O)(=O)C(F)(F)F)C(F)(F)F,[C2MIm][NTf2],toluene,Cc1ccccc1,aromatic,n-heptane,CCCCCCC,alkane,0.386,0.606,0.008,0.0,0.932,0.068,101.325,0.8888889,3,298.15,0.5656506,0.41481277,0.019536637,0.0065973303,0.5911311,0.40227157
,1-ethyl-3-methylimidazolium bis(trifluoromethylsulfonyl)imide,CCn1cc[n+](C)c1.O=S(=O)([N-]S(=O)(=O)C(F)(F)F)C(F)(F)F,[C2MIm][NTf2],toluene,Cc1ccccc1,aromatic,n-heptane,CCCCCCC,alkane,0.346,0.654,0.0,0.0,1.0,0.0,101.325,1.0,3,298.15,0.52654636,0.45236856,0.021085046,0.0069099083,0.62235785,0.37073228
,1-butyl-3-methylimidazolium bis(trifluoromethylsulfonyl)imide,CCCCn1cc[n+](C)c1.O=S(=O)([N-]S(=O)(=O)C(F)(F)F)C(F)(F)F,[C4MIm][NTf2],benzene,c1ccccc1,aromatic,n-hexane,CCCCCC,alkane,0.907,0.0,0.093,0.0,0.0,1.0,101.325,0.0,10,298.15,0.65362847,0.32232913,0.024042439,0.00836777,0.3128214,0.67881083
,1-butyl-3-methylimidazolium bis(trifluoromethylsulfonyl)imide,CCCCn1cc[n+](C)c1.O=S(=O)([N-]S(=O)(=O)C(F)(F)F)C(F)(F)F,[C4MIm][NTf2],benzene,c1ccccc1,aromatic,n-hexane,CCCCCC,alkane,0.833,0.068,0.099,0.0,0.038,0.962,101.325,0.11111111,10,298.15,0.6190932,0.3546605,0.026246285,0.009054271,0.34149656,0.6494492
,1-butyl-3-methylimidazolium bis(trifluoromethylsulfonyl)imide,CCCCn1cc[n+](C)c1.O=S(=O)([N-]S(=O)(=O)C(F)(F)F)C(F)(F)F,[C4MIm][NTf2],benzene,c1ccccc1,aromatic,n-hexane,CCCCCC,alkane,0.74,0.166,0.094,0.0,0.1,0.9,101.325,0.22222222,10,298.15,0.5833224,0.38817593,0.028501656,0.009753843,0.3713056,0.6189405
,1-butyl-3-methylimidazolium bis(trifluoromethylsulfonyl)imide,CCCCn1cc[n+](C)c1.O=S(=O)([N-]S(=O)(=O)C(F)(F)F)C(F)(F)F,[C4MIm][NTf2],benzene,c1ccccc1,aromatic,n-hexane,CCCCCC,alkane,0.681,0.232,0.087,0.0,0.154,0.846,101.325,0.33333334,10,298.15,0.5782661,0.39200085,0.02973306,0.010440944,0.37089577,0.6186633
,1-butyl-3-methylimidazolium bis(trifluoromethylsulfonyl)imide,CCCCn1cc[n+](C)c1.O=S(=O)([N-]S(=O)(=O)C(F)(F)F)C(F)(F)F,[C4MIm][NTf2],benzene,c1ccccc1,aromatic,n-hexane,CCCCCC,alkane,0.595,0.319,0.086,0.0,0.223,0.777,101.325,0.44444445,10,298.15,0.5420683,0.42587984,0.03205189,0.011193986,0.40096042,0.5878456
,1-butyl-3-methylimidazolium bis(trifluoromethylsulfonyl)imide,CCCCn1cc[n+](C)c1.O=S(=O)([N-]S(=O)(=O)C(F)(F)F)C(F)(F)F,[C4MIm][NTf2],benzene,c1ccccc1,aromatic,n-hexane,CCCCCC,alkane,0.51600003,0.40100002,0.083000004,0.0,0.319,0.681,101.325,0.5555556,10,298.15,0.48245332,0.48256063,0.034986075,0.011114537,0.45520684,0.53367865
,1-butyl-3-methylimidazolium bis(trifluoromethylsulfonyl)imide,CCCCn1cc[n+](C)c1.O=S(=O)([N-]S(=O)(=O)C(F)(F)F)C(F)(F)F,[C4MIm][NTf2],benzene,c1ccccc1,aromatic,n-hexane,CCCCCC,alkane,0.446,0.486,0.068,0.0,0.444,0.556,101.325,0.6666667,10,298.15,0.4386452,0.5240216,0.037333168,0.010994996,0.4974298,0.4915752
,1-butyl-3-methylimidazolium bis(trifluoromethylsulfonyl)imide,CCCCn1cc[n+](C)c1.O=S(=O)([N-]S(=O)(=O)C(F)(F)F)C(F)(F)F,[C4MIm][NTf2],benzene,c1ccccc1,aromatic,n-hexane,CCCCCC,alkane,0.381,0.554,0.065,0.0,0.542,0.458,101.325,0.7777778,10,298.15,0.40238652,0.558145,0.039468545,0.011586335,0.5292937,0.45911992
,1-butyl-3-methylimidazolium bis(trifluoromethylsulfonyl)imide,CCCCn1cc[n+](C)c1.O=S(=O)([N-]S(=O)(=O)C(F)(F)F)C(F)(F)F,[C4MIm][NTf2],benzene,c1ccccc1,aromatic,n-hexane,CCCCCC,alkane,0.32200003,0.61600006,0.062000003,0.0,0.647,0.353,101.325,0.8888889,10,298.15,0.3686036,0.5901243,0.041272074,0.012120182,0.55854803,0.42933178
,1-butyl-3-methylimidazolium bis(trifluoromethylsulfonyl)imide,CCCCn1cc[n+](C)c1.O=S(=O)([N-]S(=O)(=O)C(F)(F)F)C(F)(F)F,[C4MIm][NTf2],benzene,c1ccccc1,aromatic,n-hexane,CCCCCC,alkane,0.254,0.699,0.047,0.0,0.805,0.195,101.325,1.0,10,298.15,0.33848068,0.6187431,0.04277617,0.012489819,0.5846462,0.402864
,1-butyl-3-methylimidazolium bis(trifluoromethylsulfonyl)imide,CCCCn1cc[n+](C)c1.O=S(=O)([N-]S(=O)(=O)C(F)(F)F)C(F)(F)F,[C4MIm][NTf2],benzene,c1ccccc1,aromatic,n-octane,CCCCCCCC,alkane,0.957,0.0,0.043,0.0,0.0,1.0,101.325,0.0,12,298.15,0.6706677,0.30743703,0.021895206,0.006734433,0.29747602,0.6957895
,1-butyl-3-methylimidazolium bis(trifluoromethylsulfonyl)imide,CCCCn1cc[n+](C)c1.O=S(=O)([N-]S(=O)(=O)C(F)(F)F)C(F)(F)F,[C4MIm][NTf2],benzene,c1ccccc1,aromatic,n-octane,CCCCCCCC,alkane,0.887,0.073,0.04,0.0,0.045,0.955,101.325,0.11111111,12,298.15,0.6364207,0.33959153,0.023987768,0.007310368,0.325916,0.6667736
,1-butyl-3-methylimidazolium bis(trifluoromethylsulfonyl)imide,CCCCn1cc[n+](C)c1.O=S(=O)([N-]S(=O)(=O)C(F)(F)F)C(F)(F)F,[C4MIm][NTf2],benzene,c1ccccc1,aromatic,n-octane,CCCCCCCC,alkane,0.754,0.208,0.038,0.0,0.136,0.864,101.325,0.22222222,12,298.15,0.6031213,0.3705113,0.026367372,0.007879184,0.3568914,0.6352294
,1-butyl-3-methylimidazolium bis(trifluoromethylsulfonyl)imide,CCCCn1cc[n+](C)c1.O=S(=O)([N-]S(=O)(=O)C(F)(F)F)C(F)(F)F,[C4MIm][NTf2],benzene,c1ccccc1,aromatic,n-octane,CCCCCCCC,alkane,0.69400007,0.26700002,0.039000005,0.0,0.178,0.822,101.325,0.33333334,12,298.15,0.56920767,0.40212676,0.028665606,0.008352612,0.38820836,0.6034391
,1-butyl-3-methylimidazolium bis(trifluoromethylsulfonyl)imide,CCCCn1cc[n+](C)c1.O=S(=O)([N-]S(=O)(=O)C(F)(F)F)C(F)(F)F,[C4MIm][NTf2],benzene,c1ccccc1,aromatic,n-octane,CCCCCCCC,alkane,0.64800006,0.31300002,0.039000005,0.0,0.225,0.775,101.325,0.44444445,12,298.15,0.5317004,0.43739122,0.03090841,0.008950419,0.419861,0.57118857
,1-butyl-3-methylimidazolium bis(trifluoromethylsulfonyl)imide,CCCCn1cc[n+](C)c1.O=S(=O)([N-]S(=O)(=O)C(F)(F)F)C(F)(F)F,[C4MIm][NTf2],benzene,c1ccccc1,aromatic,n-octane,CCCCCCCC,alkane,0.6,0.36,0.04,0.0,0.269,0.731,101.325,0.5555556,12,298.15,0.49374208,0.47310728,0.033150576,0.009551185,0.45221153,0.5382373
,1-butyl-3-methylimidazolium bis(trifluoromethylsulfonyl)imide,CCCCn1cc[n+](C)c1.O=S(=O)([N-]S(=O)(=O)C(F)(F)F)C(F)(F)F,[C4MIm][NTf2],benzene,c1ccccc1,aromatic,n-octane,CCCCCCCC,alkane,0.474,0.485,0.041,0.0,0.415,0.585,101.325,0.6666667,12,298.15,0.45712483,0.5073579,0.035517298,0.010879943,0.48083425,0.5082858
,1-butyl-3-methylimidazolium bis(trifluoromethylsulfonyl)imide,CCCCn1cc[n+](C)c1.O=S(=O)([N-]S(=O)(=O)C(F)(F)F)C(F)(F)F,[C4MIm][NTf2],benzene,c1ccccc1,aromatic,n-octane,CCCCCCCC,alkane,0.403,0.557,0.04,0.0,0.532,0.468,101.325,0.7777778,12,298.15,0.42105836,0.5412116,0.03773001,0.01187902,0.5110658,0.4770552
,1-butyl-3-methylimidazolium bis(trifluoromethylsulfonyl)imide,CCCCn1cc[n+](C)c1.O=S(=O)([N-]S(=O)(=O)C(F)(F)F)C(F)(F)F,[C4MIm][NTf2],benzene,c1ccccc1,aromatic,n-octane,CCCCCCCC,alkane,0.333,0.632,0.035,0.0,0.663,0.337,101.325,0.8888889,12,298.15,0.3852049,0.57502854,0.039766572,0.012495092,0.542899,0.44460592
,1-butyl-3-methylimidazolium bis(trifluoromethylsulfonyl)imide,CCCCn1cc[n+](C)c1.O=S(=O)([N-]S(=O)(=O)C(F)(F)F)C(F)(F)F,[C4MIm][NTf2],benzene,c1ccccc1,aromatic,n-octane,CCCCCCCC,alkane,0.258,0.72,0.022,0.0,0.797,0.203,101.325,1.0,12,298.15,0.3970776,0.5643488,0.03857362,0.012421612,0.5200032,0.4675752
no,1-(2-hydroxyethyl)-3-methylimidazolium bis(trifluoromethylsulfonyl)imide,C[n+]1ccn(CCO)c1.O=S(=O)([N-]S(=O)(=O)C(F)(F)F)C(F)(F)F,[OH-C2MIm][NTf2],benzene,c1ccccc1,aromatic,n-heptane,CCCCCCC,alkane,0.8431,0.139,0.0179,0.0,0.0955,0.9045,101.325,0.0,28,313.2,0.8453522,0.14697893,0.007668905,0.003463965,0.3093124,0.6872237
no,1-(2-hydroxyethyl)-3-methylimidazolium bis(trifluoromethylsulfonyl)imide,C[n+]1ccn(CCO)c1.O=S(=O)([N-]S(=O)(=O)C(F)(F)F)C(F)(F)F,[OH-C2MIm][NTf2],benzene,c1ccccc1,aromatic,n-heptane,CCCCCCC,alkane,0.7406,0.2437,0.0157,0.0,0.2101,0.7899,101.325,0.125,28,313.2,0.8151384,0.17593782,0.008923791,0.0033126469,0.35696054,0.6397268
no,1-(2-hydroxyethyl)-3-methylimidazolium bis(trifluoromethylsulfonyl)imide,C[n+]1ccn(CCO)c1.O=S(=O)([N-]S(=O)(=O)C(F)(F)F)C(F)(F)F,[OH-C2MIm][NTf2],benzene,c1ccccc1,aromatic,n-heptane,CCCCCCC,alkane,0.7137,0.2762,0.0101,0.0,0.3571,0.6429,101.325,0.25,28,313.2,0.78412694,0.20562753,0.010245495,0.003356431,0.3988147,0.59782887
no,1-(2-hydroxyethyl)-3-methylimidazolium bis(trifluoromethylsulfonyl)imide,C[n+]1ccn(CCO)c1.O=S(=O)([N-]S(=O)(=O)C(F)(F)F)C(F)(F)F,[OH-C2MIm][NTf2],benzene,c1ccccc1,aromatic,n-heptane,CCCCCCC,alkane,0.69130003,0.30120003,0.0075000003,0.0,0.4358,0.5642,101.325,0.375,28,313.2,0.75232774,0.23605777,0.01161447,0.003646572,0.43426007,0.5620933
no,1-(2-hydroxyethyl)-3-methylimidazolium bis(trifluoromethylsulfonyl)imide,C[n+]1ccn(CCO)c1.O=S(=O)([N-]S(=O)(=O)C(F)(F)F)C(F)(F)F,[OH-C2MIm][NTf2],benzene,c1ccccc1,aromatic,n-heptane,CCCCCCC,alkane,0.5514,0.4422,0.0064,0.0,0.604,0.396,101.325,0.5,28,313.2,0.6995935,0.2864102,0.0139963105,0.004624394,0.48821425,0.5071614
no,1-(2-hydroxyethyl)-3-methylimidazolium bis(trifluoromethylsulfonyl)imide,C[n+]1ccn(CCO)c1.O=S(=O)([N-]S(=O)(=O)C(F)(F)F)C(F)(F)F,[OH-C2MIm][NTf2],benzene,c1ccccc1,aromatic,n-heptane,CCCCCCC,alkane,0.5068,0.4873,0.0059,0.0,0.638,0.362,101.325,0.625,28,313.2,0.65264726,0.33129197,0.01606075,0.005254292,0.53302723,0.4617184
no,1-(2-hydroxyethyl)-3-methylimidazolium bis(trifluoromethylsulfonyl)imide,C[n+]1ccn(CCO)c1.O=S(=O)([N-]S(=O)(=O)C(F)(F)F)C(F)(F)F,[OH-C2MIm][NTf2],benzene,c1ccccc1,aromatic,n-heptane,CCCCCCC,alkane,0.4318,0.563,0.0052,0.0,0.7495,0.2505,101.325,0.875,28,313.2,0.5686931,0.41179514,0.01951177,0.005908427,0.60374475,0.3903468
no,1-(2-hydroxyethyl)-3-methylimidazolium bis(trifluoromethylsulfonyl)imide,C[n+]1ccn(CCO)c1.O=S(=O)([N-]S(=O)(=O)C(F)(F)F)C(F)(F)F,[OH-C2MIm][NTf2],benzene,c1ccccc1,aromatic,n-heptane,CCCCCCC,alkane,0.4697,0.5239,0.0064,0.0,0.6998,0.3002,101.325,0.75,28,313.2,0.6114628,0.37077096,0.017766276,0.0055870377,0.56882286,0.4255901
no,1-(2-hydroxyethyl)-3-methylimidazolium bis(trifluoromethylsulfonyl)imide,C[n+]1ccn(CCO)c1.O=S(=O)([N-]S(=O)(=O)C(F)(F)F)C(F)(F)F,[OH-C2MIm][NTf2],benzene,c1ccccc1,aromatic,n-heptane,CCCCCCC,alkane,0.3353,0.6598,0.0049,0.0,0.8901,0.1099,101.325,1.0,28,313.2,0.5250109,0.45373538,0.021253746,0.0062137963,0.63739634,0.35638988
,1-dodecyl-3-methylimidazolium bis(trifluoromethylsulfonyl)imide,CCCCCCCCCCCCn1cc[n+](C)c1.O=S(=O)([N-]S(=O)(=O)C(F)(F)F)C(F)(F)F,[C12MIm][NTf2],benzene,c1ccccc1,aromatic,n-hexane,CCCCCC,alkane,0.364,0.168,0.468,0.0,0.092,0.908,101.325,0.0,41,298.15,0.5009739,0.42372733,0.07529876,0.015239106,0.28093618,0.7038247
,1-dodecyl-3-methylimidazolium bis(trifluoromethylsulfonyl)imide,CCCCCCCCCCCCn1cc[n+](C)c1.O=S(=O)([N-]S(=O)(=O)C(F)(F)F)C(F)(F)F,[C12MIm][NTf2],benzene,c1ccccc1,aromatic,n-hexane,CCCCCC,alkane,0.272,0.345,0.383,0.0,0.227,0.773,101.325,0.16666667,41,298.15,0.4497159,0.46782127,0.082462825,0.016972506,0.31629255,0.66673493
,1-dodecyl-3-methylimidazolium bis(trifluoromethylsulfonyl)imide,CCCCCCCCCCCCn1cc[n+](C)c1.O=S(=O)([N-]S(=O)(=O)C(F)(F)F)C(F)(F)F,[C12MIm][NTf2],benzene,c1ccccc1,aromatic,n-hexane,CCCCCC,alkane,0.231,0.416,0.353,0.0,0.303,0.697,101.325,0.33333334,41,298.15,0.39966983,0.5109997,0.08933048,0.018761426,0.35360467,0.62763387
,1-dodecyl-3-methylimidazolium bis(trifluoromethylsulfonyl)imide,CCCCCCCCCCCCn1cc[n+](C)c1.O=S(=O)([N-]S(=O)(=O)C(F)(F)F)C(F)(F)F,[C12MIm][NTf2],benzene,c1ccccc1,aromatic,n-hexane,CCCCCC,alkane,0.143,0.573,0.284,0.0,0.504,0.496,101.325,0.5,41,298.15,0.35260123,0.55197406,0.09542473,0.019862682,0.39130706,0.5888303
,1-dodecyl-3-methylimidazolium bis(trifluoromethylsulfonyl)imide,CCCCCCCCCCCCn1cc[n+](C)c1.O=S(=O)([N-]S(=O)(=O)C(F)(F)F)C(F)(F)F,[C12MIm][NTf2],benzene,c1ccccc1,aromatic,n-hexane,CCCCCC,alkane,0.114,0.641,0.245,0.0,0.615,0.385,101.325,0.6666667,41,298.15,0.3074779,0.59115297,0.10136918,0.021626277,0.43108433,0.5472894
,1-dodecyl-3-methylimidazolium bis(trifluoromethylsulfonyl)imide,CCCCCCCCCCCCn1cc[n+](C)c1.O=S(=O)([N-]S(=O)(=O)C(F)(F)F)C(F)(F)F,[C12MIm][NTf2],benzene,c1ccccc1,aromatic,n-hexane,CCCCCC,alkane,0.063,0.748,0.189,0.001,0.748,0.251,101.325,0.8333333,41,298.15,0.26579177,0.6274874,0.10672086,0.023363313,0.47137755,0.50525916
,1-dodecyl-3-methylimidazolium bis(trifluoromethylsulfonyl)imide,CCCCCCCCCCCCn1cc[n+](C)c1.O=S(=O)([N-]S(=O)(=O)C(F)(F)F)C(F)(F)F,[C12MIm][NTf2],benzene,c1ccccc1,aromatic,n-hexane,CCCCCC,alkane,0.04,0.809,0.151,0.003,0.82,0.177,101.325,1.0,41,298.15,0.24948506,0.63961715,0.110897854,0.026195487,0.48109367,0.49271077
no,N-allyl-N-methylmorpholinium bis(trifluoromethylsulfonyl)imide,C=CC[N+]1(C)CCOCC1.O=S(=O)([N-]S(=O)(=O)C(F)(F)F)C(F)(F)F,[AMMor][NTf2],benzene,c1ccccc1,aromatic,n-hexane,CCCCCC,alkane,0.942,0.0,0.058,0.0,0.0,1.0,101.325,0.0,54,298.2,0.78617966,0.20576724,0.008053032,0.0032319026,0.33629483,0.6604733
no,N-allyl-N-methylmorpholinium bis(trifluoromethylsulfonyl)imide,C=CC[N+]1(C)CCOCC1.O=S(=O)([N-]S(=O)(=O)C(F)(F)F)C(F)(F)F,[AMMor][NTf2],benzene,c1ccccc1,aromatic,n-hexane,CCCCCC,alkane,0.91700006,0.06700001,0.016000003,0.0,0.048,0.952,101.325,0.11111111,54,298.2,0.7584049,0.23260026,0.00899489,0.0035078067,0.3672147,0.62927747
no,N-allyl-N-methylmorpholinium bis(trifluoromethylsulfonyl)imide,C=CC[N+]1(C)CCOCC1.O=S(=O)([N-]S(=O)(=O)C(F)(F)F)C(F)(F)F,[AMMor][NTf2],benzene,c1ccccc1,aromatic,n-hexane,CCCCCC,alkane,0.797,0.185,0.018,0.0,0.13,0.87,101.325,0.22222222,54,298.2,0.71993375,0.26984277,0.010223434,0.0038717564,0.41327673,0.58285147
no,N-allyl-N-methylmorpholinium bis(trifluoromethylsulfonyl)imide,C=CC[N+]1(C)CCOCC1.O=S(=O)([N-]S(=O)(=O)C(F)(F)F)C(F)(F)F,[AMMor][NTf2],benzene,c1ccccc1,aromatic,n-hexane,CCCCCC,alkane,0.727,0.253,0.02,0.0,0.21,0.79,101.325,0.33333334,54,298.2,0.6841908,0.30442867,0.011380554,0.004138684,0.45303681,0.54282445
no,N-allyl-N-methylmorpholinium bis(trifluoromethylsulfonyl)imide,C=CC[N+]1(C)CCOCC1.O=S(=O)([N-]S(=O)(=O)C(F)(F)F)C(F)(F)F,[AMMor][NTf2],benzene,c1ccccc1,aromatic,n-hexane,CCCCCC,alkane,0.66400003,0.31700003,0.019000001,0.0,0.303,0.697,101.325,0.44444445,54,298.2,0.6490902,0.33840087,0.012508954,0.0044182176,0.48675498,0.50882673
no,N-allyl-N-methylmorpholinium bis(trifluoromethylsulfonyl)imide,C=CC[N+]1(C)CCOCC1.O=S(=O)([N-]S(=O)(=O)C(F)(F)F)C(F)(F)F,[AMMor][NTf2],benzene,c1ccccc1,aromatic,n-hexane,CCCCCC,alkane,0.62,0.363,0.017,0.0,0.39,0.61,101.325,0.5555556,54,298.2,0.61326283,0.3730532,0.013683986,0.004700076,0.51772237,0.4775775
no,N-allyl-N-methylmorpholinium bis(trifluoromethylsulfonyl)imide,C=CC[N+]1(C)CCOCC1.O=S(=O)([N-]S(=O)(=O)C(F)(F)F)C(F)(F)F,[AMMor][NTf2],benzene,c1ccccc1,aromatic,n-hexane,CCCCCC,alkane,0.553,0.435,0.012,0.0,0.515,0.485,101.325,0.6666667,54,298.2,0.57840973,0.4067224,0.014867865,0.0049592466,0.54497635,0.45006442
no,N-allyl-N-methylmorpholinium bis(trifluoromethylsulfonyl)imide,C=CC[N+]1(C)CCOCC1.O=S(=O)([N-]S(=O)(=O)C(F)(F)F)C(F)(F)F,[AMMor][NTf2],benzene,c1ccccc1,aromatic,n-hexane,CCCCCC,alkane,0.502,0.485,0.013,0.0,0.619,0.381,101.325,0.7777778,54,298.2,0.539736,0.44419533,0.016068725,0.0052232607,0.57786757,0.4169091
no,N-allyl-N-methylmorpholinium bis(trifluoromethylsulfonyl)imide,C=CC[N+]1(C)CCOCC1.O=S(=O)([N-]S(=O)(=O)C(F)(F)F)C(F)(F)F,[AMMor][NTf2],benzene,c1ccccc1,aromatic,n-hexane,CCCCCC,alkane,0.446,0.544,0.01,0.0,0.723,0.277,101.325,0.8888889,54,298.2,0.49814615,0.48459333,0.01726044,0.005425009,0.6154656,0.37910944
no,N-allyl-N-methylmorpholinium bis(trifluoromethylsulfonyl)imide,C=CC[N+]1(C)CCOCC1.O=S(=O)([N-]S(=O)(=O)C(F)(F)F)C(F)(F)F,[AMMor][NTf2],benzene,c1ccccc1,aromatic,n-hexane,CCCCCC,alkane,0.371,0.622,0.007,0.0,0.863,0.137,101.325,1.0,54,298.2,0.45552984,0.52604276,0.018427385,0.0054803933,0.6566658,0.33785382
no,ethyl(2-hydroxyethyl)dimethylammonium bis(trifluoromethylsulfonyl)imide,CC[N+](C)(C)CCO.O=S(=O)([N-]S(=O)(=O)C(F)(F)F)C(F)(F)F,[N112(C2OH)][NTf2],m-xylene,Cc1cccc(C)c1,aromatic,n-octane,CCCCCCCC,alkane,0.99,0.0,0.01,0.0,0.0,1.0,101.325,0.0,59,298.15,0.8856939,0.107790135,0.006515984,0.0030683512,0.354139,0.6427926
no,ethyl(2-hydroxyethyl)dimethylammonium bis(trifluoromethylsulfonyl)imide,CC[N+](C)(C)CCO.O=S(=O)([N-]S(=O)(=O)C(F)(F)F)C(F)(F)F,[N112(C2OH)][NTf2],m-xylene,Cc1cccc(C)c1,aromatic,n-octane,CCCCCCCC,alkane,0.97,0.02,0.01,0.0,0.06,0.94,101.325,0.1,59,298.15,0.87038374,0.122288056,0.007328216,0.0033186711,0.3793673,0.61731404
no,ethyl(2-hydroxyethyl)dimethylammonium bis(trifluoromethylsulfonyl)imide,CC[N+](C)(C)CCO.O=S(=O)([N-]S(=O)(=O)C(F)(F)F)C(F)(F)F,[N112(C2OH)][NTf2],m-xylene,Cc1cccc(C)c1,aromatic,n-octane,CCCCCCCC,alkane,0.96000004,0.030000001,0.010000001,0.0,0.1,0.9,101.325,0.2,59,298.15,0.85345906,0.13829756,0.008243414,0.00359314,0.40421572,0.59219116
no,ethyl(2-hydroxyethyl)dimethylammonium bis(trifluoromethylsulfonyl)imide,CC[N+](C)(C)CCO.O=S(=O)([N-]S(=O)(=O)C(F)(F)F)C(F)(F)F,[N112(C2OH)][NTf2],m-xylene,Cc1cccc(C)c1,aromatic,n-octane,CCCCCCCC,alkane,0.93,0.06,0.01,0.0,0.19,0.81,101.325,0.3,59,298.15,0.83475333,0.15604922,0.009197457,0.0038427692,0.43145993,0.56469727
no,ethyl(2-hydroxyethyl)dimethylammonium bis(trifluoromethylsulfonyl)imide,CC[N+](C)(C)CCO.O=S(=O)([N-]S(=O)(=O)C(F)(F)F)C(F)(F)F,[N112(C2OH)][NTf2],m-xylene,Cc1cccc(C)c1,aromatic,n-octane,CCCCCCCC,alkane,0.9,0.09,0.01,0.0,0.29,0.71,101.325,0.4,59,298.15,0.81511754,0.17497858,0.00990382,0.00432311,0.453792,0.54188484
no,ethyl(2-hydroxyethyl)dimethylammonium bis(trifluoromethylsulfonyl)imide,CC[N+](C)(C)CCO.O=S(=O)([N-]S(=O)(=O)C(F)(F)F)C(F)(F)F,[N112(C2OH)][NTf2],m-xylene,Cc1cccc(C)c1,aromatic,n-octane,CCCCCCCC,alkane,0.9,0.1,0.0,0.0,0.37,0.63,101.325,0.5,59,298.15,0.7929328,0.1960816,0.010985581,0.00459178,0.4814763,0.5139319
no,ethyl(2-hydroxyethyl)dimethylammonium bis(trifluoromethylsulfonyl)imide,CC[N+](C)(C)CCO.O=S(=O)([N-]S(=O)(=O)C(F)(F)F)C(F)(F)F,[N112(C2OH)][NTf2],m-xylene,Cc1cccc(C)c1,aromatic,n-octane,CCCCCCCC,alkane,0.88,0.12,0.0,0.0,0.42,0.58,101.325,0.6,59,298.15,0.7688943,0.21896061,0.012145011,0.0048613246,0.50915843,0.48598027
no,ethyl(2-hydroxyethyl)dimethylammonium bis(trifluoromethylsulfonyl)imide,CC[N+](C)(C)CCO.O=S(=O)([N-]S(=O)(=O)C(F)(F)F)C(F)(F)F,[N112(C2OH)][NTf2],m-xylene,Cc1cccc(C)c1,aromatic,n-octane,CCCCCCCC,alkane,0.82,0.18,0.0,0.0,0.57,0.43,101.325,0.7,59,298.15,0.74129057,0.24531025,0.013399198,0.0045635765,0.5438735,0.4515629
no,ethyl(2-hydroxyethyl)dimethylammonium bis(trifluoromethylsulfonyl)imide,CC[N+](C)(C)CCO.O=S(=O)([N-]S(=O)(=O)C(F)(F)F)C(F)(F)F,[N112(C2OH)][NTf2],m-xylene,Cc1cccc(C)c1,aromatic,n-octane,CCCCCCCC,alkane,0.77,0.23,0.0,0.0,0.7,0.3,101.325,0.8,59,298.15,0.71336347,0.27192968,0.014706805,0.0047973655,0.5710971,0.42410555
no,ethyl(2-hydroxyethyl)dimethylammonium bis(trifluoromethylsulfonyl)imide,CC[N+](C)(C)CCO.O=S(=O)([N-]S(=O)(=O)C(F)(F)F)C(F)(F)F,[N112(C2OH)][NTf2],m-xylene,Cc1cccc(C)c1,aromatic,n-octane,CCCCCCCC,alkane,0.74,0.26,0.0,0.0,0.82,0.18,101.325,0.9,59,298.15,0.6835989,0.3003212,0.016079979,0.005028683,0.5979722,0.39699912
no,ethyl(2-hydroxyethyl)dimethylammonium bis(trifluoromethylsulfonyl)imide,CC[N+](C)(C)CCO.O=S(=O)([N-]S(=O)(=O)C(F)(F)F)C(F)(F)F,[N112(C2OH)][NTf2],m-xylene,Cc1cccc(C)c1,aromatic,n-octane,CCCCCCCC,alkane,0.69,0.31,0.0,0.0,0.99,0.01,101.325,1.0,59,298.15,0.6532823,0.32922748,0.01749027,0.0054997555,0.6212819,0.3732184
,1-hexyl-3-methylimidazolium tetrafluoroborate,CCCCCCn1cc[n+](C)c1.F[B-](F)(F)F,[C6MIm][BF4],benzene,c1ccccc1,aromatic,n-heptane,CCCCCCC,alkane,0.2798,0.7179,0.0023,0.003,0.9438,0.0532,101.325,0.0,77,298.2,0.74212945,0.23332338,0.024547186,0.006428167,0.461831,0.53174084
,1-hexyl-3-methylimidazolium tetrafluoroborate,CCCCCCn1cc[n+](C)c1.F[B-](F)(F)F,[C6MIm][BF4],benzene,c1ccccc1,aromatic,n-heptane,CCCCCCC,alkane,0.2894,0.7044,0.0062,0.0032,0.9333,0.0635,101.325,0.09090909,77,298.2,0.71879107,0.25461546,0.026593534,0.006752226,0.48440802,0.50883967
,1-hexyl-3-methylimidazolium tetrafluoroborate,CCCCCCn1cc[n+](C)c1.F[B-](F)(F)F,[C6MIm][BF4],benzene,c1ccccc1,aromatic,n-heptane,CCCCCCC,alkane,0.3155,0.6769,0.0076,0.0022,0.8881,0.1097,101.325,0.18181819,77,298.2,0.69436014,0.27692807,0.02871178,0.0070485095,0.5072039,0.48574767
,1-hexyl-3-methylimidazolium tetrafluoroborate,CCCCCCn1cc[n+](C)c1.F[B-](F)(F)F,[C6MIm][BF4],benzene,c1ccccc1,aromatic,n-heptane,CCCCCCC,alkane,0.3844,0.5961,0.0195,0.0016,0.8067,0.1917,101.325,0.27272728,77,298.2,0.6686684,0.3004107,0.03092093,0.0073554125,0.5298421,0.46280253
,1-hexyl-3-methylimidazolium tetrafluoroborate,CCCCCCn1cc[n+](C)c1.F[B-](F)(F)F,[C6MIm][BF4],benzene,c1ccccc1,aromatic,n-heptane,CCCCCCC,alkane,0.4562,0.514,0.0298,0.002,0.7095,0.2885,101.325,0.36363637,77,298.2,0.6420215,0.32478845,0.03319009,0.00767268,0.5521122,0.4402151
,1-hexyl-3-methylimidazolium tetrafluoroborate,CCCCCCn1cc[n+](C)c1.F[B-](F)(F)F,[C6MIm][BF4],benzene,c1ccccc1,aromatic,n-heptane,CCCCCCC,alkane,0.4818,0.4852,0.033,0.0022,0.6495,0.3483,101.325,0.45454547,77,298.2,0.61470485,0.34985128,0.03544384,0.0079499995,0.5735658,0.4184842
,1-hexyl-3-methylimidazolium tetrafluoroborate,CCCCCCn1cc[n+](C)c1.F[B-](F)(F)F,[C6MIm][BF4],benzene,c1ccccc1,aromatic,n-heptane,CCCCCCC,alkane,0.537,0.418,0.045,0.0032,0.46,0.5368,101.325,0.54545456,77,298.2,0.5866582,0.37558624,0.03775561,0.008236788,0.5948319,0.39693132
,1-hexyl-3-methylimidazolium tetrafluoroborate,CCCCCCn1cc[n+](C)c1.F[B-](F)(F)F,[C6MIm][BF4],benzene,c1ccccc1,aromatic,n-heptane,CCCCCCC,alkane,0.5738,0.38,0.0462,0.0022,0.4799,0.5179,101.325,0.6363636,77,298.2,0.5579037,0.40196773,0.04012852,0.008534694,0.6159916,0.37547374
,1-hexyl-3-methylimidazolium tetrafluoroborate,CCCCCCn1cc[n+](C)c1.F[B-](F)(F)F,[C6MIm][BF4],benzene,c1ccccc1,aromatic,n-heptane,CCCCCCC,alkane,0.6,0.348,0.052,0.0018,0.4199,0.5783,101.325,0.72727275,77,298.2,0.52868927,0.42878568,0.04252499,0.008828738,0.6366426,0.3545287
,1-hexyl-3-methylimidazolium tetrafluoroborate,CCCCCCn1cc[n+](C)c1.F[B-](F)(F)F,[C6MIm][BF4],benzene,c1ccccc1,aromatic,n-heptane,CCCCCCC,alkane,0.6792,0.26,0.0608,0.0016,0.3203,0.6781,101.325,0.8181818,77,298.2,0.49927494,0.45582613,0.04489888,0.009113295,0.6567545,0.3341322
,1-hexyl-3-methylimidazolium tetrafluoroborate,CCCCCCn1cc[n+](C)c1.F[B-](F)(F)F,[C6MIm][BF4],benzene,c1ccccc1,aromatic,n-heptane,CCCCCCC,alkane,0.7499,0.1783,0.0718,0.0011,0.2286,0.7703,101.325,0.90909094,77,298.2,0.47009596,0.48267347,0.047230504,0.0093869995,0.67613894,0.31447405
,1-hexyl-3-methylimidazolium tetrafluoroborate,CCCCCCn1cc[n+](C)c1.F[B-](F)(F)F,[C6MIm][BF4],benzene,c1ccccc1,aromatic,n-heptane,CCCCCCC,alkane,0.8108,0.1043,0.0849,0.0016,0.128,0.8704,101.325,1.0,77,298.2,0.44116342,0.50931996,0.04951662,0.009650905,0.6947588,0.29559034
,3-methyl-N-butylpyridinium tetrafluoroborate,CCCC[n+]1cccc(C)c1.F[B-](F)(F)F,[C4MPy][BF4],toluene,Cc1ccccc1,aromatic,n-heptane,CCCCCCC,alkane,0.944,0.045,0.011,0.0,0.067,0.933,101.325,0.0,80,313.2,0.9064303,0.087515384,0.0060543357,0.0029683146,0.30624434,0.6907873
,3-methyl-N-butylpyridinium tetrafluoroborate,CCCC[n+]1cccc(C)c1.F[B-](F)(F)F,[C4MPy][BF4],toluene,Cc1ccccc1,aromatic,n-heptane,CCCCCCC,alkane,0.873,0.117,0.01,0.0,0.218,0.782,101.325,0.14285715,80,313.2,0.8882487,0.104628436,0.007122992,0.0033119498,0.34081683,0.6558712
,3-methyl-N-butylpyridinium tetrafluoroborate,CCCC[n+]1cccc(C)c1.F[B-](F)(F)F,[C4MPy][BF4],toluene,Cc1ccccc1,aromatic,n-heptane,CCCCCCC,alkane,0.826,0.166,0.008,0.0,0.336,0.664,101.325,0.2857143,80,313.2,0.8670214,0.124625914,0.008352711,0.0036751998,0.37720475,0.6191201
,3-methyl-N-butylpyridinium tetrafluoroborate,CCCC[n+]1cccc(C)c1.F[B-](F)(F)F,[C4MPy][BF4],toluene,Cc1ccccc1,aromatic,n-heptane,CCCCCCC,alkane,0.739,0.252,0.009,0.0,0.488,0.512,101.325,0.42857143,80,313.2,0.8424792,0.14777058,0.009750201,0.0040518474,0.41493446,0.58101374
,3-methyl-N-butylpyridinium tetrafluoroborate,CCCC[n+]1cccc(C)c1.F[B-](F)(F)F,[C4MPy][BF4],toluene,Cc1ccccc1,aromatic,n-heptane,CCCCCCC,alkane,0.678,0.314,0.008,0.0,0.621,0.379,101.325,0.5714286,80,313.2,0.81537443,0.17331195,0.011313607,0.0042790435,0.45139983,0.5443211
,3-methyl-N-butylpyridinium tetrafluoroborate,CCCC[n+]1cccc(C)c1.F[B-](F)(F)F,[C4MPy][BF4],toluene,Cc1ccccc1,aromatic,n-heptane,CCCCCCC,alkane,0.633,0.36,0.007,0.0,0.724,0.276,101.325,0.71428573,80,313.2,0.7845449,0.20240186,0.013053284,0.0045589134,0.48936862,0.50607246
,3-methyl-N-butylpyridinium tetrafluoroborate,CCCC[n+]1cccc(C)c1.F[B-](F)(F)F,[C4MPy][BF4],toluene,Cc1ccccc1,aromatic,n-heptane,CCCCCCC,alkane,0.56600004,0.42800003,0.0060000005,0.0,0.808,0.192,101.325,0.85714287,80,313.2,0.74905497,0.23595645,0.0149885435,0.0049706353,0.52863264,0.4663967
,3-methyl-N-butylpyridinium tetrafluoroborate,CCCC[n+]1cccc(C)c1.F[B-](F)(F)F,[C4MPy][BF4],toluene,Cc1ccccc1,aromatic,n-heptane,CCCCCCC,alkane,0.544,0.451,0.005,0.0,0.844,0.156,101.325,1.0,80,313.2,0.709731,0.2731614,0.017107649,0.005423867,0.5675746,0.42700148
no,hexyl(2-hydroxyethyl)dimethylammonium,CCCCCC[N+](C)(C)CCO,[(C8H17OCH2)2Im][BF4],p-xylene,Cc1ccc(C)cc1,aromatic,n-hexane,CCCCCC,alkane,0.99,0.0,0.01,0.0,0.0,1.0,101.325,0.0,110,298.15,0.811831,0.14494151,0.04322753,0.0076989913,0.4904044,0.50189656
no,hexyl(2-hydroxyethyl)dimethylammonium,CCCCCC[N+](C)(C)CCO,[(C8H17OCH2)2Im][BF4],p-xylene,Cc1ccc(C)cc1,aromatic,n-hexane,CCCCCC,alkane,0.97,0.02,0.01,0.0,0.31,0.69,101.325,0.16666667,110,298.15,0.7808248,0.16923195,0.04994331,0.008359951,0.5157401,0.4758999
no,hexyl(2-hydroxyethyl)dimethylammonium,CCCCCC[N+](C)(C)CCO,[(C8H17OCH2)2Im][BF4],p-xylene,Cc1ccc(C)cc1,aromatic,n-hexane,CCCCCC,alkane,0.94,0.05,0.01,0.0,0.45,0.55,101.325,0.33333334,110,298.15,0.74637944,0.19630368,0.057316907,0.009045774,0.5407762,0.45017806
no,hexyl(2-hydroxyethyl)dimethylammonium,CCCCCC[N+](C)(C)CCO,[(C8H17OCH2)2Im][BF4],p-xylene,Cc1ccc(C)cc1,aromatic,n-hexane,CCCCCC,alkane,0.87,0.12,0.01,0.0,0.56,0.44,101.325,0.5,110,298.15,0.7036898,0.22984672,0.06646347,0.010462139,0.56572837,0.42380944
no,hexyl(2-hydroxyethyl)dimethylammonium,CCCCCC[N+](C)(C)CCO,[(C8H17OCH2)2Im][BF4],p-xylene,Cc1ccc(C)cc1,aromatic,n-hexane,CCCCCC,alkane,0.7,0.29,0.01,0.0,0.63,0.37,101.325,0.6666667,110,298.15,0.653428,0.2692378,0.0773342,0.01286284,0.5896346,0.39750257
no,hexyl(2-hydroxyethyl)dimethylammonium,CCCCCC[N+](C)(C)CCO,[(C8H17OCH2)2Im][BF4],p-xylene,Cc1ccc(C)cc1,aromatic,n-hexane,CCCCCC,alkane,0.45,0.51,0.04,0.0,0.71,0.29,101.325,0.8333333,110,298.15,0.6098948,0.303726,0.086379245,0.013770122,0.61266065,0.37356928
no,hexyl(2-hydroxyethyl)dimethylammonium,CCCCCC[N+](C)(C)CCO,[(C8H17OCH2)2Im][BF4],p-xylene,Cc1ccc(C)cc1,aromatic,n-hexane,CCCCCC,alkane,0.36,0.6,0.04,0.0,0.76,0.24,101.325,1.0,110,298.15,0.5637117,0.340971,0.09531728,0.013954316,0.6388985,0.34714723
,1-butyl-1-methylpyrrolidinium dicyanamide,CCCC[N+]1(C)CCCC1.N#CN=C=[N-],[C4MPyr][N(CN)2],benzene,c1ccccc1,aromatic,n-dodecane,CCCCCCCCCCCC,alkane,0.948,0.051,0.001,0.0,0.046,0.954,101.325,0.0,131,298.15,0.79059863,0.19690357,0.012497799,0.0031817257,0.2986596,0.6981587
,1-butyl-1-methylpyrrolidinium dicyanamide,CCCC[N+]1(C)CCCC1.N#CN=C=[N-],[C4MPyr][N(CN)2],benzene,c1ccccc1,aromatic,n-dodecane,CCCCCCCCCCCC,alkane,0.91,0.089,0.001,0.0,0.09,0.91,101.325,0.125,131,298.15,0.76068956,0.22518761,0.014122926,0.0034974078,0.32974574,0.66675687
,1-butyl-1-methylpyrrolidinium dicyanamide,CCCC[N+]1(C)CCCC1.N#CN=C=[N-],[C4MPyr][N(CN)2],benzene,c1ccccc1,aromatic,n-dodecane,CCCCCCCCCCCC,alkane,0.85,0.149,0.001,0.0,0.193,0.807,101.325,0.25,131,298.15,0.7280357,0.256089,0.015875278,0.00382515,0.3623605,0.6338144
,1-butyl-1-methylpyrrolidinium dicyanamide,CCCC[N+]1(C)CCCC1.N#CN=C=[N-],[C4MPyr][N(CN)2],benzene,c1ccccc1,aromatic,n-dodecane,CCCCCCCCCCCC,alkane,0.778,0.221,0.001,0.0,0.298,0.702,101.325,0.375,131,298.15,0.695741,0.2867473,0.017511602,0.0040611564,0.3937502,0.60218865
,1-butyl-1-methylpyrrolidinium dicyanamide,CCCC[N+]1(C)CCCC1.N#CN=C=[N-],[C4MPyr][N(CN)2],benzene,c1ccccc1,aromatic,n-dodecane,CCCCCCCCCCCC,alkane,0.662,0.337,0.001,0.0,0.41,0.59,101.325,0.5,131,298.15,0.66538715,0.31563276,0.018980067,0.0041648936,0.42302397,0.5728111
,1-butyl-1-methylpyrrolidinium dicyanamide,CCCC[N+]1(C)CCCC1.N#CN=C=[N-],[C4MPyr][N(CN)2],benzene,c1ccccc1,aromatic,n-dodecane,CCCCCCCCCCCC,alkane,0.582,0.416,0.002,0.0,0.573,0.427,101.325,0.625,131,298.15,0.62616265,0.35285875,0.020978594,0.004489652,0.4582526,0.5372578
,1-butyl-1-methylpyrrolidinium dicyanamide,CCCC[N+]1(C)CCCC1.N#CN=C=[N-],[C4MPyr][N(CN)2],benzene,c1ccccc1,aromatic,n-dodecane,CCCCCCCCCCCC,alkane,0.474,0.524,0.002,0.0,0.678,0.322,101.325,0.75,131,298.15,0.58518076,0.3917855,0.023033747,0.00481354,0.49384534,0.5013411
,1-butyl-1-methylpyrrolidinium dicyanamide,CCCC[N+]1(C)CCCC1.N#CN=C=[N-],[C4MPyr][N(CN)2],benzene,c1ccccc1,aromatic,n-dodecane,CCCCCCCCCCCC,alkane,0.407,0.592,0.001,0.0,0.787,0.213,101.325,0.875,131,298.15,0.5447849,0.4302562,0.024958929,0.0053229146,0.5276037,0.46707338
,1-butyl-1-methylpyrrolidinium dicyanamide,CCCC[N+]1(C)CCCC1.N#CN=C=[N-],[C4MPyr][N(CN)2],benzene,c1ccccc1,aromatic,n-dodecane,CCCCCCCCCCCC,alkane,0.33900002,0.65900004,0.0020000003,0.0,0.927,0.073,101.325,1.0,131,298.15,0.50232047,0.47066635,0.027013227,0.0056454283,0.5625334,0.43182126
,3-methyl-N-butylpyridinium trifluoromethanesulfonate,CCCC[n+]1cccc(C)c1.O=S(=O)([O-])C(F)(F)F,[C4MPy][B(CN)4],toluene,Cc1ccccc1,aromatic,n-heptane,CCCCCCC,alkane,0.9316,0.0,0.0684,0.0011,0.0,0.9989,101.325,0.0,158,303.2,0.83825624,0.15263453,0.009109187,0.003949562,0.31752682,0.67852366
,3-methyl-N-butylpyridinium trifluoromethanesulfonate,CCCC[n+]1cccc(C)c1.O=S(=O)([O-])C(F)(F)F,[C4MPy][B(CN)4],toluene,Cc1ccccc1,aromatic,n-heptane,CCCCCCC,alkane,0.7588,0.1943,0.0469,0.0007,0.1432,0.8561,101.325,0.07692308,158,303.2,0.82342935,0.16671543,0.009855196,0.004120231,0.3372244,0.6586554
,3-methyl-N-butylpyridinium trifluoromethanesulfonate,CCCC[n+]1cccc(C)c1.O=S(=O)([O-])C(F)(F)F,[C4MPy][B(CN)4],toluene,Cc1ccccc1,aromatic,n-heptane,CCCCCCC,alkane,0.7234,0.2245,0.0521,0.0011,0.1719,0.827,101.325,0.15384616,158,303.2,0.80746067,0.18188062,0.0106586935,0.0043235403,0.35748625,0.6381902
,3-methyl-N-butylpyridinium trifluoromethanesulfonate,CCCC[n+]1cccc(C)c1.O=S(=O)([O-])C(F)(F)F,[C4MPy][B(CN)4],toluene,Cc1ccccc1,aromatic,n-heptane,CCCCCCC,alkane,0.6805,0.267,0.0525,0.00110011,0.20782079,0.7910791,101.325,0.23076923,158,303.2,0.7901995,0.19827338,0.011527098,0.0045656133,0.37842897,0.6170054
,3-methyl-N-butylpyridinium trifluoromethanesulfonate,CCCC[n+]1cccc(C)c1.O=S(=O)([O-])C(F)(F)F,[C4MPy][B(CN)4],toluene,Cc1ccccc1,aromatic,n-heptane,CCCCCCC,alkane,0.6557,0.2929,0.0514,0.00110011,0.24352436,0.75537556,101.325,0.30769232,158,303.2,0.7723588,0.21523374,0.012407468,0.004743933,0.39967003,0.595586
,3-methyl-N-butylpyridinium trifluoromethanesulfonate,CCCC[n+]1cccc(C)c1.O=S(=O)([O-])C(F)(F)F,[C4MPy][B(CN)4],toluene,Cc1ccccc1,aromatic,n-heptane,CCCCCCC,alkane,0.609,0.3436,0.0474,0.0007,0.3235,0.6758,101.325,0.3846154,158,303.2,0.75315523,0.2334946,0.013350165,0.0049522975,0.42145032,0.5735974
,3-methyl-N-butylpyridinium trifluoromethanesulfonate,CCCC[n+]1cccc(C)c1.O=S(=O)([O-])C(F)(F)F,[C4MPy][B(CN)4],toluene,Cc1ccccc1,aromatic,n-heptane,CCCCCCC,alkane,0.5823,0.3733,0.0444,0.0011,0.3319,0.667,101.325,0.46153846,158,303.2,0.73263884,0.25300607,0.014355108,0.0051973895,0.44344187,0.5513607
,3-methyl-N-butylpyridinium trifluoromethanesulfonate,CCCC[n+]1cccc(C)c1.O=S(=O)([O-])C(F)(F)F,[C4MPy][B(CN)4],toluene,Cc1ccccc1,aromatic,n-heptane,CCCCCCC,alkane,0.55700004,0.39970002,0.043300003,0.0011,0.371,0.6279,101.325,0.53846157,158,303.2,0.71054584,0.27372125,0.015732914,0.005816227,0.46265212,0.53153163
,3-methyl-N-butylpyridinium trifluoromethanesulfonate,CCCC[n+]1cccc(C)c1.O=S(=O)([O-])C(F)(F)F,[C4MPy][B(CN)4],toluene,Cc1ccccc1,aromatic,n-heptane,CCCCCCC,alkane,0.5229523,0.4387439,0.038303833,0.0007,0.4512,0.5481,101.325,0.61538464,158,303.2,0.6882454,0.2949272,0.016827289,0.0060776942,0.48468032,0.509242
,3-methyl-N-butylpyridinium trifluoromethanesulfonate,CCCC[n+]1cccc(C)c1.O=S(=O)([O-])C(F)(F)F,[C4MPy][B(CN)4],toluene,Cc1ccccc1,aromatic,n-heptane,CCCCCCC,alkane,0.4399,0.5231,0.037,0.00070007,0.5822582,0.41704172,101.325,0.6923077,158,303.2,0.6648414,0.31719753,0.0179611,0.0063398774,0.5069162,0.48674387
,3-methyl-N-butylpyridinium trifluoromethanesulfonate,CCCC[n+]1cccc(C)c1.O=S(=O)([O-])C(F)(F)F,[C4MPy][B(CN)4],toluene,Cc1ccccc1,aromatic,n-heptane,CCCCCCC,alkane,0.3966,0.5697,0.0337,0.0011,0.6417,0.3572,101.325,0.7692308,158,303.2,0.64009356,0.3408025,0.019103978,0.0066280505,0.53028756,0.4630844
,3-methyl-N-butylpyridinium trifluoromethanesulfonate,CCCC[n+]1cccc(C)c1.O=S(=O)([O-])C(F)(F)F,[C4MPy][B(CN)4],toluene,Cc1ccccc1,aromatic,n-heptane,CCCCCCC,alkane,0.37080002,0.59800005,0.031200001,0.0007,0.7095,0.2898,101.325,0.84615386,158,303.2,0.615142,0.36457163,0.020286398,0.006882161,0.55227304,0.4408448
,3-methyl-N-butylpyridinium trifluoromethanesulfonate,CCCC[n+]1cccc(C)c1.O=S(=O)([O-])C(F)(F)F,[C4MPy][B(CN)4],toluene,Cc1ccccc1,aromatic,n-heptane,CCCCCCC,alkane,0.3258,0.6519,0.0223,0.00109989,0.8049195,0.1939806,101.325,0.9230769,158,303.2,0.58986324,0.388658,0.021478781,0.007132252,0.5737724,0.41909543
,3-methyl-N-butylpyridinium trifluoromethanesulfonate,CCCC[n+]1cccc(C)c1.O=S(=O)([O-])C(F)(F)F,[C4MPy][B(CN)4],toluene,Cc1ccccc1,aromatic,n-heptane,CCCCCCC,alkane,0.27070004,0.71540004,0.013900001,0.0011,0.8835,0.1154,101.325,1.0,158,303.2,0.5526923,0.42405692,0.023250803,0.0079406025,0.60301113,0.38904825
,1-butyl-3-methylimidazolium nitrate,CCCCn1cc[n+](C)c1.O=[N+]([O-])[O-],[C4MIm][NO3],toluene,Cc1ccccc1,aromatic,n-heptane,CCCCCCC,alkane,0.927,0.066,0.007,0.0,0.185,0.815,101.325,0.125,183,298.15,0.90697753,0.087242916,0.005779533,0.003031353,0.3899864,0.6069822
,1-butyl-3-methylimidazolium nitrate,CCCCn1cc[n+](C)c1.O=[N+]([O-])[O-],[C4MIm][NO3],toluene,Cc1ccccc1,aromatic,n-heptane,CCCCCCC,alkane,0.888,0.105,0.007,0.0,0.388,0.612,101.325,0.375,183,298.15,0.8681392,0.123512276,0.008348446,0.0051656812,0.44185606,0.5529782
,1-butyl-3-methylimidazolium nitrate,CCCCn1cc[n+](C)c1.O=[N+]([O-])[O-],[C4MIm][NO3],toluene,Cc1ccccc1,aromatic,n-heptane,CCCCCCC,alkane,0.86800003,0.12600002,0.0060000005,0.0,0.489,0.511,101.325,0.5,183,298.15,0.84621596,0.14413604,0.009648047,0.0056737666,0.47426784,0.5200584
,1-butyl-3-methylimidazolium nitrate,CCCCn1cc[n+](C)c1.O=[N+]([O-])[O-],[C4MIm][NO3],toluene,Cc1ccccc1,aromatic,n-heptane,CCCCCCC,alkane,0.841,0.153,0.006,0.0,0.594,0.406,101.325,0.75,183,298.15,0.79730535,0.19028452,0.012410161,0.006506389,0.53869843,0.45479512
,1-butyl-3-methylimidazolium nitrate,CCCCn1cc[n+](C)c1.O=[N+]([O-])[O-],[C4MIm][NO3],toluene,Cc1ccccc1,aromatic,n-heptane,CCCCCCC,alkane,0.767,0.226,0.007,0.0,0.784,0.216,101.325,1.0,183,298.15,0.73776823,0.24655084,0.015680889,0.007328162,0.60142267,0.39124915
,1-butyl-3-methylimidazolium nitrate,CCCCn1cc[n+](C)c1.O=[N+]([O-])[O-],[C4MIm][NO3],toluene,Cc1ccccc1,aromatic,n-heptane,CCCCCCC,alkane,0.935,0.058,0.007,0.0,0.163,0.837,101.325,0.0,183,298.15,0.915143,0.07926214,0.0055948896,0.004082056,0.34921038,0.64670753
,1-butyl-3-methylimidazolium nitrate,CCCCn1cc[n+](C)c1.O=[N+]([O-])[O-],[C4MIm][NO3],toluene,Cc1ccccc1,aromatic,n-heptane,CCCCCCC,alkane,0.9,0.092,0.008,0.0,0.336,0.664,101.325,0.25,183,298.15,0.8851145,0.10749982,0.007385674,0.0048539145,0.41032052,0.5848256
,1-butyl-3-methylimidazolium nitrate,CCCCn1cc[n+](C)c1.O=[N+]([O-])[O-],[C4MIm][NO3],toluene,Cc1ccccc1,aromatic,n-heptane,CCCCCCC,alkane,0.867,0.125,0.008,0.0,0.499,0.501,101.325,0.625,183,298.15,0.827173,0.16214882,0.010678246,0.0058324016,0.5052151,0.48895252
,1-butyl-3-methylimidazolium nitrate,CCCCn1cc[n+](C)c1.O=[N+]([O-])[O-],[C4MIm][NO3],toluene,Cc1ccccc1,aromatic,n-heptane,CCCCCCC,alkane,0.811,0.179,0.01,0.0,0.662,0.338,101.325,0.875,183,298.15,0.77378964,0.21256298,0.013647306,0.006634231,0.56912327,0.4242425
,1-butyl-3-methylimidazolium nitrate,CCCCn1cc[n+](C)c1.O=[N+]([O-])[O-],[C4MIm][NO3],ethylbenzene,CCc1ccccc1,aromatic,n-hexane,CCCCCC,alkane,0.97,0.023,0.007,0.0,0.135,0.865,101.325,0.0,185,298.15,0.9303491,0.062630735,0.0070201987,0.0043314104,0.40235785,0.5933108
,1-butyl-3-methylimidazolium nitrate,CCCCn1cc[n+](C)c1.O=[N+]([O-])[O-],[C4MIm][NO3],ethylbenzene,CCc1ccccc1,aromatic,n-hexane,CCCCCC,alkane,0.967,0.027,0.006,0.0,0.159,0.841,101.325,0.125,185,298.15,0.921407,0.070923544,0.0076695136,0.0038942485,0.43167984,0.5644259
,1-butyl-3-methylimidazolium nitrate,CCCCn1cc[n+](C)c1.O=[N+]([O-])[O-],[C4MIm][NO3],ethylbenzene,CCc1ccccc1,aromatic,n-hexane,CCCCCC,alkane,0.95,0.042,0.008,0.0,0.28,0.72,101.325,0.25,185,298.15,0.91382426,0.07809667,0.008079096,0.0028707883,0.4666453,0.5304839
,1-butyl-3-methylimidazolium nitrate,CCCCn1cc[n+](C)c1.O=[N+]([O-])[O-],[C4MIm][NO3],ethylbenzene,CCc1ccccc1,aromatic,n-hexane,CCCCCC,alkane,0.941,0.051,0.008,0.0,0.336,0.664,101.325,0.375,185,298.15,0.8996788,0.091035835,0.009285378,0.0030918196,0.49443564,0.5024725
,1-butyl-3-methylimidazolium nitrate,CCCCn1cc[n+](C)c1.O=[N+]([O-])[O-],[C4MIm][NO3],ethylbenzene,CCc1ccccc1,aromatic,n-hexane,CCCCCC,alkane,0.93,0.061,0.009,0.0,0.435,0.565,101.325,0.5,185,298.15,0.8834894,0.105858386,0.010652211,0.0033202213,0.52231175,0.47436804
,1-butyl-3-methylimidazolium nitrate,CCCCn1cc[n+](C)c1.O=[N+]([O-])[O-],[C4MIm][NO3],ethylbenzene,CCc1ccccc1,aromatic,n-hexane,CCCCCC,alkane,0.912,0.079,0.009,0.0,0.527,0.473,101.325,0.625,185,298.15,0.8637284,0.12392606,0.012345553,0.0037155726,0.54948044,0.44680396
,1-butyl-3-methylimidazolium nitrate,CCCCn1cc[n+](C)c1.O=[N+]([O-])[O-],[C4MIm][NO3],ethylbenzene,CCc1ccccc1,aromatic,n-hexane,CCCCCC,alkane,0.888,0.102,0.01,0.0,0.632,0.368,101.325,0.75,185,298.15,0.8408791,0.14476025,0.014360707,0.0042724526,0.57520324,0.4205243
,1-butyl-3-methylimidazolium nitrate,CCCCn1cc[n+](C)c1.O=[N+]([O-])[O-],[C4MIm][NO3],ethylbenzene,CCc1ccccc1,aromatic,n-hexane,CCCCCC,alkane,0.866,0.125,0.009,0.0,0.746,0.254,101.325,0.875,185,298.15,0.8173188,0.16639896,0.016282273,0.0045422004,0.6018116,0.3936462
,1-butyl-3-methylimidazolium nitrate,CCCCn1cc[n+](C)c1.O=[N+]([O-])[O-],[C4MIm][NO3],ethylbenzene,CCc1ccccc1,aromatic,n-hexane,CCCCCC,alkane,0.858,0.135,0.007,0.0,0.795,0.205,101.325,1.0,185,298.15,0.79109204,0.19051622,0.018391766,0.0048158984,0.6277658,0.36741838
,1-methyl-3-octyl-imidazolium nitrate,CCCCCCCC[n+]1ccn(C)c1.O=[N+]([O-])[O-],[C8MIm][NO3],p-xylene,Cc1ccc(C)cc1,aromatic,n-octane,CCCCCCCC,alkane,0.839,0.087,0.074,0.0,0.154,0.846,101.325,0.0,202,298.15,0.8550559,0.12964682,0.015297281,0.0057972753,0.3736292,0.62057346
,1-methyl-3-octyl-imidazolium nitrate,CCCCCCCC[n+]1ccn(C)c1.O=[N+]([O-])[O-],[C8MIm][NO3],p-xylene,Cc1ccc(C)cc1,aromatic,n-octane,CCCCCCCC,alkane,0.832,0.099,0.069,0.0,0.177,0.823,101.325,0.11111111,202,298.15,0.8376779,0.14524418,0.017077843,0.006356605,0.39943686,0.5942066
,1-methyl-3-octyl-imidazolium nitrate,CCCCCCCC[n+]1ccn(C)c1.O=[N+]([O-])[O-],[C8MIm][NO3],p-xylene,Cc1ccc(C)cc1,aromatic,n-octane,CCCCCCCC,alkane,0.774,0.161,0.065,0.0,0.319,0.681,101.325,0.22222222,202,298.15,0.817299,0.16365103,0.019049937,0.0068091108,0.42551407,0.56767684
,1-methyl-3-octyl-imidazolium nitrate,CCCCCCCC[n+]1ccn(C)c1.O=[N+]([O-])[O-],[C8MIm][NO3],p-xylene,Cc1ccc(C)cc1,aromatic,n-octane,CCCCCCCC,alkane,0.77,0.174,0.056,0.0,0.37,0.63,101.325,0.33333334,202,298.15,0.8055721,0.17421915,0.020208843,0.0069782306,0.42507526,0.5679465
,1-methyl-3-octyl-imidazolium nitrate,CCCCCCCC[n+]1ccn(C)c1.O=[N+]([O-])[O-],[C8MIm][NO3],p-xylene,Cc1ccc(C)cc1,aromatic,n-octane,CCCCCCCC,alkane,0.736,0.213,0.051,0.0,0.465,0.535,101.325,0.44444445,202,298.15,0.78222126,0.19534674,0.022432044,0.0074533275,0.4513865,0.54116017
,1-methyl-3-octyl-imidazolium nitrate,CCCCCCCC[n+]1ccn(C)c1.O=[N+]([O-])[O-],[C8MIm][NO3],p-xylene,Cc1ccc(C)cc1,aromatic,n-octane,CCCCCCCC,alkane,0.728,0.222,0.05,0.0,0.483,0.517,101.325,0.5555556,202,298.15,0.75683844,0.21834798,0.024813525,0.007935702,0.4779794,0.5140849
,1-methyl-3-octyl-imidazolium nitrate,CCCCCCCC[n+]1ccn(C)c1.O=[N+]([O-])[O-],[C8MIm][NO3],p-xylene,Cc1ccc(C)cc1,aromatic,n-octane,CCCCCCCC,alkane,0.693,0.259,0.048,0.0,0.565,0.435,101.325,0.6666667,202,298.15,0.73242205,0.2408975,0.026680421,0.0072151655,0.509183,0.48360187
,1-methyl-3-octyl-imidazolium nitrate,CCCCCCCC[n+]1ccn(C)c1.O=[N+]([O-])[O-],[C8MIm][NO3],p-xylene,Cc1ccc(C)cc1,aromatic,n-octane,CCCCCCCC,alkane,0.646,0.309,0.045,0.0,0.648,0.352,101.325,0.7777778,202,298.15,0.70498395,0.2660549,0.028961163,0.0070524886,0.53795016,0.45499736
,1-methyl-3-octyl-imidazolium nitrate,CCCCCCCC[n+]1ccn(C)c1.O=[N+]([O-])[O-],[C8MIm][NO3],p-xylene,Cc1ccc(C)cc1,aromatic,n-octane,CCCCCCCC,alkane,0.59000003,0.37800002,0.032000005,0.0,0.77,0.23,101.325,0.8888889,202,298.15,0.67430717,0.29400834,0.031684414,0.007432548,0.5641783,0.42838916
,1-methyl-3-octyl-imidazolium nitrate,CCCCCCCC[n+]1ccn(C)c1.O=[N+]([O-])[O-],[C8MIm][NO3],p-xylene,Cc1ccc(C)cc1,aromatic,n-octane,CCCCCCCC,alkane,0.555,0.415,0.03,0.0,0.816,0.184,101.325,1.0,202,298.15,0.6419029,0.32357952,0.034517594,0.0078092203,0.5900702,0.40212062
no,N-butylpyridinium nitrate,CCCC[n+]1ccccc1.O=[N+]([O-])[O-],[C4Py][NO3],p-xylene,Cc1ccc(C)cc1,aromatic,n-decane,CCCCCCCCCC,alkane,0.962,0.029,0.009,0.0,0.038,0.962,101.325,0.0,211,298.15,0.9448605,0.052035145,0.0031043482,0.0019273891,0.29023635,0.7078362
no,N-butylpyridinium nitrate,CCCC[n+]1ccccc1.O=[N+]([O-])[O-],[C4Py][NO3],p-xylene,Cc1ccc(C)cc1,aromatic,n-decane,CCCCCCCCCC,alkane,0.941,0.05,0.009,0.0,0.08,0.92,101.325,0.11111111,211,298.15,0.936164,0.06028837,0.0035476498,0.0021085534,0.31608757,0.6818039
no,N-butylpyridinium nitrate,CCCC[n+]1ccccc1.O=[N+]([O-])[O-],[C4Py][NO3],p-xylene,Cc1ccc(C)cc1,aromatic,n-decane,CCCCCCCCCC,alkane,0.907,0.086,0.007,0.0,0.166,0.834,101.325,0.22222222,211,298.15,0.92618984,0.06975993,0.0040502246,0.0022994438,0.34316412,0.6545364
no,N-butylpyridinium nitrate,CCCC[n+]1ccccc1.O=[N+]([O-])[O-],[C4Py][NO3],p-xylene,Cc1ccc(C)cc1,aromatic,n-decane,CCCCCCCCCC,alkane,0.883,0.111,0.006,0.0,0.262,0.738,101.325,0.33333334,211,298.15,0.91534513,0.08010434,0.004550571,0.0023477164,0.37060648,0.62704575
no,N-butylpyridinium nitrate,CCCC[n+]1ccccc1.O=[N+]([O-])[O-],[C4Py][NO3],p-xylene,Cc1ccc(C)cc1,aromatic,n-decane,CCCCCCCCCC,alkane,0.855,0.139,0.006,0.0,0.356,0.644,101.325,0.44444445,211,298.15,0.9027716,0.0920868,0.0051416005,0.002464145,0.3992047,0.5983312
no,N-butylpyridinium nitrate,CCCC[n+]1ccccc1.O=[N+]([O-])[O-],[C4Py][NO3],p-xylene,Cc1ccc(C)cc1,aromatic,n-decane,CCCCCCCCCC,alkane,0.828,0.166,0.006,0.0,0.453,0.547,101.325,0.5555556,211,298.15,0.8881283,0.10602979,0.005841821,0.0026579744,0.4289743,0.5683678
no,N-butylpyridinium nitrate,CCCC[n+]1ccccc1.O=[N+]([O-])[O-],[C4Py][NO3],p-xylene,Cc1ccc(C)cc1,aromatic,n-decane,CCCCCCCCCC,alkane,0.794,0.2,0.006,0.0,0.554,0.446,101.325,0.6666667,211,298.15,0.86987036,0.12326762,0.006862066,0.003113817,0.45506474,0.5418214
no,N-butylpyridinium nitrate,CCCC[n+]1ccccc1.O=[N+]([O-])[O-],[C4Py][NO3],p-xylene,Cc1ccc(C)cc1,aromatic,n-decane,CCCCCCCCCC,alkane,0.759,0.236,0.005,0.0,0.655,0.345,101.325,0.7777778,211,298.15,0.8507128,0.14141631,0.007870917,0.003454661,0.48300552,0.5135398
no,N-butylpyridinium nitrate,CCCC[n+]1ccccc1.O=[N+]([O-])[O-],[C4Py][NO3],p-xylene,Cc1ccc(C)cc1,aromatic,n-decane,CCCCCCCCCC,alkane,0.713,0.282,0.005,0.0,0.76,0.24,101.325,0.8888889,211,298.15,0.82994914,0.16119689,0.008853977,0.0036827242,0.51326406,0.48305324
no,N-butylpyridinium nitrate,CCCC[n+]1ccccc1.O=[N+]([O-])[O-],[C4Py][NO3],p-xylene,Cc1ccc(C)cc1,aromatic,n-decane,CCCCCCCCCC,alkane,0.66400003,0.33200002,0.0040000007,0.0,0.874,0.126,101.325,1.0,211,298.15,0.8074707,0.18262921,0.009900029,0.003992319,0.5373393,0.45866835
no,N-hexylpyridinium nitrate,CCCCCC[n+]1ccccc1.O=[N+]([O-])[O-],[C6Py][NO3],benzene,c1ccccc1,aromatic,n-heptane,CCCCCCC,alkane,0.932,0.04,0.028,0.0,0.034,0.966,101.325,0.0,213,308.15,0.91364545,0.07962707,0.006727483,0.0027771506,0.22066793,0.77655494
no,N-hexylpyridinium nitrate,CCCCCC[n+]1ccccc1.O=[N+]([O-])[O-],[C6Py][NO3],benzene,c1ccccc1,aromatic,n-heptane,CCCCCCC,alkane,0.913,0.064,0.023,0.0,0.074,0.926,101.325,0.125,213,308.15,0.8993798,0.09287966,0.0077405674,0.0030880843,0.24458547,0.7523264
no,N-hexylpyridinium nitrate,CCCCCC[n+]1ccccc1.O=[N+]([O-])[O-],[C6Py][NO3],benzene,c1ccccc1,aromatic,n-heptane,CCCCCCC,alkane,0.87700003,0.10400001,0.019000001,0.0,0.159,0.841,101.325,0.25,213,308.15,0.88042974,0.110523894,0.00904636,0.003507018,0.27673277,0.7197602
no,N-hexylpyridinium nitrate,CCCCCC[n+]1ccccc1.O=[N+]([O-])[O-],[C6Py][NO3],benzene,c1ccccc1,aromatic,n-heptane,CCCCCCC,alkane,0.843,0.139,0.018,0.0,0.252,0.748,101.325,0.375,213,308.15,0.8571971,0.13220212,0.010600796,0.0039177453,0.31773034,0.678352
no,N-hexylpyridinium nitrate,CCCCCC[n+]1ccccc1.O=[N+]([O-])[O-],[C6Py][NO3],benzene,c1ccccc1,aromatic,n-heptane,CCCCCCC,alkane,0.805,0.176,0.019,0.0,0.342,0.658,101.325,0.5,213,308.15,0.8352427,0.15267423,0.012083086,0.0042955647,0.3475999,0.64810455
no,N-hexylpyridinium nitrate,CCCCCC[n+]1ccccc1.O=[N+]([O-])[O-],[C6Py][NO3],benzene,c1ccccc1,aromatic,n-heptane,CCCCCCC,alkane,0.775,0.208,0.017,0.0,0.44,0.56,101.325,0.625,213,308.15,0.81070954,0.17556818,0.013722336,0.004689055,0.3786284,0.6166825
no,N-hexylpyridinium nitrate,CCCCCC[n+]1ccccc1.O=[N+]([O-])[O-],[C6Py][NO3],benzene,c1ccccc1,aromatic,n-heptane,CCCCCCC,alkane,0.735,0.249,0.016,0.0,0.538,0.462,101.325,0.75,213,308.15,0.8025837,0.18376087,0.013655442,0.0036539433,0.3971633,0.59918267
no,N-hexylpyridinium nitrate,CCCCCC[n+]1ccccc1.O=[N+]([O-])[O-],[C6Py][NO3],benzene,c1ccccc1,aromatic,n-heptane,CCCCCCC,alkane,0.685,0.301,0.014,0.0,0.637,0.363,101.325,0.875,213,308.15,0.77384776,0.21069378,0.0154584935,0.0039622816,0.4300929,0.56594485
no,N-hexylpyridinium nitrate,CCCCCC[n+]1ccccc1.O=[N+]([O-])[O-],[C6Py][NO3],benzene,c1ccccc1,aromatic,n-heptane,CCCCCCC,alkane,0.641,0.346,0.013,0.0,0.748,0.252,101.325,1.0,213,308.15,0.742242,0.2403487,0.017409278,0.0042744437,0.4636112,0.5321143
,1-butyl-3-methylimidazolium hexafluorophosphate,CCCCn1cc[n+](C)c1.F[P-](F)(F)(F)(F)F,[C4MIm][PF6],n-propylbenzene,CCCc1ccccc1,aromatic,n-tetradecane,CCCCCCCCCCCCCC,alkane,0.932,0.059,0.009,0.0,0.119,0.881,101.325,0.0,225,313.0,0.92460537,0.0683535,0.007041147,0.0019310712,0.35046983,0.64759916
,1-butyl-3-methylimidazolium hexafluorophosphate,CCCCn1cc[n+](C)c1.F[P-](F)(F)(F)(F)F,[C4MIm][PF6],n-propylbenzene,CCCc1ccccc1,aromatic,n-tetradecane,CCCCCCCCCCCCCC,alkane,0.881,0.11,0.009,0.0,0.212,0.788,101.325,0.125,225,313.0,0.9115829,0.08019622,0.008220963,0.0021474238,0.3770764,0.62077624
,1-butyl-3-methylimidazolium hexafluorophosphate,CCCCn1cc[n+](C)c1.F[P-](F)(F)(F)(F)F,[C4MIm][PF6],n-propylbenzene,CCCc1ccccc1,aromatic,n-tetradecane,CCCCCCCCCCCCCC,alkane,0.837,0.154,0.009,0.0,0.29,0.71,101.325,0.25,225,313.0,0.89671695,0.09375724,0.009525778,0.002353431,0.4050764,0.5925701
,1-butyl-3-methylimidazolium hexafluorophosphate,CCCCn1cc[n+](C)c1.F[P-](F)(F)(F)(F)F,[C4MIm][PF6],n-propylbenzene,CCCc1ccccc1,aromatic,n-tetradecane,CCCCCCCCCCCCCC,alkane,0.795,0.195,0.01,0.0,0.353,0.647,101.325,0.375,225,313.0,0.8795327,0.10949309,0.010974161,0.0025528513,0.43476436,0.56268275
,1-butyl-3-methylimidazolium hexafluorophosphate,CCCCn1cc[n+](C)c1.F[P-](F)(F)(F)(F)F,[C4MIm][PF6],n-propylbenzene,CCCc1ccccc1,aromatic,n-tetradecane,CCCCCCCCCCCCCC,alkane,0.762,0.228,0.01,0.0,0.408,0.592,101.325,0.5,225,313.0,0.8599069,0.12748961,0.01260345,0.0027594385,0.4648698,0.53237075
,1-butyl-3-methylimidazolium hexafluorophosphate,CCCCn1cc[n+](C)c1.F[P-](F)(F)(F)(F)F,[C4MIm][PF6],n-propylbenzene,CCCc1ccccc1,aromatic,n-tetradecane,CCCCCCCCCCCCCC,alkane,0.728,0.262,0.01,0.0,0.452,0.548,101.325,0.625,225,313.0,0.83772653,0.14785074,0.014422784,0.0029701572,0.4951624,0.5018675
,1-butyl-3-methylimidazolium hexafluorophosphate,CCCCn1cc[n+](C)c1.F[P-](F)(F)(F)(F)F,[C4MIm][PF6],n-propylbenzene,CCCc1ccccc1,aromatic,n-tetradecane,CCCCCCCCCCCCCC,alkane,0.695,0.295,0.01,0.0,0.49,0.51,101.325,0.75,225,313.0,0.8076913,0.17532074,0.01698803,0.0036600095,0.5222743,0.4740657
,1-butyl-3-methylimidazolium hexafluorophosphate,CCCCn1cc[n+](C)c1.F[P-](F)(F)(F)(F)F,[C4MIm][PF6],n-propylbenzene,CCCc1ccccc1,aromatic,n-tetradecane,CCCCCCCCCCCCCC,alkane,0.66300005,0.32600003,0.011000001,0.0,0.522,0.478,101.325,0.875,225,313.0,0.7689258,0.21049006,0.020584164,0.0049058823,0.553268,0.44182613
,1-butyl-3-methylimidazolium hexafluorophosphate,CCCCn1cc[n+](C)c1.F[P-](F)(F)(F)(F)F,[C4MIm][PF6],n-propylbenzene,CCCc1ccccc1,aromatic,n-tetradecane,CCCCCCCCCCCCCC,alkane,0.63000005,0.35900003,0.011000001,0.0,0.549,0.451,101.325,1.0,225,313.0,0.7375782,0.23931248,0.023109289,0.0052179853,0.58199376,0.4127882
,1-hexyl-3-methylimidazolium hexafluorophosphate,CCCCCCn1cc[n+](C)c1.F[P-](F)(F)(F)(F)F,[C6MIm][PF6],benzene,c1ccccc1,aromatic,n-dodecane,CCCCCCCCCCCC,alkane,0.3308,0.6603,0.0089,0.0038000003,0.94280005,0.053400002,101.325,0.0,230,298.2,0.70703065,0.2626306,0.030338783,0.006142971,0.37688032,0.61697674
,1-hexyl-3-methylimidazolium hexafluorophosphate,CCCCCCn1cc[n+](C)c1.F[P-](F)(F)(F)(F)F,[C6MIm][PF6],benzene,c1ccccc1,aromatic,n-dodecane,CCCCCCCCCCCC,alkane,0.35970002,0.63060004,0.009700001,0.0032,0.8279,0.1689,101.325,0.16666667,230,298.2,0.6551534,0.3094345,0.03541206,0.006965405,0.42248008,0.57055455
,1-hexyl-3-methylimidazolium hexafluorophosphate,CCCCCCn1cc[n+](C)c1.F[P-](F)(F)(F)(F)F,[C6MIm][PF6],benzene,c1ccccc1,aromatic,n-dodecane,CCCCCCCCCCCC,alkane,0.4309,0.559,0.0101,0.0028,0.7446,0.2526,101.325,0.33333334,230,298.2,0.60442185,0.3554085,0.040169667,0.007636546,0.46539924,0.5269642
,1-hexyl-3-methylimidazolium hexafluorophosphate,CCCCCCn1cc[n+](C)c1.F[P-](F)(F)(F)(F)F,[C6MIm][PF6],benzene,c1ccccc1,aromatic,n-dodecane,CCCCCCCCCCCC,alkane,0.492,0.4912,0.0168,0.0024,0.6562,0.3414,101.325,0.5,230,298.2,0.55138993,0.4035464,0.045063723,0.008303955,0.50863475,0.4830613
,1-hexyl-3-methylimidazolium hexafluorophosphate,CCCCCCn1cc[n+](C)c1.F[P-](F)(F)(F)(F)F,[C6MIm][PF6],benzene,c1ccccc1,aromatic,n-dodecane,CCCCCCCCCCCC,alkane,0.6448,0.3274,0.0278,0.0021,0.4602,0.5377,101.325,0.6666667,230,298.2,0.49781874,0.45225006,0.04993117,0.00892436,0.55131775,0.43975788
,1-hexyl-3-methylimidazolium hexafluorophosphate,CCCCCCn1cc[n+](C)c1.F[P-](F)(F)(F)(F)F,[C6MIm][PF6],benzene,c1ccccc1,aromatic,n-dodecane,CCCCCCCCCCCC,alkane,0.8299,0.1275,0.0426,0.0018,0.2536,0.7446,101.325,0.8333333,230,298.2,0.44403416,0.5012523,0.05471355,0.0095344875,0.5931055,0.39736
,1-hexyl-3-methylimidazolium hexafluorophosphate,CCCCCCn1cc[n+](C)c1.F[P-](F)(F)(F)(F)F,[C6MIm][PF6],benzene,c1ccccc1,aromatic,n-dodecane,CCCCCCCCCCCC,alkane,0.8912,0.059,0.0498,0.001,0.1451,0.8539,101.325,1.0,230,298.2,0.39170614,0.5490406,0.059253212,0.010114375,0.6330359,0.3568497
,1-ethyl-3-methylimidazolium methylsulfate,CCn1cc[n+](C)c1.COS(=O)(=O)[O-],[C2MIm][MeSO4],toluene,Cc1ccccc1,aromatic,n-heptane,CCCCCCC,alkane,0.97400004,0.024000002,0.0020000003,0.0,0.127,0.873,101.325,0.0,241,298.15,0.9673258,0.03099323,0.0016809225,0.0011000665,0.32202575,0.6768742
,1-ethyl-3-methylimidazolium methylsulfate,CCn1cc[n+](C)c1.COS(=O)(=O)[O-],[C2MIm][MeSO4],toluene,Cc1ccccc1,aromatic,n-heptane,CCCCCCC,alkane,0.963,0.036,0.001,0.0,0.205,0.795,101.325,0.125,241,298.15,0.96104026,0.036992226,0.0019675477,0.0012136954,0.35273123,0.6460551
,1-ethyl-3-methylimidazolium methylsulfate,CCn1cc[n+](C)c1.COS(=O)(=O)[O-],[C2MIm][MeSO4],toluene,Cc1ccccc1,aromatic,n-heptane,CCCCCCC,alkane,0.952,0.047,0.001,0.0,0.271,0.729,101.325,0.25,241,298.15,0.95357156,0.044122618,0.0023059007,0.0013350188,0.3842757,0.61438924
,1-ethyl-3-methylimidazolium methylsulfate,CCn1cc[n+](C)c1.COS(=O)(=O)[O-],[C2MIm][MeSO4],toluene,Cc1ccccc1,aromatic,n-heptane,CCCCCCC,alkane,0.938,0.061,0.001,0.0,0.344,0.656,101.325,0.375,241,298.15,0.944916,0.052393552,0.0026904766,0.001446666,0.41568866,0.5828647
,1-ethyl-3-methylimidazolium methylsulfate,CCn1cc[n+](C)c1.COS(=O)(=O)[O-],[C2MIm][MeSO4],toluene,Cc1ccccc1,aromatic,n-heptane,CCCCCCC,alkane,0.926,0.074,0.0,0.0,0.432,0.568,101.325,0.5,241,298.15,0.9350895,0.06178827,0.003122152,0.0015407231,0.44661275,0.55184656
,1-ethyl-3-methylimidazolium methylsulfate,CCn1cc[n+](C)c1.COS(=O)(=O)[O-],[C2MIm][MeSO4],toluene,Cc1ccccc1,aromatic,n-heptane,CCCCCCC,alkane,0.915,0.085,0.0,0.0,0.531,0.469,101.325,0.625,241,298.15,0.9230015,0.07335725,0.0036412491,0.001672057,0.48037302,0.51795495
,1-ethyl-3-methylimidazolium methylsulfate,CCn1cc[n+](C)c1.COS(=O)(=O)[O-],[C2MIm][MeSO4],toluene,Cc1ccccc1,aromatic,n-heptane,CCCCCCC,alkane,0.895,0.105,0.0,0.0,0.642,0.358,101.325,0.75,241,298.15,0.9080701,0.08764982,0.004280127,0.0018718551,0.51546466,0.48266348
,1-ethyl-3-methylimidazolium methylsulfate,CCn1cc[n+](C)c1.COS(=O)(=O)[O-],[C2MIm][MeSO4],toluene,Cc1ccccc1,aromatic,n-heptane,CCCCCCC,alkane,0.878,0.122,0.0,0.0,0.727,0.273,101.325,0.875,241,298.15,0.8915786,0.10345521,0.0049663,0.0020124468,0.5491392,0.44884837
,1-ethyl-3-methylimidazolium methylsulfate,CCn1cc[n+](C)c1.COS(=O)(=O)[O-],[C2MIm][MeSO4],toluene,Cc1ccccc1,aromatic,n-heptane,CCCCCCC,alkane,0.874,0.126,0.0,0.0,0.814,0.186,101.325,1.0,241,298.15,0.8725074,0.1217469,0.005745627,0.0021529475,0.5822896,0.4155575
,1-butyl-3-methylimidazolium methylsulfate,CCCCn1cc[n+](C)c1.COS(=O)(=O)[O-],[C4MIm][MeSO4],benzene,c1ccccc1,aromatic,n-nonane,CCCCCCCCC,alkane,0.963,0.034,0.003,0.0,0.051,0.949,101.325,0.0,251,298.15,0.9035085,0.09081909,0.0056724823,0.0021924821,0.1823629,0.81544465
,1-butyl-3-methylimidazolium methylsulfate,CCCCn1cc[n+](C)c1.COS(=O)(=O)[O-],[C4MIm][MeSO4],benzene,c1ccccc1,aromatic,n-nonane,CCCCCCCCC,alkane,0.925,0.072,0.003,0.0,0.11,0.89,101.325,0.11111111,251,298.15,0.89007,0.10356217,0.006367859,0.002361713,0.2005212,0.79711705
,1-butyl-3-methylimidazolium methylsulfate,CCCCn1cc[n+](C)c1.COS(=O)(=O)[O-],[C4MIm][MeSO4],benzene,c1ccccc1,aromatic,n-nonane,CCCCCCCCC,alkane,0.887,0.11,0.003,0.0,0.172,0.828,101.325,0.22222222,251,298.15,0.8735339,0.11923006,0.007236054,0.0026148388,0.22228889,0.77509624
,1-butyl-3-methylimidazolium methylsulfate,CCCCn1cc[n+](C)c1.COS(=O)(=O)[O-],[C4MIm][MeSO4],benzene,c1ccccc1,aromatic,n-nonane,CCCCCCCCC,alkane,0.855,0.142,0.003,0.0,0.222,0.778,101.325,0.33333334,251,298.15,0.85489106,0.13690798,0.008200968,0.002887303,0.2456746,0.75143814
,1-butyl-3-methylimidazolium methylsulfate,CCCCn1cc[n+](C)c1.COS(=O)(=O)[O-],[C4MIm][MeSO4],benzene,c1ccccc1,aromatic,n-nonane,CCCCCCCCC,alkane,0.825,0.172,0.003,0.0,0.277,0.723,101.325,0.44444445,251,298.15,0.830443,0.1599512,0.00960584,0.00349022,0.27641836,0.7200914
,1-butyl-3-methylimidazolium methylsulfate,CCCCn1cc[n+](C)c1.COS(=O)(=O)[O-],[C4MIm][MeSO4],benzene,c1ccccc1,aromatic,n-nonane,CCCCCCCCC,alkane,0.795,0.202,0.003,0.0,0.327,0.673,101.325,0.5555556,251,298.15,0.8069916,0.18220407,0.010804282,0.0038224694,0.3032039,0.69297355
,1-butyl-3-methylimidazolium methylsulfate,CCCCn1cc[n+](C)c1.COS(=O)(=O)[O-],[C4MIm][MeSO4],benzene,c1ccccc1,aromatic,n-nonane,CCCCCCCCC,alkane,0.73,0.267,0.003,0.0,0.448,0.552,101.325,0.6666667,251,298.15,0.7811952,0.20669758,0.012107144,0.004169276,0.3313187,0.664512
,1-butyl-3-methylimidazolium methylsulfate,CCCCn1cc[n+](C)c1.COS(=O)(=O)[O-],[C4MIm][MeSO4],benzene,c1ccccc1,aromatic,n-nonane,CCCCCCCCC,alkane,0.668,0.329,0.003,0.0,0.572,0.428,101.325,0.7777778,251,298.15,0.7529823,0.23350744,0.013510256,0.00453078,0.36072376,0.6347455
,1-butyl-3-methylimidazolium methylsulfate,CCCCn1cc[n+](C)c1.COS(=O)(=O)[O-],[C4MIm][MeSO4],benzene,c1ccccc1,aromatic,n-nonane,CCCCCCCCC,alkane,0.605,0.392,0.003,0.0,0.71,0.29,101.325,0.8888889,251,298.15,0.72466594,0.2604485,0.014885579,0.0049494794,0.385779,0.6092715
,1-butyl-3-methylimidazolium methylsulfate,CCCCn1cc[n+](C)c1.COS(=O)(=O)[O-],[C4MIm][MeSO4],benzene,c1ccccc1,aromatic,n-nonane,CCCCCCCCC,alkane,0.547,0.451,0.002,0.0,0.837,0.163,101.325,1.0,251,298.15,0.6920628,0.29147744,0.016459787,0.0053355074,0.41681644,0.5778481
,1-ethyl-3-methylimidazolium ethylsulfate,CCOS(=O)(=O)[O-].CCn1cc[n+](C)c1,[C2MIm][EtSO4],benzene,c1ccccc1,aromatic,n-octane,CCCCCCCC,alkane,0.964,0.033,0.003,0.0,0.066,0.934,101.325,0.0,273,298.15,0.91875166,0.07705344,0.0041948943,0.0018230568,0.18784414,0.8103329
,1-ethyl-3-methylimidazolium ethylsulfate,CCOS(=O)(=O)[O-].CCn1cc[n+](C)c1,[C2MIm][EtSO4],benzene,c1ccccc1,aromatic,n-octane,CCCCCCCC,alkane,0.937,0.06,0.003,0.0,0.116,0.884,101.325,0.125,273,298.15,0.9080068,0.08735006,0.004643174,0.0018537549,0.20466435,0.7934819
,1-ethyl-3-methylimidazolium ethylsulfate,CCOS(=O)(=O)[O-].CCn1cc[n+](C)c1,[C2MIm][EtSO4],benzene,c1ccccc1,aromatic,n-octane,CCCCCCCC,alkane,0.907,0.09,0.003,0.0,0.175,0.825,101.325,0.25,273,298.15,0.8916991,0.10291353,0.005387486,0.0020813984,0.22969793,0.76822066
,1-ethyl-3-methylimidazolium ethylsulfate,CCOS(=O)(=O)[O-].CCn1cc[n+](C)c1,[C2MIm][EtSO4],benzene,c1ccccc1,aromatic,n-octane,CCCCCCCC,alkane,0.889,0.109,0.002,0.0,0.235,0.765,101.325,0.375,273,298.15,0.86778045,0.12567337,0.006546132,0.0024751844,0.26910397,0.72842085
,1-ethyl-3-methylimidazolium ethylsulfate,CCOS(=O)(=O)[O-].CCn1cc[n+](C)c1,[C2MIm][EtSO4],benzene,c1ccccc1,aromatic,n-octane,CCCCCCCC,alkane,0.824,0.173,0.003,0.0,0.345,0.655,101.325,0.5,273,298.15,0.8455397,0.14692566,0.0075346497,0.0027490007,0.29925644,0.6979946
,1-ethyl-3-methylimidazolium ethylsulfate,CCOS(=O)(=O)[O-].CCn1cc[n+](C)c1,[C2MIm][EtSO4],benzene,c1ccccc1,aromatic,n-octane,CCCCCCCC,alkane,0.768,0.229,0.003,0.0,0.473,0.527,101.325,0.625,273,298.15,0.8203371,0.17102213,0.008640754,0.0030392897,0.33119047,0.66577023
,1-ethyl-3-methylimidazolium ethylsulfate,CCOS(=O)(=O)[O-].CCn1cc[n+](C)c1,[C2MIm][EtSO4],benzene,c1ccccc1,aromatic,n-octane,CCCCCCCC,alkane,0.72,0.277,0.003,0.0,0.591,0.409,101.325,0.75,273,298.15,0.7892406,0.20076518,0.009994201,0.0035664905,0.36440894,0.6320246
,1-ethyl-3-methylimidazolium ethylsulfate,CCOS(=O)(=O)[O-].CCn1cc[n+](C)c1,[C2MIm][EtSO4],benzene,c1ccccc1,aromatic,n-octane,CCCCCCCC,alkane,0.667,0.331,0.002,0.0,0.725,0.275,101.325,0.875,273,298.15,0.75762,0.23104165,0.011338357,0.003900786,0.39916024,0.59693897
,1-ethyl-3-methylimidazolium ethylsulfate,CCOS(=O)(=O)[O-].CCn1cc[n+](C)c1,[C2MIm][EtSO4],benzene,c1ccccc1,aromatic,n-octane,CCCCCCCC,alkane,0.61200005,0.38700002,0.0010000002,0.0,0.861,0.139,101.325,1.0,273,298.15,0.7229472,0.2642714,0.012781358,0.0042425776,0.4349132,0.5608442
,1-ethyl-3-methylimidazolium ethylsulfate,CCOS(=O)(=O)[O-].CCn1cc[n+](C)c1,[C2MIm][EtSO4],benzene,c1ccccc1,aromatic,n-nonane,CCCCCCCCC,alkane,0.97,0.028,0.002,0.0,0.052,0.948,101.325,0.0,274,298.15,0.91847366,0.07738058,0.004145752,0.0018267733,0.1879656,0.81020766
,1-ethyl-3-methylimidazolium ethylsulfate,CCOS(=O)(=O)[O-].CCn1cc[n+](C)c1,[C2MIm][EtSO4],benzene,c1ccccc1,aromatic,n-nonane,CCCCCCCCC,alkane,0.939,0.059,0.002,0.0,0.115,0.885,101.325,0.125,274,298.15,0.9038592,0.09132631,0.0048145386,0.0020532724,0.211918,0.7860287
,1-ethyl-3-methylimidazolium ethylsulfate,CCOS(=O)(=O)[O-].CCn1cc[n+](C)c1,[C2MIm][EtSO4],benzene,c1ccccc1,aromatic,n-nonane,CCCCCCCCC,alkane,0.90900004,0.08900001,0.0020000003,0.0,0.175,0.825,101.325,0.25,274,298.15,0.8869388,0.107488334,0.0055729104,0.0022952938,0.23844457,0.7592602
,1-ethyl-3-methylimidazolium ethylsulfate,CCOS(=O)(=O)[O-].CCn1cc[n+](C)c1,[C2MIm][EtSO4],benzene,c1ccccc1,aromatic,n-nonane,CCCCCCCCC,alkane,0.88,0.118,0.002,0.0,0.229,0.771,101.325,0.375,274,298.15,0.86743414,0.12612775,0.006438052,0.0025622298,0.26645955,0.7309782
,1-ethyl-3-methylimidazolium ethylsulfate,CCOS(=O)(=O)[O-].CCn1cc[n+](C)c1,[C2MIm][EtSO4],benzene,c1ccccc1,aromatic,n-nonane,CCCCCCCCC,alkane,0.823,0.175,0.002,0.0,0.353,0.647,101.325,0.5,274,298.15,0.84598094,0.14664508,0.0073739747,0.0028334856,0.2931702,0.7039963
,1-ethyl-3-methylimidazolium ethylsulfate,CCOS(=O)(=O)[O-].CCn1cc[n+](C)c1,[C2MIm][EtSO4],benzene,c1ccccc1,aromatic,n-nonane,CCCCCCCCC,alkane,0.767,0.231,0.002,0.0,0.475,0.525,101.325,0.625,274,298.15,0.8233129,0.16832833,0.0083588185,0.003086276,0.3175177,0.679396
,1-ethyl-3-methylimidazolium ethylsulfate,CCOS(=O)(=O)[O-].CCn1cc[n+](C)c1,[C2MIm][EtSO4],benzene,c1ccccc1,aromatic,n-nonane,CCCCCCCCC,alkane,0.72,0.278,0.002,0.0,0.597,0.403,101.325,0.75,274,298.15,0.7953135,0.19514221,0.009544294,0.003401075,0.35055643,0.64604247
,1-ethyl-3-methylimidazolium ethylsulfate,CCOS(=O)(=O)[O-].CCn1cc[n+](C)c1,[C2MIm][EtSO4],benzene,c1ccccc1,aromatic,n-nonane,CCCCCCCCC,alkane,0.667,0.331,0.002,0.0,0.723,0.277,101.325,0.875,274,298.15,0.7641525,0.22500907,0.010838354,0.0037375009,0.38592318,0.6103393
,1-ethyl-3-methylimidazolium ethylsulfate,CCOS(=O)(=O)[O-].CCn1cc[n+](C)c1,[C2MIm][EtSO4],benzene,c1ccccc1,aromatic,n-nonane,CCCCCCCCC,alkane,0.614,0.385,0.001,0.0,0.853,0.147,101.325,1.0,274,298.15,0.72979844,0.25796264,0.012239004,0.0040919054,0.42350206,0.57240605
,1-ethyl-3-methylimidazolium ethylsulfate,CCOS(=O)(=O)[O-].CCn1cc[n+](C)c1,[C2MIm][EtSO4],toluene,Cc1ccccc1,aromatic,n-heptane,CCCCCCC,alkane,0.9967,0.0,0.0033,0.0,0.0,1.0,101.325,0.0,277,313.2,0.96414113,0.033796605,0.0020622362,0.0013626015,0.28976333,0.708874
,1-ethyl-3-methylimidazolium ethylsulfate,CCOS(=O)(=O)[O-].CCn1cc[n+](C)c1,[C2MIm][EtSO4],toluene,Cc1ccccc1,aromatic,n-heptane,CCCCCCC,alkane,0.9866,0.0101,0.0033,0.0,0.043,0.957,101.325,0.09090909,277,313.2,0.95930874,0.038379338,0.0023120109,0.001469078,0.31031835,0.6882125
,1-ethyl-3-methylimidazolium ethylsulfate,CCOS(=O)(=O)[O-].CCn1cc[n+](C)c1,[C2MIm][EtSO4],toluene,Cc1ccccc1,aromatic,n-heptane,CCCCCCC,alkane,0.9746,0.0219,0.0035,0.0,0.085,0.915,101.325,0.18181819,277,313.2,0.95368916,0.0437089,0.0026018533,0.0015909532,0.33398652,0.6644225
,1-ethyl-3-methylimidazolium ethylsulfate,CCOS(=O)(=O)[O-].CCn1cc[n+](C)c1,[C2MIm][EtSO4],toluene,Cc1ccccc1,aromatic,n-heptane,CCCCCCC,alkane,0.9515,0.0449,0.0036,0.0,0.1761,0.8239,101.325,0.27272728,277,313.2,0.9474966,0.049588274,0.0029150997,0.0017081911,0.35624456,0.6420472
,1-ethyl-3-methylimidazolium ethylsulfate,CCOS(=O)(=O)[O-].CCn1cc[n+](C)c1,[C2MIm][EtSO4],toluene,Cc1ccccc1,aromatic,n-heptane,CCCCCCC,alkane,0.9343,0.0628,0.0029,0.0,0.2919,0.7081,101.325,0.36363637,277,313.2,0.9405559,0.05618289,0.0032612314,0.0018284951,0.37903354,0.61913794
,1-ethyl-3-methylimidazolium ethylsulfate,CCOS(=O)(=O)[O-].CCn1cc[n+](C)c1,[C2MIm][EtSO4],toluene,Cc1ccccc1,aromatic,n-heptane,CCCCCCC,alkane,0.9149,0.0827,0.0024,0.0,0.4223,0.5777,101.325,0.45454547,277,313.2,0.93168026,0.06460443,0.0037151792,0.0019936296,0.40697947,0.5910269
,1-ethyl-3-methylimidazolium ethylsulfate,CCOS(=O)(=O)[O-].CCn1cc[n+](C)c1,[C2MIm][EtSO4],toluene,Cc1ccccc1,aromatic,n-heptane,CCCCCCC,alkane,0.8832,0.1142,0.0026,0.0,0.5186,0.4814,101.325,0.54545456,277,313.2,0.9223185,0.07349843,0.0041829976,0.0021399558,0.4330851,0.56477493
,1-ethyl-3-methylimidazolium ethylsulfate,CCOS(=O)(=O)[O-].CCn1cc[n+](C)c1,[C2MIm][EtSO4],toluene,Cc1ccccc1,aromatic,n-heptane,CCCCCCC,alkane,0.8689,0.1285,0.0026,0.0,0.5914,0.4086,101.325,0.6363636,277,313.2,0.9123265,0.083007455,0.004666007,0.0022733419,0.4574198,0.54030687
,1-ethyl-3-methylimidazolium ethylsulfate,CCOS(=O)(=O)[O-].CCn1cc[n+](C)c1,[C2MIm][EtSO4],toluene,Cc1ccccc1,aromatic,n-heptane,CCCCCCC,alkane,0.8644,0.1333,0.0023,0.0,0.6788,0.3212,101.325,0.72727275,277,313.2,0.9030216,0.09188008,0.005098326,0.0024670716,0.46873844,0.5287945
,1-ethyl-3-methylimidazolium ethylsulfate,CCOS(=O)(=O)[O-].CCn1cc[n+](C)c1,[C2MIm][EtSO4],toluene,Cc1ccccc1,aromatic,n-heptane,CCCCCCC,alkane,0.8288,0.1686,0.0026,0.0,0.7869,0.2131,101.325,0.8181818,277,313.2,0.8926484,0.10176048,0.005591095,0.0026068988,0.48600137,0.5113917
,1-ethyl-3-methylimidazolium ethylsulfate,CCOS(=O)(=O)[O-].CCn1cc[n+](C)c1,[C2MIm][EtSO4],toluene,Cc1ccccc1,aromatic,n-heptane,CCCCCCC,alkane,0.8073,0.1908,0.0019,0.0,0.8479,0.1521,101.325,0.90909094,277,313.2,0.87936443,0.11442381,0.006211867,0.0027545856,0.5104905,0.48675492
,1-ethyl-3-methylimidazolium ethylsulfate,CCOS(=O)(=O)[O-].CCn1cc[n+](C)c1,[C2MIm][EtSO4],toluene,Cc1ccccc1,aromatic,n-heptane,CCCCCCC,alkane,0.773,0.227,0.0,0.0,1.0,0.0,101.325,1.0,277,313.2,0.86096185,0.13198708,0.007050971,0.0028183055,0.5513356,0.4458461
,1-ethyl-3-methylimidazolium ethylsulfate,CCOS(=O)(=O)[O-].CCn1cc[n+](C)c1,[C2MIm][EtSO4],toluene,Cc1ccccc1,aromatic,n-heptane,CCCCCCC,alkane,0.9949,0.0,0.0051,0.0066,0.0,0.9934,101.325,0.0,278,313.2,0.9633208,0.03456196,0.0021171905,0.0013752404,0.2998167,0.6988081
,1-ethyl-3-methylimidazolium ethylsulfate,CCOS(=O)(=O)[O-].CCn1cc[n+](C)c1,[C2MIm][EtSO4],toluene,Cc1ccccc1,aromatic,n-heptane,CCCCCCC,alkane,0.982,0.014,0.004,0.009,0.059,0.932,101.325,0.05,278,313.2,0.96087587,0.036887094,0.0022369078,0.0014170969,0.31062666,0.6879562
,1-ethyl-3-methylimidazolium ethylsulfate,CCOS(=O)(=O)[O-].CCn1cc[n+](C)c1,[C2MIm][EtSO4],toluene,Cc1ccccc1,aromatic,n-heptane,CCCCCCC,alkane,0.9721,0.024,0.0039,0.016,0.107,0.877,101.325,0.1,278,313.2,0.95847297,0.03918224,0.002344806,0.0014428725,0.32110408,0.67745304
,1-ethyl-3-methylimidazolium ethylsulfate,CCOS(=O)(=O)[O-].CCn1cc[n+](C)c1,[C2MIm][EtSO4],toluene,Cc1ccccc1,aromatic,n-heptane,CCCCCCC,alkane,0.9602,0.036,0.0038,0.022,0.159,0.819,101.325,0.15,278,313.2,0.95549315,0.042009976,0.002496866,0.0015015099,0.33297867,0.6655198
,1-ethyl-3-methylimidazolium ethylsulfate,CCOS(=O)(=O)[O-].CCn1cc[n+](C)c1,[C2MIm][EtSO4],toluene,Cc1ccccc1,aromatic,n-heptane,CCCCCCC,alkane,0.9493,0.047,0.0037,0.011,0.212,0.777,101.325,0.2,278,313.2,0.9521084,0.045218933,0.0026727007,0.0015745575,0.34585387,0.65257156
,1-ethyl-3-methylimidazolium ethylsulfate,CCOS(=O)(=O)[O-].CCn1cc[n+](C)c1,[C2MIm][EtSO4],toluene,Cc1ccccc1,aromatic,n-heptane,CCCCCCC,alkane,0.9414,0.055,0.0036,0.013,0.26,0.727,101.325,0.25,278,313.2,0.94828707,0.0488359,0.0028771549,0.001662983,0.35970706,0.6386299
,1-ethyl-3-methylimidazolium ethylsulfate,CCOS(=O)(=O)[O-].CCn1cc[n+](C)c1,[C2MIm][EtSO4],toluene,Cc1ccccc1,aromatic,n-heptane,CCCCCCC,alkane,0.9269,0.0695,0.0036,0.0218,0.3131,0.6651,101.325,0.3,278,313.2,0.9446022,0.05233586,0.0030619882,0.0017275474,0.37231869,0.6259538
,1-ethyl-3-methylimidazolium ethylsulfate,CCOS(=O)(=O)[O-].CCn1cc[n+](C)c1,[C2MIm][EtSO4],toluene,Cc1ccccc1,aromatic,n-heptane,CCCCCCC,alkane,0.91080004,0.085300006,0.0039000001,0.032,0.3634,0.6046,101.325,0.35,278,313.2,0.9406669,0.056074705,0.003258316,0.0017929896,0.38513207,0.61307496
,1-ethyl-3-methylimidazolium ethylsulfate,CCOS(=O)(=O)[O-].CCn1cc[n+](C)c1,[C2MIm][EtSO4],toluene,Cc1ccccc1,aromatic,n-heptane,CCCCCCC,alkane,0.89330006,0.102900006,0.0038000003,0.0218,0.4139,0.5643,101.325,0.4,278,313.2,0.9365438,0.059997708,0.0034583816,0.0018575947,0.39839253,0.59974986
,1-ethyl-3-methylimidazolium ethylsulfate,CCOS(=O)(=O)[O-].CCn1cc[n+](C)c1,[C2MIm][EtSO4],toluene,Cc1ccccc1,aromatic,n-heptane,CCCCCCC,alkane,0.9005,0.0964,0.0031,0.0185,0.4705,0.511,101.325,0.45,278,313.2,0.9320779,0.064244255,0.0036778082,0.0019250779,0.41149575,0.5865792
,1-ethyl-3-methylimidazolium ethylsulfate,CCOS(=O)(=O)[O-].CCn1cc[n+](C)c1,[C2MIm][EtSO4],toluene,Cc1ccccc1,aromatic,n-heptane,CCCCCCC,alkane,0.8885,0.1079,0.0036,0.0138,0.5174,0.4688,101.325,0.5,278,313.2,0.9273286,0.06876109,0.003910347,0.001993522,0.42469123,0.5733152
,1-ethyl-3-methylimidazolium ethylsulfate,CCOS(=O)(=O)[O-].CCn1cc[n+](C)c1,[C2MIm][EtSO4],toluene,Cc1ccccc1,aromatic,n-heptane,CCCCCCC,alkane,0.8797,0.1165,0.0038,0.0168,0.5542,0.429,101.325,0.55,278,313.2,0.92239743,0.07345386,0.0041487343,0.002054846,0.43807462,0.5598706
,1-ethyl-3-methylimidazolium ethylsulfate,CCOS(=O)(=O)[O-].CCn1cc[n+](C)c1,[C2MIm][EtSO4],toluene,Cc1ccccc1,aromatic,n-heptane,CCCCCCC,alkane,0.8732,0.1238,0.003,0.0065,0.6446,0.3489,101.325,0.6,278,313.2,0.9169908,0.07859969,0.004409553,0.002125394,0.4515887,0.5462859
,1-ethyl-3-methylimidazolium ethylsulfate,CCOS(=O)(=O)[O-].CCn1cc[n+](C)c1,[C2MIm][EtSO4],toluene,Cc1ccccc1,aromatic,n-heptane,CCCCCCC,alkane,0.8542,0.1429,0.0029,0.0271,0.6664,0.3065,101.325,0.65,278,313.2,0.9113022,0.08401549,0.004682288,0.002195838,0.46502507,0.53277916
,1-ethyl-3-methylimidazolium ethylsulfate,CCOS(=O)(=O)[O-].CCn1cc[n+](C)c1,[C2MIm][EtSO4],toluene,Cc1ccccc1,aromatic,n-heptane,CCCCCCC,alkane,0.8483,0.1492,0.0025,0.0011,0.7396,0.2593,101.325,0.7,278,313.2,0.9059594,0.08912393,0.0049166423,0.0022332703,0.47457698,0.5231898
,1-ethyl-3-methylimidazolium ethylsulfate,CCOS(=O)(=O)[O-].CCn1cc[n+](C)c1,[C2MIm][EtSO4],toluene,Cc1ccccc1,aromatic,n-heptane,CCCCCCC,alkane,0.8331,0.1645,0.0024,0.007,0.7646,0.2284,101.325,0.75,278,313.2,0.8996152,0.09517005,0.0052146185,0.0023037796,0.48806995,0.50962627
,1-ethyl-3-methylimidazolium ethylsulfate,CCOS(=O)(=O)[O-].CCn1cc[n+](C)c1,[C2MIm][EtSO4],toluene,Cc1ccccc1,aromatic,n-heptane,CCCCCCC,alkane,0.8286,0.1692,0.0022,0.0052,0.8179,0.1769,101.325,0.8,278,313.2,0.8928434,0.101625144,0.005531406,0.002375088,0.5015956,0.4960293
,1-ethyl-3-methylimidazolium ethylsulfate,CCOS(=O)(=O)[O-].CCn1cc[n+](C)c1,[C2MIm][EtSO4],toluene,Cc1ccccc1,aromatic,n-heptane,CCCCCCC,alkane,0.8133,0.1849,0.0018,0.0034,0.8646,0.132,101.325,0.85,278,313.2,0.8856596,0.108476155,0.0058643008,0.0024466836,0.51517,0.48238328
,1-ethyl-3-methylimidazolium ethylsulfate,CCOS(=O)(=O)[O-].CCn1cc[n+](C)c1,[C2MIm][EtSO4],toluene,Cc1ccccc1,aromatic,n-heptane,CCCCCCC,alkane,0.8263,0.1724,0.0013,0.0,0.905945,0.09405501,101.325,0.9,278,313.2,0.87807935,0.1157056,0.006215112,0.0025191482,0.52868134,0.46879947
,1-ethyl-3-methylimidazolium ethylsulfate,CCOS(=O)(=O)[O-].CCn1cc[n+](C)c1,[C2MIm][EtSO4],toluene,Cc1ccccc1,aromatic,n-heptane,CCCCCCC,alkane,0.7958,0.2034,0.0008,0.0,0.94927543,0.05072464,101.325,0.95,278,313.2,0.8700209,0.12339528,0.006583761,0.0025922598,0.54221857,0.4551892
,1-ethyl-3-methylimidazolium ethylsulfate,CCOS(=O)(=O)[O-].CCn1cc[n+](C)c1,[C2MIm][EtSO4],toluene,Cc1ccccc1,aromatic,n-heptane,CCCCCCC,alkane,0.821,0.179,0.0,0.0325,0.9675,0.0,101.325,1.0,278,313.2,0.8616049,0.13143048,0.0069645518,0.0026628077,0.5555916,0.4417456
,3-methyl-N-ethylpyridinium ethylsulfate,CCOS(=O)(=O)[O-].CC[n+]1cccc(C)c1,[C2MPy][EtSO4],ethylbenzene,CCc1ccccc1,aromatic,n-hexane,CCCCCC,alkane,0.982,0.01,0.008,0.0,0.082,0.918,101.325,0.0,301,298.15,0.94721746,0.04821346,0.0045691314,0.002206229,0.358543,0.63925076
,3-methyl-N-ethylpyridinium ethylsulfate,CCOS(=O)(=O)[O-].CC[n+]1cccc(C)c1,[C2MPy][EtSO4],ethylbenzene,CCc1ccccc1,aromatic,n-hexane,CCCCCC,alkane,0.976,0.017,0.007,0.0,0.137,0.863,101.325,0.16666667,301,298.15,0.9347133,0.059736997,0.0055497303,0.0024814312,0.39477763,0.6027409
,3-methyl-N-ethylpyridinium ethylsulfate,CCOS(=O)(=O)[O-].CC[n+]1cccc(C)c1,[C2MPy][EtSO4],ethylbenzene,CCc1ccccc1,aromatic,n-hexane,CCCCCC,alkane,0.964,0.029,0.007,0.0,0.197,0.803,101.325,0.33333334,301,298.15,0.91946536,0.073812276,0.006722299,0.0027741734,0.43220717,0.56501865
,3-methyl-N-ethylpyridinium ethylsulfate,CCOS(=O)(=O)[O-].CC[n+]1cccc(C)c1,[C2MPy][EtSO4],ethylbenzene,CCc1ccccc1,aromatic,n-hexane,CCCCCC,alkane,0.95100003,0.043000005,0.0060000005,0.0,0.262,0.738,101.325,0.5,301,298.15,0.9010038,0.09088029,0.008115934,0.0030833273,0.47040024,0.52651644
,3-methyl-N-ethylpyridinium ethylsulfate,CCOS(=O)(=O)[O-].CC[n+]1cccc(C)c1,[C2MPy][EtSO4],ethylbenzene,CCc1ccccc1,aromatic,n-hexane,CCCCCC,alkane,0.937,0.058,0.005,0.0,0.336,0.664,101.325,0.6666667,301,298.15,0.880384,0.1099556,0.009660343,0.0034835043,0.49775255,0.49876395
,3-methyl-N-ethylpyridinium ethylsulfate,CCOS(=O)(=O)[O-].CC[n+]1cccc(C)c1,[C2MPy][EtSO4],ethylbenzene,CCc1ccccc1,aromatic,n-hexane,CCCCCC,alkane,0.899,0.098,0.003,0.0,0.542,0.458,101.325,0.8333333,301,298.15,0.8543609,0.13408756,0.011551594,0.003829984,0.5360944,0.46007562
,3-methyl-N-ethylpyridinium ethylsulfate,CCOS(=O)(=O)[O-].CC[n+]1cccc(C)c1,[C2MPy][EtSO4],ethylbenzene,CCc1ccccc1,aromatic,n-hexane,CCCCCC,alkane,0.882,0.116,0.002,0.0,0.657,0.343,101.325,1.0,301,298.15,0.8234521,0.16280665,0.013741246,0.004154506,0.5773255,0.41851994
,3-methyl-N-ethylpyridinium ethylsulfate,CCOS(=O)(=O)[O-].CC[n+]1cccc(C)c1,[C2MPy][EtSO4],o-xylene,Cc1ccccc1C,aromatic,n-hexane,CCCCCC,alkane,0.972,0.017,0.011,0.0,0.068,0.932,101.325,0.0,302,298.15,0.9446565,0.052080967,0.0032625832,0.002011595,0.3220446,0.67594385
,3-methyl-N-ethylpyridinium ethylsulfate,CCOS(=O)(=O)[O-].CC[n+]1cccc(C)c1,[C2MPy][EtSO4],o-xylene,Cc1ccccc1C,aromatic,n-hexane,CCCCCC,alkane,0.961,0.029,0.01,0.001,0.131,0.868,101.325,0.14285715,302,298.15,0.9332582,0.06287424,0.003867626,0.0022440245,0.35585377,0.6419022
,3-methyl-N-ethylpyridinium ethylsulfate,CCOS(=O)(=O)[O-].CC[n+]1cccc(C)c1,[C2MPy][EtSO4],o-xylene,Cc1ccccc1C,aromatic,n-hexane,CCCCCC,alkane,0.931,0.06,0.009,0.0,0.258,0.742,101.325,0.2857143,302,298.15,0.9196777,0.07574553,0.0045767464,0.0024915724,0.39121094,0.60629743
,3-methyl-N-ethylpyridinium ethylsulfate,CCOS(=O)(=O)[O-].CC[n+]1cccc(C)c1,[C2MPy][EtSO4],o-xylene,Cc1ccccc1C,aromatic,n-hexane,CCCCCC,alkane,0.903,0.089,0.008,0.0,0.389,0.611,101.325,0.42857143,302,298.15,0.9036448,0.09095763,0.0053975615,0.0027480458,0.42771327,0.5695387
,3-methyl-N-ethylpyridinium ethylsulfate,CCOS(=O)(=O)[O-].CC[n+]1cccc(C)c1,[C2MPy][EtSO4],o-xylene,Cc1ccccc1C,aromatic,n-hexane,CCCCCC,alkane,0.878,0.115,0.007,0.0,0.519,0.481,101.325,0.5714286,302,298.15,0.8799818,0.11335936,0.006658809,0.0033808025,0.4679895,0.52862966
,3-methyl-N-ethylpyridinium ethylsulfate,CCOS(=O)(=O)[O-].CC[n+]1cccc(C)c1,[C2MPy][EtSO4],o-xylene,Cc1ccccc1C,aromatic,n-hexane,CCCCCC,alkane,0.854,0.141,0.005,0.0,0.655,0.345,101.325,0.71428573,302,298.15,0.8548188,0.1372198,0.007961433,0.0038903016,0.50681937,0.4892903
,3-methyl-N-ethylpyridinium ethylsulfate,CCOS(=O)(=O)[O-].CC[n+]1cccc(C)c1,[C2MPy][EtSO4],o-xylene,Cc1ccccc1C,aromatic,n-hexane,CCCCCC,alkane,0.823,0.173,0.004,0.0,0.78,0.22,101.325,0.85714287,302,298.15,0.8286911,0.16206414,0.00924477,0.0042070057,0.54389566,0.45189738
,3-methyl-N-ethylpyridinium ethylsulfate,CCOS(=O)(=O)[O-].CC[n+]1cccc(C)c1,[C2MPy][EtSO4],o-xylene,Cc1ccccc1C,aromatic,n-hexane,CCCCCC,alkane,0.805,0.193,0.002,0.0,0.906,0.094,101.325,1.0,302,298.15,0.8013274,0.18816814,0.010504389,0.00418119,0.5836683,0.4121505
,3-methyl-N-ethylpyridinium ethylsulfate,CCOS(=O)(=O)[O-].CC[n+]1cccc(C)c1,[C2MPy][EtSO4],p-xylene,Cc1ccc(C)cc1,aromatic,n-hexane,CCCCCC,alkane,0.969,0.022,0.009,0.0,0.131,0.869,101.325,0.0,304,298.15,0.9425717,0.05402458,0.0034037135,0.0021283827,0.32914945,0.66872215
,3-methyl-N-ethylpyridinium ethylsulfate,CCOS(=O)(=O)[O-].CC[n+]1cccc(C)c1,[C2MPy][EtSO4],p-xylene,Cc1ccc(C)cc1,aromatic,n-hexane,CCCCCC,alkane,0.942,0.049,0.009,0.0,0.261,0.739,101.325,0.16666667,304,298.15,0.92864686,0.06720754,0.0041455994,0.0024130929,0.3691775,0.6284094
,3-methyl-N-ethylpyridinium ethylsulfate,CCOS(=O)(=O)[O-].CC[n+]1cccc(C)c1,[C2MPy][EtSO4],p-xylene,Cc1ccc(C)cc1,aromatic,n-hexane,CCCCCC,alkane,0.919,0.073,0.008,0.0,0.398,0.602,101.325,0.33333334,304,298.15,0.9116317,0.08333387,0.005034398,0.0027151885,0.41119936,0.5860855
,3-methyl-N-ethylpyridinium ethylsulfate,CCOS(=O)(=O)[O-].CC[n+]1cccc(C)c1,[C2MPy][EtSO4],p-xylene,Cc1ccc(C)cc1,aromatic,n-hexane,CCCCCC,alkane,0.9,0.093,0.007,0.0,0.505,0.495,101.325,0.5,304,298.15,0.89173126,0.102219336,0.00604941,0.0030107857,0.4531953,0.54379386
,3-methyl-N-ethylpyridinium ethylsulfate,CCOS(=O)(=O)[O-].CC[n+]1cccc(C)c1,[C2MPy][EtSO4],p-xylene,Cc1ccc(C)cc1,aromatic,n-hexane,CCCCCC,alkane,0.879,0.115,0.006,0.0,0.65,0.35,101.325,0.6666667,304,298.15,0.86763406,0.12511353,0.007252441,0.0033213545,0.49637187,0.5003067
,3-methyl-N-ethylpyridinium ethylsulfate,CCOS(=O)(=O)[O-].CC[n+]1cccc(C)c1,[C2MPy][EtSO4],p-xylene,Cc1ccc(C)cc1,aromatic,n-hexane,CCCCCC,alkane,0.855,0.14,0.005,0.0,0.784,0.216,101.325,0.8333333,304,298.15,0.83853245,0.15278593,0.008681605,0.003650511,0.5402643,0.45608518
,3-methyl-N-ethylpyridinium ethylsulfate,CCOS(=O)(=O)[O-].CC[n+]1cccc(C)c1,[C2MPy][EtSO4],p-xylene,Cc1ccc(C)cc1,aromatic,n-hexane,CCCCCC,alkane,0.833,0.165,0.002,0.0,0.92,0.08,101.325,1.0,304,298.15,0.8052253,0.1845091,0.010265629,0.0039553596,0.58234274,0.41370186
,1-butyl-3-methylimidazolium methylsulfate,CCCCn1cc[n+](C)c1.COS(=O)(=O)[O-],[C4MIm][MeSO4],toluene,Cc1ccccc1,aromatic,cyclohexene,C1=CCCCC1,alkene,0.88600004,0.053000003,0.061000004,0.0,0.131,0.869,101.325,0.0,322,298.15,0.93096995,0.05267736,0.016352748,0.0042555607,0.3807707,0.6149737
,1-butyl-3-methylimidazolium methylsulfate,CCCCn1cc[n+](C)c1.COS(=O)(=O)[O-],[C4MIm][MeSO4],toluene,Cc1ccccc1,aromatic,cyclohexene,C1=CCCCC1,alkene,0.875,0.071,0.054,0.0,0.189,0.811,101.325,0.125,322,298.15,0.9203842,0.060905457,0.018710418,0.0046010856,0.399026,0.59637296
,1-butyl-3-methylimidazolium methylsulfate,CCCCn1cc[n+](C)c1.COS(=O)(=O)[O-],[C4MIm][MeSO4],toluene,Cc1ccccc1,aromatic,cyclohexene,C1=CCCCC1,alkene,0.85800004,0.09000001,0.052000005,0.0,0.243,0.757,101.325,0.25,322,298.15,0.90832114,0.070307106,0.021371813,0.0049631507,0.41754735,0.5774895
,1-butyl-3-methylimidazolium methylsulfate,CCCCn1cc[n+](C)c1.COS(=O)(=O)[O-],[C4MIm][MeSO4],toluene,Cc1ccccc1,aromatic,cyclohexene,C1=CCCCC1,alkene,0.842,0.11,0.048,0.0,0.312,0.688,101.325,0.375,322,298.15,0.896017,0.07994676,0.024036273,0.0052839727,0.43070433,0.5640117
,1-butyl-3-methylimidazolium methylsulfate,CCCCn1cc[n+](C)c1.COS(=O)(=O)[O-],[C4MIm][MeSO4],toluene,Cc1ccccc1,aromatic,cyclohexene,C1=CCCCC1,alkene,0.828,0.127,0.045,0.0,0.37162837,0.6283716,101.325,0.5,322,298.15,0.8806818,0.091957964,0.027360208,0.005685531,0.449501,0.5448135
,1-butyl-3-methylimidazolium methylsulfate,CCCCn1cc[n+](C)c1.COS(=O)(=O)[O-],[C4MIm][MeSO4],toluene,Cc1ccccc1,aromatic,cyclohexene,C1=CCCCC1,alkene,0.80300003,0.15900001,0.038000003,0.0,0.493,0.507,101.325,0.625,322,298.15,0.8634721,0.10547432,0.031053603,0.0061052814,0.46839204,0.5255027
,1-butyl-3-methylimidazolium methylsulfate,CCCCn1cc[n+](C)c1.COS(=O)(=O)[O-],[C4MIm][MeSO4],toluene,Cc1ccccc1,aromatic,cyclohexene,C1=CCCCC1,alkene,0.774,0.195,0.031,0.0,0.627,0.373,101.325,0.75,322,298.15,0.8443744,0.120524235,0.035101365,0.006527999,0.48711935,0.5063526
,1-butyl-3-methylimidazolium methylsulfate,CCCCn1cc[n+](C)c1.COS(=O)(=O)[O-],[C4MIm][MeSO4],toluene,Cc1ccccc1,aromatic,cyclohexene,C1=CCCCC1,alkene,0.752,0.22,0.028,0.0,0.707,0.293,101.325,0.875,322,298.15,0.8229158,0.13746451,0.039619647,0.006986774,0.5060076,0.4870056
,1-butyl-3-methylimidazolium methylsulfate,CCCCn1cc[n+](C)c1.COS(=O)(=O)[O-],[C4MIm][MeSO4],toluene,Cc1ccccc1,aromatic,cyclohexene,C1=CCCCC1,alkene,0.714,0.272,0.014,0.0,0.885,0.115,101.325,1.0,322,298.15,0.797312,0.1576644,0.04502356,0.0076144794,0.5271743,0.4652112
,1-butyl-3-methylimidazolium bis(trifluoromethylsulfonyl)imide,CCCCn1cc[n+](C)c1.O=S(=O)([N-]S(=O)(=O)C(F)(F)F)C(F)(F)F,[C4MIm][NTf2],benzene,c1ccccc1,aromatic,methylcyclohexane,CC1CCCCC1,cycloalkane,0.87,0.0,0.13,0.0,0.0,1.0,101.325,0.0,326,298.15,0.63185436,0.3456695,0.022476211,0.006711127,0.3227853,0.6705036
,1-butyl-3-methylimidazolium bis(trifluoromethylsulfonyl)imide,CCCCn1cc[n+](C)c1.O=S(=O)([N-]S(=O)(=O)C(F)(F)F)C(F)(F)F,[C4MIm][NTf2],benzene,c1ccccc1,aromatic,methylcyclohexane,CC1CCCCC1,cycloalkane,0.807,0.078,0.115,0.0,0.039,0.961,101.325,0.09090909,326,298.15,0.6024015,0.3734874,0.024111126,0.007165163,0.34694317,0.6458916
,1-butyl-3-methylimidazolium bis(trifluoromethylsulfonyl)imide,CCCCn1cc[n+](C)c1.O=S(=O)([N-]S(=O)(=O)C(F)(F)F)C(F)(F)F,[C4MIm][NTf2],benzene,c1ccccc1,aromatic,methylcyclohexane,CC1CCCCC1,cycloalkane,0.739,0.155,0.106,0.0,0.092,0.908,101.325,0.18181819,326,298.15,0.5721691,0.40207598,0.025754903,0.0076126293,0.37212178,0.62026554
,1-butyl-3-methylimidazolium bis(trifluoromethylsulfonyl)imide,CCCCn1cc[n+](C)c1.O=S(=O)([N-]S(=O)(=O)C(F)(F)F)C(F)(F)F,[C4MIm][NTf2],benzene,c1ccccc1,aromatic,methylcyclohexane,CC1CCCCC1,cycloalkane,0.683,0.21,0.107,0.0,0.134,0.866,101.325,0.27272728,326,298.15,0.54131705,0.43127728,0.027405692,0.008050053,0.3981724,0.59377754
,1-butyl-3-methylimidazolium bis(trifluoromethylsulfonyl)imide,CCCCn1cc[n+](C)c1.O=S(=O)([N-]S(=O)(=O)C(F)(F)F)C(F)(F)F,[C4MIm][NTf2],benzene,c1ccccc1,aromatic,methylcyclohexane,CC1CCCCC1,cycloalkane,0.641,0.249,0.11,0.0,0.175,0.825,101.325,0.36363637,326,298.15,0.5104008,0.46054515,0.029054115,0.008514241,0.42419654,0.56728923
,1-butyl-3-methylimidazolium bis(trifluoromethylsulfonyl)imide,CCCCn1cc[n+](C)c1.O=S(=O)([N-]S(=O)(=O)C(F)(F)F)C(F)(F)F,[C4MIm][NTf2],benzene,c1ccccc1,aromatic,methylcyclohexane,CC1CCCCC1,cycloalkane,0.586,0.302,0.112,0.0,0.223,0.777,101.325,0.45454547,326,298.15,0.47831696,0.49095222,0.030730808,0.008966467,0.45178953,0.53924394
,1-butyl-3-methylimidazolium bis(trifluoromethylsulfonyl)imide,CCCCn1cc[n+](C)c1.O=S(=O)([N-]S(=O)(=O)C(F)(F)F)C(F)(F)F,[C4MIm][NTf2],benzene,c1ccccc1,aromatic,methylcyclohexane,CC1CCCCC1,cycloalkane,0.54,0.348,0.112,0.0,0.272,0.728,101.325,0.54545456,326,298.15,0.44535968,0.52222073,0.032419637,0.009395075,0.48078963,0.5098153
,1-butyl-3-methylimidazolium bis(trifluoromethylsulfonyl)imide,CCCCn1cc[n+](C)c1.O=S(=O)([N-]S(=O)(=O)C(F)(F)F)C(F)(F)F,[C4MIm][NTf2],benzene,c1ccccc1,aromatic,methylcyclohexane,CC1CCCCC1,cycloalkane,0.463,0.428,0.109,0.0,0.375,0.625,101.325,0.6363636,326,298.15,0.4122434,0.55328166,0.03447495,0.01083429,0.5057616,0.48340404
,1-butyl-3-methylimidazolium bis(trifluoromethylsulfonyl)imide,CCCCn1cc[n+](C)c1.O=S(=O)([N-]S(=O)(=O)C(F)(F)F)C(F)(F)F,[C4MIm][NTf2],benzene,c1ccccc1,aromatic,methylcyclohexane,CC1CCCCC1,cycloalkane,0.429,0.465,0.106,0.0,0.427,0.573,101.325,0.72727275,326,298.15,0.37894586,0.5838475,0.03720667,0.0139249945,0.52519184,0.46088317
,1-butyl-3-methylimidazolium bis(trifluoromethylsulfonyl)imide,CCCCn1cc[n+](C)c1.O=S(=O)([N-]S(=O)(=O)C(F)(F)F)C(F)(F)F,[C4MIm][NTf2],benzene,c1ccccc1,aromatic,methylcyclohexane,CC1CCCCC1,cycloalkane,0.36,0.546,0.094,0.0,0.543,0.457,101.325,0.8181818,326,298.15,0.3509263,0.6104219,0.038651824,0.014495802,0.5509166,0.43458757
,1-butyl-3-methylimidazolium bis(trifluoromethylsulfonyl)imide,CCCCn1cc[n+](C)c1.O=S(=O)([N-]S(=O)(=O)C(F)(F)F)C(F)(F)F,[C4MIm][NTf2],benzene,c1ccccc1,aromatic,methylcyclohexane,CC1CCCCC1,cycloalkane,0.298,0.625,0.077,0.0,0.68,0.32,101.325,0.90909094,326,298.15,0.32415882,0.6358256,0.040015593,0.015039124,0.5760043,0.4089566
,1-butyl-3-methylimidazolium bis(trifluoromethylsulfonyl)imide,CCCCn1cc[n+](C)c1.O=S(=O)([N-]S(=O)(=O)C(F)(F)F)C(F)(F)F,[C4MIm][NTf2],benzene,c1ccccc1,aromatic,methylcyclohexane,CC1CCCCC1,cycloalkane,0.265,0.686,0.049,0.0,0.817,0.183,101.325,1.0,326,298.15,0.29860532,0.6601025,0.041292224,0.015558585,0.6004864,0.38395497
,1-butyl-3-methylimidazolium methylsulfate,CCCCn1cc[n+](C)c1.COS(=O)(=O)[O-],[C4MIm][MeSO4],benzene,c1ccccc1,aromatic,cyclohexane,C1CCCCC1,cycloalkane,0.926,0.037,0.037,0.0,0.052,0.948,101.325,0.0,365,298.2,0.8735315,0.111293405,0.015175142,0.004892952,0.2518117,0.7432954
,1-butyl-3-methylimidazolium methylsulfate,CCCCn1cc[n+](C)c1.COS(=O)(=O)[O-],[C4MIm][MeSO4],benzene,c1ccccc1,aromatic,cyclohexane,C1CCCCC1,cycloalkane,0.893,0.073,0.034,0.0,0.104,0.896,101.325,0.11111111,365,298.2,0.85627556,0.12665176,0.017072583,0.005322785,0.27322018,0.72145694
,1-butyl-3-methylimidazolium methylsulfate,CCCCn1cc[n+](C)c1.COS(=O)(=O)[O-],[C4MIm][MeSO4],benzene,c1ccccc1,aromatic,cyclohexane,C1CCCCC1,cycloalkane,0.857,0.11,0.033,0.0,0.16,0.84,101.325,0.22222222,365,298.2,0.8373002,0.14357832,0.019121584,0.0057529933,0.2959153,0.6983317
,1-butyl-3-methylimidazolium methylsulfate,CCCCn1cc[n+](C)c1.COS(=O)(=O)[O-],[C4MIm][MeSO4],benzene,c1ccccc1,aromatic,cyclohexane,C1CCCCC1,cycloalkane,0.823,0.145,0.032,0.0,0.216,0.784,101.325,0.33333334,365,298.2,0.8158601,0.16270255,0.021437334,0.0062488983,0.31925324,0.6744979
,1-butyl-3-methylimidazolium methylsulfate,CCCCn1cc[n+](C)c1.COS(=O)(=O)[O-],[C4MIm][MeSO4],benzene,c1ccccc1,aromatic,cyclohexane,C1CCCCC1,cycloalkane,0.79,0.179,0.031,0.0,0.274,0.726,101.325,0.44444445,365,298.2,0.79224676,0.18379751,0.023955684,0.0067686173,0.34352767,0.6497037
,1-butyl-3-methylimidazolium methylsulfate,CCCCn1cc[n+](C)c1.COS(=O)(=O)[O-],[C4MIm][MeSO4],benzene,c1ccccc1,aromatic,cyclohexane,C1CCCCC1,cycloalkane,0.758,0.211,0.031,0.0,0.332,0.668,101.325,0.5555556,365,298.2,0.77451175,0.19997312,0.025515085,0.0058583114,0.3703709,0.6237708
,1-butyl-3-methylimidazolium methylsulfate,CCCCn1cc[n+](C)c1.COS(=O)(=O)[O-],[C4MIm][MeSO4],benzene,c1ccccc1,aromatic,cyclohexane,C1CCCCC1,cycloalkane,0.702,0.269,0.029,0.0,0.45,0.55,101.325,0.6666667,365,298.2,0.7512721,0.22096048,0.027767468,0.0056411233,0.39729688,0.59706205
,1-butyl-3-methylimidazolium methylsulfate,CCCCn1cc[n+](C)c1.COS(=O)(=O)[O-],[C4MIm][MeSO4],benzene,c1ccccc1,aromatic,cyclohexane,C1CCCCC1,cycloalkane,0.646,0.327,0.027,0.0,0.573,0.427,101.325,0.7777778,365,298.2,0.72148055,0.24772708,0.03079235,0.0060611307,0.42418218,0.5697567
,1-butyl-3-methylimidazolium methylsulfate,CCCCn1cc[n+](C)c1.COS(=O)(=O)[O-],[C4MIm][MeSO4],benzene,c1ccccc1,aromatic,cyclohexane,C1CCCCC1,cycloalkane,0.591,0.386,0.023,0.0,0.699,0.301,101.325,0.8888889,365,298.2,0.6897305,0.27630487,0.03396462,0.0064877267,0.4513025,0.54220974
,1-butyl-3-methylimidazolium methylsulfate,CCCCn1cc[n+](C)c1.COS(=O)(=O)[O-],[C4MIm][MeSO4],benzene,c1ccccc1,aromatic,cyclohexane,C1CCCCC1,cycloalkane,0.531,0.453,0.016,0.0,0.839,0.161,101.325,1.0,365,298.2,0.655671,0.3069195,0.037409544,0.007087306,0.47790313,0.5150095
,1-ethyl-3-methylimidazolium ethylsulfate,CCOS(=O)(=O)[O-].CCn1cc[n+](C)c1,[C2MIm][EtSO4],toluene,Cc1ccccc1,aromatic,cyclohexane,C1CCCCC1,cycloalkane,0.95900005,0.016000003,0.025000002,0.0,0.055,0.945,101.325,0.0,376,298.15,0.9599329,0.035041306,0.0050257687,0.0019528391,0.35622692,0.6418202
,1-ethyl-3-methylimidazolium ethylsulfate,CCOS(=O)(=O)[O-].CCn1cc[n+](C)c1,[C2MIm][EtSO4],toluene,Cc1ccccc1,aromatic,cyclohexane,C1CCCCC1,cycloalkane,0.946,0.032,0.022,0.0,0.121,0.879,101.325,0.11111111,376,298.15,0.9535657,0.040679093,0.005755156,0.0021159612,0.3790709,0.6188131
,1-ethyl-3-methylimidazolium ethylsulfate,CCOS(=O)(=O)[O-].CCn1cc[n+](C)c1,[C2MIm][EtSO4],toluene,Cc1ccccc1,aromatic,cyclohexane,C1CCCCC1,cycloalkane,0.931,0.048,0.021,0.0,0.181,0.819,101.325,0.22222222,376,298.15,0.9462196,0.047195144,0.0065853167,0.0022868952,0.402514,0.59519905
,1-ethyl-3-methylimidazolium ethylsulfate,CCOS(=O)(=O)[O-].CCn1cc[n+](C)c1,[C2MIm][EtSO4],toluene,Cc1ccccc1,aromatic,cyclohexane,C1CCCCC1,cycloalkane,0.917,0.063,0.02,0.0,0.244,0.756,101.325,0.33333334,376,298.15,0.9380812,0.05441844,0.0075003705,0.0025146764,0.42645207,0.5710333
,1-ethyl-3-methylimidazolium ethylsulfate,CCOS(=O)(=O)[O-].CCn1cc[n+](C)c1,[C2MIm][EtSO4],toluene,Cc1ccccc1,aromatic,cyclohexane,C1CCCCC1,cycloalkane,0.89,0.093,0.017,0.0,0.372,0.628,101.325,0.44444445,376,298.15,0.9284491,0.0629885,0.00856239,0.0027043857,0.45069712,0.5465985
,1-ethyl-3-methylimidazolium ethylsulfate,CCOS(=O)(=O)[O-].CCn1cc[n+](C)c1,[C2MIm][EtSO4],toluene,Cc1ccccc1,aromatic,cyclohexane,C1CCCCC1,cycloalkane,0.86300004,0.12200001,0.015000001,0.0,0.494,0.506,101.325,0.6666667,376,298.15,0.90521437,0.08370464,0.011080959,0.0030755508,0.49833244,0.498592
,1-ethyl-3-methylimidazolium ethylsulfate,CCOS(=O)(=O)[O-].CCn1cc[n+](C)c1,[C2MIm][EtSO4],toluene,Cc1ccccc1,aromatic,cyclohexane,C1CCCCC1,cycloalkane,0.866,0.119,0.015,0.0,0.49,0.51,101.325,0.5555556,376,298.15,0.9182067,0.072101705,0.009691621,0.002817398,0.47125843,0.5259242
,1-ethyl-3-methylimidazolium ethylsulfate,CCOS(=O)(=O)[O-].CCn1cc[n+](C)c1,[C2MIm][EtSO4],toluene,Cc1ccccc1,aromatic,cyclohexane,C1CCCCC1,cycloalkane,0.839,0.149,0.012,0.0,0.625,0.375,101.325,0.7777778,376,298.15,0.89167714,0.095792584,0.012530335,0.0032203407,0.52026355,0.47651613
,1-ethyl-3-methylimidazolium ethylsulfate,CCOS(=O)(=O)[O-].CCn1cc[n+](C)c1,[C2MIm][EtSO4],toluene,Cc1ccccc1,aromatic,cyclohexane,C1CCCCC1,cycloalkane,0.81,0.18,0.01,0.0,0.756,0.244,101.325,0.8888889,376,298.15,0.8757781,0.11002256,0.014199319,0.0034288154,0.54455227,0.45201895
,1-ethyl-3-methylimidazolium ethylsulfate,CCOS(=O)(=O)[O-].CCn1cc[n+](C)c1,[C2MIm][EtSO4],toluene,Cc1ccccc1,aromatic,cyclohexane,C1CCCCC1,cycloalkane,0.781,0.213,0.006,0.0,0.898,0.102,101.325,1.0,376,298.15,0.85884124,0.12523541,0.015923375,0.0035346544,0.56863576,0.4278296
,1-ethyl-3-methylimidazolium ethylsulfate,CCOS(=O)(=O)[O-].CCn1cc[n+](C)c1,[C2MIm][EtSO4],ethylbenzene,CCc1ccccc1,aromatic,methylcyclohexane,CC1CCCCC1,cycloalkane,0.955,0.022,0.023,0.0,0.143,0.857,101.325,0.0,380,298.15,0.96802986,0.029509543,0.0024606923,0.001140287,0.36100304,0.6378567
,1-ethyl-3-methylimidazolium ethylsulfate,CCOS(=O)(=O)[O-].CCn1cc[n+](C)c1,[C2MIm][EtSO4],ethylbenzene,CCc1ccccc1,aromatic,methylcyclohexane,CC1CCCCC1,cycloalkane,0.941,0.033,0.026,0.0,0.204,0.796,101.325,0.125,380,298.15,0.9621219,0.035008036,0.0028701404,0.0012492153,0.38846713,0.6102836
,1-ethyl-3-methylimidazolium ethylsulfate,CCOS(=O)(=O)[O-].CCn1cc[n+](C)c1,[C2MIm][EtSO4],ethylbenzene,CCc1ccccc1,aromatic,methylcyclohexane,CC1CCCCC1,cycloalkane,0.934,0.041,0.025,0.0,0.271,0.729,101.325,0.375,380,298.15,0.9469105,0.04919395,0.0038956115,0.0014819728,0.4473577,0.5511603
,1-ethyl-3-methylimidazolium ethylsulfate,CCOS(=O)(=O)[O-].CCn1cc[n+](C)c1,[C2MIm][EtSO4],ethylbenzene,CCc1ccccc1,aromatic,methylcyclohexane,CC1CCCCC1,cycloalkane,0.935,0.04,0.025,0.0,0.27,0.73,101.325,0.25,380,298.15,0.9550999,0.041558936,0.0033411644,0.0013540086,0.42220914,0.5764369
,1-ethyl-3-methylimidazolium ethylsulfate,CCOS(=O)(=O)[O-].CCn1cc[n+](C)c1,[C2MIm][EtSO4],ethylbenzene,CCc1ccccc1,aromatic,methylcyclohexane,CC1CCCCC1,cycloalkane,0.92,0.057,0.023,0.0,0.399,0.601,101.325,0.5,380,298.15,0.93718994,0.05828029,0.0045297546,0.0015975558,0.48065016,0.5177523
,1-ethyl-3-methylimidazolium ethylsulfate,CCOS(=O)(=O)[O-].CCn1cc[n+](C)c1,[C2MIm][EtSO4],ethylbenzene,CCc1ccccc1,aromatic,methylcyclohexane,CC1CCCCC1,cycloalkane,0.908,0.073,0.019,0.0,0.537,0.463,101.325,0.625,380,298.15,0.9258923,0.06884626,0.005261516,0.0017259432,0.51017886,0.48809513
,1-ethyl-3-methylimidazolium ethylsulfate,CCOS(=O)(=O)[O-].CCn1cc[n+](C)c1,[C2MIm][EtSO4],ethylbenzene,CCc1ccccc1,aromatic,methylcyclohexane,CC1CCCCC1,cycloalkane,0.897,0.088,0.015,0.0,0.667,0.333,101.325,0.75,380,298.15,0.9120737,0.0817831,0.0061432538,0.0019022578,0.5375058,0.4605919
,1-ethyl-3-methylimidazolium ethylsulfate,CCOS(=O)(=O)[O-].CCn1cc[n+](C)c1,[C2MIm][EtSO4],ethylbenzene,CCc1ccccc1,aromatic,methylcyclohexane,CC1CCCCC1,cycloalkane,0.887,0.103,0.01,0.0,0.801,0.199,101.325,0.875,380,298.15,0.8968193,0.09608091,0.007099865,0.0020402467,0.5664929,0.43146685
,1-ethyl-3-methylimidazolium ethylsulfate,CCOS(=O)(=O)[O-].CCn1cc[n+](C)c1,[C2MIm][EtSO4],ethylbenzene,CCc1ccccc1,aromatic,methylcyclohexane,CC1CCCCC1,cycloalkane,0.87600005,0.12200001,0.0020000003,0.0,0.961,0.039,101.325,1.0,380,298.15,0.87923914,0.11257804,0.008182809,0.0021803868,0.59501153,0.40280813
,1-ethyl-3-methylimidazolium ethylsulfate,CCOS(=O)(=O)[O-].CCn1cc[n+](C)c1,[C2MIm][EtSO4],ethylbenzene,CCc1ccccc1,aromatic,cyclooctane,C1CCCCCCC1,cycloalkane,0.978,0.012,0.01,0.0,0.14,0.86,101.325,0.0,381,298.15,0.96724707,0.026856927,0.0058959867,0.001966272,0.40368116,0.5943526
,1-ethyl-3-methylimidazolium ethylsulfate,CCOS(=O)(=O)[O-].CCn1cc[n+](C)c1,[C2MIm][EtSO4],ethylbenzene,CCc1ccccc1,aromatic,cyclooctane,C1CCCCCCC1,cycloalkane,0.968,0.02,0.012,0.0,0.2,0.8,101.325,0.14285715,381,298.15,0.9606468,0.032363232,0.0069899736,0.0021590174,0.4281249,0.56971604
,1-ethyl-3-methylimidazolium ethylsulfate,CCOS(=O)(=O)[O-].CCn1cc[n+](C)c1,[C2MIm][EtSO4],ethylbenzene,CCc1ccccc1,aromatic,cyclooctane,C1CCCCCCC1,cycloalkane,0.95600003,0.030000001,0.014000001,0.0,0.272,0.728,101.325,0.2857143,381,298.15,0.95274544,0.038971215,0.00828336,0.0023662753,0.45296642,0.54466724
,1-ethyl-3-methylimidazolium ethylsulfate,CCOS(=O)(=O)[O-].CCn1cc[n+](C)c1,[C2MIm][EtSO4],ethylbenzene,CCc1ccccc1,aromatic,cyclooctane,C1CCCCCCC1,cycloalkane,0.94200003,0.044000003,0.014000001,0.0,0.395,0.605,101.325,0.42857143,381,298.15,0.9434111,0.046781458,0.00980736,0.0025938153,0.4754579,0.5219483
,1-ethyl-3-methylimidazolium ethylsulfate,CCOS(=O)(=O)[O-].CCn1cc[n+](C)c1,[C2MIm][EtSO4],ethylbenzene,CCc1ccccc1,aromatic,cyclooctane,C1CCCCCCC1,cycloalkane,0.925,0.062,0.013,0.0,0.525,0.475,101.325,0.5714286,381,298.15,0.9322418,0.05617062,0.011587627,0.002827705,0.50061363,0.4965587
,1-ethyl-3-methylimidazolium ethylsulfate,CCOS(=O)(=O)[O-].CCn1cc[n+](C)c1,[C2MIm][EtSO4],ethylbenzene,CCc1ccccc1,aromatic,cyclooctane,C1CCCCCCC1,cycloalkane,0.91,0.079,0.011,0.0,0.662,0.338,101.325,0.71428573,381,298.15,0.91902184,0.06731647,0.013661753,0.003074448,0.5257732,0.47115237
,1-ethyl-3-methylimidazolium ethylsulfate,CCOS(=O)(=O)[O-].CCn1cc[n+](C)c1,[C2MIm][EtSO4],ethylbenzene,CCc1ccccc1,aromatic,cyclooctane,C1CCCCCCC1,cycloalkane,0.895,0.097,0.008,0.0,0.801,0.199,101.325,0.85714287,381,298.15,0.90439117,0.079863824,0.015744952,0.0032057269,0.5580178,0.4387765
,1-ethyl-3-methylimidazolium ethylsulfate,CCOS(=O)(=O)[O-].CCn1cc[n+](C)c1,[C2MIm][EtSO4],ethylbenzene,CCc1ccccc1,aromatic,cyclooctane,C1CCCCCCC1,cycloalkane,0.879,0.117,0.004,0.0,0.928,0.072,101.325,1.0,381,298.15,0.8873632,0.09440877,0.018227994,0.003358815,0.58612084,0.41052037
,3-methyl-N-ethylpyridinium ethylsulfate,CCOS(=O)(=O)[O-].CC[n+]1cccc(C)c1,[C2MPy][EtSO4],benzene,c1ccccc1,aromatic,cyclohexane,C1CCCCC1,cycloalkane,0.909,0.07,0.021,0.0,0.11,0.89,101.325,0.0,382,298.15,0.8820773,0.105495594,0.0124271475,0.0035383808,0.30303776,0.69342387
,3-methyl-N-ethylpyridinium ethylsulfate,CCOS(=O)(=O)[O-].CC[n+]1cccc(C)c1,[C2MPy][EtSO4],benzene,c1ccccc1,aromatic,cyclohexane,C1CCCCC1,cycloalkane,0.87,0.109,0.021,0.0,0.166,0.834,101.325,0.125,382,298.15,0.8658602,0.1202329,0.013906877,0.004080833,0.31678915,0.67913
,3-methyl-N-ethylpyridinium ethylsulfate,CCOS(=O)(=O)[O-].CC[n+]1cccc(C)c1,[C2MPy][EtSO4],benzene,c1ccccc1,aromatic,cyclohexane,C1CCCCC1,cycloalkane,0.835,0.144,0.021,0.0,0.221,0.779,101.325,0.25,382,298.15,0.8579532,0.12742361,0.014623205,0.0043440214,0.31404454,0.6816115
,3-methyl-N-ethylpyridinium ethylsulfate,CCOS(=O)(=O)[O-].CC[n+]1cccc(C)c1,[C2MPy][EtSO4],benzene,c1ccccc1,aromatic,cyclohexane,C1CCCCC1,cycloalkane,0.804,0.176,0.02,0.0,0.276,0.724,101.325,0.375,382,298.15,0.8360422,0.1472677,0.016690046,0.004759299,0.34130478,0.65393585
,3-methyl-N-ethylpyridinium ethylsulfate,CCOS(=O)(=O)[O-].CC[n+]1cccc(C)c1,[C2MPy][EtSO4],benzene,c1ccccc1,aromatic,cyclohexane,C1CCCCC1,cycloalkane,0.774,0.207,0.019,0.0,0.333,0.667,101.325,0.5,382,298.15,0.811524,0.16950497,0.018971082,0.005193582,0.36954054,0.62526584
,3-methyl-N-ethylpyridinium ethylsulfate,CCOS(=O)(=O)[O-].CC[n+]1cccc(C)c1,[C2MPy][EtSO4],benzene,c1ccccc1,aromatic,cyclohexane,C1CCCCC1,cycloalkane,0.714,0.269,0.017,0.0,0.442,0.558,101.325,0.625,382,298.15,0.78433,0.19420017,0.02146985,0.00564492,0.39861494,0.59574014
,3-methyl-N-ethylpyridinium ethylsulfate,CCOS(=O)(=O)[O-].CC[n+]1cccc(C)c1,[C2MPy][EtSO4],benzene,c1ccccc1,aromatic,cyclohexane,C1CCCCC1,cycloalkane,0.659,0.326,0.015,0.0,0.565,0.435,101.325,0.75,382,298.15,0.75399774,0.22174571,0.024256516,0.0061847824,0.42813516,0.5656801
,3-methyl-N-ethylpyridinium ethylsulfate,CCOS(=O)(=O)[O-].CC[n+]1cccc(C)c1,[C2MPy][EtSO4],benzene,c1ccccc1,aromatic,cyclohexane,C1CCCCC1,cycloalkane,0.6,0.388,0.012,0.0,0.701,0.299,101.325,0.875,382,298.15,0.72145766,0.25137183,0.027170548,0.0066681583,0.45819417,0.5351377
,3-methyl-N-ethylpyridinium ethylsulfate,CCOS(=O)(=O)[O-].CC[n+]1cccc(C)c1,[C2MPy][EtSO4],benzene,c1ccccc1,aromatic,cyclohexane,C1CCCCC1,cycloalkane,0.538,0.453,0.009,0.0,0.84,0.16,101.325,1.0,382,298.15,0.68639266,0.28334275,0.030264655,0.0071599865,0.4885012,0.5043388
no,1-ethylpyridinium ethylsulfate,CCOS(=O)(=O)[O-].CC[n+]1ccccc1,[C2Py][EtSO4],benzene,c1ccccc1,aromatic,cyclooctane,C1CCCCCCC1,cycloalkane,0.95,0.042,0.008,0.0,0.111,0.889,101.325,0.0,393,298.15,0.9292563,0.0632778,0.00746583,0.0026370406,0.25675538,0.74060756
no,1-ethylpyridinium ethylsulfate,CCOS(=O)(=O)[O-].CC[n+]1ccccc1,[C2Py][EtSO4],benzene,c1ccccc1,aromatic,cyclooctane,C1CCCCCCC1,cycloalkane,0.929,0.063,0.008,0.0,0.168,0.832,101.325,0.125,393,298.15,0.9170601,0.074294195,0.008645747,0.002930254,0.28066102,0.7164087
no,1-ethylpyridinium ethylsulfate,CCOS(=O)(=O)[O-].CC[n+]1ccccc1,[C2Py][EtSO4],benzene,c1ccccc1,aromatic,cyclooctane,C1CCCCCCC1,cycloalkane,0.908,0.085,0.007,0.0,0.227,0.773,101.325,0.25,393,298.15,0.90395176,0.0862185,0.009829743,0.003146704,0.30781138,0.6890419
no,1-ethylpyridinium ethylsulfate,CCOS(=O)(=O)[O-].CC[n+]1ccccc1,[C2Py][EtSO4],benzene,c1ccccc1,aromatic,cyclooctane,C1CCCCCCC1,cycloalkane,0.885,0.108,0.007,0.0,0.291,0.709,101.325,0.375,393,298.15,0.88866806,0.100107156,0.011224794,0.0033927425,0.33540586,0.6612014
no,1-ethylpyridinium ethylsulfate,CCOS(=O)(=O)[O-].CC[n+]1ccccc1,[C2Py][EtSO4],benzene,c1ccccc1,aromatic,cyclooctane,C1CCCCCCC1,cycloalkane,0.865,0.128,0.007,0.0,0.346,0.654,101.325,0.5,393,298.15,0.8705115,0.11658896,0.0128996195,0.003713607,0.36319458,0.6330918
no,1-ethylpyridinium ethylsulfate,CCOS(=O)(=O)[O-].CC[n+]1ccccc1,[C2Py][EtSO4],benzene,c1ccccc1,aromatic,cyclooctane,C1CCCCCCC1,cycloalkane,0.82000005,0.17400001,0.0060000005,0.0,0.469,0.531,101.325,0.625,393,298.15,0.8498583,0.13536485,0.01477679,0.0040454194,0.39178452,0.60417
no,1-ethylpyridinium ethylsulfate,CCOS(=O)(=O)[O-].CC[n+]1ccccc1,[C2Py][EtSO4],benzene,c1ccccc1,aromatic,cyclooctane,C1CCCCCCC1,cycloalkane,0.774,0.221,0.005,0.0,0.601,0.399,101.325,0.75,393,298.15,0.82651824,0.15661772,0.016864058,0.0043859077,0.42104045,0.57457364
no,1-ethylpyridinium ethylsulfate,CCOS(=O)(=O)[O-].CC[n+]1ccccc1,[C2Py][EtSO4],benzene,c1ccccc1,aromatic,cyclooctane,C1CCCCCCC1,cycloalkane,0.731,0.265,0.004,0.0,0.73,0.27,101.325,0.875,393,298.15,0.80050254,0.18032731,0.01917012,0.004746406,0.45091915,0.5443344
no,1-ethylpyridinium ethylsulfate,CCOS(=O)(=O)[O-].CC[n+]1ccccc1,[C2Py][EtSO4],benzene,c1ccccc1,aromatic,cyclooctane,C1CCCCCCC1,cycloalkane,0.681,0.316,0.003,0.0,0.863,0.137,101.325,1.0,393,298.15,0.771757,0.20656614,0.021676797,0.0051127095,0.4810216,0.51386565
,1-ethyl-3-methylimidazolium bis(trifluoromethylsulfonyl)imide,CCn1cc[n+](C)c1.O=S(=O)([N-]S(=O)(=O)C(F)(F)F)C(F)(F)F,[C2MIm][NTf2],benzene,c1ccccc1,aromatic,cyclohexane,C1CCCCC1,cycloalkane,0.846,0.095,0.059,0.0,0.078,0.922,101.325,0.0,403,298.2,0.75320536,0.22439575,0.02239889,0.0060427673,0.25997025,0.733987
,1-ethyl-3-methylimidazolium bis(trifluoromethylsulfonyl)imide,CCn1cc[n+](C)c1.O=S(=O)([N-]S(=O)(=O)C(F)(F)F)C(F)(F)F,[C2MIm][NTf2],benzene,c1ccccc1,aromatic,cyclohexane,C1CCCCC1,cycloalkane,0.757,0.185,0.058,0.0,0.157,0.843,101.325,0.2,403,298.2,0.69857633,0.27451262,0.026911058,0.007054794,0.30400077,0.68894446
,1-ethyl-3-methylimidazolium bis(trifluoromethylsulfonyl)imide,CCn1cc[n+](C)c1.O=S(=O)([N-]S(=O)(=O)C(F)(F)F)C(F)(F)F,[C2MIm][NTf2],benzene,c1ccccc1,aromatic,cyclohexane,C1CCCCC1,cycloalkane,0.6843157,0.25874126,0.056943055,0.0,0.243,0.757,101.325,0.4,403,298.2,0.63770384,0.3304583,0.031837903,0.008145417,0.35178804,0.6400665
,1-ethyl-3-methylimidazolium bis(trifluoromethylsulfonyl)imide,CCn1cc[n+](C)c1.O=S(=O)([N-]S(=O)(=O)C(F)(F)F)C(F)(F)F,[C2MIm][NTf2],benzene,c1ccccc1,aromatic,cyclohexane,C1CCCCC1,cycloalkane,0.615,0.331,0.054,0.0,0.332,0.668,101.325,0.6,403,298.2,0.57240355,0.39070836,0.036888167,0.009086585,0.40299103,0.58792245
,1-ethyl-3-methylimidazolium bis(trifluoromethylsulfonyl)imide,CCn1cc[n+](C)c1.O=S(=O)([N-]S(=O)(=O)C(F)(F)F)C(F)(F)F,[C2MIm][NTf2],benzene,c1ccccc1,aromatic,cyclohexane,C1CCCCC1,cycloalkane,0.5495495,0.39639637,0.05405405,0.0,0.417,0.583,101.325,0.8,403,298.2,0.5046736,0.4533075,0.04201891,0.010115344,0.4555831,0.53430164
,1-ethyl-3-methylimidazolium bis(trifluoromethylsulfonyl)imide,CCn1cc[n+](C)c1.O=S(=O)([N-]S(=O)(=O)C(F)(F)F)C(F)(F)F,[C2MIm][NTf2],benzene,c1ccccc1,aromatic,cyclohexane,C1CCCCC1,cycloalkane,0.487,0.459,0.054,0.0,0.518,0.482,101.325,1.0,403,298.2,0.43657574,0.5163403,0.047083933,0.011252368,0.50861144,0.48013616
,1-ethyl-3-methylimidazolium dicyanamide,CCn1cc[n+](C)c1.N#CN=C=[N-],[C2MIm][N(CN)2],ethylbenzene,CCc1ccccc1,aromatic,styrene,C=Cc1ccccc1,aromatic,0.444,0.048,0.508,0.0,0.17,0.83,101.325,0.23529412,405,298.15,0.8003486,0.06632748,0.13332394,0.0105272615,0.5615483,0.42792445
,1-butyl-3-methylimidazolium dicyanamide,CCCCn1cc[n+](C)c1.N#CN=C=[N-],[BMIm][N(CN)2],ethylbenzene,CCc1ccccc1,aromatic,styrene,C=Cc1ccccc1,aromatic,0.674,0.326,0.0,0.0,1.0,0.0,101.325,1.0,405,298.15,0.55772746,0.15631889,0.28595373,0.025958652,0.4922256,0.48181573
,1-butyl-3-methylimidazolium dicyanamide,CCCCn1cc[n+](C)c1.N#CN=C=[N-],[BMIm][N(CN)2],ethylbenzene,CCc1ccccc1,aromatic,styrene,C=Cc1ccccc1,aromatic,0.664,0.319,0.017,0.0,0.975,0.025,101.325,0.9411765,405,298.15,0.5720632,0.15094443,0.27699232,0.02480625,0.49574956,0.47944415
,1-butyl-3-methylimidazolium dicyanamide,CCCCn1cc[n+](C)c1.N#CN=C=[N-],[BMIm][N(CN)2],ethylbenzene,CCc1ccccc1,aromatic,styrene,C=Cc1ccccc1,aromatic,0.64,0.302,0.058,0.0,0.916,0.084,101.325,0.88235295,405,298.15,0.587376,0.14501004,0.267614,0.023187228,0.4991023,0.47771052
,1-butyl-3-methylimidazolium dicyanamide,CCCCn1cc[n+](C)c1.N#CN=C=[N-],[BMIm][N(CN)2],ethylbenzene,CCc1ccccc1,aromatic,styrene,C=Cc1ccccc1,aromatic,0.608,0.277,0.115,0.0,0.822,0.178,101.325,0.8235294,405,298.15,0.6007595,0.14026111,0.25897944,0.02263262,0.502833,0.47453442
,1-butyl-3-methylimidazolium dicyanamide,CCCCn1cc[n+](C)c1.N#CN=C=[N-],[BMIm][N(CN)2],ethylbenzene,CCc1ccccc1,aromatic,styrene,C=Cc1ccccc1,aromatic,0.579,0.253,0.168,0.0,0.743,0.257,101.325,0.7647059,405,298.15,0.6141067,0.13552178,0.25037146,0.02208377,0.5066242,0.47129202
,1-butyl-3-methylimidazolium dicyanamide,CCCCn1cc[n+](C)c1.N#CN=C=[N-],[BMIm][N(CN)2],ethylbenzene,CCc1ccccc1,aromatic,styrene,C=Cc1ccccc1,aromatic,0.549,0.229,0.222,0.0,0.67,0.33,101.325,0.7058824,405,298.15,0.6250531,0.13218746,0.24275945,0.022553196,0.5110341,0.46641275
,1-butyl-3-methylimidazolium dicyanamide,CCCCn1cc[n+](C)c1.N#CN=C=[N-],[BMIm][N(CN)2],ethylbenzene,CCc1ccccc1,aromatic,styrene,C=Cc1ccccc1,aromatic,0.531,0.215,0.254,0.0,0.611,0.389,101.325,0.64705884,405,298.15,0.6380009,0.12757286,0.23442626,0.02200365,0.5147883,0.46320805
,1-butyl-3-methylimidazolium dicyanamide,CCCCn1cc[n+](C)c1.N#CN=C=[N-],[BMIm][N(CN)2],ethylbenzene,CCc1ccccc1,aromatic,styrene,C=Cc1ccccc1,aromatic,0.5,0.187,0.313,0.0,0.513,0.487,101.325,0.5882353,405,298.15,0.6506428,0.123073615,0.22628357,0.021470115,0.51851904,0.46001086
,1-butyl-3-methylimidazolium dicyanamide,CCCCn1cc[n+](C)c1.N#CN=C=[N-],[BMIm][N(CN)2],ethylbenzene,CCc1ccccc1,aromatic,styrene,C=Cc1ccccc1,aromatic,0.47,0.16,0.37,0.0,0.426,0.574,101.325,0.5294118,405,298.15,0.6630813,0.118540466,0.21837832,0.020956405,0.5220156,0.457028
,1-butyl-3-methylimidazolium dicyanamide,CCCCn1cc[n+](C)c1.N#CN=C=[N-],[BMIm][N(CN)2],ethylbenzene,CCc1ccccc1,aromatic,styrene,C=Cc1ccccc1,aromatic,0.437,0.132,0.431,0.0,0.338,0.662,101.325,0.47058824,405,298.15,0.67507994,0.11406968,0.21085039,0.020471022,0.525284,0.454245
,1-butyl-3-methylimidazolium dicyanamide,CCCCn1cc[n+](C)c1.N#CN=C=[N-],[BMIm][N(CN)2],ethylbenzene,CCc1ccccc1,aromatic,styrene,C=Cc1ccccc1,aromatic,0.414,0.108,0.478,0.0,0.282,0.718,101.325,0.4117647,405,298.15,0.687155,0.10978344,0.20306158,0.01996222,0.5289998,0.45103794
,1-butyl-3-methylimidazolium dicyanamide,CCCCn1cc[n+](C)c1.N#CN=C=[N-],[BMIm][N(CN)2],ethylbenzene,CCc1ccccc1,aromatic,styrene,C=Cc1ccccc1,aromatic,0.397,0.091,0.512,0.0,0.232,0.768,101.325,0.3529412,405,298.15,0.6989731,0.105587624,0.19543923,0.019463947,0.532721,0.44781503
,1-butyl-3-methylimidazolium dicyanamide,CCCCn1cc[n+](C)c1.N#CN=C=[N-],[BMIm][N(CN)2],ethylbenzene,CCc1ccccc1,aromatic,styrene,C=Cc1ccccc1,aromatic,0.382,0.075,0.543,0.0,0.194,0.806,101.325,0.29411766,405,298.15,0.7105525,0.10142512,0.1880224,0.018948901,0.53638667,0.4446644
,1-butyl-3-methylimidazolium dicyanamide,CCCCn1cc[n+](C)c1.N#CN=C=[N-],[BMIm][N(CN)2],ethylbenzene,CCc1ccccc1,aromatic,styrene,C=Cc1ccccc1,aromatic,0.364,0.055,0.581,0.0,0.158,0.842,101.325,0.1764706,405,298.15,0.7329606,0.093390614,0.17364872,0.017957343,0.5437266,0.43831605
,1-butyl-3-methylimidazolium dicyanamide,CCCCn1cc[n+](C)c1.N#CN=C=[N-],[BMIm][N(CN)2],ethylbenzene,CCc1ccccc1,aromatic,styrene,C=Cc1ccccc1,aromatic,0.353,0.038,0.609,0.001,0.114,0.885,101.325,0.11764706,405,298.15,0.743704,0.08958231,0.16671374,0.01749964,0.5473997,0.43510064
,1-butyl-3-methylimidazolium dicyanamide,CCCCn1cc[n+](C)c1.N#CN=C=[N-],[BMIm][N(CN)2],ethylbenzene,CCc1ccccc1,aromatic,styrene,C=Cc1ccccc1,aromatic,0.345,0.021,0.634,0.005,0.043,0.952,101.325,0.05882353,405,298.15,0.7536953,0.086268425,0.16003627,0.01726498,0.5512549,0.4314801
,1-butyl-3-methylimidazolium dicyanamide,CCCCn1cc[n+](C)c1.N#CN=C=[N-],[BMIm][N(CN)2],ethylbenzene,CCc1ccccc1,aromatic,styrene,C=Cc1ccccc1,aromatic,0.344,0.01,0.646,0.007,0.021,0.972,101.325,0.0,405,298.15,0.7636228,0.08284933,0.15352786,0.01692702,0.5550056,0.42806736
,1-ethyl-3-methylimidazolium tricyanomethanide,CCn1cc[n+](C)c1.N#CC(=C=[N-])C#N,[C2MIm][C(CN)3],ethylbenzene,CCc1ccccc1,aromatic,styrene,C=Cc1ccccc1,aromatic,0.6,0.4,0.0,0.0,1.0,0.0,101.325,0.0,411,298.15,0.53611887,0.17167492,0.2922062,0.028345307,0.63935524,0.33229947
,1-ethyl-3-methylimidazolium tricyanomethanide,CCn1cc[n+](C)c1.N#CC(=C=[N-])C#N,[C2MIm][C(CN)3],ethylbenzene,CCc1ccccc1,aromatic,styrene,C=Cc1ccccc1,aromatic,0.573,0.394,0.033,0.0,0.956,0.044,101.325,0.1,411,298.15,0.5122288,0.18049163,0.30727962,0.029814104,0.6319102,0.33827567
,1-ethyl-3-methylimidazolium tricyanomethanide,CCn1cc[n+](C)c1.N#CC(=C=[N-])C#N,[C2MIm][C(CN)3],ethylbenzene,CCc1ccccc1,aromatic,styrene,C=Cc1ccccc1,aromatic,0.529,0.37,0.101,0.0,0.876,0.124,101.325,0.2,411,298.15,0.4893306,0.18913807,0.32153136,0.031054564,0.6245113,0.3444341
,1-ethyl-3-methylimidazolium tricyanomethanide,CCn1cc[n+](C)c1.N#CC(=C=[N-])C#N,[C2MIm][C(CN)3],ethylbenzene,CCc1ccccc1,aromatic,styrene,C=Cc1ccccc1,aromatic,0.476,0.336,0.188,0.0,0.775,0.225,101.325,0.3,411,298.15,0.46706465,0.19752476,0.33541065,0.031998467,0.61707866,0.35092288
,1-ethyl-3-methylimidazolium tricyanomethanide,CCn1cc[n+](C)c1.N#CC(=C=[N-])C#N,[C2MIm][C(CN)3],ethylbenzene,CCc1ccccc1,aromatic,styrene,C=Cc1ccccc1,aromatic,0.445,0.311,0.244,0.0,0.708,0.292,101.325,0.4,411,298.15,0.4454474,0.20563082,0.34892175,0.03262143,0.6096366,0.35774198
,1-ethyl-3-methylimidazolium tricyanomethanide,CCn1cc[n+](C)c1.N#CC(=C=[N-])C#N,[C2MIm][C(CN)3],ethylbenzene,CCc1ccccc1,aromatic,styrene,C=Cc1ccccc1,aromatic,0.423,0.29,0.287,0.0,0.655,0.345,101.325,0.5,411,298.15,0.4229232,0.21412441,0.36295238,0.03393714,0.60200286,0.36406
,1-ethyl-3-methylimidazolium tricyanomethanide,CCn1cc[n+](C)c1.N#CC(=C=[N-])C#N,[C2MIm][C(CN)3],ethylbenzene,CCc1ccccc1,aromatic,styrene,C=Cc1ccccc1,aromatic,0.39,0.268,0.342,0.0,0.588,0.412,101.325,0.6,411,298.15,0.4007722,0.22248343,0.37674433,0.035285037,0.59435004,0.37036496
,1-ethyl-3-methylimidazolium tricyanomethanide,CCn1cc[n+](C)c1.N#CC(=C=[N-])C#N,[C2MIm][C(CN)3],ethylbenzene,CCc1ccccc1,aromatic,styrene,C=Cc1ccccc1,aromatic,0.367,0.245,0.388,0.0,0.531,0.469,101.325,0.7,411,298.15,0.37903127,0.23069069,0.39027807,0.036666904,0.5866503,0.37668273
,1-ethyl-3-methylimidazolium tricyanomethanide,CCn1cc[n+](C)c1.N#CC(=C=[N-])C#N,[C2MIm][C(CN)3],ethylbenzene,CCc1ccccc1,aromatic,styrene,C=Cc1ccccc1,aromatic,0.352,0.224,0.424,0.0,0.488,0.512,101.325,0.8,411,298.15,0.3580626,0.23842135,0.40351596,0.03772218,0.5788319,0.38344592
,1-ethyl-3-methylimidazolium tricyanomethanide,CCn1cc[n+](C)c1.N#CC(=C=[N-])C#N,[C2MIm][C(CN)3],ethylbenzene,CCc1ccccc1,aromatic,styrene,C=Cc1ccccc1,aromatic,0.33900002,0.21100001,0.45000002,0.0,0.453,0.547,101.325,0.9,411,298.15,0.33745712,0.24608672,0.41645616,0.03897356,0.5710052,0.39002126
,1-ethyl-3-methylimidazolium tricyanomethanide,CCn1cc[n+](C)c1.N#CC(=C=[N-])C#N,[C2MIm][C(CN)3],ethylbenzene,CCc1ccccc1,aromatic,styrene,C=Cc1ccccc1,aromatic,0.314,0.185,0.501,0.0,0.389,0.611,101.325,1.0,411,298.15,0.3173451,0.25365657,0.42899838,0.040443376,0.56320184,0.39635476
,1-(2-methoxyethyl)-1-methylpyrrolidinium bis(trifluoromethylsulfonyl)imide,COCC[N+]1(C)CCCC1.O=S(=O)([N-]S(=O)(=O)C(F)(F)F)C(F)(F)F,[COC2mPyr][NTf2],thiophene,c1ccsc1,S-compound,n-heptane,CCCCCCC,alkane,0.951,0.0,0.049,0.0,0.0,1.0,101.325,0.0,434,298.15,0.71855557,0.26652366,0.014920776,0.004469674,0.31823975,0.67729056
,1-(2-methoxyethyl)-1-methylpyrrolidinium bis(trifluoromethylsulfonyl)imide,COCC[N+]1(C)CCCC1.O=S(=O)([N-]S(=O)(=O)C(F)(F)F)C(F)(F)F,[COC2mPyr][NTf2],thiophene,c1ccsc1,S-compound,n-heptane,CCCCCCC,alkane,0.88,0.087,0.033,0.0,0.036,0.964,101.325,0.09090909,434,298.15,0.692062,0.29174137,0.016196603,0.0047960994,0.3408777,0.65432614
,1-(2-methoxyethyl)-1-methylpyrrolidinium bis(trifluoromethylsulfonyl)imide,COCC[N+]1(C)CCCC1.O=S(=O)([N-]S(=O)(=O)C(F)(F)F)C(F)(F)F,[COC2mPyr][NTf2],thiophene,c1ccsc1,S-compound,n-heptane,CCCCCCC,alkane,0.744,0.223,0.033,0.0,0.109,0.891,101.325,0.18181819,434,298.15,0.6642589,0.31821755,0.017523615,0.005116127,0.36460423,0.6302797
,1-(2-methoxyethyl)-1-methylpyrrolidinium bis(trifluoromethylsulfonyl)imide,COCC[N+]1(C)CCCC1.O=S(=O)([N-]S(=O)(=O)C(F)(F)F)C(F)(F)F,[COC2mPyr][NTf2],thiophene,c1ccsc1,S-compound,n-heptane,CCCCCCC,alkane,0.596,0.368,0.036,0.0,0.212,0.788,101.325,0.27272728,434,298.15,0.63487,0.3461434,0.0189866,0.0055978703,0.38855338,0.6058488
,1-(2-methoxyethyl)-1-methylpyrrolidinium bis(trifluoromethylsulfonyl)imide,COCC[N+]1(C)CCCC1.O=S(=O)([N-]S(=O)(=O)C(F)(F)F)C(F)(F)F,[COC2mPyr][NTf2],thiophene,c1ccsc1,S-compound,n-heptane,CCCCCCC,alkane,0.555,0.41,0.035,0.0,0.249,0.751,101.325,0.36363637,434,298.15,0.6048599,0.3747042,0.020435872,0.006023812,0.4130968,0.5808794
,1-(2-methoxyethyl)-1-methylpyrrolidinium bis(trifluoromethylsulfonyl)imide,COCC[N+]1(C)CCCC1.O=S(=O)([N-]S(=O)(=O)C(F)(F)F)C(F)(F)F,[COC2mPyr][NTf2],thiophene,c1ccsc1,S-compound,n-heptane,CCCCCCC,alkane,0.43400002,0.53200006,0.034000006,0.0,0.392,0.608,101.325,0.45454547,434,298.15,0.57422596,0.40391773,0.021856286,0.00637119,0.4382993,0.55532944
,1-(2-methoxyethyl)-1-methylpyrrolidinium bis(trifluoromethylsulfonyl)imide,COCC[N+]1(C)CCCC1.O=S(=O)([N-]S(=O)(=O)C(F)(F)F)C(F)(F)F,[COC2mPyr][NTf2],thiophene,c1ccsc1,S-compound,n-heptane,CCCCCCC,alkane,0.371,0.596,0.033,0.0,0.493,0.507,101.325,0.54545456,434,298.15,0.54307747,0.43365163,0.023270907,0.0066840644,0.46429053,0.52902544
,1-(2-methoxyethyl)-1-methylpyrrolidinium bis(trifluoromethylsulfonyl)imide,COCC[N+]1(C)CCCC1.O=S(=O)([N-]S(=O)(=O)C(F)(F)F)C(F)(F)F,[COC2mPyr][NTf2],thiophene,c1ccsc1,S-compound,n-heptane,CCCCCCC,alkane,0.324,0.642,0.034,0.0,0.577,0.423,101.325,0.6363636,434,298.15,0.51163805,0.4636851,0.024676891,0.0069569335,0.49095172,0.5020913
,1-(2-methoxyethyl)-1-methylpyrrolidinium bis(trifluoromethylsulfonyl)imide,COCC[N+]1(C)CCCC1.O=S(=O)([N-]S(=O)(=O)C(F)(F)F)C(F)(F)F,[COC2mPyr][NTf2],thiophene,c1ccsc1,S-compound,n-heptane,CCCCCCC,alkane,0.28,0.687,0.033,0.0,0.677,0.323,101.325,0.72727275,434,298.15,0.48021162,0.49370775,0.026080674,0.00729312,0.51638174,0.47632512
,1-(2-methoxyethyl)-1-methylpyrrolidinium bis(trifluoromethylsulfonyl)imide,COCC[N+]1(C)CCCC1.O=S(=O)([N-]S(=O)(=O)C(F)(F)F)C(F)(F)F,[COC2mPyr][NTf2],thiophene,c1ccsc1,S-compound,n-heptane,CCCCCCC,alkane,0.253,0.716,0.031,0.0,0.756,0.244,101.325,0.8181818,434,298.15,0.4488033,0.52373797,0.027458739,0.007623969,0.5417587,0.45061728
,1-(2-methoxyethyl)-1-methylpyrrolidinium bis(trifluoromethylsulfonyl)imide,COCC[N+]1(C)CCCC1.O=S(=O)([N-]S(=O)(=O)C(F)(F)F)C(F)(F)F,[COC2mPyr][NTf2],thiophene,c1ccsc1,S-compound,n-heptane,CCCCCCC,alkane,0.252,0.717,0.031,0.0,0.762,0.238,101.325,0.90909094,434,298.15,0.4181022,0.5531709,0.028726866,0.007824432,0.5662687,0.4259069
,1-(2-methoxyethyl)-1-methylpyrrolidinium bis(trifluoromethylsulfonyl)imide,COCC[N+]1(C)CCCC1.O=S(=O)([N-]S(=O)(=O)C(F)(F)F)C(F)(F)F,[COC2mPyr][NTf2],thiophene,c1ccsc1,S-compound,n-heptane,CCCCCCC,alkane,0.21,0.764,0.026,0.0,0.861,0.139,101.325,1.0,434,298.15,0.38806105,0.5819244,0.030014606,0.008137188,0.5906602,0.40120265
no,"1-hexyl-3,5-dimethylpyridinium bis(trifluoromethylsulfonyl)imide",CCCCCC[n+]1cc(C)cc(C)c1.O=S(=O)([N-]S(=O)(=O)C(F)(F)F)C(F)(F)F,"[C63,5MMPy][NTf2]",thiophene,c1ccsc1,S-compound,n-hexane,CCCCCC,alkane,0.691,0.112,0.197,0.0,0.032,0.968,101.325,0.0,442,298.15,0.6405159,0.32343727,0.036046818,0.009154501,0.24140854,0.7494369
no,"1-hexyl-3,5-dimethylpyridinium bis(trifluoromethylsulfonyl)imide",CCCCCC[n+]1cc(C)cc(C)c1.O=S(=O)([N-]S(=O)(=O)C(F)(F)F)C(F)(F)F,"[C63,5MMPy][NTf2]",thiophene,c1ccsc1,S-compound,n-hexane,CCCCCC,alkane,0.58000004,0.24300002,0.17700002,0.0,0.079,0.921,101.325,0.1,442,298.15,0.60908204,0.35172388,0.039194036,0.010587929,0.2617192,0.7276929
no,"1-hexyl-3,5-dimethylpyridinium bis(trifluoromethylsulfonyl)imide",CCCCCC[n+]1cc(C)cc(C)c1.O=S(=O)([N-]S(=O)(=O)C(F)(F)F)C(F)(F)F,"[C63,5MMPy][NTf2]",thiophene,c1ccsc1,S-compound,n-hexane,CCCCCC,alkane,0.453,0.399,0.148,0.0,0.173,0.827,101.325,0.2,442,298.15,0.577664,0.38026518,0.042070784,0.011390213,0.2828515,0.7057583
no,"1-hexyl-3,5-dimethylpyridinium bis(trifluoromethylsulfonyl)imide",CCCCCC[n+]1cc(C)cc(C)c1.O=S(=O)([N-]S(=O)(=O)C(F)(F)F)C(F)(F)F,"[C63,5MMPy][NTf2]",thiophene,c1ccsc1,S-compound,n-hexane,CCCCCC,alkane,0.314,0.553,0.133,0.0,0.357,0.643,101.325,0.3,442,298.15,0.5456312,0.40939286,0.044975903,0.012221514,0.30487534,0.6829031
no,"1-hexyl-3,5-dimethylpyridinium bis(trifluoromethylsulfonyl)imide",CCCCCC[n+]1cc(C)cc(C)c1.O=S(=O)([N-]S(=O)(=O)C(F)(F)F)C(F)(F)F,"[C63,5MMPy][NTf2]",thiophene,c1ccsc1,S-compound,n-hexane,CCCCCC,alkane,0.262,0.615,0.123,0.0,0.456,0.544,101.325,0.4,442,298.15,0.5132301,0.43898565,0.047784302,0.012704574,0.32871357,0.6585819
no,"1-hexyl-3,5-dimethylpyridinium bis(trifluoromethylsulfonyl)imide",CCCCCC[n+]1cc(C)cc(C)c1.O=S(=O)([N-]S(=O)(=O)C(F)(F)F)C(F)(F)F,"[C63,5MMPy][NTf2]",thiophene,c1ccsc1,S-compound,n-hexane,CCCCCC,alkane,0.244,0.638,0.118,0.0,0.495,0.505,101.325,0.5,442,298.15,0.48069686,0.46864277,0.05066039,0.0135572525,0.3524413,0.6340014
no,"1-hexyl-3,5-dimethylpyridinium bis(trifluoromethylsulfonyl)imide",CCCCCC[n+]1cc(C)cc(C)c1.O=S(=O)([N-]S(=O)(=O)C(F)(F)F)C(F)(F)F,"[C63,5MMPy][NTf2]",thiophene,c1ccsc1,S-compound,n-hexane,CCCCCC,alkane,0.216,0.674,0.11,0.0,0.598,0.402,101.325,0.6,442,298.15,0.44869533,0.49829164,0.053013116,0.013519979,0.3778195,0.6086605
no,"1-hexyl-3,5-dimethylpyridinium bis(trifluoromethylsulfonyl)imide",CCCCCC[n+]1cc(C)cc(C)c1.O=S(=O)([N-]S(=O)(=O)C(F)(F)F)C(F)(F)F,"[C63,5MMPy][NTf2]",thiophene,c1ccsc1,S-compound,n-hexane,CCCCCC,alkane,0.215,0.68,0.105,0.0,0.637,0.363,101.325,0.7,442,298.15,0.4167662,0.5277141,0.055519726,0.013891274,0.40335196,0.58275676
no,"1-hexyl-3,5-dimethylpyridinium bis(trifluoromethylsulfonyl)imide",CCCCCC[n+]1cc(C)cc(C)c1.O=S(=O)([N-]S(=O)(=O)C(F)(F)F)C(F)(F)F,"[C63,5MMPy][NTf2]",thiophene,c1ccsc1,S-compound,n-hexane,CCCCCC,alkane,0.168,0.746,0.086,0.0,0.78,0.22,101.325,0.8,442,298.15,0.3856674,0.5562066,0.05812593,0.01468633,0.42859823,0.5567154
no,"1-hexyl-3,5-dimethylpyridinium bis(trifluoromethylsulfonyl)imide",CCCCCC[n+]1cc(C)cc(C)c1.O=S(=O)([N-]S(=O)(=O)C(F)(F)F)C(F)(F)F,"[C63,5MMPy][NTf2]",thiophene,c1ccsc1,S-compound,n-hexane,CCCCCC,alkane,0.138,0.805,0.057,0.0,0.887,0.113,101.325,0.9,442,298.15,0.35532194,0.58380544,0.0608726,0.015928885,0.45353723,0.53053385
no,"1-hexyl-3,5-dimethylpyridinium bis(trifluoromethylsulfonyl)imide",CCCCCC[n+]1cc(C)cc(C)c1.O=S(=O)([N-]S(=O)(=O)C(F)(F)F)C(F)(F)F,"[C63,5MMPy][NTf2]",thiophene,c1ccsc1,S-compound,n-hexane,CCCCCC,alkane,0.133,0.828,0.039,0.0,0.931,0.069,101.325,1.0,442,298.15,0.32632956,0.61031127,0.06335917,0.016979028,0.4786763,0.50434464
,1-ethyl-3-methylimidazolium thiocyanate,CCn1cc[n+](C)c1.N#C[S-],[C2MIm][SCN],thiophene,c1ccsc1,S-compound,n-heptane,CCCCCCC,alkane,0.9473,0.0523,0.0004,0.0,0.0824,0.9176,101.325,0.0,447,298.15,0.92355543,0.07291568,0.0035289305,0.0016811446,0.098937586,0.89938134
,1-ethyl-3-methylimidazolium thiocyanate,CCn1cc[n+](C)c1.N#C[S-],[C2MIm][SCN],thiophene,c1ccsc1,S-compound,n-heptane,CCCCCCC,alkane,0.8918,0.1082,0.0,0.0,0.1561,0.8439,101.325,0.14285715,447,298.15,0.90832496,0.087518424,0.004156632,0.0019316,0.114303604,0.8837647
,1-ethyl-3-methylimidazolium thiocyanate,CCn1cc[n+](C)c1.N#C[S-],[C2MIm][SCN],thiophene,c1ccsc1,S-compound,n-heptane,CCCCCCC,alkane,0.8693,0.1287,0.002,0.0,0.2045,0.7955,101.325,0.2857143,447,298.15,0.8905197,0.10460771,0.0048727067,0.002195333,0.13178463,0.8660201
,1-ethyl-3-methylimidazolium thiocyanate,CCn1cc[n+](C)c1.N#C[S-],[C2MIm][SCN],thiophene,c1ccsc1,S-compound,n-heptane,CCCCCCC,alkane,0.7689,0.2311,0.0,0.0316,0.3088,0.6596,101.325,0.42857143,447,298.15,0.86929554,0.124982774,0.0057217036,0.0025294959,0.15155952,0.845911
,1-ethyl-3-methylimidazolium thiocyanate,CCn1cc[n+](C)c1.N#C[S-],[C2MIm][SCN],thiophene,c1ccsc1,S-compound,n-heptane,CCCCCCC,alkane,0.734,0.266,0.0,0.014,0.3701,0.6159,101.325,0.5714286,447,298.15,0.844651,0.14865382,0.00669515,0.002912043,0.17370185,0.8233861
,1-ethyl-3-methylimidazolium thiocyanate,CCn1cc[n+](C)c1.N#C[S-],[C2MIm][SCN],thiophene,c1ccsc1,S-compound,n-heptane,CCCCCCC,alkane,0.6604,0.3396,0.0,0.0,0.4486,0.5514,101.325,0.71428573,447,298.15,0.8161421,0.17605527,0.0078025647,0.003350495,0.19855635,0.79809326
,1-ethyl-3-methylimidazolium thiocyanate,CCn1cc[n+](C)c1.N#C[S-],[C2MIm][SCN],thiophene,c1ccsc1,S-compound,n-heptane,CCCCCCC,alkane,0.597,0.403,0.0,0.0,0.5702,0.4298,101.325,0.85714287,447,298.15,0.78408056,0.2069009,0.009018586,0.0038110074,0.22566931,0.77051973
,1-ethyl-3-methylimidazolium thiocyanate,CCn1cc[n+](C)c1.N#C[S-],[C2MIm][SCN],thiophene,c1ccsc1,S-compound,n-heptane,CCCCCCC,alkane,0.48300004,0.51530004,0.0017000001,0.0,0.7361,0.2639,101.325,1.0,447,298.15,0.74807143,0.24157901,0.010349513,0.0042983554,0.25523698,0.74046475
no,1-methyl-3-octyl-imidazolium thiocyanate,CCCCCCCCn1cc[n+](C)c1.N#C[S-],[C8MIm][SCN],thiophene,c1ccsc1,S-compound,n-hexane,CCCCCC,alkane,0.862,0.017,0.121,0.0,0.008,0.992,101.325,0.0,455,298.15,0.8173443,0.15919307,0.023462683,0.0054748273,0.09212571,0.9023995
no,1-methyl-3-octyl-imidazolium thiocyanate,CCCCCCCCn1cc[n+](C)c1.N#C[S-],[C8MIm][SCN],thiophene,c1ccsc1,S-compound,n-hexane,CCCCCC,alkane,0.807,0.054,0.139,0.0,0.023,0.977,101.325,0.11111111,455,298.15,0.79574436,0.1782007,0.026054962,0.006052193,0.10139686,0.89255095
no,1-methyl-3-octyl-imidazolium thiocyanate,CCCCCCCCn1cc[n+](C)c1.N#C[S-],[C8MIm][SCN],thiophene,c1ccsc1,S-compound,n-hexane,CCCCCC,alkane,0.798,0.065,0.137,0.0,0.026,0.974,101.325,0.22222222,455,298.15,0.7723327,0.19882396,0.028843313,0.0066826423,0.111470915,0.8818464
no,1-methyl-3-octyl-imidazolium thiocyanate,CCCCCCCCn1cc[n+](C)c1.N#C[S-],[C8MIm][SCN],thiophene,c1ccsc1,S-compound,n-hexane,CCCCCC,alkane,0.742,0.12,0.138,0.0,0.05,0.95,101.325,0.33333334,455,298.15,0.7470962,0.22108223,0.031821627,0.007364034,0.12235752,0.8702785
no,1-methyl-3-octyl-imidazolium thiocyanate,CCCCCCCCn1cc[n+](C)c1.N#C[S-],[C8MIm][SCN],thiophene,c1ccsc1,S-compound,n-hexane,CCCCCC,alkane,0.684,0.183,0.133,0.0,0.077,0.923,101.325,0.44444445,455,298.15,0.7200512,0.24496709,0.034981642,0.008106082,0.13418873,0.8577052
no,1-methyl-3-octyl-imidazolium thiocyanate,CCCCCCCCn1cc[n+](C)c1.N#C[S-],[C8MIm][SCN],thiophene,c1ccsc1,S-compound,n-hexane,CCCCCC,alkane,0.649,0.222,0.129,0.0,0.102,0.898,101.325,0.5555556,455,298.15,0.6912383,0.27044606,0.038315628,0.008907317,0.14698508,0.8441075
no,1-methyl-3-octyl-imidazolium thiocyanate,CCCCCCCCn1cc[n+](C)c1.N#C[S-],[C8MIm][SCN],thiophene,c1ccsc1,S-compound,n-hexane,CCCCCC,alkane,0.568,0.322,0.11,0.0,0.192,0.808,101.325,0.6666667,455,298.15,0.66099954,0.297216,0.04178444,0.009765515,0.16064061,0.8295939
no,1-methyl-3-octyl-imidazolium thiocyanate,CCCCCCCCn1cc[n+](C)c1.N#C[S-],[C8MIm][SCN],thiophene,c1ccsc1,S-compound,n-hexane,CCCCCC,alkane,0.524,0.367,0.109,0.0,0.238,0.762,101.325,0.7777778,455,298.15,0.6292486,0.32536238,0.045389038,0.010694917,0.17536503,0.81394
no,1-methyl-3-octyl-imidazolium thiocyanate,CCCCCCCCn1cc[n+](C)c1.N#C[S-],[C8MIm][SCN],thiophene,c1ccsc1,S-compound,n-hexane,CCCCCC,alkane,0.453,0.442,0.105,0.0,0.31,0.69,101.325,0.8888889,455,298.15,0.5965719,0.35437426,0.04905379,0.01167629,0.1909711,0.7973526
no,1-methyl-3-octyl-imidazolium thiocyanate,CCCCCCCCn1cc[n+](C)c1.N#C[S-],[C8MIm][SCN],thiophene,c1ccsc1,S-compound,n-hexane,CCCCCC,alkane,0.377,0.528,0.095,0.0,0.419,0.581,101.325,1.0,455,298.15,0.5628733,0.38432994,0.052796766,0.012730916,0.20763609,0.779633
,1-butyl-1-methylpyrrolidinium tricyanomethanide,CCCC[N+]1(C)CCCC1.N#CC(=C=[N-])C#N,[C4MPyr][C(CN)3],thiophene,c1ccsc1,S-compound,n-heptane,CCCCCCC,alkane,0.923,0.051,0.026,0.0,0.015,0.985,101.325,0.0,480,298.15,0.72811764,0.25301898,0.018863373,0.005086091,0.29730326,0.6976107
,1-butyl-1-methylpyrrolidinium tricyanomethanide,CCCC[N+]1(C)CCCC1.N#CC(=C=[N-])C#N,[C4MPyr][C(CN)3],thiophene,c1ccsc1,S-compound,n-heptane,CCCCCCC,alkane,0.796,0.178,0.026,0.0,0.057,0.943,101.325,0.1,480,298.15,0.70064944,0.2787185,0.020632086,0.0055621853,0.31921235,0.67522544
,1-butyl-1-methylpyrrolidinium tricyanomethanide,CCCC[N+]1(C)CCCC1.N#CC(=C=[N-])C#N,[C4MPyr][C(CN)3],thiophene,c1ccsc1,S-compound,n-heptane,CCCCCCC,alkane,0.62100005,0.35000002,0.029000001,0.0,0.129,0.871,101.325,0.2,480,298.15,0.6720502,0.3055239,0.022425963,0.005966083,0.34289983,0.65113413
,1-butyl-1-methylpyrrolidinium tricyanomethanide,CCCC[N+]1(C)CCCC1.N#CC(=C=[N-])C#N,[C4MPyr][C(CN)3],thiophene,c1ccsc1,S-compound,n-heptane,CCCCCCC,alkane,0.539,0.435,0.026,0.0,0.189,0.811,101.325,0.3,480,298.15,0.6425118,0.33327806,0.024210198,0.0062652742,0.36809483,0.6256399
,1-butyl-1-methylpyrrolidinium tricyanomethanide,CCCC[N+]1(C)CCCC1.N#CC(=C=[N-])C#N,[C4MPyr][C(CN)3],thiophene,c1ccsc1,S-compound,n-heptane,CCCCCCC,alkane,0.469,0.506,0.025,0.0,0.245,0.755,101.325,0.4,480,298.15,0.6115641,0.36233175,0.026104214,0.0066804374,0.39308193,0.60023767
,1-butyl-1-methylpyrrolidinium tricyanomethanide,CCCC[N+]1(C)CCCC1.N#CC(=C=[N-])C#N,[C4MPyr][C(CN)3],thiophene,c1ccsc1,S-compound,n-heptane,CCCCCCC,alkane,0.37600002,0.59900004,0.025000002,0.0,0.352,0.648,101.325,0.5,480,298.15,0.57957804,0.3923812,0.02804077,0.007103598,0.4187273,0.5741691
,1-butyl-1-methylpyrrolidinium tricyanomethanide,CCCC[N+]1(C)CCCC1.N#CC(=C=[N-])C#N,[C4MPyr][C(CN)3],thiophene,c1ccsc1,S-compound,n-heptane,CCCCCCC,alkane,0.325,0.651,0.024,0.0,0.445,0.555,101.325,0.6,480,298.15,0.54690063,0.42311117,0.029988207,0.0075311083,0.4446976,0.5477713
,1-butyl-1-methylpyrrolidinium tricyanomethanide,CCCC[N+]1(C)CCCC1.N#CC(=C=[N-])C#N,[C4MPyr][C(CN)3],thiophene,c1ccsc1,S-compound,n-heptane,CCCCCCC,alkane,0.274,0.703,0.023,0.0,0.551,0.449,101.325,0.7,480,298.15,0.51398927,0.45408306,0.03192769,0.007957744,0.47081867,0.5212236
,1-butyl-1-methylpyrrolidinium tricyanomethanide,CCCC[N+]1(C)CCCC1.N#CC(=C=[N-])C#N,[C4MPyr][C(CN)3],thiophene,c1ccsc1,S-compound,n-heptane,CCCCCCC,alkane,0.245,0.734,0.021,0.0,0.667,0.333,101.325,0.8,480,298.15,0.4597118,0.5049404,0.035347793,0.008291358,0.50798744,0.48372123
,1-butyl-1-methylpyrrolidinium tricyanomethanide,CCCC[N+]1(C)CCCC1.N#CC(=C=[N-])C#N,[C4MPyr][C(CN)3],thiophene,c1ccsc1,S-compound,n-heptane,CCCCCCC,alkane,0.191,0.782,0.027,0.0,0.807,0.193,101.325,0.9,480,298.15,0.4270164,0.5357741,0.037209444,0.00870139,0.53402,0.4572786
,1-butyl-1-methylpyrrolidinium tricyanomethanide,CCCC[N+]1(C)CCCC1.N#CC(=C=[N-])C#N,[C4MPyr][C(CN)3],thiophene,c1ccsc1,S-compound,n-heptane,CCCCCCC,alkane,0.172,0.815,0.013,0.0,0.893,0.107,101.325,1.0,480,298.15,0.39497623,0.56602705,0.038996685,0.009103368,0.55977464,0.431122
,1-ethyl-3-methylimidazolium ethylsulfate,CCOS(=O)(=O)[O-].CCn1cc[n+](C)c1,[C2MIm][EtSO4],thiophene,c1ccsc1,S-compound,n-hexadecane,CCCCCCCCCCCCCCCC,alkane,0.918,0.06,0.022,0.0,0.074,0.926,101.325,0.0,507,298.15,0.83093166,0.1611388,0.00792955,0.0028078193,0.2582256,0.7389666
,1-ethyl-3-methylimidazolium ethylsulfate,CCOS(=O)(=O)[O-].CCn1cc[n+](C)c1,[C2MIm][EtSO4],thiophene,c1ccsc1,S-compound,n-hexadecane,CCCCCCCCCCCCCCCC,alkane,0.868,0.111,0.021,0.0,0.134,0.866,101.325,0.11111111,507,298.15,0.8068945,0.18415613,0.0089493655,0.0030841897,0.28432432,0.71259147
,1-ethyl-3-methylimidazolium ethylsulfate,CCOS(=O)(=O)[O-].CCn1cc[n+](C)c1,[C2MIm][EtSO4],thiophene,c1ccsc1,S-compound,n-hexadecane,CCCCCCCCCCCCCCCC,alkane,0.814,0.168,0.018,0.0,0.193,0.807,101.325,0.22222222,507,298.15,0.7802653,0.20967443,0.010060319,0.0033760895,0.3119964,0.6846275
,1-ethyl-3-methylimidazolium ethylsulfate,CCOS(=O)(=O)[O-].CCn1cc[n+](C)c1,[C2MIm][EtSO4],thiophene,c1ccsc1,S-compound,n-hexadecane,CCCCCCCCCCCCCCCC,alkane,0.781,0.207,0.012,0.0,0.25,0.75,101.325,0.33333334,507,298.15,0.75120175,0.23753944,0.011258847,0.0036804327,0.3409372,0.6553824
,1-ethyl-3-methylimidazolium ethylsulfate,CCOS(=O)(=O)[O-].CCn1cc[n+](C)c1,[C2MIm][EtSO4],thiophene,c1ccsc1,S-compound,n-hexadecane,CCCCCCCCCCCCCCCC,alkane,0.73600006,0.24800001,0.016000003,0.0,0.304,0.696,101.325,0.44444445,507,298.15,0.7198491,0.2676305,0.0125204455,0.003967569,0.37097406,0.62505835
,1-ethyl-3-methylimidazolium ethylsulfate,CCOS(=O)(=O)[O-].CCn1cc[n+](C)c1,[C2MIm][EtSO4],thiophene,c1ccsc1,S-compound,n-hexadecane,CCCCCCCCCCCCCCCC,alkane,0.688,0.305,0.007,0.0,0.356,0.644,101.325,0.5555556,507,298.15,0.68593544,0.30019107,0.013873522,0.0042883717,0.40217632,0.5935353
,1-ethyl-3-methylimidazolium ethylsulfate,CCOS(=O)(=O)[O-].CCn1cc[n+](C)c1,[C2MIm][EtSO4],thiophene,c1ccsc1,S-compound,n-hexadecane,CCCCCCCCCCCCCCCC,alkane,0.65400004,0.33000004,0.016000003,0.0,0.409,0.591,101.325,0.6666667,507,298.15,0.6500685,0.33464232,0.015289181,0.004615604,0.4340424,0.561342
,1-ethyl-3-methylimidazolium ethylsulfate,CCOS(=O)(=O)[O-].CCn1cc[n+](C)c1,[C2MIm][EtSO4],thiophene,c1ccsc1,S-compound,n-hexadecane,CCCCCCCCCCCCCCCC,alkane,0.624,0.37,0.006,0.0,0.455,0.545,101.325,0.7777778,507,298.15,0.6126723,0.3706011,0.016726583,0.004926046,0.46639156,0.5286824
,1-ethyl-3-methylimidazolium ethylsulfate,CCOS(=O)(=O)[O-].CCn1cc[n+](C)c1,[C2MIm][EtSO4],thiophene,c1ccsc1,S-compound,n-hexadecane,CCCCCCCCCCCCCCCC,alkane,0.589,0.404,0.007,0.0,0.505,0.495,101.325,0.8888889,507,298.15,0.57393265,0.40787753,0.018189859,0.0052407742,0.49882522,0.495934
,1-ethyl-3-methylimidazolium ethylsulfate,CCOS(=O)(=O)[O-].CCn1cc[n+](C)c1,[C2MIm][EtSO4],thiophene,c1ccsc1,S-compound,n-hexadecane,CCCCCCCCCCCCCCCC,alkane,0.566,0.424,0.01,0.0,0.555,0.445,101.325,1.0,507,298.15,0.5340038,0.44630817,0.01968807,0.0055661285,0.53128684,0.46314704
,1-ethyl-3-methylimidazolium diethylphosphate,CCOP(=O)([O-])OCC.CCn1cc[n+](C)c1,[C2MIm][DEP],thiophene,c1ccsc1,S-compound,n-hexane,CCCCCC,alkane,0.942,0.0,0.058,0.0,0.0,1.0,101.325,0.0,510,298.15,0.8093721,0.17605992,0.014567968,0.004829319,0.14530319,0.8498674
,1-ethyl-3-methylimidazolium diethylphosphate,CCOP(=O)([O-])OCC.CCn1cc[n+](C)c1,[C2MIm][DEP],thiophene,c1ccsc1,S-compound,n-hexane,CCCCCC,alkane,0.896,0.046,0.058,0.0,0.016,0.984,101.325,0.125,510,298.15,0.78165406,0.20183012,0.016515903,0.005468297,0.16324605,0.8312857
,1-ethyl-3-methylimidazolium diethylphosphate,CCOP(=O)([O-])OCC.CCn1cc[n+](C)c1,[C2MIm][DEP],thiophene,c1ccsc1,S-compound,n-hexane,CCCCCC,alkane,0.735,0.21,0.055,0.0,0.09,0.91,101.325,0.25,510,298.15,0.75108886,0.23028575,0.01862534,0.0061244806,0.1832163,0.8106593
,1-ethyl-3-methylimidazolium diethylphosphate,CCOP(=O)([O-])OCC.CCn1cc[n+](C)c1,[C2MIm][DEP],thiophene,c1ccsc1,S-compound,n-hexane,CCCCCC,alkane,0.611,0.34,0.049,0.0,0.168,0.832,101.325,0.375,510,298.15,0.7176927,0.26140743,0.02089991,0.0068530887,0.20500442,0.7881425
,1-ethyl-3-methylimidazolium diethylphosphate,CCOP(=O)([O-])OCC.CCn1cc[n+](C)c1,[C2MIm][DEP],thiophene,c1ccsc1,S-compound,n-hexane,CCCCCC,alkane,0.506,0.45,0.044,0.0,0.304,0.696,101.325,0.5,510,298.15,0.68159604,0.29507598,0.02332793,0.007657175,0.22862215,0.76372075
,1-ethyl-3-methylimidazolium diethylphosphate,CCOP(=O)([O-])OCC.CCn1cc[n+](C)c1,[C2MIm][DEP],thiophene,c1ccsc1,S-compound,n-hexane,CCCCCC,alkane,0.405,0.54,0.055,0.0,0.431,0.569,101.325,0.625,510,298.15,0.6435288,0.33063135,0.025839785,0.008480734,0.2540074,0.73751175
,1-ethyl-3-methylimidazolium diethylphosphate,CCOP(=O)([O-])OCC.CCn1cc[n+](C)c1,[C2MIm][DEP],thiophene,c1ccsc1,S-compound,n-hexane,CCCCCC,alkane,0.332,0.617,0.051,0.0,0.608,0.392,101.325,0.75,510,298.15,0.60331607,0.36821726,0.02846673,0.009280926,0.28176725,0.70895183
,1-ethyl-3-methylimidazolium diethylphosphate,CCOP(=O)([O-])OCC.CCn1cc[n+](C)c1,[C2MIm][DEP],thiophene,c1ccsc1,S-compound,n-hexane,CCCCCC,alkane,0.26900002,0.67800003,0.053000003,0.0,0.71,0.29,101.325,0.875,510,298.15,0.56186503,0.40701234,0.03112265,0.010149706,0.31080097,0.67904925
,1-ethyl-3-methylimidazolium diethylphosphate,CCOP(=O)([O-])OCC.CCn1cc[n+](C)c1,[C2MIm][DEP],thiophene,c1ccsc1,S-compound,n-hexane,CCCCCC,alkane,0.239,0.712,0.049,0.0,0.804,0.196,101.325,1.0,510,298.15,0.5196402,0.4465843,0.03377546,0.011093571,0.34094316,0.6479632
,1-butyl-3-methylimidazolium thiocyanate,CCCCn1cc[n+](C)c1.N#C[S-],[C4MIm][SCN],Thiophene,c1ccsc1,S-compound,n-Hexane,CCCCCC,alkane,0.958,0.029,0.013,0.0,0.012,0.988,101.325,0.0,518,298.15,0.88675916,0.10537781,0.007863049,0.002893103,0.09311336,0.90399355
,1-butyl-3-methylimidazolium thiocyanate,CCCCn1cc[n+](C)c1.N#C[S-],[C4MIm][SCN],Thiophene,c1ccsc1,S-compound,n-Hexane,CCCCCC,alkane,0.904,0.083,0.013,0.0,0.038,0.962,101.325,0.125,518,298.15,0.8688665,0.12213837,0.00899519,0.0032718715,0.10517191,0.8915562
,1-butyl-3-methylimidazolium thiocyanate,CCCCn1cc[n+](C)c1.N#C[S-],[C4MIm][SCN],Thiophene,c1ccsc1,S-compound,n-Hexane,CCCCCC,alkane,0.883,0.105,0.012,0.0,0.054,0.946,101.325,0.25,518,298.15,0.84860533,0.14113276,0.010261899,0.0036943257,0.118521236,0.8777844
,1-butyl-3-methylimidazolium thiocyanate,CCCCn1cc[n+](C)c1.N#C[S-],[C4MIm][SCN],Thiophene,c1ccsc1,S-compound,n-Hexane,CCCCCC,alkane,0.829,0.158,0.013,0.0,0.078,0.922,101.325,0.375,518,298.15,0.8255498,0.16277269,0.011677512,0.0041669155,0.13343857,0.8623945
,1-butyl-3-methylimidazolium thiocyanate,CCCCn1cc[n+](C)c1.N#C[S-],[C4MIm][SCN],Thiophene,c1ccsc1,S-compound,n-Hexane,CCCCCC,alkane,0.795,0.192,0.013,0.0,0.11,0.89,101.325,0.5,518,298.15,0.799944,0.18682586,0.0132301655,0.004686107,0.14988662,0.84542733
,1-butyl-3-methylimidazolium thiocyanate,CCCCn1cc[n+](C)c1.N#C[S-],[C4MIm][SCN],Thiophene,c1ccsc1,S-compound,n-Hexane,CCCCCC,alkane,0.71500003,0.27100003,0.014000001,0.0,0.175,0.825,101.325,0.625,518,298.15,0.7451094,0.23776859,0.017122077,0.0072121415,0.18836294,0.8044249
,1-butyl-3-methylimidazolium thiocyanate,CCCCn1cc[n+](C)c1.N#C[S-],[C4MIm][SCN],Thiophene,c1ccsc1,S-compound,n-Hexane,CCCCCC,alkane,0.66400003,0.32500002,0.011000001,0.0,0.245,0.755,101.325,0.75,518,298.15,0.70097965,0.2786323,0.020388061,0.009034797,0.21961196,0.77135324
,1-butyl-3-methylimidazolium thiocyanate,CCCCn1cc[n+](C)c1.N#C[S-],[C4MIm][SCN],Thiophene,c1ccsc1,S-compound,n-Hexane,CCCCCC,alkane,0.6046046,0.3823824,0.013013014,0.0,0.294,0.706,101.325,0.875,518,298.15,0.6655045,0.31194055,0.02255487,0.01000019,0.24305443,0.7469453
,1-butyl-3-methylimidazolium thiocyanate,CCCCn1cc[n+](C)c1.N#C[S-],[C4MIm][SCN],Thiophene,c1ccsc1,S-compound,n-Hexane,CCCCCC,alkane,0.5189621,0.46706587,0.013972057,0.0,0.386,0.614,101.325,1.0,518,298.15,0.6281837,0.34701094,0.024805348,0.011027398,0.26800892,0.72096366
,1-methyl-3-octyl-imidazolium tetrafluoroborate,CCCCCCCC[n+]1ccn(C)c1.F[B-](F)(F)F,[C8MIm][BF4],thiophene,c1ccsc1,S-compound,cyclohexane,C1CCCCC1,cycloalkane,0.792,0.0,0.208,0.052,0.0,0.948,101.325,0.0,527,298.15,0.58306974,0.32258546,0.09434483,0.018651938,0.27323014,0.70811796
,1-methyl-3-octyl-imidazolium tetrafluoroborate,CCCCCCCC[n+]1ccn(C)c1.F[B-](F)(F)F,[C8MIm][BF4],thiophene,c1ccsc1,S-compound,cyclohexane,C1CCCCC1,cycloalkane,0.676,0.126,0.198,0.048,0.066,0.886,101.325,0.11111111,527,298.15,0.549775,0.3489344,0.10129053,0.020018864,0.29065052,0.68933064
,1-methyl-3-octyl-imidazolium tetrafluoroborate,CCCCCCCC[n+]1ccn(C)c1.F[B-](F)(F)F,[C8MIm][BF4],thiophene,c1ccsc1,S-compound,cyclohexane,C1CCCCC1,cycloalkane,0.591,0.22,0.189,0.045,0.125,0.83,101.325,0.22222222,527,298.15,0.516645,0.37533212,0.10802283,0.021296237,0.30880678,0.669897
,1-methyl-3-octyl-imidazolium tetrafluoroborate,CCCCCCCC[n+]1ccn(C)c1.F[B-](F)(F)F,[C8MIm][BF4],thiophene,c1ccsc1,S-compound,cyclohexane,C1CCCCC1,cycloalkane,0.47000003,0.34800002,0.18200001,0.043,0.234,0.723,101.325,0.33333334,527,298.15,0.48305148,0.40212944,0.11481907,0.022692336,0.32734904,0.64995867
,1-methyl-3-octyl-imidazolium tetrafluoroborate,CCCCCCCC[n+]1ccn(C)c1.F[B-](F)(F)F,[C8MIm][BF4],thiophene,c1ccsc1,S-compound,cyclohexane,C1CCCCC1,cycloalkane,0.349,0.483,0.168,0.042,0.376,0.582,101.325,0.44444445,527,298.15,0.4494437,0.42896163,0.121594615,0.024203353,0.3460996,0.62969697
,1-methyl-3-octyl-imidazolium tetrafluoroborate,CCCCCCCC[n+]1ccn(C)c1.F[B-](F)(F)F,[C8MIm][BF4],thiophene,c1ccsc1,S-compound,cyclohexane,C1CCCCC1,cycloalkane,0.297,0.54,0.163,0.04,0.494,0.466,101.325,0.5555556,527,298.15,0.41626245,0.45551878,0.12821881,0.025766786,0.3651934,0.6090398
,1-methyl-3-octyl-imidazolium tetrafluoroborate,CCCCCCCC[n+]1ccn(C)c1.F[B-](F)(F)F,[C8MIm][BF4],thiophene,c1ccsc1,S-compound,cyclohexane,C1CCCCC1,cycloalkane,0.233,0.619,0.148,0.033,0.606,0.361,101.325,0.6666667,527,298.15,0.4355604,0.44573548,0.11870414,0.019091468,0.35658047,0.6243281
,1-methyl-3-octyl-imidazolium tetrafluoroborate,CCCCCCCC[n+]1ccn(C)c1.F[B-](F)(F)F,[C8MIm][BF4],thiophene,c1ccsc1,S-compound,cyclohexane,C1CCCCC1,cycloalkane,0.206,0.659,0.135,0.031,0.671,0.298,101.325,0.7777778,527,298.15,0.4020045,0.472936,0.12505944,0.020333363,0.3763596,0.60330695
,1-methyl-3-octyl-imidazolium tetrafluoroborate,CCCCCCCC[n+]1ccn(C)c1.F[B-](F)(F)F,[C8MIm][BF4],thiophene,c1ccsc1,S-compound,cyclohexane,C1CCCCC1,cycloalkane,0.142,0.776,0.082,0.024,0.81,0.166,101.325,0.8888889,527,298.15,0.36961326,0.49927625,0.13111049,0.021602044,0.39621326,0.58218473
,1-methyl-3-octyl-imidazolium tetrafluoroborate,CCCCCCCC[n+]1ccn(C)c1.F[B-](F)(F)F,[C8MIm][BF4],thiophene,c1ccsc1,S-compound,cyclohexane,C1CCCCC1,cycloalkane,0.121,0.827,0.052,0.02,0.89,0.09,101.325,1.0,527,298.15,0.33823708,0.52489305,0.13686988,0.022900214,0.41631782,0.56078196
no,N-hexylisoquinolinium bis(trifluoromethylsulfonyl)imide,CCCCCC[n+]1ccc2ccccc2c1.O=S(=O)([N-]S(=O)(=O)C(F)(F)F)C(F)(F)F,[C6iQuin][NTf2],pyridine,c1ccncc1,N-compound,n-heptane,CCCCCCC,alkane,0.445,0.458,0.097,0.0,0.045,0.955,101.325,0.0,537,298.15,0.5729202,0.38471714,0.042362634,0.007961975,0.13408932,0.8579488
no,N-hexylisoquinolinium bis(trifluoromethylsulfonyl)imide,CCCCCC[n+]1ccc2ccccc2c1.O=S(=O)([N-]S(=O)(=O)C(F)(F)F)C(F)(F)F,[C6iQuin][NTf2],pyridine,c1ccncc1,N-compound,n-heptane,CCCCCCC,alkane,0.418,0.483,0.099,0.0,0.076,0.924,101.325,0.11111111,537,298.15,0.53675646,0.41754663,0.04569696,0.008775776,0.14902931,0.842195
no,N-hexylisoquinolinium bis(trifluoromethylsulfonyl)imide,CCCCCC[n+]1ccc2ccccc2c1.O=S(=O)([N-]S(=O)(=O)C(F)(F)F)C(F)(F)F,[C6iQuin][NTf2],pyridine,c1ccncc1,N-compound,n-heptane,CCCCCCC,alkane,0.378,0.527,0.095,0.0,0.089,0.911,101.325,0.22222222,537,298.15,0.50025827,0.4507129,0.049028855,0.0096486835,0.16525085,0.8251004
no,N-hexylisoquinolinium bis(trifluoromethylsulfonyl)imide,CCCCCC[n+]1ccc2ccccc2c1.O=S(=O)([N-]S(=O)(=O)C(F)(F)F)C(F)(F)F,[C6iQuin][NTf2],pyridine,c1ccncc1,N-compound,n-heptane,CCCCCCC,alkane,0.31200004,0.59000003,0.098000005,0.0,0.108,0.892,101.325,0.33333334,537,298.15,0.46368605,0.4840456,0.05226835,0.010426327,0.18319842,0.80637515
no,N-hexylisoquinolinium bis(trifluoromethylsulfonyl)imide,CCCCCC[n+]1ccc2ccccc2c1.O=S(=O)([N-]S(=O)(=O)C(F)(F)F)C(F)(F)F,[C6iQuin][NTf2],pyridine,c1ccncc1,N-compound,n-heptane,CCCCCCC,alkane,0.241,0.656,0.103,0.0,0.169,0.831,101.325,0.44444445,537,298.15,0.42733067,0.51729393,0.055375427,0.011072601,0.20300052,0.7859269
no,N-hexylisoquinolinium bis(trifluoromethylsulfonyl)imide,CCCCCC[n+]1ccc2ccccc2c1.O=S(=O)([N-]S(=O)(=O)C(F)(F)F)C(F)(F)F,[C6iQuin][NTf2],pyridine,c1ccncc1,N-compound,n-heptane,CCCCCCC,alkane,0.205,0.691,0.104,0.0,0.208,0.792,101.325,0.5555556,537,298.15,0.391828,0.54966456,0.058507495,0.012081113,0.22353292,0.76438594
no,N-hexylisoquinolinium bis(trifluoromethylsulfonyl)imide,CCCCCC[n+]1ccc2ccccc2c1.O=S(=O)([N-]S(=O)(=O)C(F)(F)F)C(F)(F)F,[C6iQuin][NTf2],pyridine,c1ccncc1,N-compound,n-heptane,CCCCCCC,alkane,0.161,0.73,0.109,0.0,0.264,0.736,101.325,0.6666667,537,298.15,0.35840875,0.5799499,0.06164135,0.013613698,0.2435624,0.7428239
no,N-hexylisoquinolinium bis(trifluoromethylsulfonyl)imide,CCCCCC[n+]1ccc2ccccc2c1.O=S(=O)([N-]S(=O)(=O)C(F)(F)F)C(F)(F)F,[C6iQuin][NTf2],pyridine,c1ccncc1,N-compound,n-heptane,CCCCCCC,alkane,0.116,0.757,0.127,0.0,0.346,0.654,101.325,0.7777778,537,298.15,0.32602328,0.60942465,0.06455206,0.015021133,0.26560357,0.7193753
no,N-hexylisoquinolinium bis(trifluoromethylsulfonyl)imide,CCCCCC[n+]1ccc2ccccc2c1.O=S(=O)([N-]S(=O)(=O)C(F)(F)F)C(F)(F)F,[C6iQuin][NTf2],pyridine,c1ccncc1,N-compound,n-heptane,CCCCCCC,alkane,0.087,0.767,0.146,0.0,0.412,0.588,101.325,0.8888889,537,298.15,0.29519477,0.63762164,0.067183614,0.016217517,0.28950614,0.6942764
no,N-hexylisoquinolinium bis(trifluoromethylsulfonyl)imide,CCCCCC[n+]1ccc2ccccc2c1.O=S(=O)([N-]S(=O)(=O)C(F)(F)F)C(F)(F)F,[C6iQuin][NTf2],pyridine,c1ccncc1,N-compound,n-heptane,CCCCCCC,alkane,0.055,0.771,0.174,0.0,0.498,0.502,101.325,1.0,537,298.15,0.2659348,0.664468,0.06959719,0.017357456,0.3147752,0.6678673
no,1-(3-hydroxypropyl)-3-methylimidazolium dicyanamide,C[n+]1ccn(CCCO)c1.N#CN=C=[N-],[OHC3MIm][N(CN)2],hex-1-ene,C=CCCCC,alkene,hexane,CCCCCC,alkane,0.991,0.009,0.0,0.0,1.0,0.0,101.325,0.0,570,298.15,0.99664104,0.0023531856,0.001005872,0.0007464389,0.42756,0.57169354
no,1-(3-hydroxypropyl)-3-methylimidazolium dicyanamide,C[n+]1ccn(CCCO)c1.N#CN=C=[N-],[OHC3MIm][N(CN)2],hex-1-ene,C=CCCCC,alkene,hexane,CCCCCC,alkane,0.992,0.008,0.0,0.0,0.965,0.035,101.325,0.083333336,570,298.15,0.9963213,0.002582233,0.0010965113,0.00078384124,0.43264616,0.56657
no,1-(3-hydroxypropyl)-3-methylimidazolium dicyanamide,C[n+]1ccn(CCCO)c1.N#CN=C=[N-],[OHC3MIm][N(CN)2],hex-1-ene,C=CCCCC,alkene,hexane,CCCCCC,alkane,0.992,0.008,0.0,0.0,0.873,0.127,101.325,0.16666667,570,298.15,0.99596846,0.0028354987,0.001196036,0.00082332373,0.43774378,0.5614329
no,1-(3-hydroxypropyl)-3-methylimidazolium dicyanamide,C[n+]1ccn(CCCO)c1.N#CN=C=[N-],[OHC3MIm][N(CN)2],hex-1-ene,C=CCCCC,alkene,hexane,CCCCCC,alkane,0.992,0.008,0.0,0.0,0.814,0.186,101.325,0.25,570,298.15,0.99555355,0.003134879,0.0013114959,0.0008747232,0.44399077,0.5551345
no,1-(3-hydroxypropyl)-3-methylimidazolium dicyanamide,C[n+]1ccn(CCCO)c1.N#CN=C=[N-],[OHC3MIm][N(CN)2],hex-1-ene,C=CCCCC,alkene,hexane,CCCCCC,alkane,0.992,0.007,0.001,0.0,0.701,0.299,101.325,0.33333334,570,298.15,0.99510974,0.0034552815,0.0014349833,0.00092389877,0.4497995,0.5492766
no,1-(3-hydroxypropyl)-3-methylimidazolium dicyanamide,C[n+]1ccn(CCCO)c1.N#CN=C=[N-],[OHC3MIm][N(CN)2],hex-1-ene,C=CCCCC,alkene,hexane,CCCCCC,alkane,0.992,0.007,0.001,0.0,0.619,0.381,101.325,0.41666666,570,298.15,0.99463636,0.003797339,0.0015662822,0.0009702666,0.45511803,0.5439117
no,1-(3-hydroxypropyl)-3-methylimidazolium dicyanamide,C[n+]1ccn(CCCO)c1.N#CN=C=[N-],[OHC3MIm][N(CN)2],hex-1-ene,C=CCCCC,alkene,hexane,CCCCCC,alkane,0.99200004,0.0060000005,0.0020000003,0.0,0.522,0.478,101.325,0.5,570,298.15,0.99417156,0.0041332366,0.0016952498,0.0010005244,0.4601213,0.53887814
no,1-(3-hydroxypropyl)-3-methylimidazolium dicyanamide,C[n+]1ccn(CCCO)c1.N#CN=C=[N-],[OHC3MIm][N(CN)2],hex-1-ene,C=CCCCC,alkene,hexane,CCCCCC,alkane,0.993,0.004,0.003,0.0,0.412,0.588,101.325,0.5833333,570,298.15,0.99371475,0.004463587,0.0018216262,0.0010145173,0.46478516,0.5342003
no,1-(3-hydroxypropyl)-3-methylimidazolium dicyanamide,C[n+]1ccn(CCCO)c1.N#CN=C=[N-],[OHC3MIm][N(CN)2],hex-1-ene,C=CCCCC,alkene,hexane,CCCCCC,alkane,0.995,0.003,0.002,0.0,0.324,0.676,101.325,0.6666667,570,298.15,0.9931029,0.004907498,0.0019895611,0.0010647087,0.47017136,0.52876395
no,1-(3-hydroxypropyl)-3-methylimidazolium dicyanamide,C[n+]1ccn(CCCO)c1.N#CN=C=[N-],[OHC3MIm][N(CN)2],hex-1-ene,C=CCCCC,alkene,hexane,CCCCCC,alkane,0.995,0.002,0.003,0.0,0.235,0.765,101.325,0.75,570,298.15,0.99240476,0.0054139476,0.002181258,0.0011243575,0.4755815,0.52329415
no,1-(3-hydroxypropyl)-3-methylimidazolium dicyanamide,C[n+]1ccn(CCCO)c1.N#CN=C=[N-],[OHC3MIm][N(CN)2],hex-1-ene,C=CCCCC,alkene,hexane,CCCCCC,alkane,0.996,0.001,0.003,0.0,0.112,0.888,101.325,0.8333333,570,298.15,0.99161094,0.005989285,0.002399813,0.0011943167,0.48092127,0.51788443
no,1-(3-hydroxypropyl)-3-methylimidazolium dicyanamide,C[n+]1ccn(CCCO)c1.N#CN=C=[N-],[OHC3MIm][N(CN)2],hex-1-ene,C=CCCCC,alkene,hexane,CCCCCC,alkane,0.996,0.0,0.004,0.0,0.043,0.957,101.325,0.9166667,570,298.15,0.9907898,0.0065886425,0.002621655,0.0012529005,0.48642048,0.51232666
no,1-(3-hydroxypropyl)-3-methylimidazolium dicyanamide,C[n+]1ccn(CCCO)c1.N#CN=C=[N-],[OHC3MIm][N(CN)2],hex-1-ene,C=CCCCC,alkene,hexane,CCCCCC,alkane,0.997,0.0,0.003,0.0,0.0,1.0,101.325,1.0,570,298.15,0.98981094,0.007301401,0.0028877174,0.0013359493,0.4911179,0.5075462
,1-(3-hydroxypropyl)pyridinium dicyanamide,N#CN=C=[N-].OCCC[n+]1ccccc1,[OHC3Py][N(CN)2],hex-1-ene,C=CCCCC,alkene,hexane,CCCCCC,alkane,0.993,0.007,0.0,0.0,1.0,0.0,101.325,0.0,571,298.15,0.9971065,0.0020241986,0.00086936535,0.0006877507,0.42579404,0.5735182
,1-(3-hydroxypropyl)pyridinium dicyanamide,N#CN=C=[N-].OCCC[n+]1ccccc1,[OHC3Py][N(CN)2],hex-1-ene,C=CCCCC,alkene,hexane,CCCCCC,alkane,0.993,0.007,0.0,0.0,0.935,0.065,101.325,0.07692308,571,298.15,0.99685633,0.0022032238,0.00094051554,0.00071927195,0.43034205,0.5689387
,1-(3-hydroxypropyl)pyridinium dicyanamide,N#CN=C=[N-].OCCC[n+]1ccccc1,[OHC3Py][N(CN)2],hex-1-ene,C=CCCCC,alkene,hexane,CCCCCC,alkane,0.993,0.007,0.0,0.0,0.871,0.129,101.325,0.15384616,571,298.15,0.99658406,0.0023980024,0.0010178533,0.0007524336,0.43489078,0.56435674
,1-(3-hydroxypropyl)pyridinium dicyanamide,N#CN=C=[N-].OCCC[n+]1ccccc1,[OHC3Py][N(CN)2],hex-1-ene,C=CCCCC,alkene,hexane,CCCCCC,alkane,0.99300003,0.0060000005,0.0010000002,0.0,0.784,0.216,101.325,0.23076923,571,298.15,0.9963419,0.0025771975,0.0010809213,0.00076499616,0.44234443,0.5568906
,1-(3-hydroxypropyl)pyridinium dicyanamide,N#CN=C=[N-].OCCC[n+]1ccccc1,[OHC3Py][N(CN)2],hex-1-ene,C=CCCCC,alkene,hexane,CCCCCC,alkane,0.99300003,0.0060000005,0.0010000002,0.0,0.71,0.29,101.325,0.30769232,571,298.15,0.9960238,0.0028061417,0.0011700473,0.0008000808,0.44698092,0.552219
,1-(3-hydroxypropyl)pyridinium dicyanamide,N#CN=C=[N-].OCCC[n+]1ccccc1,[OHC3Py][N(CN)2],hex-1-ene,C=CCCCC,alkene,hexane,CCCCCC,alkane,0.994,0.005,0.001,0.0,0.626,0.374,101.325,0.3846154,571,298.15,0.99567634,0.0030566512,0.0012670874,0.0008368527,0.45168635,0.5474767
,1-(3-hydroxypropyl)pyridinium dicyanamide,N#CN=C=[N-].OCCC[n+]1ccccc1,[OHC3Py][N(CN)2],hex-1-ene,C=CCCCC,alkene,hexane,CCCCCC,alkane,0.994,0.005,0.001,0.0,0.529,0.471,101.325,0.46153846,571,298.15,0.9952864,0.0033392822,0.0013742464,0.0008895622,0.4552363,0.54387414
,1-(3-hydroxypropyl)pyridinium dicyanamide,N#CN=C=[N-].OCCC[n+]1ccccc1,[OHC3Py][N(CN)2],hex-1-ene,C=CCCCC,alkene,hexane,CCCCCC,alkane,0.994,0.004,0.002,0.0,0.47,0.53,101.325,0.53846157,571,298.15,0.9948683,0.0036424445,0.0014892378,0.00093774527,0.45942095,0.5396413
,1-(3-hydroxypropyl)pyridinium dicyanamide,N#CN=C=[N-].OCCC[n+]1ccccc1,[OHC3Py][N(CN)2],hex-1-ene,C=CCCCC,alkene,hexane,CCCCCC,alkane,0.995,0.002,0.003,0.0,0.376,0.624,101.325,0.61538464,571,298.15,0.99442,0.0039673676,0.001612625,0.0009803373,0.4641893,0.5348304
,1-(3-hydroxypropyl)pyridinium dicyanamide,N#CN=C=[N-].OCCC[n+]1ccccc1,[OHC3Py][N(CN)2],hex-1-ene,C=CCCCC,alkene,hexane,CCCCCC,alkane,0.995,0.002,0.003,0.0,0.295,0.705,101.325,0.6923077,571,298.15,0.9939255,0.0043263366,0.0017481012,0.001025292,0.46904123,0.5299335
,1-(3-hydroxypropyl)pyridinium dicyanamide,N#CN=C=[N-].OCCC[n+]1ccccc1,[OHC3Py][N(CN)2],hex-1-ene,C=CCCCC,alkene,hexane,CCCCCC,alkane,0.99600005,0.0020000003,0.0020000003,0.0,0.219,0.781,101.325,0.7692308,571,298.15,0.99338347,0.0047205086,0.0018960203,0.001074054,0.47381604,0.52510995
,1-(3-hydroxypropyl)pyridinium dicyanamide,N#CN=C=[N-].OCCC[n+]1ccccc1,[OHC3Py][N(CN)2],hex-1-ene,C=CCCCC,alkene,hexane,CCCCCC,alkane,0.996,0.001,0.003,0.0,0.12,0.88,101.325,0.84615386,571,298.15,0.99277776,0.005161152,0.0020610725,0.0011278527,0.47861287,0.5202593
,1-(3-hydroxypropyl)pyridinium dicyanamide,N#CN=C=[N-].OCCC[n+]1ccccc1,[OHC3Py][N(CN)2],hex-1-ene,C=CCCCC,alkene,hexane,CCCCCC,alkane,0.996,0.0,0.004,0.0,0.049,0.951,101.325,0.9230769,571,298.15,0.9921416,0.0056251064,0.0022331842,0.0011787346,0.48350763,0.5153136
,1-(3-hydroxypropyl)pyridinium dicyanamide,N#CN=C=[N-].OCCC[n+]1ccccc1,[OHC3Py][N(CN)2],hex-1-ene,C=CCCCC,alkene,hexane,CCCCCC,alkane,0.997,0.0,0.003,0.0,0.0,1.0,101.325,1.0,571,298.15,0.9914396,0.006138026,0.0024224247,0.0012324182,0.48847505,0.5102925
,1-butyl-3-methylimidazolium dicyanamide,CCCCn1cc[n+](C)c1.N#CN=C=[N-],[BMIm][N(CN)2],1-hexene,C=CCCCC,alkene,n-hexane,CCCCCC,alkane,0.983,0.0,0.017,0.0,0.0,1.0,101.325,0.0,578,298.15,0.99566454,0.0030057775,0.0013297434,0.0009503033,0.42581207,0.5732377
,1-butyl-3-methylimidazolium dicyanamide,CCCCn1cc[n+](C)c1.N#CN=C=[N-],[BMIm][N(CN)2],1-hexene,C=CCCCC,alkene,n-hexane,CCCCCC,alkane,0.981,0.002,0.017,0.0,0.047,0.953,101.325,0.071428575,578,298.15,0.99530137,0.0032631888,0.0014354073,0.0009990565,0.43002245,0.5689785
,1-butyl-3-methylimidazolium dicyanamide,CCCCn1cc[n+](C)c1.N#CN=C=[N-],[BMIm][N(CN)2],1-hexene,C=CCCCC,alkene,n-hexane,CCCCCC,alkane,0.97800004,0.0060000005,0.016000003,0.0,0.138,0.862,101.325,0.14285715,578,298.15,0.9955929,0.0030252628,0.0013818656,0.00066600647,0.44724914,0.5520848
,1-butyl-3-methylimidazolium dicyanamide,CCCCn1cc[n+](C)c1.N#CN=C=[N-],[BMIm][N(CN)2],1-hexene,C=CCCCC,alkene,n-hexane,CCCCCC,alkane,0.975,0.011,0.014,0.0,0.224,0.776,101.325,0.21428572,578,298.15,0.99522805,0.0032814487,0.0014905118,0.00069455587,0.45181045,0.547495
,1-butyl-3-methylimidazolium dicyanamide,CCCCn1cc[n+](C)c1.N#CN=C=[N-],[BMIm][N(CN)2],1-hexene,C=CCCCC,alkene,n-hexane,CCCCCC,alkane,0.973,0.015,0.012,0.0,0.31,0.69,101.325,0.2857143,578,298.15,0.9948349,0.0035578615,0.001607301,0.00072413235,0.4564021,0.5428738
,1-butyl-3-methylimidazolium dicyanamide,CCCCn1cc[n+](C)c1.N#CN=C=[N-],[BMIm][N(CN)2],1-hexene,C=CCCCC,alkene,n-hexane,CCCCCC,alkane,0.971,0.017,0.012,0.0,0.386,0.614,101.325,0.35714287,578,298.15,0.99440575,0.0038597763,0.0017344537,0.0007548982,0.46102965,0.5382154
,1-butyl-3-methylimidazolium dicyanamide,CCCCn1cc[n+](C)c1.N#CN=C=[N-],[BMIm][N(CN)2],1-hexene,C=CCCCC,alkene,n-hexane,CCCCCC,alkane,0.97,0.02,0.01,0.0,0.455,0.545,101.325,0.42857143,578,298.15,0.99387795,0.0042261644,0.0018958553,0.0008090576,0.4643401,0.5348509
,1-butyl-3-methylimidazolium dicyanamide,CCCCn1cc[n+](C)c1.N#CN=C=[N-],[BMIm][N(CN)2],1-hexene,C=CCCCC,alkene,n-hexane,CCCCCC,alkane,0.968,0.023,0.009,0.0,0.513,0.487,101.325,0.5,578,298.15,0.9933381,0.004603423,0.0020585398,0.0008548319,0.46824923,0.53089595
,1-butyl-3-methylimidazolium dicyanamide,CCCCn1cc[n+](C)c1.N#CN=C=[N-],[BMIm][N(CN)2],1-hexene,C=CCCCC,alkene,n-hexane,CCCCCC,alkane,0.967,0.025,0.008,0.0,0.571,0.429,101.325,0.5714286,578,298.15,0.99278533,0.0049936473,0.0022210504,0.0008910161,0.4728728,0.52623624
,1-butyl-3-methylimidazolium dicyanamide,CCCCn1cc[n+](C)c1.N#CN=C=[N-],[BMIm][N(CN)2],1-hexene,C=CCCCC,alkene,n-hexane,CCCCCC,alkane,0.96500003,0.029000001,0.0060000005,0.0,0.621,0.379,101.325,0.64285713,578,298.15,0.9921806,0.005421711,0.0023977086,0.0009289419,0.47751576,0.5215553
,1-butyl-3-methylimidazolium dicyanamide,CCCCn1cc[n+](C)c1.N#CN=C=[N-],[BMIm][N(CN)2],1-hexene,C=CCCCC,alkene,n-hexane,CCCCCC,alkane,0.963,0.033,0.004,0.0,0.739,0.261,101.325,0.71428573,578,298.15,0.9915274,0.0058845575,0.0025881056,0.00096818217,0.4821893,0.5168425
,1-butyl-3-methylimidazolium dicyanamide,CCCCn1cc[n+](C)c1.N#CN=C=[N-],[BMIm][N(CN)2],1-hexene,C=CCCCC,alkene,n-hexane,CCCCCC,alkane,0.961,0.035,0.004,0.0,0.772,0.228,101.325,0.78571427,578,298.15,0.9908227,0.0063849865,0.0027923698,0.0010086561,0.4868585,0.5121328
,1-butyl-3-methylimidazolium dicyanamide,CCCCn1cc[n+](C)c1.N#CN=C=[N-],[BMIm][N(CN)2],1-hexene,C=CCCCC,alkene,n-hexane,CCCCCC,alkane,0.96000004,0.038000003,0.0020000003,0.0,0.885,0.115,101.325,0.85714287,578,298.15,0.99004805,0.006935072,0.0030168449,0.0010515829,0.49158442,0.507364
,1-butyl-3-methylimidazolium dicyanamide,CCCCn1cc[n+](C)c1.N#CN=C=[N-],[BMIm][N(CN)2],1-hexene,C=CCCCC,alkene,n-hexane,CCCCCC,alkane,0.959,0.04,0.001,0.0,0.966,0.034,101.325,0.9285714,578,298.15,0.98906916,0.0076517873,0.0032791286,0.0010828922,0.49820063,0.50071645
,1-butyl-3-methylimidazolium dicyanamide,CCCCn1cc[n+](C)c1.N#CN=C=[N-],[BMIm][N(CN)2],1-hexene,C=CCCCC,alkene,n-hexane,CCCCCC,alkane,0.959,0.041,0.0,0.0,1.0,0.0,101.325,1.0,578,298.15,0.9881516,0.008307809,0.0035404637,0.0011278155,0.50303537,0.49583676
,1-butyl-3-methylimidazolium tricyanomethanide,CCCCn1cc[n+](C)c1.N#CC(=C=[N-])C#N,[C4MIm][C(CN)3],1-hexene,C=CCCCC,alkene,n-hexane,CCCCCC,alkane,0.966,0.0,0.034,0.0,0.0,1.0,101.325,0.0,588,298.15,0.98578423,0.009745519,0.004470246,0.001491472,0.467875,0.5306335
,1-butyl-3-methylimidazolium tricyanomethanide,CCCCn1cc[n+](C)c1.N#CC(=C=[N-])C#N,[C4MIm][C(CN)3],1-hexene,C=CCCCC,alkene,n-hexane,CCCCCC,alkane,0.963,0.004,0.033,0.0,0.057,0.943,101.325,0.05263158,588,298.15,0.9849266,0.010345722,0.004727679,0.001536717,0.47153324,0.52693003
,1-butyl-3-methylimidazolium tricyanomethanide,CCCCn1cc[n+](C)c1.N#CC(=C=[N-])C#N,[C4MIm][C(CN)3],1-hexene,C=CCCCC,alkene,n-hexane,CCCCCC,alkane,0.95900005,0.011000001,0.030000001,0.0,0.137,0.863,101.325,0.10526316,588,298.15,0.98345214,0.011348785,0.0051991334,0.0017382265,0.47209203,0.5261698
,1-butyl-3-methylimidazolium tricyanomethanide,CCCCn1cc[n+](C)c1.N#CC(=C=[N-])C#N,[C4MIm][C(CN)3],1-hexene,C=CCCCC,alkene,n-hexane,CCCCCC,alkane,0.95600003,0.015000001,0.029000001,0.0,0.186,0.814,101.325,0.15789473,588,298.15,0.98246855,0.012037375,0.005494034,0.0017911982,0.4756422,0.52256656
,1-butyl-3-methylimidazolium tricyanomethanide,CCCCn1cc[n+](C)c1.N#CC(=C=[N-])C#N,[C4MIm][C(CN)3],1-hexene,C=CCCCC,alkene,n-hexane,CCCCCC,alkane,0.954,0.018,0.028,0.0,0.225,0.775,101.325,0.21052632,588,298.15,0.9814153,0.012776079,0.005808671,0.0018454052,0.47922266,0.518932
,1-butyl-3-methylimidazolium tricyanomethanide,CCCCn1cc[n+](C)c1.N#CC(=C=[N-])C#N,[C4MIm][C(CN)3],1-hexene,C=CCCCC,alkene,n-hexane,CCCCCC,alkane,0.952,0.021,0.027,0.0,0.285,0.715,101.325,0.2631579,588,298.15,0.979224,0.014431466,0.0063445335,0.0021010262,0.48787346,0.5100255
,1-butyl-3-methylimidazolium tricyanomethanide,CCCCn1cc[n+](C)c1.N#CC(=C=[N-])C#N,[C4MIm][C(CN)3],1-hexene,C=CCCCC,alkene,n-hexane,CCCCCC,alkane,0.949,0.028,0.023,0.0,0.343,0.657,101.325,0.31578946,588,298.15,0.97786534,0.015439008,0.0066957297,0.0021874523,0.49396965,0.50384295
,1-butyl-3-methylimidazolium tricyanomethanide,CCCCn1cc[n+](C)c1.N#CC(=C=[N-])C#N,[C4MIm][C(CN)3],1-hexene,C=CCCCC,alkene,n-hexane,CCCCCC,alkane,0.946,0.032,0.022,0.0,0.407,0.593,101.325,0.36842105,588,298.15,0.97649014,0.016447145,0.0070626936,0.0023161368,0.49453822,0.50314564
,1-butyl-3-methylimidazolium tricyanomethanide,CCCCn1cc[n+](C)c1.N#CC(=C=[N-])C#N,[C4MIm][C(CN)3],1-hexene,C=CCCCC,alkene,n-hexane,CCCCCC,alkane,0.944,0.037,0.019,0.0,0.482,0.518,101.325,0.42105263,588,298.15,0.9750944,0.017455189,0.007450392,0.0024141355,0.49664208,0.5009438
,1-butyl-3-methylimidazolium tricyanomethanide,CCCCn1cc[n+](C)c1.N#CC(=C=[N-])C#N,[C4MIm][C(CN)3],1-hexene,C=CCCCC,alkene,n-hexane,CCCCCC,alkane,0.94100004,0.043000005,0.016000003,0.0,0.556,0.444,101.325,0.47368422,588,298.15,0.9736303,0.018500915,0.007868739,0.0024861132,0.5003271,0.49718678
,1-butyl-3-methylimidazolium tricyanomethanide,CCCCn1cc[n+](C)c1.N#CC(=C=[N-])C#N,[C4MIm][C(CN)3],1-hexene,C=CCCCC,alkene,n-hexane,CCCCCC,alkane,0.938,0.048,0.014,0.0,0.608,0.392,101.325,0.5263158,588,298.15,0.9729178,0.018981807,0.008100476,0.0023771862,0.50346303,0.4941598
,1-butyl-3-methylimidazolium tricyanomethanide,CCCCn1cc[n+](C)c1.N#CC(=C=[N-])C#N,[C4MIm][C(CN)3],1-hexene,C=CCCCC,alkene,n-hexane,CCCCCC,alkane,0.936,0.052,0.012,0.0,0.67,0.33,101.325,0.57894737,588,298.15,0.97176534,0.019790689,0.008443913,0.002356565,0.50685227,0.49079117
,1-butyl-3-methylimidazolium tricyanomethanide,CCCCn1cc[n+](C)c1.N#CC(=C=[N-])C#N,[C4MIm][C(CN)3],1-hexene,C=CCCCC,alkene,n-hexane,CCCCCC,alkane,0.933,0.057,0.01,0.0,0.73,0.27,101.325,0.6315789,588,298.15,0.97009677,0.020980462,0.008922818,0.0024267132,0.5105474,0.48702592
,1-butyl-3-methylimidazolium tricyanomethanide,CCCCn1cc[n+](C)c1.N#CC(=C=[N-])C#N,[C4MIm][C(CN)3],1-hexene,C=CCCCC,alkene,n-hexane,CCCCCC,alkane,0.932,0.06,0.008,0.0,0.77,0.23,101.325,0.68421054,588,298.15,0.9683157,0.022254854,0.009429404,0.0024989855,0.5142694,0.48323163
,1-butyl-3-methylimidazolium tricyanomethanide,CCCCn1cc[n+](C)c1.N#CC(=C=[N-])C#N,[C4MIm][C(CN)3],1-hexene,C=CCCCC,alkene,n-hexane,CCCCCC,alkane,0.93,0.064,0.006,0.0,0.823,0.177,101.325,0.7368421,588,298.15,0.96644795,0.02359176,0.009960162,0.0025722377,0.5179749,0.47945288
,1-butyl-3-methylimidazolium tricyanomethanide,CCCCn1cc[n+](C)c1.N#CC(=C=[N-])C#N,[C4MIm][C(CN)3],1-hexene,C=CCCCC,alkene,n-hexane,CCCCCC,alkane,0.928,0.068,0.004,0.0,0.869,0.131,101.325,0.7894737,588,298.15,0.962627,0.026368001,0.011005073,0.0029992107,0.52296597,0.47403485
,1-butyl-3-methylimidazolium tricyanomethanide,CCCCn1cc[n+](C)c1.N#CC(=C=[N-])C#N,[C4MIm][C(CN)3],1-hexene,C=CCCCC,alkene,n-hexane,CCCCCC,alkane,0.927,0.07,0.003,0.0,0.904,0.096,101.325,0.84210527,588,298.15,0.9604366,0.027943129,0.011620275,0.0030870435,0.52668816,0.4702248
,1-butyl-3-methylimidazolium tricyanomethanide,CCCCn1cc[n+](C)c1.N#CC(=C=[N-])C#N,[C4MIm][C(CN)3],1-hexene,C=CCCCC,alkene,n-hexane,CCCCCC,alkane,0.926,0.072,0.002,0.0,0.943,0.057,101.325,0.8947368,588,298.15,0.958532,0.029264312,0.012203742,0.003128913,0.5278833,0.46898782
,1-butyl-3-methylimidazolium tricyanomethanide,CCCCn1cc[n+](C)c1.N#CC(=C=[N-])C#N,[C4MIm][C(CN)3],1-hexene,C=CCCCC,alkene,n-hexane,CCCCCC,alkane,0.924,0.075,0.001,0.0,0.983,0.017,101.325,0.94736844,588,298.15,0.95929843,0.028505173,0.012196378,0.0027833704,0.52507305,0.47214353
,1-butyl-3-methylimidazolium tricyanomethanide,CCCCn1cc[n+](C)c1.N#CC(=C=[N-])C#N,[C4MIm][C(CN)3],1-hexene,C=CCCCC,alkene,n-hexane,CCCCCC,alkane,0.924,0.076,0.0,0.0,1.0,0.0,101.325,1.0,588,298.15,0.9568729,0.030237246,0.012889812,0.0028662707,0.5286966,0.46843714
no,1-(3-hydroxypropyl)-3-methylimidazolium dicyanamide,C[n+]1ccn(CCCO)c1.N#CN=C=[N-],[OHC3MIm][N(CN)2],cyclohexane,C1CCCCC1,cycloalkane,cyclohexene,C1=CCCCC1,alkene,0.971,0.0,0.029,0.0,0.0,1.0,101.325,0.0,606,298.15,0.99694926,0.0009775335,0.0020732968,0.0007289261,0.50966513,0.48960596
no,1-(3-hydroxypropyl)-3-methylimidazolium dicyanamide,C[n+]1ccn(CCCO)c1.N#CN=C=[N-],[OHC3MIm][N(CN)2],cyclohexane,C1CCCCC1,cycloalkane,cyclohexene,C1=CCCCC1,alkene,0.972,0.001,0.027,0.0,0.086,0.914,101.325,0.09090909,606,298.15,0.9966461,0.0010803227,0.0022735416,0.0007586007,0.504505,0.4947364
no,1-(3-hydroxypropyl)-3-methylimidazolium dicyanamide,C[n+]1ccn(CCCO)c1.N#CN=C=[N-],[OHC3MIm][N(CN)2],cyclohexane,C1CCCCC1,cycloalkane,cyclohexene,C1=CCCCC1,alkene,0.97400004,0.0020000003,0.024000002,0.0,0.194,0.806,101.325,0.18181819,606,298.15,0.9962978,0.0011938238,0.0025083278,0.00079843996,0.5000989,0.49910262
no,1-(3-hydroxypropyl)-3-methylimidazolium dicyanamide,C[n+]1ccn(CCCO)c1.N#CN=C=[N-],[OHC3MIm][N(CN)2],cyclohexane,C1CCCCC1,cycloalkane,cyclohexene,C1=CCCCC1,alkene,0.976,0.002,0.022,0.0,0.278,0.722,101.325,0.27272728,606,298.15,0.99591136,0.0013200546,0.002768641,0.0008407923,0.49568176,0.5034774
no,1-(3-hydroxypropyl)-3-methylimidazolium dicyanamide,C[n+]1ccn(CCCO)c1.N#CN=C=[N-],[OHC3MIm][N(CN)2],cyclohexane,C1CCCCC1,cycloalkane,cyclohexene,C1=CCCCC1,alkene,0.977,0.004,0.019,0.0,0.367,0.633,101.325,0.36363637,606,298.15,0.99566454,0.0014066458,0.0029288635,0.00080968835,0.4924852,0.5067051
no,1-(3-hydroxypropyl)-3-methylimidazolium dicyanamide,C[n+]1ccn(CCCO)c1.N#CN=C=[N-],[OHC3MIm][N(CN)2],cyclohexane,C1CCCCC1,cycloalkane,cyclohexene,C1=CCCCC1,alkene,0.98,0.005,0.015,0.0,0.484,0.516,101.325,0.45454547,606,298.15,0.9952981,0.0015300117,0.0031719373,0.000815219,0.48865584,0.510529
no,1-(3-hydroxypropyl)-3-methylimidazolium dicyanamide,C[n+]1ccn(CCCO)c1.N#CN=C=[N-],[OHC3MIm][N(CN)2],cyclohexane,C1CCCCC1,cycloalkane,cyclohexene,C1=CCCCC1,alkene,0.98300004,0.0060000005,0.011000001,0.0,0.589,0.411,101.325,0.54545456,606,298.15,0.99479926,0.001693968,0.0035068346,0.00085818936,0.4841354,0.5150065
no,1-(3-hydroxypropyl)-3-methylimidazolium dicyanamide,C[n+]1ccn(CCCO)c1.N#CN=C=[N-],[OHC3MIm][N(CN)2],cyclohexane,C1CCCCC1,cycloalkane,cyclohexene,C1=CCCCC1,alkene,0.984,0.007,0.009,0.0,0.677,0.323,101.325,0.6363636,606,298.15,0.99424464,0.0018759356,0.003879324,0.0009033027,0.47962326,0.51947343
no,1-(3-hydroxypropyl)-3-methylimidazolium dicyanamide,C[n+]1ccn(CCCO)c1.N#CN=C=[N-],[OHC3MIm][N(CN)2],cyclohexane,C1CCCCC1,cycloalkane,cyclohexene,C1=CCCCC1,alkene,0.986,0.008,0.006,0.0,0.772,0.228,101.325,0.72727275,606,298.15,0.99236614,0.0025388403,0.0050950195,0.0015538345,0.47456327,0.52388287
no,1-(3-hydroxypropyl)-3-methylimidazolium dicyanamide,C[n+]1ccn(CCCO)c1.N#CN=C=[N-],[OHC3MIm][N(CN)2],cyclohexane,C1CCCCC1,cycloalkane,cyclohexene,C1=CCCCC1,alkene,0.987,0.009,0.004,0.0,0.85,0.15,101.325,0.8181818,606,298.15,0.99157083,0.0028060188,0.005623047,0.0016344145,0.47026572,0.52809983
no,1-(3-hydroxypropyl)-3-methylimidazolium dicyanamide,C[n+]1ccn(CCCO)c1.N#CN=C=[N-],[OHC3MIm][N(CN)2],cyclohexane,C1CCCCC1,cycloalkane,cyclohexene,C1=CCCCC1,alkene,0.989,0.009,0.002,0.0,0.935,0.065,101.325,0.90909094,606,298.15,0.9906922,0.003101463,0.0062063634,0.0017188834,0.46601158,0.53226954
no,1-(3-hydroxypropyl)-3-methylimidazolium dicyanamide,C[n+]1ccn(CCCO)c1.N#CN=C=[N-],[OHC3MIm][N(CN)2],cyclohexane,C1CCCCC1,cycloalkane,cyclohexene,C1=CCCCC1,alkene,0.99,0.01,0.0,0.0,1.0,0.0,101.325,1.0,606,298.15,0.98972136,0.0034278696,0.0068507455,0.0018071382,0.46175244,0.53644043
no,(3-cyanopropyl)pyridinium dicyanamide,N#CCCC[n+]1ccccc1.N#CN=C=[N-],[C3CNPy][N(CN)2],cyclohexane,C1CCCCC1,cycloalkane,cyclohexene,C1=CCCCC1,alkene,0.979,0.0,0.021,0.0,0.0,1.0,101.325,0.0,607,298.15,0.99515224,0.0016401943,0.0032076025,0.0013595868,0.5068897,0.49175075
no,(3-cyanopropyl)pyridinium dicyanamide,N#CCCC[n+]1ccccc1.N#CN=C=[N-],[C3CNPy][N(CN)2],cyclohexane,C1CCCCC1,cycloalkane,cyclohexene,C1=CCCCC1,alkene,0.979,0.0,0.021,0.0,0.051,0.949,101.325,0.11111111,607,298.15,0.9943844,0.0019075033,0.0037080736,0.0015307791,0.5016174,0.49685177
no,(3-cyanopropyl)pyridinium dicyanamide,N#CCCC[n+]1ccccc1.N#CN=C=[N-],[C3CNPy][N(CN)2],cyclohexane,C1CCCCC1,cycloalkane,cyclohexene,C1=CCCCC1,alkene,0.97900003,0.0010000002,0.020000001,0.0,0.11,0.89,101.325,0.22222222,607,298.15,0.99369824,0.002143232,0.004158468,0.0016273077,0.4965875,0.50178516
no,(3-cyanopropyl)pyridinium dicyanamide,N#CCCC[n+]1ccccc1.N#CN=C=[N-],[C3CNPy][N(CN)2],cyclohexane,C1CCCCC1,cycloalkane,cyclohexene,C1=CCCCC1,alkene,0.981,0.002,0.017,0.0,0.21,0.79,101.325,0.33333334,607,298.15,0.99291986,0.0024102377,0.004669844,0.0017304416,0.4915698,0.50669974
no,(3-cyanopropyl)pyridinium dicyanamide,N#CCCC[n+]1ccccc1.N#CN=C=[N-],[C3CNPy][N(CN)2],cyclohexane,C1CCCCC1,cycloalkane,cyclohexene,C1=CCCCC1,alkene,0.983,0.003,0.014,0.0,0.402,0.598,101.325,0.44444445,607,298.15,0.99211603,0.002682622,0.0052014026,0.0018239757,0.48627064,0.5119054
no,(3-cyanopropyl)pyridinium dicyanamide,N#CCCC[n+]1ccccc1.N#CN=C=[N-],[C3CNPy][N(CN)2],cyclohexane,C1CCCCC1,cycloalkane,cyclohexene,C1=CCCCC1,alkene,0.986,0.004,0.01,0.0,0.542,0.458,101.325,0.5555556,607,298.15,0.9912288,0.002976427,0.005794761,0.0019240092,0.48069695,0.51737905
no,(3-cyanopropyl)pyridinium dicyanamide,N#CCCC[n+]1ccccc1.N#CN=C=[N-],[C3CNPy][N(CN)2],cyclohexane,C1CCCCC1,cycloalkane,cyclohexene,C1=CCCCC1,alkene,0.989,0.005,0.006,0.0,0.726,0.274,101.325,0.6666667,607,298.15,0.9901417,0.0033485792,0.0065097464,0.0020441061,0.4756786,0.5222773
no,(3-cyanopropyl)pyridinium dicyanamide,N#CCCC[n+]1ccccc1.N#CN=C=[N-],[C3CNPy][N(CN)2],cyclohexane,C1CCCCC1,cycloalkane,cyclohexene,C1=CCCCC1,alkene,0.99200004,0.0060000005,0.0020000003,0.0,0.891,0.109,101.325,0.7777778,607,298.15,0.99089724,0.0030611667,0.006041587,0.001327085,0.4757357,0.52293724
no,(3-cyanopropyl)pyridinium dicyanamide,N#CCCC[n+]1ccccc1.N#CN=C=[N-],[C3CNPy][N(CN)2],cyclohexane,C1CCCCC1,cycloalkane,cyclohexene,C1=CCCCC1,alkene,0.99200004,0.0060000005,0.0020000003,0.0,0.953,0.047,101.325,0.8888889,607,298.15,0.9897305,0.0034553024,0.0068142186,0.0014109517,0.4703926,0.52819645
no,(3-cyanopropyl)pyridinium dicyanamide,N#CCCC[n+]1ccccc1.N#CN=C=[N-],[C3CNPy][N(CN)2],cyclohexane,C1CCCCC1,cycloalkane,cyclohexene,C1=CCCCC1,alkene,0.994,0.006,0.0,0.0,1.0,0.0,101.325,1.0,607,298.15,0.98840386,0.0039042945,0.007691866,0.001500072,0.46498632,0.5335136
,1-ethyl-3-methylimidazolium bis(trifluoromethylsulfonyl)imide,CCn1cc[n+](C)c1.O=S(=O)([N-]S(=O)(=O)C(F)(F)F)C(F)(F)F,[C2MIm][NTf2],2-pentyl butyrate,CCCC(=O)OC(C)CCC,ester,n-hexane,CCCCCC,alkane,0.709,0.291,0.0,0.0,0.856,0.144,101.325,0.0,620,303.15,0.85453737,0.12647618,0.01898636,0.004648869,0.38455713,0.610794
,1-ethyl-3-methylimidazolium bis(trifluoromethylsulfonyl)imide,CCn1cc[n+](C)c1.O=S(=O)([N-]S(=O)(=O)C(F)(F)F)C(F)(F)F,[C2MIm][NTf2],2-pentyl butyrate,CCCC(=O)OC(C)CCC,ester,n-hexane,CCCCCC,alkane,0.779,0.221,0.0,0.0,0.727,0.273,101.325,0.2,620,303.15,0.8155566,0.16036692,0.024076564,0.0059317406,0.4214594,0.5726089
,1-ethyl-3-methylimidazolium bis(trifluoromethylsulfonyl)imide,CCn1cc[n+](C)c1.O=S(=O)([N-]S(=O)(=O)C(F)(F)F)C(F)(F)F,[C2MIm][NTf2],2-pentyl butyrate,CCCC(=O)OC(C)CCC,ester,n-hexane,CCCCCC,alkane,0.79,0.21,0.0,0.0,0.582,0.418,101.325,0.4,620,303.15,0.77457696,0.19630247,0.029120566,0.0066743153,0.456182,0.5371437
,1-ethyl-3-methylimidazolium bis(trifluoromethylsulfonyl)imide,CCn1cc[n+](C)c1.O=S(=O)([N-]S(=O)(=O)C(F)(F)F)C(F)(F)F,[C2MIm][NTf2],2-pentyl butyrate,CCCC(=O)OC(C)CCC,ester,n-hexane,CCCCCC,alkane,0.82,0.18,0.0,0.0,0.419,0.581,101.325,0.6,620,303.15,0.72506624,0.2398113,0.03512249,0.007993575,0.4890966,0.5029098
,1-ethyl-3-methylimidazolium bis(trifluoromethylsulfonyl)imide,CCn1cc[n+](C)c1.O=S(=O)([N-]S(=O)(=O)C(F)(F)F)C(F)(F)F,[C2MIm][NTf2],2-pentyl butyrate,CCCC(=O)OC(C)CCC,ester,n-hexane,CCCCCC,alkane,0.83,0.17,0.0,0.0,0.233,0.767,101.325,0.8,620,303.15,0.6674509,0.29034844,0.04220065,0.010328056,0.519297,0.47037494
,1-ethyl-3-methylimidazolium bis(trifluoromethylsulfonyl)imide,CCn1cc[n+](C)c1.O=S(=O)([N-]S(=O)(=O)C(F)(F)F)C(F)(F)F,[C2MIm][NTf2],2-pentyl butyrate,CCCC(=O)OC(C)CCC,ester,n-hexane,CCCCCC,alkane,0.927,0.073,0.0,0.0,0.106,0.894,101.325,1.0,620,303.15,0.61201805,0.33951533,0.048466556,0.0109111415,0.5536318,0.4354571
,1-butyl-3-methylimidazolium bis(trifluoromethylsulfonyl)imide,CCCCn1cc[n+](C)c1.O=S(=O)([N-]S(=O)(=O)C(F)(F)F)C(F)(F)F,[C4MIm][NTf2],ethanol,CCO,alcohol,n-heptane,CCCCCCC,alkane,0.939,0.0,0.061,0.0,0.0,1.0,101.325,0.0,641,298.15,0.5895797,0.36079478,0.049625512,0.0037262207,0.032894477,0.9633793
,1-butyl-3-methylimidazolium bis(trifluoromethylsulfonyl)imide,CCCCn1cc[n+](C)c1.O=S(=O)([N-]S(=O)(=O)C(F)(F)F)C(F)(F)F,[C4MIm][NTf2],ethanol,CCO,alcohol,n-heptane,CCCCCCC,alkane,0.673,0.268,0.059,0.0,0.014,0.986,101.325,0.125,641,298.15,0.54975414,0.39551833,0.0547275,0.004528931,0.03688513,0.95858586
,1-butyl-3-methylimidazolium bis(trifluoromethylsulfonyl)imide,CCCCn1cc[n+](C)c1.O=S(=O)([N-]S(=O)(=O)C(F)(F)F)C(F)(F)F,[C4MIm][NTf2],ethanol,CCO,alcohol,n-heptane,CCCCCCC,alkane,0.555,0.38,0.065,0.0,0.028,0.972,101.325,0.25,641,298.15,0.50898355,0.43021074,0.060805682,0.0060787634,0.041411635,0.9525096
,1-butyl-3-methylimidazolium bis(trifluoromethylsulfonyl)imide,CCCCn1cc[n+](C)c1.O=S(=O)([N-]S(=O)(=O)C(F)(F)F)C(F)(F)F,[C4MIm][NTf2],ethanol,CCO,alcohol,n-heptane,CCCCCCC,alkane,0.499,0.434,0.067,0.0,0.038,0.962,101.325,0.375,641,298.15,0.47050378,0.46414372,0.065352514,0.0067663887,0.046261396,0.94697225
,1-butyl-3-methylimidazolium bis(trifluoromethylsulfonyl)imide,CCCCn1cc[n+](C)c1.O=S(=O)([N-]S(=O)(=O)C(F)(F)F)C(F)(F)F,[C4MIm][NTf2],ethanol,CCO,alcohol,n-heptane,CCCCCCC,alkane,0.432,0.498,0.07,0.0,0.075,0.925,101.325,0.5,641,298.15,0.44549933,0.485238,0.069262676,0.007123938,0.048763815,0.94411236
,1-butyl-3-methylimidazolium bis(trifluoromethylsulfonyl)imide,CCCCn1cc[n+](C)c1.O=S(=O)([N-]S(=O)(=O)C(F)(F)F)C(F)(F)F,[C4MIm][NTf2],ethanol,CCO,alcohol,n-heptane,CCCCCCC,alkane,0.372,0.559,0.069,0.0,0.112,0.888,101.325,0.625,641,298.15,0.4516202,0.47775382,0.07062594,0.005929445,0.048688885,0.9453817
,1-butyl-3-methylimidazolium bis(trifluoromethylsulfonyl)imide,CCCCn1cc[n+](C)c1.O=S(=O)([N-]S(=O)(=O)C(F)(F)F)C(F)(F)F,[C4MIm][NTf2],ethanol,CCO,alcohol,n-heptane,CCCCCCC,alkane,0.332,0.596,0.072,0.0,0.151,0.849,101.325,0.75,641,298.15,0.4129004,0.51181144,0.0752882,0.006600465,0.054334417,0.93906504
,1-butyl-3-methylimidazolium bis(trifluoromethylsulfonyl)imide,CCCCn1cc[n+](C)c1.O=S(=O)([N-]S(=O)(=O)C(F)(F)F)C(F)(F)F,[C4MIm][NTf2],ethanol,CCO,alcohol,n-heptane,CCCCCCC,alkane,0.293,0.633,0.074,0.0,0.198,0.802,101.325,0.875,641,298.15,0.37518698,0.5450099,0.07980318,0.0073397486,0.060600586,0.9320597
,1-butyl-3-methylimidazolium bis(trifluoromethylsulfonyl)imide,CCCCn1cc[n+](C)c1.O=S(=O)([N-]S(=O)(=O)C(F)(F)F)C(F)(F)F,[C4MIm][NTf2],ethanol,CCO,alcohol,n-heptane,CCCCCCC,alkane,0.221,0.695,0.084,0.0,0.23,0.77,101.325,1.0,641,298.15,0.3389908,0.5769321,0.08407711,0.008151983,0.06753191,0.9243161
,1-(2-methoxyethyl)-1-methylpiperidinium bis(trifluoromethylsulfonyl)imide,COCC[N+]1(C)CCCCC1.O=S(=O)([N-]S(=O)(=O)C(F)(F)F)C(F)(F)F,[COC2mPip][NTf2],methanol,CO,alcohol,n-heptane,CCCCCCC,alkane,0.961,0.0,0.039,0.0,0.0,1.0,101.325,0.0,650,298.15,0.56375563,0.40391827,0.032326188,0.0023879914,0.024312278,0.9732998
,1-(2-methoxyethyl)-1-methylpiperidinium bis(trifluoromethylsulfonyl)imide,COCC[N+]1(C)CCCCC1.O=S(=O)([N-]S(=O)(=O)C(F)(F)F)C(F)(F)F,[COC2mPip][NTf2],methanol,CO,alcohol,n-heptane,CCCCCCC,alkane,0.907,0.055,0.038,0.0,0.008,0.992,101.325,0.07692308,650,298.15,0.53793323,0.4279571,0.03410964,0.002576444,0.026428353,0.9709953
,1-(2-methoxyethyl)-1-methylpiperidinium bis(trifluoromethylsulfonyl)imide,COCC[N+]1(C)CCCCC1.O=S(=O)([N-]S(=O)(=O)C(F)(F)F)C(F)(F)F,[COC2mPip][NTf2],methanol,CO,alcohol,n-heptane,CCCCCCC,alkane,0.795,0.168,0.037,0.0,0.01,0.99,101.325,0.15384616,650,298.15,0.51192147,0.4521806,0.035897963,0.0027797658,0.02872408,0.96849614
,1-(2-methoxyethyl)-1-methylpiperidinium bis(trifluoromethylsulfonyl)imide,COCC[N+]1(C)CCCCC1.O=S(=O)([N-]S(=O)(=O)C(F)(F)F)C(F)(F)F,[COC2mPip][NTf2],methanol,CO,alcohol,n-heptane,CCCCCCC,alkane,0.583,0.382,0.035,0.0,0.011,0.989,101.325,0.23076923,650,298.15,0.48582146,0.4764981,0.037680477,0.0029985947,0.03122254,0.96577895
,1-(2-methoxyethyl)-1-methylpiperidinium bis(trifluoromethylsulfonyl)imide,COCC[N+]1(C)CCCCC1.O=S(=O)([N-]S(=O)(=O)C(F)(F)F)C(F)(F)F,[COC2mPip][NTf2],methanol,CO,alcohol,n-heptane,CCCCCCC,alkane,0.472,0.497,0.031,0.0,0.014,0.986,101.325,0.30769232,650,298.15,0.45986435,0.50069237,0.03944325,0.0032325254,0.03392995,0.9628375
,1-(2-methoxyethyl)-1-methylpiperidinium bis(trifluoromethylsulfonyl)imide,COCC[N+]1(C)CCCCC1.O=S(=O)([N-]S(=O)(=O)C(F)(F)F)C(F)(F)F,[COC2mPip][NTf2],methanol,CO,alcohol,n-heptane,CCCCCCC,alkane,0.36,0.609,0.031,0.0,0.022,0.978,101.325,0.3846154,650,298.15,0.4340907,0.52472645,0.041182853,0.0034847977,0.036860004,0.95965517
,1-(2-methoxyethyl)-1-methylpiperidinium bis(trifluoromethylsulfonyl)imide,COCC[N+]1(C)CCCCC1.O=S(=O)([N-]S(=O)(=O)C(F)(F)F)C(F)(F)F,[COC2mPip][NTf2],methanol,CO,alcohol,n-heptane,CCCCCCC,alkane,0.282,0.688,0.03,0.0,0.03,0.97,101.325,0.46153846,650,298.15,0.40843135,0.5488102,0.042758387,0.003690038,0.040031653,0.95627826
,1-(2-methoxyethyl)-1-methylpiperidinium bis(trifluoromethylsulfonyl)imide,COCC[N+]1(C)CCCCC1.O=S(=O)([N-]S(=O)(=O)C(F)(F)F)C(F)(F)F,[COC2mPip][NTf2],methanol,CO,alcohol,n-heptane,CCCCCCC,alkane,0.184,0.784,0.032,0.0,0.049,0.951,101.325,0.53846157,650,298.15,0.38317063,0.5726826,0.04414678,0.0038425191,0.043446355,0.9527111
,1-(2-methoxyethyl)-1-methylpiperidinium bis(trifluoromethylsulfonyl)imide,COCC[N+]1(C)CCCCC1.O=S(=O)([N-]S(=O)(=O)C(F)(F)F)C(F)(F)F,[COC2mPip][NTf2],methanol,CO,alcohol,n-heptane,CCCCCCC,alkane,0.11,0.855,0.035,0.0,0.063,0.937,101.325,0.61538464,650,298.15,0.35890818,0.5953517,0.045740146,0.004136602,0.04716711,0.9486963
,1-(2-methoxyethyl)-1-methylpiperidinium bis(trifluoromethylsulfonyl)imide,COCC[N+]1(C)CCCCC1.O=S(=O)([N-]S(=O)(=O)C(F)(F)F)C(F)(F)F,[COC2mPip][NTf2],methanol,CO,alcohol,n-heptane,CCCCCCC,alkane,0.102,0.862,0.036,0.0,0.068,0.932,101.325,0.6923077,650,298.15,0.33525833,0.617459,0.0472826,0.0044533224,0.051236488,0.94431025
,1-(2-methoxyethyl)-1-methylpiperidinium bis(trifluoromethylsulfonyl)imide,COCC[N+]1(C)CCCCC1.O=S(=O)([N-]S(=O)(=O)C(F)(F)F)C(F)(F)F,[COC2mPip][NTf2],methanol,CO,alcohol,n-heptane,CCCCCCC,alkane,0.059,0.9,0.041,0.0,0.077,0.923,101.325,0.7692308,650,298.15,0.31262773,0.63857746,0.048794717,0.0048122075,0.05557182,0.939616
,1-(2-methoxyethyl)-1-methylpiperidinium bis(trifluoromethylsulfonyl)imide,COCC[N+]1(C)CCCCC1.O=S(=O)([N-]S(=O)(=O)C(F)(F)F)C(F)(F)F,[COC2mPip][NTf2],methanol,CO,alcohol,n-heptane,CCCCCCC,alkane,0.026,0.915,0.059,0.0,0.114,0.886,101.325,0.84615386,650,298.15,0.29079223,0.6589212,0.050286546,0.0052218977,0.060262695,0.93451536
,1-(2-methoxyethyl)-1-methylpiperidinium bis(trifluoromethylsulfonyl)imide,COCC[N+]1(C)CCCCC1.O=S(=O)([N-]S(=O)(=O)C(F)(F)F)C(F)(F)F,[COC2mPip][NTf2],methanol,CO,alcohol,n-heptane,CCCCCCC,alkane,0.009,0.909,0.082,0.0,0.139,0.861,101.325,0.9230769,650,298.15,0.26994464,0.6784371,0.051618256,0.0056108213,0.0653425,0.92904663
,1-(2-methoxyethyl)-1-methylpiperidinium bis(trifluoromethylsulfonyl)imide,COCC[N+]1(C)CCCCC1.O=S(=O)([N-]S(=O)(=O)C(F)(F)F)C(F)(F)F,[COC2mPip][NTf2],methanol,CO,alcohol,n-heptane,CCCCCCC,alkane,0.0,0.899,0.101,0.0,0.152,0.848,101.325,1.0,650,298.15,0.24994266,0.6971631,0.05289422,0.00602844,0.07084547,0.92312616
no,1-methyl-3-propylimidazolium bis(trifluoromethylsulfonyl)imide,CCCn1cc[n+](C)c1.O=S(=O)([N-]S(=O)(=O)C(F)(F)F)C(F)(F)F,[C3MIm][NTf2],ethanol,CCO,alcohol,n-heptane,CCCCCCC,alkane,0.956,0.0,0.044,0.0,0.0,1.0,101.325,0.0,653,298.15,0.6509923,0.30758598,0.041421723,0.0029317127,0.03272524,0.9643431
no,1-methyl-3-propylimidazolium bis(trifluoromethylsulfonyl)imide,CCCn1cc[n+](C)c1.O=S(=O)([N-]S(=O)(=O)C(F)(F)F)C(F)(F)F,[C3MIm][NTf2],ethanol,CCO,alcohol,n-heptane,CCCCCCC,alkane,0.72400004,0.23300001,0.043000005,0.0,0.013,0.987,101.325,0.14285715,653,298.15,0.60786426,0.34588283,0.046252858,0.0033348028,0.037247077,0.9594181
no,1-methyl-3-propylimidazolium bis(trifluoromethylsulfonyl)imide,CCCn1cc[n+](C)c1.O=S(=O)([N-]S(=O)(=O)C(F)(F)F)C(F)(F)F,[C3MIm][NTf2],ethanol,CCO,alcohol,n-heptane,CCCCCCC,alkane,0.698,0.257,0.045,0.0,0.018,0.982,101.325,0.2857143,653,298.15,0.5585234,0.39334357,0.048132997,0.0030313998,0.04342368,0.95354486
no,1-methyl-3-propylimidazolium bis(trifluoromethylsulfonyl)imide,CCCn1cc[n+](C)c1.O=S(=O)([N-]S(=O)(=O)C(F)(F)F)C(F)(F)F,[C3MIm][NTf2],ethanol,CCO,alcohol,n-heptane,CCCCCCC,alkane,0.59800005,0.35500002,0.047000002,0.0,0.028,0.972,101.325,0.42857143,653,298.15,0.5126154,0.43448517,0.05289941,0.0034427843,0.049429346,0.94712794
no,1-methyl-3-propylimidazolium bis(trifluoromethylsulfonyl)imide,CCCn1cc[n+](C)c1.O=S(=O)([N-]S(=O)(=O)C(F)(F)F)C(F)(F)F,[C3MIm][NTf2],ethanol,CCO,alcohol,n-heptane,CCCCCCC,alkane,0.51600003,0.43100002,0.053000003,0.0,0.045,0.955,101.325,0.5714286,653,298.15,0.46643364,0.4758957,0.057670582,0.0039054027,0.05623891,0.9398557
no,1-methyl-3-propylimidazolium bis(trifluoromethylsulfonyl)imide,CCCn1cc[n+](C)c1.O=S(=O)([N-]S(=O)(=O)C(F)(F)F)C(F)(F)F,[C3MIm][NTf2],ethanol,CCO,alcohol,n-heptane,CCCCCCC,alkane,0.448,0.496,0.056,0.0,0.081,0.919,101.325,0.71428573,653,298.15,0.39496714,0.54045945,0.0645734,0.00507164,0.06651736,0.92841095
no,1-methyl-3-propylimidazolium bis(trifluoromethylsulfonyl)imide,CCCn1cc[n+](C)c1.O=S(=O)([N-]S(=O)(=O)C(F)(F)F)C(F)(F)F,[C3MIm][NTf2],ethanol,CCO,alcohol,n-heptane,CCCCCCC,alkane,0.407,0.535,0.058,0.0,0.112,0.888,101.325,0.85714287,653,298.15,0.35193977,0.5791435,0.06891674,0.005734622,0.07555556,0.9187098
no,1-methyl-3-propylimidazolium bis(trifluoromethylsulfonyl)imide,CCCn1cc[n+](C)c1.O=S(=O)([N-]S(=O)(=O)C(F)(F)F)C(F)(F)F,[C3MIm][NTf2],ethanol,CCO,alcohol,n-heptane,CCCCCCC,alkane,0.367,0.573,0.06,0.0,0.153,0.847,101.325,1.0,653,298.15,0.3110663,0.6159054,0.073028356,0.0064761727,0.08575221,0.9077715
no,3-methyl-N-butylpyridinium,CCCC[n+]1cccc(C)c1,[C4MPy][CF3SO3],ethanol,CCO,alcohol,n-hexane,CCCCCC,alkane,0.923,0.0,0.077,0.0,0.0,1.0,101.325,0.0,683,298.15,0.55311,0.40000048,0.04688946,0.00210671,0.025506327,0.972387
no,3-methyl-N-butylpyridinium,CCCC[n+]1cccc(C)c1,[C4MPy][CF3SO3],ethanol,CCO,alcohol,n-hexane,CCCCCC,alkane,0.72800004,0.21000001,0.062000003,0.0,0.004,0.996,101.325,0.14285715,683,298.15,0.5161753,0.4331702,0.050654456,0.0023023128,0.02847014,0.9692276
no,3-methyl-N-butylpyridinium,CCCC[n+]1cccc(C)c1,[C4MPy][CF3SO3],ethanol,CCO,alcohol,n-hexane,CCCCCC,alkane,0.556,0.375,0.069,0.0,0.016,0.984,101.325,0.2857143,683,298.15,0.48956755,0.4569958,0.053436648,0.0023640792,0.031420138,0.9662158
no,3-methyl-N-butylpyridinium,CCCC[n+]1cccc(C)c1,[C4MPy][CF3SO3],ethanol,CCO,alcohol,n-hexane,CCCCCC,alkane,0.424,0.507,0.069,0.0,0.032,0.968,101.325,0.42857143,683,298.15,0.446124,0.49603683,0.05783924,0.0026672976,0.035518166,0.9618146
no,3-methyl-N-butylpyridinium,CCCC[n+]1cccc(C)c1,[C4MPy][CF3SO3],ethanol,CCO,alcohol,n-hexane,CCCCCC,alkane,0.37,0.561,0.069,0.0,0.045,0.955,101.325,0.5714286,683,298.15,0.4066216,0.5316405,0.061737847,0.002864869,0.03958055,0.9575546
no,3-methyl-N-butylpyridinium,CCCC[n+]1cccc(C)c1,[C4MPy][CF3SO3],ethanol,CCO,alcohol,n-hexane,CCCCCC,alkane,0.28100002,0.64400005,0.07500001,0.0,0.087,0.913,101.325,0.71428573,683,298.15,0.36689547,0.56741154,0.06569302,0.0031441895,0.044386715,0.952469
no,3-methyl-N-butylpyridinium,CCCC[n+]1cccc(C)c1,[C4MPy][CF3SO3],ethanol,CCO,alcohol,n-hexane,CCCCCC,alkane,0.246,0.671,0.083,0.0,0.119,0.881,101.325,0.85714287,683,298.15,0.3274596,0.6028881,0.06965225,0.0035388353,0.05010302,0.9463581
no,3-methyl-N-butylpyridinium,CCCC[n+]1cccc(C)c1,[C4MPy][CF3SO3],ethanol,CCO,alcohol,n-hexane,CCCCCC,alkane,0.202,0.698,0.1,0.0,0.177,0.823,101.325,1.0,683,298.15,0.28546676,0.64118797,0.073345296,0.004007496,0.05785997,0.9381326
,1-ethyl-3-methylimidazolium methylsulfate,CCn1cc[n+](C)c1.COS(=O)(=O)[O-],[C2MIm][MeSO4],ethanol,CCO,alcohol,n-hexadecane,CCCCCCCCCCCCCCCC,alkane,0.796,0.187,0.017,0.0,0.002,0.998,101.325,0.0,696,298.15,0.68859243,0.29688606,0.014521534,0.00039352797,0.008989456,0.9906171
,1-ethyl-3-methylimidazolium methylsulfate,CCn1cc[n+](C)c1.COS(=O)(=O)[O-],[C2MIm][MeSO4],ethanol,CCO,alcohol,n-hexadecane,CCCCCCCCCCCCCCCC,alkane,0.734,0.246,0.02,0.0,0.002,0.998,101.325,0.09090909,696,298.15,0.66038764,0.32387096,0.015741436,0.00043131,0.009846176,0.98972255
,1-ethyl-3-methylimidazolium methylsulfate,CCn1cc[n+](C)c1.COS(=O)(=O)[O-],[C2MIm][MeSO4],ethanol,CCO,alcohol,n-hexadecane,CCCCCCCCCCCCCCCC,alkane,0.674,0.303,0.023,0.0,0.002,0.998,101.325,0.18181819,696,298.15,0.63101554,0.35197976,0.017004652,0.00047272534,0.010789368,0.9887378
,1-ethyl-3-methylimidazolium methylsulfate,CCn1cc[n+](C)c1.COS(=O)(=O)[O-],[C2MIm][MeSO4],ethanol,CCO,alcohol,n-hexadecane,CCCCCCCCCCCCCCCC,alkane,0.602,0.373,0.025,0.0,0.002,0.998,101.325,0.27272728,696,298.15,0.60080457,0.38079745,0.018397996,0.00053741515,0.011782618,0.98767996
,1-ethyl-3-methylimidazolium methylsulfate,CCn1cc[n+](C)c1.COS(=O)(=O)[O-],[C2MIm][MeSO4],ethanol,CCO,alcohol,n-hexadecane,CCCCCCCCCCCCCCCC,alkane,0.522,0.452,0.026,0.0,0.003,0.997,101.325,0.36363637,696,298.15,0.5697819,0.41049773,0.019720351,0.00058880134,0.012908204,0.986503
,1-ethyl-3-methylimidazolium methylsulfate,CCn1cc[n+](C)c1.COS(=O)(=O)[O-],[C2MIm][MeSO4],ethanol,CCO,alcohol,n-hexadecane,CCCCCCCCCCCCCCCC,alkane,0.465,0.504,0.031,0.0,0.003,0.997,101.325,0.45454547,696,298.15,0.5381032,0.44083726,0.021059575,0.0006452789,0.014149619,0.9852051
,1-ethyl-3-methylimidazolium methylsulfate,CCn1cc[n+](C)c1.COS(=O)(=O)[O-],[C2MIm][MeSO4],ethanol,CCO,alcohol,n-hexadecane,CCCCCCCCCCCCCCCC,alkane,0.421,0.545,0.034,0.0,0.003,0.997,101.325,0.54545456,696,298.15,0.5023323,0.4751347,0.022532929,0.0007400293,0.015441086,0.9838188
,1-ethyl-3-methylimidazolium methylsulfate,CCn1cc[n+](C)c1.COS(=O)(=O)[O-],[C2MIm][MeSO4],ethanol,CCO,alcohol,n-hexadecane,CCCCCCCCCCCCCCCC,alkane,0.36,0.601,0.039,0.0,0.003,0.997,101.325,0.6363636,696,298.15,0.46359545,0.5122904,0.024114177,0.00088839576,0.016768329,0.9823433
,1-ethyl-3-methylimidazolium methylsulfate,CCn1cc[n+](C)c1.COS(=O)(=O)[O-],[C2MIm][MeSO4],ethanol,CCO,alcohol,n-hexadecane,CCCCCCCCCCCCCCCC,alkane,0.299,0.658,0.043,0.0,0.0039960044,0.99600405,101.325,0.72727275,696,298.15,0.4323049,0.54229116,0.025403976,0.00097253936,0.018369425,0.98065805
,1-ethyl-3-methylimidazolium methylsulfate,CCn1cc[n+](C)c1.COS(=O)(=O)[O-],[C2MIm][MeSO4],ethanol,CCO,alcohol,n-hexadecane,CCCCCCCCCCCCCCCC,alkane,0.22300002,0.72900003,0.048000004,0.0,0.004,0.996,101.325,0.8181818,696,298.15,0.4014178,0.5719133,0.026668902,0.0010651133,0.020141587,0.9787933
,1-ethyl-3-methylimidazolium methylsulfate,CCn1cc[n+](C)c1.COS(=O)(=O)[O-],[C2MIm][MeSO4],ethanol,CCO,alcohol,n-hexadecane,CCCCCCCCCCCCCCCC,alkane,0.156,0.792,0.052,0.0,0.005,0.995,101.325,0.90909094,696,298.15,0.37148812,0.60062695,0.027884915,0.0011653949,0.02205776,0.9767769
,1-ethyl-3-methylimidazolium methylsulfate,CCn1cc[n+](C)c1.COS(=O)(=O)[O-],[C2MIm][MeSO4],ethanol,CCO,alcohol,n-hexadecane,CCCCCCCCCCCCCCCC,alkane,0.105,0.838,0.057,0.0,0.005,0.995,101.325,1.0,696,298.15,0.2948317,0.67271954,0.0324488,0.00206047,0.028067026,0.96987253
,1-butyl-3-methylimidazolium methylsulfate,CCCCn1cc[n+](C)c1.COS(=O)(=O)[O-],[C4MIm][MeSO4],ethanol,CCO,alcohol,n-dodecane,CCCCCCCCCCCC,alkane,0.898,0.086,0.016,0.0,0.004,0.996,101.325,0.0,697,298.15,0.609391,0.36225805,0.028350975,0.0010713178,0.007765765,0.9911629
,1-butyl-3-methylimidazolium methylsulfate,CCCCn1cc[n+](C)c1.COS(=O)(=O)[O-],[C4MIm][MeSO4],ethanol,CCO,alcohol,n-dodecane,CCCCCCCCCCCC,alkane,0.83100003,0.15000002,0.019000001,0.0,0.005,0.995,101.325,0.1,697,298.15,0.57804877,0.39146298,0.030488202,0.0011770484,0.008531578,0.9902913
,1-butyl-3-methylimidazolium methylsulfate,CCCCn1cc[n+](C)c1.COS(=O)(=O)[O-],[C4MIm][MeSO4],ethanol,CCO,alcohol,n-dodecane,CCCCCCCCCCCC,alkane,0.757,0.219,0.024,0.0,0.006,0.994,101.325,0.2,697,298.15,0.5460419,0.42129895,0.03265911,0.0012936732,0.009374181,0.9893322
,1-butyl-3-methylimidazolium methylsulfate,CCCCn1cc[n+](C)c1.COS(=O)(=O)[O-],[C4MIm][MeSO4],ethanol,CCO,alcohol,n-dodecane,CCCCCCCCCCCC,alkane,0.674,0.295,0.031,0.0,0.007,0.993,101.325,0.3,697,298.15,0.5338607,0.4338801,0.032259274,0.00123585,0.009762576,0.98900163
,1-butyl-3-methylimidazolium methylsulfate,CCCCn1cc[n+](C)c1.COS(=O)(=O)[O-],[C4MIm][MeSO4],ethanol,CCO,alcohol,n-dodecane,CCCCCCCCCCCC,alkane,0.573,0.383,0.044,0.0,0.007,0.993,101.325,0.4,697,298.15,0.51246655,0.45426276,0.033270646,0.0012753647,0.010457002,0.9882676
,1-butyl-3-methylimidazolium methylsulfate,CCCCn1cc[n+](C)c1.COS(=O)(=O)[O-],[C4MIm][MeSO4],ethanol,CCO,alcohol,n-dodecane,CCCCCCCCCCCC,alkane,0.522,0.425,0.053,0.0,0.007,0.993,101.325,0.5,697,298.15,0.48912054,0.47584537,0.035034146,0.0013231657,0.011236847,0.9874399
,1-butyl-3-methylimidazolium methylsulfate,CCCCn1cc[n+](C)c1.COS(=O)(=O)[O-],[C4MIm][MeSO4],ethanol,CCO,alcohol,n-dodecane,CCCCCCCCCCCC,alkane,0.41500002,0.52300006,0.062000003,0.0,0.008,0.992,101.325,0.6,697,298.15,0.48481643,0.4791932,0.035990342,0.0012135023,0.011815092,0.9869713
,1-butyl-3-methylimidazolium methylsulfate,CCCCn1cc[n+](C)c1.COS(=O)(=O)[O-],[C4MIm][MeSO4],ethanol,CCO,alcohol,n-dodecane,CCCCCCCCCCCC,alkane,0.349,0.583,0.068,0.001,0.008,0.991,101.325,0.7,697,298.15,0.45227566,0.50960535,0.03811897,0.0013329501,0.012984373,0.98568267
,1-butyl-3-methylimidazolium methylsulfate,CCCCn1cc[n+](C)c1.COS(=O)(=O)[O-],[C4MIm][MeSO4],ethanol,CCO,alcohol,n-dodecane,CCCCCCCCCCCC,alkane,0.275,0.653,0.072,0.001,0.009,0.99,101.325,0.8,697,298.15,0.42022008,0.53957784,0.04020211,0.0014631904,0.014266818,0.9842701
,1-butyl-3-methylimidazolium methylsulfate,CCCCn1cc[n+](C)c1.COS(=O)(=O)[O-],[C4MIm][MeSO4],ethanol,CCO,alcohol,n-dodecane,CCCCCCCCCCCC,alkane,0.193,0.728,0.079,0.001,0.01,0.989,101.325,0.9,697,298.15,0.37580314,0.582185,0.042011864,0.0015166618,0.016250066,0.9822333
,1-butyl-3-methylimidazolium methylsulfate,CCCCn1cc[n+](C)c1.COS(=O)(=O)[O-],[C4MIm][MeSO4],ethanol,CCO,alcohol,n-dodecane,CCCCCCCCCCCC,alkane,0.088,0.809,0.103,0.001,0.011,0.988,101.325,1.0,697,298.15,0.3410816,0.61528414,0.043634254,0.001582043,0.018172596,0.9802453
,1-(2-methoxyethyl)-1-methylpyrrolidinium bis(trifluoromethylsulfonyl)imide,COCC[N+]1(C)CCCC1.O=S(=O)([N-]S(=O)(=O)C(F)(F)F)C(F)(F)F,[COC2mPyr][NTf2],1-butanol,CCCCO,alcohol,water,O,water,0.202,0.299,0.499,0.001,0.016,0.983,101.325,0.0,758,298.15,0.34523153,0.187645,0.46712354,0.0048341844,0.062168814,0.93299705
,1-(2-methoxyethyl)-1-methylpyrrolidinium bis(trifluoromethylsulfonyl)imide,COCC[N+]1(C)CCCC1.O=S(=O)([N-]S(=O)(=O)C(F)(F)F)C(F)(F)F,[COC2mPyr][NTf2],1-butanol,CCCCO,alcohol,water,O,water,0.176,0.315,0.509,0.001,0.016,0.983,101.325,0.083333336,758,298.15,0.31294987,0.19925343,0.48779666,0.005253224,0.060931932,0.9338148
,1-(2-methoxyethyl)-1-methylpyrrolidinium bis(trifluoromethylsulfonyl)imide,COCC[N+]1(C)CCCC1.O=S(=O)([N-]S(=O)(=O)C(F)(F)F)C(F)(F)F,[COC2mPyr][NTf2],1-butanol,CCCCO,alcohol,water,O,water,0.174,0.315,0.511,0.001,0.016,0.983,101.325,0.16666667,758,298.15,0.28655803,0.20848872,0.50495327,0.005540343,0.060000017,0.9344597
,1-(2-methoxyethyl)-1-methylpyrrolidinium bis(trifluoromethylsulfonyl)imide,COCC[N+]1(C)CCCC1.O=S(=O)([N-]S(=O)(=O)C(F)(F)F)C(F)(F)F,[COC2mPyr][NTf2],1-butanol,CCCCO,alcohol,water,O,water,0.127,0.334,0.539,0.001,0.017,0.982,101.325,0.25,758,298.15,0.2623231,0.22035758,0.5173193,0.00697585,0.058578193,0.9344459
,1-(2-methoxyethyl)-1-methylpyrrolidinium bis(trifluoromethylsulfonyl)imide,COCC[N+]1(C)CCCC1.O=S(=O)([N-]S(=O)(=O)C(F)(F)F)C(F)(F)F,[COC2mPyr][NTf2],1-butanol,CCCCO,alcohol,water,O,water,0.061,0.356,0.583,0.001,0.017,0.982,101.325,0.33333334,758,298.15,0.24129505,0.2294708,0.5292342,0.008358648,0.057977933,0.93366337
,1-(2-methoxyethyl)-1-methylpyrrolidinium bis(trifluoromethylsulfonyl)imide,COCC[N+]1(C)CCCC1.O=S(=O)([N-]S(=O)(=O)C(F)(F)F)C(F)(F)F,[COC2mPyr][NTf2],1-butanol,CCCCO,alcohol,water,O,water,0.054,0.361,0.585,0.001,0.018,0.981,101.325,0.41666666,758,298.15,0.21146347,0.24202637,0.5465101,0.009439785,0.05780004,0.9327602
,1-(2-methoxyethyl)-1-methylpyrrolidinium bis(trifluoromethylsulfonyl)imide,COCC[N+]1(C)CCCC1.O=S(=O)([N-]S(=O)(=O)C(F)(F)F)C(F)(F)F,[COC2mPyr][NTf2],1-butanol,CCCCO,alcohol,water,O,water,0.027,0.376,0.597,0.001,0.018,0.981,101.325,0.5,758,298.15,0.18985698,0.25090513,0.5592379,0.010309769,0.05769949,0.93199074
,1-(2-methoxyethyl)-1-methylpyrrolidinium bis(trifluoromethylsulfonyl)imide,COCC[N+]1(C)CCCC1.O=S(=O)([N-]S(=O)(=O)C(F)(F)F)C(F)(F)F,[COC2mPyr][NTf2],1-butanol,CCCCO,alcohol,water,O,water,0.014,0.4,0.586,0.001,0.018,0.981,101.325,0.6666667,758,298.15,0.1598684,0.26210168,0.5780299,0.010899945,0.05635591,0.9327442
,1-(2-methoxyethyl)-1-methylpyrrolidinium bis(trifluoromethylsulfonyl)imide,COCC[N+]1(C)CCCC1.O=S(=O)([N-]S(=O)(=O)C(F)(F)F)C(F)(F)F,[COC2mPyr][NTf2],1-butanol,CCCCO,alcohol,water,O,water,0.014,0.398,0.588,0.001,0.019,0.98,101.325,0.5833333,758,298.15,0.19130802,0.24044563,0.56824636,0.009927037,0.057487242,0.93258566
,1-(2-methoxyethyl)-1-methylpyrrolidinium bis(trifluoromethylsulfonyl)imide,COCC[N+]1(C)CCCC1.O=S(=O)([N-]S(=O)(=O)C(F)(F)F)C(F)(F)F,[COC2mPyr][NTf2],1-butanol,CCCCO,alcohol,water,O,water,0.01,0.415,0.575,0.001,0.019,0.98,101.325,0.75,758,298.15,0.17310163,0.24003413,0.58686423,0.009420127,0.057341825,0.933238
,1-(2-methoxyethyl)-1-methylpyrrolidinium bis(trifluoromethylsulfonyl)imide,COCC[N+]1(C)CCCC1.O=S(=O)([N-]S(=O)(=O)C(F)(F)F)C(F)(F)F,[COC2mPyr][NTf2],1-butanol,CCCCO,alcohol,water,O,water,0.009,0.418,0.573,0.0,0.019,0.981,101.325,0.8333333,758,298.15,0.15851685,0.24522981,0.59625334,0.009681869,0.056611106,0.93370706
,1-(2-methoxyethyl)-1-methylpyrrolidinium bis(trifluoromethylsulfonyl)imide,COCC[N+]1(C)CCCC1.O=S(=O)([N-]S(=O)(=O)C(F)(F)F)C(F)(F)F,[COC2mPyr][NTf2],1-butanol,CCCCO,alcohol,water,O,water,0.008,0.418,0.574,0.0,0.019,0.981,101.325,0.9166667,758,298.15,0.1450516,0.25012687,0.6048215,0.009952956,0.05589901,0.934148
,1-(2-methoxyethyl)-1-methylpyrrolidinium bis(trifluoromethylsulfonyl)imide,COCC[N+]1(C)CCCC1.O=S(=O)([N-]S(=O)(=O)C(F)(F)F)C(F)(F)F,[COC2mPyr][NTf2],1-butanol,CCCCO,alcohol,water,O,water,0.0,0.486,0.514,0.0,0.019,0.981,101.325,1.0,758,298.15,0.13251157,0.25475556,0.6127328,0.010231776,0.05518932,0.9345789
no,diethylmethylsulfonium bis(trifluoromethylsulfonyl)imide,CC[S+](C)CC.O=S(=O)([N-]S(=O)(=O)C(F)(F)F)C(F)(F)F,[S221][NTf2],2-phenylethanol,OCCc1ccccc1,alcohol,water,O,water,0.706,0.0,0.294,0.001,0.0,0.999,101.325,0.0,770,308.15,0.4689671,0.2643424,0.2666905,0.0034652739,0.007320253,0.9892145
no,diethylmethylsulfonium bis(trifluoromethylsulfonyl)imide,CC[S+](C)CC.O=S(=O)([N-]S(=O)(=O)C(F)(F)F)C(F)(F)F,[S221][NTf2],2-phenylethanol,OCCc1ccccc1,alcohol,water,O,water,0.653,0.036,0.311,0.001,0.001,0.998,101.325,0.083333336,770,308.15,0.4439167,0.27742046,0.27866286,0.0036320323,0.0075212284,0.98884684
no,diethylmethylsulfonium bis(trifluoromethylsulfonyl)imide,CC[S+](C)CC.O=S(=O)([N-]S(=O)(=O)C(F)(F)F)C(F)(F)F,[S221][NTf2],2-phenylethanol,OCCc1ccccc1,alcohol,water,O,water,0.629,0.058,0.313,0.001,0.001,0.998,101.325,0.16666667,770,308.15,0.41917872,0.29035616,0.29046512,0.0038057307,0.0077265515,0.98846775
no,diethylmethylsulfonium bis(trifluoromethylsulfonyl)imide,CC[S+](C)CC.O=S(=O)([N-]S(=O)(=O)C(F)(F)F)C(F)(F)F,[S221][NTf2],2-phenylethanol,OCCc1ccccc1,alcohol,water,O,water,0.565,0.104,0.331,0.001,0.002,0.997,101.325,0.25,770,308.15,0.3948271,0.303158,0.3020149,0.0039871656,0.0079386495,0.98807424
no,diethylmethylsulfonium bis(trifluoromethylsulfonyl)imide,CC[S+](C)CC.O=S(=O)([N-]S(=O)(=O)C(F)(F)F)C(F)(F)F,[S221][NTf2],2-phenylethanol,OCCc1ccccc1,alcohol,water,O,water,0.516,0.139,0.345,0.001,0.002,0.997,101.325,0.33333334,770,308.15,0.3709965,0.3157355,0.313268,0.0041778553,0.008159906,0.9876623
no,diethylmethylsulfonium bis(trifluoromethylsulfonyl)imide,CC[S+](C)CC.O=S(=O)([N-]S(=O)(=O)C(F)(F)F)C(F)(F)F,[S221][NTf2],2-phenylethanol,OCCc1ccccc1,alcohol,water,O,water,0.444,0.195,0.361,0.001,0.002,0.997,101.325,0.41666666,770,308.15,0.3477578,0.32804546,0.32419673,0.0043779816,0.008387727,0.9872343
no,diethylmethylsulfonium bis(trifluoromethylsulfonyl)imide,CC[S+](C)CC.O=S(=O)([N-]S(=O)(=O)C(F)(F)F)C(F)(F)F,[S221][NTf2],2-phenylethanol,OCCc1ccccc1,alcohol,water,O,water,0.373,0.26,0.367,0.0,0.002,0.998,101.325,0.5,770,308.15,0.31813836,0.3429452,0.3389164,0.0042503905,0.008205065,0.98754454
no,diethylmethylsulfonium bis(trifluoromethylsulfonyl)imide,CC[S+](C)CC.O=S(=O)([N-]S(=O)(=O)C(F)(F)F)C(F)(F)F,[S221][NTf2],2-phenylethanol,OCCc1ccccc1,alcohol,water,O,water,0.285,0.321,0.394,0.0,0.003,0.997,101.325,0.5833333,770,308.15,0.29372904,0.3553244,0.3509466,0.004284018,0.00824592,0.98747
no,diethylmethylsulfonium bis(trifluoromethylsulfonyl)imide,CC[S+](C)CC.O=S(=O)([N-]S(=O)(=O)C(F)(F)F)C(F)(F)F,[S221][NTf2],2-phenylethanol,OCCc1ccccc1,alcohol,water,O,water,0.254,0.35,0.396,0.0,0.002,0.998,101.325,0.6666667,770,308.15,0.27325562,0.36631352,0.3604309,0.0044867066,0.00847581,0.9870374
no,diethylmethylsulfonium bis(trifluoromethylsulfonyl)imide,CC[S+](C)CC.O=S(=O)([N-]S(=O)(=O)C(F)(F)F)C(F)(F)F,[S221][NTf2],2-phenylethanol,OCCc1ccccc1,alcohol,water,O,water,0.229,0.374,0.397,0.0,0.003,0.997,101.325,0.75,770,308.15,0.2535649,0.37695482,0.3694803,0.004701001,0.008716677,0.9865824
no,diethylmethylsulfonium bis(trifluoromethylsulfonyl)imide,CC[S+](C)CC.O=S(=O)([N-]S(=O)(=O)C(F)(F)F)C(F)(F)F,[S221][NTf2],2-phenylethanol,OCCc1ccccc1,alcohol,water,O,water,0.14,0.442,0.418,0.0,0.003,0.997,101.325,0.8333333,770,308.15,0.23511353,0.38702017,0.37786633,0.0049942913,0.0090005,0.98600525
no,diethylmethylsulfonium bis(trifluoromethylsulfonyl)imide,CC[S+](C)CC.O=S(=O)([N-]S(=O)(=O)C(F)(F)F)C(F)(F)F,[S221][NTf2],2-phenylethanol,OCCc1ccccc1,alcohol,water,O,water,0.117,0.467,0.416,0.0,0.003,0.997,101.325,0.9166667,770,308.15,0.2176222,0.3965955,0.3857823,0.0052663395,0.0092713,0.9854623
no,diethylmethylsulfonium bis(trifluoromethylsulfonyl)imide,CC[S+](C)CC.O=S(=O)([N-]S(=O)(=O)C(F)(F)F)C(F)(F)F,[S221][NTf2],2-phenylethanol,OCCc1ccccc1,alcohol,water,O,water,0.031,0.555,0.414,0.0,0.004,0.996,101.325,1.0,770,308.15,0.20096773,0.40575644,0.39327583,0.0055143633,0.009538029,0.9849475
,1-ethyl-3-methylimidazolium bis(trifluoromethylsulfonyl)imide,CCn1cc[n+](C)c1.O=S(=O)([N-]S(=O)(=O)C(F)(F)F)C(F)(F)F,[C2MIm][NTf2],ethanol,CCO,alcohol,water,O,water,0.693,0.0,0.307,0.0,0.0,1.0,101.325,0.0,793,323.2,0.46724212,0.14704916,0.38570875,0.007789223,0.026467536,0.96574336
,1-ethyl-3-methylimidazolium bis(trifluoromethylsulfonyl)imide,CCn1cc[n+](C)c1.O=S(=O)([N-]S(=O)(=O)C(F)(F)F)C(F)(F)F,[C2MIm][NTf2],ethanol,CCO,alcohol,water,O,water,0.542,0.121,0.337,0.0,0.035,0.965,101.325,0.16666667,793,323.2,0.42668915,0.16081345,0.41249743,0.008898239,0.027827444,0.9632743
,1-ethyl-3-methylimidazolium bis(trifluoromethylsulfonyl)imide,CCn1cc[n+](C)c1.O=S(=O)([N-]S(=O)(=O)C(F)(F)F)C(F)(F)F,[C2MIm][NTf2],ethanol,CCO,alcohol,water,O,water,0.416,0.219,0.365,0.001,0.07,0.929,101.325,0.33333334,793,323.2,0.3776741,0.17601882,0.4463071,0.00953277,0.02795086,0.9625163
,1-ethyl-3-methylimidazolium bis(trifluoromethylsulfonyl)imide,CCn1cc[n+](C)c1.O=S(=O)([N-]S(=O)(=O)C(F)(F)F)C(F)(F)F,[C2MIm][NTf2],ethanol,CCO,alcohol,water,O,water,0.307,0.292,0.401,0.001,0.106,0.893,101.325,0.5,793,323.2,0.33184484,0.19063117,0.47752395,0.010125825,0.028067954,0.9618062
,1-ethyl-3-methylimidazolium bis(trifluoromethylsulfonyl)imide,CCn1cc[n+](C)c1.O=S(=O)([N-]S(=O)(=O)C(F)(F)F)C(F)(F)F,[C2MIm][NTf2],ethanol,CCO,alcohol,water,O,water,0.222,0.333,0.445,0.002,0.143,0.855,101.325,0.6666667,793,323.2,0.28788128,0.20467968,0.5074391,0.010912783,0.028221792,0.96086544
,1-ethyl-3-methylimidazolium bis(trifluoromethylsulfonyl)imide,CCn1cc[n+](C)c1.O=S(=O)([N-]S(=O)(=O)C(F)(F)F)C(F)(F)F,[C2MIm][NTf2],ethanol,CCO,alcohol,water,O,water,0.156,0.347,0.497,0.004,0.177,0.819,101.325,0.8333333,793,323.2,0.24719846,0.21752197,0.5352796,0.011548116,0.028242158,0.9602097
,1-ethyl-3-methylimidazolium bis(trifluoromethylsulfonyl)imide,CCn1cc[n+](C)c1.O=S(=O)([N-]S(=O)(=O)C(F)(F)F)C(F)(F)F,[C2MIm][NTf2],ethanol,CCO,alcohol,water,O,water,0.103,0.338,0.559,0.016,0.21,0.774,101.325,1.0,793,323.2,0.21024586,0.22893663,0.56081754,0.011995343,0.028139742,0.9598649
,1-(2-methoxyethyl)-1-methylpyrrolidinium bis(trifluoromethylsulfonyl)imide,COCC[N+]1(C)CCCC1.O=S(=O)([N-]S(=O)(=O)C(F)(F)F)C(F)(F)F,[COC2mPyr][NTf2],2-propanol,CC(C)O,alcohol,di-iso-propyl ether,CC(C)OC(C)C,ether,0.795,0.0,0.205,0.0,0.0,1.0,101.325,0.0,817,298.15,0.6724934,0.24056445,0.08694216,0.01715111,0.16110499,0.82174385
,1-(2-methoxyethyl)-1-methylpyrrolidinium bis(trifluoromethylsulfonyl)imide,COCC[N+]1(C)CCCC1.O=S(=O)([N-]S(=O)(=O)C(F)(F)F)C(F)(F)F,[COC2mPyr][NTf2],2-propanol,CC(C)O,alcohol,di-iso-propyl ether,CC(C)OC(C)C,ether,0.66,0.123,0.217,0.0,0.093,0.907,101.325,0.1,817,298.15,0.6480836,0.25871715,0.09319919,0.018200723,0.16692314,0.8148762
,1-(2-methoxyethyl)-1-methylpyrrolidinium bis(trifluoromethylsulfonyl)imide,COCC[N+]1(C)CCCC1.O=S(=O)([N-]S(=O)(=O)C(F)(F)F)C(F)(F)F,[COC2mPyr][NTf2],2-propanol,CC(C)O,alcohol,di-iso-propyl ether,CC(C)OC(C)C,ether,0.579,0.201,0.22,0.001,0.169,0.83,101.325,0.2,817,298.15,0.622818,0.27751923,0.09966276,0.019302532,0.17289117,0.8078063
,1-(2-methoxyethyl)-1-methylpyrrolidinium bis(trifluoromethylsulfonyl)imide,COCC[N+]1(C)CCCC1.O=S(=O)([N-]S(=O)(=O)C(F)(F)F)C(F)(F)F,[COC2mPyr][NTf2],2-propanol,CC(C)O,alcohol,di-iso-propyl ether,CC(C)OC(C)C,ether,0.522,0.241,0.237,0.002,0.227,0.771,101.325,0.3,817,298.15,0.5956799,0.29762316,0.106696926,0.02103004,0.1790567,0.7999133
,1-(2-methoxyethyl)-1-methylpyrrolidinium bis(trifluoromethylsulfonyl)imide,COCC[N+]1(C)CCCC1.O=S(=O)([N-]S(=O)(=O)C(F)(F)F)C(F)(F)F,[COC2mPyr][NTf2],2-propanol,CC(C)O,alcohol,di-iso-propyl ether,CC(C)OC(C)C,ether,0.498,0.263,0.239,0.002,0.259,0.739,101.325,0.4,817,298.15,0.5687418,0.31764057,0.113617614,0.022580395,0.1853056,0.792114
,1-(2-methoxyethyl)-1-methylpyrrolidinium bis(trifluoromethylsulfonyl)imide,COCC[N+]1(C)CCCC1.O=S(=O)([N-]S(=O)(=O)C(F)(F)F)C(F)(F)F,[COC2mPyr][NTf2],2-propanol,CC(C)O,alcohol,di-iso-propyl ether,CC(C)OC(C)C,ether,0.453,0.31,0.237,0.004,0.331,0.665,101.325,0.5,817,298.15,0.542024,0.33756834,0.12040755,0.02389931,0.19164135,0.78445935
,1-(2-methoxyethyl)-1-methylpyrrolidinium bis(trifluoromethylsulfonyl)imide,COCC[N+]1(C)CCCC1.O=S(=O)([N-]S(=O)(=O)C(F)(F)F)C(F)(F)F,[COC2mPyr][NTf2],2-propanol,CC(C)O,alcohol,di-iso-propyl ether,CC(C)OC(C)C,ether,0.394,0.353,0.253,0.005,0.407,0.588,101.325,0.6,817,298.15,0.51487803,0.35752073,0.12760122,0.025457846,0.19710433,0.77743775
,1-(2-methoxyethyl)-1-methylpyrrolidinium bis(trifluoromethylsulfonyl)imide,COCC[N+]1(C)CCCC1.O=S(=O)([N-]S(=O)(=O)C(F)(F)F)C(F)(F)F,[COC2mPyr][NTf2],2-propanol,CC(C)O,alcohol,di-iso-propyl ether,CC(C)OC(C)C,ether,0.36,0.401,0.239,0.009,0.473,0.518,101.325,0.7,817,298.15,0.4879215,0.37764212,0.13443635,0.026910245,0.20366217,0.76942766
,1-(2-methoxyethyl)-1-methylpyrrolidinium bis(trifluoromethylsulfonyl)imide,COCC[N+]1(C)CCCC1.O=S(=O)([N-]S(=O)(=O)C(F)(F)F)C(F)(F)F,[COC2mPyr][NTf2],2-propanol,CC(C)O,alcohol,di-iso-propyl ether,CC(C)OC(C)C,ether,0.353,0.413,0.234,0.011,0.496,0.493,101.325,0.8,817,298.15,0.46093032,0.39788097,0.1411887,0.028556371,0.21088248,0.76056117
,1-(2-methoxyethyl)-1-methylpyrrolidinium bis(trifluoromethylsulfonyl)imide,COCC[N+]1(C)CCCC1.O=S(=O)([N-]S(=O)(=O)C(F)(F)F)C(F)(F)F,[COC2mPyr][NTf2],2-propanol,CC(C)O,alcohol,di-iso-propyl ether,CC(C)OC(C)C,ether,0.326,0.438,0.236,0.014,0.531,0.455,101.325,0.9,817,298.15,0.43389535,0.418252,0.1478527,0.030426428,0.21888387,0.75068974
,1-(2-methoxyethyl)-1-methylpyrrolidinium bis(trifluoromethylsulfonyl)imide,COCC[N+]1(C)CCCC1.O=S(=O)([N-]S(=O)(=O)C(F)(F)F)C(F)(F)F,[COC2mPyr][NTf2],2-propanol,CC(C)O,alcohol,di-iso-propyl ether,CC(C)OC(C)C,ether,0.296,0.463,0.241,0.019,0.558,0.423,101.325,1.0,817,298.15,0.40761125,0.43794638,0.1544424,0.032099746,0.22586152,0.7420387
,1-ethyl-3-methylimidazolium,CCn1cc[n+](C)c1,[C2MIm][EtSO4],ethanol,CCO,alcohol,tert-butylmethyl ether,COC(C)(C)C,ether,0.926,0.0,0.074,0.002,0.0,0.998,101.325,0.0,825,298.15,0.66754866,0.28176737,0.05068393,0.011431095,0.07895824,0.9096107
,1-ethyl-3-methylimidazolium,CCn1cc[n+](C)c1,[C2MIm][EtSO4],ethanol,CCO,alcohol,tert-butylmethyl ether,COC(C)(C)C,ether,0.824,0.101,0.075,0.0,0.014,0.986,101.325,0.125,825,298.15,0.63518536,0.3094028,0.055411838,0.012559444,0.084750205,0.9026903
,1-ethyl-3-methylimidazolium,CCn1cc[n+](C)c1,[C2MIm][EtSO4],ethanol,CCO,alcohol,tert-butylmethyl ether,COC(C)(C)C,ether,0.718,0.201,0.081,0.001,0.039,0.96,101.325,0.25,825,298.15,0.60146266,0.3382034,0.060333967,0.013811929,0.09085478,0.89533323
,1-ethyl-3-methylimidazolium,CCn1cc[n+](C)c1,[C2MIm][EtSO4],ethanol,CCO,alcohol,tert-butylmethyl ether,COC(C)(C)C,ether,0.589,0.319,0.092,0.001,0.095,0.904,101.325,0.375,825,298.15,0.56716895,0.36754918,0.06528185,0.015112777,0.097481236,0.887406
,1-ethyl-3-methylimidazolium,CCn1cc[n+](C)c1,[C2MIm][EtSO4],ethanol,CCO,alcohol,tert-butylmethyl ether,COC(C)(C)C,ether,0.514,0.38,0.106,0.001,0.136,0.863,101.325,0.5,825,298.15,0.53221905,0.39748493,0.07029598,0.0165196,0.10453339,0.878947
,1-ethyl-3-methylimidazolium,CCn1cc[n+](C)c1,[C2MIm][EtSO4],ethanol,CCO,alcohol,tert-butylmethyl ether,COC(C)(C)C,ether,0.429,0.446,0.125,0.002,0.196,0.802,101.325,0.625,825,298.15,0.46779102,0.45648018,0.07572876,0.020650353,0.11385023,0.8654994
,1-ethyl-3-methylimidazolium,CCn1cc[n+](C)c1,[C2MIm][EtSO4],ethanol,CCO,alcohol,tert-butylmethyl ether,COC(C)(C)C,ether,0.328,0.509,0.163,0.011,0.266,0.723,101.325,0.75,825,298.15,0.43124732,0.4889566,0.07979609,0.022601435,0.12195361,0.85544497
,1-ethyl-3-methylimidazolium,CCn1cc[n+](C)c1,[C2MIm][EtSO4],ethanol,CCO,alcohol,tert-butylmethyl ether,COC(C)(C)C,ether,0.241,0.549,0.21,0.01,0.353,0.637,101.325,0.875,825,298.15,0.3980087,0.5176981,0.08429319,0.024559632,0.13033485,0.84510547
,1-ethyl-3-methylimidazolium,CCn1cc[n+](C)c1,[C2MIm][EtSO4],ethanol,CCO,alcohol,tert-butylmethyl ether,COC(C)(C)C,ether,0.156,0.57,0.274,0.034,0.443,0.523,101.325,1.0,825,298.15,0.3657097,0.5456457,0.08864455,0.026656058,0.13913108,0.83421284
,"1,3-dimethylimidazolium methylsulfate",COS(=O)(=O)[O-].Cn1cc[n+](C)c1,[C1MIm][MeSO4],ethanol,CCO,alcohol,butanone,CCC(C)=O,ketone,0.667,0.03,0.303,0.005,0.02,0.975,101.325,0.0,831,298.15,0.6406751,0.2635452,0.095779724,0.0068535814,0.08190487,0.91124153
,"1,3-dimethylimidazolium methylsulfate",COS(=O)(=O)[O-].Cn1cc[n+](C)c1,[C1MIm][MeSO4],ethanol,CCO,alcohol,butanone,CCC(C)=O,ketone,0.645,0.047,0.308,0.006,0.024,0.97,101.325,0.2,831,298.15,0.58170927,0.3070299,0.11126091,0.008067507,0.08875034,0.9031821
,"1,3-dimethylimidazolium methylsulfate",COS(=O)(=O)[O-].Cn1cc[n+](C)c1,[C1MIm][MeSO4],ethanol,CCO,alcohol,butanone,CCC(C)=O,ketone,0.619,0.065,0.316,0.007,0.03,0.963,101.325,0.4,831,298.15,0.52466905,0.34931073,0.12602025,0.009146552,0.09563618,0.8952173
,"1,3-dimethylimidazolium methylsulfate",COS(=O)(=O)[O-].Cn1cc[n+](C)c1,[C1MIm][MeSO4],ethanol,CCO,alcohol,butanone,CCC(C)=O,ketone,0.573,0.093,0.334,0.01,0.059,0.931,101.325,0.6,831,298.15,0.4669635,0.39214855,0.14088795,0.010357998,0.10301527,0.8866268
,"1,3-dimethylimidazolium methylsulfate",COS(=O)(=O)[O-].Cn1cc[n+](C)c1,[C1MIm][MeSO4],ethanol,CCO,alcohol,butanone,CCC(C)=O,ketone,0.517,0.124,0.359,0.022,0.107,0.871,101.325,0.8,831,298.15,0.41040552,0.4341949,0.15539964,0.011706333,0.11084685,0.8774469
,"1,3-dimethylimidazolium methylsulfate",COS(=O)(=O)[O-].Cn1cc[n+](C)c1,[C1MIm][MeSO4],ethanol,CCO,alcohol,butanone,CCC(C)=O,ketone,0.453,0.157,0.39,0.031,0.126,0.843,101.325,1.0,831,298.15,0.35850325,0.47289646,0.16860032,0.013039733,0.119232535,0.86772776
,1-butyl-3-methylimidazolium tetrafluoroborate,CCCCn1cc[n+](C)c1.F[B-](F)(F)F,[C4MIm][BF4],water,O,water,di-iso-propyl ether,CC(C)OC(C)C,ether,0.609,0.359,0.032,0.002,0.002,0.996,101.325,0.0,843,293.15,0.42249283,0.5522863,0.02522082,0.0025999784,0.017203346,0.98019665
,1-butyl-3-methylimidazolium tetrafluoroborate,CCCCn1cc[n+](C)c1.F[B-](F)(F)F,[C4MIm][BF4],water,O,water,di-iso-propyl ether,CC(C)OC(C)C,ether,0.434,0.54,0.026,0.001,0.006,0.993,101.325,0.2,843,293.15,0.38160223,0.5914578,0.02693997,0.002558488,0.019313365,0.97812814
,1-butyl-3-methylimidazolium tetrafluoroborate,CCCCn1cc[n+](C)c1.F[B-](F)(F)F,[C4MIm][BF4],water,O,water,di-iso-propyl ether,CC(C)OC(C)C,ether,0.298,0.68,0.022,0.0,0.008,0.992,101.325,0.4,843,293.15,0.34020698,0.63052326,0.02926978,0.0027323356,0.022376077,0.9748916
,1-butyl-3-methylimidazolium tetrafluoroborate,CCCCn1cc[n+](C)c1.F[B-](F)(F)F,[C4MIm][BF4],water,O,water,di-iso-propyl ether,CC(C)OC(C)C,ether,0.181,0.801,0.018,0.0,0.011,0.989,101.325,0.6,843,293.15,0.28217396,0.68598205,0.03184405,0.0032693655,0.026260797,0.9704698
,1-butyl-3-methylimidazolium tetrafluoroborate,CCCCn1cc[n+](C)c1.F[B-](F)(F)F,[C4MIm][BF4],water,O,water,di-iso-propyl ether,CC(C)OC(C)C,ether,0.064,0.921,0.015,0.0,0.013,0.987,101.325,0.8,843,293.15,0.23103602,0.73482275,0.034141216,0.0039022507,0.030793307,0.9653045
,1-butyl-3-methylimidazolium tetrafluoroborate,CCCCn1cc[n+](C)c1.F[B-](F)(F)F,[C4MIm][BF4],water,O,water,di-iso-propyl ether,CC(C)OC(C)C,ether,0.0,0.998,0.002,0.0,0.027,0.973,101.325,1.0,843,293.15,0.185823,0.77919805,0.03497894,0.0034950841,0.03658003,0.9599249
,butyltrimethylammonium bis(trifluoromethylsulfonyl)imide,CCCC[N+](C)(C)C.O=S(=O)([N-]S(=O)(=O)C(F)(F)F)C(F)(F)F,[N4111][NTf2],acetic acid,CC(=O)O,acid,water,O,water,0.77,0.0,0.23,0.0,0.0,1.0,101.325,0.0,861,293.15,0.69625825,0.12307069,0.1806711,0.0049279258,0.04375567,0.95131636
,butyltrimethylammonium bis(trifluoromethylsulfonyl)imide,CCCC[N+](C)(C)C.O=S(=O)([N-]S(=O)(=O)C(F)(F)F)C(F)(F)F,[N4111][NTf2],acetic acid,CC(=O)O,acid,water,O,water,0.675,0.042,0.283,0.0,0.011,0.989,101.325,0.125,861,293.15,0.6617795,0.13736929,0.2008512,0.0053007556,0.04493535,0.9497639
,butyltrimethylammonium bis(trifluoromethylsulfonyl)imide,CCCC[N+](C)(C)C.O=S(=O)([N-]S(=O)(=O)C(F)(F)F)C(F)(F)F,[N4111][NTf2],acetic acid,CC(=O)O,acid,water,O,water,0.658,0.046,0.296,0.0,0.022,0.978,101.325,0.25,861,293.15,0.57080394,0.169879,0.25931698,0.007239963,0.045737375,0.9470226
,butyltrimethylammonium bis(trifluoromethylsulfonyl)imide,CCCC[N+](C)(C)C.O=S(=O)([N-]S(=O)(=O)C(F)(F)F)C(F)(F)F,[N4111][NTf2],acetic acid,CC(=O)O,acid,water,O,water,0.643,0.061,0.296,0.0,0.031,0.969,101.325,0.375,861,293.15,0.5316918,0.1858212,0.28248698,0.0077753128,0.04692837,0.9452962
,butyltrimethylammonium bis(trifluoromethylsulfonyl)imide,CCCC[N+](C)(C)C.O=S(=O)([N-]S(=O)(=O)C(F)(F)F)C(F)(F)F,[N4111][NTf2],acetic acid,CC(=O)O,acid,water,O,water,0.603,0.078,0.319,0.0,0.043,0.957,101.325,0.5,861,293.15,0.54152495,0.18964663,0.2688284,0.007727553,0.04860536,0.9436671
,butyltrimethylammonium bis(trifluoromethylsulfonyl)imide,CCCC[N+](C)(C)C.O=S(=O)([N-]S(=O)(=O)C(F)(F)F)C(F)(F)F,[N4111][NTf2],acetic acid,CC(=O)O,acid,water,O,water,0.598,0.085,0.317,0.0,0.046,0.954,101.325,0.625,861,293.15,0.5023687,0.20632176,0.2913095,0.008293089,0.04991587,0.941791
,butyltrimethylammonium bis(trifluoromethylsulfonyl)imide,CCCC[N+](C)(C)C.O=S(=O)([N-]S(=O)(=O)C(F)(F)F)C(F)(F)F,[N4111][NTf2],acetic acid,CC(=O)O,acid,water,O,water,0.564,0.092,0.344,0.0,0.049,0.951,101.325,0.75,861,293.15,0.4283178,0.2424288,0.3292534,0.014427441,0.052957486,0.932615
,butyltrimethylammonium bis(trifluoromethylsulfonyl)imide,CCCC[N+](C)(C)C.O=S(=O)([N-]S(=O)(=O)C(F)(F)F)C(F)(F)F,[N4111][NTf2],acetic acid,CC(=O)O,acid,water,O,water,0.452,0.145,0.403,0.0,0.089,0.911,101.325,0.875,861,293.15,0.3918468,0.25850818,0.34964502,0.01541705,0.054344095,0.9302389
,butyltrimethylammonium bis(trifluoromethylsulfonyl)imide,CCCC[N+](C)(C)C.O=S(=O)([N-]S(=O)(=O)C(F)(F)F)C(F)(F)F,[N4111][NTf2],acetic acid,CC(=O)O,acid,water,O,water,0.35,0.199,0.451,0.0,0.125,0.875,101.325,1.0,861,293.15,0.35653526,0.27414864,0.36931613,0.016466985,0.055761226,0.92777175
