{
  "best_epoch": 43,
  "best_val": {
    "mse": 0.006766885807865568,
    "rmse": 0.0822610831916622,
    "r2": 0.9405702983081475,
    "mae": 0.0424299906712184,
    "rmse_E": 0.05997281725659105,
    "rmse_R": 0.09968466685523239,
    "r2_E": 0.964790397970943,
    "r2_R": 0.9208678647474642,
    "mae_E": 0.03782702665113307,
    "mae_R": 0.04703295469130373,
    "sum_err_E": 2.3865448284254853e-08,
    "sum_err_R": 1.7378134486989438e-08,
    "sum_err_95": 1.1920928955078125e-07,
    "neg_frac": 0.0,
    "param_cov": 1.0,
    "mu_res_mae": 0.6540356874465942,
    "mu_res_rmse": 1.0168302059173584,
    "mu_res_max": 7.291502475738525,
    "gd_penalty_mean": 9.790893074068663e-08,
    "gd_penalty_p95": 3.672482122851761e-07,
    "gd_res_mae": 9.790893074068663e-08,
    "tpd_viol_rate": 0.20976253298153033,
    "tpd_viol_mean": 0.0003303301928099245
  },
  "best_test": {
    "mse": 0.0034736296687695456,
    "rmse": 0.05893750646888232,
    "r2": 0.970386507637978,
    "mae": 0.03884532674598566,
    "rmse_E": 0.05869411807150251,
    "rmse_R": 0.05917989389435921,
    "r2_E": 0.9645908399808861,
    "r2_R": 0.9744931385399275,
    "mae_E": 0.040522791457085885,
    "mae_R": 0.03716786203488544,
    "sum_err_E": 2.1748643774799348e-08,
    "sum_err_R": 1.837129381954128e-08,
    "sum_err_95": 1.1920928955078125e-07,
    "neg_frac": 0.0,
    "param_cov": 1.0,
    "mu_res_mae": 0.5951782464981079,
    "mu_res_rmse": 0.8454404473304749,
    "mu_res_max": 4.238188743591309,
    "gd_penalty_mean": 8.241280369247761e-08,
    "gd_penalty_p95": 2.909072591705808e-07,
    "gd_res_mae": 8.241280369247761e-08,
    "tpd_viol_rate": 0.2521793275217933,
    "tpd_viol_mean": 0.00034274454810656607
  },
  "use_graph": true
}