dataset_id,stage,system_id,n_points
Curated IL-LLE,raw_workbook,1.0,8
Curated IL-LLE,raw_workbook,2.0,8
Curated IL-LLE,raw_workbook,3.0,10
Curated IL-LLE,raw_workbook,4.0,10
Curated IL-LLE,raw_workbook,5.0,12
Curated IL-LLE,raw_workbook,6.0,12
Curated IL-LLE,raw_workbook,7.0,10
Curated IL-LLE,raw_workbook,8.0,11
Curated IL-LLE,raw_workbook,9.0,13
Curated IL-LLE,raw_workbook,10.0,10
Curated IL-LLE,raw_workbook,11.0,12
Curated IL-LLE,raw_workbook,12.0,10
Curated IL-LLE,raw_workbook,13.0,11
Curated IL-LLE,raw_workbook,14.0,11
Curated IL-LLE,raw_workbook,15.0,11
Curated IL-LLE,raw_workbook,16.0,11
Curated IL-LLE,raw_workbook,17.0,10
Curated IL-LLE,raw_workbook,18.0,11
Curated IL-LLE,raw_workbook,19.0,8
Curated IL-LLE,raw_workbook,20.0,12
Curated IL-LLE,raw_workbook,21.0,10
Curated IL-LLE,raw_workbook,22.0,9
Curated IL-LLE,raw_workbook,23.0,9
Curated IL-LLE,raw_workbook,24.0,12
Curated IL-LLE,raw_workbook,25.0,12
Curated IL-LLE,raw_workbook,26.0,10
Curated IL-LLE,raw_workbook,27.0,10
Curated IL-LLE,raw_workbook,28.0,9
Curated IL-LLE,raw_workbook,29.0,9
Curated IL-LLE,raw_workbook,30.0,12
Curated IL-LLE,raw_workbook,31.0,12
Curated IL-LLE,raw_workbook,32.0,8
Curated IL-LLE,raw_workbook,33.0,10
Curated IL-LLE,raw_workbook,34.0,9
Curated IL-LLE,raw_workbook,35.0,9
Curated IL-LLE,raw_workbook,36.0,11
Curated IL-LLE,raw_workbook,37.0,11
Curated IL-LLE,raw_workbook,38.0,9
Curated IL-LLE,raw_workbook,39.0,10
Curated IL-LLE,raw_workbook,40.0,12
Curated IL-LLE,raw_workbook,41.0,7
Curated IL-LLE,raw_workbook,42.0,9
Curated IL-LLE,raw_workbook,43.0,9
Curated IL-LLE,raw_workbook,44.0,10
Curated IL-LLE,raw_workbook,45.0,10
Curated IL-LLE,raw_workbook,46.0,11
Curated IL-LLE,raw_workbook,47.0,11
Curated IL-LLE,raw_workbook,48.0,12
Curated IL-LLE,raw_workbook,49.0,10
Curated IL-LLE,raw_workbook,50.0,11
Curated IL-LLE,raw_workbook,51.0,11
Curated IL-LLE,raw_workbook,52.0,10
Curated IL-LLE,raw_workbook,53.0,10
Curated IL-LLE,raw_workbook,54.0,10
Curated IL-LLE,raw_workbook,55.0,11
Curated IL-LLE,raw_workbook,56.0,8
Curated IL-LLE,raw_workbook,57.0,9
Curated IL-LLE,raw_workbook,58.0,9
Curated IL-LLE,raw_workbook,59.0,11
Curated IL-LLE,raw_workbook,60.0,8
Curated IL-LLE,raw_workbook,61.0,14
Curated IL-LLE,raw_workbook,62.0,10
Curated IL-LLE,raw_workbook,63.0,10
Curated IL-LLE,raw_workbook,64.0,7
Curated IL-LLE,raw_workbook,65.0,6
Curated IL-LLE,raw_workbook,66.0,8
Curated IL-LLE,raw_workbook,67.0,9
Curated IL-LLE,raw_workbook,68.0,7
Curated IL-LLE,raw_workbook,69.0,8
Curated IL-LLE,raw_workbook,70.0,10
Curated IL-LLE,raw_workbook,71.0,1
Curated IL-LLE,raw_workbook,72.0,10
Curated IL-LLE,raw_workbook,73.0,1
Curated IL-LLE,raw_workbook,74.0,1
Curated IL-LLE,raw_workbook,75.0,1
Curated IL-LLE,raw_workbook,76.0,1
Curated IL-LLE,raw_workbook,77.0,12
Curated IL-LLE,raw_workbook,78.0,7
Curated IL-LLE,raw_workbook,79.0,9
Curated IL-LLE,raw_workbook,80.0,8
Curated IL-LLE,raw_workbook,81.0,7
Curated IL-LLE,raw_workbook,82.0,8
Curated IL-LLE,raw_workbook,83.0,7
Curated IL-LLE,raw_workbook,84.0,8
Curated IL-LLE,raw_workbook,85.0,14
Curated IL-LLE,raw_workbook,86.0,13
Curated IL-LLE,raw_workbook,87.0,8
Curated IL-LLE,raw_workbook,88.0,8
Curated IL-LLE,raw_workbook,89.0,10
Curated IL-LLE,raw_workbook,90.0,10
Curated IL-LLE,raw_workbook,91.0,10
Curated IL-LLE,raw_workbook,92.0,10
Curated IL-LLE,raw_workbook,93.0,9
Curated IL-LLE,raw_workbook,94.0,10
Curated IL-LLE,raw_workbook,95.0,10
Curated IL-LLE,raw_workbook,96.0,10
Curated IL-LLE,raw_workbook,97.0,10
Curated IL-LLE,raw_workbook,98.0,10
Curated IL-LLE,raw_workbook,99.0,10
Curated IL-LLE,raw_workbook,100.0,10
Curated IL-LLE,raw_workbook,101.0,10
Curated IL-LLE,raw_workbook,102.0,9
Curated IL-LLE,raw_workbook,103.0,14
Curated IL-LLE,raw_workbook,104.0,14
Curated IL-LLE,raw_workbook,105.0,14
Curated IL-LLE,raw_workbook,106.0,8
Curated IL-LLE,raw_workbook,107.0,8
Curated IL-LLE,raw_workbook,108.0,9
Curated IL-LLE,raw_workbook,109.0,6
Curated IL-LLE,raw_workbook,110.0,7
Curated IL-LLE,raw_workbook,111.0,1
Curated IL-LLE,raw_workbook,112.0,11
Curated IL-LLE,raw_workbook,113.0,13
Curated IL-LLE,raw_workbook,114.0,1
Curated IL-LLE,raw_workbook,115.0,1
Curated IL-LLE,raw_workbook,116.0,1
Curated IL-LLE,raw_workbook,117.0,1
Curated IL-LLE,raw_workbook,118.0,7
Curated IL-LLE,raw_workbook,119.0,12
Curated IL-LLE,raw_workbook,120.0,7
Curated IL-LLE,raw_workbook,121.0,11
Curated IL-LLE,raw_workbook,122.0,10
Curated IL-LLE,raw_workbook,123.0,7
Curated IL-LLE,raw_workbook,124.0,6
Curated IL-LLE,raw_workbook,125.0,11
Curated IL-LLE,raw_workbook,126.0,11
Curated IL-LLE,raw_workbook,127.0,11
Curated IL-LLE,raw_workbook,128.0,10
Curated IL-LLE,raw_workbook,129.0,10
Curated IL-LLE,raw_workbook,130.0,10
Curated IL-LLE,raw_workbook,131.0,9
Curated IL-LLE,raw_workbook,132.0,12
Curated IL-LLE,raw_workbook,133.0,12
Curated IL-LLE,raw_workbook,134.0,12
Curated IL-LLE,raw_workbook,135.0,7
Curated IL-LLE,raw_workbook,136.0,12
Curated IL-LLE,raw_workbook,137.0,7
Curated IL-LLE,raw_workbook,138.0,10
Curated IL-LLE,raw_workbook,139.0,9
Curated IL-LLE,raw_workbook,140.0,10
Curated IL-LLE,raw_workbook,141.0,9
Curated IL-LLE,raw_workbook,142.0,8
Curated IL-LLE,raw_workbook,143.0,10
Curated IL-LLE,raw_workbook,144.0,11
Curated IL-LLE,raw_workbook,145.0,7
Curated IL-LLE,raw_workbook,146.0,8
Curated IL-LLE,raw_workbook,147.0,9
Curated IL-LLE,raw_workbook,148.0,8
Curated IL-LLE,raw_workbook,149.0,11
Curated IL-LLE,raw_workbook,150.0,10
Curated IL-LLE,raw_workbook,151.0,10
Curated IL-LLE,raw_workbook,152.0,9
Curated IL-LLE,raw_workbook,153.0,9
Curated IL-LLE,raw_workbook,154.0,9
Curated IL-LLE,raw_workbook,155.0,10
Curated IL-LLE,raw_workbook,156.0,15
Curated IL-LLE,raw_workbook,157.0,15
Curated IL-LLE,raw_workbook,158.0,14
Curated IL-LLE,raw_workbook,159.0,13
Curated IL-LLE,raw_workbook,160.0,14
Curated IL-LLE,raw_workbook,161.0,15
Curated IL-LLE,raw_workbook,162.0,1
Curated IL-LLE,raw_workbook,163.0,12
Curated IL-LLE,raw_workbook,164.0,11
Curated IL-LLE,raw_workbook,165.0,13
Curated IL-LLE,raw_workbook,166.0,12
Curated IL-LLE,raw_workbook,167.0,10
Curated IL-LLE,raw_workbook,168.0,10
Curated IL-LLE,raw_workbook,169.0,10
Curated IL-LLE,raw_workbook,170.0,11
Curated IL-LLE,raw_workbook,171.0,9
Curated IL-LLE,raw_workbook,172.0,9
Curated IL-LLE,raw_workbook,173.0,11
Curated IL-LLE,raw_workbook,174.0,12
Curated IL-LLE,raw_workbook,175.0,11
Curated IL-LLE,raw_workbook,176.0,11
Curated IL-LLE,raw_workbook,177.0,4
Curated IL-LLE,raw_workbook,178.0,4
Curated IL-LLE,raw_workbook,179.0,9
Curated IL-LLE,raw_workbook,180.0,9
Curated IL-LLE,raw_workbook,181.0,10
Curated IL-LLE,raw_workbook,182.0,10
Curated IL-LLE,raw_workbook,183.0,9
Curated IL-LLE,raw_workbook,184.0,9
Curated IL-LLE,raw_workbook,185.0,9
Curated IL-LLE,raw_workbook,186.0,8
Curated IL-LLE,raw_workbook,187.0,8
Curated IL-LLE,raw_workbook,188.0,9
Curated IL-LLE,raw_workbook,189.0,8
Curated IL-LLE,raw_workbook,190.0,9
Curated IL-LLE,raw_workbook,191.0,10
Curated IL-LLE,raw_workbook,192.0,10
Curated IL-LLE,raw_workbook,193.0,10
Curated IL-LLE,raw_workbook,194.0,10
Curated IL-LLE,raw_workbook,195.0,10
Curated IL-LLE,raw_workbook,196.0,10
Curated IL-LLE,raw_workbook,197.0,9
Curated IL-LLE,raw_workbook,198.0,10
Curated IL-LLE,raw_workbook,199.0,10
Curated IL-LLE,raw_workbook,200.0,10
Curated IL-LLE,raw_workbook,201.0,9
Curated IL-LLE,raw_workbook,202.0,10
Curated IL-LLE,raw_workbook,203.0,9
Curated IL-LLE,raw_workbook,204.0,9
Curated IL-LLE,raw_workbook,205.0,9
Curated IL-LLE,raw_workbook,206.0,10
Curated IL-LLE,raw_workbook,207.0,10
Curated IL-LLE,raw_workbook,208.0,10
Curated IL-LLE,raw_workbook,209.0,10
Curated IL-LLE,raw_workbook,210.0,10
Curated IL-LLE,raw_workbook,211.0,10
Curated IL-LLE,raw_workbook,212.0,9
Curated IL-LLE,raw_workbook,213.0,9
Curated IL-LLE,raw_workbook,214.0,7
Curated IL-LLE,raw_workbook,215.0,9
Curated IL-LLE,raw_workbook,216.0,5
Curated IL-LLE,raw_workbook,217.0,9
Curated IL-LLE,raw_workbook,218.0,3
Curated IL-LLE,raw_workbook,219.0,4
Curated IL-LLE,raw_workbook,220.0,9
Curated IL-LLE,raw_workbook,221.0,5
Curated IL-LLE,raw_workbook,222.0,2
Curated IL-LLE,raw_workbook,223.0,9
Curated IL-LLE,raw_workbook,224.0,10
Curated IL-LLE,raw_workbook,225.0,10
Curated IL-LLE,raw_workbook,226.0,9
Curated IL-LLE,raw_workbook,227.0,12
Curated IL-LLE,raw_workbook,228.0,12
Curated IL-LLE,raw_workbook,229.0,12
Curated IL-LLE,raw_workbook,230.0,7
Curated IL-LLE,raw_workbook,231.0,5
Curated IL-LLE,raw_workbook,232.0,13
Curated IL-LLE,raw_workbook,233.0,12
Curated IL-LLE,raw_workbook,234.0,4
Curated IL-LLE,raw_workbook,235.0,4
Curated IL-LLE,raw_workbook,236.0,5
Curated IL-LLE,raw_workbook,237.0,4
Curated IL-LLE,raw_workbook,238.0,5
Curated IL-LLE,raw_workbook,239.0,11
Curated IL-LLE,raw_workbook,240.0,11
Curated IL-LLE,raw_workbook,241.0,9
Curated IL-LLE,raw_workbook,242.0,12
Curated IL-LLE,raw_workbook,243.0,10
Curated IL-LLE,raw_workbook,244.0,11
Curated IL-LLE,raw_workbook,245.0,11
Curated IL-LLE,raw_workbook,246.0,10
Curated IL-LLE,raw_workbook,247.0,8
Curated IL-LLE,raw_workbook,248.0,8
Curated IL-LLE,raw_workbook,249.0,8
Curated IL-LLE,raw_workbook,250.0,10
Curated IL-LLE,raw_workbook,251.0,10
Curated IL-LLE,raw_workbook,252.0,11
Curated IL-LLE,raw_workbook,253.0,14
Curated IL-LLE,raw_workbook,254.0,11
Curated IL-LLE,raw_workbook,255.0,10
Curated IL-LLE,raw_workbook,256.0,11
Curated IL-LLE,raw_workbook,257.0,12
Curated IL-LLE,raw_workbook,258.0,21
Curated IL-LLE,raw_workbook,259.0,21
Curated IL-LLE,raw_workbook,260.0,11
Curated IL-LLE,raw_workbook,261.0,11
Curated IL-LLE,raw_workbook,262.0,10
Curated IL-LLE,raw_workbook,263.0,10
Curated IL-LLE,raw_workbook,264.0,11
Curated IL-LLE,raw_workbook,265.0,12
Curated IL-LLE,raw_workbook,266.0,12
Curated IL-LLE,raw_workbook,267.0,11
Curated IL-LLE,raw_workbook,268.0,8
Curated IL-LLE,raw_workbook,269.0,8
Curated IL-LLE,raw_workbook,270.0,8
Curated IL-LLE,raw_workbook,271.0,8
Curated IL-LLE,raw_workbook,272.0,8
Curated IL-LLE,raw_workbook,273.0,9
Curated IL-LLE,raw_workbook,274.0,9
Curated IL-LLE,raw_workbook,275.0,8
Curated IL-LLE,raw_workbook,276.0,9
Curated IL-LLE,raw_workbook,277.0,12
Curated IL-LLE,raw_workbook,278.0,21
Curated IL-LLE,raw_workbook,279.0,21
Curated IL-LLE,raw_workbook,280.0,7
Curated IL-LLE,raw_workbook,281.0,7
Curated IL-LLE,raw_workbook,282.0,10
Curated IL-LLE,raw_workbook,283.0,10
Curated IL-LLE,raw_workbook,284.0,8
Curated IL-LLE,raw_workbook,285.0,10
Curated IL-LLE,raw_workbook,286.0,13
Curated IL-LLE,raw_workbook,287.0,10
Curated IL-LLE,raw_workbook,288.0,10
Curated IL-LLE,raw_workbook,289.0,9
Curated IL-LLE,raw_workbook,290.0,11
Curated IL-LLE,raw_workbook,291.0,8
Curated IL-LLE,raw_workbook,292.0,9
Curated IL-LLE,raw_workbook,293.0,8
Curated IL-LLE,raw_workbook,294.0,9
Curated IL-LLE,raw_workbook,295.0,9
Curated IL-LLE,raw_workbook,296.0,8
Curated IL-LLE,raw_workbook,297.0,8
Curated IL-LLE,raw_workbook,298.0,7
Curated IL-LLE,raw_workbook,299.0,8
Curated IL-LLE,raw_workbook,300.0,8
Curated IL-LLE,raw_workbook,301.0,7
Curated IL-LLE,raw_workbook,302.0,8
Curated IL-LLE,raw_workbook,303.0,8
Curated IL-LLE,raw_workbook,304.0,7
Curated IL-LLE,raw_workbook,305.0,9
Curated IL-LLE,raw_workbook,306.0,9
Curated IL-LLE,raw_workbook,307.0,9
Curated IL-LLE,raw_workbook,308.0,9
Curated IL-LLE,raw_workbook,309.0,9
Curated IL-LLE,raw_workbook,310.0,9
Curated IL-LLE,raw_workbook,311.0,10
Curated IL-LLE,raw_workbook,312.0,8
Curated IL-LLE,raw_workbook,313.0,9
Curated IL-LLE,raw_workbook,314.0,8
Curated IL-LLE,raw_workbook,315.0,9
Curated IL-LLE,raw_workbook,316.0,9
Curated IL-LLE,raw_workbook,317.0,4
Curated IL-LLE,raw_workbook,318.0,4
Curated IL-LLE,raw_workbook,319.0,9
Curated IL-LLE,raw_workbook,320.0,4
Curated IL-LLE,raw_workbook,321.0,5
Curated IL-LLE,raw_workbook,322.0,9
Curated IL-LLE,raw_workbook,323.0,11
Curated IL-LLE,raw_workbook,324.0,9
Curated IL-LLE,raw_workbook,325.0,10
Curated IL-LLE,raw_workbook,326.0,12
Curated IL-LLE,raw_workbook,327.0,10
Curated IL-LLE,raw_workbook,328.0,12
Curated IL-LLE,raw_workbook,329.0,11
Curated IL-LLE,raw_workbook,330.0,9
Curated IL-LLE,raw_workbook,331.0,11
Curated IL-LLE,raw_workbook,332.0,10
Curated IL-LLE,raw_workbook,333.0,9
Curated IL-LLE,raw_workbook,334.0,9
Curated IL-LLE,raw_workbook,335.0,11
Curated IL-LLE,raw_workbook,336.0,12
Curated IL-LLE,raw_workbook,337.0,12
Curated IL-LLE,raw_workbook,338.0,11
Curated IL-LLE,raw_workbook,339.0,11
Curated IL-LLE,raw_workbook,340.0,10
Curated IL-LLE,raw_workbook,341.0,10
Curated IL-LLE,raw_workbook,342.0,14
Curated IL-LLE,raw_workbook,343.0,14
Curated IL-LLE,raw_workbook,344.0,17
Curated IL-LLE,raw_workbook,345.0,5
Curated IL-LLE,raw_workbook,346.0,11
Curated IL-LLE,raw_workbook,347.0,10
Curated IL-LLE,raw_workbook,348.0,10
Curated IL-LLE,raw_workbook,349.0,8
Curated IL-LLE,raw_workbook,350.0,9
Curated IL-LLE,raw_workbook,351.0,9
Curated IL-LLE,raw_workbook,352.0,9
Curated IL-LLE,raw_workbook,353.0,8
Curated IL-LLE,raw_workbook,354.0,8
Curated IL-LLE,raw_workbook,355.0,8
Curated IL-LLE,raw_workbook,356.0,11
Curated IL-LLE,raw_workbook,357.0,10
Curated IL-LLE,raw_workbook,358.0,5
Curated IL-LLE,raw_workbook,359.0,8
Curated IL-LLE,raw_workbook,360.0,5
Curated IL-LLE,raw_workbook,361.0,5
Curated IL-LLE,raw_workbook,362.0,8
Curated IL-LLE,raw_workbook,363.0,8
Curated IL-LLE,raw_workbook,364.0,8
Curated IL-LLE,raw_workbook,365.0,10
Curated IL-LLE,raw_workbook,366.0,9
Curated IL-LLE,raw_workbook,367.0,9
Curated IL-LLE,raw_workbook,368.0,9
Curated IL-LLE,raw_workbook,369.0,10
Curated IL-LLE,raw_workbook,370.0,10
Curated IL-LLE,raw_workbook,371.0,9
Curated IL-LLE,raw_workbook,372.0,9
Curated IL-LLE,raw_workbook,373.0,17
Curated IL-LLE,raw_workbook,374.0,10
Curated IL-LLE,raw_workbook,375.0,9
Curated IL-LLE,raw_workbook,376.0,10
Curated IL-LLE,raw_workbook,377.0,10
Curated IL-LLE,raw_workbook,378.0,9
Curated IL-LLE,raw_workbook,379.0,10
Curated IL-LLE,raw_workbook,380.0,9
Curated IL-LLE,raw_workbook,381.0,8
Curated IL-LLE,raw_workbook,382.0,9
Curated IL-LLE,raw_workbook,383.0,9
Curated IL-LLE,raw_workbook,384.0,10
Curated IL-LLE,raw_workbook,385.0,7
Curated IL-LLE,raw_workbook,386.0,10
Curated IL-LLE,raw_workbook,387.0,10
Curated IL-LLE,raw_workbook,388.0,8
Curated IL-LLE,raw_workbook,389.0,9
Curated IL-LLE,raw_workbook,390.0,7
Curated IL-LLE,raw_workbook,391.0,9
Curated IL-LLE,raw_workbook,392.0,9
Curated IL-LLE,raw_workbook,393.0,9
Curated IL-LLE,raw_workbook,394.0,8
Curated IL-LLE,raw_workbook,395.0,6
Curated IL-LLE,raw_workbook,396.0,8
Curated IL-LLE,raw_workbook,397.0,15
Curated IL-LLE,raw_workbook,398.0,6
Curated IL-LLE,raw_workbook,399.0,8
Curated IL-LLE,raw_workbook,400.0,6
Curated IL-LLE,raw_workbook,401.0,6
Curated IL-LLE,raw_workbook,402.0,6
Curated IL-LLE,raw_workbook,403.0,6
Curated IL-LLE,raw_workbook,404.0,13
Curated IL-LLE,raw_workbook,405.0,18
Curated IL-LLE,raw_workbook,406.0,19
Curated IL-LLE,raw_workbook,407.0,13
Curated IL-LLE,raw_workbook,408.0,9
Curated IL-LLE,raw_workbook,409.0,10
Curated IL-LLE,raw_workbook,410.0,11
Curated IL-LLE,raw_workbook,411.0,11
Curated IL-LLE,raw_workbook,412.0,21
Curated IL-LLE,raw_workbook,413.0,13
Curated IL-LLE,raw_workbook,414.0,13
Curated IL-LLE,raw_workbook,415.0,14
Curated IL-LLE,raw_workbook,416.0,14
Curated IL-LLE,raw_workbook,417.0,12
Curated IL-LLE,raw_workbook,418.0,9
Curated IL-LLE,raw_workbook,419.0,11
Curated IL-LLE,raw_workbook,420.0,9
Curated IL-LLE,raw_workbook,421.0,8
Curated IL-LLE,raw_workbook,422.0,9
Curated IL-LLE,raw_workbook,423.0,13
Curated IL-LLE,raw_workbook,424.0,6
Curated IL-LLE,raw_workbook,425.0,6
Curated IL-LLE,raw_workbook,426.0,9
Curated IL-LLE,raw_workbook,427.0,8
Curated IL-LLE,raw_workbook,428.0,7
Curated IL-LLE,raw_workbook,429.0,9
Curated IL-LLE,raw_workbook,430.0,7
Curated IL-LLE,raw_workbook,431.0,6
Curated IL-LLE,raw_workbook,432.0,11
Curated IL-LLE,raw_workbook,433.0,12
Curated IL-LLE,raw_workbook,434.0,12
Curated IL-LLE,raw_workbook,435.0,12
Curated IL-LLE,raw_workbook,436.0,18
Curated IL-LLE,raw_workbook,437.0,13
Curated IL-LLE,raw_workbook,438.0,10
Curated IL-LLE,raw_workbook,439.0,12
Curated IL-LLE,raw_workbook,440.0,11
Curated IL-LLE,raw_workbook,441.0,11
Curated IL-LLE,raw_workbook,442.0,11
Curated IL-LLE,raw_workbook,443.0,10
Curated IL-LLE,raw_workbook,444.0,8
Curated IL-LLE,raw_workbook,445.0,7
Curated IL-LLE,raw_workbook,446.0,12
Curated IL-LLE,raw_workbook,447.0,8
Curated IL-LLE,raw_workbook,448.0,9
Curated IL-LLE,raw_workbook,449.0,9
Curated IL-LLE,raw_workbook,450.0,10
Curated IL-LLE,raw_workbook,451.0,13
Curated IL-LLE,raw_workbook,452.0,14
Curated IL-LLE,raw_workbook,453.0,12
Curated IL-LLE,raw_workbook,454.0,10
Curated IL-LLE,raw_workbook,455.0,10
Curated IL-LLE,raw_workbook,456.0,13
Curated IL-LLE,raw_workbook,457.0,11
Curated IL-LLE,raw_workbook,458.0,14
Curated IL-LLE,raw_workbook,459.0,11
Curated IL-LLE,raw_workbook,460.0,12
Curated IL-LLE,raw_workbook,461.0,13
Curated IL-LLE,raw_workbook,462.0,19
Curated IL-LLE,raw_workbook,463.0,14
Curated IL-LLE,raw_workbook,464.0,23
Curated IL-LLE,raw_workbook,465.0,16
Curated IL-LLE,raw_workbook,466.0,13
Curated IL-LLE,raw_workbook,467.0,17
Curated IL-LLE,raw_workbook,468.0,18
Curated IL-LLE,raw_workbook,469.0,21
Curated IL-LLE,raw_workbook,470.0,12
Curated IL-LLE,raw_workbook,471.0,15
Curated IL-LLE,raw_workbook,472.0,12
Curated IL-LLE,raw_workbook,473.0,11
Curated IL-LLE,raw_workbook,474.0,11
Curated IL-LLE,raw_workbook,475.0,10
Curated IL-LLE,raw_workbook,476.0,12
Curated IL-LLE,raw_workbook,477.0,11
Curated IL-LLE,raw_workbook,478.0,13
Curated IL-LLE,raw_workbook,479.0,6
Curated IL-LLE,raw_workbook,480.0,11
Curated IL-LLE,raw_workbook,481.0,9
Curated IL-LLE,raw_workbook,482.0,5
Curated IL-LLE,raw_workbook,483.0,7
Curated IL-LLE,raw_workbook,484.0,8
Curated IL-LLE,raw_workbook,485.0,7
Curated IL-LLE,raw_workbook,486.0,7
Curated IL-LLE,raw_workbook,487.0,7
Curated IL-LLE,raw_workbook,488.0,10
Curated IL-LLE,raw_workbook,489.0,10
Curated IL-LLE,raw_workbook,490.0,10
Curated IL-LLE,raw_workbook,491.0,10
Curated IL-LLE,raw_workbook,492.0,11
Curated IL-LLE,raw_workbook,493.0,10
Curated IL-LLE,raw_workbook,494.0,10
Curated IL-LLE,raw_workbook,495.0,10
Curated IL-LLE,raw_workbook,496.0,10
Curated IL-LLE,raw_workbook,497.0,9
Curated IL-LLE,raw_workbook,498.0,9
Curated IL-LLE,raw_workbook,499.0,10
Curated IL-LLE,raw_workbook,500.0,10
Curated IL-LLE,raw_workbook,501.0,10
Curated IL-LLE,raw_workbook,502.0,6
Curated IL-LLE,raw_workbook,503.0,8
Curated IL-LLE,raw_workbook,504.0,6
Curated IL-LLE,raw_workbook,505.0,8
Curated IL-LLE,raw_workbook,506.0,8
Curated IL-LLE,raw_workbook,507.0,10
Curated IL-LLE,raw_workbook,508.0,8
Curated IL-LLE,raw_workbook,509.0,10
Curated IL-LLE,raw_workbook,510.0,9
Curated IL-LLE,raw_workbook,511.0,9
Curated IL-LLE,raw_workbook,512.0,10
Curated IL-LLE,raw_workbook,513.0,7
Curated IL-LLE,raw_workbook,514.0,14
Curated IL-LLE,raw_workbook,515.0,15
Curated IL-LLE,raw_workbook,516.0,15
Curated IL-LLE,raw_workbook,517.0,13
Curated IL-LLE,raw_workbook,518.0,9
Curated IL-LLE,raw_workbook,519.0,10
Curated IL-LLE,raw_workbook,520.0,13
Curated IL-LLE,raw_workbook,521.0,6
Curated IL-LLE,raw_workbook,522.0,4
Curated IL-LLE,raw_workbook,523.0,7
Curated IL-LLE,raw_workbook,524.0,10
Curated IL-LLE,raw_workbook,525.0,8
Curated IL-LLE,raw_workbook,526.0,9
Curated IL-LLE,raw_workbook,527.0,10
Curated IL-LLE,raw_workbook,528.0,9
Curated IL-LLE,raw_workbook,529.0,10
Curated IL-LLE,raw_workbook,530.0,9
Curated IL-LLE,raw_workbook,531.0,6
Curated IL-LLE,raw_workbook,532.0,6
Curated IL-LLE,raw_workbook,533.0,6
Curated IL-LLE,raw_workbook,534.0,8
Curated IL-LLE,raw_workbook,535.0,5
Curated IL-LLE,raw_workbook,536.0,6
Curated IL-LLE,raw_workbook,537.0,10
Curated IL-LLE,raw_workbook,538.0,10
Curated IL-LLE,raw_workbook,539.0,7
Curated IL-LLE,raw_workbook,540.0,9
Curated IL-LLE,raw_workbook,541.0,8
Curated IL-LLE,raw_workbook,542.0,7
Curated IL-LLE,raw_workbook,543.0,11
Curated IL-LLE,raw_workbook,544.0,11
Curated IL-LLE,raw_workbook,545.0,10
Curated IL-LLE,raw_workbook,546.0,5
Curated IL-LLE,raw_workbook,547.0,7
Curated IL-LLE,raw_workbook,548.0,7
Curated IL-LLE,raw_workbook,549.0,13
Curated IL-LLE,raw_workbook,550.0,8
Curated IL-LLE,raw_workbook,551.0,9
Curated IL-LLE,raw_workbook,552.0,8
Curated IL-LLE,raw_workbook,553.0,8
Curated IL-LLE,raw_workbook,554.0,8
Curated IL-LLE,raw_workbook,555.0,10
Curated IL-LLE,raw_workbook,556.0,8
Curated IL-LLE,raw_workbook,557.0,8
Curated IL-LLE,raw_workbook,558.0,8
Curated IL-LLE,raw_workbook,559.0,10
Curated IL-LLE,raw_workbook,560.0,10
Curated IL-LLE,raw_workbook,561.0,9
Curated IL-LLE,raw_workbook,562.0,5
Curated IL-LLE,raw_workbook,563.0,5
Curated IL-LLE,raw_workbook,564.0,9
Curated IL-LLE,raw_workbook,565.0,5
Curated IL-LLE,raw_workbook,566.0,10
Curated IL-LLE,raw_workbook,567.0,10
Curated IL-LLE,raw_workbook,568.0,12
Curated IL-LLE,raw_workbook,569.0,12
Curated IL-LLE,raw_workbook,570.0,13
Curated IL-LLE,raw_workbook,571.0,14
Curated IL-LLE,raw_workbook,572.0,10
Curated IL-LLE,raw_workbook,573.0,12
Curated IL-LLE,raw_workbook,574.0,17
Curated IL-LLE,raw_workbook,575.0,19
Curated IL-LLE,raw_workbook,576.0,17
Curated IL-LLE,raw_workbook,577.0,12
Curated IL-LLE,raw_workbook,578.0,15
Curated IL-LLE,raw_workbook,579.0,18
Curated IL-LLE,raw_workbook,580.0,21
Curated IL-LLE,raw_workbook,581.0,12
Curated IL-LLE,raw_workbook,582.0,13
Curated IL-LLE,raw_workbook,583.0,12
Curated IL-LLE,raw_workbook,584.0,12
Curated IL-LLE,raw_workbook,585.0,10
Curated IL-LLE,raw_workbook,586.0,14
Curated IL-LLE,raw_workbook,587.0,16
Curated IL-LLE,raw_workbook,588.0,20
Curated IL-LLE,raw_workbook,589.0,17
Curated IL-LLE,raw_workbook,590.0,15
Curated IL-LLE,raw_workbook,591.0,17
Curated IL-LLE,raw_workbook,592.0,16
Curated IL-LLE,raw_workbook,593.0,15
Curated IL-LLE,raw_workbook,594.0,23
Curated IL-LLE,raw_workbook,595.0,10
Curated IL-LLE,raw_workbook,596.0,14
Curated IL-LLE,raw_workbook,597.0,12
Curated IL-LLE,raw_workbook,598.0,12
Curated IL-LLE,raw_workbook,599.0,10
Curated IL-LLE,raw_workbook,600.0,12
Curated IL-LLE,raw_workbook,601.0,14
Curated IL-LLE,raw_workbook,602.0,13
Curated IL-LLE,raw_workbook,603.0,15
Curated IL-LLE,raw_workbook,604.0,12
Curated IL-LLE,raw_workbook,605.0,12
Curated IL-LLE,raw_workbook,606.0,12
Curated IL-LLE,raw_workbook,607.0,10
Curated IL-LLE,raw_workbook,608.0,10
Curated IL-LLE,raw_workbook,609.0,10
Curated IL-LLE,raw_workbook,610.0,9
Curated IL-LLE,raw_workbook,611.0,10
Curated IL-LLE,raw_workbook,612.0,10
Curated IL-LLE,raw_workbook,613.0,10
Curated IL-LLE,raw_workbook,614.0,10
Curated IL-LLE,raw_workbook,615.0,10
Curated IL-LLE,raw_workbook,616.0,9
Curated IL-LLE,raw_workbook,617.0,7
Curated IL-LLE,raw_workbook,618.0,9
Curated IL-LLE,raw_workbook,619.0,6
Curated IL-LLE,raw_workbook,620.0,6
Curated IL-LLE,raw_workbook,621.0,5
Curated IL-LLE,raw_workbook,622.0,5
Curated IL-LLE,raw_workbook,623.0,9
Curated IL-LLE,raw_workbook,624.0,7
Curated IL-LLE,raw_workbook,625.0,7
Curated IL-LLE,raw_workbook,626.0,7
Curated IL-LLE,raw_workbook,627.0,13
Curated IL-LLE,raw_workbook,628.0,13
Curated IL-LLE,raw_workbook,629.0,5
Curated IL-LLE,raw_workbook,630.0,5
Curated IL-LLE,raw_workbook,631.0,12
Curated IL-LLE,raw_workbook,632.0,9
Curated IL-LLE,raw_workbook,633.0,7
Curated IL-LLE,raw_workbook,634.0,8
Curated IL-LLE,raw_workbook,635.0,9
Curated IL-LLE,raw_workbook,636.0,10
Curated IL-LLE,raw_workbook,637.0,6
Curated IL-LLE,raw_workbook,638.0,8
Curated IL-LLE,raw_workbook,639.0,5
Curated IL-LLE,raw_workbook,640.0,7
Curated IL-LLE,raw_workbook,641.0,9
Curated IL-LLE,raw_workbook,642.0,9
Curated IL-LLE,raw_workbook,643.0,8
Curated IL-LLE,raw_workbook,644.0,5
Curated IL-LLE,raw_workbook,645.0,6
Curated IL-LLE,raw_workbook,646.0,6
Curated IL-LLE,raw_workbook,647.0,5
Curated IL-LLE,raw_workbook,648.0,6
Curated IL-LLE,raw_workbook,649.0,14
Curated IL-LLE,raw_workbook,650.0,14
Curated IL-LLE,raw_workbook,651.0,14
Curated IL-LLE,raw_workbook,652.0,8
Curated IL-LLE,raw_workbook,653.0,8
Curated IL-LLE,raw_workbook,654.0,6
Curated IL-LLE,raw_workbook,655.0,6
Curated IL-LLE,raw_workbook,656.0,6
Curated IL-LLE,raw_workbook,657.0,7
Curated IL-LLE,raw_workbook,658.0,8
Curated IL-LLE,raw_workbook,659.0,7
Curated IL-LLE,raw_workbook,660.0,6
Curated IL-LLE,raw_workbook,661.0,7
Curated IL-LLE,raw_workbook,662.0,8
Curated IL-LLE,raw_workbook,663.0,7
Curated IL-LLE,raw_workbook,664.0,4
Curated IL-LLE,raw_workbook,665.0,5
Curated IL-LLE,raw_workbook,666.0,4
Curated IL-LLE,raw_workbook,667.0,5
Curated IL-LLE,raw_workbook,668.0,6
Curated IL-LLE,raw_workbook,669.0,10
Curated IL-LLE,raw_workbook,670.0,9
Curated IL-LLE,raw_workbook,671.0,9
Curated IL-LLE,raw_workbook,672.0,6
Curated IL-LLE,raw_workbook,673.0,9
Curated IL-LLE,raw_workbook,674.0,6
Curated IL-LLE,raw_workbook,675.0,5
Curated IL-LLE,raw_workbook,676.0,20
Curated IL-LLE,raw_workbook,677.0,18
Curated IL-LLE,raw_workbook,678.0,22
Curated IL-LLE,raw_workbook,679.0,9
Curated IL-LLE,raw_workbook,680.0,7
Curated IL-LLE,raw_workbook,681.0,8
Curated IL-LLE,raw_workbook,682.0,7
Curated IL-LLE,raw_workbook,683.0,8
Curated IL-LLE,raw_workbook,684.0,9
Curated IL-LLE,raw_workbook,685.0,9
Curated IL-LLE,raw_workbook,686.0,3
Curated IL-LLE,raw_workbook,687.0,5
Curated IL-LLE,raw_workbook,688.0,3
Curated IL-LLE,raw_workbook,689.0,4
Curated IL-LLE,raw_workbook,690.0,5
Curated IL-LLE,raw_workbook,691.0,4
Curated IL-LLE,raw_workbook,692.0,6
Curated IL-LLE,raw_workbook,693.0,8
Curated IL-LLE,raw_workbook,694.0,7
Curated IL-LLE,raw_workbook,695.0,13
Curated IL-LLE,raw_workbook,696.0,12
Curated IL-LLE,raw_workbook,697.0,11
Curated IL-LLE,raw_workbook,698.0,13
Curated IL-LLE,raw_workbook,699.0,13
Curated IL-LLE,raw_workbook,700.0,11
Curated IL-LLE,raw_workbook,701.0,12
Curated IL-LLE,raw_workbook,702.0,12
Curated IL-LLE,raw_workbook,703.0,10
Curated IL-LLE,raw_workbook,704.0,9
Curated IL-LLE,raw_workbook,705.0,9
Curated IL-LLE,raw_workbook,706.0,9
Curated IL-LLE,raw_workbook,707.0,9
Curated IL-LLE,raw_workbook,708.0,9
Curated IL-LLE,raw_workbook,709.0,4
Curated IL-LLE,raw_workbook,710.0,4
Curated IL-LLE,raw_workbook,711.0,9
Curated IL-LLE,raw_workbook,712.0,9
Curated IL-LLE,raw_workbook,713.0,5
Curated IL-LLE,raw_workbook,714.0,6
Curated IL-LLE,raw_workbook,715.0,6
Curated IL-LLE,raw_workbook,716.0,7
Curated IL-LLE,raw_workbook,717.0,6
Curated IL-LLE,raw_workbook,718.0,7
Curated IL-LLE,raw_workbook,719.0,6
Curated IL-LLE,raw_workbook,720.0,6
Curated IL-LLE,raw_workbook,721.0,10
Curated IL-LLE,raw_workbook,722.0,6
Curated IL-LLE,raw_workbook,724.0,8
Curated IL-LLE,raw_workbook,725.0,7
Curated IL-LLE,raw_workbook,726.0,6
Curated IL-LLE,raw_workbook,727.0,13
Curated IL-LLE,raw_workbook,728.0,10
Curated IL-LLE,raw_workbook,729.0,8
Curated IL-LLE,raw_workbook,730.0,9
Curated IL-LLE,raw_workbook,731.0,7
Curated IL-LLE,raw_workbook,732.0,7
Curated IL-LLE,raw_workbook,733.0,9
Curated IL-LLE,raw_workbook,734.0,9
Curated IL-LLE,raw_workbook,735.0,9
Curated IL-LLE,raw_workbook,736.0,9
Curated IL-LLE,raw_workbook,737.0,9
Curated IL-LLE,raw_workbook,738.0,8
Curated IL-LLE,raw_workbook,739.0,11
Curated IL-LLE,raw_workbook,740.0,8
Curated IL-LLE,raw_workbook,741.0,7
Curated IL-LLE,raw_workbook,742.0,7
Curated IL-LLE,raw_workbook,743.0,8
Curated IL-LLE,raw_workbook,744.0,7
Curated IL-LLE,raw_workbook,745.0,7
Curated IL-LLE,raw_workbook,746.0,8
Curated IL-LLE,raw_workbook,747.0,9
Curated IL-LLE,raw_workbook,748.0,8
Curated IL-LLE,raw_workbook,749.0,8
Curated IL-LLE,raw_workbook,750.0,9
Curated IL-LLE,raw_workbook,751.0,6
Curated IL-LLE,raw_workbook,752.0,6
Curated IL-LLE,raw_workbook,753.0,12
Curated IL-LLE,raw_workbook,754.0,6
Curated IL-LLE,raw_workbook,755.0,6
Curated IL-LLE,raw_workbook,756.0,12
Curated IL-LLE,raw_workbook,757.0,26
Curated IL-LLE,raw_workbook,758.0,13
Curated IL-LLE,raw_workbook,759.0,14
Curated IL-LLE,raw_workbook,760.0,24
Curated IL-LLE,raw_workbook,761.0,25
Curated IL-LLE,raw_workbook,762.0,14
Curated IL-LLE,raw_workbook,763.0,16
Curated IL-LLE,raw_workbook,764.0,24
Curated IL-LLE,raw_workbook,765.0,13
Curated IL-LLE,raw_workbook,766.0,30
Curated IL-LLE,raw_workbook,767.0,11
Curated IL-LLE,raw_workbook,768.0,19
Curated IL-LLE,raw_workbook,769.0,17
Curated IL-LLE,raw_workbook,770.0,13
Curated IL-LLE,raw_workbook,771.0,19
Curated IL-LLE,raw_workbook,772.0,13
Curated IL-LLE,raw_workbook,773.0,15
Curated IL-LLE,raw_workbook,774.0,13
Curated IL-LLE,raw_workbook,775.0,14
Curated IL-LLE,raw_workbook,776.0,6
Curated IL-LLE,raw_workbook,777.0,6
Curated IL-LLE,raw_workbook,778.0,12
Curated IL-LLE,raw_workbook,779.0,6
Curated IL-LLE,raw_workbook,780.0,6
Curated IL-LLE,raw_workbook,781.0,20
Curated IL-LLE,raw_workbook,782.0,10
Curated IL-LLE,raw_workbook,783.0,7
Curated IL-LLE,raw_workbook,784.0,24
Curated IL-LLE,raw_workbook,785.0,30
Curated IL-LLE,raw_workbook,786.0,26
Curated IL-LLE,raw_workbook,787.0,25
Curated IL-LLE,raw_workbook,788.0,8
Curated IL-LLE,raw_workbook,789.0,7
Curated IL-LLE,raw_workbook,790.0,6
Curated IL-LLE,raw_workbook,791.0,8
Curated IL-LLE,raw_workbook,792.0,8
Curated IL-LLE,raw_workbook,793.0,7
Curated IL-LLE,raw_workbook,794.0,8
Curated IL-LLE,raw_workbook,795.0,7
Curated IL-LLE,raw_workbook,796.0,7
Curated IL-LLE,raw_workbook,797.0,7
Curated IL-LLE,raw_workbook,798.0,7
Curated IL-LLE,raw_workbook,799.0,7
Curated IL-LLE,raw_workbook,800.0,8
Curated IL-LLE,raw_workbook,801.0,7
Curated IL-LLE,raw_workbook,802.0,7
Curated IL-LLE,raw_workbook,803.0,6
Curated IL-LLE,raw_workbook,804.0,6
Curated IL-LLE,raw_workbook,805.0,4
Curated IL-LLE,raw_workbook,806.0,8
Curated IL-LLE,raw_workbook,807.0,6
Curated IL-LLE,raw_workbook,808.0,7
Curated IL-LLE,raw_workbook,809.0,6
Curated IL-LLE,raw_workbook,810.0,9
Curated IL-LLE,raw_workbook,811.0,8
Curated IL-LLE,raw_workbook,812.0,12
Curated IL-LLE,raw_workbook,813.0,11
Curated IL-LLE,raw_workbook,814.0,11
Curated IL-LLE,raw_workbook,815.0,17
Curated IL-LLE,raw_workbook,816.0,12
Curated IL-LLE,raw_workbook,817.0,11
Curated IL-LLE,raw_workbook,818.0,7
Curated IL-LLE,raw_workbook,819.0,8
Curated IL-LLE,raw_workbook,820.0,5
Curated IL-LLE,raw_workbook,821.0,7
Curated IL-LLE,raw_workbook,822.0,12
Curated IL-LLE,raw_workbook,823.0,8
Curated IL-LLE,raw_workbook,824.0,11
Curated IL-LLE,raw_workbook,825.0,9
Curated IL-LLE,raw_workbook,826.0,11
Curated IL-LLE,raw_workbook,827.0,6
Curated IL-LLE,raw_workbook,828.0,12
Curated IL-LLE,raw_workbook,829.0,6
Curated IL-LLE,raw_workbook,830.0,11
Curated IL-LLE,raw_workbook,831.0,6
Curated IL-LLE,raw_workbook,832.0,6
Curated IL-LLE,raw_workbook,833.0,8
Curated IL-LLE,raw_workbook,834.0,8
Curated IL-LLE,raw_workbook,835.0,6
Curated IL-LLE,raw_workbook,836.0,11
Curated IL-LLE,raw_workbook,837.0,10
Curated IL-LLE,raw_workbook,838.0,7
Curated IL-LLE,raw_workbook,839.0,7
Curated IL-LLE,raw_workbook,840.0,8
Curated IL-LLE,raw_workbook,841.0,8
Curated IL-LLE,raw_workbook,842.0,10
Curated IL-LLE,raw_workbook,843.0,6
Curated IL-LLE,raw_workbook,844.0,10
Curated IL-LLE,raw_workbook,845.0,8
Curated IL-LLE,raw_workbook,846.0,9
Curated IL-LLE,raw_workbook,847.0,11
Curated IL-LLE,raw_workbook,848.0,9
Curated IL-LLE,raw_workbook,849.0,10
Curated IL-LLE,raw_workbook,850.0,9
Curated IL-LLE,raw_workbook,851.0,7
Curated IL-LLE,raw_workbook,852.0,10
Curated IL-LLE,raw_workbook,853.0,10
Curated IL-LLE,raw_workbook,854.0,11
Curated IL-LLE,raw_workbook,855.0,14
Curated IL-LLE,raw_workbook,856.0,8
Curated IL-LLE,raw_workbook,857.0,5
Curated IL-LLE,raw_workbook,858.0,9
Curated IL-LLE,raw_workbook,859.0,7
Curated IL-LLE,raw_workbook,860.0,9
Curated IL-LLE,raw_workbook,861.0,9
Curated IL-LLE,filtered_min6_no_aug,1.0,8
Curated IL-LLE,filtered_min6_no_aug,10.0,10
Curated IL-LLE,filtered_min6_no_aug,100.0,10
Curated IL-LLE,filtered_min6_no_aug,101.0,10
Curated IL-LLE,filtered_min6_no_aug,102.0,9
Curated IL-LLE,filtered_min6_no_aug,103.0,14
Curated IL-LLE,filtered_min6_no_aug,104.0,14
Curated IL-LLE,filtered_min6_no_aug,105.0,14
Curated IL-LLE,filtered_min6_no_aug,106.0,8
Curated IL-LLE,filtered_min6_no_aug,107.0,8
Curated IL-LLE,filtered_min6_no_aug,108.0,9
Curated IL-LLE,filtered_min6_no_aug,109.0,6
Curated IL-LLE,filtered_min6_no_aug,11.0,12
Curated IL-LLE,filtered_min6_no_aug,110.0,7
Curated IL-LLE,filtered_min6_no_aug,112.0,11
Curated IL-LLE,filtered_min6_no_aug,113.0,13
Curated IL-LLE,filtered_min6_no_aug,118.0,7
Curated IL-LLE,filtered_min6_no_aug,119.0,12
Curated IL-LLE,filtered_min6_no_aug,12.0,10
Curated IL-LLE,filtered_min6_no_aug,120.0,7
Curated IL-LLE,filtered_min6_no_aug,121.0,11
Curated IL-LLE,filtered_min6_no_aug,122.0,10
Curated IL-LLE,filtered_min6_no_aug,123.0,7
Curated IL-LLE,filtered_min6_no_aug,124.0,6
Curated IL-LLE,filtered_min6_no_aug,125.0,11
Curated IL-LLE,filtered_min6_no_aug,126.0,11
Curated IL-LLE,filtered_min6_no_aug,127.0,11
Curated IL-LLE,filtered_min6_no_aug,128.0,10
Curated IL-LLE,filtered_min6_no_aug,129.0,10
Curated IL-LLE,filtered_min6_no_aug,13.0,11
Curated IL-LLE,filtered_min6_no_aug,130.0,10
Curated IL-LLE,filtered_min6_no_aug,131.0,9
Curated IL-LLE,filtered_min6_no_aug,132.0,12
Curated IL-LLE,filtered_min6_no_aug,133.0,12
Curated IL-LLE,filtered_min6_no_aug,134.0,12
Curated IL-LLE,filtered_min6_no_aug,135.0,7
Curated IL-LLE,filtered_min6_no_aug,136.0,12
Curated IL-LLE,filtered_min6_no_aug,137.0,7
Curated IL-LLE,filtered_min6_no_aug,138.0,10
Curated IL-LLE,filtered_min6_no_aug,139.0,9
Curated IL-LLE,filtered_min6_no_aug,14.0,11
Curated IL-LLE,filtered_min6_no_aug,140.0,10
Curated IL-LLE,filtered_min6_no_aug,141.0,9
Curated IL-LLE,filtered_min6_no_aug,142.0,8
Curated IL-LLE,filtered_min6_no_aug,143.0,10
Curated IL-LLE,filtered_min6_no_aug,144.0,11
Curated IL-LLE,filtered_min6_no_aug,149.0,11
Curated IL-LLE,filtered_min6_no_aug,15.0,11
Curated IL-LLE,filtered_min6_no_aug,150.0,10
Curated IL-LLE,filtered_min6_no_aug,151.0,10
Curated IL-LLE,filtered_min6_no_aug,152.0,9
Curated IL-LLE,filtered_min6_no_aug,153.0,9
Curated IL-LLE,filtered_min6_no_aug,154.0,9
Curated IL-LLE,filtered_min6_no_aug,155.0,10
Curated IL-LLE,filtered_min6_no_aug,156.0,14
Curated IL-LLE,filtered_min6_no_aug,157.0,15
Curated IL-LLE,filtered_min6_no_aug,158.0,14
Curated IL-LLE,filtered_min6_no_aug,159.0,13
Curated IL-LLE,filtered_min6_no_aug,16.0,11
Curated IL-LLE,filtered_min6_no_aug,160.0,14
Curated IL-LLE,filtered_min6_no_aug,161.0,15
Curated IL-LLE,filtered_min6_no_aug,163.0,12
Curated IL-LLE,filtered_min6_no_aug,164.0,11
Curated IL-LLE,filtered_min6_no_aug,165.0,12
Curated IL-LLE,filtered_min6_no_aug,166.0,12
Curated IL-LLE,filtered_min6_no_aug,167.0,10
Curated IL-LLE,filtered_min6_no_aug,168.0,10
Curated IL-LLE,filtered_min6_no_aug,169.0,10
Curated IL-LLE,filtered_min6_no_aug,17.0,10
Curated IL-LLE,filtered_min6_no_aug,170.0,11
Curated IL-LLE,filtered_min6_no_aug,171.0,9
Curated IL-LLE,filtered_min6_no_aug,172.0,9
Curated IL-LLE,filtered_min6_no_aug,173.0,11
Curated IL-LLE,filtered_min6_no_aug,174.0,12
Curated IL-LLE,filtered_min6_no_aug,175.0,11
Curated IL-LLE,filtered_min6_no_aug,176.0,11
Curated IL-LLE,filtered_min6_no_aug,179.0,9
Curated IL-LLE,filtered_min6_no_aug,18.0,11
Curated IL-LLE,filtered_min6_no_aug,180.0,9
Curated IL-LLE,filtered_min6_no_aug,181.0,10
Curated IL-LLE,filtered_min6_no_aug,182.0,10
Curated IL-LLE,filtered_min6_no_aug,183.0,9
Curated IL-LLE,filtered_min6_no_aug,184.0,9
Curated IL-LLE,filtered_min6_no_aug,185.0,9
Curated IL-LLE,filtered_min6_no_aug,186.0,8
Curated IL-LLE,filtered_min6_no_aug,187.0,8
Curated IL-LLE,filtered_min6_no_aug,188.0,9
Curated IL-LLE,filtered_min6_no_aug,189.0,8
Curated IL-LLE,filtered_min6_no_aug,19.0,8
Curated IL-LLE,filtered_min6_no_aug,190.0,9
Curated IL-LLE,filtered_min6_no_aug,191.0,10
Curated IL-LLE,filtered_min6_no_aug,192.0,10
Curated IL-LLE,filtered_min6_no_aug,193.0,10
Curated IL-LLE,filtered_min6_no_aug,194.0,10
Curated IL-LLE,filtered_min6_no_aug,195.0,10
Curated IL-LLE,filtered_min6_no_aug,196.0,10
Curated IL-LLE,filtered_min6_no_aug,197.0,9
Curated IL-LLE,filtered_min6_no_aug,198.0,10
Curated IL-LLE,filtered_min6_no_aug,199.0,10
Curated IL-LLE,filtered_min6_no_aug,2.0,8
Curated IL-LLE,filtered_min6_no_aug,20.0,12
Curated IL-LLE,filtered_min6_no_aug,200.0,10
Curated IL-LLE,filtered_min6_no_aug,201.0,9
Curated IL-LLE,filtered_min6_no_aug,202.0,10
Curated IL-LLE,filtered_min6_no_aug,203.0,9
Curated IL-LLE,filtered_min6_no_aug,204.0,9
Curated IL-LLE,filtered_min6_no_aug,205.0,9
Curated IL-LLE,filtered_min6_no_aug,206.0,10
Curated IL-LLE,filtered_min6_no_aug,207.0,10
Curated IL-LLE,filtered_min6_no_aug,208.0,10
Curated IL-LLE,filtered_min6_no_aug,209.0,10
Curated IL-LLE,filtered_min6_no_aug,21.0,10
Curated IL-LLE,filtered_min6_no_aug,210.0,10
Curated IL-LLE,filtered_min6_no_aug,211.0,10
Curated IL-LLE,filtered_min6_no_aug,212.0,9
Curated IL-LLE,filtered_min6_no_aug,213.0,9
Curated IL-LLE,filtered_min6_no_aug,214.0,7
Curated IL-LLE,filtered_min6_no_aug,215.0,9
Curated IL-LLE,filtered_min6_no_aug,217.0,9
Curated IL-LLE,filtered_min6_no_aug,22.0,9
Curated IL-LLE,filtered_min6_no_aug,220.0,9
Curated IL-LLE,filtered_min6_no_aug,223.0,9
Curated IL-LLE,filtered_min6_no_aug,224.0,10
Curated IL-LLE,filtered_min6_no_aug,225.0,9
Curated IL-LLE,filtered_min6_no_aug,226.0,9
Curated IL-LLE,filtered_min6_no_aug,227.0,12
Curated IL-LLE,filtered_min6_no_aug,228.0,12
Curated IL-LLE,filtered_min6_no_aug,229.0,12
Curated IL-LLE,filtered_min6_no_aug,23.0,9
Curated IL-LLE,filtered_min6_no_aug,230.0,7
Curated IL-LLE,filtered_min6_no_aug,232.0,13
Curated IL-LLE,filtered_min6_no_aug,233.0,12
Curated IL-LLE,filtered_min6_no_aug,239.0,11
Curated IL-LLE,filtered_min6_no_aug,24.0,12
Curated IL-LLE,filtered_min6_no_aug,240.0,11
Curated IL-LLE,filtered_min6_no_aug,241.0,9
Curated IL-LLE,filtered_min6_no_aug,242.0,12
Curated IL-LLE,filtered_min6_no_aug,243.0,10
Curated IL-LLE,filtered_min6_no_aug,244.0,10
Curated IL-LLE,filtered_min6_no_aug,245.0,10
Curated IL-LLE,filtered_min6_no_aug,246.0,10
Curated IL-LLE,filtered_min6_no_aug,247.0,8
Curated IL-LLE,filtered_min6_no_aug,248.0,8
Curated IL-LLE,filtered_min6_no_aug,249.0,8
Curated IL-LLE,filtered_min6_no_aug,25.0,12
Curated IL-LLE,filtered_min6_no_aug,250.0,10
Curated IL-LLE,filtered_min6_no_aug,251.0,10
Curated IL-LLE,filtered_min6_no_aug,252.0,11
Curated IL-LLE,filtered_min6_no_aug,253.0,14
Curated IL-LLE,filtered_min6_no_aug,254.0,11
Curated IL-LLE,filtered_min6_no_aug,255.0,9
Curated IL-LLE,filtered_min6_no_aug,256.0,11
Curated IL-LLE,filtered_min6_no_aug,257.0,12
Curated IL-LLE,filtered_min6_no_aug,258.0,21
Curated IL-LLE,filtered_min6_no_aug,259.0,21
Curated IL-LLE,filtered_min6_no_aug,26.0,10
Curated IL-LLE,filtered_min6_no_aug,260.0,11
Curated IL-LLE,filtered_min6_no_aug,261.0,11
Curated IL-LLE,filtered_min6_no_aug,262.0,10
Curated IL-LLE,filtered_min6_no_aug,263.0,10
Curated IL-LLE,filtered_min6_no_aug,264.0,11
Curated IL-LLE,filtered_min6_no_aug,265.0,12
Curated IL-LLE,filtered_min6_no_aug,266.0,12
Curated IL-LLE,filtered_min6_no_aug,267.0,11
Curated IL-LLE,filtered_min6_no_aug,268.0,8
Curated IL-LLE,filtered_min6_no_aug,269.0,8
Curated IL-LLE,filtered_min6_no_aug,27.0,10
Curated IL-LLE,filtered_min6_no_aug,270.0,8
Curated IL-LLE,filtered_min6_no_aug,271.0,8
Curated IL-LLE,filtered_min6_no_aug,272.0,8
Curated IL-LLE,filtered_min6_no_aug,273.0,9
Curated IL-LLE,filtered_min6_no_aug,274.0,9
Curated IL-LLE,filtered_min6_no_aug,275.0,8
Curated IL-LLE,filtered_min6_no_aug,276.0,9
Curated IL-LLE,filtered_min6_no_aug,277.0,12
Curated IL-LLE,filtered_min6_no_aug,278.0,21
Curated IL-LLE,filtered_min6_no_aug,279.0,21
Curated IL-LLE,filtered_min6_no_aug,28.0,9
Curated IL-LLE,filtered_min6_no_aug,280.0,7
Curated IL-LLE,filtered_min6_no_aug,281.0,7
Curated IL-LLE,filtered_min6_no_aug,282.0,10
Curated IL-LLE,filtered_min6_no_aug,283.0,10
Curated IL-LLE,filtered_min6_no_aug,284.0,8
Curated IL-LLE,filtered_min6_no_aug,285.0,10
Curated IL-LLE,filtered_min6_no_aug,286.0,13
Curated IL-LLE,filtered_min6_no_aug,287.0,10
Curated IL-LLE,filtered_min6_no_aug,288.0,10
Curated IL-LLE,filtered_min6_no_aug,289.0,9
Curated IL-LLE,filtered_min6_no_aug,29.0,9
Curated IL-LLE,filtered_min6_no_aug,290.0,11
Curated IL-LLE,filtered_min6_no_aug,291.0,8
Curated IL-LLE,filtered_min6_no_aug,292.0,9
Curated IL-LLE,filtered_min6_no_aug,293.0,8
Curated IL-LLE,filtered_min6_no_aug,294.0,9
Curated IL-LLE,filtered_min6_no_aug,295.0,9
Curated IL-LLE,filtered_min6_no_aug,296.0,8
Curated IL-LLE,filtered_min6_no_aug,297.0,8
Curated IL-LLE,filtered_min6_no_aug,298.0,7
Curated IL-LLE,filtered_min6_no_aug,299.0,8
Curated IL-LLE,filtered_min6_no_aug,3.0,10
Curated IL-LLE,filtered_min6_no_aug,30.0,12
Curated IL-LLE,filtered_min6_no_aug,300.0,8
Curated IL-LLE,filtered_min6_no_aug,301.0,7
Curated IL-LLE,filtered_min6_no_aug,302.0,8
Curated IL-LLE,filtered_min6_no_aug,303.0,8
Curated IL-LLE,filtered_min6_no_aug,304.0,7
Curated IL-LLE,filtered_min6_no_aug,305.0,9
Curated IL-LLE,filtered_min6_no_aug,306.0,9
Curated IL-LLE,filtered_min6_no_aug,307.0,9
Curated IL-LLE,filtered_min6_no_aug,308.0,9
Curated IL-LLE,filtered_min6_no_aug,309.0,9
Curated IL-LLE,filtered_min6_no_aug,31.0,12
Curated IL-LLE,filtered_min6_no_aug,310.0,9
Curated IL-LLE,filtered_min6_no_aug,311.0,10
Curated IL-LLE,filtered_min6_no_aug,312.0,8
Curated IL-LLE,filtered_min6_no_aug,313.0,9
Curated IL-LLE,filtered_min6_no_aug,314.0,8
Curated IL-LLE,filtered_min6_no_aug,315.0,9
Curated IL-LLE,filtered_min6_no_aug,316.0,9
Curated IL-LLE,filtered_min6_no_aug,319.0,9
Curated IL-LLE,filtered_min6_no_aug,32.0,8
Curated IL-LLE,filtered_min6_no_aug,322.0,9
Curated IL-LLE,filtered_min6_no_aug,323.0,11
Curated IL-LLE,filtered_min6_no_aug,324.0,9
Curated IL-LLE,filtered_min6_no_aug,325.0,10
Curated IL-LLE,filtered_min6_no_aug,326.0,12
Curated IL-LLE,filtered_min6_no_aug,327.0,10
Curated IL-LLE,filtered_min6_no_aug,328.0,12
Curated IL-LLE,filtered_min6_no_aug,329.0,11
Curated IL-LLE,filtered_min6_no_aug,33.0,10
Curated IL-LLE,filtered_min6_no_aug,330.0,9
Curated IL-LLE,filtered_min6_no_aug,331.0,11
Curated IL-LLE,filtered_min6_no_aug,332.0,10
Curated IL-LLE,filtered_min6_no_aug,333.0,9
Curated IL-LLE,filtered_min6_no_aug,335.0,11
Curated IL-LLE,filtered_min6_no_aug,336.0,12
Curated IL-LLE,filtered_min6_no_aug,337.0,12
Curated IL-LLE,filtered_min6_no_aug,338.0,11
Curated IL-LLE,filtered_min6_no_aug,339.0,11
Curated IL-LLE,filtered_min6_no_aug,34.0,9
Curated IL-LLE,filtered_min6_no_aug,340.0,10
Curated IL-LLE,filtered_min6_no_aug,341.0,10
Curated IL-LLE,filtered_min6_no_aug,342.0,14
Curated IL-LLE,filtered_min6_no_aug,343.0,14
Curated IL-LLE,filtered_min6_no_aug,344.0,17
Curated IL-LLE,filtered_min6_no_aug,346.0,11
Curated IL-LLE,filtered_min6_no_aug,347.0,10
Curated IL-LLE,filtered_min6_no_aug,348.0,10
Curated IL-LLE,filtered_min6_no_aug,349.0,8
Curated IL-LLE,filtered_min6_no_aug,35.0,9
Curated IL-LLE,filtered_min6_no_aug,350.0,9
Curated IL-LLE,filtered_min6_no_aug,351.0,9
Curated IL-LLE,filtered_min6_no_aug,352.0,9
Curated IL-LLE,filtered_min6_no_aug,353.0,8
Curated IL-LLE,filtered_min6_no_aug,354.0,8
Curated IL-LLE,filtered_min6_no_aug,355.0,8
Curated IL-LLE,filtered_min6_no_aug,356.0,11
Curated IL-LLE,filtered_min6_no_aug,357.0,10
Curated IL-LLE,filtered_min6_no_aug,359.0,8
Curated IL-LLE,filtered_min6_no_aug,36.0,10
Curated IL-LLE,filtered_min6_no_aug,362.0,8
Curated IL-LLE,filtered_min6_no_aug,363.0,8
Curated IL-LLE,filtered_min6_no_aug,364.0,8
Curated IL-LLE,filtered_min6_no_aug,365.0,10
Curated IL-LLE,filtered_min6_no_aug,366.0,9
Curated IL-LLE,filtered_min6_no_aug,367.0,9
Curated IL-LLE,filtered_min6_no_aug,368.0,9
Curated IL-LLE,filtered_min6_no_aug,369.0,10
Curated IL-LLE,filtered_min6_no_aug,37.0,11
Curated IL-LLE,filtered_min6_no_aug,370.0,10
Curated IL-LLE,filtered_min6_no_aug,371.0,9
Curated IL-LLE,filtered_min6_no_aug,372.0,9
Curated IL-LLE,filtered_min6_no_aug,373.0,17
Curated IL-LLE,filtered_min6_no_aug,374.0,10
Curated IL-LLE,filtered_min6_no_aug,375.0,9
Curated IL-LLE,filtered_min6_no_aug,376.0,10
Curated IL-LLE,filtered_min6_no_aug,377.0,10
Curated IL-LLE,filtered_min6_no_aug,378.0,9
Curated IL-LLE,filtered_min6_no_aug,379.0,10
Curated IL-LLE,filtered_min6_no_aug,38.0,9
Curated IL-LLE,filtered_min6_no_aug,380.0,9
Curated IL-LLE,filtered_min6_no_aug,381.0,8
Curated IL-LLE,filtered_min6_no_aug,382.0,9
Curated IL-LLE,filtered_min6_no_aug,383.0,9
Curated IL-LLE,filtered_min6_no_aug,384.0,10
Curated IL-LLE,filtered_min6_no_aug,385.0,7
Curated IL-LLE,filtered_min6_no_aug,386.0,10
Curated IL-LLE,filtered_min6_no_aug,387.0,10
Curated IL-LLE,filtered_min6_no_aug,388.0,8
Curated IL-LLE,filtered_min6_no_aug,389.0,9
Curated IL-LLE,filtered_min6_no_aug,39.0,10
Curated IL-LLE,filtered_min6_no_aug,390.0,7
Curated IL-LLE,filtered_min6_no_aug,391.0,9
Curated IL-LLE,filtered_min6_no_aug,392.0,9
Curated IL-LLE,filtered_min6_no_aug,393.0,9
Curated IL-LLE,filtered_min6_no_aug,394.0,8
Curated IL-LLE,filtered_min6_no_aug,395.0,6
Curated IL-LLE,filtered_min6_no_aug,396.0,8
Curated IL-LLE,filtered_min6_no_aug,397.0,15
Curated IL-LLE,filtered_min6_no_aug,398.0,6
Curated IL-LLE,filtered_min6_no_aug,399.0,8
Curated IL-LLE,filtered_min6_no_aug,4.0,10
Curated IL-LLE,filtered_min6_no_aug,40.0,12
Curated IL-LLE,filtered_min6_no_aug,400.0,6
Curated IL-LLE,filtered_min6_no_aug,401.0,6
Curated IL-LLE,filtered_min6_no_aug,402.0,6
Curated IL-LLE,filtered_min6_no_aug,403.0,6
Curated IL-LLE,filtered_min6_no_aug,404.0,13
Curated IL-LLE,filtered_min6_no_aug,405.0,18
Curated IL-LLE,filtered_min6_no_aug,406.0,19
Curated IL-LLE,filtered_min6_no_aug,407.0,13
Curated IL-LLE,filtered_min6_no_aug,408.0,9
Curated IL-LLE,filtered_min6_no_aug,409.0,10
Curated IL-LLE,filtered_min6_no_aug,41.0,7
Curated IL-LLE,filtered_min6_no_aug,410.0,11
Curated IL-LLE,filtered_min6_no_aug,411.0,11
Curated IL-LLE,filtered_min6_no_aug,412.0,21
Curated IL-LLE,filtered_min6_no_aug,413.0,13
Curated IL-LLE,filtered_min6_no_aug,414.0,13
Curated IL-LLE,filtered_min6_no_aug,415.0,14
Curated IL-LLE,filtered_min6_no_aug,416.0,14
Curated IL-LLE,filtered_min6_no_aug,417.0,12
Curated IL-LLE,filtered_min6_no_aug,418.0,9
Curated IL-LLE,filtered_min6_no_aug,419.0,11
Curated IL-LLE,filtered_min6_no_aug,420.0,9
Curated IL-LLE,filtered_min6_no_aug,421.0,8
Curated IL-LLE,filtered_min6_no_aug,422.0,9
Curated IL-LLE,filtered_min6_no_aug,423.0,13
Curated IL-LLE,filtered_min6_no_aug,424.0,6
Curated IL-LLE,filtered_min6_no_aug,425.0,6
Curated IL-LLE,filtered_min6_no_aug,426.0,9
Curated IL-LLE,filtered_min6_no_aug,427.0,8
Curated IL-LLE,filtered_min6_no_aug,428.0,7
Curated IL-LLE,filtered_min6_no_aug,429.0,9
Curated IL-LLE,filtered_min6_no_aug,430.0,7
Curated IL-LLE,filtered_min6_no_aug,431.0,6
Curated IL-LLE,filtered_min6_no_aug,432.0,11
Curated IL-LLE,filtered_min6_no_aug,433.0,12
Curated IL-LLE,filtered_min6_no_aug,434.0,12
Curated IL-LLE,filtered_min6_no_aug,435.0,12
Curated IL-LLE,filtered_min6_no_aug,436.0,18
Curated IL-LLE,filtered_min6_no_aug,437.0,13
Curated IL-LLE,filtered_min6_no_aug,438.0,10
Curated IL-LLE,filtered_min6_no_aug,439.0,12
Curated IL-LLE,filtered_min6_no_aug,44.0,10
Curated IL-LLE,filtered_min6_no_aug,440.0,11
Curated IL-LLE,filtered_min6_no_aug,441.0,11
Curated IL-LLE,filtered_min6_no_aug,442.0,11
Curated IL-LLE,filtered_min6_no_aug,443.0,10
Curated IL-LLE,filtered_min6_no_aug,444.0,8
Curated IL-LLE,filtered_min6_no_aug,445.0,7
Curated IL-LLE,filtered_min6_no_aug,446.0,12
Curated IL-LLE,filtered_min6_no_aug,447.0,8
Curated IL-LLE,filtered_min6_no_aug,448.0,9
Curated IL-LLE,filtered_min6_no_aug,449.0,9
Curated IL-LLE,filtered_min6_no_aug,45.0,10
Curated IL-LLE,filtered_min6_no_aug,450.0,10
Curated IL-LLE,filtered_min6_no_aug,451.0,13
Curated IL-LLE,filtered_min6_no_aug,452.0,14
Curated IL-LLE,filtered_min6_no_aug,453.0,12
Curated IL-LLE,filtered_min6_no_aug,454.0,10
Curated IL-LLE,filtered_min6_no_aug,455.0,10
Curated IL-LLE,filtered_min6_no_aug,456.0,13
Curated IL-LLE,filtered_min6_no_aug,457.0,11
Curated IL-LLE,filtered_min6_no_aug,458.0,14
Curated IL-LLE,filtered_min6_no_aug,459.0,11
Curated IL-LLE,filtered_min6_no_aug,46.0,11
Curated IL-LLE,filtered_min6_no_aug,460.0,12
Curated IL-LLE,filtered_min6_no_aug,461.0,13
Curated IL-LLE,filtered_min6_no_aug,47.0,11
Curated IL-LLE,filtered_min6_no_aug,472.0,12
Curated IL-LLE,filtered_min6_no_aug,473.0,11
Curated IL-LLE,filtered_min6_no_aug,474.0,11
Curated IL-LLE,filtered_min6_no_aug,475.0,10
Curated IL-LLE,filtered_min6_no_aug,476.0,12
Curated IL-LLE,filtered_min6_no_aug,477.0,11
Curated IL-LLE,filtered_min6_no_aug,478.0,13
Curated IL-LLE,filtered_min6_no_aug,479.0,6
Curated IL-LLE,filtered_min6_no_aug,48.0,12
Curated IL-LLE,filtered_min6_no_aug,480.0,11
Curated IL-LLE,filtered_min6_no_aug,481.0,9
Curated IL-LLE,filtered_min6_no_aug,483.0,7
Curated IL-LLE,filtered_min6_no_aug,484.0,8
Curated IL-LLE,filtered_min6_no_aug,485.0,7
Curated IL-LLE,filtered_min6_no_aug,486.0,7
Curated IL-LLE,filtered_min6_no_aug,487.0,7
Curated IL-LLE,filtered_min6_no_aug,488.0,10
Curated IL-LLE,filtered_min6_no_aug,489.0,10
Curated IL-LLE,filtered_min6_no_aug,49.0,10
Curated IL-LLE,filtered_min6_no_aug,490.0,10
Curated IL-LLE,filtered_min6_no_aug,491.0,10
Curated IL-LLE,filtered_min6_no_aug,492.0,11
Curated IL-LLE,filtered_min6_no_aug,493.0,10
Curated IL-LLE,filtered_min6_no_aug,494.0,10
Curated IL-LLE,filtered_min6_no_aug,495.0,10
Curated IL-LLE,filtered_min6_no_aug,496.0,10
Curated IL-LLE,filtered_min6_no_aug,497.0,9
Curated IL-LLE,filtered_min6_no_aug,498.0,9
Curated IL-LLE,filtered_min6_no_aug,499.0,10
Curated IL-LLE,filtered_min6_no_aug,5.0,12
Curated IL-LLE,filtered_min6_no_aug,50.0,11
Curated IL-LLE,filtered_min6_no_aug,500.0,10
Curated IL-LLE,filtered_min6_no_aug,501.0,10
Curated IL-LLE,filtered_min6_no_aug,502.0,6
Curated IL-LLE,filtered_min6_no_aug,503.0,8
Curated IL-LLE,filtered_min6_no_aug,504.0,6
Curated IL-LLE,filtered_min6_no_aug,505.0,8
Curated IL-LLE,filtered_min6_no_aug,506.0,8
Curated IL-LLE,filtered_min6_no_aug,507.0,10
Curated IL-LLE,filtered_min6_no_aug,508.0,8
Curated IL-LLE,filtered_min6_no_aug,509.0,10
Curated IL-LLE,filtered_min6_no_aug,51.0,11
Curated IL-LLE,filtered_min6_no_aug,510.0,9
Curated IL-LLE,filtered_min6_no_aug,511.0,9
Curated IL-LLE,filtered_min6_no_aug,512.0,10
Curated IL-LLE,filtered_min6_no_aug,513.0,7
Curated IL-LLE,filtered_min6_no_aug,518.0,9
Curated IL-LLE,filtered_min6_no_aug,519.0,10
Curated IL-LLE,filtered_min6_no_aug,52.0,10
Curated IL-LLE,filtered_min6_no_aug,520.0,13
Curated IL-LLE,filtered_min6_no_aug,521.0,6
Curated IL-LLE,filtered_min6_no_aug,523.0,7
Curated IL-LLE,filtered_min6_no_aug,524.0,10
Curated IL-LLE,filtered_min6_no_aug,525.0,8
Curated IL-LLE,filtered_min6_no_aug,526.0,9
Curated IL-LLE,filtered_min6_no_aug,527.0,10
Curated IL-LLE,filtered_min6_no_aug,528.0,9
Curated IL-LLE,filtered_min6_no_aug,529.0,10
Curated IL-LLE,filtered_min6_no_aug,53.0,10
Curated IL-LLE,filtered_min6_no_aug,530.0,9
Curated IL-LLE,filtered_min6_no_aug,531.0,6
Curated IL-LLE,filtered_min6_no_aug,532.0,6
Curated IL-LLE,filtered_min6_no_aug,533.0,6
Curated IL-LLE,filtered_min6_no_aug,534.0,8
Curated IL-LLE,filtered_min6_no_aug,536.0,6
Curated IL-LLE,filtered_min6_no_aug,537.0,10
Curated IL-LLE,filtered_min6_no_aug,538.0,10
Curated IL-LLE,filtered_min6_no_aug,539.0,7
Curated IL-LLE,filtered_min6_no_aug,54.0,10
Curated IL-LLE,filtered_min6_no_aug,540.0,9
Curated IL-LLE,filtered_min6_no_aug,541.0,8
Curated IL-LLE,filtered_min6_no_aug,542.0,7
Curated IL-LLE,filtered_min6_no_aug,543.0,11
Curated IL-LLE,filtered_min6_no_aug,544.0,11
Curated IL-LLE,filtered_min6_no_aug,545.0,10
Curated IL-LLE,filtered_min6_no_aug,547.0,7
Curated IL-LLE,filtered_min6_no_aug,548.0,7
Curated IL-LLE,filtered_min6_no_aug,549.0,13
Curated IL-LLE,filtered_min6_no_aug,55.0,11
Curated IL-LLE,filtered_min6_no_aug,550.0,8
Curated IL-LLE,filtered_min6_no_aug,551.0,9
Curated IL-LLE,filtered_min6_no_aug,552.0,8
Curated IL-LLE,filtered_min6_no_aug,553.0,8
Curated IL-LLE,filtered_min6_no_aug,554.0,8
Curated IL-LLE,filtered_min6_no_aug,555.0,10
Curated IL-LLE,filtered_min6_no_aug,556.0,8
Curated IL-LLE,filtered_min6_no_aug,557.0,8
Curated IL-LLE,filtered_min6_no_aug,558.0,8
Curated IL-LLE,filtered_min6_no_aug,559.0,10
Curated IL-LLE,filtered_min6_no_aug,56.0,8
Curated IL-LLE,filtered_min6_no_aug,560.0,10
Curated IL-LLE,filtered_min6_no_aug,561.0,9
Curated IL-LLE,filtered_min6_no_aug,564.0,9
Curated IL-LLE,filtered_min6_no_aug,566.0,10
Curated IL-LLE,filtered_min6_no_aug,567.0,10
Curated IL-LLE,filtered_min6_no_aug,568.0,12
Curated IL-LLE,filtered_min6_no_aug,569.0,12
Curated IL-LLE,filtered_min6_no_aug,57.0,9
Curated IL-LLE,filtered_min6_no_aug,570.0,13
Curated IL-LLE,filtered_min6_no_aug,571.0,14
Curated IL-LLE,filtered_min6_no_aug,572.0,10
Curated IL-LLE,filtered_min6_no_aug,573.0,12
Curated IL-LLE,filtered_min6_no_aug,574.0,17
Curated IL-LLE,filtered_min6_no_aug,575.0,19
Curated IL-LLE,filtered_min6_no_aug,576.0,17
Curated IL-LLE,filtered_min6_no_aug,577.0,12
Curated IL-LLE,filtered_min6_no_aug,578.0,15
Curated IL-LLE,filtered_min6_no_aug,579.0,18
Curated IL-LLE,filtered_min6_no_aug,58.0,9
Curated IL-LLE,filtered_min6_no_aug,580.0,21
Curated IL-LLE,filtered_min6_no_aug,581.0,12
Curated IL-LLE,filtered_min6_no_aug,582.0,13
Curated IL-LLE,filtered_min6_no_aug,583.0,12
Curated IL-LLE,filtered_min6_no_aug,584.0,12
Curated IL-LLE,filtered_min6_no_aug,585.0,10
Curated IL-LLE,filtered_min6_no_aug,586.0,14
Curated IL-LLE,filtered_min6_no_aug,587.0,16
Curated IL-LLE,filtered_min6_no_aug,588.0,20
Curated IL-LLE,filtered_min6_no_aug,589.0,17
Curated IL-LLE,filtered_min6_no_aug,59.0,11
Curated IL-LLE,filtered_min6_no_aug,590.0,15
Curated IL-LLE,filtered_min6_no_aug,591.0,17
Curated IL-LLE,filtered_min6_no_aug,592.0,16
Curated IL-LLE,filtered_min6_no_aug,593.0,15
Curated IL-LLE,filtered_min6_no_aug,594.0,23
Curated IL-LLE,filtered_min6_no_aug,595.0,10
Curated IL-LLE,filtered_min6_no_aug,596.0,14
Curated IL-LLE,filtered_min6_no_aug,597.0,12
Curated IL-LLE,filtered_min6_no_aug,598.0,12
Curated IL-LLE,filtered_min6_no_aug,599.0,10
Curated IL-LLE,filtered_min6_no_aug,6.0,12
Curated IL-LLE,filtered_min6_no_aug,60.0,8
Curated IL-LLE,filtered_min6_no_aug,600.0,12
Curated IL-LLE,filtered_min6_no_aug,601.0,14
Curated IL-LLE,filtered_min6_no_aug,602.0,13
Curated IL-LLE,filtered_min6_no_aug,603.0,15
Curated IL-LLE,filtered_min6_no_aug,604.0,12
Curated IL-LLE,filtered_min6_no_aug,605.0,12
Curated IL-LLE,filtered_min6_no_aug,606.0,12
Curated IL-LLE,filtered_min6_no_aug,607.0,10
Curated IL-LLE,filtered_min6_no_aug,608.0,10
Curated IL-LLE,filtered_min6_no_aug,609.0,10
Curated IL-LLE,filtered_min6_no_aug,61.0,14
Curated IL-LLE,filtered_min6_no_aug,610.0,9
Curated IL-LLE,filtered_min6_no_aug,611.0,10
Curated IL-LLE,filtered_min6_no_aug,612.0,10
Curated IL-LLE,filtered_min6_no_aug,613.0,10
Curated IL-LLE,filtered_min6_no_aug,614.0,10
Curated IL-LLE,filtered_min6_no_aug,615.0,10
Curated IL-LLE,filtered_min6_no_aug,616.0,9
Curated IL-LLE,filtered_min6_no_aug,617.0,7
Curated IL-LLE,filtered_min6_no_aug,618.0,9
Curated IL-LLE,filtered_min6_no_aug,619.0,6
Curated IL-LLE,filtered_min6_no_aug,62.0,10
Curated IL-LLE,filtered_min6_no_aug,620.0,6
Curated IL-LLE,filtered_min6_no_aug,623.0,9
Curated IL-LLE,filtered_min6_no_aug,624.0,7
Curated IL-LLE,filtered_min6_no_aug,625.0,7
Curated IL-LLE,filtered_min6_no_aug,626.0,7
Curated IL-LLE,filtered_min6_no_aug,627.0,13
Curated IL-LLE,filtered_min6_no_aug,628.0,13
Curated IL-LLE,filtered_min6_no_aug,63.0,10
Curated IL-LLE,filtered_min6_no_aug,631.0,12
Curated IL-LLE,filtered_min6_no_aug,632.0,9
Curated IL-LLE,filtered_min6_no_aug,633.0,7
Curated IL-LLE,filtered_min6_no_aug,634.0,8
Curated IL-LLE,filtered_min6_no_aug,635.0,9
Curated IL-LLE,filtered_min6_no_aug,637.0,6
Curated IL-LLE,filtered_min6_no_aug,638.0,8
Curated IL-LLE,filtered_min6_no_aug,64.0,7
Curated IL-LLE,filtered_min6_no_aug,640.0,7
Curated IL-LLE,filtered_min6_no_aug,641.0,9
Curated IL-LLE,filtered_min6_no_aug,642.0,9
Curated IL-LLE,filtered_min6_no_aug,643.0,8
Curated IL-LLE,filtered_min6_no_aug,645.0,6
Curated IL-LLE,filtered_min6_no_aug,646.0,6
Curated IL-LLE,filtered_min6_no_aug,648.0,6
Curated IL-LLE,filtered_min6_no_aug,649.0,14
Curated IL-LLE,filtered_min6_no_aug,65.0,6
Curated IL-LLE,filtered_min6_no_aug,650.0,14
Curated IL-LLE,filtered_min6_no_aug,651.0,14
Curated IL-LLE,filtered_min6_no_aug,652.0,8
Curated IL-LLE,filtered_min6_no_aug,653.0,8
Curated IL-LLE,filtered_min6_no_aug,654.0,6
Curated IL-LLE,filtered_min6_no_aug,655.0,6
Curated IL-LLE,filtered_min6_no_aug,656.0,6
Curated IL-LLE,filtered_min6_no_aug,657.0,7
Curated IL-LLE,filtered_min6_no_aug,658.0,8
Curated IL-LLE,filtered_min6_no_aug,659.0,7
Curated IL-LLE,filtered_min6_no_aug,66.0,8
Curated IL-LLE,filtered_min6_no_aug,660.0,6
Curated IL-LLE,filtered_min6_no_aug,661.0,7
Curated IL-LLE,filtered_min6_no_aug,662.0,8
Curated IL-LLE,filtered_min6_no_aug,663.0,7
Curated IL-LLE,filtered_min6_no_aug,668.0,6
Curated IL-LLE,filtered_min6_no_aug,669.0,10
Curated IL-LLE,filtered_min6_no_aug,67.0,9
Curated IL-LLE,filtered_min6_no_aug,670.0,9
Curated IL-LLE,filtered_min6_no_aug,671.0,9
Curated IL-LLE,filtered_min6_no_aug,672.0,6
Curated IL-LLE,filtered_min6_no_aug,673.0,9
Curated IL-LLE,filtered_min6_no_aug,674.0,6
Curated IL-LLE,filtered_min6_no_aug,679.0,9
Curated IL-LLE,filtered_min6_no_aug,68.0,7
Curated IL-LLE,filtered_min6_no_aug,680.0,7
Curated IL-LLE,filtered_min6_no_aug,681.0,8
Curated IL-LLE,filtered_min6_no_aug,682.0,7
Curated IL-LLE,filtered_min6_no_aug,683.0,8
Curated IL-LLE,filtered_min6_no_aug,684.0,9
Curated IL-LLE,filtered_min6_no_aug,685.0,9
Curated IL-LLE,filtered_min6_no_aug,69.0,8
Curated IL-LLE,filtered_min6_no_aug,693.0,8
Curated IL-LLE,filtered_min6_no_aug,694.0,7
Curated IL-LLE,filtered_min6_no_aug,695.0,13
Curated IL-LLE,filtered_min6_no_aug,696.0,12
Curated IL-LLE,filtered_min6_no_aug,697.0,11
Curated IL-LLE,filtered_min6_no_aug,698.0,13
Curated IL-LLE,filtered_min6_no_aug,699.0,13
Curated IL-LLE,filtered_min6_no_aug,7.0,10
Curated IL-LLE,filtered_min6_no_aug,70.0,10
Curated IL-LLE,filtered_min6_no_aug,700.0,11
Curated IL-LLE,filtered_min6_no_aug,701.0,12
Curated IL-LLE,filtered_min6_no_aug,702.0,12
Curated IL-LLE,filtered_min6_no_aug,703.0,10
Curated IL-LLE,filtered_min6_no_aug,704.0,9
Curated IL-LLE,filtered_min6_no_aug,705.0,9
Curated IL-LLE,filtered_min6_no_aug,706.0,9
Curated IL-LLE,filtered_min6_no_aug,707.0,9
Curated IL-LLE,filtered_min6_no_aug,708.0,9
Curated IL-LLE,filtered_min6_no_aug,711.0,9
Curated IL-LLE,filtered_min6_no_aug,712.0,9
Curated IL-LLE,filtered_min6_no_aug,715.0,6
Curated IL-LLE,filtered_min6_no_aug,716.0,7
Curated IL-LLE,filtered_min6_no_aug,72.0,10
Curated IL-LLE,filtered_min6_no_aug,721.0,10
Curated IL-LLE,filtered_min6_no_aug,722.0,6
Curated IL-LLE,filtered_min6_no_aug,724.0,8
Curated IL-LLE,filtered_min6_no_aug,725.0,7
Curated IL-LLE,filtered_min6_no_aug,726.0,6
Curated IL-LLE,filtered_min6_no_aug,727.0,13
Curated IL-LLE,filtered_min6_no_aug,728.0,10
Curated IL-LLE,filtered_min6_no_aug,729.0,8
Curated IL-LLE,filtered_min6_no_aug,730.0,9
Curated IL-LLE,filtered_min6_no_aug,731.0,7
Curated IL-LLE,filtered_min6_no_aug,732.0,7
Curated IL-LLE,filtered_min6_no_aug,733.0,9
Curated IL-LLE,filtered_min6_no_aug,734.0,9
Curated IL-LLE,filtered_min6_no_aug,735.0,9
Curated IL-LLE,filtered_min6_no_aug,736.0,9
Curated IL-LLE,filtered_min6_no_aug,737.0,9
Curated IL-LLE,filtered_min6_no_aug,738.0,8
Curated IL-LLE,filtered_min6_no_aug,739.0,11
Curated IL-LLE,filtered_min6_no_aug,740.0,8
Curated IL-LLE,filtered_min6_no_aug,741.0,7
Curated IL-LLE,filtered_min6_no_aug,742.0,7
Curated IL-LLE,filtered_min6_no_aug,743.0,8
Curated IL-LLE,filtered_min6_no_aug,744.0,7
Curated IL-LLE,filtered_min6_no_aug,745.0,7
Curated IL-LLE,filtered_min6_no_aug,746.0,8
Curated IL-LLE,filtered_min6_no_aug,747.0,9
Curated IL-LLE,filtered_min6_no_aug,748.0,8
Curated IL-LLE,filtered_min6_no_aug,749.0,8
Curated IL-LLE,filtered_min6_no_aug,750.0,9
Curated IL-LLE,filtered_min6_no_aug,751.0,6
Curated IL-LLE,filtered_min6_no_aug,752.0,6
Curated IL-LLE,filtered_min6_no_aug,753.0,12
Curated IL-LLE,filtered_min6_no_aug,754.0,6
Curated IL-LLE,filtered_min6_no_aug,755.0,6
Curated IL-LLE,filtered_min6_no_aug,756.0,12
Curated IL-LLE,filtered_min6_no_aug,757.0,26
Curated IL-LLE,filtered_min6_no_aug,758.0,13
Curated IL-LLE,filtered_min6_no_aug,759.0,14
Curated IL-LLE,filtered_min6_no_aug,760.0,24
Curated IL-LLE,filtered_min6_no_aug,761.0,25
Curated IL-LLE,filtered_min6_no_aug,763.0,16
Curated IL-LLE,filtered_min6_no_aug,764.0,24
Curated IL-LLE,filtered_min6_no_aug,765.0,13
Curated IL-LLE,filtered_min6_no_aug,766.0,30
Curated IL-LLE,filtered_min6_no_aug,767.0,11
Curated IL-LLE,filtered_min6_no_aug,768.0,19
Curated IL-LLE,filtered_min6_no_aug,769.0,17
Curated IL-LLE,filtered_min6_no_aug,77.0,12
Curated IL-LLE,filtered_min6_no_aug,770.0,13
Curated IL-LLE,filtered_min6_no_aug,771.0,19
Curated IL-LLE,filtered_min6_no_aug,772.0,13
Curated IL-LLE,filtered_min6_no_aug,773.0,15
Curated IL-LLE,filtered_min6_no_aug,774.0,13
Curated IL-LLE,filtered_min6_no_aug,775.0,14
Curated IL-LLE,filtered_min6_no_aug,776.0,6
Curated IL-LLE,filtered_min6_no_aug,777.0,6
Curated IL-LLE,filtered_min6_no_aug,778.0,12
Curated IL-LLE,filtered_min6_no_aug,779.0,6
Curated IL-LLE,filtered_min6_no_aug,78.0,7
Curated IL-LLE,filtered_min6_no_aug,780.0,6
Curated IL-LLE,filtered_min6_no_aug,781.0,20
Curated IL-LLE,filtered_min6_no_aug,782.0,10
Curated IL-LLE,filtered_min6_no_aug,783.0,7
Curated IL-LLE,filtered_min6_no_aug,784.0,24
Curated IL-LLE,filtered_min6_no_aug,785.0,30
Curated IL-LLE,filtered_min6_no_aug,786.0,26
Curated IL-LLE,filtered_min6_no_aug,787.0,25
Curated IL-LLE,filtered_min6_no_aug,788.0,7
Curated IL-LLE,filtered_min6_no_aug,789.0,7
Curated IL-LLE,filtered_min6_no_aug,79.0,9
Curated IL-LLE,filtered_min6_no_aug,790.0,6
Curated IL-LLE,filtered_min6_no_aug,791.0,8
Curated IL-LLE,filtered_min6_no_aug,792.0,8
Curated IL-LLE,filtered_min6_no_aug,793.0,7
Curated IL-LLE,filtered_min6_no_aug,794.0,8
Curated IL-LLE,filtered_min6_no_aug,795.0,7
Curated IL-LLE,filtered_min6_no_aug,796.0,7
Curated IL-LLE,filtered_min6_no_aug,797.0,7
Curated IL-LLE,filtered_min6_no_aug,798.0,7
Curated IL-LLE,filtered_min6_no_aug,799.0,7
Curated IL-LLE,filtered_min6_no_aug,8.0,11
Curated IL-LLE,filtered_min6_no_aug,80.0,8
Curated IL-LLE,filtered_min6_no_aug,800.0,8
Curated IL-LLE,filtered_min6_no_aug,801.0,7
Curated IL-LLE,filtered_min6_no_aug,802.0,7
Curated IL-LLE,filtered_min6_no_aug,803.0,6
Curated IL-LLE,filtered_min6_no_aug,804.0,6
Curated IL-LLE,filtered_min6_no_aug,806.0,8
Curated IL-LLE,filtered_min6_no_aug,807.0,6
Curated IL-LLE,filtered_min6_no_aug,808.0,7
Curated IL-LLE,filtered_min6_no_aug,809.0,6
Curated IL-LLE,filtered_min6_no_aug,81.0,7
Curated IL-LLE,filtered_min6_no_aug,810.0,9
Curated IL-LLE,filtered_min6_no_aug,811.0,8
Curated IL-LLE,filtered_min6_no_aug,812.0,12
Curated IL-LLE,filtered_min6_no_aug,813.0,11
Curated IL-LLE,filtered_min6_no_aug,814.0,11
Curated IL-LLE,filtered_min6_no_aug,815.0,17
Curated IL-LLE,filtered_min6_no_aug,816.0,12
Curated IL-LLE,filtered_min6_no_aug,817.0,11
Curated IL-LLE,filtered_min6_no_aug,818.0,7
Curated IL-LLE,filtered_min6_no_aug,819.0,8
Curated IL-LLE,filtered_min6_no_aug,82.0,8
Curated IL-LLE,filtered_min6_no_aug,821.0,7
Curated IL-LLE,filtered_min6_no_aug,822.0,12
Curated IL-LLE,filtered_min6_no_aug,823.0,8
Curated IL-LLE,filtered_min6_no_aug,824.0,11
Curated IL-LLE,filtered_min6_no_aug,825.0,9
Curated IL-LLE,filtered_min6_no_aug,826.0,11
Curated IL-LLE,filtered_min6_no_aug,827.0,6
Curated IL-LLE,filtered_min6_no_aug,828.0,12
Curated IL-LLE,filtered_min6_no_aug,829.0,6
Curated IL-LLE,filtered_min6_no_aug,83.0,7
Curated IL-LLE,filtered_min6_no_aug,830.0,11
Curated IL-LLE,filtered_min6_no_aug,831.0,6
Curated IL-LLE,filtered_min6_no_aug,832.0,6
Curated IL-LLE,filtered_min6_no_aug,833.0,8
Curated IL-LLE,filtered_min6_no_aug,834.0,8
Curated IL-LLE,filtered_min6_no_aug,835.0,6
Curated IL-LLE,filtered_min6_no_aug,836.0,11
Curated IL-LLE,filtered_min6_no_aug,837.0,10
Curated IL-LLE,filtered_min6_no_aug,838.0,7
Curated IL-LLE,filtered_min6_no_aug,839.0,7
Curated IL-LLE,filtered_min6_no_aug,84.0,8
Curated IL-LLE,filtered_min6_no_aug,840.0,8
Curated IL-LLE,filtered_min6_no_aug,841.0,8
Curated IL-LLE,filtered_min6_no_aug,842.0,10
Curated IL-LLE,filtered_min6_no_aug,843.0,6
Curated IL-LLE,filtered_min6_no_aug,844.0,10
Curated IL-LLE,filtered_min6_no_aug,845.0,8
Curated IL-LLE,filtered_min6_no_aug,846.0,9
Curated IL-LLE,filtered_min6_no_aug,847.0,11
Curated IL-LLE,filtered_min6_no_aug,848.0,9
Curated IL-LLE,filtered_min6_no_aug,849.0,10
Curated IL-LLE,filtered_min6_no_aug,85.0,13
Curated IL-LLE,filtered_min6_no_aug,850.0,9
Curated IL-LLE,filtered_min6_no_aug,851.0,7
Curated IL-LLE,filtered_min6_no_aug,852.0,10
Curated IL-LLE,filtered_min6_no_aug,853.0,10
Curated IL-LLE,filtered_min6_no_aug,854.0,11
Curated IL-LLE,filtered_min6_no_aug,855.0,14
Curated IL-LLE,filtered_min6_no_aug,856.0,8
Curated IL-LLE,filtered_min6_no_aug,858.0,9
Curated IL-LLE,filtered_min6_no_aug,859.0,7
Curated IL-LLE,filtered_min6_no_aug,86.0,13
Curated IL-LLE,filtered_min6_no_aug,860.0,9
Curated IL-LLE,filtered_min6_no_aug,861.0,9
Curated IL-LLE,filtered_min6_no_aug,87.0,8
Curated IL-LLE,filtered_min6_no_aug,88.0,8
Curated IL-LLE,filtered_min6_no_aug,89.0,10
Curated IL-LLE,filtered_min6_no_aug,9.0,13
Curated IL-LLE,filtered_min6_no_aug,90.0,10
Curated IL-LLE,filtered_min6_no_aug,91.0,10
Curated IL-LLE,filtered_min6_no_aug,92.0,10
Curated IL-LLE,filtered_min6_no_aug,93.0,9
Curated IL-LLE,filtered_min6_no_aug,94.0,10
Curated IL-LLE,filtered_min6_no_aug,95.0,10
Curated IL-LLE,filtered_min6_no_aug,96.0,10
Curated IL-LLE,filtered_min6_no_aug,97.0,10
Curated IL-LLE,filtered_min6_no_aug,98.0,10
Curated IL-LLE,filtered_min6_no_aug,99.0,10
Expanded literature LLE,raw_workbook,1,9
Expanded literature LLE,raw_workbook,2,9
Expanded literature LLE,raw_workbook,3,9
Expanded literature LLE,raw_workbook,4,7
Expanded literature LLE,raw_workbook,5,7
Expanded literature LLE,raw_workbook,6,7
Expanded literature LLE,raw_workbook,7,4
Expanded literature LLE,raw_workbook,8,7
Expanded literature LLE,raw_workbook,9,7
Expanded literature LLE,raw_workbook,10,7
Expanded literature LLE,raw_workbook,11,11
Expanded literature LLE,raw_workbook,12,11
Expanded literature LLE,raw_workbook,13,11
Expanded literature LLE,raw_workbook,14,3
Expanded literature LLE,raw_workbook,15,4
Expanded literature LLE,raw_workbook,16,5
Expanded literature LLE,raw_workbook,17,4
Expanded literature LLE,raw_workbook,18,9
Expanded literature LLE,raw_workbook,19,8
Expanded literature LLE,raw_workbook,20,9
Expanded literature LLE,raw_workbook,21,4
Expanded literature LLE,raw_workbook,22,4
Expanded literature LLE,raw_workbook,23,5
Expanded literature LLE,raw_workbook,24,4
Expanded literature LLE,raw_workbook,25,4
Expanded literature LLE,raw_workbook,26,5
Expanded literature LLE,raw_workbook,27,4
Expanded literature LLE,raw_workbook,28,11
Expanded literature LLE,raw_workbook,29,11
Expanded literature LLE,raw_workbook,30,11
Expanded literature LLE,raw_workbook,31,7
Expanded literature LLE,raw_workbook,32,7
Expanded literature LLE,raw_workbook,33,7
Expanded literature LLE,raw_workbook,34,7
Expanded literature LLE,raw_workbook,35,8
Expanded literature LLE,raw_workbook,36,8
Expanded literature LLE,raw_workbook,37,8
Expanded literature LLE,raw_workbook,38,8
Expanded literature LLE,raw_workbook,39,8
Expanded literature LLE,raw_workbook,40,8
Expanded literature LLE,raw_workbook,41,8
Expanded literature LLE,raw_workbook,42,8
Expanded literature LLE,raw_workbook,43,12
Expanded literature LLE,raw_workbook,44,13
Expanded literature LLE,raw_workbook,45,10
Expanded literature LLE,raw_workbook,46,10
Expanded literature LLE,raw_workbook,47,10
Expanded literature LLE,raw_workbook,48,10
Expanded literature LLE,raw_workbook,49,10
Expanded literature LLE,raw_workbook,50,10
Expanded literature LLE,raw_workbook,51,10
Expanded literature LLE,raw_workbook,52,10
Expanded literature LLE,raw_workbook,53,10
Expanded literature LLE,raw_workbook,54,8
Expanded literature LLE,raw_workbook,55,8
Expanded literature LLE,raw_workbook,56,9
Expanded literature LLE,raw_workbook,57,9
Expanded literature LLE,raw_workbook,58,9
Expanded literature LLE,raw_workbook,59,7
Expanded literature LLE,raw_workbook,60,7
Expanded literature LLE,raw_workbook,61,7
Expanded literature LLE,raw_workbook,62,7
Expanded literature LLE,raw_workbook,63,6
Expanded literature LLE,raw_workbook,64,9
Expanded literature LLE,raw_workbook,65,9
Expanded literature LLE,raw_workbook,66,9
Expanded literature LLE,raw_workbook,67,9
Expanded literature LLE,raw_workbook,68,9
Expanded literature LLE,raw_workbook,69,9
Expanded literature LLE,raw_workbook,70,10
Expanded literature LLE,raw_workbook,71,16
Expanded literature LLE,raw_workbook,72,13
Expanded literature LLE,raw_workbook,73,19
Expanded literature LLE,raw_workbook,74,4
Expanded literature LLE,raw_workbook,75,10
Expanded literature LLE,raw_workbook,76,10
Expanded literature LLE,raw_workbook,77,10
Expanded literature LLE,raw_workbook,78,19
Expanded literature LLE,raw_workbook,79,26
Expanded literature LLE,raw_workbook,80,12
Expanded literature LLE,raw_workbook,81,10
Expanded literature LLE,raw_workbook,82,9
Expanded literature LLE,raw_workbook,83,8
Expanded literature LLE,raw_workbook,84,11
Expanded literature LLE,raw_workbook,85,11
Expanded literature LLE,raw_workbook,86,8
Expanded literature LLE,raw_workbook,87,6
Expanded literature LLE,raw_workbook,88,6
Expanded literature LLE,raw_workbook,89,7
Expanded literature LLE,raw_workbook,90,11
Expanded literature LLE,raw_workbook,91,11
Expanded literature LLE,raw_workbook,92,10
Expanded literature LLE,raw_workbook,93,10
Expanded literature LLE,raw_workbook,94,10
Expanded literature LLE,raw_workbook,95,10
Expanded literature LLE,raw_workbook,96,9
Expanded literature LLE,raw_workbook,97,9
Expanded literature LLE,raw_workbook,98,9
Expanded literature LLE,raw_workbook,99,9
Expanded literature LLE,raw_workbook,100,9
Expanded literature LLE,raw_workbook,101,11
Expanded literature LLE,raw_workbook,102,9
Expanded literature LLE,raw_workbook,103,12
Expanded literature LLE,raw_workbook,104,8
Expanded literature LLE,raw_workbook,105,8
Expanded literature LLE,raw_workbook,106,9
Expanded literature LLE,raw_workbook,107,9
Expanded literature LLE,raw_workbook,108,9
Expanded literature LLE,raw_workbook,109,9
Expanded literature LLE,raw_workbook,110,9
Expanded literature LLE,raw_workbook,111,9
Expanded literature LLE,raw_workbook,112,5
Expanded literature LLE,raw_workbook,113,5
Expanded literature LLE,raw_workbook,114,5
Expanded literature LLE,raw_workbook,115,5
Expanded literature LLE,raw_workbook,116,10
Expanded literature LLE,raw_workbook,117,10
Expanded literature LLE,raw_workbook,118,10
Expanded literature LLE,raw_workbook,119,10
Expanded literature LLE,raw_workbook,120,5
Expanded literature LLE,raw_workbook,121,8
Expanded literature LLE,raw_workbook,122,8
Expanded literature LLE,raw_workbook,123,8
Expanded literature LLE,raw_workbook,124,13
Expanded literature LLE,raw_workbook,125,11
Expanded literature LLE,raw_workbook,126,11
Expanded literature LLE,raw_workbook,127,10
Expanded literature LLE,raw_workbook,128,11
Expanded literature LLE,raw_workbook,129,10
Expanded literature LLE,raw_workbook,130,11
Expanded literature LLE,raw_workbook,131,11
Expanded literature LLE,raw_workbook,132,10
Expanded literature LLE,raw_workbook,133,10
Expanded literature LLE,raw_workbook,134,10
Expanded literature LLE,raw_workbook,135,10
Expanded literature LLE,raw_workbook,136,8
Expanded literature LLE,raw_workbook,137,8
Expanded literature LLE,raw_workbook,138,8
Expanded literature LLE,raw_workbook,139,8
Expanded literature LLE,raw_workbook,140,8
Expanded literature LLE,raw_workbook,141,8
Expanded literature LLE,raw_workbook,142,7
Expanded literature LLE,raw_workbook,143,6
Expanded literature LLE,raw_workbook,144,6
Expanded literature LLE,raw_workbook,145,7
Expanded literature LLE,raw_workbook,146,7
Expanded literature LLE,raw_workbook,147,7
Expanded literature LLE,raw_workbook,148,10
Expanded literature LLE,raw_workbook,149,10
Expanded literature LLE,raw_workbook,150,10
Expanded literature LLE,raw_workbook,151,10
Expanded literature LLE,raw_workbook,152,10
Expanded literature LLE,raw_workbook,153,10
Expanded literature LLE,raw_workbook,154,10
Expanded literature LLE,raw_workbook,155,10
Expanded literature LLE,raw_workbook,156,10
Expanded literature LLE,raw_workbook,157,11
Expanded literature LLE,raw_workbook,158,9
Expanded literature LLE,raw_workbook,159,7
Expanded literature LLE,raw_workbook,160,7
Expanded literature LLE,raw_workbook,161,10
Expanded literature LLE,raw_workbook,162,10
Expanded literature LLE,raw_workbook,163,14
Expanded literature LLE,raw_workbook,164,14
Expanded literature LLE,raw_workbook,165,12
Expanded literature LLE,raw_workbook,166,12
Expanded literature LLE,raw_workbook,167,3
Expanded literature LLE,raw_workbook,168,4
Expanded literature LLE,raw_workbook,169,6
Expanded literature LLE,raw_workbook,170,6
Expanded literature LLE,raw_workbook,171,6
Expanded literature LLE,raw_workbook,172,6
Expanded literature LLE,raw_workbook,173,6
Expanded literature LLE,raw_workbook,174,6
Expanded literature LLE,raw_workbook,175,6
Expanded literature LLE,raw_workbook,176,6
Expanded literature LLE,raw_workbook,177,8
Expanded literature LLE,raw_workbook,178,8
Expanded literature LLE,raw_workbook,179,8
Expanded literature LLE,raw_workbook,180,9
Expanded literature LLE,raw_workbook,181,9
Expanded literature LLE,raw_workbook,182,18
Expanded literature LLE,raw_workbook,183,10
Expanded literature LLE,raw_workbook,184,8
Expanded literature LLE,raw_workbook,185,8
Expanded literature LLE,raw_workbook,186,9
Expanded literature LLE,raw_workbook,187,7
Expanded literature LLE,raw_workbook,188,8
Expanded literature LLE,raw_workbook,189,7
Expanded literature LLE,raw_workbook,190,8
Expanded literature LLE,raw_workbook,191,8
Expanded literature LLE,raw_workbook,192,8
Expanded literature LLE,raw_workbook,193,9
Expanded literature LLE,raw_workbook,194,7
Expanded literature LLE,raw_workbook,195,5
Expanded literature LLE,raw_workbook,196,6
Expanded literature LLE,raw_workbook,197,6
Expanded literature LLE,raw_workbook,198,6
Expanded literature LLE,raw_workbook,199,5
Expanded literature LLE,raw_workbook,200,5
Expanded literature LLE,raw_workbook,201,5
Expanded literature LLE,raw_workbook,202,5
Expanded literature LLE,raw_workbook,203,5
Expanded literature LLE,raw_workbook,204,6
Expanded literature LLE,raw_workbook,205,6
Expanded literature LLE,raw_workbook,206,12
Expanded literature LLE,raw_workbook,207,12
Expanded literature LLE,raw_workbook,208,11
Expanded literature LLE,raw_workbook,209,12
Expanded literature LLE,raw_workbook,210,11
Expanded literature LLE,raw_workbook,211,8
Expanded literature LLE,raw_workbook,212,6
Expanded literature LLE,raw_workbook,213,7
Expanded literature LLE,raw_workbook,214,9
Expanded literature LLE,raw_workbook,215,9
Expanded literature LLE,raw_workbook,216,11
Expanded literature LLE,raw_workbook,217,7
Expanded literature LLE,raw_workbook,218,9
Expanded literature LLE,raw_workbook,219,16
Expanded literature LLE,raw_workbook,220,11
Expanded literature LLE,raw_workbook,221,9
Expanded literature LLE,raw_workbook,222,9
Expanded literature LLE,raw_workbook,223,10
Expanded literature LLE,raw_workbook,224,10
Expanded literature LLE,raw_workbook,225,10
Expanded literature LLE,raw_workbook,226,10
Expanded literature LLE,raw_workbook,227,8
Expanded literature LLE,raw_workbook,228,8
Expanded literature LLE,raw_workbook,229,7
Expanded literature LLE,raw_workbook,230,8
Expanded literature LLE,raw_workbook,231,8
Expanded literature LLE,raw_workbook,232,8
Expanded literature LLE,raw_workbook,233,8
Expanded literature LLE,raw_workbook,234,8
Expanded literature LLE,raw_workbook,235,8
Expanded literature LLE,raw_workbook,236,8
Expanded literature LLE,raw_workbook,237,8
Expanded literature LLE,raw_workbook,238,8
Expanded literature LLE,raw_workbook,239,10
Expanded literature LLE,raw_workbook,240,10
Expanded literature LLE,raw_workbook,241,10
Expanded literature LLE,raw_workbook,242,11
Expanded literature LLE,raw_workbook,243,10
Expanded literature LLE,raw_workbook,244,10
Expanded literature LLE,raw_workbook,245,6
Expanded literature LLE,raw_workbook,246,6
Expanded literature LLE,raw_workbook,247,5
Expanded literature LLE,raw_workbook,248,7
Expanded literature LLE,raw_workbook,249,4
Expanded literature LLE,raw_workbook,250,3
Expanded literature LLE,raw_workbook,251,8
Expanded literature LLE,raw_workbook,252,8
Expanded literature LLE,raw_workbook,253,9
Expanded literature LLE,raw_workbook,254,12
Expanded literature LLE,raw_workbook,255,13
Expanded literature LLE,raw_workbook,256,12
Expanded literature LLE,raw_workbook,257,11
Expanded literature LLE,raw_workbook,258,10
Expanded literature LLE,raw_workbook,259,11
Expanded literature LLE,raw_workbook,260,5
Expanded literature LLE,raw_workbook,261,5
Expanded literature LLE,raw_workbook,262,2
Expanded literature LLE,raw_workbook,263,3
Expanded literature LLE,raw_workbook,264,10
Expanded literature LLE,raw_workbook,265,4
Expanded literature LLE,raw_workbook,266,5
Expanded literature LLE,raw_workbook,267,5
Expanded literature LLE,raw_workbook,268,5
Expanded literature LLE,raw_workbook,269,6
Expanded literature LLE,raw_workbook,270,6
Expanded literature LLE,raw_workbook,271,6
Expanded literature LLE,raw_workbook,272,6
Expanded literature LLE,raw_workbook,273,6
Expanded literature LLE,raw_workbook,274,10
Expanded literature LLE,raw_workbook,275,7
Expanded literature LLE,raw_workbook,276,8
Expanded literature LLE,raw_workbook,277,8
Expanded literature LLE,raw_workbook,278,10
Expanded literature LLE,raw_workbook,279,8
Expanded literature LLE,raw_workbook,280,10
Expanded literature LLE,raw_workbook,281,7
Expanded literature LLE,raw_workbook,282,9
Expanded literature LLE,raw_workbook,283,7
Expanded literature LLE,raw_workbook,284,10
Expanded literature LLE,raw_workbook,285,7
Expanded literature LLE,raw_workbook,286,16
Expanded literature LLE,raw_workbook,287,10
Expanded literature LLE,raw_workbook,288,7
Expanded literature LLE,raw_workbook,289,9
Expanded literature LLE,raw_workbook,290,7
Expanded literature LLE,raw_workbook,291,10
Expanded literature LLE,raw_workbook,292,10
Expanded literature LLE,raw_workbook,293,10
Expanded literature LLE,raw_workbook,294,10
Expanded literature LLE,raw_workbook,295,5
Expanded literature LLE,raw_workbook,296,3
Expanded literature LLE,raw_workbook,297,5
Expanded literature LLE,raw_workbook,298,5
Expanded literature LLE,raw_workbook,299,4
Expanded literature LLE,raw_workbook,300,4
Expanded literature LLE,raw_workbook,301,10
Expanded literature LLE,raw_workbook,302,10
Expanded literature LLE,raw_workbook,303,10
Expanded literature LLE,raw_workbook,304,10
Expanded literature LLE,raw_workbook,305,10
Expanded literature LLE,raw_workbook,306,10
Expanded literature LLE,raw_workbook,307,7
Expanded literature LLE,raw_workbook,308,7
Expanded literature LLE,raw_workbook,309,7
Expanded literature LLE,raw_workbook,310,7
Expanded literature LLE,raw_workbook,311,8
Expanded literature LLE,raw_workbook,312,9
Expanded literature LLE,raw_workbook,313,8
Expanded literature LLE,raw_workbook,314,4
Expanded literature LLE,raw_workbook,315,4
Expanded literature LLE,raw_workbook,316,4
Expanded literature LLE,raw_workbook,317,10
Expanded literature LLE,raw_workbook,318,10
Expanded literature LLE,raw_workbook,319,10
Expanded literature LLE,raw_workbook,320,12
Expanded literature LLE,raw_workbook,321,11
Expanded literature LLE,raw_workbook,322,7
Expanded literature LLE,raw_workbook,323,7
Expanded literature LLE,raw_workbook,324,7
Expanded literature LLE,raw_workbook,325,7
Expanded literature LLE,raw_workbook,326,10
Expanded literature LLE,raw_workbook,327,9
Expanded literature LLE,raw_workbook,328,9
Expanded literature LLE,raw_workbook,329,10
Expanded literature LLE,raw_workbook,330,8
Expanded literature LLE,raw_workbook,331,10
Expanded literature LLE,raw_workbook,332,11
Expanded literature LLE,raw_workbook,333,11
Expanded literature LLE,raw_workbook,334,11
Expanded literature LLE,raw_workbook,335,6
Expanded literature LLE,raw_workbook,336,6
Expanded literature LLE,raw_workbook,337,6
Expanded literature LLE,raw_workbook,338,6
Expanded literature LLE,raw_workbook,339,6
Expanded literature LLE,raw_workbook,340,9
Expanded literature LLE,raw_workbook,341,9
Expanded literature LLE,raw_workbook,342,9
Expanded literature LLE,raw_workbook,343,9
Expanded literature LLE,raw_workbook,344,9
Expanded literature LLE,raw_workbook,345,9
Expanded literature LLE,raw_workbook,346,11
Expanded literature LLE,raw_workbook,347,11
Expanded literature LLE,raw_workbook,348,11
Expanded literature LLE,raw_workbook,349,11
Expanded literature LLE,raw_workbook,350,11
Expanded literature LLE,raw_workbook,351,11
Expanded literature LLE,raw_workbook,352,10
Expanded literature LLE,raw_workbook,353,10
Expanded literature LLE,raw_workbook,354,10
Expanded literature LLE,raw_workbook,355,11
Expanded literature LLE,raw_workbook,356,11
Expanded literature LLE,raw_workbook,357,11
Expanded literature LLE,raw_workbook,358,11
Expanded literature LLE,raw_workbook,359,11
Expanded literature LLE,raw_workbook,360,11
Expanded literature LLE,raw_workbook,361,11
Expanded literature LLE,raw_workbook,362,11
Expanded literature LLE,raw_workbook,363,11
Expanded literature LLE,raw_workbook,364,8
Expanded literature LLE,raw_workbook,365,8
Expanded literature LLE,raw_workbook,366,8
Expanded literature LLE,raw_workbook,367,11
Expanded literature LLE,raw_workbook,368,11
Expanded literature LLE,raw_workbook,369,11
Expanded literature LLE,raw_workbook,370,13
Expanded literature LLE,raw_workbook,371,12
Expanded literature LLE,raw_workbook,372,8
Expanded literature LLE,raw_workbook,373,10
Expanded literature LLE,raw_workbook,374,12
Expanded literature LLE,raw_workbook,375,9
Expanded literature LLE,raw_workbook,376,7
Expanded literature LLE,raw_workbook,377,7
Expanded literature LLE,raw_workbook,378,7
Expanded literature LLE,raw_workbook,379,11
Expanded literature LLE,raw_workbook,380,11
Expanded literature LLE,raw_workbook,381,11
Expanded literature LLE,raw_workbook,382,9
Expanded literature LLE,raw_workbook,383,9
Expanded literature LLE,raw_workbook,384,9
Expanded literature LLE,raw_workbook,385,9
Expanded literature LLE,raw_workbook,386,9
Expanded literature LLE,raw_workbook,387,9
Expanded literature LLE,raw_workbook,388,9
Expanded literature LLE,raw_workbook,389,9
Expanded literature LLE,raw_workbook,390,9
Expanded literature LLE,raw_workbook,391,9
Expanded literature LLE,raw_workbook,392,9
Expanded literature LLE,raw_workbook,393,9
Expanded literature LLE,raw_workbook,394,9
Expanded literature LLE,raw_workbook,395,9
Expanded literature LLE,raw_workbook,396,9
Expanded literature LLE,raw_workbook,397,10
Expanded literature LLE,raw_workbook,398,11
Expanded literature LLE,raw_workbook,399,10
Expanded literature LLE,raw_workbook,400,10
Expanded literature LLE,raw_workbook,401,8
Expanded literature LLE,raw_workbook,402,8
Expanded literature LLE,raw_workbook,403,8
Expanded literature LLE,raw_workbook,404,8
Expanded literature LLE,raw_workbook,405,9
Expanded literature LLE,raw_workbook,406,10
Expanded literature LLE,raw_workbook,407,10
Expanded literature LLE,raw_workbook,408,10
Expanded literature LLE,raw_workbook,409,10
Expanded literature LLE,raw_workbook,410,10
Expanded literature LLE,raw_workbook,411,10
Expanded literature LLE,raw_workbook,412,10
Expanded literature LLE,raw_workbook,413,6
Expanded literature LLE,raw_workbook,414,5
Expanded literature LLE,raw_workbook,415,5
Expanded literature LLE,raw_workbook,416,6
Expanded literature LLE,raw_workbook,417,6
Expanded literature LLE,raw_workbook,418,6
Expanded literature LLE,raw_workbook,419,6
Expanded literature LLE,raw_workbook,420,6
Expanded literature LLE,raw_workbook,421,6
Expanded literature LLE,raw_workbook,422,6
Expanded literature LLE,raw_workbook,423,6
Expanded literature LLE,raw_workbook,424,6
Expanded literature LLE,raw_workbook,425,7
Expanded literature LLE,raw_workbook,426,8
Expanded literature LLE,raw_workbook,427,6
Expanded literature LLE,raw_workbook,428,11
Expanded literature LLE,raw_workbook,429,11
Expanded literature LLE,raw_workbook,430,11
Expanded literature LLE,raw_workbook,431,11
Expanded literature LLE,raw_workbook,432,6
Expanded literature LLE,raw_workbook,433,8
Expanded literature LLE,raw_workbook,434,8
Expanded literature LLE,raw_workbook,435,8
Expanded literature LLE,raw_workbook,436,8
Expanded literature LLE,raw_workbook,437,8
Expanded literature LLE,raw_workbook,438,8
Expanded literature LLE,raw_workbook,439,8
Expanded literature LLE,raw_workbook,440,8
Expanded literature LLE,raw_workbook,441,9
Expanded literature LLE,raw_workbook,442,9
Expanded literature LLE,raw_workbook,443,9
Expanded literature LLE,raw_workbook,444,9
Expanded literature LLE,raw_workbook,445,11
Expanded literature LLE,raw_workbook,446,11
Expanded literature LLE,raw_workbook,447,11
Expanded literature LLE,raw_workbook,448,11
Expanded literature LLE,raw_workbook,449,11
Expanded literature LLE,raw_workbook,450,11
Expanded literature LLE,raw_workbook,451,11
Expanded literature LLE,raw_workbook,452,11
Expanded literature LLE,raw_workbook,453,11
Expanded literature LLE,raw_workbook,454,9
Expanded literature LLE,raw_workbook,455,9
Expanded literature LLE,raw_workbook,456,9
Expanded literature LLE,raw_workbook,457,9
Expanded literature LLE,raw_workbook,458,9
Expanded literature LLE,raw_workbook,459,9
Expanded literature LLE,raw_workbook,460,6
Expanded literature LLE,raw_workbook,461,6
Expanded literature LLE,raw_workbook,462,6
Expanded literature LLE,raw_workbook,463,7
Expanded literature LLE,raw_workbook,464,7
Expanded literature LLE,raw_workbook,465,7
Expanded literature LLE,raw_workbook,466,9
Expanded literature LLE,raw_workbook,467,8
Expanded literature LLE,raw_workbook,468,7
Expanded literature LLE,raw_workbook,469,7
Expanded literature LLE,raw_workbook,470,4
Expanded literature LLE,raw_workbook,471,8
Expanded literature LLE,raw_workbook,472,8
Expanded literature LLE,raw_workbook,473,8
Expanded literature LLE,raw_workbook,474,8
Expanded literature LLE,raw_workbook,475,8
Expanded literature LLE,raw_workbook,476,8
Expanded literature LLE,raw_workbook,477,8
Expanded literature LLE,raw_workbook,478,8
Expanded literature LLE,raw_workbook,479,8
Expanded literature LLE,raw_workbook,480,8
Expanded literature LLE,raw_workbook,481,8
Expanded literature LLE,raw_workbook,482,8
Expanded literature LLE,raw_workbook,483,8
Expanded literature LLE,raw_workbook,484,8
Expanded literature LLE,raw_workbook,485,8
Expanded literature LLE,raw_workbook,486,8
Expanded literature LLE,raw_workbook,487,7
Expanded literature LLE,raw_workbook,488,8
Expanded literature LLE,raw_workbook,489,8
Expanded literature LLE,raw_workbook,490,8
Expanded literature LLE,raw_workbook,491,8
Expanded literature LLE,raw_workbook,492,8
Expanded literature LLE,raw_workbook,493,8
Expanded literature LLE,raw_workbook,494,8
Expanded literature LLE,raw_workbook,495,8
Expanded literature LLE,raw_workbook,496,8
Expanded literature LLE,raw_workbook,497,8
Expanded literature LLE,raw_workbook,498,8
Expanded literature LLE,raw_workbook,499,8
Expanded literature LLE,raw_workbook,500,8
Expanded literature LLE,raw_workbook,501,8
Expanded literature LLE,raw_workbook,502,8
Expanded literature LLE,raw_workbook,503,8
Expanded literature LLE,raw_workbook,504,8
Expanded literature LLE,raw_workbook,505,8
Expanded literature LLE,raw_workbook,506,8
Expanded literature LLE,raw_workbook,507,8
Expanded literature LLE,raw_workbook,508,8
Expanded literature LLE,raw_workbook,509,8
Expanded literature LLE,raw_workbook,510,8
Expanded literature LLE,raw_workbook,511,8
Expanded literature LLE,raw_workbook,512,8
Expanded literature LLE,raw_workbook,513,8
Expanded literature LLE,raw_workbook,514,8
Expanded literature LLE,raw_workbook,515,8
Expanded literature LLE,raw_workbook,516,8
Expanded literature LLE,raw_workbook,517,8
Expanded literature LLE,raw_workbook,518,8
Expanded literature LLE,raw_workbook,519,8
Expanded literature LLE,raw_workbook,520,8
Expanded literature LLE,raw_workbook,521,8
Expanded literature LLE,raw_workbook,522,8
Expanded literature LLE,raw_workbook,523,8
Expanded literature LLE,raw_workbook,524,8
Expanded literature LLE,raw_workbook,525,8
Expanded literature LLE,raw_workbook,526,8
Expanded literature LLE,raw_workbook,527,8
Expanded literature LLE,raw_workbook,528,8
Expanded literature LLE,raw_workbook,529,8
Expanded literature LLE,raw_workbook,530,8
Expanded literature LLE,raw_workbook,531,8
Expanded literature LLE,raw_workbook,532,8
Expanded literature LLE,raw_workbook,533,8
Expanded literature LLE,raw_workbook,534,8
Expanded literature LLE,raw_workbook,535,9
Expanded literature LLE,raw_workbook,536,9
Expanded literature LLE,raw_workbook,537,9
Expanded literature LLE,raw_workbook,538,9
Expanded literature LLE,raw_workbook,539,9
Expanded literature LLE,raw_workbook,540,9
Expanded literature LLE,raw_workbook,541,9
Expanded literature LLE,raw_workbook,542,9
Expanded literature LLE,raw_workbook,543,8
Expanded literature LLE,raw_workbook,544,8
Expanded literature LLE,raw_workbook,545,8
Expanded literature LLE,raw_workbook,546,8
Expanded literature LLE,raw_workbook,547,8
Expanded literature LLE,raw_workbook,548,8
Expanded literature LLE,raw_workbook,549,8
Expanded literature LLE,raw_workbook,550,6
Expanded literature LLE,raw_workbook,551,5
Expanded literature LLE,raw_workbook,552,4
Expanded literature LLE,raw_workbook,553,5
Expanded literature LLE,raw_workbook,554,5
Expanded literature LLE,raw_workbook,555,5
Expanded literature LLE,raw_workbook,556,5
Expanded literature LLE,raw_workbook,557,5
Expanded literature LLE,raw_workbook,558,5
Expanded literature LLE,raw_workbook,559,7
Expanded literature LLE,raw_workbook,560,7
Expanded literature LLE,raw_workbook,561,8
Expanded literature LLE,raw_workbook,562,8
Expanded literature LLE,raw_workbook,563,7
Expanded literature LLE,raw_workbook,564,6
Expanded literature LLE,raw_workbook,565,7
Expanded literature LLE,raw_workbook,566,5
Expanded literature LLE,raw_workbook,567,6
Expanded literature LLE,raw_workbook,568,8
Expanded literature LLE,raw_workbook,569,3
Expanded literature LLE,raw_workbook,570,11
Expanded literature LLE,raw_workbook,571,8
Expanded literature LLE,raw_workbook,572,6
Expanded literature LLE,raw_workbook,573,6
Expanded literature LLE,raw_workbook,574,7
Expanded literature LLE,raw_workbook,575,9
Expanded literature LLE,raw_workbook,576,10
Expanded literature LLE,raw_workbook,577,7
Expanded literature LLE,raw_workbook,578,8
Expanded literature LLE,raw_workbook,579,6
Expanded literature LLE,raw_workbook,580,8
Expanded literature LLE,raw_workbook,581,9
Expanded literature LLE,raw_workbook,582,4
Expanded literature LLE,raw_workbook,583,6
Expanded literature LLE,raw_workbook,584,7
Expanded literature LLE,raw_workbook,585,7
Expanded literature LLE,raw_workbook,586,9
Expanded literature LLE,raw_workbook,587,9
Expanded literature LLE,raw_workbook,588,9
Expanded literature LLE,raw_workbook,589,9
Expanded literature LLE,raw_workbook,590,8
Expanded literature LLE,raw_workbook,591,7
Expanded literature LLE,raw_workbook,592,7
Expanded literature LLE,raw_workbook,593,6
Expanded literature LLE,raw_workbook,594,7
Expanded literature LLE,raw_workbook,595,9
Expanded literature LLE,raw_workbook,596,8
Expanded literature LLE,raw_workbook,597,9
Expanded literature LLE,raw_workbook,598,8
Expanded literature LLE,raw_workbook,599,9
Expanded literature LLE,raw_workbook,600,8
Expanded literature LLE,raw_workbook,601,8
Expanded literature LLE,raw_workbook,602,8
Expanded literature LLE,raw_workbook,603,8
Expanded literature LLE,raw_workbook,604,8
Expanded literature LLE,raw_workbook,605,8
Expanded literature LLE,raw_workbook,606,8
Expanded literature LLE,raw_workbook,607,6
Expanded literature LLE,raw_workbook,608,9
Expanded literature LLE,raw_workbook,609,9
Expanded literature LLE,raw_workbook,610,9
Expanded literature LLE,raw_workbook,611,9
Expanded literature LLE,raw_workbook,612,9
Expanded literature LLE,raw_workbook,613,9
Expanded literature LLE,raw_workbook,614,8
Expanded literature LLE,raw_workbook,615,8
Expanded literature LLE,raw_workbook,616,8
Expanded literature LLE,raw_workbook,617,8
Expanded literature LLE,raw_workbook,618,8
Expanded literature LLE,raw_workbook,619,8
Expanded literature LLE,raw_workbook,620,8
Expanded literature LLE,raw_workbook,621,8
Expanded literature LLE,raw_workbook,622,8
Expanded literature LLE,raw_workbook,623,8
Expanded literature LLE,raw_workbook,624,8
Expanded literature LLE,raw_workbook,625,8
Expanded literature LLE,raw_workbook,626,8
Expanded literature LLE,raw_workbook,627,8
Expanded literature LLE,raw_workbook,628,8
Expanded literature LLE,raw_workbook,629,6
Expanded literature LLE,raw_workbook,630,8
Expanded literature LLE,raw_workbook,631,8
Expanded literature LLE,raw_workbook,632,8
Expanded literature LLE,raw_workbook,633,8
Expanded literature LLE,raw_workbook,634,8
Expanded literature LLE,raw_workbook,635,8
Expanded literature LLE,raw_workbook,636,8
Expanded literature LLE,raw_workbook,637,8
Expanded literature LLE,raw_workbook,638,8
Expanded literature LLE,raw_workbook,639,8
Expanded literature LLE,raw_workbook,640,8
Expanded literature LLE,raw_workbook,641,8
Expanded literature LLE,raw_workbook,642,8
Expanded literature LLE,raw_workbook,643,8
Expanded literature LLE,raw_workbook,644,8
Expanded literature LLE,raw_workbook,645,8
Expanded literature LLE,raw_workbook,646,8
Expanded literature LLE,raw_workbook,647,8
Expanded literature LLE,raw_workbook,648,8
Expanded literature LLE,raw_workbook,649,8
Expanded literature LLE,raw_workbook,650,8
Expanded literature LLE,raw_workbook,651,8
Expanded literature LLE,raw_workbook,652,8
Expanded literature LLE,raw_workbook,653,8
Expanded literature LLE,raw_workbook,654,8
Expanded literature LLE,raw_workbook,655,8
Expanded literature LLE,raw_workbook,656,8
Expanded literature LLE,raw_workbook,657,8
Expanded literature LLE,raw_workbook,658,8
Expanded literature LLE,raw_workbook,659,8
Expanded literature LLE,raw_workbook,660,8
Expanded literature LLE,raw_workbook,661,8
Expanded literature LLE,raw_workbook,662,8
Expanded literature LLE,raw_workbook,663,8
Expanded literature LLE,raw_workbook,664,8
Expanded literature LLE,raw_workbook,665,8
Expanded literature LLE,raw_workbook,666,8
Expanded literature LLE,raw_workbook,667,8
Expanded literature LLE,raw_workbook,668,8
Expanded literature LLE,raw_workbook,669,8
Expanded literature LLE,raw_workbook,670,8
Expanded literature LLE,raw_workbook,671,8
Expanded literature LLE,raw_workbook,672,8
Expanded literature LLE,raw_workbook,673,8
Expanded literature LLE,raw_workbook,674,8
Expanded literature LLE,raw_workbook,675,8
Expanded literature LLE,raw_workbook,676,8
Expanded literature LLE,raw_workbook,677,8
Expanded literature LLE,raw_workbook,678,8
Expanded literature LLE,raw_workbook,679,8
Expanded literature LLE,raw_workbook,680,10
Expanded literature LLE,raw_workbook,681,10
Expanded literature LLE,raw_workbook,682,10
Expanded literature LLE,raw_workbook,683,10
Expanded literature LLE,raw_workbook,684,10
Expanded literature LLE,raw_workbook,685,10
Expanded literature LLE,raw_workbook,686,10
Expanded literature LLE,raw_workbook,687,10
Expanded literature LLE,raw_workbook,688,10
Expanded literature LLE,raw_workbook,689,10
Expanded literature LLE,raw_workbook,690,10
Expanded literature LLE,raw_workbook,691,10
Expanded literature LLE,raw_workbook,692,10
Expanded literature LLE,raw_workbook,693,10
Expanded literature LLE,raw_workbook,694,10
Expanded literature LLE,raw_workbook,695,10
Expanded literature LLE,raw_workbook,696,10
Expanded literature LLE,raw_workbook,697,10
Expanded literature LLE,raw_workbook,698,10
Expanded literature LLE,raw_workbook,699,10
Expanded literature LLE,raw_workbook,700,10
Expanded literature LLE,raw_workbook,701,10
Expanded literature LLE,raw_workbook,702,10
Expanded literature LLE,raw_workbook,703,10
Expanded literature LLE,raw_workbook,704,8
Expanded literature LLE,raw_workbook,705,8
Expanded literature LLE,raw_workbook,706,7
Expanded literature LLE,raw_workbook,707,13
Expanded literature LLE,raw_workbook,708,10
Expanded literature LLE,raw_workbook,709,11
Expanded literature LLE,raw_workbook,710,2
Expanded literature LLE,raw_workbook,711,5
Expanded literature LLE,raw_workbook,712,7
Expanded literature LLE,raw_workbook,713,6
Expanded literature LLE,raw_workbook,714,5
Expanded literature LLE,raw_workbook,715,6
Expanded literature LLE,raw_workbook,716,7
Expanded literature LLE,raw_workbook,717,8
Expanded literature LLE,raw_workbook,718,8
Expanded literature LLE,raw_workbook,719,1
Expanded literature LLE,raw_workbook,720,8
Expanded literature LLE,raw_workbook,721,1
Expanded literature LLE,raw_workbook,722,8
Expanded literature LLE,raw_workbook,723,8
Expanded literature LLE,raw_workbook,724,1
Expanded literature LLE,raw_workbook,725,8
Expanded literature LLE,raw_workbook,726,1
Expanded literature LLE,raw_workbook,727,9
Expanded literature LLE,raw_workbook,728,9
Expanded literature LLE,raw_workbook,729,8
Expanded literature LLE,raw_workbook,730,10
Expanded literature LLE,raw_workbook,731,9
Expanded literature LLE,raw_workbook,732,8
Expanded literature LLE,raw_workbook,733,6
Expanded literature LLE,raw_workbook,734,8
Expanded literature LLE,raw_workbook,735,8
Expanded literature LLE,raw_workbook,736,8
Expanded literature LLE,raw_workbook,737,5
Expanded literature LLE,raw_workbook,738,5
Expanded literature LLE,raw_workbook,739,5
Expanded literature LLE,raw_workbook,740,1
Expanded literature LLE,raw_workbook,741,1
Expanded literature LLE,raw_workbook,742,1
Expanded literature LLE,raw_workbook,743,1
Expanded literature LLE,raw_workbook,744,1
Expanded literature LLE,raw_workbook,745,1
Expanded literature LLE,raw_workbook,746,1
Expanded literature LLE,raw_workbook,747,1
Expanded literature LLE,raw_workbook,748,4
Expanded literature LLE,raw_workbook,749,1
Expanded literature LLE,raw_workbook,750,1
Expanded literature LLE,raw_workbook,751,1
Expanded literature LLE,raw_workbook,752,1
Expanded literature LLE,raw_workbook,753,1
Expanded literature LLE,raw_workbook,754,1
Expanded literature LLE,raw_workbook,755,1
Expanded literature LLE,raw_workbook,756,1
Expanded literature LLE,raw_workbook,757,1
Expanded literature LLE,raw_workbook,758,1
Expanded literature LLE,raw_workbook,759,1
Expanded literature LLE,raw_workbook,760,1
Expanded literature LLE,raw_workbook,761,1
Expanded literature LLE,raw_workbook,762,1
Expanded literature LLE,raw_workbook,763,1
Expanded literature LLE,raw_workbook,764,1
Expanded literature LLE,raw_workbook,765,5
Expanded literature LLE,raw_workbook,766,6
Expanded literature LLE,raw_workbook,767,5
Expanded literature LLE,raw_workbook,768,5
Expanded literature LLE,raw_workbook,769,5
Expanded literature LLE,raw_workbook,770,7
Expanded literature LLE,raw_workbook,771,10
Expanded literature LLE,raw_workbook,772,10
Expanded literature LLE,raw_workbook,773,10
Expanded literature LLE,raw_workbook,774,10
Expanded literature LLE,raw_workbook,775,9
Expanded literature LLE,raw_workbook,776,10
Expanded literature LLE,raw_workbook,777,10
Expanded literature LLE,raw_workbook,778,10
Expanded literature LLE,raw_workbook,779,10
Expanded literature LLE,raw_workbook,780,9
Expanded literature LLE,raw_workbook,781,4
Expanded literature LLE,raw_workbook,782,5
Expanded literature LLE,raw_workbook,783,4
Expanded literature LLE,raw_workbook,784,6
Expanded literature LLE,raw_workbook,785,6
Expanded literature LLE,raw_workbook,786,5
Expanded literature LLE,raw_workbook,787,4
Expanded literature LLE,raw_workbook,788,10
Expanded literature LLE,raw_workbook,789,10
Expanded literature LLE,raw_workbook,790,10
Expanded literature LLE,raw_workbook,791,10
Expanded literature LLE,raw_workbook,792,10
Expanded literature LLE,raw_workbook,793,10
Expanded literature LLE,raw_workbook,794,6
Expanded literature LLE,raw_workbook,795,6
Expanded literature LLE,raw_workbook,796,5
Expanded literature LLE,raw_workbook,797,5
Expanded literature LLE,raw_workbook,798,5
Expanded literature LLE,raw_workbook,799,8
Expanded literature LLE,raw_workbook,800,9
Expanded literature LLE,raw_workbook,801,9
Expanded literature LLE,raw_workbook,802,9
Expanded literature LLE,raw_workbook,803,30
Expanded literature LLE,raw_workbook,804,24
Expanded literature LLE,raw_workbook,805,41
Expanded literature LLE,raw_workbook,806,10
Expanded literature LLE,raw_workbook,807,13
Expanded literature LLE,raw_workbook,808,22
Expanded literature LLE,raw_workbook,809,13
Expanded literature LLE,raw_workbook,810,41
Expanded literature LLE,raw_workbook,811,38
Expanded literature LLE,raw_workbook,812,34
Expanded literature LLE,raw_workbook,813,39
Expanded literature LLE,raw_workbook,814,17
Expanded literature LLE,raw_workbook,815,10
Expanded literature LLE,raw_workbook,816,10
Expanded literature LLE,raw_workbook,817,10
Expanded literature LLE,raw_workbook,818,10
Expanded literature LLE,raw_workbook,819,10
Expanded literature LLE,raw_workbook,820,36
Expanded literature LLE,raw_workbook,821,36
Expanded literature LLE,raw_workbook,823,52
Expanded literature LLE,raw_workbook,824,18
Expanded literature LLE,raw_workbook,825,20
Expanded literature LLE,raw_workbook,826,18
Expanded literature LLE,raw_workbook,827,13
Expanded literature LLE,raw_workbook,828,25
Expanded literature LLE,raw_workbook,829,24
Expanded literature LLE,raw_workbook,830,24
Expanded literature LLE,raw_workbook,831,25
Expanded literature LLE,filtered_min6_no_aug,10,7
Expanded literature LLE,filtered_min6_no_aug,100,9
Expanded literature LLE,filtered_min6_no_aug,101,11
Expanded literature LLE,filtered_min6_no_aug,102,9
Expanded literature LLE,filtered_min6_no_aug,103,12
Expanded literature LLE,filtered_min6_no_aug,104,8
Expanded literature LLE,filtered_min6_no_aug,105,8
Expanded literature LLE,filtered_min6_no_aug,106,9
Expanded literature LLE,filtered_min6_no_aug,107,9
Expanded literature LLE,filtered_min6_no_aug,108,9
Expanded literature LLE,filtered_min6_no_aug,109,9
Expanded literature LLE,filtered_min6_no_aug,11,11
Expanded literature LLE,filtered_min6_no_aug,110,9
Expanded literature LLE,filtered_min6_no_aug,111,9
Expanded literature LLE,filtered_min6_no_aug,116,10
Expanded literature LLE,filtered_min6_no_aug,117,10
Expanded literature LLE,filtered_min6_no_aug,118,10
Expanded literature LLE,filtered_min6_no_aug,119,10
Expanded literature LLE,filtered_min6_no_aug,12,11
Expanded literature LLE,filtered_min6_no_aug,121,8
Expanded literature LLE,filtered_min6_no_aug,122,8
Expanded literature LLE,filtered_min6_no_aug,123,8
Expanded literature LLE,filtered_min6_no_aug,124,13
Expanded literature LLE,filtered_min6_no_aug,125,11
Expanded literature LLE,filtered_min6_no_aug,126,11
Expanded literature LLE,filtered_min6_no_aug,127,10
Expanded literature LLE,filtered_min6_no_aug,128,11
Expanded literature LLE,filtered_min6_no_aug,129,10
Expanded literature LLE,filtered_min6_no_aug,13,11
Expanded literature LLE,filtered_min6_no_aug,130,11
Expanded literature LLE,filtered_min6_no_aug,131,11
Expanded literature LLE,filtered_min6_no_aug,132,10
Expanded literature LLE,filtered_min6_no_aug,133,10
Expanded literature LLE,filtered_min6_no_aug,134,10
Expanded literature LLE,filtered_min6_no_aug,135,10
Expanded literature LLE,filtered_min6_no_aug,136,8
Expanded literature LLE,filtered_min6_no_aug,137,8
Expanded literature LLE,filtered_min6_no_aug,138,8
Expanded literature LLE,filtered_min6_no_aug,139,8
Expanded literature LLE,filtered_min6_no_aug,140,8
Expanded literature LLE,filtered_min6_no_aug,141,8
Expanded literature LLE,filtered_min6_no_aug,142,7
Expanded literature LLE,filtered_min6_no_aug,143,6
Expanded literature LLE,filtered_min6_no_aug,144,6
Expanded literature LLE,filtered_min6_no_aug,145,7
Expanded literature LLE,filtered_min6_no_aug,146,7
Expanded literature LLE,filtered_min6_no_aug,147,7
Expanded literature LLE,filtered_min6_no_aug,148,10
Expanded literature LLE,filtered_min6_no_aug,149,10
Expanded literature LLE,filtered_min6_no_aug,150,10
Expanded literature LLE,filtered_min6_no_aug,151,10
Expanded literature LLE,filtered_min6_no_aug,152,10
Expanded literature LLE,filtered_min6_no_aug,153,10
Expanded literature LLE,filtered_min6_no_aug,154,10
Expanded literature LLE,filtered_min6_no_aug,155,10
Expanded literature LLE,filtered_min6_no_aug,156,10
Expanded literature LLE,filtered_min6_no_aug,157,11
Expanded literature LLE,filtered_min6_no_aug,158,9
Expanded literature LLE,filtered_min6_no_aug,159,7
Expanded literature LLE,filtered_min6_no_aug,160,7
Expanded literature LLE,filtered_min6_no_aug,161,10
Expanded literature LLE,filtered_min6_no_aug,162,10
Expanded literature LLE,filtered_min6_no_aug,163,14
Expanded literature LLE,filtered_min6_no_aug,164,14
Expanded literature LLE,filtered_min6_no_aug,165,12
Expanded literature LLE,filtered_min6_no_aug,166,12
Expanded literature LLE,filtered_min6_no_aug,169,6
Expanded literature LLE,filtered_min6_no_aug,170,6
Expanded literature LLE,filtered_min6_no_aug,171,6
Expanded literature LLE,filtered_min6_no_aug,172,6
Expanded literature LLE,filtered_min6_no_aug,173,6
Expanded literature LLE,filtered_min6_no_aug,174,6
Expanded literature LLE,filtered_min6_no_aug,175,6
Expanded literature LLE,filtered_min6_no_aug,176,6
Expanded literature LLE,filtered_min6_no_aug,177,8
Expanded literature LLE,filtered_min6_no_aug,178,8
Expanded literature LLE,filtered_min6_no_aug,179,8
Expanded literature LLE,filtered_min6_no_aug,18,8
Expanded literature LLE,filtered_min6_no_aug,180,9
Expanded literature LLE,filtered_min6_no_aug,181,9
Expanded literature LLE,filtered_min6_no_aug,182,18
Expanded literature LLE,filtered_min6_no_aug,183,10
Expanded literature LLE,filtered_min6_no_aug,184,8
Expanded literature LLE,filtered_min6_no_aug,185,8
Expanded literature LLE,filtered_min6_no_aug,186,9
Expanded literature LLE,filtered_min6_no_aug,187,7
Expanded literature LLE,filtered_min6_no_aug,188,8
Expanded literature LLE,filtered_min6_no_aug,189,7
Expanded literature LLE,filtered_min6_no_aug,190,8
Expanded literature LLE,filtered_min6_no_aug,191,8
Expanded literature LLE,filtered_min6_no_aug,192,8
Expanded literature LLE,filtered_min6_no_aug,193,9
Expanded literature LLE,filtered_min6_no_aug,194,7
Expanded literature LLE,filtered_min6_no_aug,196,6
Expanded literature LLE,filtered_min6_no_aug,197,6
Expanded literature LLE,filtered_min6_no_aug,198,6
Expanded literature LLE,filtered_min6_no_aug,2,9
Expanded literature LLE,filtered_min6_no_aug,20,6
Expanded literature LLE,filtered_min6_no_aug,204,6
Expanded literature LLE,filtered_min6_no_aug,205,6
Expanded literature LLE,filtered_min6_no_aug,206,12
Expanded literature LLE,filtered_min6_no_aug,207,12
Expanded literature LLE,filtered_min6_no_aug,208,11
Expanded literature LLE,filtered_min6_no_aug,209,12
Expanded literature LLE,filtered_min6_no_aug,210,11
Expanded literature LLE,filtered_min6_no_aug,211,8
Expanded literature LLE,filtered_min6_no_aug,212,6
Expanded literature LLE,filtered_min6_no_aug,213,7
Expanded literature LLE,filtered_min6_no_aug,214,9
Expanded literature LLE,filtered_min6_no_aug,215,9
Expanded literature LLE,filtered_min6_no_aug,216,11
Expanded literature LLE,filtered_min6_no_aug,217,7
Expanded literature LLE,filtered_min6_no_aug,218,9
Expanded literature LLE,filtered_min6_no_aug,219,15
Expanded literature LLE,filtered_min6_no_aug,220,11
Expanded literature LLE,filtered_min6_no_aug,221,9
Expanded literature LLE,filtered_min6_no_aug,222,9
Expanded literature LLE,filtered_min6_no_aug,223,10
Expanded literature LLE,filtered_min6_no_aug,224,10
Expanded literature LLE,filtered_min6_no_aug,225,10
Expanded literature LLE,filtered_min6_no_aug,226,10
Expanded literature LLE,filtered_min6_no_aug,227,8
Expanded literature LLE,filtered_min6_no_aug,228,8
Expanded literature LLE,filtered_min6_no_aug,229,7
Expanded literature LLE,filtered_min6_no_aug,230,8
Expanded literature LLE,filtered_min6_no_aug,231,8
Expanded literature LLE,filtered_min6_no_aug,232,8
Expanded literature LLE,filtered_min6_no_aug,233,8
Expanded literature LLE,filtered_min6_no_aug,234,8
Expanded literature LLE,filtered_min6_no_aug,235,8
Expanded literature LLE,filtered_min6_no_aug,236,8
Expanded literature LLE,filtered_min6_no_aug,237,8
Expanded literature LLE,filtered_min6_no_aug,238,8
Expanded literature LLE,filtered_min6_no_aug,239,10
Expanded literature LLE,filtered_min6_no_aug,240,10
Expanded literature LLE,filtered_min6_no_aug,241,10
Expanded literature LLE,filtered_min6_no_aug,242,11
Expanded literature LLE,filtered_min6_no_aug,243,10
Expanded literature LLE,filtered_min6_no_aug,244,10
Expanded literature LLE,filtered_min6_no_aug,245,6
Expanded literature LLE,filtered_min6_no_aug,246,6
Expanded literature LLE,filtered_min6_no_aug,248,6
Expanded literature LLE,filtered_min6_no_aug,251,8
Expanded literature LLE,filtered_min6_no_aug,252,8
Expanded literature LLE,filtered_min6_no_aug,253,9
Expanded literature LLE,filtered_min6_no_aug,254,12
Expanded literature LLE,filtered_min6_no_aug,255,13
Expanded literature LLE,filtered_min6_no_aug,256,12
Expanded literature LLE,filtered_min6_no_aug,257,11
Expanded literature LLE,filtered_min6_no_aug,258,10
Expanded literature LLE,filtered_min6_no_aug,259,11
Expanded literature LLE,filtered_min6_no_aug,264,10
Expanded literature LLE,filtered_min6_no_aug,269,6
Expanded literature LLE,filtered_min6_no_aug,270,6
Expanded literature LLE,filtered_min6_no_aug,271,6
Expanded literature LLE,filtered_min6_no_aug,272,6
Expanded literature LLE,filtered_min6_no_aug,273,6
Expanded literature LLE,filtered_min6_no_aug,274,10
Expanded literature LLE,filtered_min6_no_aug,275,7
Expanded literature LLE,filtered_min6_no_aug,276,8
Expanded literature LLE,filtered_min6_no_aug,277,8
Expanded literature LLE,filtered_min6_no_aug,278,10
Expanded literature LLE,filtered_min6_no_aug,279,8
Expanded literature LLE,filtered_min6_no_aug,28,11
Expanded literature LLE,filtered_min6_no_aug,280,10
Expanded literature LLE,filtered_min6_no_aug,281,7
Expanded literature LLE,filtered_min6_no_aug,282,9
Expanded literature LLE,filtered_min6_no_aug,283,7
Expanded literature LLE,filtered_min6_no_aug,284,10
Expanded literature LLE,filtered_min6_no_aug,285,7
Expanded literature LLE,filtered_min6_no_aug,286,16
Expanded literature LLE,filtered_min6_no_aug,287,10
Expanded literature LLE,filtered_min6_no_aug,288,7
Expanded literature LLE,filtered_min6_no_aug,289,9
Expanded literature LLE,filtered_min6_no_aug,29,11
Expanded literature LLE,filtered_min6_no_aug,290,7
Expanded literature LLE,filtered_min6_no_aug,291,10
Expanded literature LLE,filtered_min6_no_aug,292,10
Expanded literature LLE,filtered_min6_no_aug,293,10
Expanded literature LLE,filtered_min6_no_aug,294,10
Expanded literature LLE,filtered_min6_no_aug,3,9
Expanded literature LLE,filtered_min6_no_aug,30,11
Expanded literature LLE,filtered_min6_no_aug,301,10
Expanded literature LLE,filtered_min6_no_aug,302,10
Expanded literature LLE,filtered_min6_no_aug,303,10
Expanded literature LLE,filtered_min6_no_aug,304,10
Expanded literature LLE,filtered_min6_no_aug,305,10
Expanded literature LLE,filtered_min6_no_aug,306,10
Expanded literature LLE,filtered_min6_no_aug,307,7
Expanded literature LLE,filtered_min6_no_aug,308,7
Expanded literature LLE,filtered_min6_no_aug,309,7
Expanded literature LLE,filtered_min6_no_aug,31,7
Expanded literature LLE,filtered_min6_no_aug,310,7
Expanded literature LLE,filtered_min6_no_aug,311,8
Expanded literature LLE,filtered_min6_no_aug,312,9
Expanded literature LLE,filtered_min6_no_aug,313,8
Expanded literature LLE,filtered_min6_no_aug,317,10
Expanded literature LLE,filtered_min6_no_aug,318,10
Expanded literature LLE,filtered_min6_no_aug,319,10
Expanded literature LLE,filtered_min6_no_aug,32,7
Expanded literature LLE,filtered_min6_no_aug,320,12
Expanded literature LLE,filtered_min6_no_aug,321,11
Expanded literature LLE,filtered_min6_no_aug,322,7
Expanded literature LLE,filtered_min6_no_aug,323,7
Expanded literature LLE,filtered_min6_no_aug,324,7
Expanded literature LLE,filtered_min6_no_aug,325,7
Expanded literature LLE,filtered_min6_no_aug,326,10
Expanded literature LLE,filtered_min6_no_aug,327,9
Expanded literature LLE,filtered_min6_no_aug,328,9
Expanded literature LLE,filtered_min6_no_aug,329,10
Expanded literature LLE,filtered_min6_no_aug,33,7
Expanded literature LLE,filtered_min6_no_aug,330,8
Expanded literature LLE,filtered_min6_no_aug,331,10
Expanded literature LLE,filtered_min6_no_aug,332,11
Expanded literature LLE,filtered_min6_no_aug,333,11
Expanded literature LLE,filtered_min6_no_aug,334,11
Expanded literature LLE,filtered_min6_no_aug,335,6
Expanded literature LLE,filtered_min6_no_aug,336,6
Expanded literature LLE,filtered_min6_no_aug,337,6
Expanded literature LLE,filtered_min6_no_aug,338,6
Expanded literature LLE,filtered_min6_no_aug,339,6
Expanded literature LLE,filtered_min6_no_aug,34,7
Expanded literature LLE,filtered_min6_no_aug,340,9
Expanded literature LLE,filtered_min6_no_aug,341,9
Expanded literature LLE,filtered_min6_no_aug,342,9
Expanded literature LLE,filtered_min6_no_aug,343,9
Expanded literature LLE,filtered_min6_no_aug,344,9
Expanded literature LLE,filtered_min6_no_aug,345,9
Expanded literature LLE,filtered_min6_no_aug,346,11
Expanded literature LLE,filtered_min6_no_aug,347,11
Expanded literature LLE,filtered_min6_no_aug,348,11
Expanded literature LLE,filtered_min6_no_aug,349,11
Expanded literature LLE,filtered_min6_no_aug,35,8
Expanded literature LLE,filtered_min6_no_aug,350,11
Expanded literature LLE,filtered_min6_no_aug,351,11
Expanded literature LLE,filtered_min6_no_aug,352,10
Expanded literature LLE,filtered_min6_no_aug,353,10
Expanded literature LLE,filtered_min6_no_aug,354,10
Expanded literature LLE,filtered_min6_no_aug,355,11
Expanded literature LLE,filtered_min6_no_aug,356,11
Expanded literature LLE,filtered_min6_no_aug,357,11
Expanded literature LLE,filtered_min6_no_aug,358,11
Expanded literature LLE,filtered_min6_no_aug,359,11
Expanded literature LLE,filtered_min6_no_aug,36,8
Expanded literature LLE,filtered_min6_no_aug,360,11
Expanded literature LLE,filtered_min6_no_aug,361,11
Expanded literature LLE,filtered_min6_no_aug,362,11
Expanded literature LLE,filtered_min6_no_aug,363,11
Expanded literature LLE,filtered_min6_no_aug,364,8
Expanded literature LLE,filtered_min6_no_aug,365,8
Expanded literature LLE,filtered_min6_no_aug,366,8
Expanded literature LLE,filtered_min6_no_aug,367,11
Expanded literature LLE,filtered_min6_no_aug,368,11
Expanded literature LLE,filtered_min6_no_aug,369,11
Expanded literature LLE,filtered_min6_no_aug,37,8
Expanded literature LLE,filtered_min6_no_aug,370,13
Expanded literature LLE,filtered_min6_no_aug,371,12
Expanded literature LLE,filtered_min6_no_aug,372,8
Expanded literature LLE,filtered_min6_no_aug,373,10
Expanded literature LLE,filtered_min6_no_aug,374,12
Expanded literature LLE,filtered_min6_no_aug,375,9
Expanded literature LLE,filtered_min6_no_aug,376,7
Expanded literature LLE,filtered_min6_no_aug,378,7
Expanded literature LLE,filtered_min6_no_aug,379,11
Expanded literature LLE,filtered_min6_no_aug,38,8
Expanded literature LLE,filtered_min6_no_aug,380,11
Expanded literature LLE,filtered_min6_no_aug,381,11
Expanded literature LLE,filtered_min6_no_aug,382,9
Expanded literature LLE,filtered_min6_no_aug,383,9
Expanded literature LLE,filtered_min6_no_aug,384,9
Expanded literature LLE,filtered_min6_no_aug,385,9
Expanded literature LLE,filtered_min6_no_aug,386,9
Expanded literature LLE,filtered_min6_no_aug,387,9
Expanded literature LLE,filtered_min6_no_aug,388,9
Expanded literature LLE,filtered_min6_no_aug,389,9
Expanded literature LLE,filtered_min6_no_aug,39,8
Expanded literature LLE,filtered_min6_no_aug,390,9
Expanded literature LLE,filtered_min6_no_aug,391,9
Expanded literature LLE,filtered_min6_no_aug,392,9
Expanded literature LLE,filtered_min6_no_aug,393,9
Expanded literature LLE,filtered_min6_no_aug,394,9
Expanded literature LLE,filtered_min6_no_aug,395,9
Expanded literature LLE,filtered_min6_no_aug,396,9
Expanded literature LLE,filtered_min6_no_aug,397,10
Expanded literature LLE,filtered_min6_no_aug,398,11
Expanded literature LLE,filtered_min6_no_aug,399,10
Expanded literature LLE,filtered_min6_no_aug,4,7
Expanded literature LLE,filtered_min6_no_aug,40,8
Expanded literature LLE,filtered_min6_no_aug,400,10
Expanded literature LLE,filtered_min6_no_aug,401,8
Expanded literature LLE,filtered_min6_no_aug,402,8
Expanded literature LLE,filtered_min6_no_aug,403,8
Expanded literature LLE,filtered_min6_no_aug,404,8
Expanded literature LLE,filtered_min6_no_aug,405,9
Expanded literature LLE,filtered_min6_no_aug,406,10
Expanded literature LLE,filtered_min6_no_aug,407,10
Expanded literature LLE,filtered_min6_no_aug,408,10
Expanded literature LLE,filtered_min6_no_aug,409,10
Expanded literature LLE,filtered_min6_no_aug,41,8
Expanded literature LLE,filtered_min6_no_aug,410,10
Expanded literature LLE,filtered_min6_no_aug,411,10
Expanded literature LLE,filtered_min6_no_aug,412,10
Expanded literature LLE,filtered_min6_no_aug,413,6
Expanded literature LLE,filtered_min6_no_aug,416,6
Expanded literature LLE,filtered_min6_no_aug,417,6
Expanded literature LLE,filtered_min6_no_aug,418,6
Expanded literature LLE,filtered_min6_no_aug,419,6
Expanded literature LLE,filtered_min6_no_aug,42,8
Expanded literature LLE,filtered_min6_no_aug,420,6
Expanded literature LLE,filtered_min6_no_aug,421,6
Expanded literature LLE,filtered_min6_no_aug,422,6
Expanded literature LLE,filtered_min6_no_aug,423,6
Expanded literature LLE,filtered_min6_no_aug,424,6
Expanded literature LLE,filtered_min6_no_aug,425,7
Expanded literature LLE,filtered_min6_no_aug,426,8
Expanded literature LLE,filtered_min6_no_aug,427,6
Expanded literature LLE,filtered_min6_no_aug,428,11
Expanded literature LLE,filtered_min6_no_aug,429,11
Expanded literature LLE,filtered_min6_no_aug,43,12
Expanded literature LLE,filtered_min6_no_aug,430,11
Expanded literature LLE,filtered_min6_no_aug,431,11
Expanded literature LLE,filtered_min6_no_aug,432,6
Expanded literature LLE,filtered_min6_no_aug,433,8
Expanded literature LLE,filtered_min6_no_aug,434,8
Expanded literature LLE,filtered_min6_no_aug,435,8
Expanded literature LLE,filtered_min6_no_aug,436,8
Expanded literature LLE,filtered_min6_no_aug,437,8
Expanded literature LLE,filtered_min6_no_aug,438,8
Expanded literature LLE,filtered_min6_no_aug,439,8
Expanded literature LLE,filtered_min6_no_aug,44,13
Expanded literature LLE,filtered_min6_no_aug,440,8
Expanded literature LLE,filtered_min6_no_aug,441,9
Expanded literature LLE,filtered_min6_no_aug,442,9
Expanded literature LLE,filtered_min6_no_aug,443,9
Expanded literature LLE,filtered_min6_no_aug,444,9
Expanded literature LLE,filtered_min6_no_aug,445,11
Expanded literature LLE,filtered_min6_no_aug,446,11
Expanded literature LLE,filtered_min6_no_aug,447,11
Expanded literature LLE,filtered_min6_no_aug,448,11
Expanded literature LLE,filtered_min6_no_aug,449,11
Expanded literature LLE,filtered_min6_no_aug,45,10
Expanded literature LLE,filtered_min6_no_aug,450,11
Expanded literature LLE,filtered_min6_no_aug,451,11
Expanded literature LLE,filtered_min6_no_aug,452,11
Expanded literature LLE,filtered_min6_no_aug,453,11
Expanded literature LLE,filtered_min6_no_aug,454,9
Expanded literature LLE,filtered_min6_no_aug,455,9
Expanded literature LLE,filtered_min6_no_aug,456,9
Expanded literature LLE,filtered_min6_no_aug,457,9
Expanded literature LLE,filtered_min6_no_aug,458,9
Expanded literature LLE,filtered_min6_no_aug,459,9
Expanded literature LLE,filtered_min6_no_aug,46,10
Expanded literature LLE,filtered_min6_no_aug,460,6
Expanded literature LLE,filtered_min6_no_aug,461,6
Expanded literature LLE,filtered_min6_no_aug,462,6
Expanded literature LLE,filtered_min6_no_aug,463,7
Expanded literature LLE,filtered_min6_no_aug,464,7
Expanded literature LLE,filtered_min6_no_aug,465,7
Expanded literature LLE,filtered_min6_no_aug,466,9
Expanded literature LLE,filtered_min6_no_aug,467,7
Expanded literature LLE,filtered_min6_no_aug,468,7
Expanded literature LLE,filtered_min6_no_aug,469,7
Expanded literature LLE,filtered_min6_no_aug,47,10
Expanded literature LLE,filtered_min6_no_aug,471,8
Expanded literature LLE,filtered_min6_no_aug,472,8
Expanded literature LLE,filtered_min6_no_aug,473,8
Expanded literature LLE,filtered_min6_no_aug,474,8
Expanded literature LLE,filtered_min6_no_aug,475,8
Expanded literature LLE,filtered_min6_no_aug,476,8
Expanded literature LLE,filtered_min6_no_aug,477,8
Expanded literature LLE,filtered_min6_no_aug,478,8
Expanded literature LLE,filtered_min6_no_aug,479,8
Expanded literature LLE,filtered_min6_no_aug,48,10
Expanded literature LLE,filtered_min6_no_aug,480,8
Expanded literature LLE,filtered_min6_no_aug,481,8
Expanded literature LLE,filtered_min6_no_aug,482,8
Expanded literature LLE,filtered_min6_no_aug,483,8
Expanded literature LLE,filtered_min6_no_aug,484,8
Expanded literature LLE,filtered_min6_no_aug,485,8
Expanded literature LLE,filtered_min6_no_aug,486,8
Expanded literature LLE,filtered_min6_no_aug,487,7
Expanded literature LLE,filtered_min6_no_aug,488,8
Expanded literature LLE,filtered_min6_no_aug,489,8
Expanded literature LLE,filtered_min6_no_aug,49,10
Expanded literature LLE,filtered_min6_no_aug,490,8
Expanded literature LLE,filtered_min6_no_aug,491,8
Expanded literature LLE,filtered_min6_no_aug,492,8
Expanded literature LLE,filtered_min6_no_aug,493,8
Expanded literature LLE,filtered_min6_no_aug,494,8
Expanded literature LLE,filtered_min6_no_aug,495,8
Expanded literature LLE,filtered_min6_no_aug,496,8
Expanded literature LLE,filtered_min6_no_aug,497,8
Expanded literature LLE,filtered_min6_no_aug,498,8
Expanded literature LLE,filtered_min6_no_aug,499,8
Expanded literature LLE,filtered_min6_no_aug,5,7
Expanded literature LLE,filtered_min6_no_aug,50,10
Expanded literature LLE,filtered_min6_no_aug,500,8
Expanded literature LLE,filtered_min6_no_aug,501,8
Expanded literature LLE,filtered_min6_no_aug,502,8
Expanded literature LLE,filtered_min6_no_aug,503,8
Expanded literature LLE,filtered_min6_no_aug,504,8
Expanded literature LLE,filtered_min6_no_aug,505,8
Expanded literature LLE,filtered_min6_no_aug,506,8
Expanded literature LLE,filtered_min6_no_aug,507,8
Expanded literature LLE,filtered_min6_no_aug,508,8
Expanded literature LLE,filtered_min6_no_aug,509,8
Expanded literature LLE,filtered_min6_no_aug,51,10
Expanded literature LLE,filtered_min6_no_aug,510,8
Expanded literature LLE,filtered_min6_no_aug,511,8
Expanded literature LLE,filtered_min6_no_aug,512,8
Expanded literature LLE,filtered_min6_no_aug,513,8
Expanded literature LLE,filtered_min6_no_aug,514,8
Expanded literature LLE,filtered_min6_no_aug,515,8
Expanded literature LLE,filtered_min6_no_aug,516,8
Expanded literature LLE,filtered_min6_no_aug,517,8
Expanded literature LLE,filtered_min6_no_aug,518,8
Expanded literature LLE,filtered_min6_no_aug,519,8
Expanded literature LLE,filtered_min6_no_aug,52,10
Expanded literature LLE,filtered_min6_no_aug,520,8
Expanded literature LLE,filtered_min6_no_aug,521,8
Expanded literature LLE,filtered_min6_no_aug,522,8
Expanded literature LLE,filtered_min6_no_aug,523,8
Expanded literature LLE,filtered_min6_no_aug,524,8
Expanded literature LLE,filtered_min6_no_aug,525,8
Expanded literature LLE,filtered_min6_no_aug,526,8
Expanded literature LLE,filtered_min6_no_aug,527,8
Expanded literature LLE,filtered_min6_no_aug,528,8
Expanded literature LLE,filtered_min6_no_aug,529,8
Expanded literature LLE,filtered_min6_no_aug,53,10
Expanded literature LLE,filtered_min6_no_aug,530,8
Expanded literature LLE,filtered_min6_no_aug,531,8
Expanded literature LLE,filtered_min6_no_aug,532,8
Expanded literature LLE,filtered_min6_no_aug,533,8
Expanded literature LLE,filtered_min6_no_aug,534,8
Expanded literature LLE,filtered_min6_no_aug,535,9
Expanded literature LLE,filtered_min6_no_aug,536,9
Expanded literature LLE,filtered_min6_no_aug,537,9
Expanded literature LLE,filtered_min6_no_aug,538,9
Expanded literature LLE,filtered_min6_no_aug,539,9
Expanded literature LLE,filtered_min6_no_aug,54,8
Expanded literature LLE,filtered_min6_no_aug,540,9
Expanded literature LLE,filtered_min6_no_aug,541,9
Expanded literature LLE,filtered_min6_no_aug,542,9
Expanded literature LLE,filtered_min6_no_aug,543,8
Expanded literature LLE,filtered_min6_no_aug,544,8
Expanded literature LLE,filtered_min6_no_aug,545,8
Expanded literature LLE,filtered_min6_no_aug,546,8
Expanded literature LLE,filtered_min6_no_aug,547,8
Expanded literature LLE,filtered_min6_no_aug,548,8
Expanded literature LLE,filtered_min6_no_aug,549,8
Expanded literature LLE,filtered_min6_no_aug,55,8
Expanded literature LLE,filtered_min6_no_aug,550,6
Expanded literature LLE,filtered_min6_no_aug,559,7
Expanded literature LLE,filtered_min6_no_aug,56,9
Expanded literature LLE,filtered_min6_no_aug,560,7
Expanded literature LLE,filtered_min6_no_aug,561,8
Expanded literature LLE,filtered_min6_no_aug,562,8
Expanded literature LLE,filtered_min6_no_aug,563,7
Expanded literature LLE,filtered_min6_no_aug,564,6
Expanded literature LLE,filtered_min6_no_aug,565,7
Expanded literature LLE,filtered_min6_no_aug,567,6
Expanded literature LLE,filtered_min6_no_aug,568,8
Expanded literature LLE,filtered_min6_no_aug,57,9
Expanded literature LLE,filtered_min6_no_aug,570,11
Expanded literature LLE,filtered_min6_no_aug,571,8
Expanded literature LLE,filtered_min6_no_aug,572,6
Expanded literature LLE,filtered_min6_no_aug,573,6
Expanded literature LLE,filtered_min6_no_aug,574,7
Expanded literature LLE,filtered_min6_no_aug,575,9
Expanded literature LLE,filtered_min6_no_aug,576,10
Expanded literature LLE,filtered_min6_no_aug,577,7
Expanded literature LLE,filtered_min6_no_aug,578,8
Expanded literature LLE,filtered_min6_no_aug,579,6
Expanded literature LLE,filtered_min6_no_aug,58,9
Expanded literature LLE,filtered_min6_no_aug,580,8
Expanded literature LLE,filtered_min6_no_aug,581,9
Expanded literature LLE,filtered_min6_no_aug,583,6
Expanded literature LLE,filtered_min6_no_aug,584,7
Expanded literature LLE,filtered_min6_no_aug,585,7
Expanded literature LLE,filtered_min6_no_aug,586,9
Expanded literature LLE,filtered_min6_no_aug,587,9
Expanded literature LLE,filtered_min6_no_aug,588,9
Expanded literature LLE,filtered_min6_no_aug,589,9
Expanded literature LLE,filtered_min6_no_aug,59,7
Expanded literature LLE,filtered_min6_no_aug,590,8
Expanded literature LLE,filtered_min6_no_aug,591,7
Expanded literature LLE,filtered_min6_no_aug,592,7
Expanded literature LLE,filtered_min6_no_aug,593,6
Expanded literature LLE,filtered_min6_no_aug,594,7
Expanded literature LLE,filtered_min6_no_aug,595,9
Expanded literature LLE,filtered_min6_no_aug,596,8
Expanded literature LLE,filtered_min6_no_aug,597,9
Expanded literature LLE,filtered_min6_no_aug,598,8
Expanded literature LLE,filtered_min6_no_aug,599,9
Expanded literature LLE,filtered_min6_no_aug,6,7
Expanded literature LLE,filtered_min6_no_aug,60,7
Expanded literature LLE,filtered_min6_no_aug,600,8
Expanded literature LLE,filtered_min6_no_aug,601,8
Expanded literature LLE,filtered_min6_no_aug,602,8
Expanded literature LLE,filtered_min6_no_aug,603,8
Expanded literature LLE,filtered_min6_no_aug,604,8
Expanded literature LLE,filtered_min6_no_aug,605,8
Expanded literature LLE,filtered_min6_no_aug,606,8
Expanded literature LLE,filtered_min6_no_aug,607,6
Expanded literature LLE,filtered_min6_no_aug,608,9
Expanded literature LLE,filtered_min6_no_aug,609,9
Expanded literature LLE,filtered_min6_no_aug,61,7
Expanded literature LLE,filtered_min6_no_aug,610,9
Expanded literature LLE,filtered_min6_no_aug,611,9
Expanded literature LLE,filtered_min6_no_aug,612,9
Expanded literature LLE,filtered_min6_no_aug,613,9
Expanded literature LLE,filtered_min6_no_aug,614,8
Expanded literature LLE,filtered_min6_no_aug,615,8
Expanded literature LLE,filtered_min6_no_aug,616,8
Expanded literature LLE,filtered_min6_no_aug,617,8
Expanded literature LLE,filtered_min6_no_aug,618,8
Expanded literature LLE,filtered_min6_no_aug,619,8
Expanded literature LLE,filtered_min6_no_aug,62,7
Expanded literature LLE,filtered_min6_no_aug,620,8
Expanded literature LLE,filtered_min6_no_aug,621,8
Expanded literature LLE,filtered_min6_no_aug,622,8
Expanded literature LLE,filtered_min6_no_aug,623,8
Expanded literature LLE,filtered_min6_no_aug,624,8
Expanded literature LLE,filtered_min6_no_aug,625,8
Expanded literature LLE,filtered_min6_no_aug,626,8
Expanded literature LLE,filtered_min6_no_aug,627,8
Expanded literature LLE,filtered_min6_no_aug,628,8
Expanded literature LLE,filtered_min6_no_aug,629,6
Expanded literature LLE,filtered_min6_no_aug,63,6
Expanded literature LLE,filtered_min6_no_aug,630,8
Expanded literature LLE,filtered_min6_no_aug,631,8
Expanded literature LLE,filtered_min6_no_aug,632,8
Expanded literature LLE,filtered_min6_no_aug,633,8
Expanded literature LLE,filtered_min6_no_aug,634,8
Expanded literature LLE,filtered_min6_no_aug,635,8
Expanded literature LLE,filtered_min6_no_aug,636,8
Expanded literature LLE,filtered_min6_no_aug,637,8
Expanded literature LLE,filtered_min6_no_aug,638,8
Expanded literature LLE,filtered_min6_no_aug,639,8
Expanded literature LLE,filtered_min6_no_aug,64,9
Expanded literature LLE,filtered_min6_no_aug,640,8
Expanded literature LLE,filtered_min6_no_aug,641,8
Expanded literature LLE,filtered_min6_no_aug,642,8
Expanded literature LLE,filtered_min6_no_aug,643,8
Expanded literature LLE,filtered_min6_no_aug,644,8
Expanded literature LLE,filtered_min6_no_aug,645,8
Expanded literature LLE,filtered_min6_no_aug,646,8
Expanded literature LLE,filtered_min6_no_aug,647,8
Expanded literature LLE,filtered_min6_no_aug,648,8
Expanded literature LLE,filtered_min6_no_aug,649,8
Expanded literature LLE,filtered_min6_no_aug,65,9
Expanded literature LLE,filtered_min6_no_aug,650,8
Expanded literature LLE,filtered_min6_no_aug,651,8
Expanded literature LLE,filtered_min6_no_aug,652,8
Expanded literature LLE,filtered_min6_no_aug,653,8
Expanded literature LLE,filtered_min6_no_aug,654,8
Expanded literature LLE,filtered_min6_no_aug,655,8
Expanded literature LLE,filtered_min6_no_aug,656,8
Expanded literature LLE,filtered_min6_no_aug,657,8
Expanded literature LLE,filtered_min6_no_aug,658,8
Expanded literature LLE,filtered_min6_no_aug,659,8
Expanded literature LLE,filtered_min6_no_aug,66,9
Expanded literature LLE,filtered_min6_no_aug,660,8
Expanded literature LLE,filtered_min6_no_aug,661,8
Expanded literature LLE,filtered_min6_no_aug,662,8
Expanded literature LLE,filtered_min6_no_aug,663,8
Expanded literature LLE,filtered_min6_no_aug,664,8
Expanded literature LLE,filtered_min6_no_aug,665,8
Expanded literature LLE,filtered_min6_no_aug,666,8
Expanded literature LLE,filtered_min6_no_aug,667,8
Expanded literature LLE,filtered_min6_no_aug,668,8
Expanded literature LLE,filtered_min6_no_aug,669,8
Expanded literature LLE,filtered_min6_no_aug,67,9
Expanded literature LLE,filtered_min6_no_aug,670,8
Expanded literature LLE,filtered_min6_no_aug,671,8
Expanded literature LLE,filtered_min6_no_aug,672,8
Expanded literature LLE,filtered_min6_no_aug,673,8
Expanded literature LLE,filtered_min6_no_aug,674,8
Expanded literature LLE,filtered_min6_no_aug,675,8
Expanded literature LLE,filtered_min6_no_aug,676,8
Expanded literature LLE,filtered_min6_no_aug,677,8
Expanded literature LLE,filtered_min6_no_aug,678,8
Expanded literature LLE,filtered_min6_no_aug,679,8
Expanded literature LLE,filtered_min6_no_aug,68,9
Expanded literature LLE,filtered_min6_no_aug,680,10
Expanded literature LLE,filtered_min6_no_aug,681,10
Expanded literature LLE,filtered_min6_no_aug,682,10
Expanded literature LLE,filtered_min6_no_aug,683,10
Expanded literature LLE,filtered_min6_no_aug,684,10
Expanded literature LLE,filtered_min6_no_aug,685,10
Expanded literature LLE,filtered_min6_no_aug,686,10
Expanded literature LLE,filtered_min6_no_aug,687,10
Expanded literature LLE,filtered_min6_no_aug,688,10
Expanded literature LLE,filtered_min6_no_aug,689,10
Expanded literature LLE,filtered_min6_no_aug,69,9
Expanded literature LLE,filtered_min6_no_aug,690,10
Expanded literature LLE,filtered_min6_no_aug,691,10
Expanded literature LLE,filtered_min6_no_aug,692,10
Expanded literature LLE,filtered_min6_no_aug,693,10
Expanded literature LLE,filtered_min6_no_aug,694,10
Expanded literature LLE,filtered_min6_no_aug,695,10
Expanded literature LLE,filtered_min6_no_aug,696,10
Expanded literature LLE,filtered_min6_no_aug,697,10
Expanded literature LLE,filtered_min6_no_aug,698,10
Expanded literature LLE,filtered_min6_no_aug,699,10
Expanded literature LLE,filtered_min6_no_aug,70,10
Expanded literature LLE,filtered_min6_no_aug,700,10
Expanded literature LLE,filtered_min6_no_aug,701,10
Expanded literature LLE,filtered_min6_no_aug,702,10
Expanded literature LLE,filtered_min6_no_aug,703,10
Expanded literature LLE,filtered_min6_no_aug,704,8
Expanded literature LLE,filtered_min6_no_aug,705,8
Expanded literature LLE,filtered_min6_no_aug,706,7
Expanded literature LLE,filtered_min6_no_aug,707,13
Expanded literature LLE,filtered_min6_no_aug,708,10
Expanded literature LLE,filtered_min6_no_aug,709,11
Expanded literature LLE,filtered_min6_no_aug,71,16
Expanded literature LLE,filtered_min6_no_aug,712,7
Expanded literature LLE,filtered_min6_no_aug,713,6
Expanded literature LLE,filtered_min6_no_aug,715,6
Expanded literature LLE,filtered_min6_no_aug,716,7
Expanded literature LLE,filtered_min6_no_aug,717,8
Expanded literature LLE,filtered_min6_no_aug,718,8
Expanded literature LLE,filtered_min6_no_aug,72,13
Expanded literature LLE,filtered_min6_no_aug,720,8
Expanded literature LLE,filtered_min6_no_aug,722,8
Expanded literature LLE,filtered_min6_no_aug,723,8
Expanded literature LLE,filtered_min6_no_aug,725,8
Expanded literature LLE,filtered_min6_no_aug,727,9
Expanded literature LLE,filtered_min6_no_aug,728,9
Expanded literature LLE,filtered_min6_no_aug,729,8
Expanded literature LLE,filtered_min6_no_aug,73,19
Expanded literature LLE,filtered_min6_no_aug,730,10
Expanded literature LLE,filtered_min6_no_aug,731,9
Expanded literature LLE,filtered_min6_no_aug,732,8
Expanded literature LLE,filtered_min6_no_aug,733,6
Expanded literature LLE,filtered_min6_no_aug,734,8
Expanded literature LLE,filtered_min6_no_aug,735,8
Expanded literature LLE,filtered_min6_no_aug,736,8
Expanded literature LLE,filtered_min6_no_aug,75,10
Expanded literature LLE,filtered_min6_no_aug,76,10
Expanded literature LLE,filtered_min6_no_aug,766,6
Expanded literature LLE,filtered_min6_no_aug,77,10
Expanded literature LLE,filtered_min6_no_aug,770,7
Expanded literature LLE,filtered_min6_no_aug,771,10
Expanded literature LLE,filtered_min6_no_aug,772,10
Expanded literature LLE,filtered_min6_no_aug,773,10
Expanded literature LLE,filtered_min6_no_aug,774,10
Expanded literature LLE,filtered_min6_no_aug,775,9
Expanded literature LLE,filtered_min6_no_aug,776,10
Expanded literature LLE,filtered_min6_no_aug,777,10
Expanded literature LLE,filtered_min6_no_aug,778,10
Expanded literature LLE,filtered_min6_no_aug,779,10
Expanded literature LLE,filtered_min6_no_aug,78,19
Expanded literature LLE,filtered_min6_no_aug,780,9
Expanded literature LLE,filtered_min6_no_aug,784,6
Expanded literature LLE,filtered_min6_no_aug,785,6
Expanded literature LLE,filtered_min6_no_aug,788,10
Expanded literature LLE,filtered_min6_no_aug,789,10
Expanded literature LLE,filtered_min6_no_aug,79,26
Expanded literature LLE,filtered_min6_no_aug,790,10
Expanded literature LLE,filtered_min6_no_aug,791,10
Expanded literature LLE,filtered_min6_no_aug,792,10
Expanded literature LLE,filtered_min6_no_aug,793,10
Expanded literature LLE,filtered_min6_no_aug,794,6
Expanded literature LLE,filtered_min6_no_aug,795,6
Expanded literature LLE,filtered_min6_no_aug,799,8
Expanded literature LLE,filtered_min6_no_aug,8,7
Expanded literature LLE,filtered_min6_no_aug,80,12
Expanded literature LLE,filtered_min6_no_aug,800,9
Expanded literature LLE,filtered_min6_no_aug,801,9
Expanded literature LLE,filtered_min6_no_aug,802,9
Expanded literature LLE,filtered_min6_no_aug,803,30
Expanded literature LLE,filtered_min6_no_aug,804,24
Expanded literature LLE,filtered_min6_no_aug,805,41
Expanded literature LLE,filtered_min6_no_aug,806,10
Expanded literature LLE,filtered_min6_no_aug,808,22
Expanded literature LLE,filtered_min6_no_aug,809,13
Expanded literature LLE,filtered_min6_no_aug,81,10
Expanded literature LLE,filtered_min6_no_aug,810,41
Expanded literature LLE,filtered_min6_no_aug,811,38
Expanded literature LLE,filtered_min6_no_aug,812,34
Expanded literature LLE,filtered_min6_no_aug,813,39
Expanded literature LLE,filtered_min6_no_aug,814,17
Expanded literature LLE,filtered_min6_no_aug,815,10
Expanded literature LLE,filtered_min6_no_aug,816,10
Expanded literature LLE,filtered_min6_no_aug,817,10
Expanded literature LLE,filtered_min6_no_aug,818,10
Expanded literature LLE,filtered_min6_no_aug,819,10
Expanded literature LLE,filtered_min6_no_aug,82,9
Expanded literature LLE,filtered_min6_no_aug,820,36
Expanded literature LLE,filtered_min6_no_aug,821,36
Expanded literature LLE,filtered_min6_no_aug,823,52
Expanded literature LLE,filtered_min6_no_aug,824,18
Expanded literature LLE,filtered_min6_no_aug,825,20
Expanded literature LLE,filtered_min6_no_aug,826,18
Expanded literature LLE,filtered_min6_no_aug,827,13
Expanded literature LLE,filtered_min6_no_aug,828,25
Expanded literature LLE,filtered_min6_no_aug,829,24
Expanded literature LLE,filtered_min6_no_aug,83,8
Expanded literature LLE,filtered_min6_no_aug,830,24
Expanded literature LLE,filtered_min6_no_aug,831,25
Expanded literature LLE,filtered_min6_no_aug,84,11
Expanded literature LLE,filtered_min6_no_aug,85,11
Expanded literature LLE,filtered_min6_no_aug,86,8
Expanded literature LLE,filtered_min6_no_aug,87,6
Expanded literature LLE,filtered_min6_no_aug,88,6
Expanded literature LLE,filtered_min6_no_aug,89,7
Expanded literature LLE,filtered_min6_no_aug,9,7
Expanded literature LLE,filtered_min6_no_aug,90,11
Expanded literature LLE,filtered_min6_no_aug,91,11
Expanded literature LLE,filtered_min6_no_aug,92,10
Expanded literature LLE,filtered_min6_no_aug,93,10
Expanded literature LLE,filtered_min6_no_aug,94,10
Expanded literature LLE,filtered_min6_no_aug,95,10
Expanded literature LLE,filtered_min6_no_aug,96,9
Expanded literature LLE,filtered_min6_no_aug,97,9
Expanded literature LLE,filtered_min6_no_aug,98,9
Expanded literature LLE,filtered_min6_no_aug,99,9
