{
  "best_epoch": 198,
  "best_val": {
    "mse": 0.007184253313262778,
    "rmse": 0.08475997471249493,
    "r2": 0.9369047973604593,
    "mae": 0.04289649533550295,
    "rmse_E": 0.06221781168375482,
    "rmse_R": 0.10245706679292735,
    "r2_E": 0.9621050202425201,
    "r2_R": 0.9164050585500987,
    "mae_E": 0.039365215404689693,
    "mae_R": 0.04642777526631619
  },
  "best_test": {
    "mse": 0.00372800521046632,
    "rmse": 0.061057392758504844,
    "r2": 0.9682178976019544,
    "mae": 0.03840652025122901,
    "rmse_E": 0.06054187039557446,
    "rmse_R": 0.061568598732942625,
    "r2_E": 0.9623263126046095,
    "r2_R": 0.9723924925654792,
    "mae_E": 0.04087201350709505,
    "mae_R": 0.035941026995362974,
    "sum_err_E": 2.546001631742456e-08,
    "sum_err_R": 1.7629020021558972e-08,
    "sum_err_95": 1.1920928955078125e-07,
    "neg_frac": 0.0,
    "param_cov": 1.0,
    "mu_res_mae": 1.7406673431396484,
    "mu_res_rmse": 2.5882129669189453,
    "mu_res_max": 12.706891059875488,
    "gd_penalty_mean": 8.723806388388766e-08,
    "gd_penalty_p95": 3.2990755016726325e-07,
    "gd_res_mae": 8.723806388388766e-08,
    "tpd_viol_rate": 0.24968866749688667,
    "tpd_viol_mean": 0.0003843690501525998
  },
  "use_graph": true
}