Involved in the gama database,IL (Component 1) full name,smiles1,IL abbreviation,Component 2,smiles2,Family of component 2,Component 3,smiles3,Family of component 3,Ex1,Ex2,Ex3,Rx1,Rx2,Rx3,P,t,system_id,T,distance_from_training_range_k,temperature_side,distance_bin,pred_Ex1,pred_Ex2,pred_Ex3,pred_Rx1,pred_Rx2,pred_Rx3
no,1-butyl-4-methylpyridinium tetrafluoroborate,CCCC[n+]1ccc(C)cc1.F[B-](F)(F)F,[C4MPy][BF4],benzene,c1ccccc1,aromatic,n-hexane,CCCCCC,alkane,0.983,0.0,0.017,0.022,0.0,0.978,101.325,0.0,83,333.2,10.0,above,5-10 K,0.8749621,0.11722081,0.007817174,0.0029534798,0.26274246,0.73430413
no,1-butyl-4-methylpyridinium tetrafluoroborate,CCCC[n+]1ccc(C)cc1.F[B-](F)(F)F,[C4MPy][BF4],benzene,c1ccccc1,aromatic,n-hexane,CCCCCC,alkane,0.922,0.061,0.017,0.007,0.049,0.944,101.325,0.16666667,83,333.2,10.0,above,5-10 K,0.84487784,0.14553627,0.009585871,0.003205464,0.30353355,0.69326097
no,1-butyl-4-methylpyridinium tetrafluoroborate,CCCC[n+]1ccc(C)cc1.F[B-](F)(F)F,[C4MPy][BF4],benzene,c1ccccc1,aromatic,n-hexane,CCCCCC,alkane,0.896,0.088,0.016,0.01,0.084,0.906,101.325,0.33333334,83,333.2,10.0,above,5-10 K,0.80758476,0.18067734,0.01173789,0.003389609,0.34900728,0.64760315
no,1-butyl-4-methylpyridinium tetrafluoroborate,CCCC[n+]1ccc(C)cc1.F[B-](F)(F)F,[C4MPy][BF4],benzene,c1ccccc1,aromatic,n-hexane,CCCCCC,alkane,0.877,0.106,0.017,0.011,0.115,0.874,101.325,0.5,83,333.2,10.0,above,5-10 K,0.7647462,0.22107334,0.014180467,0.0035793565,0.39685687,0.5995638
no,1-butyl-4-methylpyridinium tetrafluoroborate,CCCC[n+]1ccc(C)cc1.F[B-](F)(F)F,[C4MPy][BF4],benzene,c1ccccc1,aromatic,n-hexane,CCCCCC,alkane,0.817,0.166,0.017,0.005,0.21,0.785,101.325,0.6666667,83,333.2,10.0,above,5-10 K,0.7169761,0.26616114,0.016862802,0.003770952,0.44596156,0.5502675
no,1-butyl-4-methylpyridinium tetrafluoroborate,CCCC[n+]1ccc(C)cc1.F[B-](F)(F)F,[C4MPy][BF4],benzene,c1ccccc1,aromatic,n-hexane,CCCCCC,alkane,0.754,0.229,0.017,0.008,0.313,0.679,101.325,0.8333333,83,333.2,10.0,above,5-10 K,0.6637428,0.31645626,0.019801015,0.003931019,0.4961952,0.4998738
no,1-butyl-4-methylpyridinium tetrafluoroborate,CCCC[n+]1ccc(C)cc1.F[B-](F)(F)F,[C4MPy][BF4],benzene,c1ccccc1,aromatic,n-hexane,CCCCCC,alkane,0.688,0.295,0.017,0.006,0.43,0.564,101.325,1.0,83,333.2,10.0,above,5-10 K,0.6054877,0.37154403,0.022968337,0.0040322705,0.54675895,0.4492087
no,1-butyl-4-methylpyridinium tetrafluoroborate,CCCC[n+]1ccc(C)cc1.F[B-](F)(F)F,[C4MPy][BF4],toluene,Cc1ccccc1,aromatic,n-heptane,CCCCCCC,alkane,0.9882,0.0,0.0118,0.0049,0.0,0.9951,101.325,0.0,86,348.2,25.0,above,>20 K,0.9198296,0.07564782,0.0045224912,0.0021344386,0.2717979,0.7260677
no,1-butyl-4-methylpyridinium tetrafluoroborate,CCCC[n+]1ccc(C)cc1.F[B-](F)(F)F,[C4MPy][BF4],toluene,Cc1ccccc1,aromatic,n-heptane,CCCCCCC,alkane,0.9678,0.0166,0.0156,0.0,0.0402,0.9598,101.325,0.083333336,86,348.2,25.0,above,>20 K,0.90992147,0.08503166,0.0050467905,0.0022268565,0.29166347,0.70610964
no,1-butyl-4-methylpyridinium tetrafluoroborate,CCCC[n+]1ccc(C)cc1.F[B-](F)(F)F,[C4MPy][BF4],toluene,Cc1ccccc1,aromatic,n-heptane,CCCCCCC,alkane,0.9692,0.0182,0.0126,0.0065,0.0404,0.9531,101.325,0.16666667,86,348.2,25.0,above,>20 K,0.8991485,0.09524606,0.0056054327,0.0023064464,0.31203678,0.6856568
no,1-butyl-4-methylpyridinium tetrafluoroborate,CCCC[n+]1ccc(C)cc1.F[B-](F)(F)F,[C4MPy][BF4],toluene,Cc1ccccc1,aromatic,n-heptane,CCCCCCC,alkane,0.9553,0.0334,0.0113,0.0,0.0701,0.9299,101.325,0.25,86,348.2,25.0,above,>20 K,0.88712406,0.106648766,0.0062272013,0.002390256,0.33338562,0.66422415
no,1-butyl-4-methylpyridinium tetrafluoroborate,CCCC[n+]1ccc(C)cc1.F[B-](F)(F)F,[C4MPy][BF4],toluene,Cc1ccccc1,aromatic,n-heptane,CCCCCCC,alkane,0.941,0.0483,0.0107,0.0,0.1077,0.8923,101.325,0.33333334,86,348.2,25.0,above,>20 K,0.873757,0.11932686,0.0069160773,0.0024775974,0.3556104,0.6419119
no,1-butyl-4-methylpyridinium tetrafluoroborate,CCCC[n+]1ccc(C)cc1.F[B-](F)(F)F,[C4MPy][BF4],toluene,Cc1ccccc1,aromatic,n-heptane,CCCCCCC,alkane,0.9219,0.0669,0.0112,0.0,0.1478,0.8522,101.325,0.41666666,86,348.2,25.0,above,>20 K,0.85882664,0.13347094,0.0077024405,0.0025739742,0.37850785,0.6189182
no,1-butyl-4-methylpyridinium tetrafluoroborate,CCCC[n+]1ccc(C)cc1.F[B-](F)(F)F,[C4MPy][BF4],toluene,Cc1ccccc1,aromatic,n-heptane,CCCCCCC,alkane,0.89500004,0.09290001,0.012100001,0.0127,0.2069,0.7804,101.325,0.5,86,348.2,25.0,above,>20 K,0.8424332,0.14897868,0.008588152,0.002674816,0.40188137,0.5954438
no,1-butyl-4-methylpyridinium tetrafluoroborate,CCCC[n+]1ccc(C)cc1.F[B-](F)(F)F,[C4MPy][BF4],toluene,Cc1ccccc1,aromatic,n-heptane,CCCCCCC,alkane,0.88820004,0.10080001,0.011000001,0.0,0.2771,0.7229,101.325,0.5833333,86,348.2,25.0,above,>20 K,0.8247774,0.165738,0.009484655,0.0027521912,0.42580968,0.5714381
no,1-butyl-4-methylpyridinium tetrafluoroborate,CCCC[n+]1ccc(C)cc1.F[B-](F)(F)F,[C4MPy][BF4],toluene,Cc1ccccc1,aromatic,n-heptane,CCCCCCC,alkane,0.8431,0.1455,0.0114,0.0097,0.3303,0.66,101.325,0.6666667,86,348.2,25.0,above,>20 K,0.8058283,0.18372272,0.010448963,0.002830003,0.44979346,0.5473766
no,1-butyl-4-methylpyridinium tetrafluoroborate,CCCC[n+]1ccc(C)cc1.F[B-](F)(F)F,[C4MPy][BF4],toluene,Cc1ccccc1,aromatic,n-heptane,CCCCCCC,alkane,0.8051,0.1836,0.0113,0.007,0.4211,0.5719,101.325,0.75,86,348.2,25.0,above,>20 K,0.7854938,0.20301633,0.011489903,0.0029068417,0.47379997,0.5232932
no,1-butyl-4-methylpyridinium tetrafluoroborate,CCCC[n+]1ccc(C)cc1.F[B-](F)(F)F,[C4MPy][BF4],toluene,Cc1ccccc1,aromatic,n-heptane,CCCCCCC,alkane,0.7587,0.2307,0.0106,0.003,0.5302,0.4668,101.325,0.8333333,86,348.2,25.0,above,>20 K,0.7633485,0.22406584,0.012585604,0.0029681027,0.49835977,0.4986721
no,1-butyl-4-methylpyridinium tetrafluoroborate,CCCC[n+]1ccc(C)cc1.F[B-](F)(F)F,[C4MPy][BF4],toluene,Cc1ccccc1,aromatic,n-heptane,CCCCCCC,alkane,0.74810004,0.24200001,0.009900001,0.0,0.592,0.408,101.325,0.9166667,86,348.2,25.0,above,>20 K,0.73988014,0.24638224,0.013737589,0.003022738,0.52273905,0.4742382
no,1-butyl-4-methylpyridinium tetrafluoroborate,CCCC[n+]1ccc(C)cc1.F[B-](F)(F)F,[C4MPy][BF4],toluene,Cc1ccccc1,aromatic,n-heptane,CCCCCCC,alkane,0.5089,0.4911,0.0,0.0,1.0,0.0,101.325,1.0,86,348.2,25.0,above,>20 K,0.71527123,0.269743,0.014985755,0.0030891707,0.5465078,0.4504031
no,1-butyl-4-methylpyridinium tetrafluoroborate,CCCC[n+]1ccc(C)cc1.F[B-](F)(F)F,[C4MPy][BF4],ethylbenzene,CCc1ccccc1,aromatic,n-octane,CCCCCCCC,alkane,0.992,0.0,0.008,0.018,0.0,0.982,101.325,0.0,88,348.2,25.0,above,>20 K,0.9337655,0.06055877,0.005675712,0.0021803244,0.2950928,0.70272684
no,1-butyl-4-methylpyridinium tetrafluoroborate,CCCC[n+]1ccc(C)cc1.F[B-](F)(F)F,[C4MPy][BF4],ethylbenzene,CCc1ccccc1,aromatic,n-octane,CCCCCCCC,alkane,0.957,0.035,0.008,0.007,0.079,0.914,101.325,0.14285715,88,348.2,25.0,above,>20 K,0.9192997,0.073863454,0.0068367873,0.0023288843,0.32659882,0.67107224
no,1-butyl-4-methylpyridinium tetrafluoroborate,CCCC[n+]1ccc(C)cc1.F[B-](F)(F)F,[C4MPy][BF4],ethylbenzene,CCc1ccccc1,aromatic,n-octane,CCCCCCCC,alkane,0.947,0.045,0.008,0.013,0.121,0.866,101.325,0.2857143,88,348.2,25.0,above,>20 K,0.902116,0.08968114,0.008202884,0.0024770815,0.35957223,0.63795066
no,1-butyl-4-methylpyridinium tetrafluoroborate,CCCC[n+]1ccc(C)cc1.F[B-](F)(F)F,[C4MPy][BF4],ethylbenzene,CCc1ccccc1,aromatic,n-octane,CCCCCCCC,alkane,0.937,0.055,0.008,0.011,0.164,0.825,101.325,0.42857143,88,348.2,25.0,above,>20 K,0.8816781,0.10851552,0.009806466,0.002620576,0.3940811,0.60329837
no,1-butyl-4-methylpyridinium tetrafluoroborate,CCCC[n+]1ccc(C)cc1.F[B-](F)(F)F,[C4MPy][BF4],ethylbenzene,CCc1ccccc1,aromatic,n-octane,CCCCCCCC,alkane,0.912,0.081,0.007,0.016,0.294,0.69,101.325,0.5714286,88,348.2,25.0,above,>20 K,0.85765195,0.13068935,0.011658644,0.0027545162,0.42976323,0.5674823
no,1-butyl-4-methylpyridinium tetrafluoroborate,CCCC[n+]1ccc(C)cc1.F[B-](F)(F)F,[C4MPy][BF4],ethylbenzene,CCc1ccccc1,aromatic,n-octane,CCCCCCCC,alkane,0.884,0.11,0.006,0.013,0.437,0.55,101.325,0.71428573,88,348.2,25.0,above,>20 K,0.82888705,0.1573207,0.013792261,0.0028645883,0.46709147,0.53004396
no,1-butyl-4-methylpyridinium tetrafluoroborate,CCCC[n+]1ccc(C)cc1.F[B-](F)(F)F,[C4MPy][BF4],ethylbenzene,CCc1ccccc1,aromatic,n-octane,CCCCCCCC,alkane,0.856,0.139,0.005,0.015,0.572,0.413,101.325,0.85714287,88,348.2,25.0,above,>20 K,0.7962912,0.18751462,0.016194249,0.002969145,0.50424224,0.49278858
no,1-butyl-4-methylpyridinium tetrafluoroborate,CCCC[n+]1ccc(C)cc1.F[B-](F)(F)F,[C4MPy][BF4],ethylbenzene,CCc1ccccc1,aromatic,n-octane,CCCCCCCC,alkane,0.75,0.25,0.0,0.013,0.987,0.0,101.325,1.0,88,348.2,25.0,above,>20 K,0.75982267,0.2213147,0.018862568,0.0030682334,0.5408732,0.45605853
no,1-butyl-4-methylpyridinium tetrafluoroborate,CCCC[n+]1ccc(C)cc1.F[B-](F)(F)F,[C4MPy][BF4],m-xylene,Cc1cccc(C)c1,aromatic,n-octane,CCCCCCCC,alkane,0.992,0.0,0.008,0.018,0.0,0.982,101.325,0.0,90,348.2,25.0,above,>20 K,0.9338641,0.062333375,0.0038025544,0.0019427837,0.28121614,0.71684104
no,1-butyl-4-methylpyridinium tetrafluoroborate,CCCC[n+]1ccc(C)cc1.F[B-](F)(F)F,[C4MPy][BF4],m-xylene,Cc1cccc(C)c1,aromatic,n-octane,CCCCCCCC,alkane,0.966,0.027,0.007,0.022,0.082,0.896,101.325,0.11111111,90,348.2,25.0,above,>20 K,0.9226269,0.07296639,0.004406687,0.0020519795,0.30771226,0.6902358
no,1-butyl-4-methylpyridinium tetrafluoroborate,CCCC[n+]1ccc(C)cc1.F[B-](F)(F)F,[C4MPy][BF4],m-xylene,Cc1cccc(C)c1,aromatic,n-octane,CCCCCCCC,alkane,0.956,0.037,0.007,0.015,0.124,0.861,101.325,0.22222222,90,348.2,25.0,above,>20 K,0.91872936,0.07661967,0.0046510473,0.0024612,0.31837943,0.6791594
no,1-butyl-4-methylpyridinium tetrafluoroborate,CCCC[n+]1ccc(C)cc1.F[B-](F)(F)F,[C4MPy][BF4],m-xylene,Cc1cccc(C)c1,aromatic,n-octane,CCCCCCCC,alkane,0.947,0.046,0.007,0.02,0.17,0.81,101.325,0.33333334,90,348.2,25.0,above,>20 K,0.9054009,0.08923823,0.00536087,0.002585727,0.3462677,0.6511466
no,1-butyl-4-methylpyridinium tetrafluoroborate,CCCC[n+]1ccc(C)cc1.F[B-](F)(F)F,[C4MPy][BF4],m-xylene,Cc1cccc(C)c1,aromatic,n-octane,CCCCCCCC,alkane,0.936,0.057,0.007,0.016,0.212,0.772,101.325,0.44444445,90,348.2,25.0,above,>20 K,0.8872798,0.10647215,0.00624807,0.0025644212,0.3804212,0.61701435
no,1-butyl-4-methylpyridinium tetrafluoroborate,CCCC[n+]1ccc(C)cc1.F[B-](F)(F)F,[C4MPy][BF4],m-xylene,Cc1cccc(C)c1,aromatic,n-octane,CCCCCCCC,alkane,0.928,0.065,0.007,0.014,0.257,0.729,101.325,0.5555556,90,348.2,25.0,above,>20 K,0.8678296,0.1249579,0.0072125075,0.0025950714,0.41339964,0.5840053
no,1-butyl-4-methylpyridinium tetrafluoroborate,CCCC[n+]1ccc(C)cc1.F[B-](F)(F)F,[C4MPy][BF4],m-xylene,Cc1cccc(C)c1,aromatic,n-octane,CCCCCCCC,alkane,0.918,0.075,0.007,0.018,0.297,0.685,101.325,0.6666667,90,348.2,25.0,above,>20 K,0.84756947,0.14419064,0.008239828,0.0026924352,0.44427747,0.55303013
no,1-butyl-4-methylpyridinium tetrafluoroborate,CCCC[n+]1ccc(C)cc1.F[B-](F)(F)F,[C4MPy][BF4],m-xylene,Cc1cccc(C)c1,aromatic,n-octane,CCCCCCCC,alkane,0.903,0.091,0.006,0.026,0.375,0.599,101.325,0.7777778,90,348.2,25.0,above,>20 K,0.8241272,0.16646886,0.009403932,0.0027452467,0.47648567,0.52076906
no,1-butyl-4-methylpyridinium tetrafluoroborate,CCCC[n+]1ccc(C)cc1.F[B-](F)(F)F,[C4MPy][BF4],m-xylene,Cc1cccc(C)c1,aromatic,n-octane,CCCCCCCC,alkane,0.882,0.112,0.006,0.013,0.473,0.514,101.325,0.8888889,90,348.2,25.0,above,>20 K,0.7973431,0.19195692,0.010700066,0.002746788,0.5096545,0.4875987
no,1-butyl-4-methylpyridinium tetrafluoroborate,CCCC[n+]1ccc(C)cc1.F[B-](F)(F)F,[C4MPy][BF4],m-xylene,Cc1cccc(C)c1,aromatic,n-octane,CCCCCCCC,alkane,0.854,0.141,0.005,0.022,0.573,0.405,101.325,1.0,90,348.2,25.0,above,>20 K,0.7683852,0.21952504,0.012089704,0.0027813502,0.5420526,0.45516607
no,1-butyl-4-methylpyridinium tetrafluoroborate,CCCC[n+]1ccc(C)cc1.F[B-](F)(F)F,[C4MPy][BF4],n-propylbenzene,CCCc1ccccc1,aromatic,n-dodecane,CCCCCCCCCCCC,alkane,0.95640004,0.037600003,0.0060000005,0.0,0.1067,0.8933,101.325,0.0,93,333.0,9.800000000000011,above,5-10 K,0.94221723,0.0527827,0.0050000944,0.0019475443,0.31005454,0.6879979
no,1-butyl-4-methylpyridinium tetrafluoroborate,CCCC[n+]1ccc(C)cc1.F[B-](F)(F)F,[C4MPy][BF4],n-propylbenzene,CCCc1ccccc1,aromatic,n-dodecane,CCCCCCCCCCCC,alkane,0.9236,0.07,0.0064,0.0,0.1942,0.8058,101.325,0.125,93,333.0,9.800000000000011,above,5-10 K,0.9313338,0.06278374,0.0058824755,0.0020603344,0.33708152,0.66085815
no,1-butyl-4-methylpyridinium tetrafluoroborate,CCCC[n+]1ccc(C)cc1.F[B-](F)(F)F,[C4MPy][BF4],n-propylbenzene,CCCc1ccccc1,aromatic,n-dodecane,CCCCCCCCCCCC,alkane,0.8944,0.0988,0.0068,0.0,0.2669,0.7331,101.325,0.25,93,333.0,9.800000000000011,above,5-10 K,0.9185663,0.07452789,0.0069058663,0.002171522,0.36530393,0.63252455
no,1-butyl-4-methylpyridinium tetrafluoroborate,CCCC[n+]1ccc(C)cc1.F[B-](F)(F)F,[C4MPy][BF4],n-propylbenzene,CCCc1ccccc1,aromatic,n-dodecane,CCCCCCCCCCCC,alkane,0.8672,0.1256,0.0072,0.0,0.3277,0.6723,101.325,0.375,93,333.0,9.800000000000011,above,5-10 K,0.90395504,0.08796117,0.008083851,0.002251818,0.39428267,0.60346556
no,1-butyl-4-methylpyridinium tetrafluoroborate,CCCC[n+]1ccc(C)cc1.F[B-](F)(F)F,[C4MPy][BF4],n-propylbenzene,CCCc1ccccc1,aromatic,n-dodecane,CCCCCCCCCCCC,alkane,0.8425,0.1499,0.0076,0.0,0.3796,0.6204,101.325,0.5,93,333.0,9.800000000000011,above,5-10 K,0.8868878,0.10367658,0.009435515,0.0023400595,0.4242215,0.57343847
no,1-butyl-4-methylpyridinium tetrafluoroborate,CCCC[n+]1ccc(C)cc1.F[B-](F)(F)F,[C4MPy][BF4],n-propylbenzene,CCCc1ccccc1,aromatic,n-dodecane,CCCCCCCCCCCC,alkane,0.8194,0.1726,0.008,0.0,0.4242,0.5758,101.325,0.625,93,333.0,9.800000000000011,above,5-10 K,0.8670035,0.12201494,0.010981535,0.0024381895,0.45483178,0.5427301
no,1-butyl-4-methylpyridinium tetrafluoroborate,CCCC[n+]1ccc(C)cc1.F[B-](F)(F)F,[C4MPy][BF4],n-propylbenzene,CCCc1ccccc1,aromatic,n-dodecane,CCCCCCCCCCCC,alkane,0.7953,0.1964,0.0083,0.0,0.4621,0.5379,101.325,0.75,93,333.0,9.800000000000011,above,5-10 K,0.84504646,0.14231093,0.012642636,0.0025594565,0.48535365,0.51208687
no,1-butyl-4-methylpyridinium tetrafluoroborate,CCCC[n+]1ccc(C)cc1.F[B-](F)(F)F,[C4MPy][BF4],n-propylbenzene,CCCc1ccccc1,aromatic,n-dodecane,CCCCCCCCCCCC,alkane,0.7718,0.2196,0.0086,0.0,0.4951,0.5049,101.325,0.875,93,333.0,9.800000000000011,above,5-10 K,0.8213726,0.16424137,0.014385976,0.0026989095,0.5155161,0.48178494
no,1-butyl-4-methylpyridinium tetrafluoroborate,CCCC[n+]1ccc(C)cc1.F[B-](F)(F)F,[C4MPy][BF4],n-propylbenzene,CCCc1ccccc1,aromatic,n-dodecane,CCCCCCCCCCCC,alkane,0.7383,0.2528,0.0089,0.0,0.5528,0.4472,101.325,1.0,93,333.0,9.800000000000011,above,5-10 K,0.79285717,0.1906358,0.016507056,0.0027808745,0.54630923,0.4509099
no,1-butyl-4-methylpyridinium tetrafluoroborate,CCCC[n+]1ccc(C)cc1.F[B-](F)(F)F,[C4MPy][BF4],n-propylbenzene,CCCc1ccccc1,aromatic,n-tetradecane,CCCCCCCCCCCCCC,alkane,0.9581,0.0382,0.0037,0.0,0.1211,0.8789,101.325,0.0,96,333.0,9.800000000000011,above,5-10 K,0.94425005,0.051049944,0.004699949,0.0018915825,0.30142522,0.6966832
no,1-butyl-4-methylpyridinium tetrafluoroborate,CCCC[n+]1ccc(C)cc1.F[B-](F)(F)F,[C4MPy][BF4],n-propylbenzene,CCCc1ccccc1,aromatic,n-tetradecane,CCCCCCCCCCCCCC,alkane,0.92550004,0.07060001,0.0039000001,0.0,0.2179,0.7821,101.325,0.11111111,96,333.0,9.800000000000011,above,5-10 K,0.9348801,0.05967959,0.005440313,0.0019916636,0.3254832,0.6725251
no,1-butyl-4-methylpyridinium tetrafluoroborate,CCCC[n+]1ccc(C)cc1.F[B-](F)(F)F,[C4MPy][BF4],n-propylbenzene,CCCc1ccccc1,aromatic,n-tetradecane,CCCCCCCCCCCCCC,alkane,0.8952,0.1005,0.0043,0.0,0.2957,0.7043,101.325,0.22222222,96,333.0,9.800000000000011,above,5-10 K,0.9240724,0.069642216,0.0062853545,0.0020907677,0.35052612,0.64738315
no,1-butyl-4-methylpyridinium tetrafluoroborate,CCCC[n+]1ccc(C)cc1.F[B-](F)(F)F,[C4MPy][BF4],n-propylbenzene,CCCc1ccccc1,aromatic,n-tetradecane,CCCCCCCCCCCCCC,alkane,0.8725,0.1231,0.0044,0.0,0.3619,0.6381,101.325,0.33333334,96,333.0,9.800000000000011,above,5-10 K,0.91163665,0.08111629,0.007246994,0.0021880527,0.37646493,0.621347
no,1-butyl-4-methylpyridinium tetrafluoroborate,CCCC[n+]1ccc(C)cc1.F[B-](F)(F)F,[C4MPy][BF4],n-propylbenzene,CCCc1ccccc1,aromatic,n-tetradecane,CCCCCCCCCCCCCC,alkane,0.84790003,0.14750001,0.0046000006,0.0,0.4156,0.5844,101.325,0.44444445,96,333.0,9.800000000000011,above,5-10 K,0.8973833,0.09427909,0.008337605,0.0022832435,0.40318236,0.59453434
no,1-butyl-4-methylpyridinium tetrafluoroborate,CCCC[n+]1ccc(C)cc1.F[B-](F)(F)F,[C4MPy][BF4],n-propylbenzene,CCCc1ccccc1,aromatic,n-tetradecane,CCCCCCCCCCCCCC,alkane,0.8259,0.1694,0.0047,0.0,0.4614,0.5386,101.325,0.5555556,96,333.0,9.800000000000011,above,5-10 K,0.8797106,0.11064117,0.009648195,0.0022907136,0.43203542,0.5656739
no,1-butyl-4-methylpyridinium tetrafluoroborate,CCCC[n+]1ccc(C)cc1.F[B-](F)(F)F,[C4MPy][BF4],n-propylbenzene,CCCc1ccccc1,aromatic,n-tetradecane,CCCCCCCCCCCCCC,alkane,0.8028,0.1923,0.0049,0.0,0.4999,0.5001,101.325,0.6666667,96,333.0,9.800000000000011,above,5-10 K,0.86114913,0.12781551,0.011035293,0.0023747915,0.45973602,0.5378892
no,1-butyl-4-methylpyridinium tetrafluoroborate,CCCC[n+]1ccc(C)cc1.F[B-](F)(F)F,[C4MPy][BF4],n-propylbenzene,CCCc1ccccc1,aromatic,n-tetradecane,CCCCCCCCCCCCCC,alkane,0.7753,0.2192,0.0055,0.0,0.5318,0.4682,101.325,0.7777778,96,333.0,9.800000000000011,above,5-10 K,0.8401283,0.14728798,0.0125836395,0.0024534252,0.48787948,0.5096671
no,1-butyl-4-methylpyridinium tetrafluoroborate,CCCC[n+]1ccc(C)cc1.F[B-](F)(F)F,[C4MPy][BF4],n-propylbenzene,CCCc1ccccc1,aromatic,n-tetradecane,CCCCCCCCCCCCCC,alkane,0.7445,0.2496,0.0059,0.0,0.5895,0.4105,101.325,0.8888889,96,333.0,9.800000000000011,above,5-10 K,0.8167705,0.16893886,0.014290577,0.002526759,0.51588416,0.48158905
no,1-butyl-4-methylpyridinium tetrafluoroborate,CCCC[n+]1ccc(C)cc1.F[B-](F)(F)F,[C4MPy][BF4],n-propylbenzene,CCCc1ccccc1,aromatic,n-tetradecane,CCCCCCCCCCCCCC,alkane,0.7109,0.2825,0.0066,0.0,0.6336,0.3664,101.325,1.0,96,333.0,9.800000000000011,above,5-10 K,0.7898132,0.19397438,0.016212404,0.002541152,0.5446862,0.45277265
no,1-butyl-4-methylpyridinium tetrafluoroborate,CCCC[n+]1ccc(C)cc1.F[B-](F)(F)F,[C4MPy][BF4],n-propylbenzene,CCCc1ccccc1,aromatic,n-hexadecane,CCCCCCCCCCCCCCCC,alkane,0.9565,0.0407,0.0028,0.0,0.1342,0.8658,101.325,0.0,99,333.0,9.800000000000011,above,5-10 K,0.9449837,0.050558012,0.0044582877,0.0016513471,0.29439753,0.7039512
no,1-butyl-4-methylpyridinium tetrafluoroborate,CCCC[n+]1ccc(C)cc1.F[B-](F)(F)F,[C4MPy][BF4],n-propylbenzene,CCCc1ccccc1,aromatic,n-hexadecane,CCCCCCCCCCCCCCCC,alkane,0.9228,0.0744,0.0028,0.0,0.2392,0.7608,101.325,0.11111111,99,333.0,9.800000000000011,above,5-10 K,0.93561167,0.05922027,0.0051680366,0.0017399858,0.31864992,0.67961013
no,1-butyl-4-methylpyridinium tetrafluoroborate,CCCC[n+]1ccc(C)cc1.F[B-](F)(F)F,[C4MPy][BF4],n-propylbenzene,CCCc1ccccc1,aromatic,n-hexadecane,CCCCCCCCCCCCCCCC,alkane,0.8951,0.102,0.0029,0.0,0.3236,0.6764,101.325,0.22222222,99,333.0,9.800000000000011,above,5-10 K,0.92473257,0.069281995,0.0059854016,0.001828313,0.34405455,0.65411717
no,1-butyl-4-methylpyridinium tetrafluoroborate,CCCC[n+]1ccc(C)cc1.F[B-](F)(F)F,[C4MPy][BF4],n-propylbenzene,CCCc1ccccc1,aromatic,n-hexadecane,CCCCCCCCCCCCCCCC,alkane,0.8698,0.1272,0.003,0.0,0.3915,0.6085,101.325,0.33333334,99,333.0,9.800000000000011,above,5-10 K,0.9122375,0.080849074,0.006913421,0.0019151198,0.37032565,0.6277592
no,1-butyl-4-methylpyridinium tetrafluoroborate,CCCC[n+]1ccc(C)cc1.F[B-](F)(F)F,[C4MPy][BF4],n-propylbenzene,CCCc1ccccc1,aromatic,n-hexadecane,CCCCCCCCCCCCCCCC,alkane,0.8454,0.1513,0.0033,0.0,0.447,0.553,101.325,0.44444445,99,333.0,9.800000000000011,above,5-10 K,0.8972515,0.09473218,0.008016277,0.002114284,0.39681244,0.60107327
no,1-butyl-4-methylpyridinium tetrafluoroborate,CCCC[n+]1ccc(C)cc1.F[B-](F)(F)F,[C4MPy][BF4],n-propylbenzene,CCCc1ccccc1,aromatic,n-hexadecane,CCCCCCCCCCCCCCCC,alkane,0.8225,0.1741,0.0034,0.0,0.4932,0.5068,101.325,0.5555556,99,333.0,9.800000000000011,above,5-10 K,0.8807405,0.11003841,0.009221076,0.0022575175,0.42373112,0.5740114
no,1-butyl-4-methylpyridinium tetrafluoroborate,CCCC[n+]1ccc(C)cc1.F[B-](F)(F)F,[C4MPy][BF4],n-propylbenzene,CCCc1ccccc1,aromatic,n-hexadecane,CCCCCCCCCCCCCCCC,alkane,0.8025,0.1939,0.0036,0.0,0.5329,0.4671,101.325,0.6666667,99,333.0,9.800000000000011,above,5-10 K,0.8622362,0.12721165,0.010552155,0.0023427084,0.45164743,0.54600984
no,1-butyl-4-methylpyridinium tetrafluoroborate,CCCC[n+]1ccc(C)cc1.F[B-](F)(F)F,[C4MPy][BF4],n-propylbenzene,CCCc1ccccc1,aromatic,n-hexadecane,CCCCCCCCCCCCCCCC,alkane,0.7867,0.2095,0.0038,0.0,0.5678,0.4322,101.325,0.7777778,99,333.0,9.800000000000011,above,5-10 K,0.84074885,0.14717449,0.012076651,0.0024009275,0.48041922,0.5171799
no,1-butyl-4-methylpyridinium tetrafluoroborate,CCCC[n+]1ccc(C)cc1.F[B-](F)(F)F,[C4MPy][BF4],n-propylbenzene,CCCc1ccccc1,aromatic,n-hexadecane,CCCCCCCCCCCCCCCC,alkane,0.7517,0.2443,0.004,0.0,0.6227,0.3773,101.325,0.8888889,99,333.0,9.800000000000011,above,5-10 K,0.8159923,0.17020956,0.013798179,0.0024290318,0.5097258,0.48784515
no,1-butyl-4-methylpyridinium tetrafluoroborate,CCCC[n+]1ccc(C)cc1.F[B-](F)(F)F,[C4MPy][BF4],n-propylbenzene,CCCc1ccccc1,aromatic,n-hexadecane,CCCCCCCCCCCCCCCC,alkane,0.7135,0.2823,0.0042,0.0,0.664,0.336,101.325,1.0,99,333.0,9.800000000000011,above,5-10 K,0.7897639,0.19461657,0.015619471,0.0024955363,0.5380752,0.45942926
no,1-butyl-4-methylpyridinium tetrafluoroborate,CCCC[n+]1ccc(C)cc1.F[B-](F)(F)F,[C4MPy][BF4],n-propylbenzene,CCCc1ccccc1,aromatic,n-heptadecane,CCCCCCCCCCCCCCCCC,alkane,0.9572,0.0405,0.0023,0.0,0.1409,0.8591,101.325,0.0,102,333.0,9.800000000000011,above,5-10 K,0.9445616,0.051034145,0.0044042342,0.001678641,0.29046264,0.70785874
no,1-butyl-4-methylpyridinium tetrafluoroborate,CCCC[n+]1ccc(C)cc1.F[B-](F)(F)F,[C4MPy][BF4],n-propylbenzene,CCCc1ccccc1,aromatic,n-heptadecane,CCCCCCCCCCCCCCCCC,alkane,0.9243,0.0733,0.0024,0.0,0.25,0.75,101.325,0.125,102,333.0,9.800000000000011,above,5-10 K,0.93362796,0.061159052,0.0052131,0.0017543689,0.3179938,0.68025184
no,1-butyl-4-methylpyridinium tetrafluoroborate,CCCC[n+]1ccc(C)cc1.F[B-](F)(F)F,[C4MPy][BF4],n-propylbenzene,CCCc1ccccc1,aromatic,n-heptadecane,CCCCCCCCCCCCCCCCC,alkane,0.8963,0.1012,0.0025,0.0,0.3361,0.6639,101.325,0.25,102,333.0,9.800000000000011,above,5-10 K,0.9208327,0.07301659,0.006150727,0.0018396169,0.3468173,0.6513431
no,1-butyl-4-methylpyridinium tetrafluoroborate,CCCC[n+]1ccc(C)cc1.F[B-](F)(F)F,[C4MPy][BF4],n-propylbenzene,CCCc1ccccc1,aromatic,n-heptadecane,CCCCCCCCCCCCCCCCC,alkane,0.8717,0.1257,0.0026,0.0,0.4053,0.5947,101.325,0.375,102,333.0,9.800000000000011,above,5-10 K,0.9059262,0.086841576,0.007232234,0.0019378832,0.37674665,0.6213155
no,1-butyl-4-methylpyridinium tetrafluoroborate,CCCC[n+]1ccc(C)cc1.F[B-](F)(F)F,[C4MPy][BF4],n-propylbenzene,CCCc1ccccc1,aromatic,n-heptadecane,CCCCCCCCCCCCCCCCC,alkane,0.8485,0.1488,0.0027,0.0,0.4615,0.5385,101.325,0.5,102,333.0,9.800000000000011,above,5-10 K,0.89297634,0.09860974,0.00841391,0.0022144904,0.40485612,0.5929294
no,1-butyl-4-methylpyridinium tetrafluoroborate,CCCC[n+]1ccc(C)cc1.F[B-](F)(F)F,[C4MPy][BF4],n-propylbenzene,CCCc1ccccc1,aromatic,n-heptadecane,CCCCCCCCCCCCCCCCC,alkane,0.8261,0.1711,0.0028,0.0,0.5079,0.4921,101.325,0.625,102,333.0,9.800000000000011,above,5-10 K,0.87663215,0.11361396,0.009753876,0.0023830521,0.43468195,0.56293505
no,1-butyl-4-methylpyridinium tetrafluoroborate,CCCC[n+]1ccc(C)cc1.F[B-](F)(F)F,[C4MPy][BF4],n-propylbenzene,CCCc1ccccc1,aromatic,n-heptadecane,CCCCCCCCCCCCCCCCC,alkane,0.8032,0.1939,0.0029,0.0,0.5464,0.4536,101.325,0.75,102,333.0,9.800000000000011,above,5-10 K,0.85487586,0.13378009,0.011343998,0.0024776603,0.4666557,0.5308666
no,1-butyl-4-methylpyridinium tetrafluoroborate,CCCC[n+]1ccc(C)cc1.F[B-](F)(F)F,[C4MPy][BF4],n-propylbenzene,CCCc1ccccc1,aromatic,n-heptadecane,CCCCCCCCCCCCCCCCC,alkane,0.7873,0.2097,0.003,0.0,0.581,0.419,101.325,0.875,102,333.0,9.800000000000011,above,5-10 K,0.8301092,0.15674067,0.01315019,0.0025714464,0.49867648,0.4987521
no,1-butyl-4-methylpyridinium tetrafluoroborate,CCCC[n+]1ccc(C)cc1.F[B-](F)(F)F,[C4MPy][BF4],n-propylbenzene,CCCc1ccccc1,aromatic,n-heptadecane,CCCCCCCCCCCCCCCCC,alkane,0.75890005,0.23800002,0.0031000003,0.0,0.6368,0.3632,101.325,1.0,102,333.0,9.800000000000011,above,5-10 K,0.8022604,0.18257292,0.015166637,0.0026610238,0.53046495,0.4668741
no,1-butyl-4-methylpyridinium tetrafluoroborate,CCCC[n+]1ccc(C)cc1.F[B-](F)(F)F,[C4MPy][BF4],n-butylbenzene,CCCCc1ccccc1,aromatic,n-dodecane,CCCCCCCCCCCC,alkane,0.9648,0.0274,0.0078,0.0,0.0956,0.9044,101.325,0.0,105,333.0,9.800000000000011,above,5-10 K,0.95074916,0.044244755,0.0050061033,0.0020852634,0.32323265,0.6746821
no,1-butyl-4-methylpyridinium tetrafluoroborate,CCCC[n+]1ccc(C)cc1.F[B-](F)(F)F,[C4MPy][BF4],n-butylbenzene,CCCCc1ccccc1,aromatic,n-dodecane,CCCCCCCCCCCC,alkane,0.94,0.0524,0.0076,1e-04,0.1755,0.8244,101.325,0.07692308,105,333.0,9.800000000000011,above,5-10 K,0.94510347,0.0493521,0.0055444846,0.0021551908,0.33924505,0.6585997
no,1-butyl-4-methylpyridinium tetrafluoroborate,CCCC[n+]1ccc(C)cc1.F[B-](F)(F)F,[C4MPy][BF4],n-butylbenzene,CCCCc1ccccc1,aromatic,n-dodecane,CCCCCCCCCCCC,alkane,0.9172,0.0754,0.0074,1e-04,0.2436,0.7563,101.325,0.15384616,105,333.0,9.800000000000011,above,5-10 K,0.93875283,0.055103507,0.006143658,0.002223601,0.355838,0.64193845
no,1-butyl-4-methylpyridinium tetrafluoroborate,CCCC[n+]1ccc(C)cc1.F[B-](F)(F)F,[C4MPy][BF4],n-butylbenzene,CCCCc1ccccc1,aromatic,n-dodecane,CCCCCCCCCCCC,alkane,0.8963,0.0964,0.0073,0.0002,0.3015,0.6983,101.325,0.23076923,105,333.0,9.800000000000011,above,5-10 K,0.9319575,0.061256334,0.0067862472,0.0022945013,0.37240657,0.6252989
no,1-butyl-4-methylpyridinium tetrafluoroborate,CCCC[n+]1ccc(C)cc1.F[B-](F)(F)F,[C4MPy][BF4],n-butylbenzene,CCCCc1ccccc1,aromatic,n-dodecane,CCCCCCCCCCCC,alkane,0.8772,0.1157,0.0071,0.0003,0.3515,0.6482,101.325,0.30769232,105,333.0,9.800000000000011,above,5-10 K,0.92453426,0.067985095,0.0074807038,0.0023635689,0.38920873,0.6084277
no,1-butyl-4-methylpyridinium tetrafluoroborate,CCCC[n+]1ccc(C)cc1.F[B-](F)(F)F,[C4MPy][BF4],n-butylbenzene,CCCCc1ccccc1,aromatic,n-dodecane,CCCCCCCCCCCC,alkane,0.8595,0.1335,0.007,0.0003,0.3949,0.6048,101.325,0.3846154,105,333.0,9.800000000000011,above,5-10 K,0.91463983,0.07691939,0.008440823,0.0025130478,0.40734425,0.59014267
no,1-butyl-4-methylpyridinium tetrafluoroborate,CCCC[n+]1ccc(C)cc1.F[B-](F)(F)F,[C4MPy][BF4],n-butylbenzene,CCCCc1ccccc1,aromatic,n-dodecane,CCCCCCCCCCCC,alkane,0.8431,0.15,0.0069,0.0005,0.433,0.5665,101.325,0.46153846,105,333.0,9.800000000000011,above,5-10 K,0.90180224,0.08846751,0.009730175,0.0027410774,0.42655826,0.57070065
no,1-butyl-4-methylpyridinium tetrafluoroborate,CCCC[n+]1ccc(C)cc1.F[B-](F)(F)F,[C4MPy][BF4],n-butylbenzene,CCCCc1ccccc1,aromatic,n-dodecane,CCCCCCCCCCCC,alkane,0.828,0.1652,0.0068,0.0006,0.4666,0.5328,101.325,0.53846157,105,333.0,9.800000000000011,above,5-10 K,0.8915001,0.0978123,0.0106876,0.0028111353,0.44407108,0.55311775
no,1-butyl-4-methylpyridinium tetrafluoroborate,CCCC[n+]1ccc(C)cc1.F[B-](F)(F)F,[C4MPy][BF4],n-butylbenzene,CCCCc1ccccc1,aromatic,n-dodecane,CCCCCCCCCCCC,alkane,0.8138,0.1796,0.0066,0.0009,0.4967,0.5024,101.325,0.61538464,105,333.0,9.800000000000011,above,5-10 K,0.8803043,0.107973225,0.011722528,0.002880574,0.46164143,0.535478
no,1-butyl-4-methylpyridinium tetrafluoroborate,CCCC[n+]1ccc(C)cc1.F[B-](F)(F)F,[C4MPy][BF4],n-butylbenzene,CCCCc1ccccc1,aromatic,n-dodecane,CCCCCCCCCCCC,alkane,0.8005,0.193,0.0065,0.0009,0.5238,0.4753,101.325,0.6923077,105,333.0,9.800000000000011,above,5-10 K,0.86607695,0.12082059,0.013102544,0.0030983712,0.4791831,0.5177185
no,1-butyl-4-methylpyridinium tetrafluoroborate,CCCC[n+]1ccc(C)cc1.F[B-](F)(F)F,[C4MPy][BF4],n-butylbenzene,CCCCc1ccccc1,aromatic,n-dodecane,CCCCCCCCCCCC,alkane,0.7877,0.2059,0.0064,0.0011,0.5487,0.4502,101.325,0.7692308,105,333.0,9.800000000000011,above,5-10 K,0.8484257,0.13666984,0.014904413,0.0034924801,0.49613458,0.500373
no,1-butyl-4-methylpyridinium tetrafluoroborate,CCCC[n+]1ccc(C)cc1.F[B-](F)(F)F,[C4MPy][BF4],n-butylbenzene,CCCCc1ccccc1,aromatic,n-dodecane,CCCCCCCCCCCC,alkane,0.776,0.2177,0.0063,0.0014,0.5706,0.428,101.325,0.84615386,105,333.0,9.800000000000011,above,5-10 K,0.83374596,0.15000102,0.016253004,0.0035631948,0.51375425,0.48268256
no,1-butyl-4-methylpyridinium tetrafluoroborate,CCCC[n+]1ccc(C)cc1.F[B-](F)(F)F,[C4MPy][BF4],n-butylbenzene,CCCCc1ccccc1,aromatic,n-dodecane,CCCCCCCCCCCC,alkane,0.7649,0.2289,0.0062,0.0016,0.5908,0.4076,101.325,0.9230769,105,333.0,9.800000000000011,above,5-10 K,0.8180205,0.16428845,0.017691111,0.003630269,0.5312212,0.46514854
no,1-butyl-4-methylpyridinium tetrafluoroborate,CCCC[n+]1ccc(C)cc1.F[B-](F)(F)F,[C4MPy][BF4],n-butylbenzene,CCCCc1ccccc1,aromatic,n-dodecane,CCCCCCCCCCCC,alkane,0.7544,0.2395,0.0061,0.0019,0.6092,0.3889,101.325,1.0,105,333.0,9.800000000000011,above,5-10 K,0.81890714,0.16394876,0.01714404,0.0034322564,0.5378044,0.45876333
,1-butyl-3-methylimidazolium dicyanamide,CCCCn1cc[n+](C)c1.N#CN=C=[N-],[BMIm][N(CN)2],toluene,Cc1ccccc1,aromatic,n-heptane,CCCCCCC,alkane,0.981,0.0,0.019,0.001,0.0,0.999,101.325,0.0,120,328.15,4.949999999999989,above,0-5 K,0.9313066,0.06471238,0.003981054,0.0025881813,0.28428605,0.71312577
,1-butyl-3-methylimidazolium dicyanamide,CCCCn1cc[n+](C)c1.N#CN=C=[N-],[BMIm][N(CN)2],toluene,Cc1ccccc1,aromatic,n-heptane,CCCCCCC,alkane,0.944,0.039,0.017,0.001,0.07,0.929,101.325,0.16666667,120,328.15,4.949999999999989,above,0-5 K,0.91328335,0.08176294,0.004953696,0.0028037196,0.3254349,0.6717614
,1-butyl-3-methylimidazolium dicyanamide,CCCCn1cc[n+](C)c1.N#CN=C=[N-],[BMIm][N(CN)2],toluene,Cc1ccccc1,aromatic,n-heptane,CCCCCCC,alkane,0.901,0.084,0.015,0.001,0.163,0.836,101.325,0.33333334,120,328.15,4.949999999999989,above,0-5 K,0.89123917,0.10263283,0.006127889,0.003006684,0.36933094,0.62766236
,1-butyl-3-methylimidazolium dicyanamide,CCCCn1cc[n+](C)c1.N#CN=C=[N-],[BMIm][N(CN)2],toluene,Cc1ccccc1,aromatic,n-heptane,CCCCCCC,alkane,0.838,0.15,0.012,0.001,0.318,0.681,101.325,0.5,120,328.15,4.949999999999989,above,0-5 K,0.8645595,0.12791346,0.007527041,0.0031899526,0.41556355,0.58124644
,1-butyl-3-methylimidazolium dicyanamide,CCCCn1cc[n+](C)c1.N#CN=C=[N-],[BMIm][N(CN)2],toluene,Cc1ccccc1,aromatic,n-heptane,CCCCCCC,alkane,0.778,0.213,0.009,0.001,0.492,0.507,101.325,0.6666667,120,328.15,4.949999999999989,above,0-5 K,0.8322988,0.15851307,0.009188148,0.003362392,0.4634701,0.53316754
,1-butyl-3-methylimidazolium dicyanamide,CCCCn1cc[n+](C)c1.N#CN=C=[N-],[BMIm][N(CN)2],toluene,Cc1ccccc1,aromatic,n-heptane,CCCCCCC,alkane,0.698,0.295,0.007,0.001,0.705,0.294,101.325,0.8333333,120,328.15,4.949999999999989,above,0-5 K,0.79409176,0.1947892,0.011118994,0.0035092947,0.5122008,0.4842899
,1-butyl-3-methylimidazolium dicyanamide,CCCCn1cc[n+](C)c1.N#CN=C=[N-],[BMIm][N(CN)2],toluene,Cc1ccccc1,aromatic,n-heptane,CCCCCCC,alkane,0.533,0.467,0.0,0.001,0.999,0.0,101.325,1.0,120,328.15,4.949999999999989,above,0-5 K,0.7486091,0.23828363,0.013107218,0.0034416474,0.56504416,0.43151417
,3-methyl-N-butylpyridinium dicyanamide,CCCC[n+]1cccc(C)c1.N#CN=C=[N-],[C4MPy][N(CN)2],benzene,c1ccccc1,aromatic,n-hexane,CCCCCC,alkane,0.97,0.0,0.03,0.001,0.0,0.999,101.325,0.0,122,328.15,4.949999999999989,above,0-5 K,0.8552574,0.13684325,0.007899373,0.0034619544,0.23111872,0.76541936
,3-methyl-N-butylpyridinium dicyanamide,CCCC[n+]1cccc(C)c1.N#CN=C=[N-],[C4MPy][N(CN)2],benzene,c1ccccc1,aromatic,n-hexane,CCCCCC,alkane,0.885,0.09,0.025,0.001,0.081,0.918,101.325,0.11111111,122,328.15,4.949999999999989,above,0-5 K,0.8332156,0.15778013,0.009004338,0.0036060046,0.25664294,0.73975104
,3-methyl-N-butylpyridinium dicyanamide,CCCC[n+]1cccc(C)c1.N#CN=C=[N-],[C4MPy][N(CN)2],benzene,c1ccccc1,aromatic,n-hexane,CCCCCC,alkane,0.829,0.147,0.024,0.001,0.148,0.851,101.325,0.22222222,122,328.15,4.949999999999989,above,0-5 K,0.8083247,0.1814624,0.0102128675,0.0036723262,0.284357,0.7119707
,3-methyl-N-butylpyridinium dicyanamide,CCCC[n+]1cccc(C)c1.N#CN=C=[N-],[C4MPy][N(CN)2],benzene,c1ccccc1,aromatic,n-hexane,CCCCCC,alkane,0.752,0.222,0.026,0.0,0.237,0.763,101.325,0.33333334,122,328.15,4.949999999999989,above,0-5 K,0.78123707,0.20720208,0.011560865,0.0038662783,0.31302854,0.68310523
,3-methyl-N-butylpyridinium dicyanamide,CCCC[n+]1cccc(C)c1.N#CN=C=[N-],[C4MPy][N(CN)2],benzene,c1ccccc1,aromatic,n-hexane,CCCCCC,alkane,0.694,0.283,0.023,0.0,0.331,0.669,101.325,0.44444445,122,328.15,4.949999999999989,above,0-5 K,0.7514815,0.2354896,0.013028978,0.004055213,0.34328997,0.6526548
,3-methyl-N-butylpyridinium dicyanamide,CCCC[n+]1cccc(C)c1.N#CN=C=[N-],[C4MPy][N(CN)2],benzene,c1ccccc1,aromatic,n-hexane,CCCCCC,alkane,0.633,0.345,0.022,0.001,0.432,0.567,101.325,0.5555556,122,328.15,4.949999999999989,above,0-5 K,0.7199834,0.2649292,0.015087433,0.0051068286,0.36869362,0.62619954
,3-methyl-N-butylpyridinium dicyanamide,CCCC[n+]1cccc(C)c1.N#CN=C=[N-],[C4MPy][N(CN)2],benzene,c1ccccc1,aromatic,n-hexane,CCCCCC,alkane,0.565,0.414,0.021,0.001,0.545,0.454,101.325,0.6666667,122,328.15,4.949999999999989,above,0-5 K,0.6869795,0.29597348,0.017047027,0.00583782,0.39727938,0.59688276
,3-methyl-N-butylpyridinium dicyanamide,CCCC[n+]1cccc(C)c1.N#CN=C=[N-],[C4MPy][N(CN)2],benzene,c1ccccc1,aromatic,n-hexane,CCCCCC,alkane,0.56,0.42,0.02,0.001,0.641,0.358,101.325,0.7777778,122,328.15,4.949999999999989,above,0-5 K,0.6510525,0.33008596,0.018861618,0.006042281,0.42990753,0.5640502
,3-methyl-N-butylpyridinium dicyanamide,CCCC[n+]1cccc(C)c1.N#CN=C=[N-],[C4MPy][N(CN)2],benzene,c1ccccc1,aromatic,n-hexane,CCCCCC,alkane,0.448,0.536,0.016,0.0,0.761,0.239,101.325,0.8888889,122,328.15,4.949999999999989,above,0-5 K,0.61360395,0.3656719,0.020724071,0.0062211454,0.46299466,0.5307842
,3-methyl-N-butylpyridinium dicyanamide,CCCC[n+]1cccc(C)c1.N#CN=C=[N-],[C4MPy][N(CN)2],benzene,c1ccccc1,aromatic,n-hexane,CCCCCC,alkane,0.3,0.7,0.0,0.001,0.999,0.0,101.325,1.0,122,328.15,4.949999999999989,above,0-5 K,0.5746764,0.40268356,0.022639971,0.00637596,0.49644682,0.49717724
,3-methyl-N-butylpyridinium dicyanamide,CCCC[n+]1cccc(C)c1.N#CN=C=[N-],[C4MPy][N(CN)2],toluene,Cc1ccccc1,aromatic,n-heptane,CCCCCCC,alkane,0.978,0.0,0.022,0.001,0.0,0.999,101.325,0.0,124,328.15,4.949999999999989,above,0-5 K,0.91465545,0.08083353,0.0045110206,0.0031863046,0.2575552,0.7392585
,3-methyl-N-butylpyridinium dicyanamide,CCCC[n+]1cccc(C)c1.N#CN=C=[N-],[C4MPy][N(CN)2],toluene,Cc1ccccc1,aromatic,n-heptane,CCCCCCC,alkane,0.927,0.051,0.022,0.001,0.071,0.928,101.325,0.2,124,328.15,4.949999999999989,above,0-5 K,0.88836616,0.105832785,0.005801098,0.0035232508,0.30447873,0.69199806
,3-methyl-N-butylpyridinium dicyanamide,CCCC[n+]1cccc(C)c1.N#CN=C=[N-],[C4MPy][N(CN)2],toluene,Cc1ccccc1,aromatic,n-heptane,CCCCCCC,alkane,0.886,0.093,0.021,0.001,0.141,0.858,101.325,0.4,124,328.15,4.949999999999989,above,0-5 K,0.8568565,0.13583788,0.0073056407,0.0037306573,0.35527137,0.640998
,3-methyl-N-butylpyridinium dicyanamide,CCCC[n+]1cccc(C)c1.N#CN=C=[N-],[C4MPy][N(CN)2],toluene,Cc1ccccc1,aromatic,n-heptane,CCCCCCC,alkane,0.802,0.177,0.021,0.001,0.291,0.708,101.325,0.6,124,328.15,4.949999999999989,above,0-5 K,0.8172305,0.17360769,0.0091618225,0.0039595007,0.41009128,0.5859492
,3-methyl-N-butylpyridinium dicyanamide,CCCC[n+]1cccc(C)c1.N#CN=C=[N-],[C4MPy][N(CN)2],toluene,Cc1ccccc1,aromatic,n-heptane,CCCCCCC,alkane,0.70100003,0.28000003,0.019000001,0.001,0.445,0.554,101.325,0.8,124,328.15,4.949999999999989,above,0-5 K,0.7686415,0.21995726,0.011401228,0.0042102262,0.4675003,0.52828956
,3-methyl-N-butylpyridinium dicyanamide,CCCC[n+]1cccc(C)c1.N#CN=C=[N-],[C4MPy][N(CN)2],toluene,Cc1ccccc1,aromatic,n-heptane,CCCCCCC,alkane,0.57500005,0.40600002,0.019000001,0.001,0.734,0.265,101.325,1.0,124,328.15,4.949999999999989,above,0-5 K,0.7117588,0.27427527,0.0139659075,0.004412752,0.52571964,0.4698676
,3-methyl-N-butylpyridinium dicyanamide,CCCC[n+]1cccc(C)c1.N#CN=C=[N-],[C4MPy][N(CN)2],p-xylene,Cc1ccc(C)cc1,aromatic,n-hexane,CCCCCC,alkane,0.974,0.0,0.026,0.0,0.0,1.0,101.325,0.0,126,328.15,4.949999999999989,above,0-5 K,0.92906463,0.06696204,0.003973372,0.0028624104,0.276503,0.72063464
,3-methyl-N-butylpyridinium dicyanamide,CCCC[n+]1cccc(C)c1.N#CN=C=[N-],[C4MPy][N(CN)2],p-xylene,Cc1ccc(C)cc1,aromatic,n-hexane,CCCCCC,alkane,0.939,0.034,0.027,0.0,0.071,0.929,101.325,0.1,126,328.15,4.949999999999989,above,0-5 K,0.9186898,0.076795444,0.00451479,0.003006883,0.29942822,0.6975649
,3-methyl-N-butylpyridinium dicyanamide,CCCC[n+]1cccc(C)c1.N#CN=C=[N-],[C4MPy][N(CN)2],p-xylene,Cc1ccc(C)cc1,aromatic,n-hexane,CCCCCC,alkane,0.901,0.071,0.028,0.0,0.145,0.855,101.325,0.2,126,328.15,4.949999999999989,above,0-5 K,0.90693706,0.087940365,0.005122562,0.003150785,0.3234556,0.6733936
,3-methyl-N-butylpyridinium dicyanamide,CCCC[n+]1cccc(C)c1.N#CN=C=[N-],[C4MPy][N(CN)2],p-xylene,Cc1ccc(C)cc1,aromatic,n-hexane,CCCCCC,alkane,0.87600005,0.09900001,0.025000002,0.0,0.226,0.774,101.325,0.3,126,328.15,4.949999999999989,above,0-5 K,0.89215314,0.102091394,0.0057554753,0.0030711533,0.35276496,0.6441639
,3-methyl-N-butylpyridinium dicyanamide,CCCC[n+]1cccc(C)c1.N#CN=C=[N-],[C4MPy][N(CN)2],p-xylene,Cc1ccc(C)cc1,aromatic,n-hexane,CCCCCC,alkane,0.841,0.135,0.024,0.0,0.322,0.678,101.325,0.4,126,328.15,4.949999999999989,above,0-5 K,0.876194,0.11732609,0.0064798975,0.0030875034,0.3811377,0.61577475
,3-methyl-N-butylpyridinium dicyanamide,CCCC[n+]1cccc(C)c1.N#CN=C=[N-],[C4MPy][N(CN)2],p-xylene,Cc1ccc(C)cc1,aromatic,n-hexane,CCCCCC,alkane,0.816,0.162,0.022,0.0,0.395,0.605,101.325,0.5,126,328.15,4.949999999999989,above,0-5 K,0.85922337,0.1334723,0.0073042754,0.003204362,0.4080962,0.58869946
,3-methyl-N-butylpyridinium dicyanamide,CCCC[n+]1cccc(C)c1.N#CN=C=[N-],[C4MPy][N(CN)2],p-xylene,Cc1ccc(C)cc1,aromatic,n-hexane,CCCCCC,alkane,0.761,0.216,0.023,0.0,0.504,0.496,101.325,0.6,126,328.15,4.949999999999989,above,0-5 K,0.8400297,0.15180084,0.008169457,0.0031524375,0.43723455,0.559613
,3-methyl-N-butylpyridinium dicyanamide,CCCC[n+]1cccc(C)c1.N#CN=C=[N-],[C4MPy][N(CN)2],p-xylene,Cc1ccc(C)cc1,aromatic,n-hexane,CCCCCC,alkane,0.723,0.259,0.018,0.0,0.639,0.361,101.325,0.7,126,328.15,4.949999999999989,above,0-5 K,0.8190861,0.17175332,0.0091605475,0.003249203,0.46523437,0.53151643
,3-methyl-N-butylpyridinium dicyanamide,CCCC[n+]1cccc(C)c1.N#CN=C=[N-],[C4MPy][N(CN)2],p-xylene,Cc1ccc(C)cc1,aromatic,n-hexane,CCCCCC,alkane,0.712,0.274,0.014,0.0,0.735,0.265,101.325,0.8,126,328.15,4.949999999999989,above,0-5 K,0.7962625,0.19351105,0.010226436,0.0033373188,0.49325672,0.503406
,3-methyl-N-butylpyridinium dicyanamide,CCCC[n+]1cccc(C)c1.N#CN=C=[N-],[C4MPy][N(CN)2],p-xylene,Cc1ccc(C)cc1,aromatic,n-hexane,CCCCCC,alkane,0.68200004,0.30700004,0.011000001,0.0,0.802,0.198,101.325,0.9,126,328.15,4.949999999999989,above,0-5 K,0.77117807,0.21743186,0.011390123,0.003418002,0.5215061,0.47507593
,3-methyl-N-butylpyridinium dicyanamide,CCCC[n+]1cccc(C)c1.N#CN=C=[N-],[C4MPy][N(CN)2],p-xylene,Cc1ccc(C)cc1,aromatic,n-hexane,CCCCCC,alkane,0.619,0.381,0.0,0.0,1.0,0.0,101.325,1.0,126,328.15,4.949999999999989,above,0-5 K,0.74413455,0.2432398,0.012625646,0.003488258,0.54950356,0.44700816
,3-methyl-N-butylpyridinium dicyanamide,CCCC[n+]1cccc(C)c1.N#CN=C=[N-],[C4MPy][N(CN)2],cumene,CC(C)c1ccccc1,aromatic,n-nonane,CCCCCCCCC,alkane,0.9922,0.0,0.0078,0.001,0.0,0.999,101.325,0.0,128,328.15,4.949999999999989,above,0-5 K,0.94218355,0.05284857,0.0049679186,0.0024739176,0.3008679,0.69665825
,3-methyl-N-butylpyridinium dicyanamide,CCCC[n+]1cccc(C)c1.N#CN=C=[N-],[C4MPy][N(CN)2],cumene,CC(C)c1ccccc1,aromatic,n-nonane,CCCCCCCCC,alkane,0.9685,0.024,0.0075,0.002,0.082,0.916,101.325,0.11111111,128,328.15,4.949999999999989,above,0-5 K,0.93277436,0.0614995,0.005726119,0.0026028184,0.32394192,0.67345524
,3-methyl-N-butylpyridinium dicyanamide,CCCC[n+]1cccc(C)c1.N#CN=C=[N-],[C4MPy][N(CN)2],cumene,CC(C)c1ccccc1,aromatic,n-nonane,CCCCCCCCC,alkane,0.9447,0.048,0.0073,0.001,0.178,0.821,101.325,0.22222222,128,328.15,4.949999999999989,above,0-5 K,0.9196954,0.07369554,0.006609065,0.0024392242,0.35338345,0.64417726
,3-methyl-N-butylpyridinium dicyanamide,CCCC[n+]1cccc(C)c1.N#CN=C=[N-],[C4MPy][N(CN)2],cumene,CC(C)c1ccccc1,aromatic,n-nonane,CCCCCCCCC,alkane,0.9242,0.069,0.0068,0.002,0.267,0.731,101.325,0.33333334,128,328.15,4.949999999999989,above,0-5 K,0.90691704,0.0854906,0.0075923456,0.0025511999,0.37853122,0.6189175
,3-methyl-N-butylpyridinium dicyanamide,CCCC[n+]1cccc(C)c1.N#CN=C=[N-],[C4MPy][N(CN)2],cumene,CC(C)c1ccccc1,aromatic,n-nonane,CCCCCCCCC,alkane,0.90430003,0.08900001,0.0067000003,0.002,0.358,0.64,101.325,0.44444445,128,328.15,4.949999999999989,above,0-5 K,0.89233464,0.09896233,0.008703052,0.0026614172,0.40439823,0.59294045
,3-methyl-N-butylpyridinium dicyanamide,CCCC[n+]1cccc(C)c1.N#CN=C=[N-],[C4MPy][N(CN)2],cumene,CC(C)c1ccccc1,aromatic,n-nonane,CCCCCCCCC,alkane,0.8837,0.11,0.0063,0.002,0.454,0.544,101.325,0.5555556,128,328.15,4.949999999999989,above,0-5 K,0.87598705,0.11407425,0.009938766,0.0027614792,0.43068352,0.5665551
,3-methyl-N-butylpyridinium dicyanamide,CCCC[n+]1cccc(C)c1.N#CN=C=[N-],[C4MPy][N(CN)2],cumene,CC(C)c1ccccc1,aromatic,n-nonane,CCCCCCCCC,alkane,0.8597,0.135,0.0053,0.001,0.56,0.439,101.325,0.6666667,128,328.15,4.949999999999989,above,0-5 K,0.85752165,0.13116105,0.01131732,0.0028595377,0.45734003,0.53980047
,3-methyl-N-butylpyridinium dicyanamide,CCCC[n+]1cccc(C)c1.N#CN=C=[N-],[C4MPy][N(CN)2],cumene,CC(C)c1ccccc1,aromatic,n-nonane,CCCCCCCCC,alkane,0.8344,0.161,0.0046,0.001,0.655,0.344,101.325,0.7777778,128,328.15,4.949999999999989,above,0-5 K,0.8365719,0.15056467,0.012863548,0.0029566956,0.4844542,0.51258904
,3-methyl-N-butylpyridinium dicyanamide,CCCC[n+]1cccc(C)c1.N#CN=C=[N-],[C4MPy][N(CN)2],cumene,CC(C)c1ccccc1,aromatic,n-nonane,CCCCCCCCC,alkane,0.8218,0.175,0.0032,0.002,0.778,0.22,101.325,0.8888889,128,328.15,4.949999999999989,above,0-5 K,0.81368554,0.17177573,0.014538791,0.0030390718,0.5113346,0.48562628
,3-methyl-N-butylpyridinium dicyanamide,CCCC[n+]1cccc(C)c1.N#CN=C=[N-],[C4MPy][N(CN)2],cumene,CC(C)c1ccccc1,aromatic,n-nonane,CCCCCCCCC,alkane,0.81560004,0.18200001,0.0024000003,0.001,0.841,0.158,101.325,1.0,128,328.15,4.949999999999989,above,0-5 K,0.78815365,0.19546495,0.016381422,0.003119139,0.53828967,0.4585912
,1-butyl-3-methylimidazolium thiocyanate,CCCCn1cc[n+](C)c1.N#C[S-],[C4MIm][SCN],toluene,Cc1ccccc1,aromatic,n-heptane,CCCCCCC,alkane,0.991,0.0,0.009,0.001,0.0,0.999,101.325,0.0,137,328.15,4.949999999999989,above,0-5 K,0.9287984,0.06678357,0.00441804,0.0026345914,0.27538157,0.72198385
,1-butyl-3-methylimidazolium thiocyanate,CCCCn1cc[n+](C)c1.N#C[S-],[C4MIm][SCN],toluene,Cc1ccccc1,aromatic,n-heptane,CCCCCCC,alkane,0.953,0.035,0.012,0.001,0.077,0.922,101.325,0.16666667,137,328.15,4.949999999999989,above,0-5 K,0.9106592,0.08386526,0.0054756314,0.0028515025,0.3151279,0.6820206
,1-butyl-3-methylimidazolium thiocyanate,CCCCn1cc[n+](C)c1.N#C[S-],[C4MIm][SCN],toluene,Cc1ccccc1,aromatic,n-heptane,CCCCCCC,alkane,0.932,0.059,0.009,0.001,0.153,0.846,101.325,0.33333334,137,328.15,4.949999999999989,above,0-5 K,0.8883737,0.104872465,0.00675377,0.0030634692,0.35795125,0.6389853
,1-butyl-3-methylimidazolium thiocyanate,CCCCn1cc[n+](C)c1.N#C[S-],[C4MIm][SCN],toluene,Cc1ccccc1,aromatic,n-heptane,CCCCCCC,alkane,0.86800003,0.12200001,0.010000001,0.001,0.335,0.664,101.325,0.5,137,328.15,4.949999999999989,above,0-5 K,0.8612497,0.1304672,0.008283118,0.0032656137,0.4033793,0.59335506
,1-butyl-3-methylimidazolium thiocyanate,CCCCn1cc[n+](C)c1.N#C[S-],[C4MIm][SCN],toluene,Cc1ccccc1,aromatic,n-heptane,CCCCCCC,alkane,0.81,0.183,0.007,0.001,0.548,0.451,101.325,0.6666667,137,328.15,4.949999999999989,above,0-5 K,0.82980126,0.1600725,0.010126228,0.0037007811,0.44742158,0.5488776
,1-butyl-3-methylimidazolium thiocyanate,CCCCn1cc[n+](C)c1.N#C[S-],[C4MIm][SCN],toluene,Cc1ccccc1,aromatic,n-heptane,CCCCCCC,alkane,0.744,0.251,0.005,0.001,0.747,0.252,101.325,0.8333333,137,328.15,4.949999999999989,above,0-5 K,0.79272276,0.19504763,0.01222962,0.0040106503,0.49361625,0.50237304
,1-butyl-3-methylimidazolium thiocyanate,CCCCn1cc[n+](C)c1.N#C[S-],[C4MIm][SCN],toluene,Cc1ccccc1,aromatic,n-heptane,CCCCCCC,alkane,0.622,0.378,0.0,0.001,0.999,0.0,101.325,1.0,137,328.15,4.949999999999989,above,0-5 K,0.74971646,0.23570724,0.014576301,0.0041574896,0.54110837,0.45473415
,3-methyl-N-butylpyridinium trifluoromethanesulfonate,CCCC[n+]1cccc(C)c1.O=S(=O)([O-])C(F)(F)F,[C4MPy][B(CN)4],benzene,c1ccccc1,aromatic,n-hexane,CCCCCC,alkane,0.9104,0.0,0.0896,0.001,0.0,0.999,101.325,0.0,157,328.2,5.0,above,0-5 K,0.86537063,0.1274449,0.0071844994,0.0030869378,0.21168967,0.7852234
,3-methyl-N-butylpyridinium trifluoromethanesulfonate,CCCC[n+]1cccc(C)c1.O=S(=O)([O-])C(F)(F)F,[C4MPy][B(CN)4],benzene,c1ccccc1,aromatic,n-hexane,CCCCCC,alkane,0.79937994,0.10521052,0.09540954,0.0013,0.0506,0.9481,101.325,0.071428575,157,328.2,5.0,above,0-5 K,0.85240775,0.1397574,0.007834825,0.0032123323,0.22664288,0.77014476
,3-methyl-N-butylpyridinium trifluoromethanesulfonate,CCCC[n+]1cccc(C)c1.O=S(=O)([O-])C(F)(F)F,[C4MPy][B(CN)4],benzene,c1ccccc1,aromatic,n-hexane,CCCCCC,alkane,0.7309,0.1766,0.0925,0.001,0.0964,0.9026,101.325,0.14285715,157,328.2,5.0,above,0-5 K,0.8382797,0.15318014,0.0085401395,0.0033415973,0.24249154,0.7541668
,3-methyl-N-butylpyridinium trifluoromethanesulfonate,CCCC[n+]1cccc(C)c1.O=S(=O)([O-])C(F)(F)F,[C4MPy][B(CN)4],benzene,c1ccccc1,aromatic,n-hexane,CCCCCC,alkane,0.6695,0.2429,0.0876,0.001,0.1407,0.8583,101.325,0.21428572,157,328.2,5.0,above,0-5 K,0.82338786,0.16733176,0.009280444,0.0034641083,0.25882524,0.73771065
,3-methyl-N-butylpyridinium trifluoromethanesulfonate,CCCC[n+]1cccc(C)c1.O=S(=O)([O-])C(F)(F)F,[C4MPy][B(CN)4],benzene,c1ccccc1,aromatic,n-hexane,CCCCCC,alkane,0.6042,0.3045,0.0913,0.001,0.1836,0.8154,101.325,0.2857143,157,328.2,5.0,above,0-5 K,0.8072998,0.18262792,0.010072258,0.0035881572,0.27598017,0.7204316
,3-methyl-N-butylpyridinium trifluoromethanesulfonate,CCCC[n+]1cccc(C)c1.O=S(=O)([O-])C(F)(F)F,[C4MPy][B(CN)4],benzene,c1ccccc1,aromatic,n-hexane,CCCCCC,alkane,0.5062,0.4173,0.0765,0.001,0.2935,0.7055,101.325,0.35714287,157,328.2,5.0,above,0-5 K,0.78991604,0.19915849,0.01092548,0.0037166208,0.29402164,0.70226175
,3-methyl-N-butylpyridinium trifluoromethanesulfonate,CCCC[n+]1cccc(C)c1.O=S(=O)([O-])C(F)(F)F,[C4MPy][B(CN)4],benzene,c1ccccc1,aromatic,n-hexane,CCCCCC,alkane,0.4418,0.4833,0.0749,0.00090009003,0.37443745,0.62466246,101.325,0.42857143,157,328.2,5.0,above,0-5 K,0.771712,0.21647815,0.011809907,0.003836914,0.31247097,0.68369216
,3-methyl-N-butylpyridinium trifluoromethanesulfonate,CCCC[n+]1cccc(C)c1.O=S(=O)([O-])C(F)(F)F,[C4MPy][B(CN)4],benzene,c1ccccc1,aromatic,n-hexane,CCCCCC,alkane,0.3641,0.5729,0.063,0.0012001201,0.5028503,0.4959496,101.325,0.5,157,328.2,5.0,above,0-5 K,0.75245625,0.23480015,0.012743623,0.0039503775,0.3315972,0.66445243
,3-methyl-N-butylpyridinium trifluoromethanesulfonate,CCCC[n+]1cccc(C)c1.O=S(=O)([O-])C(F)(F)F,[C4MPy][B(CN)4],benzene,c1ccccc1,aromatic,n-hexane,CCCCCC,alkane,0.35296467,0.58324164,0.06379362,0.00090009003,0.5275527,0.4715472,101.325,0.5714286,157,328.2,5.0,above,0-5 K,0.731915,0.25435877,0.013726265,0.004067342,0.35140133,0.64453125
,3-methyl-N-butylpyridinium trifluoromethanesulfonate,CCCC[n+]1cccc(C)c1.O=S(=O)([O-])C(F)(F)F,[C4MPy][B(CN)4],benzene,c1ccccc1,aromatic,n-hexane,CCCCCC,alkane,0.30290002,0.64220005,0.054900005,0.00090000004,0.63530004,0.36380002,101.325,0.64285713,157,328.2,5.0,above,0-5 K,0.7036574,0.28124568,0.0150969215,0.004178661,0.37548542,0.62033594
,3-methyl-N-butylpyridinium trifluoromethanesulfonate,CCCC[n+]1cccc(C)c1.O=S(=O)([O-])C(F)(F)F,[C4MPy][B(CN)4],benzene,c1ccccc1,aromatic,n-hexane,CCCCCC,alkane,0.23797621,0.7163284,0.045695428,0.0009,0.7846,0.2145,101.325,0.71428573,157,328.2,5.0,above,0-5 K,0.66724783,0.31588173,0.016870398,0.0042282958,0.4037203,0.5920514
,3-methyl-N-butylpyridinium trifluoromethanesulfonate,CCCC[n+]1cccc(C)c1.O=S(=O)([O-])C(F)(F)F,[C4MPy][B(CN)4],benzene,c1ccccc1,aromatic,n-hexane,CCCCCC,alkane,0.2391,0.7266,0.0343,0.0012,0.838,0.1608,101.325,0.78571427,157,328.2,5.0,above,0-5 K,0.64294773,0.3390413,0.018010965,0.0043237545,0.42521402,0.5704622
,3-methyl-N-butylpyridinium trifluoromethanesulfonate,CCCC[n+]1cccc(C)c1.O=S(=O)([O-])C(F)(F)F,[C4MPy][B(CN)4],benzene,c1ccccc1,aromatic,n-hexane,CCCCCC,alkane,0.211,0.763,0.026,0.0009,0.8916,0.1075,101.325,0.85714287,157,328.2,5.0,above,0-5 K,0.6164505,0.3643128,0.019236716,0.004331357,0.44824758,0.54742104
,3-methyl-N-butylpyridinium trifluoromethanesulfonate,CCCC[n+]1cccc(C)c1.O=S(=O)([O-])C(F)(F)F,[C4MPy][B(CN)4],benzene,c1ccccc1,aromatic,n-hexane,CCCCCC,alkane,0.1958,0.7882,0.016,0.0009,0.9397,0.0594,101.325,0.9285714,157,328.2,5.0,above,0-5 K,0.5877434,0.39170837,0.020548182,0.0042339577,0.47304222,0.5227238
,3-methyl-N-butylpyridinium trifluoromethanesulfonate,CCCC[n+]1cccc(C)c1.O=S(=O)([O-])C(F)(F)F,[C4MPy][B(CN)4],benzene,c1ccccc1,aromatic,n-hexane,CCCCCC,alkane,0.1647,0.8353,0.0,0.0009,0.9991,0.0,101.325,1.0,157,328.2,5.0,above,0-5 K,0.5614735,0.41677663,0.021749921,0.004301694,0.49511173,0.50058657
,3-methyl-N-butylpyridinium trifluoromethanesulfonate,CCCC[n+]1cccc(C)c1.O=S(=O)([O-])C(F)(F)F,[C4MPy][B(CN)4],toluene,Cc1ccccc1,aromatic,n-heptane,CCCCCCC,alkane,0.9498,0.0195,0.0307,0.0011,0.0,0.9989,101.325,0.0,159,328.2,5.0,above,0-5 K,0.8851443,0.10936962,0.0054860413,0.002569377,0.24634765,0.75108296
,3-methyl-N-butylpyridinium trifluoromethanesulfonate,CCCC[n+]1cccc(C)c1.O=S(=O)([O-])C(F)(F)F,[C4MPy][B(CN)4],toluene,Cc1ccccc1,aromatic,n-heptane,CCCCCCC,alkane,0.7669,0.1882,0.0449,0.0011,0.1528,0.8461,101.325,0.083333336,159,328.2,5.0,above,0-5 K,0.872985,0.121042065,0.005973019,0.0027085226,0.2649731,0.73231834
,3-methyl-N-butylpyridinium trifluoromethanesulfonate,CCCC[n+]1cccc(C)c1.O=S(=O)([O-])C(F)(F)F,[C4MPy][B(CN)4],toluene,Cc1ccccc1,aromatic,n-heptane,CCCCCCC,alkane,0.7326,0.2236,0.0438,0.0011,0.1941,0.8048,101.325,0.16666667,159,328.2,5.0,above,0-5 K,0.85816276,0.13521673,0.006620499,0.0028258497,0.28504524,0.712129
,3-methyl-N-butylpyridinium trifluoromethanesulfonate,CCCC[n+]1cccc(C)c1.O=S(=O)([O-])C(F)(F)F,[C4MPy][B(CN)4],toluene,Cc1ccccc1,aromatic,n-heptane,CCCCCCC,alkane,0.7019,0.2554,0.0427,0.0011,0.2226,0.7763,101.325,0.25,159,328.2,5.0,above,0-5 K,0.83989286,0.1524674,0.0076397886,0.003414982,0.3032324,0.6933526
,3-methyl-N-butylpyridinium trifluoromethanesulfonate,CCCC[n+]1cccc(C)c1.O=S(=O)([O-])C(F)(F)F,[C4MPy][B(CN)4],toluene,Cc1ccccc1,aromatic,n-heptane,CCCCCCC,alkane,0.6606,0.294,0.0454,0.0011,0.2603,0.7386,101.325,0.33333334,159,328.2,5.0,above,0-5 K,0.8188239,0.1720302,0.009146007,0.0047877235,0.31841552,0.6767967
,3-methyl-N-butylpyridinium trifluoromethanesulfonate,CCCC[n+]1cccc(C)c1.O=S(=O)([O-])C(F)(F)F,[C4MPy][B(CN)4],toluene,Cc1ccccc1,aromatic,n-heptane,CCCCCCC,alkane,0.59765977,0.36133614,0.041004103,0.0011,0.3433,0.6556,101.325,0.41666666,159,328.2,5.0,above,0-5 K,0.79988194,0.19008347,0.010034584,0.004962983,0.340001,0.65503603
,3-methyl-N-butylpyridinium trifluoromethanesulfonate,CCCC[n+]1cccc(C)c1.O=S(=O)([O-])C(F)(F)F,[C4MPy][B(CN)4],toluene,Cc1ccccc1,aromatic,n-heptane,CCCCCCC,alkane,0.5912409,0.369863,0.03889611,0.0011,0.3546,0.6443,101.325,0.5,159,328.2,5.0,above,0-5 K,0.7796275,0.20939302,0.010979558,0.005134227,0.36213928,0.6327265
,3-methyl-N-butylpyridinium trifluoromethanesulfonate,CCCC[n+]1cccc(C)c1.O=S(=O)([O-])C(F)(F)F,[C4MPy][B(CN)4],toluene,Cc1ccccc1,aromatic,n-heptane,CCCCCCC,alkane,0.54234576,0.42045796,0.03719628,0.0011,0.3986,0.6003,101.325,0.5833333,159,328.2,5.0,above,0-5 K,0.7579268,0.23009132,0.011981912,0.005296948,0.38493788,0.6097652
,3-methyl-N-butylpyridinium trifluoromethanesulfonate,CCCC[n+]1cccc(C)c1.O=S(=O)([O-])C(F)(F)F,[C4MPy][B(CN)4],toluene,Cc1ccccc1,aromatic,n-heptane,CCCCCCC,alkane,0.4758,0.4893,0.0349,0.00070007,0.49154916,0.5077508,101.325,0.6666667,159,328.2,5.0,above,0-5 K,0.7349455,0.25201944,0.013035115,0.00545249,0.4081206,0.5864269
,3-methyl-N-butylpyridinium trifluoromethanesulfonate,CCCC[n+]1cccc(C)c1.O=S(=O)([O-])C(F)(F)F,[C4MPy][B(CN)4],toluene,Cc1ccccc1,aromatic,n-heptane,CCCCCCC,alkane,0.3637,0.61,0.0263,0.00109989,0.64653534,0.35236475,101.325,0.75,159,328.2,5.0,above,0-5 K,0.7105251,0.2753293,0.014145619,0.005598817,0.43180582,0.5625954
,3-methyl-N-butylpyridinium trifluoromethanesulfonate,CCCC[n+]1cccc(C)c1.O=S(=O)([O-])C(F)(F)F,[C4MPy][B(CN)4],toluene,Cc1ccccc1,aromatic,n-heptane,CCCCCCC,alkane,0.30476952,0.66913307,0.02609739,0.00109989,0.7465253,0.25237477,101.325,0.8333333,159,328.2,5.0,above,0-5 K,0.69338274,0.29196128,0.014655956,0.0051789633,0.45561975,0.5392012
,3-methyl-N-butylpyridinium trifluoromethanesulfonate,CCCC[n+]1cccc(C)c1.O=S(=O)([O-])C(F)(F)F,[C4MPy][B(CN)4],toluene,Cc1ccccc1,aromatic,n-heptane,CCCCCCC,alkane,0.2723,0.711,0.0167,0.0011,0.842,0.1569,101.325,0.9166667,159,328.2,5.0,above,0-5 K,0.6860039,0.29947603,0.014519983,0.0043276995,0.4785619,0.5171104
,3-methyl-N-butylpyridinium trifluoromethanesulfonate,CCCC[n+]1cccc(C)c1.O=S(=O)([O-])C(F)(F)F,[C4MPy][B(CN)4],toluene,Cc1ccccc1,aromatic,n-heptane,CCCCCCC,alkane,0.2195,0.7714,0.0091,0.0011,0.9266,0.0723,101.325,1.0,159,328.2,5.0,above,0-5 K,0.65855104,0.32577565,0.01567327,0.004412598,0.5032045,0.49238288
,3-methyl-N-butylpyridinium trifluoromethanesulfonate,CCCC[n+]1cccc(C)c1.O=S(=O)([O-])C(F)(F)F,[C4MPy][B(CN)4],p-xylene,Cc1ccc(C)cc1,aromatic,n-octane,CCCCCCCC,alkane,0.9636,0.0,0.0364,0.0009,0.0,0.9991,101.325,0.0,161,328.2,5.0,above,0-5 K,0.9137963,0.08186134,0.004342389,0.0026848868,0.2495914,0.74772376
,3-methyl-N-butylpyridinium trifluoromethanesulfonate,CCCC[n+]1cccc(C)c1.O=S(=O)([O-])C(F)(F)F,[C4MPy][B(CN)4],p-xylene,Cc1ccc(C)cc1,aromatic,n-octane,CCCCCCCC,alkane,0.92390764,0.04059594,0.03549645,0.00129987,0.03659634,0.9621038,101.325,0.071428575,161,328.2,5.0,above,0-5 K,0.89944303,0.09562743,0.0049295374,0.002455687,0.27604064,0.7215037
,3-methyl-N-butylpyridinium trifluoromethanesulfonate,CCCC[n+]1cccc(C)c1.O=S(=O)([O-])C(F)(F)F,[C4MPy][B(CN)4],p-xylene,Cc1ccc(C)cc1,aromatic,n-octane,CCCCCCCC,alkane,0.8884111,0.074692525,0.036896307,0.0009,0.075,0.9241,101.325,0.14285715,161,328.2,5.0,above,0-5 K,0.8830603,0.11122449,0.005715222,0.0028963592,0.29564124,0.7014623
,3-methyl-N-butylpyridinium trifluoromethanesulfonate,CCCC[n+]1cccc(C)c1.O=S(=O)([O-])C(F)(F)F,[C4MPy][B(CN)4],p-xylene,Cc1ccc(C)cc1,aromatic,n-octane,CCCCCCCC,alkane,0.8485,0.1114,0.0401,0.00089991,0.11328867,0.88581145,101.325,0.21428572,161,328.2,5.0,above,0-5 K,0.8714766,0.12228205,0.0062414207,0.0029970428,0.3132026,0.68380034
,3-methyl-N-butylpyridinium trifluoromethanesulfonate,CCCC[n+]1cccc(C)c1.O=S(=O)([O-])C(F)(F)F,[C4MPy][B(CN)4],p-xylene,Cc1ccc(C)cc1,aromatic,n-octane,CCCCCCCC,alkane,0.8239,0.1387,0.0374,0.00129987,0.15248476,0.84621537,101.325,0.2857143,161,328.2,5.0,above,0-5 K,0.85491246,0.13820484,0.0068827462,0.0027867567,0.33581126,0.661402
,3-methyl-N-butylpyridinium trifluoromethanesulfonate,CCCC[n+]1cccc(C)c1.O=S(=O)([O-])C(F)(F)F,[C4MPy][B(CN)4],p-xylene,Cc1ccc(C)cc1,aromatic,n-octane,CCCCCCCC,alkane,0.7679,0.2001,0.032,0.00080008,0.2320232,0.7671767,101.325,0.35714287,161,328.2,5.0,above,0-5 K,0.8409137,0.15158765,0.007498639,0.0028723578,0.3547643,0.6423633
,3-methyl-N-butylpyridinium trifluoromethanesulfonate,CCCC[n+]1cccc(C)c1.O=S(=O)([O-])C(F)(F)F,[C4MPy][B(CN)4],p-xylene,Cc1ccc(C)cc1,aromatic,n-octane,CCCCCCCC,alkane,0.6990301,0.27047294,0.03049695,0.0008,0.3314,0.6678,101.325,0.42857143,161,328.2,5.0,above,0-5 K,0.8258786,0.1659633,0.00815807,0.0029571387,0.37415645,0.6228864
,3-methyl-N-butylpyridinium trifluoromethanesulfonate,CCCC[n+]1cccc(C)c1.O=S(=O)([O-])C(F)(F)F,[C4MPy][B(CN)4],p-xylene,Cc1ccc(C)cc1,aromatic,n-octane,CCCCCCCC,alkane,0.6520652,0.31853187,0.029402941,0.00080008,0.4039404,0.59525955,101.325,0.5,161,328.2,5.0,above,0-5 K,0.8097658,0.18137807,0.008856145,0.0030382718,0.39396977,0.602992
,3-methyl-N-butylpyridinium trifluoromethanesulfonate,CCCC[n+]1cccc(C)c1.O=S(=O)([O-])C(F)(F)F,[C4MPy][B(CN)4],p-xylene,Cc1ccc(C)cc1,aromatic,n-octane,CCCCCCCC,alkane,0.5952,0.3749,0.0299,0.00080008,0.4938494,0.50535053,101.325,0.5714286,161,328.2,5.0,above,0-5 K,0.78923786,0.2010566,0.009705584,0.0029965085,0.41709906,0.57990444
,3-methyl-N-butylpyridinium trifluoromethanesulfonate,CCCC[n+]1cccc(C)c1.O=S(=O)([O-])C(F)(F)F,[C4MPy][B(CN)4],p-xylene,Cc1ccc(C)cc1,aromatic,n-octane,CCCCCCCC,alkane,0.535,0.4399,0.0251,0.0012,0.6175,0.3813,101.325,0.64285713,161,328.2,5.0,above,0-5 K,0.7688591,0.22058374,0.010557113,0.0030043419,0.43925214,0.5577435
,3-methyl-N-butylpyridinium trifluoromethanesulfonate,CCCC[n+]1cccc(C)c1.O=S(=O)([O-])C(F)(F)F,[C4MPy][B(CN)4],p-xylene,Cc1ccc(C)cc1,aromatic,n-octane,CCCCCCCC,alkane,0.46510002,0.51280004,0.022100002,0.0012,0.7483,0.2505,101.325,0.71428573,161,328.2,5.0,above,0-5 K,0.7490804,0.23952766,0.011391896,0.003068448,0.45997185,0.53695965
,3-methyl-N-butylpyridinium trifluoromethanesulfonate,CCCC[n+]1cccc(C)c1.O=S(=O)([O-])C(F)(F)F,[C4MPy][B(CN)4],p-xylene,Cc1ccc(C)cc1,aromatic,n-octane,CCCCCCCC,alkane,0.4304,0.5497,0.0199,0.00080008,0.79127914,0.2079208,101.325,0.78571427,161,328.2,5.0,above,0-5 K,0.7295216,0.25831136,0.012167125,0.0030879024,0.47931102,0.5176011
,3-methyl-N-butylpyridinium trifluoromethanesulfonate,CCCC[n+]1cccc(C)c1.O=S(=O)([O-])C(F)(F)F,[C4MPy][B(CN)4],p-xylene,Cc1ccc(C)cc1,aromatic,n-octane,CCCCCCCC,alkane,0.4227,0.5621,0.0152,0.0008,0.8496,0.1496,101.325,0.85714287,161,328.2,5.0,above,0-5 K,0.7076576,0.27927026,0.013072178,0.0031431285,0.5002136,0.49664325
,3-methyl-N-butylpyridinium trifluoromethanesulfonate,CCCC[n+]1cccc(C)c1.O=S(=O)([O-])C(F)(F)F,[C4MPy][B(CN)4],p-xylene,Cc1ccc(C)cc1,aromatic,n-octane,CCCCCCCC,alkane,0.38946104,0.5987401,0.01179882,0.0008,0.9083,0.0909,101.325,0.9285714,161,328.2,5.0,above,0-5 K,0.68472767,0.30126613,0.014006306,0.0031930842,0.52126694,0.47554
,3-methyl-N-butylpyridinium trifluoromethanesulfonate,CCCC[n+]1cccc(C)c1.O=S(=O)([O-])C(F)(F)F,[C4MPy][B(CN)4],p-xylene,Cc1ccc(C)cc1,aromatic,n-octane,CCCCCCCC,alkane,0.3358,0.6642,0.0,0.0008,0.9992,0.0,101.325,1.0,161,328.2,5.0,above,0-5 K,0.6585399,0.32619277,0.015267363,0.0033694003,0.54185545,0.45477515
no,3-methyl-N-butylpyridinium tricyanomethanide,CCCC[n+]1cccc(C)c1.N#CC(=C=[N-])C#N,[C4MPy][C(CN)3],benzene,c1ccccc1,aromatic,n-hexane,CCCCCC,alkane,0.9333,0.0,0.0667,0.0011,0.0,0.9989,101.325,0.0,168,328.2,5.0,above,0-5 K,0.7538623,0.23370026,0.012437429,0.0036721223,0.18776497,0.808563
no,3-methyl-N-butylpyridinium tricyanomethanide,CCCC[n+]1cccc(C)c1.N#CC(=C=[N-])C#N,[C4MPy][C(CN)3],benzene,c1ccccc1,aromatic,n-hexane,CCCCCC,alkane,0.8846885,0.048304833,0.0670067,0.00109989,0.03309669,0.9658034,101.325,0.11111111,168,328.2,5.0,above,0-5 K,0.7216066,0.26442924,0.013964126,0.0039148326,0.20996864,0.7861165
no,3-methyl-N-butylpyridinium tricyanomethanide,CCCC[n+]1cccc(C)c1.N#CC(=C=[N-])C#N,[C4MPy][C(CN)3],benzene,c1ccccc1,aromatic,n-hexane,CCCCCC,alkane,0.82710004,0.10620001,0.066700004,0.0007,0.0746,0.9247,101.325,0.22222222,168,328.2,5.0,above,0-5 K,0.6870475,0.29734263,0.015609891,0.0041809073,0.23384729,0.76197183
no,3-methyl-N-butylpyridinium tricyanomethanide,CCCC[n+]1cccc(C)c1.N#CC(=C=[N-])C#N,[C4MPy][C(CN)3],benzene,c1ccccc1,aromatic,n-hexane,CCCCCC,alkane,0.7551,0.1725,0.0724,0.0007,0.1158,0.8835,101.325,0.33333334,168,328.2,5.0,above,0-5 K,0.65025914,0.33240572,0.017335212,0.0044361814,0.2596215,0.7359423
no,3-methyl-N-butylpyridinium tricyanomethanide,CCCC[n+]1cccc(C)c1.N#CC(=C=[N-])C#N,[C4MPy][C(CN)3],benzene,c1ccccc1,aromatic,n-hexane,CCCCCC,alkane,0.72150004,0.21040002,0.068100005,0.0011,0.1504,0.8485,101.325,0.44444445,168,328.2,5.0,above,0-5 K,0.61154586,0.3693437,0.019110385,0.0046767695,0.28737357,0.70794964
no,3-methyl-N-butylpyridinium tricyanomethanide,CCCC[n+]1cccc(C)c1.N#CC(=C=[N-])C#N,[C4MPy][C(CN)3],benzene,c1ccccc1,aromatic,n-hexane,CCCCCC,alkane,0.56560004,0.37510002,0.059300005,0.001,0.3102,0.6888,101.325,0.5555556,168,328.2,5.0,above,0-5 K,0.5715573,0.40749907,0.020943573,0.004920466,0.31664485,0.67843467
no,3-methyl-N-butylpyridinium tricyanomethanide,CCCC[n+]1cccc(C)c1.N#CC(=C=[N-])C#N,[C4MPy][C(CN)3],benzene,c1ccccc1,aromatic,n-hexane,CCCCCC,alkane,0.4449445,0.49034905,0.064706475,0.001,0.4682,0.5308,101.325,0.6666667,168,328.2,5.0,above,0-5 K,0.5309824,0.44621247,0.022805132,0.00516707,0.34707147,0.64776146
no,3-methyl-N-butylpyridinium tricyanomethanide,CCCC[n+]1cccc(C)c1.N#CC(=C=[N-])C#N,[C4MPy][C(CN)3],benzene,c1ccccc1,aromatic,n-hexane,CCCCCC,alkane,0.2991,0.6552,0.0457,0.0007,0.7124,0.2869,101.325,0.7777778,168,328.2,5.0,above,0-5 K,0.48971927,0.48565012,0.024630586,0.0053735785,0.3791899,0.61543643
no,3-methyl-N-butylpyridinium tricyanomethanide,CCCC[n+]1cccc(C)c1.N#CC(=C=[N-])C#N,[C4MPy][C(CN)3],benzene,c1ccccc1,aromatic,n-hexane,CCCCCC,alkane,0.2462,0.7195,0.0343,0.0007,0.8528,0.1465,101.325,0.8888889,168,328.2,5.0,above,0-5 K,0.44890136,0.52469236,0.026406327,0.005560072,0.41217345,0.58226645
no,3-methyl-N-butylpyridinium tricyanomethanide,CCCC[n+]1cccc(C)c1.N#CC(=C=[N-])C#N,[C4MPy][C(CN)3],benzene,c1ccccc1,aromatic,n-hexane,CCCCCC,alkane,0.1995,0.8005,0.0,0.0007,0.9993,0.0,101.325,1.0,168,328.2,5.0,above,0-5 K,0.40884277,0.56298727,0.02817,0.0057500415,0.44575816,0.5484918
no,3-methyl-N-butylpyridinium tricyanomethanide,CCCC[n+]1cccc(C)c1.N#CC(=C=[N-])C#N,[C4MPy][C(CN)3],toluene,Cc1ccccc1,aromatic,n-heptane,CCCCCCC,alkane,0.9579,0.0,0.0421,0.0008,0.0,0.9992,101.325,0.0,170,328.2,5.0,above,0-5 K,0.8134759,0.17753853,0.008985609,0.0033563792,0.2359499,0.7606937
no,3-methyl-N-butylpyridinium tricyanomethanide,CCCC[n+]1cccc(C)c1.N#CC(=C=[N-])C#N,[C4MPy][C(CN)3],toluene,Cc1ccccc1,aromatic,n-heptane,CCCCCCC,alkane,0.91230875,0.04449555,0.04319568,0.0012,0.0413,0.9575,101.325,0.1,170,328.2,5.0,above,0-5 K,0.7893565,0.20057924,0.010064204,0.0035378835,0.25866887,0.7377933
no,3-methyl-N-butylpyridinium tricyanomethanide,CCCC[n+]1cccc(C)c1.N#CC(=C=[N-])C#N,[C4MPy][C(CN)3],toluene,Cc1ccccc1,aromatic,n-heptane,CCCCCCC,alkane,0.8734126,0.08669133,0.03989601,0.00120012,0.08330833,0.9154915,101.325,0.2,170,328.2,5.0,above,0-5 K,0.7615344,0.22708032,0.011385325,0.0039059387,0.2813064,0.7147877
no,3-methyl-N-butylpyridinium tricyanomethanide,CCCC[n+]1cccc(C)c1.N#CC(=C=[N-])C#N,[C4MPy][C(CN)3],toluene,Cc1ccccc1,aromatic,n-heptane,CCCCCCC,alkane,0.8345,0.1267,0.0388,0.0012,0.1283,0.8705,101.325,0.3,170,328.2,5.0,above,0-5 K,0.73311794,0.25423926,0.012642864,0.004091332,0.30655125,0.68935746
no,3-methyl-N-butylpyridinium tricyanomethanide,CCCC[n+]1cccc(C)c1.N#CC(=C=[N-])C#N,[C4MPy][C(CN)3],toluene,Cc1ccccc1,aromatic,n-heptane,CCCCCCC,alkane,0.7996,0.1625,0.0379,0.0012,0.1751,0.8237,101.325,0.4,170,328.2,5.0,above,0-5 K,0.7027231,0.28330275,0.013974104,0.004271463,0.33293945,0.6627891
no,3-methyl-N-butylpyridinium tricyanomethanide,CCCC[n+]1cccc(C)c1.N#CC(=C=[N-])C#N,[C4MPy][C(CN)3],toluene,Cc1ccccc1,aromatic,n-heptane,CCCCCCC,alkane,0.6557,0.3046,0.0397,0.0012,0.3422,0.6566,101.325,0.5,170,328.2,5.0,above,0-5 K,0.6703913,0.31423175,0.015376852,0.0044443826,0.3604746,0.635081
no,3-methyl-N-butylpyridinium tricyanomethanide,CCCC[n+]1cccc(C)c1.N#CC(=C=[N-])C#N,[C4MPy][C(CN)3],toluene,Cc1ccccc1,aromatic,n-heptane,CCCCCCC,alkane,0.5525,0.4179,0.0296,0.0008,0.5205,0.4787,101.325,0.6,170,328.2,5.0,above,0-5 K,0.6407519,0.34274977,0.016498297,0.00458794,0.38899022,0.6064218
no,3-methyl-N-butylpyridinium tricyanomethanide,CCCC[n+]1cccc(C)c1.N#CC(=C=[N-])C#N,[C4MPy][C(CN)3],toluene,Cc1ccccc1,aromatic,n-heptane,CCCCCCC,alkane,0.44875512,0.5274472,0.02379762,0.0012,0.7272,0.2716,101.325,0.7,170,328.2,5.0,above,0-5 K,0.615153,0.36759964,0.017247407,0.004566462,0.4191489,0.57628465
no,3-methyl-N-butylpyridinium tricyanomethanide,CCCC[n+]1cccc(C)c1.N#CC(=C=[N-])C#N,[C4MPy][C(CN)3],toluene,Cc1ccccc1,aromatic,n-heptane,CCCCCCC,alkane,0.3997,0.5837,0.0166,0.0012,0.8296,0.1692,101.325,0.8,170,328.2,5.0,above,0-5 K,0.5795541,0.4017491,0.018696792,0.0047010756,0.44860396,0.546695
no,3-methyl-N-butylpyridinium tricyanomethanide,CCCC[n+]1cccc(C)c1.N#CC(=C=[N-])C#N,[C4MPy][C(CN)3],toluene,Cc1ccccc1,aromatic,n-heptane,CCCCCCC,alkane,0.3559,0.6325,0.0116,0.0008,0.9344,0.0648,101.325,0.9,170,328.2,5.0,above,0-5 K,0.5515285,0.42826727,0.020204201,0.005400263,0.47272018,0.52187955
no,3-methyl-N-butylpyridinium tricyanomethanide,CCCC[n+]1cccc(C)c1.N#CC(=C=[N-])C#N,[C4MPy][C(CN)3],toluene,Cc1ccccc1,aromatic,n-heptane,CCCCCCC,alkane,0.3518,0.6482,0.0,0.0008,0.9992,0.0,101.325,1.0,170,328.2,5.0,above,0-5 K,0.515095,0.4632281,0.02167695,0.005521211,0.50238657,0.4920922
no,3-methyl-N-butylpyridinium tricyanomethanide,CCCC[n+]1cccc(C)c1.N#CC(=C=[N-])C#N,[C4MPy][C(CN)3],p-xylene,Cc1ccc(C)cc1,aromatic,n-octane,CCCCCCCC,alkane,0.9669,0.0,0.0331,0.0,0.0,1.0,101.325,0.0,172,328.2,5.0,above,0-5 K,0.8468017,0.14577521,0.007423089,0.0034852393,0.25038835,0.7461264
no,3-methyl-N-butylpyridinium tricyanomethanide,CCCC[n+]1cccc(C)c1.N#CC(=C=[N-])C#N,[C4MPy][C(CN)3],p-xylene,Cc1ccc(C)cc1,aromatic,n-octane,CCCCCCCC,alkane,0.92840713,0.03919608,0.03239676,0.0,0.0418,0.9582,101.325,0.125,172,328.2,5.0,above,0-5 K,0.81774485,0.17362942,0.0086257635,0.0034569097,0.28136557,0.7151774
no,3-methyl-N-butylpyridinium tricyanomethanide,CCCC[n+]1cccc(C)c1.N#CC(=C=[N-])C#N,[C4MPy][C(CN)3],p-xylene,Cc1ccc(C)cc1,aromatic,n-octane,CCCCCCCC,alkane,0.8957,0.0726,0.0317,0.0,0.0898,0.9102,101.325,0.25,172,328.2,5.0,above,0-5 K,0.7863198,0.20373483,0.00994539,0.0035341457,0.31352863,0.6829372
no,3-methyl-N-butylpyridinium tricyanomethanide,CCCC[n+]1cccc(C)c1.N#CC(=C=[N-])C#N,[C4MPy][C(CN)3],p-xylene,Cc1ccc(C)cc1,aromatic,n-octane,CCCCCCCC,alkane,0.8858886,0.080608055,0.03350335,0.0,0.1025,0.8975,101.325,0.375,172,328.2,5.0,above,0-5 K,0.7500474,0.23854673,0.011405889,0.003537708,0.3479913,0.648471
no,3-methyl-N-butylpyridinium tricyanomethanide,CCCC[n+]1cccc(C)c1.N#CC(=C=[N-])C#N,[C4MPy][C(CN)3],p-xylene,Cc1ccc(C)cc1,aromatic,n-octane,CCCCCCCC,alkane,0.85660005,0.11050001,0.032900006,0.0,0.1448,0.8552,101.325,0.5,172,328.2,5.0,above,0-5 K,0.7115684,0.27546662,0.012965007,0.0036118943,0.38330832,0.6130797
no,3-methyl-N-butylpyridinium tricyanomethanide,CCCC[n+]1cccc(C)c1.N#CC(=C=[N-])C#N,[C4MPy][C(CN)3],p-xylene,Cc1ccc(C)cc1,aromatic,n-octane,CCCCCCCC,alkane,0.75560004,0.21530001,0.029100003,0.0,0.3115,0.6885,101.325,0.625,172,328.2,5.0,above,0-5 K,0.6716866,0.313701,0.014612351,0.0037705926,0.41901088,0.57721853
no,3-methyl-N-butylpyridinium tricyanomethanide,CCCC[n+]1cccc(C)c1.N#CC(=C=[N-])C#N,[C4MPy][C(CN)3],p-xylene,Cc1ccc(C)cc1,aromatic,n-octane,CCCCCCCC,alkane,0.6649335,0.30766922,0.02739726,0.0,0.4873,0.5127,101.325,0.75,172,328.2,5.0,above,0-5 K,0.6293094,0.35435915,0.016331427,0.003912073,0.45545724,0.5406307
no,3-methyl-N-butylpyridinium tricyanomethanide,CCCC[n+]1cccc(C)c1.N#CC(=C=[N-])C#N,[C4MPy][C(CN)3],p-xylene,Cc1ccc(C)cc1,aromatic,n-octane,CCCCCCCC,alkane,0.5722,0.407,0.0208,0.0,0.7122,0.2878,101.325,0.875,172,328.2,5.0,above,0-5 K,0.5823468,0.39915255,0.018500615,0.004177572,0.49088854,0.50493395
no,3-methyl-N-butylpyridinium tricyanomethanide,CCCC[n+]1cccc(C)c1.N#CC(=C=[N-])C#N,[C4MPy][C(CN)3],p-xylene,Cc1ccc(C)cc1,aromatic,n-octane,CCCCCCCC,alkane,0.4551,0.5449,0.0,0.0,1.0,0.0,101.325,1.0,172,328.2,5.0,above,0-5 K,0.53671277,0.44296423,0.020323016,0.0042836005,0.52761674,0.46809968
,1-butyl-3-methylimidazolium hexafluorophosphate,CCCCn1cc[n+](C)c1.F[P-](F)(F)(F)(F)F,[C4MIm][PF6],n-propylbenzene,CCCc1ccccc1,aromatic,n-dodecane,CCCCCCCCCCCC,alkane,0.9351,0.0478,0.0171,0.0,0.1128,0.8872,101.325,0.0,224,333.0,9.800000000000011,above,5-10 K,0.8914271,0.09971779,0.008855111,0.003025175,0.3085331,0.6884417
,1-butyl-3-methylimidazolium hexafluorophosphate,CCCCn1cc[n+](C)c1.F[P-](F)(F)(F)(F)F,[C4MIm][PF6],n-propylbenzene,CCCc1ccccc1,aromatic,n-dodecane,CCCCCCCCCCCC,alkane,0.8913,0.0912,0.0175,0.0,0.2029,0.7971,101.325,0.11111111,224,333.0,9.800000000000011,above,5-10 K,0.8773313,0.11276832,0.009900318,0.0032622598,0.33121955,0.66551816
,1-butyl-3-methylimidazolium hexafluorophosphate,CCCCn1cc[n+](C)c1.F[P-](F)(F)(F)(F)F,[C4MIm][PF6],n-propylbenzene,CCCc1ccccc1,aromatic,n-dodecane,CCCCCCCCCCCC,alkane,0.8507,0.1312,0.0181,0.0,0.2762,0.7238,101.325,0.22222222,224,333.0,9.800000000000011,above,5-10 K,0.860439,0.1283944,0.011166634,0.003443489,0.35595676,0.6405998
,1-butyl-3-methylimidazolium hexafluorophosphate,CCCCn1cc[n+](C)c1.F[P-](F)(F)(F)(F)F,[C4MIm][PF6],n-propylbenzene,CCCc1ccccc1,aromatic,n-dodecane,CCCCCCCCCCCC,alkane,0.8093,0.1722,0.0185,0.0,0.3352,0.6648,101.325,0.33333334,224,333.0,9.800000000000011,above,5-10 K,0.840906,0.14640254,0.0126914065,0.0037280258,0.38115373,0.6151182
,1-butyl-3-methylimidazolium hexafluorophosphate,CCCCn1cc[n+](C)c1.F[P-](F)(F)(F)(F)F,[C4MIm][PF6],n-propylbenzene,CCCc1ccccc1,aromatic,n-dodecane,CCCCCCCCCCCC,alkane,0.7746,0.2068,0.0186,0.0,0.3865,0.6135,101.325,0.44444445,224,333.0,9.800000000000011,above,5-10 K,0.8209438,0.16473624,0.014319969,0.004166948,0.4051798,0.5906533
,1-butyl-3-methylimidazolium hexafluorophosphate,CCCCn1cc[n+](C)c1.F[P-](F)(F)(F)(F)F,[C4MIm][PF6],n-propylbenzene,CCCc1ccccc1,aromatic,n-dodecane,CCCCCCCCCCCC,alkane,0.741,0.2402,0.0188,0.0,0.4299,0.5701,101.325,0.5555556,224,333.0,9.800000000000011,above,5-10 K,0.79587156,0.18793564,0.01619284,0.0043264762,0.43290174,0.5627718
,1-butyl-3-methylimidazolium hexafluorophosphate,CCCCn1cc[n+](C)c1.F[P-](F)(F)(F)(F)F,[C4MIm][PF6],n-propylbenzene,CCCc1ccccc1,aromatic,n-dodecane,CCCCCCCCCCCC,alkane,0.7123,0.2687,0.019,0.0,0.4684,0.5316,101.325,0.6666667,224,333.0,9.800000000000011,above,5-10 K,0.7684483,0.21333042,0.018221298,0.0044770325,0.46086589,0.5346571
,1-butyl-3-methylimidazolium hexafluorophosphate,CCCCn1cc[n+](C)c1.F[P-](F)(F)(F)(F)F,[C4MIm][PF6],n-propylbenzene,CCCc1ccccc1,aromatic,n-dodecane,CCCCCCCCCCCC,alkane,0.6816,0.2991,0.0193,0.0,0.5006,0.4994,101.325,0.7777778,224,333.0,9.800000000000011,above,5-10 K,0.73849213,0.24109738,0.020410487,0.004616896,0.48917842,0.50620466
,1-butyl-3-methylimidazolium hexafluorophosphate,CCCCn1cc[n+](C)c1.F[P-](F)(F)(F)(F)F,[C4MIm][PF6],n-propylbenzene,CCCc1ccccc1,aromatic,n-dodecane,CCCCCCCCCCCC,alkane,0.65340006,0.32700002,0.019600002,0.0,0.5292,0.4708,101.325,0.8888889,224,333.0,9.800000000000011,above,5-10 K,0.7034345,0.27374172,0.022823773,0.0045635435,0.5197661,0.4756703
,1-butyl-3-methylimidazolium hexafluorophosphate,CCCCn1cc[n+](C)c1.F[P-](F)(F)(F)(F)F,[C4MIm][PF6],n-propylbenzene,CCCc1ccccc1,aromatic,n-dodecane,CCCCCCCCCCCC,alkane,0.6276,0.3528,0.0196,0.0,0.5547,0.4453,101.325,1.0,224,333.0,9.800000000000011,above,5-10 K,0.6627107,0.31182522,0.025464121,0.0043138172,0.55260694,0.44307926
,1-butyl-3-methylimidazolium hexafluorophosphate,CCCCn1cc[n+](C)c1.F[P-](F)(F)(F)(F)F,[C4MIm][PF6],n-propylbenzene,CCCc1ccccc1,aromatic,n-tetradecane,CCCCCCCCCCCCCC,alkane,0.929,0.061,0.01,0.0,0.117,0.883,101.325,0.0,226,333.0,9.800000000000011,above,5-10 K,0.8982864,0.09374388,0.007969701,0.0028832117,0.2960097,0.70110714
,1-butyl-3-methylimidazolium hexafluorophosphate,CCCCn1cc[n+](C)c1.F[P-](F)(F)(F)(F)F,[C4MIm][PF6],n-propylbenzene,CCCc1ccccc1,aromatic,n-tetradecane,CCCCCCCCCCCCCC,alkane,0.87700003,0.11200001,0.011000001,0.0,0.211,0.789,101.325,0.125,226,333.0,9.800000000000011,above,5-10 K,0.8800049,0.11068055,0.009314509,0.0030528673,0.32405934,0.6728878
,1-butyl-3-methylimidazolium hexafluorophosphate,CCCCn1cc[n+](C)c1.F[P-](F)(F)(F)(F)F,[C4MIm][PF6],n-propylbenzene,CCCc1ccccc1,aromatic,n-tetradecane,CCCCCCCCCCCCCC,alkane,0.829,0.159,0.012,0.0,0.287,0.713,101.325,0.25,226,333.0,9.800000000000011,above,5-10 K,0.85893375,0.13021822,0.01084805,0.0032205218,0.35348412,0.6432953
,1-butyl-3-methylimidazolium hexafluorophosphate,CCCCn1cc[n+](C)c1.F[P-](F)(F)(F)(F)F,[C4MIm][PF6],n-propylbenzene,CCCc1ccccc1,aromatic,n-tetradecane,CCCCCCCCCCCCCC,alkane,0.788,0.2,0.012,0.0,0.35,0.65,101.325,0.375,226,333.0,9.800000000000011,above,5-10 K,0.83183634,0.15546855,0.01269514,0.0031250021,0.38705415,0.60982084
,1-butyl-3-methylimidazolium hexafluorophosphate,CCCCn1cc[n+](C)c1.F[P-](F)(F)(F)(F)F,[C4MIm][PF6],n-propylbenzene,CCCc1ccccc1,aromatic,n-tetradecane,CCCCCCCCCCCCCC,alkane,0.751,0.237,0.012,0.0,0.403,0.597,101.325,0.5,226,333.0,9.800000000000011,above,5-10 K,0.8041582,0.18119693,0.014644774,0.0032671518,0.41879168,0.57794106
,1-butyl-3-methylimidazolium hexafluorophosphate,CCCCn1cc[n+](C)c1.F[P-](F)(F)(F)(F)F,[C4MIm][PF6],n-propylbenzene,CCCc1ccccc1,aromatic,n-tetradecane,CCCCCCCCCCCCCC,alkane,0.716,0.272,0.012,0.0,0.448,0.552,101.325,0.625,226,333.0,9.800000000000011,above,5-10 K,0.77317476,0.2100223,0.01680295,0.0034015996,0.45125008,0.54534835
,1-butyl-3-methylimidazolium hexafluorophosphate,CCCCn1cc[n+](C)c1.F[P-](F)(F)(F)(F)F,[C4MIm][PF6],n-propylbenzene,CCCc1ccccc1,aromatic,n-tetradecane,CCCCCCCCCCCCCC,alkane,0.684,0.303,0.013,0.0,0.487,0.513,101.325,0.75,226,333.0,9.800000000000011,above,5-10 K,0.7389442,0.2419024,0.019153435,0.00352521,0.48409164,0.51238316
,1-butyl-3-methylimidazolium hexafluorophosphate,CCCCn1cc[n+](C)c1.F[P-](F)(F)(F)(F)F,[C4MIm][PF6],n-propylbenzene,CCCc1ccccc1,aromatic,n-tetradecane,CCCCCCCCCCCCCC,alkane,0.653,0.334,0.013,0.0,0.519,0.481,101.325,0.875,226,333.0,9.800000000000011,above,5-10 K,0.70169926,0.27662006,0.02168077,0.0036361732,0.51692027,0.47944358
,1-butyl-3-methylimidazolium hexafluorophosphate,CCCCn1cc[n+](C)c1.F[P-](F)(F)(F)(F)F,[C4MIm][PF6],n-propylbenzene,CCCc1ccccc1,aromatic,n-tetradecane,CCCCCCCCCCCCCC,alkane,0.623,0.364,0.013,0.0,0.547,0.453,101.325,1.0,226,333.0,9.800000000000011,above,5-10 K,0.6759712,0.30005026,0.023978546,0.0046041994,0.53817,0.45722583
,1-butyl-3-methylimidazolium hexafluorophosphate,CCCCn1cc[n+](C)c1.F[P-](F)(F)(F)(F)F,[C4MIm][PF6],n-butylbenzene,CCCCc1ccccc1,aromatic,n-dodecane,CCCCCCCCCCCC,alkane,0.942,0.0379,0.0201,0.0,0.1059,0.8941,101.325,0.0,228,333.0,9.800000000000011,above,5-10 K,0.91027033,0.081523396,0.008206269,0.003340462,0.31247544,0.684184
,1-butyl-3-methylimidazolium hexafluorophosphate,CCCCn1cc[n+](C)c1.F[P-](F)(F)(F)(F)F,[C4MIm][PF6],n-butylbenzene,CCCCc1ccccc1,aromatic,n-dodecane,CCCCCCCCCCCC,alkane,0.908,0.0715,0.0205,0.0,0.1926,0.8074,101.325,0.09090909,228,333.0,9.800000000000011,above,5-10 K,0.89900446,0.09181501,0.009180437,0.0034764651,0.3315053,0.66501826
,1-butyl-3-methylimidazolium hexafluorophosphate,CCCCn1cc[n+](C)c1.F[P-](F)(F)(F)(F)F,[C4MIm][PF6],n-butylbenzene,CCCCc1ccccc1,aromatic,n-dodecane,CCCCCCCCCCCC,alkane,0.87810004,0.10080001,0.021100001,0.0,0.2651,0.7349,101.325,0.18181819,228,333.0,9.800000000000011,above,5-10 K,0.8844845,0.10518309,0.010332347,0.0033649046,0.3540964,0.64253867
,1-butyl-3-methylimidazolium hexafluorophosphate,CCCCn1cc[n+](C)c1.F[P-](F)(F)(F)(F)F,[C4MIm][PF6],n-butylbenzene,CCCCc1ccccc1,aromatic,n-dodecane,CCCCCCCCCCCC,alkane,0.8505,0.128,0.0215,0.0,0.3259,0.6741,101.325,0.27272728,228,333.0,9.800000000000011,above,5-10 K,0.8692226,0.1192087,0.011568685,0.0033653083,0.37599543,0.6206392
,1-butyl-3-methylimidazolium hexafluorophosphate,CCCCn1cc[n+](C)c1.F[P-](F)(F)(F)(F)F,[C4MIm][PF6],n-butylbenzene,CCCCc1ccccc1,aromatic,n-dodecane,CCCCCCCCCCCC,alkane,0.8261,0.1523,0.0216,0.0,0.3779,0.6221,101.325,0.36363637,228,333.0,9.800000000000011,above,5-10 K,0.85348433,0.13363591,0.012879795,0.0034823415,0.39691606,0.59960157
,1-butyl-3-methylimidazolium hexafluorophosphate,CCCCn1cc[n+](C)c1.F[P-](F)(F)(F)(F)F,[C4MIm][PF6],n-butylbenzene,CCCCc1ccccc1,aromatic,n-dodecane,CCCCCCCCCCCC,alkane,0.80420005,0.17400001,0.021800002,0.0,0.423,0.577,101.325,0.45454547,228,333.0,9.800000000000011,above,5-10 K,0.8362115,0.14947958,0.014308887,0.0035959792,0.41828015,0.5781238
,1-butyl-3-methylimidazolium hexafluorophosphate,CCCCn1cc[n+](C)c1.F[P-](F)(F)(F)(F)F,[C4MIm][PF6],n-butylbenzene,CCCCc1ccccc1,aromatic,n-dodecane,CCCCCCCCCCCC,alkane,0.7832,0.1948,0.022,0.0,0.462,0.538,101.325,0.54545456,228,333.0,9.800000000000011,above,5-10 K,0.8141755,0.16982065,0.016003836,0.003435455,0.44313064,0.55343395
,1-butyl-3-methylimidazolium hexafluorophosphate,CCCCn1cc[n+](C)c1.F[P-](F)(F)(F)(F)F,[C4MIm][PF6],n-butylbenzene,CCCCc1ccccc1,aromatic,n-dodecane,CCCCCCCCCCCC,alkane,0.7638,0.2139,0.0223,0.0,0.4963,0.5037,101.325,0.6363636,228,333.0,9.800000000000011,above,5-10 K,0.7933657,0.18895185,0.017682415,0.0035322055,0.46512932,0.5313385
,1-butyl-3-methylimidazolium hexafluorophosphate,CCCCn1cc[n+](C)c1.F[P-](F)(F)(F)(F)F,[C4MIm][PF6],n-butylbenzene,CCCCc1ccccc1,aromatic,n-dodecane,CCCCCCCCCCCC,alkane,0.7458,0.2316,0.0226,0.0,0.5267,0.4733,101.325,0.72727275,228,333.0,9.800000000000011,above,5-10 K,0.77086884,0.20964448,0.019486662,0.0036249487,0.48723143,0.50914365
,1-butyl-3-methylimidazolium hexafluorophosphate,CCCCn1cc[n+](C)c1.F[P-](F)(F)(F)(F)F,[C4MIm][PF6],n-butylbenzene,CCCCc1ccccc1,aromatic,n-dodecane,CCCCCCCCCCCC,alkane,0.7291,0.2483,0.0226,0.0,0.5537,0.4463,101.325,0.8181818,228,333.0,9.800000000000011,above,5-10 K,0.7447709,0.23336004,0.02186898,0.003805764,0.51181597,0.4843783
,1-butyl-3-methylimidazolium hexafluorophosphate,CCCCn1cc[n+](C)c1.F[P-](F)(F)(F)(F)F,[C4MIm][PF6],n-butylbenzene,CCCCc1ccccc1,aromatic,n-dodecane,CCCCCCCCCCCC,alkane,0.7127,0.2644,0.0229,0.0,0.5778,0.4222,101.325,0.90909094,228,333.0,9.800000000000011,above,5-10 K,0.7189075,0.25716043,0.023932116,0.0038864077,0.53386974,0.46224385
,1-butyl-3-methylimidazolium hexafluorophosphate,CCCCn1cc[n+](C)c1.F[P-](F)(F)(F)(F)F,[C4MIm][PF6],n-butylbenzene,CCCCc1ccccc1,aromatic,n-dodecane,CCCCCCCCCCCC,alkane,0.67350006,0.30330002,0.023200002,0.0,0.6379,0.3621,101.325,1.0,228,333.0,9.800000000000011,above,5-10 K,0.69155264,0.2823512,0.02609611,0.003962345,0.5557806,0.44025707
,1-hexyl-3-methylimidazolium hexafluorophosphate,CCCCCCn1cc[n+](C)c1.F[P-](F)(F)(F)(F)F,[C6MIm][PF6],n-butylbenzene,CCCCc1ccccc1,aromatic,n-dodecane,CCCCCCCCCCCC,alkane,0.9336,0.0453,0.0211,0.0,0.1029,0.8971,101.325,0.0,233,333.0,9.800000000000011,above,5-10 K,0.8696615,0.11690544,0.013433033,0.003975262,0.29621145,0.6998133
,1-hexyl-3-methylimidazolium hexafluorophosphate,CCCCCCn1cc[n+](C)c1.F[P-](F)(F)(F)(F)F,[C6MIm][PF6],n-butylbenzene,CCCCc1ccccc1,aromatic,n-dodecane,CCCCCCCCCCCC,alkane,0.8931,0.0854,0.0215,0.0,0.1873,0.8127,101.325,0.09090909,233,333.0,9.800000000000011,above,5-10 K,0.8543651,0.13069141,0.014943495,0.00414833,0.31449738,0.6813543
,1-hexyl-3-methylimidazolium hexafluorophosphate,CCCCCCn1cc[n+](C)c1.F[P-](F)(F)(F)(F)F,[C6MIm][PF6],n-butylbenzene,CCCCc1ccccc1,aromatic,n-dodecane,CCCCCCCCCCCC,alkane,0.8579,0.12,0.0221,0.0,0.2585,0.7415,101.325,0.18181819,233,333.0,9.800000000000011,above,5-10 K,0.83761746,0.14580609,0.016576495,0.0043103136,0.33349106,0.66219866
,1-hexyl-3-methylimidazolium hexafluorophosphate,CCCCCCn1cc[n+](C)c1.F[P-](F)(F)(F)(F)F,[C6MIm][PF6],n-butylbenzene,CCCCc1ccccc1,aromatic,n-dodecane,CCCCCCCCCCCC,alkane,0.8262,0.1513,0.0225,0.0,0.3187,0.6813,101.325,0.27272728,233,333.0,9.800000000000011,above,5-10 K,0.8176597,0.1636933,0.018647013,0.0046937047,0.35231778,0.64298856
,1-hexyl-3-methylimidazolium hexafluorophosphate,CCCCCCn1cc[n+](C)c1.F[P-](F)(F)(F)(F)F,[C6MIm][PF6],n-butylbenzene,CCCCc1ccccc1,aromatic,n-dodecane,CCCCCCCCCCCC,alkane,0.7992,0.1782,0.0226,0.0,0.3708,0.6292,101.325,0.36363637,233,333.0,9.800000000000011,above,5-10 K,0.79692423,0.18234244,0.020733315,0.0049718395,0.37190905,0.6231191
,1-hexyl-3-methylimidazolium hexafluorophosphate,CCCCCCn1cc[n+](C)c1.F[P-](F)(F)(F)(F)F,[C6MIm][PF6],n-butylbenzene,CCCCc1ccccc1,aromatic,n-dodecane,CCCCCCCCCCCC,alkane,0.7744,0.2028,0.0228,0.0,0.4158,0.5842,101.325,0.45454547,233,333.0,9.800000000000011,above,5-10 K,0.7754354,0.20176107,0.022803508,0.005135916,0.39237028,0.6024938
,1-hexyl-3-methylimidazolium hexafluorophosphate,CCCCCCn1cc[n+](C)c1.F[P-](F)(F)(F)(F)F,[C6MIm][PF6],n-butylbenzene,CCCCc1ccccc1,aromatic,n-dodecane,CCCCCCCCCCCC,alkane,0.7502,0.2268,0.023,0.0,0.4546,0.5454,101.325,0.54545456,233,333.0,9.800000000000011,above,5-10 K,0.7524928,0.22250724,0.024999985,0.005295141,0.4130905,0.5816144
,1-hexyl-3-methylimidazolium hexafluorophosphate,CCCCCCn1cc[n+](C)c1.F[P-](F)(F)(F)(F)F,[C6MIm][PF6],n-butylbenzene,CCCCc1ccccc1,aromatic,n-dodecane,CCCCCCCCCCCC,alkane,0.7302,0.2465,0.0233,0.0,0.4895,0.5105,101.325,0.6363636,233,333.0,9.800000000000011,above,5-10 K,0.72716206,0.24530381,0.02753411,0.0055951467,0.43350756,0.56089735
,1-hexyl-3-methylimidazolium hexafluorophosphate,CCCCCCn1cc[n+](C)c1.F[P-](F)(F)(F)(F)F,[C6MIm][PF6],n-butylbenzene,CCCCc1ccccc1,aromatic,n-dodecane,CCCCCCCCCCCC,alkane,0.709,0.2674,0.0236,0.0,0.5196,0.4804,101.325,0.72727275,233,333.0,9.800000000000011,above,5-10 K,0.70087945,0.2690334,0.030087205,0.005819503,0.45437166,0.5398088
,1-hexyl-3-methylimidazolium hexafluorophosphate,CCCCCCn1cc[n+](C)c1.F[P-](F)(F)(F)(F)F,[C6MIm][PF6],n-butylbenzene,CCCCc1ccccc1,aromatic,n-dodecane,CCCCCCCCCCCC,alkane,0.6925,0.2839,0.0236,0.0,0.5473,0.4527,101.325,0.8181818,233,333.0,9.800000000000011,above,5-10 K,0.67365736,0.2936928,0.032649793,0.00596656,0.4757402,0.51829326
,1-hexyl-3-methylimidazolium hexafluorophosphate,CCCCCCn1cc[n+](C)c1.F[P-](F)(F)(F)(F)F,[C6MIm][PF6],n-butylbenzene,CCCCc1ccccc1,aromatic,n-dodecane,CCCCCCCCCCCC,alkane,0.67570007,0.30040002,0.023900002,0.0,0.5718,0.4282,101.325,0.90909094,233,333.0,9.800000000000011,above,5-10 K,0.6453765,0.31933293,0.0352906,0.00610276,0.49709174,0.49680552
,1-hexyl-3-methylimidazolium hexafluorophosphate,CCCCCCn1cc[n+](C)c1.F[P-](F)(F)(F)(F)F,[C6MIm][PF6],n-butylbenzene,CCCCc1ccccc1,aromatic,n-dodecane,CCCCCCCCCCCC,alkane,0.6291,0.3467,0.0242,0.0,0.6315,0.3685,101.325,1.0,233,333.0,9.800000000000011,above,5-10 K,0.6156637,0.34615117,0.03818507,0.006362351,0.5176387,0.475999
,1-methyl-3-octyl-imidazolium hexafluorophosphate,CCCCCCCCn1cc[n+](C)c1.F[P-](F)(F)(F)(F)F,[C8MIm][PF6],n-butylbenzene,CCCCc1ccccc1,aromatic,n-dodecane,CCCCCCCCCCCC,alkane,0.9006,0.0723,0.0271,0.0,0.1006,0.8994,101.325,0.0,240,333.0,9.800000000000011,above,5-10 K,0.82450664,0.15444437,0.021049082,0.005848653,0.27441704,0.71973425
,1-methyl-3-octyl-imidazolium hexafluorophosphate,CCCCCCCCn1cc[n+](C)c1.F[P-](F)(F)(F)(F)F,[C8MIm][PF6],n-butylbenzene,CCCCc1ccccc1,aromatic,n-dodecane,CCCCCCCCCCCC,alkane,0.83910006,0.13340001,0.027500002,0.0,0.1836,0.8164,101.325,0.1,240,333.0,9.800000000000011,above,5-10 K,0.80395985,0.17263517,0.02340499,0.00611021,0.29303396,0.70085585
,1-methyl-3-octyl-imidazolium hexafluorophosphate,CCCCCCCCn1cc[n+](C)c1.F[P-](F)(F)(F)(F)F,[C8MIm][PF6],n-butylbenzene,CCCCc1ccccc1,aromatic,n-dodecane,CCCCCCCCCCCC,alkane,0.7855,0.1864,0.0281,0.0,0.2528,0.7472,101.325,0.2,240,333.0,9.800000000000011,above,5-10 K,0.78168654,0.19237109,0.02594239,0.0063704015,0.31237963,0.68125
,1-methyl-3-octyl-imidazolium hexafluorophosphate,CCCCCCCCn1cc[n+](C)c1.F[P-](F)(F)(F)(F)F,[C8MIm][PF6],n-butylbenzene,CCCCc1ccccc1,aromatic,n-dodecane,CCCCCCCCCCCC,alkane,0.7398,0.2317,0.0285,0.0,0.3118,0.6882,101.325,0.3,240,333.0,9.800000000000011,above,5-10 K,0.7676953,0.20591936,0.026385337,0.0051993155,0.3346314,0.66016936
,1-methyl-3-octyl-imidazolium hexafluorophosphate,CCCCCCCCn1cc[n+](C)c1.F[P-](F)(F)(F)(F)F,[C8MIm][PF6],n-butylbenzene,CCCCc1ccccc1,aromatic,n-dodecane,CCCCCCCCCCCC,alkane,0.6993,0.2721,0.0286,0.0,0.3622,0.6378,101.325,0.4,240,333.0,9.800000000000011,above,5-10 K,0.74230605,0.22857751,0.02911638,0.0054023326,0.3556126,0.6389851
,1-methyl-3-octyl-imidazolium hexafluorophosphate,CCCCCCCCn1cc[n+](C)c1.F[P-](F)(F)(F)(F)F,[C8MIm][PF6],n-butylbenzene,CCCCc1ccccc1,aromatic,n-dodecane,CCCCCCCCCCCC,alkane,0.6629,0.3083,0.0288,0.0,0.4059,0.5941,101.325,0.5,240,333.0,9.800000000000011,above,5-10 K,0.7151013,0.25287783,0.03202086,0.0056026164,0.37721696,0.6171804
,1-methyl-3-octyl-imidazolium hexafluorophosphate,CCCCCCCCn1cc[n+](C)c1.F[P-](F)(F)(F)(F)F,[C8MIm][PF6],n-butylbenzene,CCCCc1ccccc1,aromatic,n-dodecane,CCCCCCCCCCCC,alkane,0.63030005,0.34070003,0.029000001,0.0,0.4441,0.5559,101.325,0.6,240,333.0,9.800000000000011,above,5-10 K,0.68650985,0.2783787,0.035111476,0.005822823,0.39897934,0.5951978
,1-methyl-3-octyl-imidazolium hexafluorophosphate,CCCCCCCCn1cc[n+](C)c1.F[P-](F)(F)(F)(F)F,[C8MIm][PF6],n-butylbenzene,CCCCc1ccccc1,aromatic,n-dodecane,CCCCCCCCCCCC,alkane,0.6007,0.37,0.0293,0.0,0.4778,0.5222,101.325,0.7,240,333.0,9.800000000000011,above,5-10 K,0.65639603,0.30529183,0.038312115,0.00602366,0.4212821,0.57269424
,1-methyl-3-octyl-imidazolium hexafluorophosphate,CCCCCCCCn1cc[n+](C)c1.F[P-](F)(F)(F)(F)F,[C8MIm][PF6],n-butylbenzene,CCCCc1ccccc1,aromatic,n-dodecane,CCCCCCCCCCCC,alkane,0.5707,0.3997,0.0296,0.0,0.5068,0.4932,101.325,0.8,240,333.0,9.800000000000011,above,5-10 K,0.6251123,0.33331454,0.041573245,0.0062053194,0.443866,0.54992867
,1-methyl-3-octyl-imidazolium hexafluorophosphate,CCCCCCCCn1cc[n+](C)c1.F[P-](F)(F)(F)(F)F,[C8MIm][PF6],n-butylbenzene,CCCCc1ccccc1,aromatic,n-dodecane,CCCCCCCCCCCC,alkane,0.5466,0.4238,0.0296,0.0,0.5336,0.4664,101.325,0.9,240,333.0,9.800000000000011,above,5-10 K,0.5974942,0.35786927,0.04463656,0.006950195,0.46300402,0.5300458
,1-methyl-3-octyl-imidazolium hexafluorophosphate,CCCCCCCCn1cc[n+](C)c1.F[P-](F)(F)(F)(F)F,[C8MIm][PF6],n-butylbenzene,CCCCc1ccccc1,aromatic,n-dodecane,CCCCCCCCCCCC,alkane,0.5232,0.4469,0.0299,0.0,0.5574,0.4426,101.325,1.0,240,333.0,9.800000000000011,above,5-10 K,0.577418,0.3753202,0.047261745,0.008337618,0.47772247,0.51394
,1-ethyl-3-methylimidazolium methylsulfate,CCn1cc[n+](C)c1.COS(=O)(=O)[O-],[C2MIm][MeSO4],n-propylbenzene,CCCc1ccccc1,aromatic,n-dodecane,CCCCCCCCCCCC,alkane,0.9721,0.0252,0.0027,0.0,0.1234,0.8766,101.325,0.0,244,333.0,9.800000000000011,above,5-10 K,0.98321784,0.015576056,0.0012061016,0.00095173676,0.30267128,0.6963769
,1-ethyl-3-methylimidazolium methylsulfate,CCn1cc[n+](C)c1.COS(=O)(=O)[O-],[C2MIm][MeSO4],n-propylbenzene,CCCc1ccccc1,aromatic,n-dodecane,CCCCCCCCCCCC,alkane,0.9483,0.0487,0.003,0.0,0.22,0.78,101.325,0.11111111,244,333.0,9.800000000000011,above,5-10 K,0.97994745,0.018642372,0.0014100998,0.0009217326,0.32910913,0.6699691
,1-ethyl-3-methylimidazolium methylsulfate,CCn1cc[n+](C)c1.COS(=O)(=O)[O-],[C2MIm][MeSO4],n-propylbenzene,CCCc1ccccc1,aromatic,n-dodecane,CCCCCCCCCCCC,alkane,0.9226,0.074,0.0034,0.0,0.2961,0.7039,101.325,0.22222222,244,333.0,9.800000000000011,above,5-10 K,0.97613484,0.022214066,0.0016510476,0.00092844275,0.35562426,0.6434473
,1-ethyl-3-methylimidazolium methylsulfate,CCn1cc[n+](C)c1.COS(=O)(=O)[O-],[C2MIm][MeSO4],n-propylbenzene,CCCc1ccccc1,aromatic,n-dodecane,CCCCCCCCCCCC,alkane,0.8985,0.0978,0.0037,0.0,0.3587,0.6413,101.325,0.33333334,244,333.0,9.800000000000011,above,5-10 K,0.97174746,0.02631881,0.0019337967,0.00097357767,0.381755,0.61727136
,1-ethyl-3-methylimidazolium methylsulfate,CCn1cc[n+](C)c1.COS(=O)(=O)[O-],[C2MIm][MeSO4],n-propylbenzene,CCCc1ccccc1,aromatic,n-dodecane,CCCCCCCCCCCC,alkane,0.8752,0.1207,0.0041,0.0,0.4111,0.5889,101.325,0.44444445,244,333.0,9.800000000000011,above,5-10 K,0.96657807,0.031159459,0.002262454,0.0010179658,0.4086362,0.59034586
,1-ethyl-3-methylimidazolium methylsulfate,CCn1cc[n+](C)c1.COS(=O)(=O)[O-],[C2MIm][MeSO4],n-propylbenzene,CCCc1ccccc1,aromatic,n-dodecane,CCCCCCCCCCCC,alkane,0.8535,0.142,0.0045,0.0,0.4557,0.5443,101.325,0.5555556,244,333.0,9.800000000000011,above,5-10 K,0.9611719,0.03621248,0.0026155044,0.0010890163,0.43352777,0.56538314
,1-ethyl-3-methylimidazolium methylsulfate,CCn1cc[n+](C)c1.COS(=O)(=O)[O-],[C2MIm][MeSO4],n-propylbenzene,CCCc1ccccc1,aromatic,n-dodecane,CCCCCCCCCCCC,alkane,0.8324,0.1627,0.0049,0.0,0.4939,0.5061,101.325,0.6666667,244,333.0,9.800000000000011,above,5-10 K,0.9541728,0.042774405,0.0030528212,0.0011320878,0.46132404,0.53754383
,1-ethyl-3-methylimidazolium methylsulfate,CCn1cc[n+](C)c1.COS(=O)(=O)[O-],[C2MIm][MeSO4],n-propylbenzene,CCCc1ccccc1,aromatic,n-dodecane,CCCCCCCCCCCC,alkane,0.8133,0.1814,0.0053,0.0,0.5275,0.4725,101.325,0.7777778,244,333.0,9.800000000000011,above,5-10 K,0.94596505,0.050475333,0.0035596737,0.0011731741,0.48947683,0.50935006
,1-ethyl-3-methylimidazolium methylsulfate,CCn1cc[n+](C)c1.COS(=O)(=O)[O-],[C2MIm][MeSO4],n-propylbenzene,CCCc1ccccc1,aromatic,n-dodecane,CCCCCCCCCCCC,alkane,0.792,0.2024,0.0056,0.0,0.556,0.444,101.325,0.8888889,244,333.0,9.800000000000011,above,5-10 K,0.93637747,0.059478182,0.004144294,0.0012119667,0.5177004,0.48108765
,1-ethyl-3-methylimidazolium methylsulfate,CCn1cc[n+](C)c1.COS(=O)(=O)[O-],[C2MIm][MeSO4],n-propylbenzene,CCCc1ccccc1,aromatic,n-dodecane,CCCCCCCCCCCC,alkane,0.7707,0.2234,0.0059,0.0,0.5811,0.4189,101.325,1.0,244,333.0,9.800000000000011,above,5-10 K,0.92521256,0.06997114,0.0048163594,0.0012477459,0.5458802,0.452872
,1-ethyl-3-methylimidazolium methylsulfate,CCn1cc[n+](C)c1.COS(=O)(=O)[O-],[C2MIm][MeSO4],n-propylbenzene,CCCc1ccccc1,aromatic,n-tetradecane,CCCCCCCCCCCCCC,alkane,0.9662,0.0317,0.0021,0.0,0.1335,0.8665,101.325,0.0,246,333.0,9.800000000000011,above,5-10 K,0.9837173,0.0151689695,0.0011137133,0.0008045646,0.29717556,0.7020199
,1-ethyl-3-methylimidazolium methylsulfate,CCn1cc[n+](C)c1.COS(=O)(=O)[O-],[C2MIm][MeSO4],n-propylbenzene,CCCc1ccccc1,aromatic,n-tetradecane,CCCCCCCCCCCCCC,alkane,0.9366,0.061,0.0024,0.0,0.236,0.764,101.325,0.11111111,246,333.0,9.800000000000011,above,5-10 K,0.98068756,0.018005962,0.0013065835,0.00084948255,0.32133824,0.6778123
,1-ethyl-3-methylimidazolium methylsulfate,CCn1cc[n+](C)c1.COS(=O)(=O)[O-],[C2MIm][MeSO4],n-propylbenzene,CCCc1ccccc1,aromatic,n-tetradecane,CCCCCCCCCCCCCC,alkane,0.906,0.0913,0.0027,0.0,0.3153,0.6847,101.325,0.22222222,246,333.0,9.800000000000011,above,5-10 K,0.9771209,0.02136487,0.0015142092,0.00075474515,0.35175034,0.647495
,1-ethyl-3-methylimidazolium methylsulfate,CCn1cc[n+](C)c1.COS(=O)(=O)[O-],[C2MIm][MeSO4],n-propylbenzene,CCCc1ccccc1,aromatic,n-tetradecane,CCCCCCCCCCCCCC,alkane,0.8772,0.1197,0.0031,0.0,0.3797,0.6203,101.325,0.33333334,246,333.0,9.800000000000011,above,5-10 K,0.9728167,0.025404874,0.0017784493,0.00079201546,0.37852973,0.62067825
,1-ethyl-3-methylimidazolium methylsulfate,CCn1cc[n+](C)c1.COS(=O)(=O)[O-],[C2MIm][MeSO4],n-propylbenzene,CCCc1ccccc1,aromatic,n-tetradecane,CCCCCCCCCCCCCC,alkane,0.853,0.1437,0.0033,0.0,0.4343,0.5657,101.325,0.44444445,246,333.0,9.800000000000011,above,5-10 K,0.96773005,0.030182812,0.0020871484,0.00082816905,0.40612718,0.5930447
,1-ethyl-3-methylimidazolium methylsulfate,CCn1cc[n+](C)c1.COS(=O)(=O)[O-],[C2MIm][MeSO4],n-propylbenzene,CCCc1ccccc1,aromatic,n-tetradecane,CCCCCCCCCCCCCC,alkane,0.8262,0.1701,0.0037,0.0,0.4786,0.5214,101.325,0.5555556,246,333.0,9.800000000000011,above,5-10 K,0.96170396,0.035845835,0.0024502245,0.00086510263,0.4343873,0.56474763
,1-ethyl-3-methylimidazolium methylsulfate,CCn1cc[n+](C)c1.COS(=O)(=O)[O-],[C2MIm][MeSO4],n-propylbenzene,CCCc1ccccc1,aromatic,n-tetradecane,CCCCCCCCCCCCCC,alkane,0.8044,0.1916,0.004,0.0,0.5177,0.4823,101.325,0.6666667,246,333.0,9.800000000000011,above,5-10 K,0.9546886,0.04244003,0.0028714016,0.0009021726,0.46280918,0.5362886
,1-ethyl-3-methylimidazolium methylsulfate,CCn1cc[n+](C)c1.COS(=O)(=O)[O-],[C2MIm][MeSO4],n-propylbenzene,CCCc1ccccc1,aromatic,n-tetradecane,CCCCCCCCCCCCCC,alkane,0.78,0.2157,0.0043,0.0,0.5502,0.4498,101.325,0.7777778,246,333.0,9.800000000000011,above,5-10 K,0.94634026,0.050298337,0.0033613588,0.00093442906,0.49189878,0.50716674
,1-ethyl-3-methylimidazolium methylsulfate,CCn1cc[n+](C)c1.COS(=O)(=O)[O-],[C2MIm][MeSO4],n-propylbenzene,CCCc1ccccc1,aromatic,n-tetradecane,CCCCCCCCCCCCCC,alkane,0.755,0.2403,0.0047,0.0,0.578,0.422,101.325,0.8888889,246,333.0,9.800000000000011,above,5-10 K,0.9366374,0.059439685,0.0039229086,0.0009644412,0.5208678,0.47816768
,1-ethyl-3-methylimidazolium methylsulfate,CCn1cc[n+](C)c1.COS(=O)(=O)[O-],[C2MIm][MeSO4],n-propylbenzene,CCCc1ccccc1,aromatic,n-tetradecane,CCCCCCCCCCCCCC,alkane,0.7336,0.2614,0.005,0.0,0.6032,0.3968,101.325,1.0,246,333.0,9.800000000000011,above,5-10 K,0.9269537,0.06847066,0.004575696,0.0013178389,0.5372475,0.4614347
,1-butyl-3-methylimidazolium methylsulfate,CCCCn1cc[n+](C)c1.COS(=O)(=O)[O-],[C4MIm][MeSO4],benzene,c1ccccc1,aromatic,n-hexane,CCCCCC,alkane,0.9174,0.0635,0.0191,0.0,0.0706,0.9294,101.325,0.0,249,328.2,5.0,above,0-5 K,0.90649736,0.087839976,0.0056625754,0.0026949071,0.2001079,0.7971971
,1-butyl-3-methylimidazolium methylsulfate,CCCCn1cc[n+](C)c1.COS(=O)(=O)[O-],[C4MIm][MeSO4],benzene,c1ccccc1,aromatic,n-hexane,CCCCCC,alkane,0.8787,0.1026,0.0187,0.0,0.1189,0.8811,101.325,0.14285715,249,328.2,5.0,above,0-5 K,0.8853979,0.107784,0.006818014,0.0028061422,0.23041855,0.76677525
,1-butyl-3-methylimidazolium methylsulfate,CCCCn1cc[n+](C)c1.COS(=O)(=O)[O-],[C4MIm][MeSO4],benzene,c1ccccc1,aromatic,n-hexane,CCCCCC,alkane,0.8445,0.1374,0.0181,0.0,0.1704,0.8296,101.325,0.2857143,249,328.2,5.0,above,0-5 K,0.8588581,0.1329483,0.008193608,0.0027817893,0.2655577,0.7316605
,1-butyl-3-methylimidazolium methylsulfate,CCCCn1cc[n+](C)c1.COS(=O)(=O)[O-],[C4MIm][MeSO4],benzene,c1ccccc1,aromatic,n-hexane,CCCCCC,alkane,0.8096,0.1728,0.0176,0.0,0.2289,0.7711,101.325,0.42857143,249,328.2,5.0,above,0-5 K,0.8300948,0.16015086,0.009754275,0.0029864248,0.30105254,0.69596106
,1-butyl-3-methylimidazolium methylsulfate,CCCCn1cc[n+](C)c1.COS(=O)(=O)[O-],[C4MIm][MeSO4],benzene,c1ccccc1,aromatic,n-hexane,CCCCCC,alkane,0.7758,0.2069,0.0173,0.0,0.2825,0.7175,101.325,0.5714286,249,328.2,5.0,above,0-5 K,0.7968785,0.19158846,0.011532956,0.003185243,0.33915555,0.6576591
,1-butyl-3-methylimidazolium methylsulfate,CCCCn1cc[n+](C)c1.COS(=O)(=O)[O-],[C4MIm][MeSO4],benzene,c1ccccc1,aromatic,n-hexane,CCCCCC,alkane,0.7575,0.2258,0.0167,0.0,0.3314,0.6686,101.325,0.71428573,249,328.2,5.0,above,0-5 K,0.7590731,0.22739874,0.013528109,0.003373016,0.3794582,0.61716884
,1-butyl-3-methylimidazolium methylsulfate,CCCCn1cc[n+](C)c1.COS(=O)(=O)[O-],[C4MIm][MeSO4],benzene,c1ccccc1,aromatic,n-hexane,CCCCCC,alkane,0.7281,0.2554,0.0165,0.0,0.388,0.612,101.325,0.85714287,249,328.2,5.0,above,0-5 K,0.7170112,0.26727512,0.015713703,0.0035433825,0.4213149,0.5751417
,1-butyl-3-methylimidazolium methylsulfate,CCCCn1cc[n+](C)c1.COS(=O)(=O)[O-],[C4MIm][MeSO4],benzene,c1ccccc1,aromatic,n-hexane,CCCCCC,alkane,0.7052,0.2786,0.0162,0.0,0.4502,0.5498,101.325,1.0,249,328.2,5.0,above,0-5 K,0.67070127,0.31120965,0.018089058,0.003695655,0.46439338,0.53191096
,1-butyl-3-methylimidazolium methylsulfate,CCCCn1cc[n+](C)c1.COS(=O)(=O)[O-],[C4MIm][MeSO4],toluene,Cc1ccccc1,aromatic,n-heptane,CCCCCCC,alkane,0.9843,0.0041,0.0116,0.0,0.0178,0.9822,101.325,0.0,254,348.2,25.0,above,>20 K,0.96377105,0.034205783,0.0020232336,0.0015584017,0.25146058,0.746981
,1-butyl-3-methylimidazolium methylsulfate,CCCCn1cc[n+](C)c1.COS(=O)(=O)[O-],[C4MIm][MeSO4],toluene,Cc1ccccc1,aromatic,n-heptane,CCCCCCC,alkane,0.97040004,0.018900001,0.010700001,1e-04,0.0562,0.9437,101.325,0.1,254,348.2,25.0,above,>20 K,0.95819825,0.03946278,0.0023390267,0.001779525,0.27141082,0.7268096
,1-butyl-3-methylimidazolium methylsulfate,CCCCn1cc[n+](C)c1.COS(=O)(=O)[O-],[C4MIm][MeSO4],toluene,Cc1ccccc1,aromatic,n-heptane,CCCCCCC,alkane,0.96070004,0.029000001,0.010300001,0.0,0.0918,0.9082,101.325,0.2,254,348.2,25.0,above,>20 K,0.9516172,0.045699775,0.002683165,0.0018739185,0.29463992,0.7034862
,1-butyl-3-methylimidazolium methylsulfate,CCCCn1cc[n+](C)c1.COS(=O)(=O)[O-],[C4MIm][MeSO4],toluene,Cc1ccccc1,aromatic,n-heptane,CCCCCCC,alkane,0.94640005,0.042600002,0.011000001,0.0026,0.1359,0.8615,101.325,0.3,254,348.2,25.0,above,>20 K,0.94404274,0.052881435,0.0030757634,0.0019683198,0.31911585,0.6789159
,1-butyl-3-methylimidazolium methylsulfate,CCCCn1cc[n+](C)c1.COS(=O)(=O)[O-],[C4MIm][MeSO4],toluene,Cc1ccccc1,aromatic,n-heptane,CCCCCCC,alkane,0.9423,0.0476,0.0101,0.0,0.1528,0.8472,101.325,0.4,254,348.2,25.0,above,>20 K,0.9355049,0.060978968,0.0035161101,0.002059447,0.34435466,0.6535859
,1-butyl-3-methylimidazolium methylsulfate,CCCCn1cc[n+](C)c1.COS(=O)(=O)[O-],[C4MIm][MeSO4],toluene,Cc1ccccc1,aromatic,n-heptane,CCCCCCC,alkane,0.89750004,0.09260001,0.009900001,0.0,0.3008,0.6992,101.325,0.5,254,348.2,25.0,above,>20 K,0.9256109,0.070369914,0.0040192073,0.0021497463,0.3708467,0.62700355
,1-butyl-3-methylimidazolium methylsulfate,CCCCn1cc[n+](C)c1.COS(=O)(=O)[O-],[C4MIm][MeSO4],toluene,Cc1ccccc1,aromatic,n-heptane,CCCCCCC,alkane,0.8595,0.1313,0.0092,0.0,0.4366,0.5634,101.325,0.6,254,348.2,25.0,above,>20 K,0.9143428,0.0810719,0.004585296,0.0022363293,0.39813796,0.59962565
,1-butyl-3-methylimidazolium methylsulfate,CCCCn1cc[n+](C)c1.COS(=O)(=O)[O-],[C4MIm][MeSO4],toluene,Cc1ccccc1,aromatic,n-heptane,CCCCCCC,alkane,0.822,0.1684,0.0096,0.0065,0.5494,0.4441,101.325,0.7,254,348.2,25.0,above,>20 K,0.9016908,0.093089856,0.005219407,0.0023173047,0.42593473,0.571748
,1-butyl-3-methylimidazolium methylsulfate,CCCCn1cc[n+](C)c1.COS(=O)(=O)[O-],[C4MIm][MeSO4],toluene,Cc1ccccc1,aromatic,n-heptane,CCCCCCC,alkane,0.7684,0.2245,0.0071,0.0039,0.7075,0.2886,101.325,0.8,254,348.2,25.0,above,>20 K,0.887318,0.106753245,0.005928714,0.0023944261,0.45427376,0.54333186
,1-butyl-3-methylimidazolium methylsulfate,CCCCn1cc[n+](C)c1.COS(=O)(=O)[O-],[C4MIm][MeSO4],toluene,Cc1ccccc1,aromatic,n-heptane,CCCCCCC,alkane,0.7569,0.2387,0.0044,0.0003,0.8243,0.1754,101.325,0.9,254,348.2,25.0,above,>20 K,0.8711053,0.12217487,0.0067198887,0.0024659852,0.482993,0.51454103
,1-butyl-3-methylimidazolium methylsulfate,CCCCn1cc[n+](C)c1.COS(=O)(=O)[O-],[C4MIm][MeSO4],toluene,Cc1ccccc1,aromatic,n-heptane,CCCCCCC,alkane,0.6568,0.3431,1e-04,0.0,0.9967,0.0033,101.325,1.0,254,348.2,25.0,above,>20 K,0.8531559,0.13925327,0.0075907526,0.002527261,0.51168525,0.4857875
,"1,3-dimethylimidazolium methylsulfate",COS(=O)(=O)[O-].Cn1cc[n+](C)c1,[C1MIm][MeSO4],toluene,Cc1ccccc1,aromatic,n-heptane,CCCCCCC,alkane,0.9988,0.0,0.0012,0.0053,0.0,0.9947,101.325,0.0,259,348.2,25.0,above,>20 K,0.97908413,0.019973163,0.0009426887,0.000931741,0.2558049,0.7432633
,"1,3-dimethylimidazolium methylsulfate",COS(=O)(=O)[O-].Cn1cc[n+](C)c1,[C1MIm][MeSO4],toluene,Cc1ccccc1,aromatic,n-heptane,CCCCCCC,alkane,0.99480003,0.0039000001,0.0013000001,0.0369,0.0595,0.9036,101.325,0.05,259,348.2,25.0,above,>20 K,0.97739273,0.021593753,0.0010136068,0.00095795613,0.26716352,0.7318785
,"1,3-dimethylimidazolium methylsulfate",COS(=O)(=O)[O-].Cn1cc[n+](C)c1,[C1MIm][MeSO4],toluene,Cc1ccccc1,aromatic,n-heptane,CCCCCCC,alkane,0.9887,0.0101,0.0012,0.0187,0.1242,0.8571,101.325,0.1,259,348.2,25.0,above,>20 K,0.97549427,0.023413492,0.0010921512,0.0009980358,0.27873725,0.7202647
,"1,3-dimethylimidazolium methylsulfate",COS(=O)(=O)[O-].Cn1cc[n+](C)c1,[C1MIm][MeSO4],toluene,Cc1ccccc1,aromatic,n-heptane,CCCCCCC,alkane,0.986,0.0126,0.0014,0.0203,0.1725,0.8072,101.325,0.15,259,348.2,25.0,above,>20 K,0.973512,0.025313884,0.0011740595,0.0010243076,0.29080683,0.70816886
,"1,3-dimethylimidazolium methylsulfate",COS(=O)(=O)[O-].Cn1cc[n+](C)c1,[C1MIm][MeSO4],toluene,Cc1ccccc1,aromatic,n-heptane,CCCCCCC,alkane,0.9805,0.0184,0.0011,0.0198,0.2326,0.7476,101.325,0.2,259,348.2,25.0,above,>20 K,0.9713688,0.027369067,0.0012620806,0.0010512286,0.30317852,0.6957702
,"1,3-dimethylimidazolium methylsulfate",COS(=O)(=O)[O-].Cn1cc[n+](C)c1,[C1MIm][MeSO4],toluene,Cc1ccccc1,aromatic,n-heptane,CCCCCCC,alkane,0.9768,0.0219,0.0013,0.014,0.2727,0.7133,101.325,0.25,259,348.2,25.0,above,>20 K,0.9691187,0.029525995,0.0013553877,0.0010776224,0.31567279,0.6832496
,"1,3-dimethylimidazolium methylsulfate",COS(=O)(=O)[O-].Cn1cc[n+](C)c1,[C1MIm][MeSO4],toluene,Cc1ccccc1,aromatic,n-heptane,CCCCCCC,alkane,0.9722,0.0266,0.0012,0.0155,0.3349,0.6496,101.325,0.3,259,348.2,25.0,above,>20 K,0.96663326,0.031910338,0.0014564461,0.0011039656,0.32862088,0.6702752
,"1,3-dimethylimidazolium methylsulfate",COS(=O)(=O)[O-].Cn1cc[n+](C)c1,[C1MIm][MeSO4],toluene,Cc1ccccc1,aromatic,n-heptane,CCCCCCC,alkane,0.9713,0.0278,0.0009,0.0143,0.3885,0.5972,101.325,0.35,259,348.2,25.0,above,>20 K,0.9639519,0.034482732,0.0015653922,0.0011304085,0.3418682,0.6570014
,"1,3-dimethylimidazolium methylsulfate",COS(=O)(=O)[O-].Cn1cc[n+](C)c1,[C1MIm][MeSO4],toluene,Cc1ccccc1,aromatic,n-heptane,CCCCCCC,alkane,0.9643,0.0346,0.0011,0.016,0.4367,0.5473,101.325,0.4,259,348.2,25.0,above,>20 K,0.9611372,0.037183076,0.0016797647,0.0011552422,0.3551936,0.6436512
,"1,3-dimethylimidazolium methylsulfate",COS(=O)(=O)[O-].Cn1cc[n+](C)c1,[C1MIm][MeSO4],toluene,Cc1ccccc1,aromatic,n-heptane,CCCCCCC,alkane,0.95860004,0.040400002,0.0010000002,0.0332,0.4806,0.4862,101.325,0.45,259,348.2,25.0,above,>20 K,0.9580306,0.04016517,0.0018041782,0.0011804824,0.36900097,0.62981856
,"1,3-dimethylimidazolium methylsulfate",COS(=O)(=O)[O-].Cn1cc[n+](C)c1,[C1MIm][MeSO4],toluene,Cc1ccccc1,aromatic,n-heptane,CCCCCCC,alkane,0.9558,0.0434,0.0008,0.0125,0.5356,0.4519,101.325,0.5,259,348.2,25.0,above,>20 K,0.95467305,0.043388695,0.0019382249,0.0012059895,0.3830321,0.6157619
,"1,3-dimethylimidazolium methylsulfate",COS(=O)(=O)[O-].Cn1cc[n+](C)c1,[C1MIm][MeSO4],toluene,Cc1ccccc1,aromatic,n-heptane,CCCCCCC,alkane,0.95680004,0.042300005,0.00090000004,0.021,0.5901,0.3889,101.325,0.55,259,348.2,25.0,above,>20 K,0.951175,0.046747644,0.0020774154,0.0012289933,0.39698562,0.6017854
,"1,3-dimethylimidazolium methylsulfate",COS(=O)(=O)[O-].Cn1cc[n+](C)c1,[C1MIm][MeSO4],toluene,Cc1ccccc1,aromatic,n-heptane,CCCCCCC,alkane,0.9495,0.0499,0.0006,0.0,0.6651,0.3349,101.325,0.6,259,348.2,25.0,above,>20 K,0.9473225,0.050448224,0.002229231,0.001252201,0.411438,0.5873098
,"1,3-dimethylimidazolium methylsulfate",COS(=O)(=O)[O-].Cn1cc[n+](C)c1,[C1MIm][MeSO4],toluene,Cc1ccccc1,aromatic,n-heptane,CCCCCCC,alkane,0.9377,0.0616,0.0007,0.0058,0.6977,0.2965,101.325,0.65,259,348.2,25.0,above,>20 K,0.94318837,0.05441973,0.0023919167,0.0012756573,0.42590237,0.572822
,"1,3-dimethylimidazolium methylsulfate",COS(=O)(=O)[O-].Cn1cc[n+](C)c1,[C1MIm][MeSO4],toluene,Cc1ccccc1,aromatic,n-heptane,CCCCCCC,alkane,0.9372,0.0622,0.0006,0.0008,0.7452,0.254,101.325,0.7,259,348.2,25.0,above,>20 K,0.9358383,0.0614903,0.0026714636,0.0012637897,0.4468456,0.5518907
,"1,3-dimethylimidazolium methylsulfate",COS(=O)(=O)[O-].Cn1cc[n+](C)c1,[C1MIm][MeSO4],toluene,Cc1ccccc1,aromatic,n-heptane,CCCCCCC,alkane,0.9336,0.0659,0.0005,0.0004,0.7853,0.2143,101.325,0.75,259,348.2,25.0,above,>20 K,0.9292884,0.06779157,0.002920067,0.0012634905,0.46478325,0.53395325
,"1,3-dimethylimidazolium methylsulfate",COS(=O)(=O)[O-].Cn1cc[n+](C)c1,[C1MIm][MeSO4],toluene,Cc1ccccc1,aromatic,n-heptane,CCCCCCC,alkane,0.9277,0.0716,0.0007,0.0,0.8285,0.1715,101.325,0.8,259,348.2,25.0,above,>20 K,0.9238079,0.07306164,0.0031304872,0.001282792,0.47979122,0.51892596
,"1,3-dimethylimidazolium methylsulfate",COS(=O)(=O)[O-].Cn1cc[n+](C)c1,[C1MIm][MeSO4],toluene,Cc1ccccc1,aromatic,n-heptane,CCCCCCC,alkane,0.9227,0.0768,0.0005,0.0,0.876,0.124,101.325,0.85,259,348.2,25.0,above,>20 K,0.91783047,0.07881547,0.0033541175,0.0012887518,0.49563774,0.50307345
,"1,3-dimethylimidazolium methylsulfate",COS(=O)(=O)[O-].Cn1cc[n+](C)c1,[C1MIm][MeSO4],toluene,Cc1ccccc1,aromatic,n-heptane,CCCCCCC,alkane,0.9209,0.0787,0.0004,0.0,0.9242,0.0758,101.325,0.9,259,348.2,25.0,above,>20 K,0.91152483,0.084885195,0.0035900269,0.0012994672,0.511031,0.48766956
,"1,3-dimethylimidazolium methylsulfate",COS(=O)(=O)[O-].Cn1cc[n+](C)c1,[C1MIm][MeSO4],toluene,Cc1ccccc1,aromatic,n-heptane,CCCCCCC,alkane,0.9171,0.0826,0.0003,0.0,0.9611,0.0389,101.325,0.95,259,348.2,25.0,above,>20 K,0.9047753,0.09138146,0.0038431904,0.0013155964,0.52619237,0.472492
,"1,3-dimethylimidazolium methylsulfate",COS(=O)(=O)[O-].Cn1cc[n+](C)c1,[C1MIm][MeSO4],toluene,Cc1ccccc1,aromatic,n-heptane,CCCCCCC,alkane,0.8953,0.1047,0.0,0.0,1.0,0.0,101.325,1.0,259,348.2,25.0,above,>20 K,0.9012321,0.09475413,0.004013743,0.0014782442,0.5327964,0.4657254
,"1,3-dimethylimidazolium methylsulfate",COS(=O)(=O)[O-].Cn1cc[n+](C)c1,[C1MIm][MeSO4],n-propylbenzene,CCCc1ccccc1,aromatic,n-dodecane,CCCCCCCCCCCC,alkane,0.9695,0.0268,0.0037,0.0,0.1204,0.8796,101.325,0.0,261,333.0,9.800000000000011,above,5-10 K,0.98289984,0.015919881,0.001180314,0.0008946384,0.3092444,0.689861
,"1,3-dimethylimidazolium methylsulfate",COS(=O)(=O)[O-].Cn1cc[n+](C)c1,[C1MIm][MeSO4],n-propylbenzene,CCCc1ccccc1,aromatic,n-dodecane,CCCCCCCCCCCC,alkane,0.9427,0.0531,0.0042,0.0,0.2143,0.7857,101.325,0.1,261,333.0,9.800000000000011,above,5-10 K,0.98005384,0.01858274,0.0013634035,0.00093845226,0.3313212,0.6677404
,"1,3-dimethylimidazolium methylsulfate",COS(=O)(=O)[O-].Cn1cc[n+](C)c1,[C1MIm][MeSO4],n-propylbenzene,CCCc1ccccc1,aromatic,n-dodecane,CCCCCCCCCCCC,alkane,0.91770005,0.077800006,0.0045000003,0.0,0.2904,0.7096,101.325,0.2,261,333.0,9.800000000000011,above,5-10 K,0.9751521,0.02315744,0.0016904393,0.001090717,0.3558776,0.64303166
,"1,3-dimethylimidazolium methylsulfate",COS(=O)(=O)[O-].Cn1cc[n+](C)c1,[C1MIm][MeSO4],n-propylbenzene,CCCc1ccccc1,aromatic,n-dodecane,CCCCCCCCCCCC,alkane,0.8934,0.1014,0.0052,0.0,0.353,0.647,101.325,0.3,261,333.0,9.800000000000011,above,5-10 K,0.97012717,0.027853934,0.0020188733,0.0011992491,0.3801733,0.6186274
,"1,3-dimethylimidazolium methylsulfate",COS(=O)(=O)[O-].Cn1cc[n+](C)c1,[C1MIm][MeSO4],n-propylbenzene,CCCc1ccccc1,aromatic,n-dodecane,CCCCCCCCCCCC,alkane,0.8687,0.1256,0.0057,0.0,0.4047,0.5953,101.325,0.4,261,333.0,9.800000000000011,above,5-10 K,0.96528596,0.032389775,0.0023243232,0.0012485589,0.4043089,0.5944426
,"1,3-dimethylimidazolium methylsulfate",COS(=O)(=O)[O-].Cn1cc[n+](C)c1,[C1MIm][MeSO4],n-propylbenzene,CCCc1ccccc1,aromatic,n-dodecane,CCCCCCCCCCCC,alkane,0.8462,0.1477,0.0061,0.0,0.4491,0.5509,101.325,0.5,261,333.0,9.800000000000011,above,5-10 K,0.9596881,0.03763894,0.0026729181,0.0012971632,0.42896575,0.5697371
,"1,3-dimethylimidazolium methylsulfate",COS(=O)(=O)[O-].Cn1cc[n+](C)c1,[C1MIm][MeSO4],n-propylbenzene,CCCc1ccccc1,aromatic,n-dodecane,CCCCCCCCCCCC,alkane,0.8236,0.1699,0.0065,0.0,0.4869,0.5131,101.325,0.6,261,333.0,9.800000000000011,above,5-10 K,0.9532128,0.043714497,0.0030727503,0.0013439361,0.45406416,0.5445919
,"1,3-dimethylimidazolium methylsulfate",COS(=O)(=O)[O-].Cn1cc[n+](C)c1,[C1MIm][MeSO4],n-propylbenzene,CCCc1ccccc1,aromatic,n-dodecane,CCCCCCCCCCCC,alkane,0.8025,0.1907,0.0068,0.0,0.52,0.48,101.325,0.7,261,333.0,9.800000000000011,above,5-10 K,0.9457547,0.0507172,0.0035280297,0.0013887861,0.47942826,0.5191829
,"1,3-dimethylimidazolium methylsulfate",COS(=O)(=O)[O-].Cn1cc[n+](C)c1,[C1MIm][MeSO4],n-propylbenzene,CCCc1ccccc1,aromatic,n-dodecane,CCCCCCCCCCCC,alkane,0.7823,0.2106,0.0071,0.0,0.5491,0.4509,101.325,0.8,261,333.0,9.800000000000011,above,5-10 K,0.9372302,0.058726326,0.0040435363,0.001431397,0.5047959,0.49377266
,"1,3-dimethylimidazolium methylsulfate",COS(=O)(=O)[O-].Cn1cc[n+](C)c1,[C1MIm][MeSO4],n-propylbenzene,CCCc1ccccc1,aromatic,n-dodecane,CCCCCCCCCCCC,alkane,0.762,0.2305,0.0075,0.0,0.5746,0.4254,101.325,0.9,261,333.0,9.800000000000011,above,5-10 K,0.93373615,0.06205493,0.0042089513,0.0013170001,0.52628136,0.47240168
,"1,3-dimethylimidazolium methylsulfate",COS(=O)(=O)[O-].Cn1cc[n+](C)c1,[C1MIm][MeSO4],n-propylbenzene,CCCc1ccccc1,aromatic,n-dodecane,CCCCCCCCCCCC,alkane,0.7436,0.2486,0.0078,0.0,0.5976,0.4024,101.325,1.0,261,333.0,9.800000000000011,above,5-10 K,0.9267315,0.068668514,0.004599984,0.0012769204,0.5496172,0.4491059
,"1,3-dimethylimidazolium methylsulfate",COS(=O)(=O)[O-].Cn1cc[n+](C)c1,[C1MIm][MeSO4],n-propylbenzene,CCCc1ccccc1,aromatic,n-tetradecane,CCCCCCCCCCCCCC,alkane,0.9641,0.0334,0.0025,0.0,0.1294,0.8706,101.325,0.0,263,333.0,9.800000000000011,above,5-10 K,0.9842286,0.014719664,0.0010517136,0.0008258166,0.2991246,0.7000495
,"1,3-dimethylimidazolium methylsulfate",COS(=O)(=O)[O-].Cn1cc[n+](C)c1,[C1MIm][MeSO4],n-propylbenzene,CCCc1ccccc1,aromatic,n-tetradecane,CCCCCCCCCCCCCC,alkane,0.9342,0.063,0.0028,0.0,0.2305,0.7695,101.325,0.11111111,263,333.0,9.800000000000011,above,5-10 K,0.9813147,0.017455162,0.0012300059,0.0008568626,0.324064,0.67507917
,"1,3-dimethylimidazolium methylsulfate",COS(=O)(=O)[O-].Cn1cc[n+](C)c1,[C1MIm][MeSO4],n-propylbenzene,CCCc1ccccc1,aromatic,n-tetradecane,CCCCCCCCCCCCCC,alkane,0.90610003,0.09080001,0.0031000003,0.0,0.3105,0.6895,101.325,0.22222222,263,333.0,9.800000000000011,above,5-10 K,0.9757283,0.022683883,0.0015878412,0.00095748383,0.35503736,0.6440052
,"1,3-dimethylimidazolium methylsulfate",COS(=O)(=O)[O-].Cn1cc[n+](C)c1,[C1MIm][MeSO4],n-propylbenzene,CCCc1ccccc1,aromatic,n-tetradecane,CCCCCCCCCCCCCC,alkane,0.8794,0.1171,0.0035,0.0,0.3756,0.6244,101.325,0.33333334,263,333.0,9.800000000000011,above,5-10 K,0.9697067,0.028333576,0.001959745,0.0010108375,0.38528463,0.6137045
,"1,3-dimethylimidazolium methylsulfate",COS(=O)(=O)[O-].Cn1cc[n+](C)c1,[C1MIm][MeSO4],n-propylbenzene,CCCc1ccccc1,aromatic,n-tetradecane,CCCCCCCCCCCCCC,alkane,0.8517,0.1445,0.0038,0.0,0.4281,0.5719,101.325,0.44444445,263,333.0,9.800000000000011,above,5-10 K,0.96389484,0.033792485,0.0023127273,0.0010669907,0.41323423,0.5856988
,"1,3-dimethylimidazolium methylsulfate",COS(=O)(=O)[O-].Cn1cc[n+](C)c1,[C1MIm][MeSO4],n-propylbenzene,CCCc1ccccc1,aromatic,n-tetradecane,CCCCCCCCCCCCCC,alkane,0.8291,0.1668,0.0041,0.0,0.4741,0.5259,101.325,0.5555556,263,333.0,9.800000000000011,above,5-10 K,0.95685357,0.040407117,0.002739279,0.0011337622,0.4417502,0.5571161
,"1,3-dimethylimidazolium methylsulfate",COS(=O)(=O)[O-].Cn1cc[n+](C)c1,[C1MIm][MeSO4],n-propylbenzene,CCCc1ccccc1,aromatic,n-tetradecane,CCCCCCCCCCCCCC,alkane,0.8033,0.1923,0.0044,0.0,0.5115,0.4885,101.325,0.6666667,263,333.0,9.800000000000011,above,5-10 K,0.94895935,0.04783625,0.0032043846,0.0011762538,0.4706428,0.52818096
,"1,3-dimethylimidazolium methylsulfate",COS(=O)(=O)[O-].Cn1cc[n+](C)c1,[C1MIm][MeSO4],n-propylbenzene,CCCc1ccccc1,aromatic,n-tetradecane,CCCCCCCCCCCCCC,alkane,0.7778,0.2174,0.0048,0.0,0.5436,0.4564,101.325,0.7777778,263,333.0,9.800000000000011,above,5-10 K,0.9396219,0.056630664,0.0037474674,0.0012162281,0.5000131,0.49877062
,"1,3-dimethylimidazolium methylsulfate",COS(=O)(=O)[O-].Cn1cc[n+](C)c1,[C1MIm][MeSO4],n-propylbenzene,CCCc1ccccc1,aromatic,n-tetradecane,CCCCCCCCCCCCCC,alkane,0.7546,0.2403,0.0051,0.0,0.572,0.428,101.325,0.8888889,263,333.0,9.800000000000011,above,5-10 K,0.92877597,0.06685197,0.004372053,0.0012533776,0.52919704,0.46954957
,"1,3-dimethylimidazolium methylsulfate",COS(=O)(=O)[O-].Cn1cc[n+](C)c1,[C1MIm][MeSO4],n-propylbenzene,CCCc1ccccc1,aromatic,n-tetradecane,CCCCCCCCCCCCCC,alkane,0.7316,0.2629,0.0055,0.0,0.5968,0.4032,101.325,1.0,263,333.0,9.800000000000011,above,5-10 K,0.9151028,0.07971737,0.0051798653,0.0013484124,0.5577207,0.4409309
,1-ethyl-3-methylimidazolium ethylsulfate,CCOS(=O)(=O)[O-].CCn1cc[n+](C)c1,[C2MIm][EtSO4],benzene,c1ccccc1,aromatic,n-hexane,CCCCCC,alkane,0.959,0.032,0.009,0.0,0.067,0.933,101.325,0.0,271,328.2,5.0,above,0-5 K,0.911922,0.08308487,0.00499319,0.002620351,0.20342097,0.7939587
,1-ethyl-3-methylimidazolium ethylsulfate,CCOS(=O)(=O)[O-].CCn1cc[n+](C)c1,[C2MIm][EtSO4],benzene,c1ccccc1,aromatic,n-hexane,CCCCCC,alkane,0.925,0.066,0.009,0.0,0.135,0.865,101.325,0.14285715,271,328.2,5.0,above,0-5 K,0.8926292,0.10135683,0.006013995,0.0028251351,0.2333738,0.763801
,1-ethyl-3-methylimidazolium ethylsulfate,CCOS(=O)(=O)[O-].CCn1cc[n+](C)c1,[C2MIm][EtSO4],benzene,c1ccccc1,aromatic,n-hexane,CCCCCC,alkane,0.905,0.086,0.009,0.0,0.18,0.82,101.325,0.2857143,271,328.2,5.0,above,0-5 K,0.86986715,0.12294124,0.00719161,0.0030031686,0.26638526,0.7306116
,1-ethyl-3-methylimidazolium ethylsulfate,CCOS(=O)(=O)[O-].CCn1cc[n+](C)c1,[C2MIm][EtSO4],benzene,c1ccccc1,aromatic,n-hexane,CCCCCC,alkane,0.875,0.116,0.009,0.0,0.244,0.756,101.325,0.42857143,271,328.2,5.0,above,0-5 K,0.84274435,0.14866592,0.008589804,0.0032210469,0.30226985,0.6945091
,1-ethyl-3-methylimidazolium ethylsulfate,CCOS(=O)(=O)[O-].CCn1cc[n+](C)c1,[C2MIm][EtSO4],benzene,c1ccccc1,aromatic,n-hexane,CCCCCC,alkane,0.852,0.139,0.009,0.0,0.303,0.697,101.325,0.5714286,271,328.2,5.0,above,0-5 K,0.81121165,0.17858876,0.010199593,0.0034325912,0.34072262,0.6558448
,1-ethyl-3-methylimidazolium ethylsulfate,CCOS(=O)(=O)[O-].CCn1cc[n+](C)c1,[C2MIm][EtSO4],benzene,c1ccccc1,aromatic,n-hexane,CCCCCC,alkane,0.831,0.161,0.008,0.0,0.36,0.64,101.325,0.71428573,271,328.2,5.0,above,0-5 K,0.7739138,0.21377851,0.012307642,0.00397106,0.37943074,0.61659825
,1-ethyl-3-methylimidazolium ethylsulfate,CCOS(=O)(=O)[O-].CCn1cc[n+](C)c1,[C2MIm][EtSO4],benzene,c1ccccc1,aromatic,n-hexane,CCCCCC,alkane,0.803,0.189,0.008,0.0,0.429,0.571,101.325,0.85714287,271,328.2,5.0,above,0-5 K,0.7334039,0.25224036,0.014355746,0.0041686064,0.42145455,0.5743769
,1-ethyl-3-methylimidazolium ethylsulfate,CCOS(=O)(=O)[O-].CCn1cc[n+](C)c1,[C2MIm][EtSO4],benzene,c1ccccc1,aromatic,n-hexane,CCCCCC,alkane,0.787,0.205,0.008,0.0,0.474,0.526,101.325,1.0,271,328.2,5.0,above,0-5 K,0.6886317,0.29478812,0.016580157,0.0043391245,0.46460417,0.5310567
,1-ethyl-3-methylimidazolium ethylsulfate,CCOS(=O)(=O)[O-].CCn1cc[n+](C)c1,[C2MIm][EtSO4],toluene,Cc1ccccc1,aromatic,n-heptane,CCCCCCC,alkane,0.9948,0.0,0.0052,0.0087,0.0,0.9913,101.325,0.0,279,348.2,25.0,above,>20 K,0.9666187,0.031559337,0.0018220571,0.0017784125,0.25600827,0.74221325
,1-ethyl-3-methylimidazolium ethylsulfate,CCOS(=O)(=O)[O-].CCn1cc[n+](C)c1,[C2MIm][EtSO4],toluene,Cc1ccccc1,aromatic,n-heptane,CCCCCCC,alkane,0.9822,0.0124,0.0054,0.0035,0.0601,0.9364,101.325,0.05,279,348.2,25.0,above,>20 K,0.96403176,0.034013696,0.0019545618,0.0018273819,0.26718566,0.73098695
,1-ethyl-3-methylimidazolium ethylsulfate,CCOS(=O)(=O)[O-].CCn1cc[n+](C)c1,[C2MIm][EtSO4],toluene,Cc1ccccc1,aromatic,n-heptane,CCCCCCC,alkane,0.9713,0.0229,0.0058,0.0266,0.1059,0.8675,101.325,0.1,279,348.2,25.0,above,>20 K,0.96126074,0.036643986,0.0020953445,0.0018752463,0.27865934,0.71946543
,1-ethyl-3-methylimidazolium ethylsulfate,CCOS(=O)(=O)[O-].CCn1cc[n+](C)c1,[C2MIm][EtSO4],toluene,Cc1ccccc1,aromatic,n-heptane,CCCCCCC,alkane,0.96110004,0.033300005,0.0056000003,0.0374,0.1395,0.8231,101.325,0.15,279,348.2,25.0,above,>20 K,0.9582346,0.039509363,0.0022560419,0.0019475435,0.2901445,0.707908
,1-ethyl-3-methylimidazolium ethylsulfate,CCOS(=O)(=O)[O-].CCn1cc[n+](C)c1,[C2MIm][EtSO4],toluene,Cc1ccccc1,aromatic,n-heptane,CCCCCCC,alkane,0.9476,0.0465,0.0059,0.0357,0.2096,0.7547,101.325,0.2,279,348.2,25.0,above,>20 K,0.9550216,0.04255686,0.0024214825,0.0020073187,0.3020411,0.6959516
,1-ethyl-3-methylimidazolium ethylsulfate,CCOS(=O)(=O)[O-].CCn1cc[n+](C)c1,[C2MIm][EtSO4],toluene,Cc1ccccc1,aromatic,n-heptane,CCCCCCC,alkane,0.941,0.0536,0.0054,0.0415,0.2456,0.7129,101.325,0.25,279,348.2,25.0,above,>20 K,0.95158577,0.04581869,0.002595586,0.00205707,0.31437123,0.68357164
,1-ethyl-3-methylimidazolium ethylsulfate,CCOS(=O)(=O)[O-].CCn1cc[n+](C)c1,[C2MIm][EtSO4],toluene,Cc1ccccc1,aromatic,n-heptane,CCCCCCC,alkane,0.9263,0.0682,0.0055,0.0204,0.3102,0.6694,101.325,0.3,279,348.2,25.0,above,>20 K,0.947879,0.04933773,0.0027832133,0.0021112403,0.32697284,0.67091596
,1-ethyl-3-methylimidazolium ethylsulfate,CCOS(=O)(=O)[O-].CCn1cc[n+](C)c1,[C2MIm][EtSO4],toluene,Cc1ccccc1,aromatic,n-heptane,CCCCCCC,alkane,0.9224,0.0721,0.0055,0.0292,0.3504,0.6204,101.325,0.35,279,348.2,25.0,above,>20 K,0.9439103,0.053103916,0.0029858192,0.0021715325,0.33971363,0.65811485
,1-ethyl-3-methylimidazolium ethylsulfate,CCOS(=O)(=O)[O-].CCn1cc[n+](C)c1,[C2MIm][EtSO4],toluene,Cc1ccccc1,aromatic,n-heptane,CCCCCCC,alkane,0.9122,0.0826,0.0052,0.0329,0.3829,0.5842,101.325,0.4,279,348.2,25.0,above,>20 K,0.9396879,0.05711711,0.0031950483,0.0022184704,0.35283554,0.6449459
,1-ethyl-3-methylimidazolium ethylsulfate,CCOS(=O)(=O)[O-].CCn1cc[n+](C)c1,[C2MIm][EtSO4],toluene,Cc1ccccc1,aromatic,n-heptane,CCCCCCC,alkane,0.9016,0.0943,0.0041,0.0289,0.4482,0.5229,101.325,0.45,279,348.2,25.0,above,>20 K,0.93518245,0.061411206,0.0034063836,0.0022390885,0.36662775,0.63113314
,1-ethyl-3-methylimidazolium ethylsulfate,CCOS(=O)(=O)[O-].CCn1cc[n+](C)c1,[C2MIm][EtSO4],toluene,Cc1ccccc1,aromatic,n-heptane,CCCCCCC,alkane,0.88530004,0.11010001,0.0046000006,0.0274,0.5033,0.4693,101.325,0.5,279,348.2,25.0,above,>20 K,0.930297,0.066082105,0.0036208322,0.0022311076,0.38131604,0.6164529
,1-ethyl-3-methylimidazolium ethylsulfate,CCOS(=O)(=O)[O-].CCn1cc[n+](C)c1,[C2MIm][EtSO4],toluene,Cc1ccccc1,aromatic,n-heptane,CCCCCCC,alkane,0.87380004,0.12200001,0.0042000003,0.0274,0.5391,0.4335,101.325,0.55,279,348.2,25.0,above,>20 K,0.9251438,0.07098524,0.0038710504,0.0022742553,0.39505377,0.60267204
,1-ethyl-3-methylimidazolium ethylsulfate,CCOS(=O)(=O)[O-].CCn1cc[n+](C)c1,[C2MIm][EtSO4],toluene,Cc1ccccc1,aromatic,n-heptane,CCCCCCC,alkane,0.8771,0.119,0.0039,0.0274,0.5876,0.385,101.325,0.6,279,348.2,25.0,above,>20 K,0.9195666,0.07629396,0.004139486,0.0023163392,0.40918556,0.58849806
,1-ethyl-3-methylimidazolium ethylsulfate,CCOS(=O)(=O)[O-].CCn1cc[n+](C)c1,[C2MIm][EtSO4],toluene,Cc1ccccc1,aromatic,n-heptane,CCCCCCC,alkane,0.8631,0.1335,0.0034,0.0213,0.6401,0.3386,101.325,0.65,279,348.2,25.0,above,>20 K,0.91369617,0.08188144,0.0044224435,0.0023580652,0.42325297,0.5743889
,1-ethyl-3-methylimidazolium ethylsulfate,CCOS(=O)(=O)[O-].CCn1cc[n+](C)c1,[C2MIm][EtSO4],toluene,Cc1ccccc1,aromatic,n-heptane,CCCCCCC,alkane,0.85410005,0.14210002,0.0038000003,0.0254,0.6766,0.298,101.325,0.7,279,348.2,25.0,above,>20 K,0.9092346,0.08620618,0.0045592585,0.0022029108,0.4384224,0.55937463
,1-ethyl-3-methylimidazolium ethylsulfate,CCOS(=O)(=O)[O-].CCn1cc[n+](C)c1,[C2MIm][EtSO4],toluene,Cc1ccccc1,aromatic,n-heptane,CCCCCCC,alkane,0.8429,0.1543,0.0028,0.0185,0.7399,0.2416,101.325,0.75,279,348.2,25.0,above,>20 K,0.90356684,0.09164778,0.0047853524,0.0021457048,0.4533169,0.54453737
,1-ethyl-3-methylimidazolium ethylsulfate,CCOS(=O)(=O)[O-].CCn1cc[n+](C)c1,[C2MIm][EtSO4],toluene,Cc1ccccc1,aromatic,n-heptane,CCCCCCC,alkane,0.8362,0.1612,0.0026,0.0204,0.7922,0.1874,101.325,0.8,279,348.2,25.0,above,>20 K,0.89668804,0.09821702,0.0050949394,0.0021603778,0.46810058,0.5297391
,1-ethyl-3-methylimidazolium ethylsulfate,CCOS(=O)(=O)[O-].CCn1cc[n+](C)c1,[C2MIm][EtSO4],toluene,Cc1ccccc1,aromatic,n-heptane,CCCCCCC,alkane,0.8203,0.1775,0.0022,0.0319,0.815,0.1531,101.325,0.85,279,348.2,25.0,above,>20 K,0.8894848,0.10511004,0.005405141,0.0021534946,0.48327237,0.51457417
,1-ethyl-3-methylimidazolium ethylsulfate,CCOS(=O)(=O)[O-].CCn1cc[n+](C)c1,[C2MIm][EtSO4],toluene,Cc1ccccc1,aromatic,n-heptane,CCCCCCC,alkane,0.8159,0.1826,0.0015,0.0262,0.8888,0.085,101.325,0.9,279,348.2,25.0,above,>20 K,0.8816162,0.11262166,0.005762173,0.0021820005,0.49788216,0.49993575
,1-ethyl-3-methylimidazolium ethylsulfate,CCOS(=O)(=O)[O-].CCn1cc[n+](C)c1,[C2MIm][EtSO4],toluene,Cc1ccccc1,aromatic,n-heptane,CCCCCCC,alkane,0.8145,0.1844,0.0011,0.0143,0.9417,0.044,101.325,0.95,279,348.2,25.0,above,>20 K,0.8732322,0.12062666,0.00614112,0.002208425,0.512583,0.48520857
,1-ethyl-3-methylimidazolium ethylsulfate,CCOS(=O)(=O)[O-].CCn1cc[n+](C)c1,[C2MIm][EtSO4],toluene,Cc1ccccc1,aromatic,n-heptane,CCCCCCC,alkane,0.8192,0.1808,0.0,0.0373,0.9627,0.0,101.325,1.0,279,348.2,25.0,above,>20 K,0.86330193,0.13007116,0.0066269306,0.0022999032,0.5268479,0.47085223
,3-methyl-N-ethylpyridinium ethylsulfate,CCOS(=O)(=O)[O-].CC[n+]1cccc(C)c1,[C2MPy][EtSO4],benzene,c1ccccc1,aromatic,n-hexane,CCCCCC,alkane,0.924,0.051,0.025,0.0,0.051,0.949,101.325,0.0,285,283.15,10.0,below,5-10 K,0.86537415,0.12822305,0.0064029107,0.0033163112,0.3024196,0.6942641
,3-methyl-N-ethylpyridinium ethylsulfate,CCOS(=O)(=O)[O-].CC[n+]1cccc(C)c1,[C2MPy][EtSO4],benzene,c1ccccc1,aromatic,n-hexane,CCCCCC,alkane,0.874,0.102,0.024,0.0,0.108,0.892,101.325,0.11111111,285,283.15,10.0,below,5-10 K,0.8439584,0.1487218,0.0073198155,0.003419621,0.33313137,0.66344905
,3-methyl-N-ethylpyridinium ethylsulfate,CCOS(=O)(=O)[O-].CC[n+]1cccc(C)c1,[C2MPy][EtSO4],benzene,c1ccccc1,aromatic,n-hexane,CCCCCC,alkane,0.82600003,0.15000002,0.024000002,0.0,0.16983019,0.83016986,101.325,0.22222222,285,283.15,10.0,below,5-10 K,0.8203911,0.17125472,0.00835419,0.0035812128,0.36434752,0.6320713
,3-methyl-N-ethylpyridinium ethylsulfate,CCOS(=O)(=O)[O-].CC[n+]1cccc(C)c1,[C2MPy][EtSO4],benzene,c1ccccc1,aromatic,n-hexane,CCCCCC,alkane,0.781,0.196,0.023,0.0,0.235,0.765,101.325,0.33333334,285,283.15,10.0,below,5-10 K,0.79412544,0.19638167,0.00949294,0.0037307385,0.39684758,0.5994217
,3-methyl-N-ethylpyridinium ethylsulfate,CCOS(=O)(=O)[O-].CC[n+]1cccc(C)c1,[C2MPy][EtSO4],benzene,c1ccccc1,aromatic,n-hexane,CCCCCC,alkane,0.762,0.215,0.023,0.0,0.263,0.737,101.325,0.44444445,285,283.15,10.0,below,5-10 K,0.7647824,0.22438955,0.01082794,0.0039932407,0.42945942,0.56654733
,3-methyl-N-ethylpyridinium ethylsulfate,CCOS(=O)(=O)[O-].CC[n+]1cccc(C)c1,[C2MPy][EtSO4],benzene,c1ccccc1,aromatic,n-hexane,CCCCCC,alkane,0.702,0.277,0.021,0.0,0.367,0.633,101.325,0.5555556,285,283.15,10.0,below,5-10 K,0.73243,0.255188,0.012382072,0.004389434,0.46170676,0.53390384
,3-methyl-N-ethylpyridinium ethylsulfate,CCOS(=O)(=O)[O-].CC[n+]1cccc(C)c1,[C2MPy][EtSO4],benzene,c1ccccc1,aromatic,n-hexane,CCCCCC,alkane,0.676,0.303,0.021,0.0,0.425,0.575,101.325,0.6666667,285,283.15,10.0,below,5-10 K,0.6985162,0.28764772,0.013836072,0.0045079193,0.4957287,0.49976343
,3-methyl-N-ethylpyridinium ethylsulfate,CCOS(=O)(=O)[O-].CC[n+]1cccc(C)c1,[C2MPy][EtSO4],benzene,c1ccccc1,aromatic,n-hexane,CCCCCC,alkane,0.639,0.342,0.019,0.0,0.493,0.507,101.325,0.7777778,285,283.15,10.0,below,5-10 K,0.66228473,0.3223431,0.015372133,0.004606754,0.5298586,0.4655347
,3-methyl-N-ethylpyridinium ethylsulfate,CCOS(=O)(=O)[O-].CC[n+]1cccc(C)c1,[C2MPy][EtSO4],benzene,c1ccccc1,aromatic,n-hexane,CCCCCC,alkane,0.583,0.403,0.014,0.0,0.626,0.374,101.325,0.8888889,285,283.15,10.0,below,5-10 K,0.62598085,0.35740697,0.016612163,0.0043427343,0.56539315,0.43026412
,3-methyl-N-ethylpyridinium ethylsulfate,CCOS(=O)(=O)[O-].CC[n+]1cccc(C)c1,[C2MPy][EtSO4],benzene,c1ccccc1,aromatic,n-hexane,CCCCCC,alkane,0.519,0.472,0.009,0.0,0.769,0.231,101.325,1.0,285,283.15,10.0,below,5-10 K,0.58617175,0.39559853,0.018229669,0.00439522,0.5985525,0.39705226
,3-methyl-N-ethylpyridinium ethylsulfate,CCOS(=O)(=O)[O-].CC[n+]1cccc(C)c1,[C2MPy][EtSO4],benzene,c1ccccc1,aromatic,n-heptane,CCCCCCC,alkane,0.947,0.045,0.008,0.0,0.052,0.948,101.325,0.0,289,283.15,10.0,below,5-10 K,0.8674208,0.12644117,0.0061380276,0.0031862017,0.29992896,0.6968849
,3-methyl-N-ethylpyridinium ethylsulfate,CCOS(=O)(=O)[O-].CC[n+]1cccc(C)c1,[C2MPy][EtSO4],benzene,c1ccccc1,aromatic,n-heptane,CCCCCCC,alkane,0.864,0.128,0.008,0.0,0.163,0.837,101.325,0.125,289,283.15,10.0,below,5-10 K,0.8440399,0.14882019,0.00713989,0.0033473072,0.33378845,0.66286427
,3-methyl-N-ethylpyridinium ethylsulfate,CCOS(=O)(=O)[O-].CC[n+]1cccc(C)c1,[C2MPy][EtSO4],benzene,c1ccccc1,aromatic,n-heptane,CCCCCCC,alkane,0.827,0.164,0.009,0.0,0.214,0.786,101.325,0.25,289,283.15,10.0,below,5-10 K,0.81715536,0.17455459,0.008290102,0.0035241707,0.36941442,0.6270614
,3-methyl-N-ethylpyridinium ethylsulfate,CCOS(=O)(=O)[O-].CC[n+]1cccc(C)c1,[C2MPy][EtSO4],benzene,c1ccccc1,aromatic,n-heptane,CCCCCCC,alkane,0.791,0.199,0.01,0.0,0.271,0.729,101.325,0.375,289,283.15,10.0,below,5-10 K,0.7869176,0.20351821,0.00956415,0.0036858926,0.40640336,0.58991075
,3-methyl-N-ethylpyridinium ethylsulfate,CCOS(=O)(=O)[O-].CC[n+]1cccc(C)c1,[C2MPy][EtSO4],benzene,c1ccccc1,aromatic,n-heptane,CCCCCCC,alkane,0.759,0.231,0.01,0.0,0.324,0.676,101.325,0.5,289,283.15,10.0,below,5-10 K,0.7532647,0.23576547,0.010969838,0.003833912,0.44447404,0.55169207
,3-methyl-N-ethylpyridinium ethylsulfate,CCOS(=O)(=O)[O-].CC[n+]1cccc(C)c1,[C2MPy][EtSO4],benzene,c1ccccc1,aromatic,n-heptane,CCCCCCC,alkane,0.69100004,0.29800004,0.011000001,0.0,0.442,0.558,101.325,0.625,289,283.15,10.0,below,5-10 K,0.71537215,0.2720414,0.012586467,0.0040372335,0.4828542,0.5131086
,3-methyl-N-ethylpyridinium ethylsulfate,CCOS(=O)(=O)[O-].CC[n+]1cccc(C)c1,[C2MPy][EtSO4],benzene,c1ccccc1,aromatic,n-heptane,CCCCCCC,alkane,0.62700003,0.36400002,0.009000001,0.0,0.567,0.433,101.325,0.75,289,283.15,10.0,below,5-10 K,0.67479885,0.3109277,0.01427347,0.0041851783,0.5214518,0.47436303
,3-methyl-N-ethylpyridinium ethylsulfate,CCOS(=O)(=O)[O-].CC[n+]1cccc(C)c1,[C2MPy][EtSO4],benzene,c1ccccc1,aromatic,n-heptane,CCCCCCC,alkane,0.562,0.431,0.007,0.0,0.697,0.303,101.325,0.875,289,283.15,10.0,below,5-10 K,0.6321835,0.35182217,0.015994417,0.004269832,0.55978876,0.4359414
,3-methyl-N-ethylpyridinium ethylsulfate,CCOS(=O)(=O)[O-].CC[n+]1cccc(C)c1,[C2MPy][EtSO4],benzene,c1ccccc1,aromatic,n-heptane,CCCCCCC,alkane,0.491,0.509,0.0,0.0,0.841,0.159,101.325,1.0,289,283.15,10.0,below,5-10 K,0.5874339,0.39479116,0.017774982,0.004329104,0.59737873,0.39829212
,3-methyl-N-ethylpyridinium ethylsulfate,CCOS(=O)(=O)[O-].CC[n+]1cccc(C)c1,[C2MPy][EtSO4],benzene,c1ccccc1,aromatic,n-octane,CCCCCCCC,alkane,0.91400003,0.080000006,0.0060000005,0.0,0.102,0.898,101.325,0.0,292,283.15,10.0,below,5-10 K,0.8680412,0.12593955,0.0060192575,0.0032034705,0.2969885,0.6998081
,3-methyl-N-ethylpyridinium ethylsulfate,CCOS(=O)(=O)[O-].CC[n+]1cccc(C)c1,[C2MPy][EtSO4],benzene,c1ccccc1,aromatic,n-octane,CCCCCCCC,alkane,0.864,0.13,0.006,0.0,0.167,0.833,101.325,0.125,292,283.15,10.0,below,5-10 K,0.84405035,0.14888407,0.0070655663,0.003441672,0.33052096,0.66603744
,3-methyl-N-ethylpyridinium ethylsulfate,CCOS(=O)(=O)[O-].CC[n+]1cccc(C)c1,[C2MPy][EtSO4],benzene,c1ccccc1,aromatic,n-octane,CCCCCCCC,alkane,0.83,0.165,0.005,0.0,0.217,0.783,101.325,0.25,292,283.15,10.0,below,5-10 K,0.8172055,0.17459181,0.008202725,0.0036250192,0.36605462,0.6303203
,3-methyl-N-ethylpyridinium ethylsulfate,CCOS(=O)(=O)[O-].CC[n+]1cccc(C)c1,[C2MPy][EtSO4],benzene,c1ccccc1,aromatic,n-octane,CCCCCCCC,alkane,0.791,0.204,0.005,0.0,0.275,0.725,101.325,0.375,292,283.15,10.0,below,5-10 K,0.7868814,0.20364814,0.009470497,0.0037943874,0.40312415,0.5930815
,3-methyl-N-ethylpyridinium ethylsulfate,CCOS(=O)(=O)[O-].CC[n+]1cccc(C)c1,[C2MPy][EtSO4],benzene,c1ccccc1,aromatic,n-octane,CCCCCCCC,alkane,0.74,0.256,0.004,0.0,0.373,0.627,101.325,0.5,292,283.15,10.0,below,5-10 K,0.7531834,0.23595138,0.0108652,0.0039489553,0.44125748,0.5547936
,3-methyl-N-ethylpyridinium ethylsulfate,CCOS(=O)(=O)[O-].CC[n+]1cccc(C)c1,[C2MPy][EtSO4],benzene,c1ccccc1,aromatic,n-octane,CCCCCCCC,alkane,0.725,0.271,0.004,0.0,0.389,0.611,101.325,0.625,292,283.15,10.0,below,5-10 K,0.7169069,0.27079993,0.012293104,0.0040089074,0.48033684,0.51565427
,3-methyl-N-ethylpyridinium ethylsulfate,CCOS(=O)(=O)[O-].CC[n+]1cccc(C)c1,[C2MPy][EtSO4],benzene,c1ccccc1,aromatic,n-octane,CCCCCCCC,alkane,0.693,0.303,0.004,0.0,0.451,0.549,101.325,0.75,292,283.15,10.0,below,5-10 K,0.6781575,0.30811223,0.013730253,0.003971919,0.5200803,0.47594774
,3-methyl-N-ethylpyridinium ethylsulfate,CCOS(=O)(=O)[O-].CC[n+]1cccc(C)c1,[C2MPy][EtSO4],benzene,c1ccccc1,aromatic,n-octane,CCCCCCCC,alkane,0.632,0.365,0.003,0.0,0.574,0.426,101.325,0.875,292,283.15,10.0,below,5-10 K,0.63544255,0.3491549,0.015402525,0.004052245,0.5587655,0.43718228
,3-methyl-N-ethylpyridinium ethylsulfate,CCOS(=O)(=O)[O-].CC[n+]1cccc(C)c1,[C2MPy][EtSO4],benzene,c1ccccc1,aromatic,n-octane,CCCCCCCC,alkane,0.55,0.448,0.002,0.0,0.698,0.302,101.325,1.0,292,283.15,10.0,below,5-10 K,0.59061015,0.3922529,0.017136913,0.0041092057,0.5966181,0.39927268
,3-methyl-N-ethylpyridinium ethylsulfate,CCOS(=O)(=O)[O-].CC[n+]1cccc(C)c1,[C2MPy][EtSO4],benzene,c1ccccc1,aromatic,n-nonane,CCCCCCCCC,alkane,0.915,0.081,0.004,0.0,0.116,0.884,101.325,0.0,294,283.15,10.0,below,5-10 K,0.8697927,0.12439766,0.00580965,0.0030960597,0.29413354,0.7027704
,3-methyl-N-ethylpyridinium ethylsulfate,CCOS(=O)(=O)[O-].CC[n+]1cccc(C)c1,[C2MPy][EtSO4],benzene,c1ccccc1,aromatic,n-nonane,CCCCCCCCC,alkane,0.893,0.103,0.004,0.0,0.172,0.828,101.325,0.125,294,283.15,10.0,below,5-10 K,0.8463843,0.1468294,0.006786353,0.0032820015,0.3279319,0.6687861
,3-methyl-N-ethylpyridinium ethylsulfate,CCOS(=O)(=O)[O-].CC[n+]1cccc(C)c1,[C2MPy][EtSO4],benzene,c1ccccc1,aromatic,n-nonane,CCCCCCCCC,alkane,0.856,0.14,0.004,0.0,0.232,0.768,101.325,0.25,294,283.15,10.0,below,5-10 K,0.8197059,0.17240548,0.007888648,0.0034593681,0.36354694,0.63299364
,3-methyl-N-ethylpyridinium ethylsulfate,CCOS(=O)(=O)[O-].CC[n+]1cccc(C)c1,[C2MPy][EtSO4],benzene,c1ccccc1,aromatic,n-nonane,CCCCCCCCC,alkane,0.816,0.18,0.004,0.0,0.287,0.713,101.325,0.375,294,283.15,10.0,below,5-10 K,0.78934556,0.20151344,0.009141007,0.0036487167,0.40059847,0.59575284
,3-methyl-N-ethylpyridinium ethylsulfate,CCOS(=O)(=O)[O-].CC[n+]1cccc(C)c1,[C2MPy][EtSO4],benzene,c1ccccc1,aromatic,n-nonane,CCCCCCCCC,alkane,0.781,0.215,0.004,0.0,0.344,0.656,101.325,0.5,294,283.15,10.0,below,5-10 K,0.75523585,0.23421179,0.010552363,0.003850856,0.4386291,0.5575201
,3-methyl-N-ethylpyridinium ethylsulfate,CCOS(=O)(=O)[O-].CC[n+]1cccc(C)c1,[C2MPy][EtSO4],benzene,c1ccccc1,aromatic,n-nonane,CCCCCCCCC,alkane,0.718,0.278,0.004,0.0,0.46,0.54,101.325,0.625,294,283.15,10.0,below,5-10 K,0.7183033,0.2696694,0.012027275,0.003982858,0.47752675,0.5184904
,3-methyl-N-ethylpyridinium ethylsulfate,CCOS(=O)(=O)[O-].CC[n+]1cccc(C)c1,[C2MPy][EtSO4],benzene,c1ccccc1,aromatic,n-nonane,CCCCCCCCC,alkane,0.652,0.345,0.003,0.0,0.584,0.416,101.325,0.75,294,283.15,10.0,below,5-10 K,0.6781509,0.3081329,0.013716182,0.004231303,0.5157445,0.48002422
,3-methyl-N-ethylpyridinium ethylsulfate,CCOS(=O)(=O)[O-].CC[n+]1cccc(C)c1,[C2MPy][EtSO4],benzene,c1ccccc1,aromatic,n-nonane,CCCCCCCCC,alkane,0.589,0.409,0.002,0.0,0.715,0.285,101.325,0.875,294,283.15,10.0,below,5-10 K,0.63547415,0.34889373,0.01563215,0.004618529,0.5524315,0.44294995
,3-methyl-N-ethylpyridinium ethylsulfate,CCOS(=O)(=O)[O-].CC[n+]1cccc(C)c1,[C2MPy][EtSO4],benzene,c1ccccc1,aromatic,n-nonane,CCCCCCCCC,alkane,0.52900004,0.47000003,0.0010000002,0.0,0.842,0.158,101.325,1.0,294,283.15,10.0,below,5-10 K,0.59090585,0.39171833,0.017375814,0.0046845064,0.5903395,0.40497598
no,1-ethylpyridinium ethylsulfate,CCOS(=O)(=O)[O-].CC[n+]1ccccc1,[C2Py][EtSO4],benzene,c1ccccc1,aromatic,n-hexane,CCCCCC,alkane,0.933,0.061,0.006,0.0,0.111,0.889,101.325,0.0,307,283.15,10.0,below,5-10 K,0.89951074,0.095839776,0.004649504,0.003015059,0.2862706,0.7107144
no,1-ethylpyridinium ethylsulfate,CCOS(=O)(=O)[O-].CC[n+]1ccccc1,[C2Py][EtSO4],benzene,c1ccccc1,aromatic,n-hexane,CCCCCC,alkane,0.90000004,0.094000004,0.0060000005,0.0,0.184,0.816,101.325,0.125,307,283.15,10.0,below,5-10 K,0.88082045,0.11369168,0.0054878215,0.003264332,0.3179765,0.67875916
no,1-ethylpyridinium ethylsulfate,CCOS(=O)(=O)[O-].CC[n+]1ccccc1,[C2Py][EtSO4],benzene,c1ccccc1,aromatic,n-hexane,CCCCCC,alkane,0.873,0.122,0.005,0.0,0.252,0.748,101.325,0.25,307,283.15,10.0,below,5-10 K,0.8593868,0.13420267,0.006410511,0.0034456514,0.35196248,0.64459187
no,1-ethylpyridinium ethylsulfate,CCOS(=O)(=O)[O-].CC[n+]1ccccc1,[C2Py][EtSO4],benzene,c1ccccc1,aromatic,n-hexane,CCCCCC,alkane,0.848,0.147,0.005,0.0,0.314,0.686,101.325,0.375,307,283.15,10.0,below,5-10 K,0.83473605,0.15780373,0.0074602654,0.0036180154,0.38761044,0.6087715
no,1-ethylpyridinium ethylsulfate,CCOS(=O)(=O)[O-].CC[n+]1ccccc1,[C2Py][EtSO4],benzene,c1ccccc1,aromatic,n-hexane,CCCCCC,alkane,0.822,0.173,0.005,0.0,0.382,0.618,101.325,0.5,307,283.15,10.0,below,5-10 K,0.80653465,0.18485203,0.008613268,0.0037386368,0.42506754,0.5711938
no,1-ethylpyridinium ethylsulfate,CCOS(=O)(=O)[O-].CC[n+]1ccccc1,[C2Py][EtSO4],benzene,c1ccccc1,aromatic,n-hexane,CCCCCC,alkane,0.797,0.198,0.005,0.0,0.454,0.546,101.325,0.625,307,283.15,10.0,below,5-10 K,0.77523583,0.21485297,0.009911237,0.0038779734,0.4627551,0.5333669
no,1-ethylpyridinium ethylsulfate,CCOS(=O)(=O)[O-].CC[n+]1ccccc1,[C2Py][EtSO4],benzene,c1ccccc1,aromatic,n-hexane,CCCCCC,alkane,0.776,0.22,0.004,0.0,0.53,0.47,101.325,0.75,307,283.15,10.0,below,5-10 K,0.7405424,0.24812733,0.011330347,0.0039985008,0.50082034,0.49518114
no,1-ethylpyridinium ethylsulfate,CCOS(=O)(=O)[O-].CC[n+]1ccccc1,[C2Py][EtSO4],benzene,c1ccccc1,aromatic,n-hexane,CCCCCC,alkane,0.756,0.24,0.004,0.0,0.596,0.404,101.325,0.875,307,283.15,10.0,below,5-10 K,0.7026805,0.28445852,0.012860901,0.00409748,0.53873384,0.4571687
no,1-ethylpyridinium ethylsulfate,CCOS(=O)(=O)[O-].CC[n+]1ccccc1,[C2Py][EtSO4],benzene,c1ccccc1,aromatic,n-hexane,CCCCCC,alkane,0.733,0.263,0.004,0.0,0.668,0.332,101.325,1.0,307,283.15,10.0,below,5-10 K,0.66129,0.32415837,0.014551654,0.004227329,0.57599545,0.41977724
no,1-ethylpyridinium ethylsulfate,CCOS(=O)(=O)[O-].CC[n+]1ccccc1,[C2Py][EtSO4],benzene,c1ccccc1,aromatic,n-heptane,CCCCCCC,alkane,0.966,0.029,0.005,0.0,0.058,0.942,101.325,0.0,309,283.15,10.0,below,5-10 K,0.90015846,0.09530889,0.004532618,0.0030183853,0.28354672,0.71343493
no,1-ethylpyridinium ethylsulfate,CCOS(=O)(=O)[O-].CC[n+]1ccccc1,[C2Py][EtSO4],benzene,c1ccccc1,aromatic,n-heptane,CCCCCCC,alkane,0.93,0.065,0.005,0.0,0.134,0.866,101.325,0.125,309,283.15,10.0,below,5-10 K,0.8816083,0.11307161,0.0053200317,0.0032046142,0.31580055,0.6809948
no,1-ethylpyridinium ethylsulfate,CCOS(=O)(=O)[O-].CC[n+]1ccccc1,[C2Py][EtSO4],benzene,c1ccccc1,aromatic,n-heptane,CCCCCCC,alkane,0.905,0.09,0.005,0.0,0.192,0.808,101.325,0.25,309,283.15,10.0,below,5-10 K,0.8602012,0.13357961,0.006219144,0.0033855964,0.3498723,0.64674217
no,1-ethylpyridinium ethylsulfate,CCOS(=O)(=O)[O-].CC[n+]1ccccc1,[C2Py][EtSO4],benzene,c1ccccc1,aromatic,n-heptane,CCCCCCC,alkane,0.879,0.116,0.005,0.0,0.255,0.745,101.325,0.375,309,283.15,10.0,below,5-10 K,0.83529925,0.15743095,0.0072698123,0.0035911673,0.38558018,0.6108287
no,1-ethylpyridinium ethylsulfate,CCOS(=O)(=O)[O-].CC[n+]1ccccc1,[C2Py][EtSO4],benzene,c1ccccc1,aromatic,n-heptane,CCCCCCC,alkane,0.837,0.159,0.004,0.0,0.368,0.632,101.325,0.5,309,283.15,10.0,below,5-10 K,0.8073979,0.18418258,0.008419551,0.0037499962,0.42258447,0.57366544
no,1-ethylpyridinium ethylsulfate,CCOS(=O)(=O)[O-].CC[n+]1ccccc1,[C2Py][EtSO4],benzene,c1ccccc1,aromatic,n-heptane,CCCCCCC,alkane,0.802,0.194,0.004,0.0,0.462,0.538,101.325,0.625,309,283.15,10.0,below,5-10 K,0.77614653,0.21416427,0.009689177,0.0038909777,0.46035156,0.5357575
no,1-ethylpyridinium ethylsulfate,CCOS(=O)(=O)[O-].CC[n+]1ccccc1,[C2Py][EtSO4],benzene,c1ccccc1,aromatic,n-heptane,CCCCCCC,alkane,0.781,0.215,0.004,0.0,0.522,0.478,101.325,0.75,309,283.15,10.0,below,5-10 K,0.7426944,0.2463255,0.010980115,0.0039204424,0.4985225,0.497557
no,1-ethylpyridinium ethylsulfate,CCOS(=O)(=O)[O-].CC[n+]1ccccc1,[C2Py][EtSO4],benzene,c1ccccc1,aromatic,n-heptane,CCCCCCC,alkane,0.761,0.235,0.004,0.0,0.585,0.415,101.325,0.875,309,283.15,10.0,below,5-10 K,0.7073564,0.2803921,0.01225153,0.0038346457,0.5367175,0.4594479
no,1-ethylpyridinium ethylsulfate,CCOS(=O)(=O)[O-].CC[n+]1ccccc1,[C2Py][EtSO4],benzene,c1ccccc1,aromatic,n-heptane,CCCCCCC,alkane,0.743,0.254,0.003,0.0,0.649,0.351,101.325,1.0,309,283.15,10.0,below,5-10 K,0.6666454,0.3195356,0.013818927,0.0039071147,0.5744407,0.42165217
no,1-ethylpyridinium ethylsulfate,CCOS(=O)(=O)[O-].CC[n+]1ccccc1,[C2Py][EtSO4],benzene,c1ccccc1,aromatic,n-octane,CCCCCCCC,alkane,0.966,0.029,0.005,0.0,0.062,0.938,101.325,0.0,311,283.15,10.0,below,5-10 K,0.90342295,0.09232849,0.004248662,0.0027740656,0.2798347,0.71739125
no,1-ethylpyridinium ethylsulfate,CCOS(=O)(=O)[O-].CC[n+]1ccccc1,[C2Py][EtSO4],benzene,c1ccccc1,aromatic,n-octane,CCCCCCCC,alkane,0.939,0.057,0.004,0.0,0.126,0.874,101.325,0.11111111,311,283.15,10.0,below,5-10 K,0.88727516,0.10778183,0.0049430286,0.0029945988,0.30792272,0.6890826
no,1-ethylpyridinium ethylsulfate,CCOS(=O)(=O)[O-].CC[n+]1ccccc1,[C2Py][EtSO4],benzene,c1ccccc1,aromatic,n-octane,CCCCCCCC,alkane,0.906,0.09,0.004,0.0,0.2,0.8,101.325,0.22222222,311,283.15,10.0,below,5-10 K,0.86902606,0.1252823,0.005691521,0.0031498692,0.3379729,0.6588772
no,1-ethylpyridinium ethylsulfate,CCOS(=O)(=O)[O-].CC[n+]1ccccc1,[C2Py][EtSO4],benzene,c1ccccc1,aromatic,n-octane,CCCCCCCC,alkane,0.882,0.114,0.004,0.0,0.256,0.744,101.325,0.33333334,311,283.15,10.0,below,5-10 K,0.84832764,0.14514026,0.0065321145,0.0032986824,0.36945894,0.6272424
no,1-ethylpyridinium ethylsulfate,CCOS(=O)(=O)[O-].CC[n+]1ccccc1,[C2Py][EtSO4],benzene,c1ccccc1,aromatic,n-octane,CCCCCCCC,alkane,0.856,0.14,0.004,0.0,0.32,0.68,101.325,0.44444445,311,283.15,10.0,below,5-10 K,0.8265993,0.16617037,0.0072303764,0.0031206189,0.4044906,0.5923888
no,1-ethylpyridinium ethylsulfate,CCOS(=O)(=O)[O-].CC[n+]1ccccc1,[C2Py][EtSO4],benzene,c1ccccc1,aromatic,n-octane,CCCCCCCC,alkane,0.833,0.163,0.004,0.0,0.382,0.618,101.325,0.5555556,311,283.15,10.0,below,5-10 K,0.8012594,0.19062592,0.008114651,0.0030838023,0.4396741,0.5572421
no,1-ethylpyridinium ethylsulfate,CCOS(=O)(=O)[O-].CC[n+]1ccccc1,[C2Py][EtSO4],benzene,c1ccccc1,aromatic,n-octane,CCCCCCCC,alkane,0.806,0.19,0.004,0.0,0.451,0.549,101.325,0.6666667,311,283.15,10.0,below,5-10 K,0.7725615,0.21823679,0.009201763,0.0031813607,0.47397277,0.5228459
no,1-ethylpyridinium ethylsulfate,CCOS(=O)(=O)[O-].CC[n+]1ccccc1,[C2Py][EtSO4],benzene,c1ccccc1,aromatic,n-octane,CCCCCCCC,alkane,0.778,0.218,0.004,0.0,0.533,0.467,101.325,0.7777778,311,283.15,10.0,below,5-10 K,0.7396015,0.24989058,0.010507972,0.003364684,0.50805366,0.48858172
no,1-ethylpyridinium ethylsulfate,CCOS(=O)(=O)[O-].CC[n+]1ccccc1,[C2Py][EtSO4],benzene,c1ccccc1,aromatic,n-octane,CCCCCCCC,alkane,0.754,0.242,0.004,0.0,0.6,0.4,101.325,0.8888889,311,283.15,10.0,below,5-10 K,0.70553267,0.28268975,0.011777563,0.0034362145,0.5423383,0.45422548
no,1-ethylpyridinium ethylsulfate,CCOS(=O)(=O)[O-].CC[n+]1ccccc1,[C2Py][EtSO4],benzene,c1ccccc1,aromatic,n-octane,CCCCCCCC,alkane,0.735,0.261,0.004,0.0,0.66,0.34,101.325,1.0,311,283.15,10.0,below,5-10 K,0.66895103,0.31792536,0.013123575,0.0034909453,0.5762349,0.42027423
no,1-ethylpyridinium ethylsulfate,CCOS(=O)(=O)[O-].CC[n+]1ccccc1,[C2Py][EtSO4],benzene,c1ccccc1,aromatic,n-nonane,CCCCCCCCC,alkane,0.94,0.056,0.004,0.0,0.129,0.871,101.325,0.0,313,283.15,10.0,below,5-10 K,0.9061035,0.08994249,0.0039540296,0.0024377368,0.27831605,0.71924627
no,1-ethylpyridinium ethylsulfate,CCOS(=O)(=O)[O-].CC[n+]1ccccc1,[C2Py][EtSO4],benzene,c1ccccc1,aromatic,n-nonane,CCCCCCCCC,alkane,0.915,0.082,0.003,0.0,0.19,0.81,101.325,0.125,313,283.15,10.0,below,5-10 K,0.88948596,0.10592673,0.0045872345,0.002516953,0.31035385,0.6871292
no,1-ethylpyridinium ethylsulfate,CCOS(=O)(=O)[O-].CC[n+]1ccccc1,[C2Py][EtSO4],benzene,c1ccccc1,aromatic,n-nonane,CCCCCCCCC,alkane,0.89,0.107,0.003,0.0,0.249,0.751,101.325,0.25,313,283.15,10.0,below,5-10 K,0.8687865,0.12582587,0.005387662,0.0026636526,0.34496063,0.6523757
no,1-ethylpyridinium ethylsulfate,CCOS(=O)(=O)[O-].CC[n+]1ccccc1,[C2Py][EtSO4],benzene,c1ccccc1,aromatic,n-nonane,CCCCCCCCC,alkane,0.864,0.133,0.003,0.0,0.314,0.686,101.325,0.375,313,283.15,10.0,below,5-10 K,0.8449663,0.14873604,0.006297697,0.0028019038,0.38124552,0.6159526
no,1-ethylpyridinium ethylsulfate,CCOS(=O)(=O)[O-].CC[n+]1ccccc1,[C2Py][EtSO4],benzene,c1ccccc1,aromatic,n-nonane,CCCCCCCCC,alkane,0.841,0.156,0.003,0.0,0.372,0.628,101.325,0.5,313,283.15,10.0,below,5-10 K,0.81776196,0.17491494,0.0073230485,0.0029280565,0.41891047,0.57816154
no,1-ethylpyridinium ethylsulfate,CCOS(=O)(=O)[O-].CC[n+]1ccccc1,[C2Py][EtSO4],benzene,c1ccccc1,aromatic,n-nonane,CCCCCCCCC,alkane,0.792,0.205,0.003,0.0,0.502,0.498,101.325,0.625,313,283.15,10.0,below,5-10 K,0.7869637,0.20456517,0.008471124,0.0030425694,0.45760664,0.5393508
no,1-ethylpyridinium ethylsulfate,CCOS(=O)(=O)[O-].CC[n+]1ccccc1,[C2Py][EtSO4],benzene,c1ccccc1,aromatic,n-nonane,CCCCCCCCC,alkane,0.749,0.248,0.003,0.0,0.625,0.375,101.325,0.75,313,283.15,10.0,below,5-10 K,0.7526619,0.23760542,0.009732642,0.0031403154,0.4967021,0.5001576
no,1-ethylpyridinium ethylsulfate,CCOS(=O)(=O)[O-].CC[n+]1ccccc1,[C2Py][EtSO4],benzene,c1ccccc1,aromatic,n-nonane,CCCCCCCCC,alkane,0.705,0.292,0.003,0.0,0.751,0.249,101.325,0.875,313,283.15,10.0,below,5-10 K,0.71409285,0.27466935,0.011237771,0.0033594205,0.5346298,0.46201074
no,1-ethylpyridinium ethylsulfate,CCOS(=O)(=O)[O-].CC[n+]1ccccc1,[C2Py][EtSO4],benzene,c1ccccc1,aromatic,n-nonane,CCCCCCCCC,alkane,0.661,0.336,0.003,0.0,0.88,0.12,101.325,1.0,313,283.15,10.0,below,5-10 K,0.67159456,0.31538048,0.013024989,0.003727159,0.5707739,0.42549896
no,1-butyl-3-methylimidazolium tetracyanoborate,CCCCn1cc[n+](C)c1.N#C[B-](C#N)(C#N)C#N,[C4MIm][B(CN)4],toluene,Cc1ccccc1,aromatic,methylcyclohexane,CC1CCCCC1,cycloalkane,0.8292,0.0921,0.0787,0.0,0.1024,0.8976,101.325,0.0,352,333.15,9.949999999999989,above,5-10 K,0.72530395,0.25919887,0.015497162,0.0049106227,0.33036402,0.6647254
no,1-butyl-3-methylimidazolium tetracyanoborate,CCCCn1cc[n+](C)c1.N#C[B-](C#N)(C#N)C#N,[C4MIm][B(CN)4],toluene,Cc1ccccc1,aromatic,methylcyclohexane,CC1CCCCC1,cycloalkane,0.7083,0.2035,0.0882,0.0,0.2499,0.7501,101.325,0.125,352,333.15,9.949999999999989,above,5-10 K,0.6870879,0.2954296,0.017482568,0.005150252,0.3635378,0.63131195
no,1-butyl-3-methylimidazolium tetracyanoborate,CCCCn1cc[n+](C)c1.N#C[B-](C#N)(C#N)C#N,[C4MIm][B(CN)4],toluene,Cc1ccccc1,aromatic,methylcyclohexane,CC1CCCCC1,cycloalkane,0.6494,0.2834,0.0672,0.0,0.3212,0.6788,101.325,0.25,352,333.15,9.949999999999989,above,5-10 K,0.6464142,0.33393383,0.019651968,0.005457336,0.3973416,0.597201
no,1-butyl-3-methylimidazolium tetracyanoborate,CCCCn1cc[n+](C)c1.N#C[B-](C#N)(C#N)C#N,[C4MIm][B(CN)4],toluene,Cc1ccccc1,aromatic,methylcyclohexane,CC1CCCCC1,cycloalkane,0.569,0.3688,0.0622,0.0,0.444,0.556,101.325,0.375,352,333.15,9.949999999999989,above,5-10 K,0.6036607,0.3744739,0.021865373,0.005706558,0.43228996,0.56200343
no,1-butyl-3-methylimidazolium tetracyanoborate,CCCCn1cc[n+](C)c1.N#C[B-](C#N)(C#N)C#N,[C4MIm][B(CN)4],toluene,Cc1ccccc1,aromatic,methylcyclohexane,CC1CCCCC1,cycloalkane,0.49550003,0.43670002,0.06780001,0.0,0.5698,0.4302,101.325,0.5,352,333.15,9.949999999999989,above,5-10 K,0.5593161,0.41659597,0.024087984,0.0058906926,0.46823496,0.5258743
no,1-butyl-3-methylimidazolium tetracyanoborate,CCCCn1cc[n+](C)c1.N#C[B-](C#N)(C#N)C#N,[C4MIm][B(CN)4],toluene,Cc1ccccc1,aromatic,methylcyclohexane,CC1CCCCC1,cycloalkane,0.4336,0.5085,0.0579,0.0,0.6667,0.3333,101.325,0.625,352,333.15,9.949999999999989,above,5-10 K,0.513835,0.46014994,0.026014993,0.0057518617,0.5065676,0.4876806
no,1-butyl-3-methylimidazolium tetracyanoborate,CCCCn1cc[n+](C)c1.N#C[B-](C#N)(C#N)C#N,[C4MIm][B(CN)4],toluene,Cc1ccccc1,aromatic,methylcyclohexane,CC1CCCCC1,cycloalkane,0.3851,0.569,0.0459,0.0,0.778,0.222,101.325,0.75,352,333.15,9.949999999999989,above,5-10 K,0.46746123,0.5049889,0.027549852,0.005309487,0.5471033,0.44758725
no,1-butyl-3-methylimidazolium tetracyanoborate,CCCCn1cc[n+](C)c1.N#C[B-](C#N)(C#N)C#N,[C4MIm][B(CN)4],toluene,Cc1ccccc1,aromatic,methylcyclohexane,CC1CCCCC1,cycloalkane,0.3473,0.6193,0.0334,0.0,0.8563,0.1437,101.325,0.875,352,333.15,9.949999999999989,above,5-10 K,0.422645,0.5477654,0.029589647,0.005387484,0.5825626,0.41204992
no,1-butyl-3-methylimidazolium tetracyanoborate,CCCCn1cc[n+](C)c1.N#C[B-](C#N)(C#N)C#N,[C4MIm][B(CN)4],toluene,Cc1ccccc1,aromatic,methylcyclohexane,CC1CCCCC1,cycloalkane,0.3092,0.6656,0.0252,0.0,0.9346,0.0654,101.325,1.0,352,333.15,9.949999999999989,above,5-10 K,0.37881082,0.58951336,0.03167577,0.0055471226,0.61632264,0.37813026
,1-hexyl-3-methylimidazolium tetracyanoborate,CCCCCCn1cc[n+](C)c1.N#C[B-](C#N)(C#N)C#N,[C6MIm][B(CN)4],toluene,Cc1ccccc1,aromatic,methylcyclohexane,CC1CCCCC1,cycloalkane,0.77110004,0.11050001,0.11840001,0.0,0.0964,0.9036,101.325,0.0,355,333.15,9.949999999999989,above,5-10 K,0.6612307,0.3166912,0.022078099,0.005710148,0.34287977,0.6514101
,1-hexyl-3-methylimidazolium tetracyanoborate,CCCCCCn1cc[n+](C)c1.N#C[B-](C#N)(C#N)C#N,[C6MIm][B(CN)4],toluene,Cc1ccccc1,aromatic,methylcyclohexane,CC1CCCCC1,cycloalkane,0.6698,0.211,0.1192,1e-04,0.2093,0.7906,101.325,0.14285715,355,333.15,9.949999999999989,above,5-10 K,0.61371976,0.3613541,0.024926128,0.0060087102,0.38025326,0.613738
,1-hexyl-3-methylimidazolium tetracyanoborate,CCCCCCn1cc[n+](C)c1.N#C[B-](C#N)(C#N)C#N,[C6MIm][B(CN)4],toluene,Cc1ccccc1,aromatic,methylcyclohexane,CC1CCCCC1,cycloalkane,0.5736,0.3259,0.1005,0.0,0.3165,0.6835,101.325,0.2857143,355,333.15,9.949999999999989,above,5-10 K,0.56418705,0.40796587,0.027847081,0.0062807123,0.41897506,0.5747443
,1-hexyl-3-methylimidazolium tetracyanoborate,CCCCCCn1cc[n+](C)c1.N#C[B-](C#N)(C#N)C#N,[C6MIm][B(CN)4],toluene,Cc1ccccc1,aromatic,methylcyclohexane,CC1CCCCC1,cycloalkane,0.4944,0.4178,0.0878,1e-04,0.4389,0.561,101.325,0.42857143,355,333.15,9.949999999999989,above,5-10 K,0.5133614,0.45584473,0.030793855,0.006520064,0.4587378,0.5347421
,1-hexyl-3-methylimidazolium tetracyanoborate,CCCCCCn1cc[n+](C)c1.N#C[B-](C#N)(C#N)C#N,[C6MIm][B(CN)4],toluene,Cc1ccccc1,aromatic,methylcyclohexane,CC1CCCCC1,cycloalkane,0.4602,0.4489,0.0909,0.0,0.4946,0.5054,101.325,0.5714286,355,333.15,9.949999999999989,above,5-10 K,0.46260124,0.5037254,0.033673365,0.0067208004,0.49873233,0.49454683
,1-hexyl-3-methylimidazolium tetracyanoborate,CCCCCCn1cc[n+](C)c1.N#C[B-](C#N)(C#N)C#N,[C6MIm][B(CN)4],toluene,Cc1ccccc1,aromatic,methylcyclohexane,CC1CCCCC1,cycloalkane,0.3646,0.5693,0.0661,0.0,0.6666,0.3334,101.325,0.71428573,355,333.15,9.949999999999989,above,5-10 K,0.41271406,0.550846,0.036439978,0.0068820254,0.5386547,0.45446327
,1-hexyl-3-methylimidazolium tetracyanoborate,CCCCCCn1cc[n+](C)c1.N#C[B-](C#N)(C#N)C#N,[C6MIm][B(CN)4],toluene,Cc1ccccc1,aromatic,methylcyclohexane,CC1CCCCC1,cycloalkane,0.3149,0.6354,0.0497,1e-04,0.7973,0.2026,101.325,0.85714287,355,333.15,9.949999999999989,above,5-10 K,0.36481965,0.59629065,0.03888968,0.006885578,0.5783427,0.4147718
,1-hexyl-3-methylimidazolium tetracyanoborate,CCCCCCn1cc[n+](C)c1.N#C[B-](C#N)(C#N)C#N,[C6MIm][B(CN)4],toluene,Cc1ccccc1,aromatic,methylcyclohexane,CC1CCCCC1,cycloalkane,0.2903,0.6789,0.0308,0.0,0.8611,0.1389,101.325,1.0,355,333.15,9.949999999999989,above,5-10 K,0.31956467,0.6392601,0.04117523,0.006898882,0.61665446,0.37644663
,1-butyl-3-methylimidazolium chloride,CCCCn1cc[n+](C)c1.[Cl-],[C4MIm][Cl],benzene,c1ccccc1,aromatic,cyclohexane,C1CCCCC1,cycloalkane,0.884,0.025,0.091,0.0,0.065,0.935,101.325,0.0,357,339.15,15.949999999999989,above,10-20 K,0.8842596,0.097141854,0.018598521,0.0055954223,0.29636484,0.69803977
,1-butyl-3-methylimidazolium chloride,CCCCn1cc[n+](C)c1.[Cl-],[C4MIm][Cl],benzene,c1ccccc1,aromatic,cyclohexane,C1CCCCC1,cycloalkane,0.87200004,0.043000005,0.08500001,0.0,0.112,0.888,101.325,0.11111111,357,339.15,15.949999999999989,above,10-20 K,0.8672825,0.11147917,0.021238256,0.0059147356,0.31901503,0.6750703
,1-butyl-3-methylimidazolium chloride,CCCCn1cc[n+](C)c1.[Cl-],[C4MIm][Cl],benzene,c1ccccc1,aromatic,cyclohexane,C1CCCCC1,cycloalkane,0.844,0.073,0.083,0.0,0.188,0.812,101.325,0.22222222,357,339.15,15.949999999999989,above,10-20 K,0.8481474,0.12761793,0.024234671,0.006290549,0.34235135,0.6513581
,1-butyl-3-methylimidazolium chloride,CCCCn1cc[n+](C)c1.[Cl-],[C4MIm][Cl],benzene,c1ccccc1,aromatic,cyclohexane,C1CCCCC1,cycloalkane,0.81,0.109,0.081,0.0,0.278,0.722,101.325,0.33333334,357,339.15,15.949999999999989,above,10-20 K,0.82713664,0.14542376,0.02743956,0.006560267,0.36691445,0.6265252
,1-butyl-3-methylimidazolium chloride,CCCCn1cc[n+](C)c1.[Cl-],[C4MIm][Cl],benzene,c1ccccc1,aromatic,cyclohexane,C1CCCCC1,cycloalkane,0.78400004,0.14100002,0.07500001,0.0,0.366,0.634,101.325,0.44444445,357,339.15,15.949999999999989,above,10-20 K,0.803852,0.16514789,0.031000115,0.0068684346,0.39194065,0.6011909
,1-butyl-3-methylimidazolium chloride,CCCCn1cc[n+](C)c1.[Cl-],[C4MIm][Cl],benzene,c1ccccc1,aromatic,cyclohexane,C1CCCCC1,cycloalkane,0.745,0.179,0.076,0.0,0.46,0.54,101.325,0.5555556,357,339.15,15.949999999999989,above,10-20 K,0.7781201,0.1869393,0.034940593,0.007221145,0.4174454,0.5753335
,1-butyl-3-methylimidazolium chloride,CCCCn1cc[n+](C)c1.[Cl-],[C4MIm][Cl],benzene,c1ccccc1,aromatic,cyclohexane,C1CCCCC1,cycloalkane,0.72,0.211,0.069,0.0,0.555,0.445,101.325,0.6666667,357,339.15,15.949999999999989,above,10-20 K,0.7505034,0.21043003,0.039066564,0.007461712,0.44367203,0.5488663
,1-butyl-3-methylimidazolium chloride,CCCCn1cc[n+](C)c1.[Cl-],[C4MIm][Cl],benzene,c1ccccc1,aromatic,cyclohexane,C1CCCCC1,cycloalkane,0.693,0.242,0.065,0.0,0.654,0.346,101.325,0.7777778,357,339.15,15.949999999999989,above,10-20 K,0.7205603,0.23589209,0.043547608,0.0077364626,0.47006142,0.5222021
,1-butyl-3-methylimidazolium chloride,CCCCn1cc[n+](C)c1.[Cl-],[C4MIm][Cl],benzene,c1ccccc1,aromatic,cyclohexane,C1CCCCC1,cycloalkane,0.653,0.284,0.063,0.0,0.75,0.25,101.325,0.8888889,357,339.15,15.949999999999989,above,10-20 K,0.6886947,0.26298267,0.04832259,0.008040649,0.49617288,0.49578655
,1-butyl-3-methylimidazolium chloride,CCCCn1cc[n+](C)c1.[Cl-],[C4MIm][Cl],benzene,c1ccccc1,aromatic,cyclohexane,C1CCCCC1,cycloalkane,0.615,0.326,0.059,0.0,0.857,0.143,101.325,1.0,357,339.15,15.949999999999989,above,10-20 K,0.6550709,0.29170674,0.053222355,0.008235185,0.5228331,0.4689317
,1-ethyl-3-methylimidazolium thiocyanate,CCn1cc[n+](C)c1.N#C[S-],[C2MIm][SCN],ethylbenzene,CCc1ccccc1,aromatic,styrene,C=Cc1ccccc1,aromatic,0.672,0.019,0.309,0.0,0.118,0.882,101.325,0.0,409,333.2,10.0,above,5-10 K,0.84797215,0.05379877,0.09822902,0.0123767005,0.5917523,0.395871
,1-ethyl-3-methylimidazolium thiocyanate,CCn1cc[n+](C)c1.N#C[S-],[C2MIm][SCN],ethylbenzene,CCc1ccccc1,aromatic,styrene,C=Cc1ccccc1,aromatic,0.703,0.035,0.262,0.0,0.23,0.77,101.325,0.11111111,409,333.2,10.0,above,5-10 K,0.83468854,0.058475118,0.10683638,0.012190066,0.5851938,0.40261617
,1-ethyl-3-methylimidazolium thiocyanate,CCn1cc[n+](C)c1.N#C[S-],[C2MIm][SCN],ethylbenzene,CCc1ccccc1,aromatic,styrene,C=Cc1ccccc1,aromatic,0.732,0.049,0.219,0.0,0.332,0.668,101.325,0.22222222,409,333.2,10.0,above,5-10 K,0.8181977,0.06428345,0.11751886,0.012552583,0.57766366,0.40978375
,1-ethyl-3-methylimidazolium thiocyanate,CCn1cc[n+](C)c1.N#C[S-],[C2MIm][SCN],ethylbenzene,CCc1ccccc1,aromatic,styrene,C=Cc1ccccc1,aromatic,0.766,0.06,0.174,0.0,0.437,0.563,101.325,0.33333334,409,333.2,10.0,above,5-10 K,0.8001433,0.070643105,0.12921359,0.013029341,0.56998307,0.4169876
,1-ethyl-3-methylimidazolium thiocyanate,CCn1cc[n+](C)c1.N#C[S-],[C2MIm][SCN],ethylbenzene,CCc1ccccc1,aromatic,styrene,C=Cc1ccccc1,aromatic,0.788,0.07,0.142,0.0,0.529,0.471,101.325,0.44444445,409,333.2,10.0,above,5-10 K,0.7804786,0.077574804,0.14194664,0.013630088,0.5620734,0.42429656
,1-ethyl-3-methylimidazolium thiocyanate,CCn1cc[n+](C)c1.N#C[S-],[C2MIm][SCN],ethylbenzene,CCc1ccccc1,aromatic,styrene,C=Cc1ccccc1,aromatic,0.806,0.08,0.114,0.0,0.62,0.38,101.325,0.5555556,409,333.2,10.0,above,5-10 K,0.76026267,0.08470735,0.15503007,0.0140206665,0.5544894,0.43148997
,1-ethyl-3-methylimidazolium thiocyanate,CCn1cc[n+](C)c1.N#C[S-],[C2MIm][SCN],ethylbenzene,CCc1ccccc1,aromatic,styrene,C=Cc1ccccc1,aromatic,0.82500005,0.09000001,0.08500001,0.0,0.714,0.286,101.325,0.6666667,409,333.2,10.0,above,5-10 K,0.7386612,0.09233244,0.16900632,0.014513522,0.54680586,0.4386806
,1-ethyl-3-methylimidazolium thiocyanate,CCn1cc[n+](C)c1.N#C[S-],[C2MIm][SCN],ethylbenzene,CCc1ccccc1,aromatic,styrene,C=Cc1ccccc1,aromatic,0.847,0.098,0.055,0.0,0.809,0.191,101.325,0.7777778,409,333.2,10.0,above,5-10 K,0.7154198,0.10053829,0.1840419,0.015120282,0.53894734,0.44593236
,1-ethyl-3-methylimidazolium thiocyanate,CCn1cc[n+](C)c1.N#C[S-],[C2MIm][SCN],ethylbenzene,CCc1ccccc1,aromatic,styrene,C=Cc1ccccc1,aromatic,0.869,0.105,0.026,0.0,0.906,0.094,101.325,0.8888889,409,333.2,10.0,above,5-10 K,0.6919661,0.10883644,0.19919743,0.0155304745,0.5314657,0.45300385
,1-ethyl-3-methylimidazolium thiocyanate,CCn1cc[n+](C)c1.N#C[S-],[C2MIm][SCN],ethylbenzene,CCc1ccccc1,aromatic,styrene,C=Cc1ccccc1,aromatic,0.887,0.113,0.0,0.0,1.0,0.0,101.325,1.0,409,333.2,10.0,above,5-10 K,0.66735655,0.11754465,0.2150988,0.015948543,0.5239277,0.46012384
,1-ethyl-3-methylimidazolium thiocyanate,CCn1cc[n+](C)c1.N#C[S-],[C2MIm][SCN],ethylbenzene,CCc1ccccc1,aromatic,styrene,C=Cc1ccccc1,aromatic,0.65,0.0,0.35,0.0,0.0,1.0,101.325,0.0,410,353.2,30.0,above,>20 K,0.86402696,0.047921978,0.08805101,0.011833349,0.5997366,0.38843003
,1-ethyl-3-methylimidazolium thiocyanate,CCn1cc[n+](C)c1.N#C[S-],[C2MIm][SCN],ethylbenzene,CCc1ccccc1,aromatic,styrene,C=Cc1ccccc1,aromatic,0.687,0.018,0.295,0.0,0.114,0.886,101.325,0.1,410,353.2,30.0,above,>20 K,0.851371,0.052362766,0.0962663,0.01215534,0.59308684,0.3947578
,1-ethyl-3-methylimidazolium thiocyanate,CCn1cc[n+](C)c1.N#C[S-],[C2MIm][SCN],ethylbenzene,CCc1ccccc1,aromatic,styrene,C=Cc1ccccc1,aromatic,0.716,0.034,0.25,0.0,0.224,0.776,101.325,0.2,410,353.2,30.0,above,>20 K,0.8377765,0.057126105,0.105097495,0.012479828,0.5864172,0.401103
,1-ethyl-3-methylimidazolium thiocyanate,CCn1cc[n+](C)c1.N#C[S-],[C2MIm][SCN],ethylbenzene,CCc1ccccc1,aromatic,styrene,C=Cc1ccccc1,aromatic,0.744,0.047,0.209,0.0,0.326,0.674,101.325,0.3,410,353.2,30.0,above,>20 K,0.8254653,0.061646838,0.11288789,0.012098928,0.58193046,0.40597057
,1-ethyl-3-methylimidazolium thiocyanate,CCn1cc[n+](C)c1.N#C[S-],[C2MIm][SCN],ethylbenzene,CCc1ccccc1,aromatic,styrene,C=Cc1ccccc1,aromatic,0.769,0.06,0.171,0.0,0.431,0.569,101.325,0.4,410,353.2,30.0,above,>20 K,0.8098854,0.067131065,0.122983545,0.012421836,0.5751448,0.4124334
,1-ethyl-3-methylimidazolium thiocyanate,CCn1cc[n+](C)c1.N#C[S-],[C2MIm][SCN],ethylbenzene,CCc1ccccc1,aromatic,styrene,C=Cc1ccccc1,aromatic,0.793,0.069,0.138,0.0,0.522,0.478,101.325,0.5,410,353.2,30.0,above,>20 K,0.7932967,0.0729661,0.13373727,0.012747939,0.5683666,0.4188855
,1-ethyl-3-methylimidazolium thiocyanate,CCn1cc[n+](C)c1.N#C[S-],[C2MIm][SCN],ethylbenzene,CCc1ccccc1,aromatic,styrene,C=Cc1ccccc1,aromatic,0.807,0.081,0.112,0.0,0.614,0.386,101.325,0.6,410,353.2,30.0,above,>20 K,0.7747149,0.0795315,0.1457536,0.013260589,0.56148523,0.42525423
,1-ethyl-3-methylimidazolium thiocyanate,CCn1cc[n+](C)c1.N#C[S-],[C2MIm][SCN],ethylbenzene,CCc1ccccc1,aromatic,styrene,C=Cc1ccccc1,aromatic,0.828,0.09,0.082,0.0,0.709,0.291,101.325,0.7,410,353.2,30.0,above,>20 K,0.75606495,0.086101025,0.15783396,0.013600603,0.55468184,0.43171754
,1-ethyl-3-methylimidazolium thiocyanate,CCn1cc[n+](C)c1.N#C[S-],[C2MIm][SCN],ethylbenzene,CCc1ccccc1,aromatic,styrene,C=Cc1ccccc1,aromatic,0.84900004,0.098000005,0.053000003,0.0,0.807,0.193,101.325,0.8,410,353.2,30.0,above,>20 K,0.7378026,0.09252945,0.16966785,0.013844373,0.5476804,0.4384752
,1-ethyl-3-methylimidazolium thiocyanate,CCn1cc[n+](C)c1.N#C[S-],[C2MIm][SCN],ethylbenzene,CCc1ccccc1,aromatic,styrene,C=Cc1ccccc1,aromatic,0.867,0.107,0.026,0.0,0.905,0.095,101.325,0.9,410,353.2,30.0,above,>20 K,0.7199816,0.09880308,0.18121529,0.013989531,0.54043823,0.4455722
,1-ethyl-3-methylimidazolium thiocyanate,CCn1cc[n+](C)c1.N#C[S-],[C2MIm][SCN],ethylbenzene,CCc1ccccc1,aromatic,styrene,C=Cc1ccccc1,aromatic,0.885,0.115,0.0,0.0,1.0,0.0,101.325,1.0,410,353.2,30.0,above,>20 K,0.6986009,0.10634643,0.19505267,0.014338098,0.53366315,0.45199877
,1-butyl-3-methylimidazolium nitrate,CCCCn1cc[n+](C)c1.O=[N+]([O-])[O-],[C4MIm][NO3],thiophene,c1ccsc1,S-compound,n-decane,CCCCCCCCCC,alkane,0.481,0.516,0.003,0.0,0.566,0.434,101.325,0.0,491,288.15,5.0,below,0-5 K,0.8149945,0.17523545,0.009769949,0.00299535,0.117651016,0.87935364
,1-butyl-3-methylimidazolium nitrate,CCCCn1cc[n+](C)c1.O=[N+]([O-])[O-],[C4MIm][NO3],thiophene,c1ccsc1,S-compound,n-decane,CCCCCCCCCC,alkane,0.537,0.461,0.002,0.0,0.516,0.484,101.325,0.11111111,491,288.15,5.0,below,0-5 K,0.7870433,0.2014648,0.011491874,0.0041186363,0.14263554,0.85324585
,1-butyl-3-methylimidazolium nitrate,CCCCn1cc[n+](C)c1.O=[N+]([O-])[O-],[C4MIm][NO3],thiophene,c1ccsc1,S-compound,n-decane,CCCCCCCCCC,alkane,0.582,0.416,0.002,0.0,0.453,0.547,101.325,0.22222222,491,288.15,5.0,below,0-5 K,0.75827366,0.2287988,0.012927474,0.0044150027,0.15864202,0.83694303
,1-butyl-3-methylimidazolium nitrate,CCCCn1cc[n+](C)c1.O=[N+]([O-])[O-],[C4MIm][NO3],thiophene,c1ccsc1,S-compound,n-decane,CCCCCCCCCC,alkane,0.625,0.373,0.002,0.0,0.37,0.63,101.325,0.33333334,491,288.15,5.0,below,0-5 K,0.7269945,0.25853786,0.014467598,0.0047197402,0.17607509,0.8192052
,1-butyl-3-methylimidazolium nitrate,CCCCn1cc[n+](C)c1.O=[N+]([O-])[O-],[C4MIm][NO3],thiophene,c1ccsc1,S-compound,n-decane,CCCCCCCCCC,alkane,0.65500003,0.34300002,0.0020000003,0.0,0.348,0.652,101.325,0.44444445,491,288.15,5.0,below,0-5 K,0.69334036,0.29055494,0.0161047,0.005034915,0.1950023,0.7999628
,1-butyl-3-methylimidazolium nitrate,CCCCn1cc[n+](C)c1.O=[N+]([O-])[O-],[C4MIm][NO3],thiophene,c1ccsc1,S-compound,n-decane,CCCCCCCCCC,alkane,0.689,0.309,0.002,0.0,0.32,0.68,101.325,0.5555556,491,288.15,5.0,below,0-5 K,0.6574608,0.32471165,0.017827595,0.0053559886,0.21546926,0.77917475
,1-butyl-3-methylimidazolium nitrate,CCCCn1cc[n+](C)c1.O=[N+]([O-])[O-],[C4MIm][NO3],thiophene,c1ccsc1,S-compound,n-decane,CCCCCCCCCC,alkane,0.778,0.22,0.002,0.0,0.199,0.801,101.325,0.6666667,491,288.15,5.0,below,0-5 K,0.61992145,0.3604782,0.019600345,0.00567913,0.23732401,0.7569968
,1-butyl-3-methylimidazolium nitrate,CCCCn1cc[n+](C)c1.O=[N+]([O-])[O-],[C4MIm][NO3],thiophene,c1ccsc1,S-compound,n-decane,CCCCCCCCCC,alkane,0.8,0.198,0.002,0.0,0.161,0.839,101.325,0.7777778,491,288.15,5.0,below,0-5 K,0.5808877,0.39768988,0.02142245,0.0060045435,0.26065525,0.73334026
,1-butyl-3-methylimidazolium nitrate,CCCCn1cc[n+](C)c1.O=[N+]([O-])[O-],[C4MIm][NO3],thiophene,c1ccsc1,S-compound,n-decane,CCCCCCCCCC,alkane,0.866,0.132,0.002,0.0,0.105,0.895,101.325,0.8888889,491,288.15,5.0,below,0-5 K,0.5371578,0.439516,0.023326172,0.0055930545,0.27324867,0.72115827
,1-butyl-3-methylimidazolium nitrate,CCCCn1cc[n+](C)c1.O=[N+]([O-])[O-],[C4MIm][NO3],thiophene,c1ccsc1,S-compound,n-decane,CCCCCCCCCC,alkane,0.93600005,0.062000003,0.0020000003,0.0,0.049,0.951,101.325,1.0,491,288.15,5.0,below,0-5 K,0.4956382,0.479179,0.025182795,0.0058801956,0.29898265,0.6951371
,1-methyl-3-octyl-imidazolium nitrate,CCCCCCCC[n+]1ccn(C)c1.O=[N+]([O-])[O-],[C8MIm][NO3],thiophene,c1ccsc1,S-compound,n-decane,CCCCCCCCCC,alkane,0.544,0.42,0.036,0.0,0.298,0.702,101.325,0.0,497,288.15,5.0,below,0-5 K,0.71492374,0.26055226,0.024524001,0.0052286997,0.108329184,0.8864422
,1-methyl-3-octyl-imidazolium nitrate,CCCCCCCC[n+]1ccn(C)c1.O=[N+]([O-])[O-],[C8MIm][NO3],thiophene,c1ccsc1,S-compound,n-decane,CCCCCCCCCC,alkane,0.616,0.352,0.032,0.0,0.237,0.763,101.325,0.125,497,288.15,5.0,below,0-5 K,0.67638016,0.29589656,0.027723325,0.0057817902,0.121280424,0.87293774
,1-methyl-3-octyl-imidazolium nitrate,CCCCCCCC[n+]1ccn(C)c1.O=[N+]([O-])[O-],[C8MIm][NO3],thiophene,c1ccsc1,S-compound,n-decane,CCCCCCCCCC,alkane,0.679,0.288,0.033,0.0,0.184,0.816,101.325,0.25,497,288.15,5.0,below,0-5 K,0.66194916,0.31071666,0.027334135,0.004399289,0.14591594,0.8496848
,1-methyl-3-octyl-imidazolium nitrate,CCCCCCCC[n+]1ccn(C)c1.O=[N+]([O-])[O-],[C8MIm][NO3],thiophene,c1ccsc1,S-compound,n-decane,CCCCCCCCCC,alkane,0.70900005,0.25700003,0.034000006,0.0,0.154,0.846,101.325,0.375,497,288.15,5.0,below,0-5 K,0.62039113,0.34917355,0.030435333,0.0047307373,0.16296908,0.8323002
,1-methyl-3-octyl-imidazolium nitrate,CCCCCCCC[n+]1ccn(C)c1.O=[N+]([O-])[O-],[C8MIm][NO3],thiophene,c1ccsc1,S-compound,n-decane,CCCCCCCCCC,alkane,0.751,0.217,0.032,0.0,0.138,0.862,101.325,0.5,497,288.15,5.0,below,0-5 K,0.5595342,0.40440667,0.036059156,0.006121233,0.17280099,0.8210777
,1-methyl-3-octyl-imidazolium nitrate,CCCCCCCC[n+]1ccn(C)c1.O=[N+]([O-])[O-],[C8MIm][NO3],thiophene,c1ccsc1,S-compound,n-decane,CCCCCCCCCC,alkane,0.811,0.158,0.031,0.0,0.1,0.9,101.325,0.625,497,288.15,5.0,below,0-5 K,0.50565827,0.45367742,0.040664334,0.0070494204,0.18698421,0.80596644
,1-methyl-3-octyl-imidazolium nitrate,CCCCCCCC[n+]1ccn(C)c1.O=[N+]([O-])[O-],[C8MIm][NO3],thiophene,c1ccsc1,S-compound,n-decane,CCCCCCCCCC,alkane,0.824,0.139,0.037,0.0,0.072,0.928,101.325,0.75,497,288.15,5.0,below,0-5 K,0.46137473,0.4948364,0.043788847,0.0073961965,0.20880015,0.7838037
,1-methyl-3-octyl-imidazolium nitrate,CCCCCCCC[n+]1ccn(C)c1.O=[N+]([O-])[O-],[C8MIm][NO3],thiophene,c1ccsc1,S-compound,n-decane,CCCCCCCCCC,alkane,0.851,0.112,0.037,0.0,0.057,0.943,101.325,0.875,497,288.15,5.0,below,0-5 K,0.41791356,0.53523654,0.046849936,0.00779337,0.23147088,0.7607358
,1-methyl-3-octyl-imidazolium nitrate,CCCCCCCC[n+]1ccn(C)c1.O=[N+]([O-])[O-],[C8MIm][NO3],thiophene,c1ccsc1,S-compound,n-decane,CCCCCCCCCC,alkane,0.92,0.045,0.035,0.0,0.023,0.977,101.325,1.0,497,288.15,5.0,below,0-5 K,0.38983807,0.56052136,0.049640536,0.009438579,0.25224072,0.7383207
no,tetrabutylammonium methanesulfonate,CCCC[N+](CCCC)(CCCC)CCCC.CS(=O)(=O)[O-],"[P4,4,4,4][CH3SO3]",benzothiophene,c1ccc2sccc2c1,S-compound,n-hexadecane,CCCCCCCCCCCCCCCC,alkane,0.5068,0.4309,0.0623,0.0,0.2033,0.7967,101.325,0.0,502,333.15,9.949999999999989,above,5-10 K,0.8085159,0.14842764,0.0430564,0.007839477,0.2380727,0.75408775
no,tetrabutylammonium methanesulfonate,CCCC[N+](CCCC)(CCCC)CCCC.CS(=O)(=O)[O-],"[P4,4,4,4][CH3SO3]",benzothiophene,c1ccc2sccc2c1,S-compound,n-hexadecane,CCCCCCCCCCCCCCCC,alkane,0.58140004,0.37530002,0.043300003,0.0,0.1227,0.8773,101.325,0.2,502,333.15,9.949999999999989,above,5-10 K,0.765366,0.18207853,0.052555524,0.008546577,0.26869375,0.7227596
no,tetrabutylammonium methanesulfonate,CCCC[N+](CCCC)(CCCC)CCCC.CS(=O)(=O)[O-],"[P4,4,4,4][CH3SO3]",benzothiophene,c1ccc2sccc2c1,S-compound,n-hexadecane,CCCCCCCCCCCCCCCC,alkane,0.6673,0.2611,0.0716,0.0,0.1106,0.8894,101.325,0.4,502,333.15,9.949999999999989,above,5-10 K,0.71515316,0.22117408,0.06367274,0.009340361,0.30207658,0.6885831
no,tetrabutylammonium methanesulfonate,CCCC[N+](CCCC)(CCCC)CCCC.CS(=O)(=O)[O-],"[P4,4,4,4][CH3SO3]",benzothiophene,c1ccc2sccc2c1,S-compound,n-hexadecane,CCCCCCCCCCCCCCCC,alkane,0.7675,0.1429,0.0896,0.0,0.0567,0.9433,101.325,0.6,502,333.15,9.949999999999989,above,5-10 K,0.6598624,0.2643813,0.07575633,0.010098207,0.33731902,0.65258276
no,tetrabutylammonium methanesulfonate,CCCC[N+](CCCC)(CCCC)CCCC.CS(=O)(=O)[O-],"[P4,4,4,4][CH3SO3]",benzothiophene,c1ccc2sccc2c1,S-compound,n-hexadecane,CCCCCCCCCCCCCCCC,alkane,0.8468,0.0726,0.0806,0.0,0.036,0.964,101.325,0.8,502,333.15,9.949999999999989,above,5-10 K,0.6008145,0.31073958,0.088445984,0.01079619,0.37405843,0.61514544
no,tetrabutylammonium methanesulfonate,CCCC[N+](CCCC)(CCCC)CCCC.CS(=O)(=O)[O-],"[P4,4,4,4][CH3SO3]",benzothiophene,c1ccc2sccc2c1,S-compound,n-hexadecane,CCCCCCCCCCCCCCCC,alkane,0.9022,0.0,0.0978,0.0,0.0,1.0,101.325,1.0,502,333.15,9.949999999999989,above,5-10 K,0.53888005,0.3595261,0.10159385,0.011465577,0.4122332,0.5763012
,methyltris(2-methylpropyl)phosphonium tosylate,CC(C)C[P+](C)(CC(C)C)CC(C)C.Cc1ccc(S(=O)(=O)[O-])cc1,"[Pi4,i4,i4,1][Tos]",benzothiophene,c1ccc2sccc2c1,S-compound,n-hexadecane,CCCCCCCCCCCCCCCC,alkane,0.44950002,0.53810006,0.012400001,0.0,0.2435,0.7565,101.325,0.0,513,333.15,9.949999999999989,above,5-10 K,0.63606036,0.30693248,0.057007216,0.010866718,0.16205868,0.8270746
,methyltris(2-methylpropyl)phosphonium tosylate,CC(C)C[P+](C)(CC(C)C)CC(C)C.Cc1ccc(S(=O)(=O)[O-])cc1,"[Pi4,i4,i4,1][Tos]",benzothiophene,c1ccc2sccc2c1,S-compound,n-hexadecane,CCCCCCCCCCCCCCCC,alkane,0.5367,0.4459,0.0174,0.0,0.1716,0.8284,101.325,0.16666667,513,333.15,9.949999999999989,above,5-10 K,0.5844773,0.35081688,0.06470573,0.011811648,0.18534893,0.8028394
,methyltris(2-methylpropyl)phosphonium tosylate,CC(C)C[P+](C)(CC(C)C)CC(C)C.Cc1ccc(S(=O)(=O)[O-])cc1,"[Pi4,i4,i4,1][Tos]",benzothiophene,c1ccc2sccc2c1,S-compound,n-hexadecane,CCCCCCCCCCCCCCCC,alkane,0.5904,0.3811,0.0285,0.0,0.1668,0.8332,101.325,0.33333334,513,333.15,9.949999999999989,above,5-10 K,0.53112805,0.39630944,0.07256251,0.012782886,0.21110582,0.77611125
,methyltris(2-methylpropyl)phosphonium tosylate,CC(C)C[P+](C)(CC(C)C)CC(C)C.Cc1ccc(S(=O)(=O)[O-])cc1,"[Pi4,i4,i4,1][Tos]",benzothiophene,c1ccc2sccc2c1,S-compound,n-hexadecane,CCCCCCCCCCCCCCCC,alkane,0.68,0.2891,0.0309,0.0,0.1051,0.8949,101.325,0.5,513,333.15,9.949999999999989,above,5-10 K,0.4783432,0.44148153,0.0801753,0.013511569,0.23912182,0.7473666
,methyltris(2-methylpropyl)phosphonium tosylate,CC(C)C[P+](C)(CC(C)C)CC(C)C.Cc1ccc(S(=O)(=O)[O-])cc1,"[Pi4,i4,i4,1][Tos]",benzothiophene,c1ccc2sccc2c1,S-compound,n-hexadecane,CCCCCCCCCCCCCCCC,alkane,0.7918,0.1594,0.0488,0.0,0.0574,0.9426,101.325,0.6666667,513,333.15,9.949999999999989,above,5-10 K,0.42556995,0.48677155,0.087658554,0.01433541,0.2696794,0.7159852
,methyltris(2-methylpropyl)phosphonium tosylate,CC(C)C[P+](C)(CC(C)C)CC(C)C.Cc1ccc(S(=O)(=O)[O-])cc1,"[Pi4,i4,i4,1][Tos]",benzothiophene,c1ccc2sccc2c1,S-compound,n-hexadecane,CCCCCCCCCCCCCCCC,alkane,0.84790003,0.08280001,0.06930001,0.0,0.03,0.97,101.325,0.8333333,513,333.15,9.949999999999989,above,5-10 K,0.3741112,0.5310381,0.09485066,0.015260416,0.30258048,0.6821591
,methyltris(2-methylpropyl)phosphonium tosylate,CC(C)C[P+](C)(CC(C)C)CC(C)C.Cc1ccc(S(=O)(=O)[O-])cc1,"[Pi4,i4,i4,1][Tos]",benzothiophene,c1ccc2sccc2c1,S-compound,n-hexadecane,CCCCCCCCCCCCCCCC,alkane,0.92,0.0,0.08,0.0,0.0,1.0,101.325,1.0,513,333.15,9.949999999999989,above,5-10 K,0.32186234,0.5771303,0.1010073,0.013919285,0.33800113,0.64807963
,1-ethyl-3-methylimidazolium bis(trifluoromethylsulfonyl)imide,CCn1cc[n+](C)c1.O=S(=O)([N-]S(=O)(=O)C(F)(F)F)C(F)(F)F,[C2MIm][NTf2],1-propanol,CCCO,alcohol,water,O,water,0.76,0.0,0.24,0.001,0.0,0.999,101.325,0.0,724,283.2,9.949999999999989,below,5-10 K,0.42972982,0.15314817,0.41712204,0.010667429,0.051784556,0.9375479
,1-ethyl-3-methylimidazolium bis(trifluoromethylsulfonyl)imide,CCn1cc[n+](C)c1.O=S(=O)([N-]S(=O)(=O)C(F)(F)F)C(F)(F)F,[C2MIm][NTf2],1-propanol,CCCO,alcohol,water,O,water,0.604,0.1,0.296,0.001,0.025,0.974,101.325,0.14285715,724,283.2,9.949999999999989,below,5-10 K,0.38055795,0.16603282,0.45340925,0.010772672,0.04951057,0.93971676
,1-ethyl-3-methylimidazolium bis(trifluoromethylsulfonyl)imide,CCn1cc[n+](C)c1.O=S(=O)([N-]S(=O)(=O)C(F)(F)F)C(F)(F)F,[C2MIm][NTf2],1-propanol,CCCO,alcohol,water,O,water,0.446,0.199,0.355,0.001,0.053,0.946,101.325,0.2857143,724,283.2,9.949999999999989,below,5-10 K,0.33385262,0.1782494,0.48789796,0.010875705,0.04734844,0.9417759
,1-ethyl-3-methylimidazolium bis(trifluoromethylsulfonyl)imide,CCn1cc[n+](C)c1.O=S(=O)([N-]S(=O)(=O)C(F)(F)F)C(F)(F)F,[C2MIm][NTf2],1-propanol,CCCO,alcohol,water,O,water,0.314,0.261,0.425,0.002,0.071,0.927,101.325,0.42857143,724,283.2,9.949999999999989,below,5-10 K,0.2905572,0.18957937,0.51986337,0.0109773325,0.04532907,0.9436935
,1-ethyl-3-methylimidazolium bis(trifluoromethylsulfonyl)imide,CCn1cc[n+](C)c1.O=S(=O)([N-]S(=O)(=O)C(F)(F)F)C(F)(F)F,[C2MIm][NTf2],1-propanol,CCCO,alcohol,water,O,water,0.243,0.294,0.463,0.004,0.092,0.904,101.325,0.5714286,724,283.2,9.949999999999989,below,5-10 K,0.2508915,0.19994953,0.54915893,0.01108445,0.04344737,0.9454682
,1-ethyl-3-methylimidazolium bis(trifluoromethylsulfonyl)imide,CCn1cc[n+](C)c1.O=S(=O)([N-]S(=O)(=O)C(F)(F)F)C(F)(F)F,[C2MIm][NTf2],1-propanol,CCCO,alcohol,water,O,water,0.203,0.313,0.484,0.007,0.111,0.882,101.325,0.71428573,724,283.2,9.949999999999989,below,5-10 K,0.21553618,0.21015191,0.5743119,0.012430961,0.040246997,0.9473221
,1-ethyl-3-methylimidazolium bis(trifluoromethylsulfonyl)imide,CCn1cc[n+](C)c1.O=S(=O)([N-]S(=O)(=O)C(F)(F)F)C(F)(F)F,[C2MIm][NTf2],1-propanol,CCCO,alcohol,water,O,water,0.145,0.296,0.559,0.013,0.146,0.841,101.325,0.85714287,724,283.2,9.949999999999989,below,5-10 K,0.18476549,0.21879116,0.59644336,0.013202152,0.038105283,0.94869256
,1-ethyl-3-methylimidazolium bis(trifluoromethylsulfonyl)imide,CCn1cc[n+](C)c1.O=S(=O)([N-]S(=O)(=O)C(F)(F)F)C(F)(F)F,[C2MIm][NTf2],1-propanol,CCCO,alcohol,water,O,water,0.12,0.285,0.595,0.019,0.164,0.817,101.325,1.0,724,283.2,9.949999999999989,below,5-10 K,0.15738708,0.22610821,0.61650467,0.013323699,0.036664553,0.9500118
,1-butyl-3-methylimidazolium bis(trifluoromethylsulfonyl)imide,CCCCn1cc[n+](C)c1.O=S(=O)([N-]S(=O)(=O)C(F)(F)F)C(F)(F)F,[C4MIm][NTf2],ethanol,CCO,alcohol,water,O,water,0.804,0.0,0.196,0.001,0.0,0.999,101.325,0.0,727,283.2,9.949999999999989,below,5-10 K,0.52645606,0.15046154,0.32308245,0.012707997,0.022105005,0.9651871
,1-butyl-3-methylimidazolium bis(trifluoromethylsulfonyl)imide,CCCCn1cc[n+](C)c1.O=S(=O)([N-]S(=O)(=O)C(F)(F)F)C(F)(F)F,[C4MIm][NTf2],ethanol,CCO,alcohol,water,O,water,0.74700004,0.039000005,0.21400002,0.0,0.028,0.972,101.325,0.083333336,727,283.2,9.949999999999989,below,5-10 K,0.49881947,0.15909941,0.34208113,0.012849131,0.021856805,0.96529406
,1-butyl-3-methylimidazolium bis(trifluoromethylsulfonyl)imide,CCCCn1cc[n+](C)c1.O=S(=O)([N-]S(=O)(=O)C(F)(F)F)C(F)(F)F,[C4MIm][NTf2],ethanol,CCO,alcohol,water,O,water,0.679,0.094,0.227,0.001,0.061,0.938,101.325,0.16666667,727,283.2,9.949999999999989,below,5-10 K,0.4734112,0.16871817,0.35787064,0.01323073,0.022403108,0.9643662
,1-butyl-3-methylimidazolium bis(trifluoromethylsulfonyl)imide,CCCCn1cc[n+](C)c1.O=S(=O)([N-]S(=O)(=O)C(F)(F)F)C(F)(F)F,[C4MIm][NTf2],ethanol,CCO,alcohol,water,O,water,0.601,0.155,0.244,0.0,0.095,0.905,101.325,0.25,727,283.2,9.949999999999989,below,5-10 K,0.45071226,0.17937961,0.36990812,0.013898985,0.02389437,0.96220666
,1-butyl-3-methylimidazolium bis(trifluoromethylsulfonyl)imide,CCCCn1cc[n+](C)c1.O=S(=O)([N-]S(=O)(=O)C(F)(F)F)C(F)(F)F,[C4MIm][NTf2],ethanol,CCO,alcohol,water,O,water,0.531,0.207,0.262,0.001,0.12,0.879,101.325,0.33333334,727,283.2,9.949999999999989,below,5-10 K,0.4238672,0.18804328,0.38808945,0.01405663,0.023659503,0.9622839
,1-butyl-3-methylimidazolium bis(trifluoromethylsulfonyl)imide,CCCCn1cc[n+](C)c1.O=S(=O)([N-]S(=O)(=O)C(F)(F)F)C(F)(F)F,[C4MIm][NTf2],ethanol,CCO,alcohol,water,O,water,0.465,0.257,0.278,0.001,0.144,0.855,101.325,0.41666666,727,283.2,9.949999999999989,below,5-10 K,0.39744225,0.19659545,0.4059623,0.014216635,0.023430655,0.9623527
,1-butyl-3-methylimidazolium bis(trifluoromethylsulfonyl)imide,CCCCn1cc[n+](C)c1.O=S(=O)([N-]S(=O)(=O)C(F)(F)F)C(F)(F)F,[C4MIm][NTf2],ethanol,CCO,alcohol,water,O,water,0.395,0.302,0.303,0.001,0.173,0.826,101.325,0.5,727,283.2,9.949999999999989,below,5-10 K,0.37171075,0.20490502,0.42338422,0.014382855,0.023218429,0.9623987
,1-butyl-3-methylimidazolium bis(trifluoromethylsulfonyl)imide,CCCCn1cc[n+](C)c1.O=S(=O)([N-]S(=O)(=O)C(F)(F)F)C(F)(F)F,[C4MIm][NTf2],ethanol,CCO,alcohol,water,O,water,0.299,0.349,0.352,0.005,0.22,0.775,101.325,0.6666667,727,283.2,9.949999999999989,below,5-10 K,0.322861,0.22074474,0.45639423,0.014713919,0.022806954,0.9624791
,1-butyl-3-methylimidazolium bis(trifluoromethylsulfonyl)imide,CCCCn1cc[n+](C)c1.O=S(=O)([N-]S(=O)(=O)C(F)(F)F)C(F)(F)F,[C4MIm][NTf2],ethanol,CCO,alcohol,water,O,water,0.277,0.359,0.364,0.006,0.23,0.764,101.325,0.75,727,283.2,9.949999999999989,below,5-10 K,0.29970863,0.22826457,0.47202685,0.014883395,0.022625638,0.96249104
,1-butyl-3-methylimidazolium bis(trifluoromethylsulfonyl)imide,CCCCn1cc[n+](C)c1.O=S(=O)([N-]S(=O)(=O)C(F)(F)F)C(F)(F)F,[C4MIm][NTf2],ethanol,CCO,alcohol,water,O,water,0.229,0.38,0.391,0.01,0.263,0.727,101.325,0.8333333,727,283.2,9.949999999999989,below,5-10 K,0.27813414,0.23647365,0.48539224,0.015432901,0.022688953,0.9618782
,1-butyl-3-methylimidazolium bis(trifluoromethylsulfonyl)imide,CCCCn1cc[n+](C)c1.O=S(=O)([N-]S(=O)(=O)C(F)(F)F)C(F)(F)F,[C4MIm][NTf2],ethanol,CCO,alcohol,water,O,water,0.368,0.316,0.316,0.002,0.181,0.817,101.325,0.5833333,727,283.2,9.949999999999989,below,5-10 K,0.34746936,0.21434948,0.43818122,0.015106674,0.0233818,0.9615115
,1-butyl-3-methylimidazolium bis(trifluoromethylsulfonyl)imide,CCCCn1cc[n+](C)c1.O=S(=O)([N-]S(=O)(=O)C(F)(F)F)C(F)(F)F,[C4MIm][NTf2],ethanol,CCO,alcohol,water,O,water,0.224,0.379,0.397,0.01,0.264,0.726,101.325,0.9166667,727,283.2,9.949999999999989,below,5-10 K,0.25755602,0.24386176,0.4985822,0.015810348,0.022633716,0.961556
,1-butyl-3-methylimidazolium bis(trifluoromethylsulfonyl)imide,CCCCn1cc[n+](C)c1.O=S(=O)([N-]S(=O)(=O)C(F)(F)F)C(F)(F)F,[C4MIm][NTf2],ethanol,CCO,alcohol,water,O,water,0.178,0.387,0.435,0.017,0.292,0.691,101.325,1.0,727,283.2,9.949999999999989,below,5-10 K,0.23774084,0.25043678,0.5118224,0.015993163,0.022470888,0.961536
,1-butyl-3-methylimidazolium bis(trifluoromethylsulfonyl)imide,CCCCn1cc[n+](C)c1.O=S(=O)([N-]S(=O)(=O)C(F)(F)F)C(F)(F)F,[C4MIm][NTf2],ethanol,CCO,alcohol,water,O,water,0.65,0.0,0.35,0.001,0.0,0.999,101.325,0.0,729,283.2,9.949999999999989,below,5-10 K,0.5332365,0.15385686,0.31290668,0.0139612,0.025077358,0.9609614
,1-butyl-3-methylimidazolium bis(trifluoromethylsulfonyl)imide,CCCCn1cc[n+](C)c1.O=S(=O)([N-]S(=O)(=O)C(F)(F)F)C(F)(F)F,[C4MIm][NTf2],ethanol,CCO,alcohol,water,O,water,0.572,0.078,0.35,0.0,0.021,0.979,101.325,0.14285715,729,283.2,9.949999999999989,below,5-10 K,0.48705435,0.16772926,0.34521633,0.013885104,0.024143877,0.96197104
,1-butyl-3-methylimidazolium bis(trifluoromethylsulfonyl)imide,CCCCn1cc[n+](C)c1.O=S(=O)([N-]S(=O)(=O)C(F)(F)F)C(F)(F)F,[C4MIm][NTf2],ethanol,CCO,alcohol,water,O,water,0.48,0.137,0.383,0.001,0.043,0.956,101.325,0.2857143,729,283.2,9.949999999999989,below,5-10 K,0.44069758,0.18207952,0.3772229,0.013993682,0.023497859,0.9625085
,1-butyl-3-methylimidazolium bis(trifluoromethylsulfonyl)imide,CCCCn1cc[n+](C)c1.O=S(=O)([N-]S(=O)(=O)C(F)(F)F)C(F)(F)F,[C4MIm][NTf2],ethanol,CCO,alcohol,water,O,water,0.367,0.215,0.418,0.001,0.075,0.924,101.325,0.42857143,729,283.2,9.949999999999989,below,5-10 K,0.39526144,0.19671522,0.40802333,0.0142659955,0.023110662,0.96262336
,1-butyl-3-methylimidazolium bis(trifluoromethylsulfonyl)imide,CCCCn1cc[n+](C)c1.O=S(=O)([N-]S(=O)(=O)C(F)(F)F)C(F)(F)F,[C4MIm][NTf2],ethanol,CCO,alcohol,water,O,water,0.31,0.256,0.434,0.002,0.096,0.902,101.325,0.5714286,729,283.2,9.949999999999989,below,5-10 K,0.34503752,0.20560357,0.44935897,0.011060407,0.020902045,0.96803755
,1-butyl-3-methylimidazolium bis(trifluoromethylsulfonyl)imide,CCCCn1cc[n+](C)c1.O=S(=O)([N-]S(=O)(=O)C(F)(F)F)C(F)(F)F,[C4MIm][NTf2],ethanol,CCO,alcohol,water,O,water,0.27,0.281,0.449,0.003,0.12,0.877,101.325,0.71428573,729,283.2,9.949999999999989,below,5-10 K,0.30327904,0.21863686,0.4780841,0.011284213,0.020578641,0.96813715
,1-butyl-3-methylimidazolium bis(trifluoromethylsulfonyl)imide,CCCCn1cc[n+](C)c1.O=S(=O)([N-]S(=O)(=O)C(F)(F)F)C(F)(F)F,[C4MIm][NTf2],ethanol,CCO,alcohol,water,O,water,0.186,0.321,0.493,0.005,0.146,0.849,101.325,0.85714287,729,283.2,9.949999999999989,below,5-10 K,0.2699877,0.23465815,0.49535418,0.013870338,0.02150156,0.96462816
,1-butyl-3-methylimidazolium bis(trifluoromethylsulfonyl)imide,CCCCn1cc[n+](C)c1.O=S(=O)([N-]S(=O)(=O)C(F)(F)F)C(F)(F)F,[C4MIm][NTf2],ethanol,CCO,alcohol,water,O,water,0.139,0.305,0.556,0.007,0.166,0.827,101.325,1.0,729,283.2,9.949999999999989,below,5-10 K,0.2378528,0.24799614,0.51415104,0.0155109465,0.021870889,0.9626182
,1-butyl-3-methylimidazolium bis(trifluoromethylsulfonyl)imide,CCCCn1cc[n+](C)c1.O=S(=O)([N-]S(=O)(=O)C(F)(F)F)C(F)(F)F,[C4MIm][NTf2],2-propanol,CC(C)O,alcohol,water,O,water,0.812,0.0,0.188,0.0,0.0,1.0,101.325,0.0,730,283.2,9.949999999999989,below,5-10 K,0.44692272,0.16855106,0.38452628,0.013991051,0.047654346,0.93835455
,1-butyl-3-methylimidazolium bis(trifluoromethylsulfonyl)imide,CCCCn1cc[n+](C)c1.O=S(=O)([N-]S(=O)(=O)C(F)(F)F)C(F)(F)F,[C4MIm][NTf2],2-propanol,CC(C)O,alcohol,water,O,water,0.728,0.068,0.204,0.001,0.024,0.975,101.325,0.125,730,283.2,9.949999999999989,below,5-10 K,0.39469874,0.18754303,0.4177582,0.01216064,0.0519041,0.93593526
,1-butyl-3-methylimidazolium bis(trifluoromethylsulfonyl)imide,CCCCn1cc[n+](C)c1.O=S(=O)([N-]S(=O)(=O)C(F)(F)F)C(F)(F)F,[C4MIm][NTf2],2-propanol,CC(C)O,alcohol,water,O,water,0.623,0.145,0.232,0.001,0.052,0.947,101.325,0.25,730,283.2,9.949999999999989,below,5-10 K,0.35402247,0.1999458,0.44603172,0.012276555,0.0501688,0.93755466
,1-butyl-3-methylimidazolium bis(trifluoromethylsulfonyl)imide,CCCCn1cc[n+](C)c1.O=S(=O)([N-]S(=O)(=O)C(F)(F)F)C(F)(F)F,[C4MIm][NTf2],2-propanol,CC(C)O,alcohol,water,O,water,0.471,0.24,0.289,0.0,0.075,0.925,101.325,0.375,730,283.2,9.949999999999989,below,5-10 K,0.3217165,0.2094812,0.4688023,0.014257715,0.047062863,0.9386794
,1-butyl-3-methylimidazolium bis(trifluoromethylsulfonyl)imide,CCCCn1cc[n+](C)c1.O=S(=O)([N-]S(=O)(=O)C(F)(F)F)C(F)(F)F,[C4MIm][NTf2],2-propanol,CC(C)O,alcohol,water,O,water,0.33900002,0.30800003,0.35300002,0.001,0.101,0.898,101.325,0.5,730,283.2,9.949999999999989,below,5-10 K,0.2857892,0.22047652,0.4937343,0.014390258,0.045568954,0.94004077
,1-butyl-3-methylimidazolium bis(trifluoromethylsulfonyl)imide,CCCCn1cc[n+](C)c1.O=S(=O)([N-]S(=O)(=O)C(F)(F)F)C(F)(F)F,[C4MIm][NTf2],2-propanol,CC(C)O,alcohol,water,O,water,0.224,0.34,0.436,0.005,0.137,0.858,101.325,0.625,730,283.2,9.949999999999989,below,5-10 K,0.2525805,0.23066945,0.5167501,0.01452525,0.044177033,0.9412977
,1-butyl-3-methylimidazolium bis(trifluoromethylsulfonyl)imide,CCCCn1cc[n+](C)c1.O=S(=O)([N-]S(=O)(=O)C(F)(F)F)C(F)(F)F,[C4MIm][NTf2],2-propanol,CC(C)O,alcohol,water,O,water,0.184,0.342,0.474,0.007,0.158,0.835,101.325,0.75,730,283.2,9.949999999999989,below,5-10 K,0.21057785,0.23828599,0.55113614,0.012397101,0.037279874,0.9503229
,1-butyl-3-methylimidazolium bis(trifluoromethylsulfonyl)imide,CCCCn1cc[n+](C)c1.O=S(=O)([N-]S(=O)(=O)C(F)(F)F)C(F)(F)F,[C4MIm][NTf2],2-propanol,CC(C)O,alcohol,water,O,water,0.15,0.337,0.513,0.01,0.179,0.811,101.325,0.875,730,283.2,9.949999999999989,below,5-10 K,0.16625863,0.24121259,0.5925288,0.00871959,0.029024692,0.9622558
,1-butyl-3-methylimidazolium bis(trifluoromethylsulfonyl)imide,CCCCn1cc[n+](C)c1.O=S(=O)([N-]S(=O)(=O)C(F)(F)F)C(F)(F)F,[C4MIm][NTf2],2-propanol,CC(C)O,alcohol,water,O,water,0.118,0.323,0.559,0.016,0.202,0.782,101.325,1.0,730,283.2,9.949999999999989,below,5-10 K,0.14369796,0.24776462,0.60853744,0.008814778,0.028206566,0.9629787
,1-butyl-1-methylpyrrolidinium bis(trifluoromethylsulfonyl)imide,CCCC[N+]1(C)CCCC1.O=S(=O)([N-]S(=O)(=O)C(F)(F)F)C(F)(F)F,[C4MPyr][NTf2],ethanol,CCO,alcohol,water,O,water,0.831,0.0,0.169,0.001,0.0,0.999,101.325,0.0,739,283.0,10.149999999999977,below,10-20 K,0.5102311,0.16177273,0.32799622,0.004638078,0.009335832,0.9860261
,1-butyl-1-methylpyrrolidinium bis(trifluoromethylsulfonyl)imide,CCCC[N+]1(C)CCCC1.O=S(=O)([N-]S(=O)(=O)C(F)(F)F)C(F)(F)F,[C4MPyr][NTf2],ethanol,CCO,alcohol,water,O,water,0.788,0.029,0.183,0.0,0.023,0.977,101.325,0.1,739,283.0,10.149999999999977,below,10-20 K,0.4756432,0.17310311,0.35125375,0.00471974,0.009273206,0.9860071
,1-butyl-1-methylpyrrolidinium bis(trifluoromethylsulfonyl)imide,CCCC[N+]1(C)CCCC1.O=S(=O)([N-]S(=O)(=O)C(F)(F)F)C(F)(F)F,[C4MPyr][NTf2],ethanol,CCO,alcohol,water,O,water,0.732,0.073,0.195,0.0,0.052,0.948,101.325,0.2,739,283.0,10.149999999999977,below,10-20 K,0.45078993,0.18396404,0.36524597,0.005601861,0.00992258,0.98447555
,1-butyl-1-methylpyrrolidinium bis(trifluoromethylsulfonyl)imide,CCCC[N+]1(C)CCCC1.O=S(=O)([N-]S(=O)(=O)C(F)(F)F)C(F)(F)F,[C4MPyr][NTf2],ethanol,CCO,alcohol,water,O,water,0.682,0.114,0.204,0.0,0.078,0.922,101.325,0.3,739,283.0,10.149999999999977,below,10-20 K,0.44180435,0.1931208,0.3650748,0.0075593563,0.012182488,0.9802581
,1-butyl-1-methylpyrrolidinium bis(trifluoromethylsulfonyl)imide,CCCC[N+]1(C)CCCC1.O=S(=O)([N-]S(=O)(=O)C(F)(F)F)C(F)(F)F,[C4MPyr][NTf2],ethanol,CCO,alcohol,water,O,water,0.585,0.19,0.225,0.001,0.118,0.881,101.325,0.4,739,283.0,10.149999999999977,below,10-20 K,0.4102073,0.2033739,0.38641882,0.0075158193,0.012014495,0.98046976
,1-butyl-1-methylpyrrolidinium bis(trifluoromethylsulfonyl)imide,CCCC[N+]1(C)CCCC1.O=S(=O)([N-]S(=O)(=O)C(F)(F)F)C(F)(F)F,[C4MPyr][NTf2],ethanol,CCO,alcohol,water,O,water,0.482,0.262,0.256,0.001,0.164,0.835,101.325,0.5,739,283.0,10.149999999999977,below,10-20 K,0.3483596,0.22031114,0.4313293,0.007918415,0.009977214,0.98210436
,1-butyl-1-methylpyrrolidinium bis(trifluoromethylsulfonyl)imide,CCCC[N+]1(C)CCCC1.O=S(=O)([N-]S(=O)(=O)C(F)(F)F)C(F)(F)F,[C4MPyr][NTf2],ethanol,CCO,alcohol,water,O,water,0.379,0.324,0.297,0.004,0.217,0.779,101.325,0.6,739,283.0,10.149999999999977,below,10-20 K,0.3069511,0.23346986,0.45957905,0.008262061,0.0094554955,0.9822825
,1-butyl-1-methylpyrrolidinium bis(trifluoromethylsulfonyl)imide,CCCC[N+]1(C)CCCC1.O=S(=O)([N-]S(=O)(=O)C(F)(F)F)C(F)(F)F,[C4MPyr][NTf2],ethanol,CCO,alcohol,water,O,water,0.297,0.366,0.337,0.008,0.271,0.721,101.325,0.7,739,283.0,10.149999999999977,below,10-20 K,0.28003353,0.24260074,0.4773657,0.008401725,0.009430287,0.9821681
,1-butyl-1-methylpyrrolidinium bis(trifluoromethylsulfonyl)imide,CCCC[N+]1(C)CCCC1.O=S(=O)([N-]S(=O)(=O)C(F)(F)F)C(F)(F)F,[C4MPyr][NTf2],ethanol,CCO,alcohol,water,O,water,0.285,0.372,0.343,0.009,0.281,0.71,101.325,0.8,739,283.0,10.149999999999977,below,10-20 K,0.26158598,0.25263304,0.48578104,0.007884863,0.010206821,0.98190826
,1-butyl-1-methylpyrrolidinium bis(trifluoromethylsulfonyl)imide,CCCC[N+]1(C)CCCC1.O=S(=O)([N-]S(=O)(=O)C(F)(F)F)C(F)(F)F,[C4MPyr][NTf2],ethanol,CCO,alcohol,water,O,water,0.284,0.369,0.347,0.009,0.283,0.708,101.325,0.9,739,283.0,10.149999999999977,below,10-20 K,0.25340584,0.26550642,0.4810877,0.0062469724,0.012472577,0.9812804
,1-butyl-1-methylpyrrolidinium bis(trifluoromethylsulfonyl)imide,CCCC[N+]1(C)CCCC1.O=S(=O)([N-]S(=O)(=O)C(F)(F)F)C(F)(F)F,[C4MPyr][NTf2],ethanol,CCO,alcohol,water,O,water,0.199,0.4,0.401,0.021,0.338,0.641,101.325,1.0,739,283.0,10.149999999999977,below,10-20 K,0.22877906,0.27435738,0.4968636,0.0063634873,0.012434616,0.981202
,1-butyl-1-methylpyrrolidinium bis(trifluoromethylsulfonyl)imide,CCCC[N+]1(C)CCCC1.O=S(=O)([N-]S(=O)(=O)C(F)(F)F)C(F)(F)F,[C4MPyr][NTf2],ethanol,CCO,alcohol,water,O,water,0.64,0.0,0.36,0.001,0.0,0.999,101.325,0.0,742,333.0,9.800000000000011,above,5-10 K,0.58310807,0.14124869,0.27564326,0.004101248,0.011812141,0.9840866
,1-butyl-1-methylpyrrolidinium bis(trifluoromethylsulfonyl)imide,CCCC[N+]1(C)CCCC1.O=S(=O)([N-]S(=O)(=O)C(F)(F)F)C(F)(F)F,[C4MPyr][NTf2],ethanol,CCO,alcohol,water,O,water,0.563,0.06,0.377,0.001,0.017,0.982,101.325,0.16666667,742,333.0,9.800000000000011,above,5-10 K,0.5243752,0.1609182,0.31470662,0.004223101,0.011633942,0.98414296
,1-butyl-1-methylpyrrolidinium bis(trifluoromethylsulfonyl)imide,CCCC[N+]1(C)CCCC1.O=S(=O)([N-]S(=O)(=O)C(F)(F)F)C(F)(F)F,[C4MPyr][NTf2],ethanol,CCO,alcohol,water,O,water,0.474,0.134,0.392,0.001,0.041,0.958,101.325,0.33333334,742,333.0,9.800000000000011,above,5-10 K,0.4656693,0.18233263,0.35199812,0.004733863,0.01183319,0.983433
,1-butyl-1-methylpyrrolidinium bis(trifluoromethylsulfonyl)imide,CCCC[N+]1(C)CCCC1.O=S(=O)([N-]S(=O)(=O)C(F)(F)F)C(F)(F)F,[C4MPyr][NTf2],ethanol,CCO,alcohol,water,O,water,0.391,0.193,0.416,0.001,0.064,0.935,101.325,0.5,742,333.0,9.800000000000011,above,5-10 K,0.40824485,0.20178476,0.38997042,0.0048751426,0.011687811,0.98343706
,1-butyl-1-methylpyrrolidinium bis(trifluoromethylsulfonyl)imide,CCCC[N+]1(C)CCCC1.O=S(=O)([N-]S(=O)(=O)C(F)(F)F)C(F)(F)F,[C4MPyr][NTf2],ethanol,CCO,alcohol,water,O,water,0.211,0.288,0.501,0.004,0.14,0.856,101.325,0.8333333,742,333.0,9.800000000000011,above,5-10 K,0.30130196,0.2258943,0.47280374,0.0056442996,0.009920685,0.984435
,1-butyl-1-methylpyrrolidinium bis(trifluoromethylsulfonyl)imide,CCCC[N+]1(C)CCCC1.O=S(=O)([N-]S(=O)(=O)C(F)(F)F)C(F)(F)F,[C4MPyr][NTf2],ethanol,CCO,alcohol,water,O,water,0.221,0.284,0.495,0.004,0.134,0.862,101.325,0.6666667,742,333.0,9.800000000000011,above,5-10 K,0.35479987,0.20249042,0.44270965,0.0054302975,0.009427699,0.985142
,1-butyl-1-methylpyrrolidinium bis(trifluoromethylsulfonyl)imide,CCCC[N+]1(C)CCCC1.O=S(=O)([N-]S(=O)(=O)C(F)(F)F)C(F)(F)F,[C4MPyr][NTf2],ethanol,CCO,alcohol,water,O,water,0.141,0.273,0.586,0.014,0.179,0.807,101.325,1.0,742,333.0,9.800000000000011,above,5-10 K,0.26011932,0.2325823,0.5072984,0.005755943,0.009309247,0.9849348
no,1-decyl-3-methylimidazolium bis(trifluoromethylsulfonyl)imide,CCCCCCCCCCn1cc[n+](C)c1.O=S(=O)([N-]S(=O)(=O)C(F)(F)F)C(F)(F)F,[C10MIm][NTf2],2-propanol,CC(C)O,alcohol,water,O,water,0.895,0.0,0.105,0.0,0.0,1.0,101.325,0.0,748,278.15,15.0,below,10-20 K,0.48307696,0.19610919,0.32081386,0.009192968,0.017605603,0.97320145
no,1-decyl-3-methylimidazolium bis(trifluoromethylsulfonyl)imide,CCCCCCCCCCn1cc[n+](C)c1.O=S(=O)([N-]S(=O)(=O)C(F)(F)F)C(F)(F)F,[C10MIm][NTf2],2-propanol,CC(C)O,alcohol,water,O,water,0.74,0.144,0.116,0.0,0.052947048,0.9470529,101.325,0.14285715,748,278.15,15.0,below,10-20 K,0.43600523,0.21388753,0.3501072,0.0093396,0.017292026,0.97336835
no,1-decyl-3-methylimidazolium bis(trifluoromethylsulfonyl)imide,CCCCCCCCCCn1cc[n+](C)c1.O=S(=O)([N-]S(=O)(=O)C(F)(F)F)C(F)(F)F,[C10MIm][NTf2],2-propanol,CC(C)O,alcohol,water,O,water,0.642,0.217,0.141,0.0,0.071,0.929,101.325,0.2857143,748,278.15,15.0,below,10-20 K,0.39027208,0.23120442,0.3785235,0.009488731,0.01700283,0.97350854
no,1-decyl-3-methylimidazolium bis(trifluoromethylsulfonyl)imide,CCCCCCCCCCn1cc[n+](C)c1.O=S(=O)([N-]S(=O)(=O)C(F)(F)F)C(F)(F)F,[C10MIm][NTf2],2-propanol,CC(C)O,alcohol,water,O,water,0.519,0.321,0.16,0.0,0.1,0.9,101.325,0.42857143,748,278.15,15.0,below,10-20 K,0.3466537,0.24775614,0.40559012,0.009643429,0.016739612,0.97361696
no,1-decyl-3-methylimidazolium bis(trifluoromethylsulfonyl)imide,CCCCCCCCCCn1cc[n+](C)c1.O=S(=O)([N-]S(=O)(=O)C(F)(F)F)C(F)(F)F,[C10MIm][NTf2],2-propanol,CC(C)O,alcohol,water,O,water,0.356,0.393,0.251,0.0,0.127,0.873,101.325,0.5714286,748,278.15,15.0,below,10-20 K,0.3056582,0.26335776,0.43098405,0.009803954,0.016500078,0.973696
no,1-decyl-3-methylimidazolium bis(trifluoromethylsulfonyl)imide,CCCCCCCCCCn1cc[n+](C)c1.O=S(=O)([N-]S(=O)(=O)C(F)(F)F)C(F)(F)F,[C10MIm][NTf2],2-propanol,CC(C)O,alcohol,water,O,water,0.259,0.416,0.325,0.0,0.139,0.861,101.325,0.71428573,748,278.15,15.0,below,10-20 K,0.26761153,0.2779055,0.454483,0.009965635,0.016280845,0.9737535
no,1-decyl-3-methylimidazolium bis(trifluoromethylsulfonyl)imide,CCCCCCCCCCn1cc[n+](C)c1.O=S(=O)([N-]S(=O)(=O)C(F)(F)F)C(F)(F)F,[C10MIm][NTf2],2-propanol,CC(C)O,alcohol,water,O,water,0.208,0.418,0.374,0.001,0.157,0.842,101.325,0.85714287,748,278.15,15.0,below,10-20 K,0.23305081,0.29120708,0.47574213,0.010135302,0.016088467,0.9737762
no,1-decyl-3-methylimidazolium bis(trifluoromethylsulfonyl)imide,CCCCCCCCCCn1cc[n+](C)c1.O=S(=O)([N-]S(=O)(=O)C(F)(F)F)C(F)(F)F,[C10MIm][NTf2],2-propanol,CC(C)O,alcohol,water,O,water,0.17,0.411,0.419,0.001,0.176,0.823,101.325,1.0,748,278.15,15.0,below,10-20 K,0.19623265,0.30330798,0.5004594,0.009201123,0.014906062,0.97589284
no,1-decyl-3-methylimidazolium bis(trifluoromethylsulfonyl)imide,CCCCCCCCCCn1cc[n+](C)c1.O=S(=O)([N-]S(=O)(=O)C(F)(F)F)C(F)(F)F,[C10MIm][NTf2],2-propanol,CC(C)O,alcohol,water,O,water,0.812,0.0,0.188,0.0,0.0,1.0,101.325,0.0,749,288.15,5.0,below,0-5 K,0.4852779,0.19310936,0.3216127,0.008121563,0.016387995,0.97549057
no,1-decyl-3-methylimidazolium bis(trifluoromethylsulfonyl)imide,CCCCCCCCCCn1cc[n+](C)c1.O=S(=O)([N-]S(=O)(=O)C(F)(F)F)C(F)(F)F,[C10MIm][NTf2],2-propanol,CC(C)O,alcohol,water,O,water,0.607,0.165,0.228,0.0,0.029,0.971,101.325,0.14285715,749,288.15,5.0,below,0-5 K,0.43756795,0.21094412,0.35148796,0.008255747,0.016098492,0.9756457
no,1-decyl-3-methylimidazolium bis(trifluoromethylsulfonyl)imide,CCCCCCCCCCn1cc[n+](C)c1.O=S(=O)([N-]S(=O)(=O)C(F)(F)F)C(F)(F)F,[C10MIm][NTf2],2-propanol,CC(C)O,alcohol,water,O,water,0.485,0.247,0.268,0.0,0.043,0.957,101.325,0.2857143,749,288.15,5.0,below,0-5 K,0.3940251,0.2274438,0.37853116,0.008892942,0.016585065,0.97452193
no,1-decyl-3-methylimidazolium bis(trifluoromethylsulfonyl)imide,CCCCCCCCCCn1cc[n+](C)c1.O=S(=O)([N-]S(=O)(=O)C(F)(F)F)C(F)(F)F,[C10MIm][NTf2],2-propanol,CC(C)O,alcohol,water,O,water,0.384,0.312,0.304,0.0,0.06,0.94,101.325,0.42857143,749,288.15,5.0,below,0-5 K,0.3497916,0.24407238,0.40613595,0.00904008,0.016322033,0.9746379
no,1-decyl-3-methylimidazolium bis(trifluoromethylsulfonyl)imide,CCCCCCCCCCn1cc[n+](C)c1.O=S(=O)([N-]S(=O)(=O)C(F)(F)F)C(F)(F)F,[C10MIm][NTf2],2-propanol,CC(C)O,alcohol,water,O,water,0.26,0.358,0.382,0.001,0.079,0.92,101.325,0.5714286,749,288.15,5.0,below,0-5 K,0.3083128,0.25970662,0.43198055,0.009186231,0.016077204,0.9747365
no,1-decyl-3-methylimidazolium bis(trifluoromethylsulfonyl)imide,CCCCCCCCCCn1cc[n+](C)c1.O=S(=O)([N-]S(=O)(=O)C(F)(F)F)C(F)(F)F,[C10MIm][NTf2],2-propanol,CC(C)O,alcohol,water,O,water,0.189,0.368,0.443,0.001,0.09,0.909,101.325,0.71428573,749,288.15,5.0,below,0-5 K,0.26983595,0.27427796,0.45588607,0.00934285,0.015860647,0.9747965
no,1-decyl-3-methylimidazolium bis(trifluoromethylsulfonyl)imide,CCCCCCCCCCn1cc[n+](C)c1.O=S(=O)([N-]S(=O)(=O)C(F)(F)F)C(F)(F)F,[C10MIm][NTf2],2-propanol,CC(C)O,alcohol,water,O,water,0.145,0.391,0.464,0.001,0.111,0.888,101.325,0.85714287,749,288.15,5.0,below,0-5 K,0.23485604,0.28760615,0.47753778,0.009501975,0.015668865,0.9748292
no,1-decyl-3-methylimidazolium bis(trifluoromethylsulfonyl)imide,CCCCCCCCCCn1cc[n+](C)c1.O=S(=O)([N-]S(=O)(=O)C(F)(F)F)C(F)(F)F,[C10MIm][NTf2],2-propanol,CC(C)O,alcohol,water,O,water,0.114,0.353,0.533,0.003,0.127,0.87,101.325,1.0,749,288.15,5.0,below,0-5 K,0.2031766,0.29976314,0.49706027,0.009667573,0.015499295,0.9748332
,1-butyl-3-methylimidazolium hexafluorophosphate,CCCCn1cc[n+](C)c1.F[P-](F)(F)(F)(F)F,[C4MIm][PF6],ethanol,CCO,alcohol,water,O,water,0.795,0.0,0.205,0.001,0.0,0.999,101.325,0.0,781,283.2,9.949999999999989,below,5-10 K,0.49804512,0.18084437,0.32111055,0.0147783,0.046257842,0.93896383
,1-butyl-3-methylimidazolium hexafluorophosphate,CCCCn1cc[n+](C)c1.F[P-](F)(F)(F)(F)F,[C4MIm][PF6],ethanol,CCO,alcohol,water,O,water,0.76,0.019,0.221,0.001,0.025,0.974,101.325,0.05263158,781,283.2,9.949999999999989,below,5-10 K,0.48002386,0.18726659,0.3327095,0.01490075,0.046046253,0.93905294
,1-butyl-3-methylimidazolium hexafluorophosphate,CCCCn1cc[n+](C)c1.F[P-](F)(F)(F)(F)F,[C4MIm][PF6],ethanol,CCO,alcohol,water,O,water,0.736,0.043,0.221,0.001,0.056,0.943,101.325,0.10526316,781,283.2,9.949999999999989,below,5-10 K,0.4620451,0.19366106,0.34429383,0.01502407,0.04585186,0.93912405
,1-butyl-3-methylimidazolium hexafluorophosphate,CCCCn1cc[n+](C)c1.F[P-](F)(F)(F)(F)F,[C4MIm][PF6],ethanol,CCO,alcohol,water,O,water,0.695,0.087,0.218,0.001,0.094,0.905,101.325,0.15789473,781,283.2,9.949999999999989,below,5-10 K,0.44430438,0.1999801,0.35571554,0.015150165,0.045665063,0.9391848
,1-butyl-3-methylimidazolium hexafluorophosphate,CCCCn1cc[n+](C)c1.F[P-](F)(F)(F)(F)F,[C4MIm][PF6],ethanol,CCO,alcohol,water,O,water,0.649,0.122,0.229,0.002,0.127,0.871,101.325,0.21052632,781,283.2,9.949999999999989,below,5-10 K,0.4266085,0.20629217,0.3670993,0.0152709875,0.045494236,0.93923473
,1-butyl-3-methylimidazolium hexafluorophosphate,CCCCn1cc[n+](C)c1.F[P-](F)(F)(F)(F)F,[C4MIm][PF6],ethanol,CCO,alcohol,water,O,water,0.607,0.156,0.237,0.003,0.159,0.838,101.325,0.2631579,781,283.2,9.949999999999989,below,5-10 K,0.4140713,0.21152471,0.37440398,0.016284028,0.04765407,0.9360619
,1-butyl-3-methylimidazolium hexafluorophosphate,CCCCn1cc[n+](C)c1.F[P-](F)(F)(F)(F)F,[C4MIm][PF6],ethanol,CCO,alcohol,water,O,water,0.572,0.18,0.248,0.003,0.19,0.807,101.325,0.31578946,781,283.2,9.949999999999989,below,5-10 K,0.3995294,0.21717347,0.3832971,0.016873442,0.04883684,0.9342897
,1-butyl-3-methylimidazolium hexafluorophosphate,CCCCn1cc[n+](C)c1.F[P-](F)(F)(F)(F)F,[C4MIm][PF6],ethanol,CCO,alcohol,water,O,water,0.545,0.197,0.258,0.004,0.222,0.774,101.325,0.36842105,781,283.2,9.949999999999989,below,5-10 K,0.38262448,0.22325772,0.3941178,0.017011462,0.048644252,0.93434423
,1-butyl-3-methylimidazolium hexafluorophosphate,CCCCn1cc[n+](C)c1.F[P-](F)(F)(F)(F)F,[C4MIm][PF6],ethanol,CCO,alcohol,water,O,water,0.51100004,0.22000001,0.26900002,0.007,0.261,0.732,101.325,0.42105263,781,283.2,9.949999999999989,below,5-10 K,0.3660816,0.22919968,0.40471873,0.017151691,0.0484833,0.934365
,1-butyl-3-methylimidazolium hexafluorophosphate,CCCCn1cc[n+](C)c1.F[P-](F)(F)(F)(F)F,[C4MIm][PF6],ethanol,CCO,alcohol,water,O,water,0.493,0.234,0.273,0.008,0.285,0.707,101.325,0.47368422,781,283.2,9.949999999999989,below,5-10 K,0.349917,0.23500443,0.41507858,0.017292213,0.048327398,0.93438035
,1-butyl-3-methylimidazolium hexafluorophosphate,CCCCn1cc[n+](C)c1.F[P-](F)(F)(F)(F)F,[C4MIm][PF6],ethanol,CCO,alcohol,water,O,water,0.469,0.253,0.278,0.011,0.315,0.674,101.325,0.5263158,781,283.2,9.949999999999989,below,5-10 K,0.33404028,0.24074526,0.42521447,0.017439658,0.048177242,0.93438303
,1-butyl-3-methylimidazolium hexafluorophosphate,CCCCn1cc[n+](C)c1.F[P-](F)(F)(F)(F)F,[C4MIm][PF6],ethanol,CCO,alcohol,water,O,water,0.462,0.26,0.278,0.013,0.336,0.651,101.325,0.57894737,781,283.2,9.949999999999989,below,5-10 K,0.31855133,0.24633282,0.4351158,0.017581748,0.048019446,0.9343988
,1-butyl-3-methylimidazolium hexafluorophosphate,CCCCn1cc[n+](C)c1.F[P-](F)(F)(F)(F)F,[C4MIm][PF6],ethanol,CCO,alcohol,water,O,water,0.446,0.268,0.286,0.015,0.36,0.625,101.325,0.6315789,781,283.2,9.949999999999989,below,5-10 K,0.30468348,0.25185215,0.4434644,0.017955063,0.048255935,0.93378896
,1-butyl-3-methylimidazolium hexafluorophosphate,CCCCn1cc[n+](C)c1.F[P-](F)(F)(F)(F)F,[C4MIm][PF6],ethanol,CCO,alcohol,water,O,water,0.43,0.282,0.288,0.016,0.381,0.603,101.325,0.68421054,781,283.2,9.949999999999989,below,5-10 K,0.29003778,0.25716817,0.45279408,0.018107561,0.048119344,0.93377316
,1-butyl-3-methylimidazolium hexafluorophosphate,CCCCn1cc[n+](C)c1.F[P-](F)(F)(F)(F)F,[C4MIm][PF6],ethanol,CCO,alcohol,water,O,water,0.407,0.298,0.295,0.02,0.419,0.561,101.325,0.7368421,781,283.2,9.949999999999989,below,5-10 K,0.27582347,0.26233456,0.46184194,0.018257711,0.047994316,0.9337479
,1-butyl-3-methylimidazolium hexafluorophosphate,CCCCn1cc[n+](C)c1.F[P-](F)(F)(F)(F)F,[C4MIm][PF6],ethanol,CCO,alcohol,water,O,water,0.386,0.326,0.288,0.023,0.458,0.519,101.325,0.7894737,781,283.2,9.949999999999989,below,5-10 K,0.2621057,0.26735437,0.47053993,0.018408688,0.04787131,0.93372005
,1-butyl-3-methylimidazolium hexafluorophosphate,CCCCn1cc[n+](C)c1.F[P-](F)(F)(F)(F)F,[C4MIm][PF6],ethanol,CCO,alcohol,water,O,water,0.371,0.349,0.28,0.027,0.485,0.488,101.325,0.84210527,781,283.2,9.949999999999989,below,5-10 K,0.24886915,0.27218506,0.47894585,0.018563733,0.047761038,0.9336752
,1-butyl-3-methylimidazolium hexafluorophosphate,CCCCn1cc[n+](C)c1.F[P-](F)(F)(F)(F)F,[C4MIm][PF6],ethanol,CCO,alcohol,water,O,water,0.36200002,0.36400002,0.27400002,0.029,0.517,0.454,101.325,0.8947368,781,283.2,9.949999999999989,below,5-10 K,0.23165582,0.27617335,0.49217078,0.016666368,0.04442764,0.9389059
,1-butyl-3-methylimidazolium hexafluorophosphate,CCCCn1cc[n+](C)c1.F[P-](F)(F)(F)(F)F,[C4MIm][PF6],ethanol,CCO,alcohol,water,O,water,0.349,0.397,0.254,0.03,0.575,0.395,101.325,0.94736844,781,283.2,9.949999999999989,below,5-10 K,0.21943371,0.28063932,0.49992698,0.01680824,0.044341225,0.9388505
,1-butyl-3-methylimidazolium hexafluorophosphate,CCCCn1cc[n+](C)c1.F[P-](F)(F)(F)(F)F,[C4MIm][PF6],ethanol,CCO,alcohol,water,O,water,0.35400003,0.41300002,0.23300001,0.027,0.621,0.352,101.325,1.0,781,283.2,9.949999999999989,below,5-10 K,0.2065847,0.285012,0.50840324,0.016698118,0.044034433,0.93926746
,1-ethyl-3-methylimidazolium bis(trifluoromethylsulfonyl)imide,CCn1cc[n+](C)c1.O=S(=O)([N-]S(=O)(=O)C(F)(F)F)C(F)(F)F,[C2MIm][NTf2],ethanol,CCO,alcohol,water,O,water,0.673,0.061,0.266,0.0,0.044,0.956,101.325,0.0,788,283.2,9.949999999999989,below,5-10 K,0.50491345,0.1388785,0.35620803,0.008167878,0.025948526,0.9658837
,1-ethyl-3-methylimidazolium bis(trifluoromethylsulfonyl)imide,CCn1cc[n+](C)c1.O=S(=O)([N-]S(=O)(=O)C(F)(F)F)C(F)(F)F,[C2MIm][NTf2],ethanol,CCO,alcohol,water,O,water,0.603,0.108,0.289,0.001,0.072,0.927,101.325,0.16666667,788,283.2,9.949999999999989,below,5-10 K,0.44696686,0.15475453,0.39827862,0.008348653,0.025162278,0.9664891
,1-ethyl-3-methylimidazolium bis(trifluoromethylsulfonyl)imide,CCn1cc[n+](C)c1.O=S(=O)([N-]S(=O)(=O)C(F)(F)F)C(F)(F)F,[C2MIm][NTf2],ethanol,CCO,alcohol,water,O,water,0.457,0.209,0.334,0.002,0.122,0.876,101.325,0.33333334,788,283.2,9.949999999999989,below,5-10 K,0.39615318,0.16966064,0.43418613,0.009060401,0.025124805,0.9658148
,1-ethyl-3-methylimidazolium bis(trifluoromethylsulfonyl)imide,CCn1cc[n+](C)c1.O=S(=O)([N-]S(=O)(=O)C(F)(F)F)C(F)(F)F,[C2MIm][NTf2],ethanol,CCO,alcohol,water,O,water,0.373,0.254,0.373,0.004,0.156,0.84,101.325,0.5,788,283.2,9.949999999999989,below,5-10 K,0.34297764,0.18431044,0.4727119,0.009265402,0.024443699,0.9662909
,1-ethyl-3-methylimidazolium bis(trifluoromethylsulfonyl)imide,CCn1cc[n+](C)c1.O=S(=O)([N-]S(=O)(=O)C(F)(F)F)C(F)(F)F,[C2MIm][NTf2],ethanol,CCO,alcohol,water,O,water,0.31,0.284,0.406,0.007,0.185,0.808,101.325,0.6666667,788,283.2,9.949999999999989,below,5-10 K,0.29120338,0.19800347,0.51079315,0.008645502,0.024325995,0.96702856
,1-ethyl-3-methylimidazolium bis(trifluoromethylsulfonyl)imide,CCn1cc[n+](C)c1.O=S(=O)([N-]S(=O)(=O)C(F)(F)F)C(F)(F)F,[C2MIm][NTf2],ethanol,CCO,alcohol,water,O,water,0.235,0.315,0.45,0.016,0.224,0.76,101.325,0.8333333,788,283.2,9.949999999999989,below,5-10 K,0.24173906,0.21069321,0.5475677,0.0073093288,0.024934305,0.9677564
,1-ethyl-3-methylimidazolium bis(trifluoromethylsulfonyl)imide,CCn1cc[n+](C)c1.O=S(=O)([N-]S(=O)(=O)C(F)(F)F)C(F)(F)F,[C2MIm][NTf2],ethanol,CCO,alcohol,water,O,water,0.174,0.318,0.508,0.027,0.25,0.723,101.325,1.0,788,283.2,9.949999999999989,below,5-10 K,0.20721252,0.22442909,0.5683584,0.009031121,0.025277518,0.9656913
,1-ethyl-3-methylimidazolium bis(trifluoromethylsulfonyl)imide,CCn1cc[n+](C)c1.O=S(=O)([N-]S(=O)(=O)C(F)(F)F)C(F)(F)F,[C2MIm][NTf2],ethanol,CCO,alcohol,water,O,water,0.729,0.068,0.203,0.001,0.041,0.958,101.325,0.0,791,283.2,9.949999999999989,below,5-10 K,0.5158965,0.14346692,0.3406366,0.01146121,0.03220928,0.9563295
,1-ethyl-3-methylimidazolium bis(trifluoromethylsulfonyl)imide,CCn1cc[n+](C)c1.O=S(=O)([N-]S(=O)(=O)C(F)(F)F)C(F)(F)F,[C2MIm][NTf2],ethanol,CCO,alcohol,water,O,water,0.652,0.144,0.204,0.0,0.081,0.919,101.325,0.14285715,791,283.2,9.949999999999989,below,5-10 K,0.46717072,0.15761717,0.37521216,0.011673679,0.031364053,0.9569623
,1-ethyl-3-methylimidazolium bis(trifluoromethylsulfonyl)imide,CCn1cc[n+](C)c1.O=S(=O)([N-]S(=O)(=O)C(F)(F)F)C(F)(F)F,[C2MIm][NTf2],ethanol,CCO,alcohol,water,O,water,0.522,0.248,0.23,0.0,0.129,0.871,101.325,0.2857143,791,283.2,9.949999999999989,below,5-10 K,0.4193916,0.17148043,0.40912792,0.011890018,0.030581655,0.95752835
,1-ethyl-3-methylimidazolium bis(trifluoromethylsulfonyl)imide,CCn1cc[n+](C)c1.O=S(=O)([N-]S(=O)(=O)C(F)(F)F)C(F)(F)F,[C2MIm][NTf2],ethanol,CCO,alcohol,water,O,water,0.422,0.318,0.26,0.001,0.168,0.831,101.325,0.42857143,791,283.2,9.949999999999989,below,5-10 K,0.3824977,0.18296508,0.43453717,0.013513728,0.028687287,0.957799
,1-ethyl-3-methylimidazolium bis(trifluoromethylsulfonyl)imide,CCn1cc[n+](C)c1.O=S(=O)([N-]S(=O)(=O)C(F)(F)F)C(F)(F)F,[C2MIm][NTf2],ethanol,CCO,alcohol,water,O,water,0.342,0.365,0.293,0.002,0.207,0.791,101.325,0.5714286,791,283.2,9.949999999999989,below,5-10 K,0.34367704,0.1949744,0.46134853,0.014527251,0.027573045,0.95789975
,1-ethyl-3-methylimidazolium bis(trifluoromethylsulfonyl)imide,CCn1cc[n+](C)c1.O=S(=O)([N-]S(=O)(=O)C(F)(F)F)C(F)(F)F,[C2MIm][NTf2],ethanol,CCO,alcohol,water,O,water,0.259,0.405,0.336,0.004,0.258,0.738,101.325,0.71428573,791,283.2,9.949999999999989,below,5-10 K,0.30269203,0.20702869,0.49027923,0.014790696,0.026970921,0.9582383
,1-ethyl-3-methylimidazolium bis(trifluoromethylsulfonyl)imide,CCn1cc[n+](C)c1.O=S(=O)([N-]S(=O)(=O)C(F)(F)F)C(F)(F)F,[C2MIm][NTf2],ethanol,CCO,alcohol,water,O,water,0.216,0.417,0.367,0.007,0.285,0.708,101.325,0.85714287,791,283.2,9.949999999999989,below,5-10 K,0.26497728,0.21818054,0.5168422,0.015064982,0.026428765,0.9585062
,1-ethyl-3-methylimidazolium bis(trifluoromethylsulfonyl)imide,CCn1cc[n+](C)c1.O=S(=O)([N-]S(=O)(=O)C(F)(F)F)C(F)(F)F,[C2MIm][NTf2],ethanol,CCO,alcohol,water,O,water,0.138,0.428,0.434,0.028,0.33,0.642,101.325,1.0,791,283.2,9.949999999999989,below,5-10 K,0.23045427,0.22843765,0.541108,0.015344234,0.025916342,0.95873946
,1-butyl-3-methylimidazolium bis(trifluoromethylsulfonyl)imide,CCCCn1cc[n+](C)c1.O=S(=O)([N-]S(=O)(=O)C(F)(F)F)C(F)(F)F,[C4MIm][NTf2],2-propanol,CC(C)O,alcohol,water,O,water,0.728,0.068,0.204,0.001,0.024,0.975,101.325,0.0,794,283.2,9.949999999999989,below,5-10 K,0.4534067,0.16592498,0.38066834,0.014478107,0.04605215,0.93946975
,1-butyl-3-methylimidazolium bis(trifluoromethylsulfonyl)imide,CCCCn1cc[n+](C)c1.O=S(=O)([N-]S(=O)(=O)C(F)(F)F)C(F)(F)F,[C4MIm][NTf2],2-propanol,CC(C)O,alcohol,water,O,water,0.623,0.145,0.232,0.001,0.052,0.947,101.325,0.14285715,794,283.2,9.949999999999989,below,5-10 K,0.40565634,0.18040904,0.4139346,0.014722233,0.04460634,0.94067144
,1-butyl-3-methylimidazolium bis(trifluoromethylsulfonyl)imide,CCCCn1cc[n+](C)c1.O=S(=O)([N-]S(=O)(=O)C(F)(F)F)C(F)(F)F,[C4MIm][NTf2],2-propanol,CC(C)O,alcohol,water,O,water,0.471,0.24,0.289,0.0,0.075,0.925,101.325,0.2857143,794,283.2,9.949999999999989,below,5-10 K,0.3596038,0.19407181,0.4463243,0.014877227,0.04280311,0.9423197
,1-butyl-3-methylimidazolium bis(trifluoromethylsulfonyl)imide,CCCCn1cc[n+](C)c1.O=S(=O)([N-]S(=O)(=O)C(F)(F)F)C(F)(F)F,[C4MIm][NTf2],2-propanol,CC(C)O,alcohol,water,O,water,0.33900002,0.30800003,0.35300002,0.001,0.101,0.898,101.325,0.42857143,794,283.2,9.949999999999989,below,5-10 K,0.2685008,0.21795666,0.5135426,0.011511967,0.033020567,0.95546746
,1-butyl-3-methylimidazolium bis(trifluoromethylsulfonyl)imide,CCCCn1cc[n+](C)c1.O=S(=O)([N-]S(=O)(=O)C(F)(F)F)C(F)(F)F,[C4MIm][NTf2],2-propanol,CC(C)O,alcohol,water,O,water,0.224,0.34,0.436,0.005,0.137,0.858,101.325,0.5714286,794,283.2,9.949999999999989,below,5-10 K,0.23188919,0.22871092,0.5393999,0.011632783,0.031881057,0.9564862
,1-butyl-3-methylimidazolium bis(trifluoromethylsulfonyl)imide,CCCCn1cc[n+](C)c1.O=S(=O)([N-]S(=O)(=O)C(F)(F)F)C(F)(F)F,[C4MIm][NTf2],2-propanol,CC(C)O,alcohol,water,O,water,0.184,0.342,0.474,0.007,0.158,0.835,101.325,0.71428573,794,283.2,9.949999999999989,below,5-10 K,0.19904692,0.2384101,0.562543,0.011762712,0.030828197,0.9574091
,1-butyl-3-methylimidazolium bis(trifluoromethylsulfonyl)imide,CCCCn1cc[n+](C)c1.O=S(=O)([N-]S(=O)(=O)C(F)(F)F)C(F)(F)F,[C4MIm][NTf2],2-propanol,CC(C)O,alcohol,water,O,water,0.15,0.337,0.513,0.01,0.179,0.811,101.325,0.85714287,794,283.2,9.949999999999989,below,5-10 K,0.16731355,0.24865675,0.58402973,0.01104499,0.030315561,0.95863944
,1-butyl-3-methylimidazolium bis(trifluoromethylsulfonyl)imide,CCCCn1cc[n+](C)c1.O=S(=O)([N-]S(=O)(=O)C(F)(F)F)C(F)(F)F,[C4MIm][NTf2],2-propanol,CC(C)O,alcohol,water,O,water,0.118,0.323,0.559,0.016,0.202,0.782,101.325,1.0,794,283.2,9.949999999999989,below,5-10 K,0.14074446,0.25706932,0.60218614,0.01075413,0.029577384,0.9596686
,1-butyl-1-methylpyrrolidinium bis(trifluoromethylsulfonyl)imide,CCCC[N+]1(C)CCCC1.O=S(=O)([N-]S(=O)(=O)C(F)(F)F)C(F)(F)F,[C4MPyr][NTf2],2-propanol,CC(C)O,alcohol,water,O,water,0.65000004,0.14500001,0.20500001,0.0,0.055,0.945,101.325,0.0,797,282.2,10.949999999999989,below,10-20 K,0.3867011,0.19594729,0.4173516,0.005983861,0.016239343,0.97777677
,1-butyl-1-methylpyrrolidinium bis(trifluoromethylsulfonyl)imide,CCCC[N+]1(C)CCCC1.O=S(=O)([N-]S(=O)(=O)C(F)(F)F)C(F)(F)F,[C4MPyr][NTf2],2-propanol,CC(C)O,alcohol,water,O,water,0.52,0.227,0.253,0.001,0.08,0.919,101.325,0.16666667,797,282.2,10.949999999999989,below,10-20 K,0.33205324,0.21370931,0.4542375,0.006369152,0.015737135,0.9778937
,1-butyl-1-methylpyrrolidinium bis(trifluoromethylsulfonyl)imide,CCCC[N+]1(C)CCCC1.O=S(=O)([N-]S(=O)(=O)C(F)(F)F)C(F)(F)F,[C4MPyr][NTf2],2-propanol,CC(C)O,alcohol,water,O,water,0.396,0.292,0.312,0.001,0.108,0.891,101.325,0.33333334,797,282.2,10.949999999999989,below,10-20 K,0.28326136,0.22940145,0.48733717,0.006494564,0.015309116,0.97819626
,1-butyl-1-methylpyrrolidinium bis(trifluoromethylsulfonyl)imide,CCCC[N+]1(C)CCCC1.O=S(=O)([N-]S(=O)(=O)C(F)(F)F)C(F)(F)F,[C4MPyr][NTf2],2-propanol,CC(C)O,alcohol,water,O,water,0.295,0.333,0.372,0.004,0.151,0.845,101.325,0.5,797,282.2,10.949999999999989,below,10-20 K,0.2394091,0.24377842,0.51681244,0.0066291145,0.0149200475,0.9784508
,1-butyl-1-methylpyrrolidinium bis(trifluoromethylsulfonyl)imide,CCCC[N+]1(C)CCCC1.O=S(=O)([N-]S(=O)(=O)C(F)(F)F)C(F)(F)F,[C4MPyr][NTf2],2-propanol,CC(C)O,alcohol,water,O,water,0.234,0.349,0.417,0.008,0.189,0.803,101.325,0.6666667,797,282.2,10.949999999999989,below,10-20 K,0.20069842,0.25633174,0.5429698,0.006757005,0.014550347,0.9786927
,1-butyl-1-methylpyrrolidinium bis(trifluoromethylsulfonyl)imide,CCCC[N+]1(C)CCCC1.O=S(=O)([N-]S(=O)(=O)C(F)(F)F)C(F)(F)F,[C4MPyr][NTf2],2-propanol,CC(C)O,alcohol,water,O,water,0.161,0.351,0.488,0.021,0.244,0.735,101.325,1.0,797,282.2,10.949999999999989,below,10-20 K,0.17418943,0.26671737,0.5590932,0.010057003,0.016700665,0.9732423
,1-butyl-1-methylpyrrolidinium bis(trifluoromethylsulfonyl)imide,CCCC[N+]1(C)CCCC1.O=S(=O)([N-]S(=O)(=O)C(F)(F)F)C(F)(F)F,[C4MPyr][NTf2],2-propanol,CC(C)O,alcohol,water,O,water,0.161,0.352,0.487,0.02,0.244,0.736,101.325,0.8333333,797,282.2,10.949999999999989,below,10-20 K,0.20739718,0.25558546,0.53701735,0.009881367,0.017091189,0.97302735
,1-butyl-3-methylimidazolium bis(trifluoromethylsulfonyl)imide,CCCCn1cc[n+](C)c1.O=S(=O)([N-]S(=O)(=O)C(F)(F)F)C(F)(F)F,[C4MIm][NTf2],1-propanol,CCCO,alcohol,water,O,water,0.804,0.0,0.196,0.001,0.0,0.999,101.325,0.0,800,283.15,10.0,below,5-10 K,0.45469084,0.16797127,0.37733787,0.0150509635,0.04071894,0.9442301
,1-butyl-3-methylimidazolium bis(trifluoromethylsulfonyl)imide,CCCCn1cc[n+](C)c1.O=S(=O)([N-]S(=O)(=O)C(F)(F)F)C(F)(F)F,[C4MIm][NTf2],1-propanol,CCCO,alcohol,water,O,water,0.67300004,0.117000006,0.21000001,0.0,0.024,0.976,101.325,0.14285715,800,283.15,10.0,below,5-10 K,0.40691334,0.18251868,0.41056797,0.015285756,0.039366055,0.9453482
,1-butyl-3-methylimidazolium bis(trifluoromethylsulfonyl)imide,CCCCn1cc[n+](C)c1.O=S(=O)([N-]S(=O)(=O)C(F)(F)F)C(F)(F)F,[C4MIm][NTf2],1-propanol,CCCO,alcohol,water,O,water,0.524,0.242,0.234,0.0,0.046,0.954,101.325,0.2857143,800,283.15,10.0,below,5-10 K,0.36169517,0.19626899,0.44203588,0.015454806,0.038028847,0.94651634
,1-butyl-3-methylimidazolium bis(trifluoromethylsulfonyl)imide,CCCCn1cc[n+](C)c1.O=S(=O)([N-]S(=O)(=O)C(F)(F)F)C(F)(F)F,[C4MIm][NTf2],1-propanol,CCCO,alcohol,water,O,water,0.424,0.304,0.272,0.001,0.057,0.942,101.325,0.42857143,800,283.15,10.0,below,5-10 K,0.31898192,0.20926063,0.4717575,0.015626546,0.036781922,0.94759154
,1-butyl-3-methylimidazolium bis(trifluoromethylsulfonyl)imide,CCCCn1cc[n+](C)c1.O=S(=O)([N-]S(=O)(=O)C(F)(F)F)C(F)(F)F,[C4MIm][NTf2],1-propanol,CCCO,alcohol,water,O,water,0.27,0.357,0.373,0.001,0.076,0.923,101.325,0.5714286,800,283.15,10.0,below,5-10 K,0.27928016,0.22135872,0.49936113,0.015800219,0.03559013,0.94860965
,1-butyl-3-methylimidazolium bis(trifluoromethylsulfonyl)imide,CCCCn1cc[n+](C)c1.O=S(=O)([N-]S(=O)(=O)C(F)(F)F)C(F)(F)F,[C4MIm][NTf2],1-propanol,CCCO,alcohol,water,O,water,0.179,0.372,0.449,0.002,0.099,0.899,101.325,0.71428573,800,283.15,10.0,below,5-10 K,0.24296965,0.23247586,0.5245545,0.015978903,0.034485303,0.9495357
,1-butyl-3-methylimidazolium bis(trifluoromethylsulfonyl)imide,CCCCn1cc[n+](C)c1.O=S(=O)([N-]S(=O)(=O)C(F)(F)F)C(F)(F)F,[C4MIm][NTf2],1-propanol,CCCO,alcohol,water,O,water,0.132,0.37,0.498,0.003,0.118,0.879,101.325,0.85714287,800,283.15,10.0,below,5-10 K,0.21027897,0.24253063,0.5471904,0.01615883,0.03344865,0.9503926
,1-butyl-3-methylimidazolium bis(trifluoromethylsulfonyl)imide,CCCCn1cc[n+](C)c1.O=S(=O)([N-]S(=O)(=O)C(F)(F)F)C(F)(F)F,[C4MIm][NTf2],1-propanol,CCCO,alcohol,water,O,water,0.089,0.346,0.565,0.007,0.148,0.845,101.325,1.0,800,283.15,10.0,below,5-10 K,0.1810706,0.25146696,0.56746244,0.016302722,0.032402255,0.951295
,1-ethyl-3-methylimidazolium acetate,CC(=O)[O-].CCn1cc[n+](C)c1,[C2MIm][OAc],ethanol,CCO,alcohol,ethyl acetate,CCOC(C)=O,ester,0.794,0.0,0.206,0.03,0.0,0.97,101.325,0.0,807,288.15,5.0,below,0-5 K,0.6238384,0.17159697,0.20456459,0.023146678,0.124270596,0.85258275
,1-ethyl-3-methylimidazolium acetate,CC(=O)[O-].CCn1cc[n+](C)c1,[C2MIm][OAc],ethanol,CCO,alcohol,ethyl acetate,CCOC(C)=O,ester,0.67,0.098,0.232,0.03,0.01,0.96,101.325,0.2,807,288.15,5.0,below,0-5 K,0.5701562,0.19589184,0.23395194,0.02383082,0.12131271,0.85485655
,1-ethyl-3-methylimidazolium acetate,CC(=O)[O-].CCn1cc[n+](C)c1,[C2MIm][OAc],ethanol,CCO,alcohol,ethyl acetate,CCOC(C)=O,ester,0.537,0.202,0.261,0.029,0.027,0.944,101.325,0.4,807,288.15,5.0,below,0-5 K,0.51501906,0.22080238,0.26417854,0.024419082,0.11839679,0.8571841
,1-ethyl-3-methylimidazolium acetate,CC(=O)[O-].CCn1cc[n+](C)c1,[C2MIm][OAc],ethanol,CCO,alcohol,ethyl acetate,CCOC(C)=O,ester,0.401,0.301,0.298,0.029,0.059,0.912,101.325,0.6,807,288.15,5.0,below,0-5 K,0.45968467,0.24573332,0.29458198,0.024913734,0.11552906,0.8595572
,1-ethyl-3-methylimidazolium acetate,CC(=O)[O-].CCn1cc[n+](C)c1,[C2MIm][OAc],ethanol,CCO,alcohol,ethyl acetate,CCOC(C)=O,ester,0.225,0.401,0.374,0.03,0.149,0.821,101.325,0.8,807,288.15,5.0,below,0-5 K,0.40581766,0.27021533,0.32396698,0.02562138,0.11307126,0.8613073
,1-ethyl-3-methylimidazolium acetate,CC(=O)[O-].CCn1cc[n+](C)c1,[C2MIm][OAc],ethanol,CCO,alcohol,ethyl acetate,CCOC(C)=O,ester,0.177,0.412,0.411,0.034,0.196,0.77,101.325,1.0,807,288.15,5.0,below,0-5 K,0.35431555,0.29372168,0.35196275,0.026345253,0.11077026,0.86288446
,"1,3-dimethylimidazolium dimethylphosphate",COP(=O)([O-])OC.Cn1cc[n+](C)c1,[C1MIm][DMP],methanol,CO,alcohol,methyl acetate,COC(C)=O,ester,0.758,0.0,0.242,0.031,0.0,0.969,101.325,0.0,814,328.2,5.0,above,0-5 K,0.68255967,0.10366201,0.21377836,0.015862662,0.019646142,0.9644912
,"1,3-dimethylimidazolium dimethylphosphate",COP(=O)([O-])OC.Cn1cc[n+](C)c1,[C1MIm][DMP],methanol,CO,alcohol,methyl acetate,COC(C)=O,ester,0.702,0.039,0.259,0.035,0.012,0.953,101.325,0.1,814,328.2,5.0,above,0-5 K,0.6595198,0.11107522,0.22940505,0.016081039,0.01954824,0.9643708
,"1,3-dimethylimidazolium dimethylphosphate",COP(=O)([O-])OC.Cn1cc[n+](C)c1,[C1MIm][DMP],methanol,CO,alcohol,methyl acetate,COC(C)=O,ester,0.65,0.075,0.275,0.038,0.027,0.935,101.325,0.2,814,328.2,5.0,above,0-5 K,0.6356083,0.11870418,0.24568747,0.016361034,0.019449333,0.96418965
,"1,3-dimethylimidazolium dimethylphosphate",COP(=O)([O-])OC.Cn1cc[n+](C)c1,[C1MIm][DMP],methanol,CO,alcohol,methyl acetate,COC(C)=O,ester,0.613,0.1,0.287,0.04,0.038,0.922,101.325,0.3,814,328.2,5.0,above,0-5 K,0.6109736,0.12649904,0.26252738,0.0167113,0.0193555,0.96393317
,"1,3-dimethylimidazolium dimethylphosphate",COP(=O)([O-])OC.Cn1cc[n+](C)c1,[C1MIm][DMP],methanol,CO,alcohol,methyl acetate,COC(C)=O,ester,0.581,0.121,0.298,0.041,0.05,0.909,101.325,0.4,814,328.2,5.0,above,0-5 K,0.5861805,0.13448079,0.27933863,0.016935583,0.019269114,0.96379524
,"1,3-dimethylimidazolium dimethylphosphate",COP(=O)([O-])OC.Cn1cc[n+](C)c1,[C1MIm][DMP],methanol,CO,alcohol,methyl acetate,COC(C)=O,ester,0.542,0.147,0.311,0.043,0.066,0.891,101.325,0.5,814,328.2,5.0,above,0-5 K,0.5609156,0.14262408,0.2964603,0.0171603,0.019191451,0.96364826
,"1,3-dimethylimidazolium dimethylphosphate",COP(=O)([O-])OC.Cn1cc[n+](C)c1,[C1MIm][DMP],methanol,CO,alcohol,methyl acetate,COC(C)=O,ester,0.51,0.156,0.334,0.043,0.072,0.885,101.325,0.6,814,328.2,5.0,above,0-5 K,0.5354098,0.15085,0.3137402,0.017387765,0.019107545,0.9635047
,"1,3-dimethylimidazolium dimethylphosphate",COP(=O)([O-])OC.Cn1cc[n+](C)c1,[C1MIm][DMP],methanol,CO,alcohol,methyl acetate,COC(C)=O,ester,0.466,0.178,0.356,0.044,0.085,0.871,101.325,0.7,814,328.2,5.0,above,0-5 K,0.50979894,0.15911764,0.33108342,0.017617488,0.019039532,0.9633429
,"1,3-dimethylimidazolium dimethylphosphate",COP(=O)([O-])OC.Cn1cc[n+](C)c1,[C1MIm][DMP],methanol,CO,alcohol,methyl acetate,COC(C)=O,ester,0.428,0.193,0.379,0.047,0.093,0.86,101.325,0.8,814,328.2,5.0,above,0-5 K,0.48409957,0.16819455,0.3477059,0.017946608,0.019133491,0.96291995
,"1,3-dimethylimidazolium dimethylphosphate",COP(=O)([O-])OC.Cn1cc[n+](C)c1,[C1MIm][DMP],methanol,CO,alcohol,methyl acetate,COC(C)=O,ester,0.381,0.202,0.417,0.048,0.099,0.853,101.325,0.9,814,328.2,5.0,above,0-5 K,0.45871773,0.17645793,0.3648243,0.018178184,0.019068059,0.9627537
,"1,3-dimethylimidazolium dimethylphosphate",COP(=O)([O-])OC.Cn1cc[n+](C)c1,[C1MIm][DMP],methanol,CO,alcohol,methyl acetate,COC(C)=O,ester,0.332,0.225,0.443,0.052,0.114,0.834,101.325,1.0,814,328.2,5.0,above,0-5 K,0.4335579,0.18468684,0.38175523,0.0184195,0.01901152,0.962569
no,Tetrabutylammonium,CCCC[N+](CCCC)(CCCC)CCCC,[N4444][Br],water,O,water,benzene,c1ccccc1,aromatic,0.027,0.96,0.013,0.001,0.011,0.988,101.325,0.0,839,328.15,4.949999999999989,above,0-5 K,0.13941206,0.742899,0.117688976,0.0031541982,0.010786081,0.9860598
no,Tetrabutylammonium,CCCC[N+](CCCC)(CCCC)CCCC,[N4444][Br],water,O,water,benzene,c1ccccc1,aromatic,0.043,0.924,0.033,0.004,0.013,0.983,101.325,0.16666667,839,328.15,4.949999999999989,above,0-5 K,0.117485754,0.7620393,0.12047488,0.0032783735,0.010994805,0.9857268
no,Tetrabutylammonium,CCCC[N+](CCCC)(CCCC)CCCC,[N4444][Br],water,O,water,benzene,c1ccccc1,aromatic,0.043,0.922,0.035,0.001,0.011,0.988,101.325,0.33333334,839,328.15,4.949999999999989,above,0-5 K,0.09876304,0.77842456,0.12281238,0.0034078346,0.011218865,0.9853733
no,Tetrabutylammonium,CCCC[N+](CCCC)(CCCC)CCCC,[N4444][Br],water,O,water,benzene,c1ccccc1,aromatic,0.061,0.864,0.075,0.001,0.009,0.99,101.325,0.5,839,328.15,4.949999999999989,above,0-5 K,0.08287023,0.7923412,0.1247886,0.0035434307,0.01146951,0.98498696
no,Tetrabutylammonium,CCCC[N+](CCCC)(CCCC)CCCC,[N4444][Br],water,O,water,benzene,c1ccccc1,aromatic,0.07,0.829,0.101,0.0,0.01,0.99,101.325,0.6666667,839,328.15,4.949999999999989,above,0-5 K,0.06945264,0.8041345,0.12641284,0.0036859736,0.011748683,0.9845653
no,Tetrabutylammonium,CCCC[N+](CCCC)(CCCC)CCCC,[N4444][Br],water,O,water,benzene,c1ccccc1,aromatic,0.092,0.716,0.192,0.001,0.009,0.99,101.325,0.8333333,839,328.15,4.949999999999989,above,0-5 K,0.058116864,0.81415915,0.12772399,0.003832744,0.012038368,0.98412883
no,Tetrabutylammonium,CCCC[N+](CCCC)(CCCC)CCCC,[N4444][Br],water,O,water,benzene,c1ccccc1,aromatic,0.108,0.605,0.287,0.001,0.009,0.99,101.325,1.0,839,328.15,4.949999999999989,above,0-5 K,0.048652377,0.822573,0.12877464,0.003986927,0.012353265,0.98365986
no,Tetrabutylammonium,CCCC[N+](CCCC)(CCCC)CCCC,[N4444][Br],water,O,water,benzene,c1ccccc1,aromatic,0.016,0.977,0.007,0.002,0.02,0.978,101.325,0.0,840,338.0,14.800000000000011,above,10-20 K,0.1437009,0.7395945,0.1167046,0.0031058837,0.010740063,0.9861541
no,Tetrabutylammonium,CCCC[N+](CCCC)(CCCC)CCCC,[N4444][Br],water,O,water,benzene,c1ccccc1,aromatic,0.027,0.959,0.014,0.001,0.015,0.984,101.325,0.14285715,840,338.0,14.800000000000011,above,10-20 K,0.12426174,0.75660527,0.119133055,0.003204782,0.01089945,0.9858958
no,Tetrabutylammonium,CCCC[N+](CCCC)(CCCC)CCCC,[N4444][Br],water,O,water,benzene,c1ccccc1,aromatic,0.041,0.927,0.032,0.001,0.015,0.984,101.325,0.2857143,840,338.0,14.800000000000011,above,10-20 K,0.1072816,0.7715456,0.12117281,0.0033016673,0.011055632,0.98564273
no,Tetrabutylammonium,CCCC[N+](CCCC)(CCCC)CCCC,[N4444][Br],water,O,water,benzene,c1ccccc1,aromatic,0.053,0.888,0.059,0.004,0.014,0.982,101.325,0.42857143,840,338.0,14.800000000000011,above,10-20 K,0.092348695,0.7846331,0.123018265,0.003413398,0.011256901,0.9853297
no,Tetrabutylammonium,CCCC[N+](CCCC)(CCCC)CCCC,[N4444][Br],water,O,water,benzene,c1ccccc1,aromatic,0.063,0.852,0.085,0.002,0.015,0.983,101.325,0.5714286,840,338.0,14.800000000000011,above,10-20 K,0.07940819,0.79609704,0.12449482,0.003482909,0.011425298,0.98509175
no,Tetrabutylammonium,CCCC[N+](CCCC)(CCCC)CCCC,[N4444][Br],water,O,water,benzene,c1ccccc1,aromatic,0.079,0.777,0.144,0.001,0.014,0.985,101.325,0.71428573,840,338.0,14.800000000000011,above,10-20 K,0.06814326,0.8060722,0.12578456,0.0035778922,0.011632899,0.98478925
no,Tetrabutylammonium,CCCC[N+](CCCC)(CCCC)CCCC,[N4444][Br],water,O,water,benzene,c1ccccc1,aromatic,0.095,0.712,0.193,0.001,0.012,0.987,101.325,0.85714287,840,338.0,14.800000000000011,above,10-20 K,0.05851459,0.8145584,0.12692703,0.003727014,0.011909959,0.984363
no,Tetrabutylammonium,CCCC[N+](CCCC)(CCCC)CCCC,[N4444][Br],water,O,water,benzene,c1ccccc1,aromatic,0.113,0.577,0.31,0.001,0.012,0.987,101.325,1.0,840,338.0,14.800000000000011,above,10-20 K,0.050218917,0.8218574,0.12792373,0.00390985,0.012232927,0.9838573
,1-ethyl-3-methylimidazolium tetrafluoroborate,CCn1cc[n+](C)c1.F[B-](F)(F)F,[C2MIm][BF4],water,O,water,tetrahydrofuran,C1CCOC1,ether,0.303,0.399,0.298,0.002,0.079,0.919,101.325,0.2857143,841,337.15,13.949999999999989,above,10-20 K,0.31484035,0.5152764,0.1698833,0.009658808,0.68200576,0.30833542
,1-ethyl-3-methylimidazolium tetrafluoroborate,CCn1cc[n+](C)c1.F[B-](F)(F)F,[C2MIm][BF4],water,O,water,tetrahydrofuran,C1CCOC1,ether,0.129,0.567,0.304,0.007,0.199,0.794,101.325,0.0,841,337.15,13.949999999999989,above,10-20 K,0.3971556,0.45527992,0.14756447,0.006059068,0.70034206,0.2935989
,1-ethyl-3-methylimidazolium tetrafluoroborate,CCn1cc[n+](C)c1.F[B-](F)(F)F,[C2MIm][BF4],water,O,water,tetrahydrofuran,C1CCOC1,ether,0.378,0.316,0.306,0.002,0.053,0.945,101.325,0.42857143,841,337.15,13.949999999999989,above,10-20 K,0.24670339,0.573901,0.17939556,0.005265831,0.73857826,0.25615588
,1-ethyl-3-methylimidazolium tetrafluoroborate,CCn1cc[n+](C)c1.F[B-](F)(F)F,[C2MIm][BF4],water,O,water,tetrahydrofuran,C1CCOC1,ether,0.174,0.53,0.296,0.005,0.139,0.856,101.325,0.14285715,841,337.15,13.949999999999989,above,10-20 K,0.34272343,0.4975162,0.15976034,0.006134391,0.71705985,0.2768057
,1-ethyl-3-methylimidazolium tetrafluoroborate,CCn1cc[n+](C)c1.F[B-](F)(F)F,[C2MIm][BF4],water,O,water,tetrahydrofuran,C1CCOC1,ether,0.549,0.117,0.334,0.002,0.031,0.967,101.325,0.71428573,841,337.15,13.949999999999989,above,10-20 K,0.18150514,0.62221354,0.19628136,0.007402624,0.74256355,0.25003383
,1-ethyl-3-methylimidazolium tetrafluoroborate,CCn1cc[n+](C)c1.F[B-](F)(F)F,[C2MIm][BF4],water,O,water,tetrahydrofuran,C1CCOC1,ether,0.492,0.18,0.328,0.002,0.042,0.956,101.325,0.5714286,841,337.15,13.949999999999989,above,10-20 K,0.2156044,0.5953207,0.18907492,0.0072487886,0.735426,0.2573252
,1-butyl-3-methylimidazolium tetrafluoroborate,CCCCn1cc[n+](C)c1.F[B-](F)(F)F,[C4MIm][BF4],water,O,water,tetrahydrofuran,C1CCOC1,ether,0.27,0.053,0.677,0.005,0.015,0.98,101.325,1.0,841,337.15,13.949999999999989,above,10-20 K,0.1204475,0.6373337,0.24221878,0.0096318,0.7986616,0.19170661
,1-butyl-3-methylimidazolium tetrafluoroborate,CCCCn1cc[n+](C)c1.F[B-](F)(F)F,[C4MIm][BF4],water,O,water,tetrahydrofuran,C1CCOC1,ether,0.192,0.126,0.682,0.01,0.046,0.944,101.325,0.85714287,841,337.15,13.949999999999989,above,10-20 K,0.1556943,0.6211328,0.2231729,0.0072710793,0.78876865,0.20396028
,trihexyltetradecylphosphonium bis(trifluoromethylsulfonyl)imide,CCCCCCCCCCCCCC[P+](CCCCCC)(CCCCCC)CCCCCC.O=S(=O)([N-]S(=O)(=O)C(F)(F)F)C(F)(F)F,"[P6,6,6,14][NTf2]",n-dodecane,CCCCCCCCCCCC,alkane,water,O,water,0.823,0.0,0.177,0.0,0.0,1.0,101.325,0.0,852,348.15,24.94999999999999,above,>20 K,0.889372,0.069397174,0.041230846,0.0011316855,0.021904847,0.97696346
,trihexyltetradecylphosphonium bis(trifluoromethylsulfonyl)imide,CCCCCCCCCCCCCC[P+](CCCCCC)(CCCCCC)CCCCCC.O=S(=O)([N-]S(=O)(=O)C(F)(F)F)C(F)(F)F,"[P6,6,6,14][NTf2]",n-dodecane,CCCCCCCCCCCC,alkane,water,O,water,0.774,0.063,0.163,0.0,0.0,1.0,101.325,0.11111111,852,348.15,24.94999999999999,above,>20 K,0.8734762,0.079539955,0.046983868,0.0011446732,0.021553699,0.97730166
,trihexyltetradecylphosphonium bis(trifluoromethylsulfonyl)imide,CCCCCCCCCCCCCC[P+](CCCCCC)(CCCCCC)CCCCCC.O=S(=O)([N-]S(=O)(=O)C(F)(F)F)C(F)(F)F,"[P6,6,6,14][NTf2]",n-dodecane,CCCCCCCCCCCC,alkane,water,O,water,0.72900003,0.12200001,0.14900002,0.0,0.0,1.0,101.325,0.22222222,852,348.15,24.94999999999999,above,>20 K,0.85562,0.090964206,0.053415775,0.0011578845,0.021209016,0.97763306
,trihexyltetradecylphosphonium bis(trifluoromethylsulfonyl)imide,CCCCCCCCCCCCCC[P+](CCCCCC)(CCCCCC)CCCCCC.O=S(=O)([N-]S(=O)(=O)C(F)(F)F)C(F)(F)F,"[P6,6,6,14][NTf2]",n-dodecane,CCCCCCCCCCCC,alkane,water,O,water,0.679,0.201,0.12,0.0,0.0,1.0,101.325,0.33333334,852,348.15,24.94999999999999,above,>20 K,0.83581656,0.10366929,0.060514107,0.0011719173,0.020880692,0.9779474
,trihexyltetradecylphosphonium bis(trifluoromethylsulfonyl)imide,CCCCCCCCCCCCCC[P+](CCCCCC)(CCCCCC)CCCCCC.O=S(=O)([N-]S(=O)(=O)C(F)(F)F)C(F)(F)F,"[P6,6,6,14][NTf2]",n-dodecane,CCCCCCCCCCCC,alkane,water,O,water,0.624,0.277,0.099,0.0,0.0,1.0,101.325,0.44444445,852,348.15,24.94999999999999,above,>20 K,0.7989443,0.12756032,0.07349544,0.00071457756,0.016087757,0.9831976
,trihexyltetradecylphosphonium bis(trifluoromethylsulfonyl)imide,CCCCCCCCCCCCCC[P+](CCCCCC)(CCCCCC)CCCCCC.O=S(=O)([N-]S(=O)(=O)C(F)(F)F)C(F)(F)F,"[P6,6,6,14][NTf2]",n-dodecane,CCCCCCCCCCCC,alkane,water,O,water,0.542,0.387,0.071,0.0,0.0,1.0,101.325,0.5555556,852,348.15,24.94999999999999,above,>20 K,0.7723305,0.14481378,0.08285563,0.0007234316,0.015858462,0.98341817
,trihexyltetradecylphosphonium bis(trifluoromethylsulfonyl)imide,CCCCCCCCCCCCCC[P+](CCCCCC)(CCCCCC)CCCCCC.O=S(=O)([N-]S(=O)(=O)C(F)(F)F)C(F)(F)F,"[P6,6,6,14][NTf2]",n-dodecane,CCCCCCCCCCCC,alkane,water,O,water,0.502,0.439,0.059,0.0,0.0,1.0,101.325,0.6666667,852,348.15,24.94999999999999,above,>20 K,0.74309856,0.1636862,0.09321524,0.0010077379,0.015796557,0.9831957
,trihexyltetradecylphosphonium bis(trifluoromethylsulfonyl)imide,CCCCCCCCCCCCCC[P+](CCCCCC)(CCCCCC)CCCCCC.O=S(=O)([N-]S(=O)(=O)C(F)(F)F)C(F)(F)F,"[P6,6,6,14][NTf2]",n-dodecane,CCCCCCCCCCCC,alkane,water,O,water,0.453,0.495,0.052,0.0,0.0,1.0,101.325,0.7777778,852,348.15,24.94999999999999,above,>20 K,0.7224668,0.17645802,0.10107518,0.0018453825,0.016351437,0.9818032
,trihexyltetradecylphosphonium bis(trifluoromethylsulfonyl)imide,CCCCCCCCCCCCCC[P+](CCCCCC)(CCCCCC)CCCCCC.O=S(=O)([N-]S(=O)(=O)C(F)(F)F)C(F)(F)F,"[P6,6,6,14][NTf2]",n-dodecane,CCCCCCCCCCCC,alkane,water,O,water,0.422,0.528,0.05,0.0,0.0,1.0,101.325,0.8888889,852,348.15,24.94999999999999,above,>20 K,0.6923351,0.19606788,0.111597024,0.0018678188,0.016166206,0.98196596
,trihexyltetradecylphosphonium bis(trifluoromethylsulfonyl)imide,CCCCCCCCCCCCCC[P+](CCCCCC)(CCCCCC)CCCCCC.O=S(=O)([N-]S(=O)(=O)C(F)(F)F)C(F)(F)F,"[P6,6,6,14][NTf2]",n-dodecane,CCCCCCCCCCCC,alkane,water,O,water,0.282,0.671,0.047,0.0,0.0,1.0,101.325,1.0,852,348.15,24.94999999999999,above,>20 K,0.66023177,0.21703024,0.12273791,0.0018905055,0.015990155,0.98211944
