Involved in the gama database,IL (Component 1) full name,smiles1,IL abbreviation,Component 2,smiles2,Family of component 2,Component 3,smiles3,Family of component 3,Ex1,Ex2,Ex3,Rx1,Rx2,Rx3,t,system_id,T,pred_Ex1,pred_Ex2,pred_Ex3,pred_Rx1,pred_Rx2,pred_Rx3
,1-butyl-1-methylpyrrolidinium bis(trifluoromethylsulfonyl)imide,CCCC[N+]1(C)CCCC1.O=S(=O)([N-]S(=O)(=O)C(F)(F)F)C(F)(F)F,[C4MPyr][NTf2],benzene,c1ccccc1,aromatic,n-decane,CCCCCCCCCC,alkane,0.925,0.05,0.025,0.0,0.026,0.974,0.0,22,298.15,0.9436238,0.03524059,0.021135615,0.00011071222,0.022670869,0.9772184
,1-butyl-1-methylpyrrolidinium bis(trifluoromethylsulfonyl)imide,CCCC[N+]1(C)CCCC1.O=S(=O)([N-]S(=O)(=O)C(F)(F)F)C(F)(F)F,[C4MPyr][NTf2],benzene,c1ccccc1,aromatic,n-decane,CCCCCCCCCC,alkane,0.80300003,0.17200002,0.025000002,0.0,0.106,0.894,0.125,22,298.15,0.8705506,0.107682616,0.021766713,0.00016006856,0.06694783,0.93289214
,1-butyl-1-methylpyrrolidinium bis(trifluoromethylsulfonyl)imide,CCCC[N+]1(C)CCCC1.O=S(=O)([N-]S(=O)(=O)C(F)(F)F)C(F)(F)F,[C4MPyr][NTf2],benzene,c1ccccc1,aromatic,n-decane,CCCCCCCCCC,alkane,0.70100003,0.27500004,0.024000002,0.0,0.206,0.794,0.25,22,298.15,0.76147616,0.2163525,0.02217138,0.00020575915,0.14413434,0.8556599
,1-butyl-1-methylpyrrolidinium bis(trifluoromethylsulfonyl)imide,CCCC[N+]1(C)CCCC1.O=S(=O)([N-]S(=O)(=O)C(F)(F)F)C(F)(F)F,[C4MPyr][NTf2],benzene,c1ccccc1,aromatic,n-decane,CCCCCCCCCC,alkane,0.589,0.388,0.023,0.0,0.323,0.677,0.375,22,298.15,0.66383487,0.31309983,0.023065358,0.00024816292,0.23752294,0.7622289
,1-butyl-1-methylpyrrolidinium bis(trifluoromethylsulfonyl)imide,CCCC[N+]1(C)CCCC1.O=S(=O)([N-]S(=O)(=O)C(F)(F)F)C(F)(F)F,[C4MPyr][NTf2],benzene,c1ccccc1,aromatic,n-decane,CCCCCCCCCC,alkane,0.501,0.473,0.026,0.0,0.423,0.577,0.5,22,298.15,0.56939274,0.40692487,0.023682402,0.00030224124,0.34855375,0.65114397
,1-butyl-1-methylpyrrolidinium bis(trifluoromethylsulfonyl)imide,CCCC[N+]1(C)CCCC1.O=S(=O)([N-]S(=O)(=O)C(F)(F)F)C(F)(F)F,[C4MPyr][NTf2],benzene,c1ccccc1,aromatic,n-decane,CCCCCCCCCC,alkane,0.427,0.547,0.026,0.0,0.527,0.473,0.625,22,298.15,0.4713163,0.50555146,0.023132276,0.0003750429,0.47429797,0.52532697
,1-butyl-1-methylpyrrolidinium bis(trifluoromethylsulfonyl)imide,CCCC[N+]1(C)CCCC1.O=S(=O)([N-]S(=O)(=O)C(F)(F)F)C(F)(F)F,[C4MPyr][NTf2],benzene,c1ccccc1,aromatic,n-decane,CCCCCCCCCC,alkane,0.35400003,0.62200004,0.024000002,0.0,0.65,0.35,0.75,22,298.15,0.37891963,0.6005191,0.020561278,0.00046428732,0.6142356,0.38530007
,1-butyl-1-methylpyrrolidinium bis(trifluoromethylsulfonyl)imide,CCCC[N+]1(C)CCCC1.O=S(=O)([N-]S(=O)(=O)C(F)(F)F)C(F)(F)F,[C4MPyr][NTf2],benzene,c1ccccc1,aromatic,n-decane,CCCCCCCCCC,alkane,0.295,0.685,0.02,0.0,0.773,0.227,0.875,22,298.15,0.29983628,0.6845587,0.015605033,0.0005322916,0.76732606,0.23214166
,1-butyl-1-methylpyrrolidinium bis(trifluoromethylsulfonyl)imide,CCCC[N+]1(C)CCCC1.O=S(=O)([N-]S(=O)(=O)C(F)(F)F)C(F)(F)F,[C4MPyr][NTf2],benzene,c1ccccc1,aromatic,n-decane,CCCCCCCCCC,alkane,0.25,0.734,0.016,0.0,0.863,0.137,1.0,22,298.15,0.23649926,0.7533119,0.010188897,0.0005278098,0.88995236,0.109519854
,1-allyl-3-methylimidazolium bis(trifluoromethylsulfonyl)imide,C=CCn1cc[n+](C)c1.O=S(=O)([N-]S(=O)(=O)C(F)(F)F)C(F)(F)F,[AMIM][NTf2],toluene,Cc1ccccc1,aromatic,n-heptane,CCCCCCC,alkane,0.9822,0.0,0.0178,0.0,0.0,1.0,0.0,25,313.2,0.97511035,0.0103387525,0.014550955,4.1534237e-05,0.013504798,0.9864537
,1-allyl-3-methylimidazolium bis(trifluoromethylsulfonyl)imide,C=CCn1cc[n+](C)c1.O=S(=O)([N-]S(=O)(=O)C(F)(F)F)C(F)(F)F,[AMIM][NTf2],toluene,Cc1ccccc1,aromatic,n-heptane,CCCCCCC,alkane,0.96000004,0.021400003,0.018600002,0.0,0.0297,0.9703,0.09090909,25,313.2,0.9579666,0.026438747,0.015594656,6.1185485e-05,0.032389726,0.9675492
,1-allyl-3-methylimidazolium bis(trifluoromethylsulfonyl)imide,C=CCn1cc[n+](C)c1.O=S(=O)([N-]S(=O)(=O)C(F)(F)F)C(F)(F)F,[AMIM][NTf2],toluene,Cc1ccccc1,aromatic,n-heptane,CCCCCCC,alkane,0.9384,0.0454,0.0162,0.0,0.0657,0.9343,0.18181819,25,313.2,0.9220474,0.06157562,0.016377075,8.570995e-05,0.07180826,0.928106
,1-allyl-3-methylimidazolium bis(trifluoromethylsulfonyl)imide,C=CCn1cc[n+](C)c1.O=S(=O)([N-]S(=O)(=O)C(F)(F)F)C(F)(F)F,[AMIM][NTf2],toluene,Cc1ccccc1,aromatic,n-heptane,CCCCCCC,alkane,0.8879,0.0947,0.0174,0.0,0.1364,0.8636,0.27272728,25,313.2,0.86747867,0.11569399,0.016827358,0.00011126503,0.13503087,0.8648579
,1-allyl-3-methylimidazolium bis(trifluoromethylsulfonyl)imide,C=CCn1cc[n+](C)c1.O=S(=O)([N-]S(=O)(=O)C(F)(F)F)C(F)(F)F,[AMIM][NTf2],toluene,Cc1ccccc1,aromatic,n-heptane,CCCCCCC,alkane,0.8408,0.1428,0.0164,0.0,0.2174,0.7826,0.36363637,25,313.2,0.81085837,0.17195751,0.017184138,0.00013536017,0.21174805,0.7881166
,1-allyl-3-methylimidazolium bis(trifluoromethylsulfonyl)imide,C=CCn1cc[n+](C)c1.O=S(=O)([N-]S(=O)(=O)C(F)(F)F)C(F)(F)F,[AMIM][NTf2],toluene,Cc1ccccc1,aromatic,n-heptane,CCCCCCC,alkane,0.7641,0.2205,0.0154,0.0,0.3421,0.6579,0.45454547,25,313.2,0.75905263,0.22341724,0.017530182,0.00016065362,0.29574767,0.70409167
,1-allyl-3-methylimidazolium bis(trifluoromethylsulfonyl)imide,C=CCn1cc[n+](C)c1.O=S(=O)([N-]S(=O)(=O)C(F)(F)F)C(F)(F)F,[AMIM][NTf2],toluene,Cc1ccccc1,aromatic,n-heptane,CCCCCCC,alkane,0.70059997,0.28469998,0.014699998,0.0,0.4674,0.5326,0.54545456,25,313.2,0.7054079,0.2769303,0.017661765,0.00019111631,0.3882754,0.61153346
,1-allyl-3-methylimidazolium bis(trifluoromethylsulfonyl)imide,C=CCn1cc[n+](C)c1.O=S(=O)([N-]S(=O)(=O)C(F)(F)F)C(F)(F)F,[AMIM][NTf2],toluene,Cc1ccccc1,aromatic,n-heptane,CCCCCCC,alkane,0.6597,0.3252,0.0151,0.0,0.5264,0.4736,0.6363636,25,313.2,0.6455465,0.3370748,0.017378766,0.00022827757,0.48703465,0.51273704
,1-allyl-3-methylimidazolium bis(trifluoromethylsulfonyl)imide,C=CCn1cc[n+](C)c1.O=S(=O)([N-]S(=O)(=O)C(F)(F)F)C(F)(F)F,[AMIM][NTf2],toluene,Cc1ccccc1,aromatic,n-heptane,CCCCCCC,alkane,0.595,0.3921,0.0129,0.0,0.6324,0.3676,0.72727275,25,313.2,0.581848,0.40161014,0.01654184,0.00027292405,0.58644,0.413287
,1-allyl-3-methylimidazolium bis(trifluoromethylsulfonyl)imide,C=CCn1cc[n+](C)c1.O=S(=O)([N-]S(=O)(=O)C(F)(F)F)C(F)(F)F,[AMIM][NTf2],toluene,Cc1ccccc1,aromatic,n-heptane,CCCCCCC,alkane,0.54260004,0.44500002,0.012400001,0.0,0.7442,0.2558,0.8181818,25,313.2,0.5179576,0.4671955,0.0148467915,0.00032188164,0.6877816,0.31189653
,1-allyl-3-methylimidazolium bis(trifluoromethylsulfonyl)imide,C=CCn1cc[n+](C)c1.O=S(=O)([N-]S(=O)(=O)C(F)(F)F)C(F)(F)F,[AMIM][NTf2],toluene,Cc1ccccc1,aromatic,n-heptane,CCCCCCC,alkane,0.4874,0.5019,0.0107,0.0,0.834,0.166,0.90909094,25,313.2,0.45775622,0.530034,0.0122097125,0.00036238626,0.7890016,0.21063605
,1-allyl-3-methylimidazolium bis(trifluoromethylsulfonyl)imide,C=CCn1cc[n+](C)c1.O=S(=O)([N-]S(=O)(=O)C(F)(F)F)C(F)(F)F,[AMIM][NTf2],toluene,Cc1ccccc1,aromatic,n-heptane,CCCCCCC,alkane,0.4109,0.5891,0.0,0.0,1.0,0.0,1.0,25,313.2,0.4023957,0.5884941,0.009110186,0.0003761518,0.8767069,0.12291693
no,1-ethyl-3-methylpyridinium bis(trifluoromethylsulfonyl)imide,CC[n+]1cccc(C)c1.O=S(=O)([N-]S(=O)(=O)C(F)(F)F)C(F)(F)F,[C2MPy][NTf2],toluene,Cc1ccccc1,aromatic,n-heptane,CCCCCCC,alkane,0.954,0.0,0.046,0.0,0.0,1.0,0.0,26,298.15,0.950299,0.03287834,0.016822675,0.00023290692,0.028271867,0.9714953
no,1-ethyl-3-methylpyridinium bis(trifluoromethylsulfonyl)imide,CC[n+]1cccc(C)c1.O=S(=O)([N-]S(=O)(=O)C(F)(F)F)C(F)(F)F,[C2MPy][NTf2],toluene,Cc1ccccc1,aromatic,n-heptane,CCCCCCC,alkane,0.861,0.074,0.065,0.0,0.08,0.92,0.11111111,26,298.15,0.903959,0.077721894,0.018319122,0.00031994676,0.06439004,0.9352899
no,1-ethyl-3-methylpyridinium bis(trifluoromethylsulfonyl)imide,CC[n+]1cccc(C)c1.O=S(=O)([N-]S(=O)(=O)C(F)(F)F)C(F)(F)F,[C2MPy][NTf2],toluene,Cc1ccccc1,aromatic,n-heptane,CCCCCCC,alkane,0.79,0.138,0.072,0.0,0.159,0.841,0.22222222,26,298.15,0.8471086,0.13309716,0.019794218,0.00039277814,0.113906,0.8857012
no,1-ethyl-3-methylpyridinium bis(trifluoromethylsulfonyl)imide,CC[n+]1cccc(C)c1.O=S(=O)([N-]S(=O)(=O)C(F)(F)F)C(F)(F)F,[C2MPy][NTf2],toluene,Cc1ccccc1,aromatic,n-heptane,CCCCCCC,alkane,0.732,0.193,0.075,0.0,0.229,0.771,0.33333334,26,298.15,0.7978078,0.18063477,0.021557385,0.0004496576,0.16600852,0.83354187
no,1-ethyl-3-methylpyridinium bis(trifluoromethylsulfonyl)imide,CC[n+]1cccc(C)c1.O=S(=O)([N-]S(=O)(=O)C(F)(F)F)C(F)(F)F,[C2MPy][NTf2],toluene,Cc1ccccc1,aromatic,n-heptane,CCCCCCC,alkane,0.67,0.253,0.077,0.0,0.31,0.69,0.44444445,26,298.15,0.7489141,0.22782706,0.023258854,0.0005067762,0.22278975,0.7767035
no,1-ethyl-3-methylpyridinium bis(trifluoromethylsulfonyl)imide,CC[n+]1cccc(C)c1.O=S(=O)([N-]S(=O)(=O)C(F)(F)F)C(F)(F)F,[C2MPy][NTf2],toluene,Cc1ccccc1,aromatic,n-heptane,CCCCCCC,alkane,0.602,0.324,0.074,0.0,0.398,0.602,0.5555556,26,298.15,0.6916108,0.28391364,0.024475552,0.00057284685,0.287743,0.71168417
no,1-ethyl-3-methylpyridinium bis(trifluoromethylsulfonyl)imide,CC[n+]1cccc(C)c1.O=S(=O)([N-]S(=O)(=O)C(F)(F)F)C(F)(F)F,[C2MPy][NTf2],toluene,Cc1ccccc1,aromatic,n-heptane,CCCCCCC,alkane,0.536,0.397,0.067,0.0,0.495,0.505,0.6666667,26,298.15,0.6265721,0.34834808,0.02507983,0.00065019954,0.3574238,0.641926
no,1-ethyl-3-methylpyridinium bis(trifluoromethylsulfonyl)imide,CC[n+]1cccc(C)c1.O=S(=O)([N-]S(=O)(=O)C(F)(F)F)C(F)(F)F,[C2MPy][NTf2],toluene,Cc1ccccc1,aromatic,n-heptane,CCCCCCC,alkane,0.477,0.467,0.056,0.0,0.604,0.396,0.7777778,26,298.15,0.5568472,0.41824123,0.024911627,0.00074484665,0.43088654,0.5683687
no,1-ethyl-3-methylpyridinium bis(trifluoromethylsulfonyl)imide,CC[n+]1cccc(C)c1.O=S(=O)([N-]S(=O)(=O)C(F)(F)F)C(F)(F)F,[C2MPy][NTf2],toluene,Cc1ccccc1,aromatic,n-heptane,CCCCCCC,alkane,0.40400004,0.55700004,0.039000005,0.0,0.74,0.26,0.8888889,26,298.15,0.48741236,0.48923475,0.02335288,0.00085708,0.5162127,0.48293018
no,1-ethyl-3-methylpyridinium bis(trifluoromethylsulfonyl)imide,CC[n+]1cccc(C)c1.O=S(=O)([N-]S(=O)(=O)C(F)(F)F)C(F)(F)F,[C2MPy][NTf2],toluene,Cc1ccccc1,aromatic,n-heptane,CCCCCCC,alkane,0.292,0.708,0.0,0.0,1.0,0.0,1.0,26,298.15,0.4217512,0.5583759,0.019872902,0.000962762,0.6256531,0.37338412
no,1-(2-hydroxyethyl)-3-methylimidazolium bis(trifluoromethylsulfonyl)imide,C[n+]1ccn(CCO)c1.O=S(=O)([N-]S(=O)(=O)C(F)(F)F)C(F)(F)F,[OH-C2MIm][NTf2],benzene,c1ccccc1,aromatic,n-heptane,CCCCCCC,alkane,0.8431,0.139,0.0179,0.0,0.0955,0.9045,0.0,28,313.2,0.9198666,0.05303292,0.027100448,0.0001706304,0.041040458,0.9587889
no,1-(2-hydroxyethyl)-3-methylimidazolium bis(trifluoromethylsulfonyl)imide,C[n+]1ccn(CCO)c1.O=S(=O)([N-]S(=O)(=O)C(F)(F)F)C(F)(F)F,[OH-C2MIm][NTf2],benzene,c1ccccc1,aromatic,n-heptane,CCCCCCC,alkane,0.7406,0.2437,0.0157,0.0,0.2101,0.7899,0.125,28,313.2,0.84195125,0.13053556,0.027513225,0.0002356589,0.09993864,0.8998257
no,1-(2-hydroxyethyl)-3-methylimidazolium bis(trifluoromethylsulfonyl)imide,C[n+]1ccn(CCO)c1.O=S(=O)([N-]S(=O)(=O)C(F)(F)F)C(F)(F)F,[OH-C2MIm][NTf2],benzene,c1ccccc1,aromatic,n-heptane,CCCCCCC,alkane,0.7137,0.2762,0.0101,0.0,0.3571,0.6429,0.25,28,313.2,0.7555881,0.2169921,0.027419802,0.00028737093,0.1784686,0.82124406
no,1-(2-hydroxyethyl)-3-methylimidazolium bis(trifluoromethylsulfonyl)imide,C[n+]1ccn(CCO)c1.O=S(=O)([N-]S(=O)(=O)C(F)(F)F)C(F)(F)F,[OH-C2MIm][NTf2],benzene,c1ccccc1,aromatic,n-heptane,CCCCCCC,alkane,0.69130003,0.30120003,0.0075000003,0.0,0.4358,0.5642,0.375,28,313.2,0.68902016,0.2833126,0.02766731,0.00033454553,0.25914085,0.74052453
no,1-(2-hydroxyethyl)-3-methylimidazolium bis(trifluoromethylsulfonyl)imide,C[n+]1ccn(CCO)c1.O=S(=O)([N-]S(=O)(=O)C(F)(F)F)C(F)(F)F,[OH-C2MIm][NTf2],benzene,c1ccccc1,aromatic,n-heptane,CCCCCCC,alkane,0.5514,0.4422,0.0064,0.0,0.604,0.396,0.5,28,313.2,0.6277834,0.34462008,0.027596518,0.0003946505,0.34566447,0.653941
no,1-(2-hydroxyethyl)-3-methylimidazolium bis(trifluoromethylsulfonyl)imide,C[n+]1ccn(CCO)c1.O=S(=O)([N-]S(=O)(=O)C(F)(F)F)C(F)(F)F,[OH-C2MIm][NTf2],benzene,c1ccccc1,aromatic,n-heptane,CCCCCCC,alkane,0.5068,0.4873,0.0059,0.0,0.638,0.362,0.625,28,313.2,0.56365806,0.40960935,0.02673257,0.00047243884,0.43847027,0.5610572
no,1-(2-hydroxyethyl)-3-methylimidazolium bis(trifluoromethylsulfonyl)imide,C[n+]1ccn(CCO)c1.O=S(=O)([N-]S(=O)(=O)C(F)(F)F)C(F)(F)F,[OH-C2MIm][NTf2],benzene,c1ccccc1,aromatic,n-heptane,CCCCCCC,alkane,0.4318,0.563,0.0052,0.0,0.7495,0.2505,0.875,28,313.2,0.4400579,0.5389099,0.021032196,0.0006760487,0.65200186,0.34732208
no,1-(2-hydroxyethyl)-3-methylimidazolium bis(trifluoromethylsulfonyl)imide,C[n+]1ccn(CCO)c1.O=S(=O)([N-]S(=O)(=O)C(F)(F)F)C(F)(F)F,[OH-C2MIm][NTf2],benzene,c1ccccc1,aromatic,n-heptane,CCCCCCC,alkane,0.4697,0.5239,0.0064,0.0,0.6998,0.3002,0.75,28,313.2,0.49977076,0.47545093,0.024778362,0.00057085324,0.5369126,0.46251655
no,1-(2-hydroxyethyl)-3-methylimidazolium bis(trifluoromethylsulfonyl)imide,C[n+]1ccn(CCO)c1.O=S(=O)([N-]S(=O)(=O)C(F)(F)F)C(F)(F)F,[OH-C2MIm][NTf2],benzene,c1ccccc1,aromatic,n-heptane,CCCCCCC,alkane,0.3353,0.6598,0.0049,0.0,0.8901,0.1099,1.0,28,313.2,0.38571858,0.5985581,0.015723333,0.00073368725,0.78023255,0.21903372
,1-butyl-4-methylpyridinium bis(trifluoromethylsulfonyl)imide,CCCC[n+]1ccc(C)cc1.O=S(=O)([N-]S(=O)(=O)C(F)(F)F)C(F)(F)F,[C4MPy][NTf2],toluene,Cc1ccccc1,aromatic,n-heptane,CCCCCCC,alkane,0.8887,0.0339,0.0774,0.0,0.0186,0.9814,0.0,31,313.2,0.90324134,0.053475227,0.0432834,0.00029329397,0.037911244,0.96179545
,1-butyl-4-methylpyridinium bis(trifluoromethylsulfonyl)imide,CCCC[n+]1ccc(C)cc1.O=S(=O)([N-]S(=O)(=O)C(F)(F)F)C(F)(F)F,[C4MPy][NTf2],toluene,Cc1ccccc1,aromatic,n-heptane,CCCCCCC,alkane,0.86560005,0.06880001,0.06560001,0.0,0.0399,0.9601,0.09090909,31,313.2,0.8515814,0.102730945,0.04568767,0.00038357338,0.072302185,0.9273142
,1-butyl-4-methylpyridinium bis(trifluoromethylsulfonyl)imide,CCCC[n+]1ccc(C)cc1.O=S(=O)([N-]S(=O)(=O)C(F)(F)F)C(F)(F)F,[C4MPy][NTf2],toluene,Cc1ccccc1,aromatic,n-heptane,CCCCCCC,alkane,0.7934,0.1366,0.07,0.0,0.0903,0.9097,0.18181819,31,313.2,0.7917968,0.16036093,0.047842298,0.00046924164,0.11729444,0.8822363
,1-butyl-4-methylpyridinium bis(trifluoromethylsulfonyl)imide,CCCC[n+]1ccc(C)cc1.O=S(=O)([N-]S(=O)(=O)C(F)(F)F)C(F)(F)F,[C4MPy][NTf2],toluene,Cc1ccccc1,aromatic,n-heptane,CCCCCCC,alkane,0.7346,0.1969,0.0685,0.0,0.1291,0.8709,0.27272728,31,313.2,0.7375188,0.21207902,0.05040213,0.00054840423,0.16571616,0.8337354
,1-butyl-4-methylpyridinium bis(trifluoromethylsulfonyl)imide,CCCC[n+]1ccc(C)cc1.O=S(=O)([N-]S(=O)(=O)C(F)(F)F)C(F)(F)F,[C4MPy][NTf2],toluene,Cc1ccccc1,aromatic,n-heptane,CCCCCCC,alkane,0.6908,0.2412,0.068,0.0,0.175,0.825,0.36363637,31,313.2,0.6881249,0.25875255,0.053122517,0.0006297348,0.21660012,0.78277016
,1-butyl-4-methylpyridinium bis(trifluoromethylsulfonyl)imide,CCCC[n+]1ccc(C)cc1.O=S(=O)([N-]S(=O)(=O)C(F)(F)F)C(F)(F)F,[C4MPy][NTf2],toluene,Cc1ccccc1,aromatic,n-heptane,CCCCCCC,alkane,0.6478,0.2873,0.0649,0.0,0.2205,0.7795,0.45454547,31,313.2,0.6362724,0.30835614,0.055371456,0.00072186714,0.2727709,0.72650725
,1-butyl-4-methylpyridinium bis(trifluoromethylsulfonyl)imide,CCCC[n+]1ccc(C)cc1.O=S(=O)([N-]S(=O)(=O)C(F)(F)F)C(F)(F)F,[C4MPy][NTf2],toluene,Cc1ccccc1,aromatic,n-heptane,CCCCCCC,alkane,0.5992,0.3388,0.062,0.0,0.2775,0.7225,0.54545456,31,313.2,0.57931143,0.36397967,0.056708883,0.00082875905,0.33410114,0.6650701
,1-butyl-4-methylpyridinium bis(trifluoromethylsulfonyl)imide,CCCC[n+]1ccc(C)cc1.O=S(=O)([N-]S(=O)(=O)C(F)(F)F)C(F)(F)F,[C4MPy][NTf2],toluene,Cc1ccccc1,aromatic,n-heptane,CCCCCCC,alkane,0.5248,0.4057,0.0695,0.0,0.3756,0.6244,0.6363636,31,313.2,0.51891714,0.4241997,0.056883164,0.0009530928,0.39876255,0.60028434
,1-butyl-4-methylpyridinium bis(trifluoromethylsulfonyl)imide,CCCC[n+]1ccc(C)cc1.O=S(=O)([N-]S(=O)(=O)C(F)(F)F)C(F)(F)F,[C4MPy][NTf2],toluene,Cc1ccccc1,aromatic,n-heptane,CCCCCCC,alkane,0.41180003,0.52190006,0.066300005,0.0,0.4941,0.5059,0.72727275,31,313.2,0.45825544,0.48638612,0.05535843,0.0010970472,0.46813425,0.5307687
,1-butyl-4-methylpyridinium bis(trifluoromethylsulfonyl)imide,CCCC[n+]1ccc(C)cc1.O=S(=O)([N-]S(=O)(=O)C(F)(F)F)C(F)(F)F,[C4MPy][NTf2],toluene,Cc1ccccc1,aromatic,n-heptane,CCCCCCC,alkane,0.3268,0.6056,0.0676,0.0,0.6068,0.3932,0.8181818,31,313.2,0.40012908,0.5485663,0.05130462,0.0012555661,0.54836595,0.45037848
,1-butyl-4-methylpyridinium bis(trifluoromethylsulfonyl)imide,CCCC[n+]1ccc(C)cc1.O=S(=O)([N-]S(=O)(=O)C(F)(F)F)C(F)(F)F,[C4MPy][NTf2],toluene,Cc1ccccc1,aromatic,n-heptane,CCCCCCC,alkane,0.2778,0.6715,0.0507,0.0,0.7237,0.2763,0.90909094,31,313.2,0.34720454,0.6083297,0.04446569,0.0013954914,0.6422432,0.35636127
,1-butyl-4-methylpyridinium bis(trifluoromethylsulfonyl)imide,CCCC[n+]1ccc(C)cc1.O=S(=O)([N-]S(=O)(=O)C(F)(F)F)C(F)(F)F,[C4MPy][NTf2],toluene,Cc1ccccc1,aromatic,n-heptane,CCCCCCC,alkane,0.2683,0.6866,0.0451,0.0,0.8059,0.1941,1.0,31,313.2,0.29987377,0.66427773,0.035848495,0.0014699118,0.7426531,0.255877
,1-allyl-3-methylimidazolium bis(trifluoromethylsulfonyl)imide,C=CCn1cc[n+](C)c1.O=S(=O)([N-]S(=O)(=O)C(F)(F)F)C(F)(F)F,[AMIM][NTf2],toluene,Cc1ccccc1,aromatic,n-heptane,CCCCCCC,alkane,0.9677,0.0,0.0323,0.0,0.0,1.0,0.0,37,313.2,0.9750728,0.010366928,0.014560305,4.1678024e-05,0.013535934,0.98642236
,1-allyl-3-methylimidazolium bis(trifluoromethylsulfonyl)imide,C=CCn1cc[n+](C)c1.O=S(=O)([N-]S(=O)(=O)C(F)(F)F)C(F)(F)F,[AMIM][NTf2],toluene,Cc1ccccc1,aromatic,n-heptane,CCCCCCC,alkane,0.94850004,0.024600001,0.026900003,0.0,0.0289,0.9711,0.1,37,313.2,0.9553048,0.029002998,0.015692186,6.362928e-05,0.035285607,0.96465075
,1-allyl-3-methylimidazolium bis(trifluoromethylsulfonyl)imide,C=CCn1cc[n+](C)c1.O=S(=O)([N-]S(=O)(=O)C(F)(F)F)C(F)(F)F,[AMIM][NTf2],toluene,Cc1ccccc1,aromatic,n-heptane,CCCCCCC,alkane,0.9214,0.0511,0.0275,0.0,0.0603,0.9397,0.2,37,313.2,0.9121581,0.07135373,0.016488248,9.0978465e-05,0.08281562,0.91709346
,1-allyl-3-methylimidazolium bis(trifluoromethylsulfonyl)imide,C=CCn1cc[n+](C)c1.O=S(=O)([N-]S(=O)(=O)C(F)(F)F)C(F)(F)F,[AMIM][NTf2],toluene,Cc1ccccc1,aromatic,n-heptane,CCCCCCC,alkane,0.8677,0.1052,0.0271,0.0,0.1274,0.8726,0.3,37,313.2,0.8498329,0.13323778,0.01692927,0.00011871229,0.15730993,0.8425713
,1-allyl-3-methylimidazolium bis(trifluoromethylsulfonyl)imide,C=CCn1cc[n+](C)c1.O=S(=O)([N-]S(=O)(=O)C(F)(F)F)C(F)(F)F,[AMIM][NTf2],toluene,Cc1ccccc1,aromatic,n-heptane,CCCCCCC,alkane,0.8038,0.1673,0.0289,0.0,0.2039,0.7961,0.4,37,313.2,0.78985846,0.19281399,0.017327508,0.00014507682,0.24442041,0.7554345
,1-allyl-3-methylimidazolium bis(trifluoromethylsulfonyl)imide,C=CCn1cc[n+](C)c1.O=S(=O)([N-]S(=O)(=O)C(F)(F)F)C(F)(F)F,[AMIM][NTf2],toluene,Cc1ccccc1,aromatic,n-heptane,CCCCCCC,alkane,0.723,0.2496,0.0274,0.0,0.3344,0.6656,0.5,37,313.2,0.73299587,0.24936481,0.01763928,0.00017527596,0.34076652,0.6590582
,1-allyl-3-methylimidazolium bis(trifluoromethylsulfonyl)imide,C=CCn1cc[n+](C)c1.O=S(=O)([N-]S(=O)(=O)C(F)(F)F)C(F)(F)F,[AMIM][NTf2],toluene,Cc1ccccc1,aromatic,n-heptane,CCCCCCC,alkane,0.65470004,0.31840003,0.026900003,0.0,0.4366,0.5634,0.6,37,313.2,0.6701268,0.31232196,0.017551191,0.00021284574,0.44729194,0.5524952
,1-allyl-3-methylimidazolium bis(trifluoromethylsulfonyl)imide,C=CCn1cc[n+](C)c1.O=S(=O)([N-]S(=O)(=O)C(F)(F)F)C(F)(F)F,[AMIM][NTf2],toluene,Cc1ccccc1,aromatic,n-heptane,CCCCCCC,alkane,0.6117,0.3633,0.025,0.0,0.5112,0.4888,0.7,37,313.2,0.60080993,0.38233152,0.016858568,0.0002591178,0.5571287,0.44261214
,1-allyl-3-methylimidazolium bis(trifluoromethylsulfonyl)imide,C=CCn1cc[n+](C)c1.O=S(=O)([N-]S(=O)(=O)C(F)(F)F)C(F)(F)F,[AMIM][NTf2],toluene,Cc1ccccc1,aromatic,n-heptane,CCCCCCC,alkane,0.542,0.4325,0.0255,0.0,0.6142,0.3858,0.8,37,313.2,0.53056353,0.45417538,0.015261048,0.00031238853,0.6673332,0.33235443
,1-allyl-3-methylimidazolium bis(trifluoromethylsulfonyl)imide,C=CCn1cc[n+](C)c1.O=S(=O)([N-]S(=O)(=O)C(F)(F)F)C(F)(F)F,[AMIM][NTf2],toluene,Cc1ccccc1,aromatic,n-heptane,CCCCCCC,alkane,0.4696,0.508,0.0224,0.0,0.7232,0.2768,0.9,37,313.2,0.46354112,0.52395785,0.012501051,0.00035960184,0.77930623,0.22033422
,1-allyl-3-methylimidazolium bis(trifluoromethylsulfonyl)imide,C=CCn1cc[n+](C)c1.O=S(=O)([N-]S(=O)(=O)C(F)(F)F)C(F)(F)F,[AMIM][NTf2],toluene,Cc1ccccc1,aromatic,n-heptane,CCCCCCC,alkane,0.42540002,0.55640006,0.018200003,0.0,0.8297,0.1703,1.0,37,313.2,0.40222785,0.5886728,0.009099345,0.0003765998,0.87699693,0.122626446
no,1-methyl-3-propylimidazolium bis(trifluoromethylsulfonyl)imide,CCCn1cc[n+](C)c1.O=S(=O)([N-]S(=O)(=O)C(F)(F)F)C(F)(F)F,[C3MIm][NTf2],benzene,c1ccccc1,aromatic,n-octane,CCCCCCCC,alkane,0.911,0.061,0.028,0.0,0.041,0.959,0.0,44,298.15,0.9395135,0.038509168,0.021977244,0.00022949958,0.02485294,0.9749176
no,1-methyl-3-propylimidazolium bis(trifluoromethylsulfonyl)imide,CCCn1cc[n+](C)c1.O=S(=O)([N-]S(=O)(=O)C(F)(F)F)C(F)(F)F,[C3MIm][NTf2],benzene,c1ccccc1,aromatic,n-octane,CCCCCCCC,alkane,0.848,0.125,0.027,0.0,0.089,0.911,0.11111111,44,298.15,0.88017523,0.096090406,0.02373437,0.0003066796,0.060207307,0.939486
no,1-methyl-3-propylimidazolium bis(trifluoromethylsulfonyl)imide,CCCn1cc[n+](C)c1.O=S(=O)([N-]S(=O)(=O)C(F)(F)F)C(F)(F)F,[C3MIm][NTf2],benzene,c1ccccc1,aromatic,n-octane,CCCCCCCC,alkane,0.79,0.182,0.028,0.0,0.136,0.864,0.22222222,44,298.15,0.80236447,0.17249352,0.025142007,0.00036629717,0.113766484,0.88586724
no,1-methyl-3-propylimidazolium bis(trifluoromethylsulfonyl)imide,CCCn1cc[n+](C)c1.O=S(=O)([N-]S(=O)(=O)C(F)(F)F)C(F)(F)F,[C3MIm][NTf2],benzene,c1ccccc1,aromatic,n-octane,CCCCCCCC,alkane,0.681,0.288,0.031,0.0,0.235,0.765,0.33333334,44,298.15,0.7310731,0.24217221,0.026754735,0.00040955626,0.17594714,0.8236433
no,1-methyl-3-propylimidazolium bis(trifluoromethylsulfonyl)imide,CCCn1cc[n+](C)c1.O=S(=O)([N-]S(=O)(=O)C(F)(F)F)C(F)(F)F,[C3MIm][NTf2],benzene,c1ccccc1,aromatic,n-octane,CCCCCCCC,alkane,0.632,0.335,0.033,0.0,0.282,0.718,0.44444445,44,298.15,0.66103053,0.31076446,0.028204994,0.00045451027,0.24816957,0.751376
no,1-methyl-3-propylimidazolium bis(trifluoromethylsulfonyl)imide,CCCn1cc[n+](C)c1.O=S(=O)([N-]S(=O)(=O)C(F)(F)F)C(F)(F)F,[C3MIm][NTf2],benzene,c1ccccc1,aromatic,n-octane,CCCCCCCC,alkane,0.58900005,0.37700003,0.034000006,0.0,0.328,0.672,0.5555556,44,298.15,0.5844809,0.38667297,0.028846176,0.0005097833,0.3318664,0.6676238
no,1-methyl-3-propylimidazolium bis(trifluoromethylsulfonyl)imide,CCCn1cc[n+](C)c1.O=S(=O)([N-]S(=O)(=O)C(F)(F)F)C(F)(F)F,[C3MIm][NTf2],benzene,c1ccccc1,aromatic,n-octane,CCCCCCCC,alkane,0.506,0.459,0.035,0.0,0.431,0.569,0.6666667,44,298.15,0.50495446,0.46667516,0.02837043,0.0005794006,0.42296255,0.5764581
no,1-methyl-3-propylimidazolium bis(trifluoromethylsulfonyl)imide,CCCn1cc[n+](C)c1.O=S(=O)([N-]S(=O)(=O)C(F)(F)F)C(F)(F)F,[C3MIm][NTf2],benzene,c1ccccc1,aromatic,n-octane,CCCCCCCC,alkane,0.424,0.544,0.032,0.0,0.548,0.452,0.7777778,44,298.15,0.42843127,0.5453927,0.026176034,0.0006635467,0.5259339,0.4734025
no,1-methyl-3-propylimidazolium bis(trifluoromethylsulfonyl)imide,CCCn1cc[n+](C)c1.O=S(=O)([N-]S(=O)(=O)C(F)(F)F)C(F)(F)F,[C3MIm][NTf2],benzene,c1ccccc1,aromatic,n-octane,CCCCCCCC,alkane,0.357,0.617,0.026,0.0,0.678,0.322,0.8888889,44,298.15,0.36022455,0.6179996,0.021775814,0.0007414411,0.6493883,0.34987026
no,1-methyl-3-propylimidazolium bis(trifluoromethylsulfonyl)imide,CCCn1cc[n+](C)c1.O=S(=O)([N-]S(=O)(=O)C(F)(F)F)C(F)(F)F,[C3MIm][NTf2],benzene,c1ccccc1,aromatic,n-octane,CCCCCCCC,alkane,0.31,0.669,0.021,0.0,0.818,0.182,1.0,44,298.15,0.30169922,0.68225896,0.016041806,0.00076378987,0.78093916,0.21829699
,butyltrimethylammonium bis(trifluoromethylsulfonyl)imide,CCCC[N+](C)(C)C.O=S(=O)([N-]S(=O)(=O)C(F)(F)F)C(F)(F)F,[N4111][NTf2],benzene,c1ccccc1,aromatic,n-dodecane,CCCCCCCCCCCC,alkane,0.897,0.097,0.006,0.0,0.1,0.9,0.0,63,298.15,0.9466152,0.039078392,0.014306399,0.00019930497,0.03426753,0.96553314
,butyltrimethylammonium bis(trifluoromethylsulfonyl)imide,CCCC[N+](C)(C)C.O=S(=O)([N-]S(=O)(=O)C(F)(F)F)C(F)(F)F,[N4111][NTf2],benzene,c1ccccc1,aromatic,n-dodecane,CCCCCCCCCCCC,alkane,0.856,0.137,0.007,0.0,0.143,0.857,0.11111111,63,298.15,0.88620067,0.09830163,0.015497656,0.0002751439,0.08469313,0.9150318
,butyltrimethylammonium bis(trifluoromethylsulfonyl)imide,CCCC[N+](C)(C)C.O=S(=O)([N-]S(=O)(=O)C(F)(F)F)C(F)(F)F,[N4111][NTf2],benzene,c1ccccc1,aromatic,n-dodecane,CCCCCCCCCCCC,alkane,0.781,0.212,0.007,0.0,0.226,0.774,0.22222222,63,298.15,0.80702627,0.17654084,0.01643289,0.0003394124,0.16195676,0.83770376
,butyltrimethylammonium bis(trifluoromethylsulfonyl)imide,CCCC[N+](C)(C)C.O=S(=O)([N-]S(=O)(=O)C(F)(F)F)C(F)(F)F,[N4111][NTf2],benzene,c1ccccc1,aromatic,n-dodecane,CCCCCCCCCCCC,alkane,0.715,0.278,0.007,0.0,0.302,0.698,0.33333334,63,298.15,0.7338248,0.24875769,0.017417578,0.00039511907,0.2531293,0.7464756
,butyltrimethylammonium bis(trifluoromethylsulfonyl)imide,CCCC[N+](C)(C)C.O=S(=O)([N-]S(=O)(=O)C(F)(F)F)C(F)(F)F,[N4111][NTf2],benzene,c1ccccc1,aromatic,n-dodecane,CCCCCCCCCCCC,alkane,0.653,0.34,0.007,0.0,0.375,0.625,0.44444445,63,298.15,0.65998363,0.3218748,0.018141542,0.00045679446,0.3584336,0.64110965
,butyltrimethylammonium bis(trifluoromethylsulfonyl)imide,CCCC[N+](C)(C)C.O=S(=O)([N-]S(=O)(=O)C(F)(F)F)C(F)(F)F,[N4111][NTf2],benzene,c1ccccc1,aromatic,n-dodecane,CCCCCCCCCCCC,alkane,0.593,0.4,0.007,0.0,0.451,0.549,0.5555556,63,298.15,0.5796074,0.40214074,0.018251816,0.0005308112,0.47265112,0.52681804
,butyltrimethylammonium bis(trifluoromethylsulfonyl)imide,CCCC[N+](C)(C)C.O=S(=O)([N-]S(=O)(=O)C(F)(F)F)C(F)(F)F,[N4111][NTf2],benzene,c1ccccc1,aromatic,n-dodecane,CCCCCCCCCCCC,alkane,0.48800004,0.50600004,0.0060000005,0.0,0.589,0.411,0.6666667,63,298.15,0.4972333,0.48530057,0.017466126,0.0006175506,0.5869963,0.41238612
,butyltrimethylammonium bis(trifluoromethylsulfonyl)imide,CCCC[N+](C)(C)C.O=S(=O)([N-]S(=O)(=O)C(F)(F)F)C(F)(F)F,[N4111][NTf2],benzene,c1ccccc1,aromatic,n-dodecane,CCCCCCCCCCCC,alkane,0.415,0.58,0.005,0.0,0.703,0.297,0.7777778,63,298.15,0.41888732,0.565787,0.015325663,0.00070473825,0.70377696,0.29551834
,butyltrimethylammonium bis(trifluoromethylsulfonyl)imide,CCCC[N+](C)(C)C.O=S(=O)([N-]S(=O)(=O)C(F)(F)F)C(F)(F)F,[N4111][NTf2],benzene,c1ccccc1,aromatic,n-dodecane,CCCCCCCCCCCC,alkane,0.333,0.662,0.005,0.0,0.854,0.146,0.8888889,63,298.15,0.34955508,0.6385593,0.01188562,0.00074803544,0.81759936,0.18165258
,butyltrimethylammonium bis(trifluoromethylsulfonyl)imide,CCCC[N+](C)(C)C.O=S(=O)([N-]S(=O)(=O)C(F)(F)F)C(F)(F)F,[N4111][NTf2],benzene,c1ccccc1,aromatic,n-dodecane,CCCCCCCCCCCC,alkane,0.301,0.694,0.005,0.0,0.929,0.071,1.0,63,298.15,0.29008976,0.7017049,0.008205354,0.0007123479,0.90582424,0.093463466
no,1-butyl-4-methylpyridinium tetrafluoroborate,CCCC[n+]1ccc(C)cc1.F[B-](F)(F)F,[C4MPy][BF4],toluene,Cc1ccccc1,aromatic,n-heptane,CCCCCCC,alkane,0.9758,0.0162,0.008,0.0,0.0367,0.9633,0.0,85,313.2,0.96486735,0.027217526,0.007915013,0.000131988,0.055209532,0.9446585
no,1-butyl-4-methylpyridinium tetrafluoroborate,CCCC[n+]1ccc(C)cc1.F[B-](F)(F)F,[C4MPy][BF4],toluene,Cc1ccccc1,aromatic,n-heptane,CCCCCCC,alkane,0.9631,0.029,0.0079,0.0049,0.0645,0.9306,0.083333336,85,313.2,0.9415759,0.05019958,0.008224476,0.00016968157,0.09730959,0.9025207
no,1-butyl-4-methylpyridinium tetrafluoroborate,CCCC[n+]1ccc(C)cc1.F[B-](F)(F)F,[C4MPy][BF4],toluene,Cc1ccccc1,aromatic,n-heptane,CCCCCCC,alkane,0.9473,0.0448,0.0079,0.0,0.1021,0.8979,0.16666667,85,313.2,0.9132225,0.078284234,0.008493252,0.0002061958,0.15056367,0.8492302
no,1-butyl-4-methylpyridinium tetrafluoroborate,CCCC[n+]1ccc(C)cc1.F[B-](F)(F)F,[C4MPy][BF4],toluene,Cc1ccccc1,aromatic,n-heptane,CCCCCCC,alkane,0.9329,0.0594,0.0077,0.0022,0.1388,0.859,0.25,85,313.2,0.885431,0.10581947,0.008749523,0.00024056311,0.2085939,0.7911655
no,1-butyl-4-methylpyridinium tetrafluoroborate,CCCC[n+]1ccc(C)cc1.F[B-](F)(F)F,[C4MPy][BF4],toluene,Cc1ccccc1,aromatic,n-heptane,CCCCCCC,alkane,0.9182,0.073,0.0088,0.0,0.1558,0.8442,0.33333334,85,313.2,0.85903764,0.13196829,0.008994099,0.00027702638,0.27006403,0.72965896
no,1-butyl-4-methylpyridinium tetrafluoroborate,CCCC[n+]1ccc(C)cc1.F[B-](F)(F)F,[C4MPy][BF4],toluene,Cc1ccccc1,aromatic,n-heptane,CCCCCCC,alkane,0.8797,0.1112,0.0091,0.0,0.2319,0.7681,0.41666666,85,313.2,0.8307019,0.16011737,0.009180749,0.00031951675,0.33716357,0.66251683
no,1-butyl-4-methylpyridinium tetrafluoroborate,CCCC[n+]1ccc(C)cc1.F[B-](F)(F)F,[C4MPy][BF4],toluene,Cc1ccccc1,aromatic,n-heptane,CCCCCCC,alkane,0.8434,0.1481,0.0085,0.0,0.3183,0.6817,0.5,85,313.2,0.79775256,0.1929731,0.00927439,0.00036959484,0.41005582,0.5895746
no,1-butyl-4-methylpyridinium tetrafluoroborate,CCCC[n+]1ccc(C)cc1.F[B-](F)(F)F,[C4MPy][BF4],toluene,Cc1ccccc1,aromatic,n-heptane,CCCCCCC,alkane,0.8,0.1916,0.0084,0.0,0.4162,0.5838,0.5833333,85,313.2,0.75948286,0.23129663,0.009220516,0.00042924454,0.48751977,0.512051
no,1-butyl-4-methylpyridinium tetrafluoroborate,CCCC[n+]1ccc(C)cc1.F[B-](F)(F)F,[C4MPy][BF4],toluene,Cc1ccccc1,aromatic,n-heptane,CCCCCCC,alkane,0.7288,0.263,0.0082,0.0,0.5653,0.4347,0.6666667,85,313.2,0.71694463,0.2741649,0.008890507,0.0004981,0.57001835,0.4294835
no,1-butyl-4-methylpyridinium tetrafluoroborate,CCCC[n+]1ccc(C)cc1.F[B-](F)(F)F,[C4MPy][BF4],toluene,Cc1ccccc1,aromatic,n-heptane,CCCCCCC,alkane,0.6948,0.2982,0.007,0.0,0.6638,0.3362,0.75,85,313.2,0.6708286,0.3210472,0.008124244,0.00056972256,0.66174567,0.3376846
no,1-butyl-4-methylpyridinium tetrafluoroborate,CCCC[n+]1ccc(C)cc1.F[B-](F)(F)F,[C4MPy][BF4],toluene,Cc1ccccc1,aromatic,n-heptane,CCCCCCC,alkane,0.64,0.3538,0.0062,0.0,0.7759,0.2241,0.8333333,85,313.2,0.62278897,0.37030444,0.0069066216,0.0006246183,0.7584892,0.24088624
no,1-butyl-4-methylpyridinium tetrafluoroborate,CCCC[n+]1ccc(C)cc1.F[B-](F)(F)F,[C4MPy][BF4],toluene,Cc1ccccc1,aromatic,n-heptane,CCCCCCC,alkane,0.5463,0.4496,0.0041,0.0,0.9011,0.0989,0.9166667,85,313.2,0.5742716,0.42025125,0.0054771514,0.0006431559,0.8455335,0.15382336
no,1-butyl-4-methylpyridinium tetrafluoroborate,CCCC[n+]1ccc(C)cc1.F[B-](F)(F)F,[C4MPy][BF4],toluene,Cc1ccccc1,aromatic,n-heptane,CCCCCCC,alkane,0.4842,0.5158,0.0,0.0,1.0,0.0,1.0,85,313.2,0.5256333,0.47024712,0.004119517,0.0006222479,0.9102887,0.08908905
,3-methyl-N-butylpyridinium dicyanamide,CCCC[n+]1cccc(C)c1.N#CN=C=[N-],[C4MPy][N(CN)2],cumene,CC(C)c1ccccc1,aromatic,n-nonane,CCCCCCCCC,alkane,0.9922,0.0,0.0078,0.001,0.0,0.999,0.0,128,328.15,0.9733565,0.01162488,0.015018583,0.00012667115,0.034166694,0.96570665
,3-methyl-N-butylpyridinium dicyanamide,CCCC[n+]1cccc(C)c1.N#CN=C=[N-],[C4MPy][N(CN)2],cumene,CC(C)c1ccccc1,aromatic,n-nonane,CCCCCCCCC,alkane,0.9685,0.024,0.0075,0.002,0.082,0.916,0.11111111,128,328.15,0.95412946,0.03059612,0.0152743645,0.0001792708,0.08474849,0.9150723
,3-methyl-N-butylpyridinium dicyanamide,CCCC[n+]1cccc(C)c1.N#CN=C=[N-],[C4MPy][N(CN)2],cumene,CC(C)c1ccccc1,aromatic,n-nonane,CCCCCCCCC,alkane,0.9447,0.048,0.0073,0.001,0.178,0.821,0.22222222,128,328.15,0.9283603,0.056451727,0.015188018,0.00022811572,0.15934752,0.8404243
,3-methyl-N-butylpyridinium dicyanamide,CCCC[n+]1cccc(C)c1.N#CN=C=[N-],[C4MPy][N(CN)2],cumene,CC(C)c1ccccc1,aromatic,n-nonane,CCCCCCCCC,alkane,0.9242,0.069,0.0068,0.002,0.267,0.731,0.33333334,128,328.15,0.9061615,0.07896108,0.0148774665,0.00027509258,0.24227594,0.7574489
,3-methyl-N-butylpyridinium dicyanamide,CCCC[n+]1cccc(C)c1.N#CN=C=[N-],[C4MPy][N(CN)2],cumene,CC(C)c1ccccc1,aromatic,n-nonane,CCCCCCCCC,alkane,0.90430003,0.08900001,0.0067000003,0.002,0.358,0.64,0.44444445,128,328.15,0.8859469,0.099730365,0.014322749,0.0003318139,0.3335756,0.6660925
,3-methyl-N-butylpyridinium dicyanamide,CCCC[n+]1cccc(C)c1.N#CN=C=[N-],[C4MPy][N(CN)2],cumene,CC(C)c1ccccc1,aromatic,n-nonane,CCCCCCCCC,alkane,0.8837,0.11,0.0063,0.002,0.454,0.544,0.5555556,128,328.15,0.8649994,0.121550076,0.013450412,0.0004042733,0.43296185,0.5666339
,3-methyl-N-butylpyridinium dicyanamide,CCCC[n+]1cccc(C)c1.N#CN=C=[N-],[C4MPy][N(CN)2],cumene,CC(C)c1ccccc1,aromatic,n-nonane,CCCCCCCCC,alkane,0.8597,0.135,0.0053,0.001,0.56,0.439,0.6666667,128,328.15,0.8444894,0.14354797,0.011962652,0.00049207575,0.542864,0.45664388
,3-methyl-N-butylpyridinium dicyanamide,CCCC[n+]1cccc(C)c1.N#CN=C=[N-],[C4MPy][N(CN)2],cumene,CC(C)c1ccccc1,aromatic,n-nonane,CCCCCCCCC,alkane,0.8344,0.161,0.0046,0.001,0.655,0.344,0.7777778,128,328.15,0.82551146,0.16496176,0.00952678,0.00057602354,0.6753792,0.32404473
,3-methyl-N-butylpyridinium dicyanamide,CCCC[n+]1cccc(C)c1.N#CN=C=[N-],[C4MPy][N(CN)2],cumene,CC(C)c1ccccc1,aromatic,n-nonane,CCCCCCCCC,alkane,0.8218,0.175,0.0032,0.002,0.778,0.22,0.8888889,128,328.15,0.8079496,0.18541427,0.0066361185,0.00060386286,0.81193024,0.18746588
,3-methyl-N-butylpyridinium dicyanamide,CCCC[n+]1cccc(C)c1.N#CN=C=[N-],[C4MPy][N(CN)2],cumene,CC(C)c1ccccc1,aromatic,n-nonane,CCCCCCCCC,alkane,0.81560004,0.18200001,0.0024000003,0.001,0.841,0.158,1.0,128,328.15,0.7904061,0.20538524,0.0042086383,0.0005547517,0.9103344,0.08911078
,1-benzyl-3-methylimidazolium dicyanamide,C[n+]1ccn(Cc2ccccc2)c1.N#CN=C=[N-],[BzMIm][N(CN)2],toluene,Cc1ccccc1,aromatic,n-heptane,CCCCCCC,alkane,0.996,0.0,0.004,0.0,0.0,1.0,0.0,132,313.2,0.9805046,0.012428284,0.0070671258,7.961147e-05,0.030313449,0.9696069
,1-benzyl-3-methylimidazolium dicyanamide,C[n+]1ccn(Cc2ccccc2)c1.N#CN=C=[N-],[BzMIm][N(CN)2],toluene,Cc1ccccc1,aromatic,n-heptane,CCCCCCC,alkane,0.984,0.012,0.004,0.0,0.0403,0.9597,0.09090909,132,313.2,0.96280104,0.029681163,0.0075178277,0.00010847681,0.06537708,0.9345144
,1-benzyl-3-methylimidazolium dicyanamide,C[n+]1ccn(Cc2ccccc2)c1.N#CN=C=[N-],[BzMIm][N(CN)2],toluene,Cc1ccccc1,aromatic,n-heptane,CCCCCCC,alkane,0.9717,0.0244,0.0039,0.0,0.0846,0.9154,0.18181819,132,313.2,0.9334288,0.058706615,0.0078645805,0.00013731421,0.121344864,0.8785178
,1-benzyl-3-methylimidazolium dicyanamide,C[n+]1ccn(Cc2ccccc2)c1.N#CN=C=[N-],[BzMIm][N(CN)2],toluene,Cc1ccccc1,aromatic,n-heptane,CCCCCCC,alkane,0.9444,0.0519,0.0037,0.0,0.1839,0.8161,0.27272728,132,313.2,0.9005329,0.09129664,0.0081704,0.00016236684,0.188044,0.8117936
,1-benzyl-3-methylimidazolium dicyanamide,C[n+]1ccn(Cc2ccccc2)c1.N#CN=C=[N-],[BzMIm][N(CN)2],toluene,Cc1ccccc1,aromatic,n-heptane,CCCCCCC,alkane,0.9195,0.0768,0.0037,0.0,0.2766,0.7234,0.36363637,132,313.2,0.8709669,0.12056448,0.00846858,0.0001862131,0.25754502,0.74226886
,1-benzyl-3-methylimidazolium dicyanamide,C[n+]1ccn(Cc2ccccc2)c1.N#CN=C=[N-],[BzMIm][N(CN)2],toluene,Cc1ccccc1,aromatic,n-heptane,CCCCCCC,alkane,0.8806,0.116,0.0034,0.0,0.4172,0.5828,0.45454547,132,313.2,0.84155494,0.14975227,0.008692729,0.00021471687,0.3324497,0.66733557
,1-benzyl-3-methylimidazolium dicyanamide,C[n+]1ccn(Cc2ccccc2)c1.N#CN=C=[N-],[BzMIm][N(CN)2],toluene,Cc1ccccc1,aromatic,n-heptane,CCCCCCC,alkane,0.8519,0.1448,0.0033,0.0,0.5153,0.4847,0.54545456,132,313.2,0.8082375,0.18298207,0.00878039,0.00025049623,0.41433933,0.58541024
,1-benzyl-3-methylimidazolium dicyanamide,C[n+]1ccn(Cc2ccccc2)c1.N#CN=C=[N-],[BzMIm][N(CN)2],toluene,Cc1ccccc1,aromatic,n-heptane,CCCCCCC,alkane,0.8333,0.1637,0.003,0.0,0.5928,0.4072,0.6363636,132,313.2,0.77083105,0.2205015,0.008667467,0.00029567548,0.50045717,0.49924713
,1-benzyl-3-methylimidazolium dicyanamide,C[n+]1ccn(Cc2ccccc2)c1.N#CN=C=[N-],[BzMIm][N(CN)2],toluene,Cc1ccccc1,aromatic,n-heptane,CCCCCCC,alkane,0.79910004,0.19820002,0.0027000003,0.0,0.6794,0.3206,0.72727275,132,313.2,0.7305448,0.2612822,0.008173019,0.0003485353,0.59471697,0.40493447
,1-benzyl-3-methylimidazolium dicyanamide,C[n+]1ccn(Cc2ccccc2)c1.N#CN=C=[N-],[BzMIm][N(CN)2],toluene,Cc1ccccc1,aromatic,n-heptane,CCCCCCC,alkane,0.7745,0.2233,0.0022,0.0,0.7783,0.2217,0.8181818,132,313.2,0.6890763,0.3038016,0.0071221003,0.00040074068,0.7010799,0.2985194
,1-benzyl-3-methylimidazolium dicyanamide,C[n+]1ccn(Cc2ccccc2)c1.N#CN=C=[N-],[BzMIm][N(CN)2],toluene,Cc1ccccc1,aromatic,n-heptane,CCCCCCC,alkane,0.7472,0.2511,0.0017,0.0,0.8553,0.1447,0.90909094,132,313.2,0.6478983,0.34646833,0.005633288,0.00042930857,0.80822283,0.19134781
,1-benzyl-3-methylimidazolium dicyanamide,C[n+]1ccn(Cc2ccccc2)c1.N#CN=C=[N-],[BzMIm][N(CN)2],toluene,Cc1ccccc1,aromatic,n-heptane,CCCCCCC,alkane,0.6886,0.3114,0.0,0.0,1.0,0.0,1.0,132,313.2,0.6069035,0.3889942,0.0041023046,0.00042028286,0.8937921,0.10578762
,1-butyl-3-methylimidazolium thiocyanate,CCCCn1cc[n+](C)c1.N#C[S-],[C4MIm][SCN],toluene,Cc1ccccc1,aromatic,n-heptane,CCCCCCC,alkane,0.991,0.0,0.009,0.001,0.0,0.999,0.0,137,328.15,0.9874427,0.0029653015,0.009592022,4.536508e-05,0.01069799,0.98925656
,1-butyl-3-methylimidazolium thiocyanate,CCCCn1cc[n+](C)c1.N#C[S-],[C4MIm][SCN],toluene,Cc1ccccc1,aromatic,n-heptane,CCCCCCC,alkane,0.953,0.035,0.012,0.001,0.077,0.922,0.16666667,137,328.15,0.9758035,0.013600176,0.010596389,5.778441e-05,0.040792853,0.95914936
,1-butyl-3-methylimidazolium thiocyanate,CCCCn1cc[n+](C)c1.N#C[S-],[C4MIm][SCN],toluene,Cc1ccccc1,aromatic,n-heptane,CCCCCCC,alkane,0.932,0.059,0.009,0.001,0.153,0.846,0.33333334,137,328.15,0.9350809,0.056204848,0.008714192,8.7052664e-05,0.16278829,0.8371247
,1-butyl-3-methylimidazolium thiocyanate,CCCCn1cc[n+](C)c1.N#C[S-],[C4MIm][SCN],toluene,Cc1ccccc1,aromatic,n-heptane,CCCCCCC,alkane,0.86800003,0.12200001,0.010000001,0.001,0.335,0.664,0.5,137,328.15,0.8675403,0.12531456,0.007145058,0.00011557573,0.37490287,0.6249816
,1-butyl-3-methylimidazolium thiocyanate,CCCCn1cc[n+](C)c1.N#C[S-],[C4MIm][SCN],toluene,Cc1ccccc1,aromatic,n-heptane,CCCCCCC,alkane,0.81,0.183,0.007,0.001,0.548,0.451,0.6666667,137,328.15,0.8017011,0.19237025,0.005928615,0.00014991501,0.60009,0.3997601
,1-butyl-3-methylimidazolium thiocyanate,CCCCn1cc[n+](C)c1.N#C[S-],[C4MIm][SCN],toluene,Cc1ccccc1,aromatic,n-heptane,CCCCCCC,alkane,0.744,0.251,0.005,0.001,0.747,0.252,0.8333333,137,328.15,0.72047156,0.2754826,0.0040458753,0.00017384176,0.8280365,0.17178972
,1-butyl-3-methylimidazolium thiocyanate,CCCCn1cc[n+](C)c1.N#C[S-],[C4MIm][SCN],toluene,Cc1ccccc1,aromatic,n-heptane,CCCCCCC,alkane,0.622,0.378,0.0,0.001,0.999,0.0,1.0,137,328.15,0.6299039,0.3678875,0.0022086385,0.00016051796,0.9521375,0.04770208
,3-methyl-N-butylpyridinium trifluoromethanesulfonate,CCCC[n+]1cccc(C)c1.O=S(=O)([O-])C(F)(F)F,[C4MPy][B(CN)4],p-xylene,Cc1ccc(C)cc1,aromatic,n-octane,CCCCCCCC,alkane,0.9636,0.0,0.0364,0.0009,0.0,0.9991,0.0,161,328.2,0.9321047,0.045595013,0.022300242,0.00038336395,0.03876991,0.9608467
,3-methyl-N-butylpyridinium trifluoromethanesulfonate,CCCC[n+]1cccc(C)c1.O=S(=O)([O-])C(F)(F)F,[C4MPy][B(CN)4],p-xylene,Cc1ccc(C)cc1,aromatic,n-octane,CCCCCCCC,alkane,0.92390764,0.04059594,0.03549645,0.00129987,0.03659634,0.9621038,0.071428575,161,328.2,0.9006875,0.07645537,0.022857098,0.00048634494,0.06521422,0.9342994
,3-methyl-N-butylpyridinium trifluoromethanesulfonate,CCCC[n+]1cccc(C)c1.O=S(=O)([O-])C(F)(F)F,[C4MPy][B(CN)4],p-xylene,Cc1ccc(C)cc1,aromatic,n-octane,CCCCCCCC,alkane,0.8884111,0.074692525,0.036896307,0.0009,0.075,0.9241,0.14285715,161,328.2,0.8623346,0.11418746,0.023478001,0.00059189386,0.09997019,0.89943796
,3-methyl-N-butylpyridinium trifluoromethanesulfonate,CCCC[n+]1cccc(C)c1.O=S(=O)([O-])C(F)(F)F,[C4MPy][B(CN)4],p-xylene,Cc1ccc(C)cc1,aromatic,n-octane,CCCCCCCC,alkane,0.8485,0.1114,0.0401,0.00089991,0.11328867,0.88581145,0.21428572,161,328.2,0.8226846,0.15305874,0.02425662,0.000697145,0.13982464,0.85947824
,3-methyl-N-butylpyridinium trifluoromethanesulfonate,CCCC[n+]1cccc(C)c1.O=S(=O)([O-])C(F)(F)F,[C4MPy][B(CN)4],p-xylene,Cc1ccc(C)cc1,aromatic,n-octane,CCCCCCCC,alkane,0.8239,0.1387,0.0374,0.00129987,0.15248476,0.84621537,0.2857143,161,328.2,0.78404075,0.19072427,0.02523502,0.00080626167,0.18353891,0.8156549
,3-methyl-N-butylpyridinium trifluoromethanesulfonate,CCCC[n+]1cccc(C)c1.O=S(=O)([O-])C(F)(F)F,[C4MPy][B(CN)4],p-xylene,Cc1ccc(C)cc1,aromatic,n-octane,CCCCCCCC,alkane,0.7679,0.2001,0.032,0.00080008,0.2320232,0.7671767,0.35714287,161,328.2,0.74493915,0.22874044,0.026320364,0.00092777784,0.23138261,0.7676896
,3-methyl-N-butylpyridinium trifluoromethanesulfonate,CCCC[n+]1cccc(C)c1.O=S(=O)([O-])C(F)(F)F,[C4MPy][B(CN)4],p-xylene,Cc1ccc(C)cc1,aromatic,n-octane,CCCCCCCC,alkane,0.6990301,0.27047294,0.03049695,0.0008,0.3314,0.6678,0.42857143,161,328.2,0.7032226,0.2694005,0.02737688,0.0010683873,0.28370863,0.71522295
,3-methyl-N-butylpyridinium trifluoromethanesulfonate,CCCC[n+]1cccc(C)c1.O=S(=O)([O-])C(F)(F)F,[C4MPy][B(CN)4],p-xylene,Cc1ccc(C)cc1,aromatic,n-octane,CCCCCCCC,alkane,0.6520652,0.31853187,0.029402941,0.00080008,0.4039404,0.59525955,0.5,161,328.2,0.6576108,0.31416667,0.028222539,0.0012332898,0.34067166,0.658095
,3-methyl-N-butylpyridinium trifluoromethanesulfonate,CCCC[n+]1cccc(C)c1.O=S(=O)([O-])C(F)(F)F,[C4MPy][B(CN)4],p-xylene,Cc1ccc(C)cc1,aromatic,n-octane,CCCCCCCC,alkane,0.5952,0.3749,0.0299,0.00080008,0.4938494,0.50535053,0.5714286,161,328.2,0.60850567,0.36287573,0.028618582,0.0014272459,0.40307218,0.5955006
,3-methyl-N-butylpyridinium trifluoromethanesulfonate,CCCC[n+]1cccc(C)c1.O=S(=O)([O-])C(F)(F)F,[C4MPy][B(CN)4],p-xylene,Cc1ccc(C)cc1,aromatic,n-octane,CCCCCCCC,alkane,0.535,0.4399,0.0251,0.0012,0.6175,0.3813,0.64285713,161,328.2,0.55674505,0.41508862,0.028166289,0.0016512288,0.47398707,0.5243617
,3-methyl-N-butylpyridinium trifluoromethanesulfonate,CCCC[n+]1cccc(C)c1.O=S(=O)([O-])C(F)(F)F,[C4MPy][B(CN)4],p-xylene,Cc1ccc(C)cc1,aromatic,n-octane,CCCCCCCC,alkane,0.46510002,0.51280004,0.022100002,0.0012,0.7483,0.2505,0.71428573,161,328.2,0.5045422,0.46894953,0.026508246,0.0018886899,0.5557875,0.4423238
,3-methyl-N-butylpyridinium trifluoromethanesulfonate,CCCC[n+]1cccc(C)c1.O=S(=O)([O-])C(F)(F)F,[C4MPy][B(CN)4],p-xylene,Cc1ccc(C)cc1,aromatic,n-octane,CCCCCCCC,alkane,0.4304,0.5497,0.0199,0.00080008,0.79127914,0.2079208,0.78571427,161,328.2,0.45325887,0.5231377,0.02360341,0.0021010796,0.6477983,0.3501006
,3-methyl-N-butylpyridinium trifluoromethanesulfonate,CCCC[n+]1cccc(C)c1.O=S(=O)([O-])C(F)(F)F,[C4MPy][B(CN)4],p-xylene,Cc1ccc(C)cc1,aromatic,n-octane,CCCCCCCC,alkane,0.4227,0.5621,0.0152,0.0008,0.8496,0.1496,0.85714287,161,328.2,0.40428704,0.575776,0.019937016,0.0022405696,0.74095684,0.2568026
,3-methyl-N-butylpyridinium trifluoromethanesulfonate,CCCC[n+]1cccc(C)c1.O=S(=O)([O-])C(F)(F)F,[C4MPy][B(CN)4],p-xylene,Cc1ccc(C)cc1,aromatic,n-octane,CCCCCCCC,alkane,0.38946104,0.5987401,0.01179882,0.0008,0.9083,0.0909,0.9285714,161,328.2,0.3585513,0.6253565,0.0160922,0.0022748774,0.8232424,0.17448275
,3-methyl-N-butylpyridinium trifluoromethanesulfonate,CCCC[n+]1cccc(C)c1.O=S(=O)([O-])C(F)(F)F,[C4MPy][B(CN)4],p-xylene,Cc1ccc(C)cc1,aromatic,n-octane,CCCCCCCC,alkane,0.3358,0.6642,0.0,0.0008,0.9992,0.0,1.0,161,328.2,0.31781894,0.6695171,0.01266395,0.0022157787,0.88497454,0.11280966
,1-butyl-3-methylimidazolium tricyanomethanide,CCCCn1cc[n+](C)c1.N#CC(=C=[N-])C#N,[C4MIm][C(CN)3],toluene,Cc1ccccc1,aromatic,n-heptane,CCCCCCC,alkane,0.9826,0.0,0.0174,0.0,0.0,1.0,0.0,164,313.2,0.9802893,0.0049679116,0.014742764,3.262146e-05,0.010714656,0.9892526
,1-butyl-3-methylimidazolium tricyanomethanide,CCCCn1cc[n+](C)c1.N#CC(=C=[N-])C#N,[C4MIm][C(CN)3],toluene,Cc1ccccc1,aromatic,n-heptane,CCCCCCC,alkane,0.9661,0.0163,0.0176,0.0,0.0257,0.9743,0.1,164,313.2,0.97062856,0.014591962,0.014779528,4.7582005e-05,0.028569167,0.9713832
,1-butyl-3-methylimidazolium tricyanomethanide,CCCCn1cc[n+](C)c1.N#CC(=C=[N-])C#N,[C4MIm][C(CN)3],toluene,Cc1ccccc1,aromatic,n-heptane,CCCCCCC,alkane,0.9473,0.035,0.0177,0.0,0.052,0.948,0.2,164,313.2,0.9442122,0.04095273,0.014835034,6.651883e-05,0.07122461,0.92870885
,1-butyl-3-methylimidazolium tricyanomethanide,CCCCn1cc[n+](C)c1.N#CC(=C=[N-])C#N,[C4MIm][C(CN)3],toluene,Cc1ccccc1,aromatic,n-heptane,CCCCCCC,alkane,0.9009,0.0819,0.0172,0.0,0.1254,0.8746,0.3,164,313.2,0.89064455,0.094660744,0.014694683,8.5819775e-05,0.15032306,0.84959114
,1-butyl-3-methylimidazolium tricyanomethanide,CCCCn1cc[n+](C)c1.N#CC(=C=[N-])C#N,[C4MIm][C(CN)3],toluene,Cc1ccccc1,aromatic,n-heptane,CCCCCCC,alkane,0.8471,0.1357,0.0172,0.0,0.2125,0.7875,0.4,164,313.2,0.82406765,0.16143656,0.014495811,0.00010208378,0.25052476,0.74937314
,1-butyl-3-methylimidazolium tricyanomethanide,CCCCn1cc[n+](C)c1.N#CC(=C=[N-])C#N,[C4MIm][C(CN)3],toluene,Cc1ccccc1,aromatic,n-heptane,CCCCCCC,alkane,0.7705,0.2124,0.0171,0.0,0.3364,0.6636,0.5,164,313.2,0.76103336,0.22455145,0.014415239,0.00011810281,0.35426116,0.6456207
,1-butyl-3-methylimidazolium tricyanomethanide,CCCCn1cc[n+](C)c1.N#CC(=C=[N-])C#N,[C4MIm][C(CN)3],toluene,Cc1ccccc1,aromatic,n-heptane,CCCCCCC,alkane,0.7119,0.2717,0.0164,0.0,0.4318,0.5682,0.6,164,313.2,0.69552606,0.29023188,0.0142419785,0.00013795377,0.461505,0.538357
,1-butyl-3-methylimidazolium tricyanomethanide,CCCCn1cc[n+](C)c1.N#CC(=C=[N-])C#N,[C4MIm][C(CN)3],toluene,Cc1ccccc1,aromatic,n-heptane,CCCCCCC,alkane,0.662,0.3225,0.0155,0.0,0.5106,0.4894,0.7,164,313.2,0.6226108,0.36385337,0.013535842,0.00016291106,0.57351726,0.42631975
,1-butyl-3-methylimidazolium tricyanomethanide,CCCCn1cc[n+](C)c1.N#CC(=C=[N-])C#N,[C4MIm][C(CN)3],toluene,Cc1ccccc1,aromatic,n-heptane,CCCCCCC,alkane,0.563,0.4232,0.0138,0.0,0.6502,0.3498,0.8,164,313.2,0.54670775,0.44147193,0.011820292,0.00018937238,0.6929886,0.30682206
,1-butyl-3-methylimidazolium tricyanomethanide,CCCCn1cc[n+](C)c1.N#CC(=C=[N-])C#N,[C4MIm][C(CN)3],toluene,Cc1ccccc1,aromatic,n-heptane,CCCCCCC,alkane,0.5208,0.4678,0.0114,0.0,0.7476,0.2524,0.9,164,313.2,0.47237295,0.518527,0.009100093,0.00020458299,0.81335443,0.18644096
,1-butyl-3-methylimidazolium tricyanomethanide,CCCCn1cc[n+](C)c1.N#CC(=C=[N-])C#N,[C4MIm][C(CN)3],toluene,Cc1ccccc1,aromatic,n-heptane,CCCCCCC,alkane,0.4416,0.5492,0.0092,0.0,0.8335,0.1665,1.0,164,313.2,0.40234444,0.59147173,0.0061838916,0.00019889079,0.9067686,0.09303254
,1-methyl-3-octyl-imidazolium nitrate,CCCCCCCC[n+]1ccn(C)c1.O=[N+]([O-])[O-],[C8MIm][NO3],benzene,c1ccccc1,aromatic,n-hexane,CCCCCC,alkane,0.716,0.175,0.109,0.0,0.151,0.849,0.11111111,191,298.15,0.68623954,0.21446712,0.09929332,0.00023623853,0.16252443,0.8372393
,1-methyl-3-octyl-imidazolium nitrate,CCCCCCCC[n+]1ccn(C)c1.O=[N+]([O-])[O-],[C8MIm][NO3],benzene,c1ccccc1,aromatic,n-hexane,CCCCCC,alkane,0.602,0.306,0.092,0.0,0.325,0.675,0.33333334,191,298.15,0.6091149,0.29003918,0.100846015,0.00036251693,0.2619945,0.73764294
,1-methyl-3-octyl-imidazolium nitrate,CCCCCCCC[n+]1ccn(C)c1.O=[N+]([O-])[O-],[C8MIm][NO3],benzene,c1ccccc1,aromatic,n-hexane,CCCCCC,alkane,0.549,0.361,0.09,0.0,0.429,0.571,0.44444445,191,298.15,0.56863093,0.3307832,0.10058595,0.00044483715,0.31706607,0.68248904
,1-methyl-3-octyl-imidazolium nitrate,CCCCCCCC[n+]1ccn(C)c1.O=[N+]([O-])[O-],[C8MIm][NO3],benzene,c1ccccc1,aromatic,n-hexane,CCCCCC,alkane,0.487,0.421,0.092,0.0,0.525,0.475,0.6666667,191,298.15,0.48228908,0.42050683,0.097204074,0.0006540306,0.4328563,0.5664897
,1-methyl-3-octyl-imidazolium nitrate,CCCCCCCC[n+]1ccn(C)c1.O=[N+]([O-])[O-],[C8MIm][NO3],benzene,c1ccccc1,aromatic,n-hexane,CCCCCC,alkane,0.36,0.559,0.081,0.0,0.712,0.288,0.8888889,191,298.15,0.3919114,0.5173872,0.09070144,0.0009354468,0.5468499,0.4522146
,1-methyl-3-octyl-imidazolium nitrate,CCCCCCCC[n+]1ccn(C)c1.O=[N+]([O-])[O-],[C8MIm][NO3],benzene,c1ccccc1,aromatic,n-hexane,CCCCCC,alkane,0.717,0.167,0.116,0.0,0.145,0.855,0.0,191,298.15,0.7284436,0.17264028,0.09891614,0.00018870171,0.117635846,0.8821755
,1-methyl-3-octyl-imidazolium nitrate,CCCCCCCC[n+]1ccn(C)c1.O=[N+]([O-])[O-],[C8MIm][NO3],benzene,c1ccccc1,aromatic,n-hexane,CCCCCC,alkane,0.61300004,0.28100002,0.106000006,0.0,0.299,0.701,0.22222222,191,298.15,0.64745957,0.25213236,0.10040806,0.0002953153,0.21031892,0.7893858
,1-methyl-3-octyl-imidazolium nitrate,CCCCCCCC[n+]1ccn(C)c1.O=[N+]([O-])[O-],[C8MIm][NO3],benzene,c1ccccc1,aromatic,n-hexane,CCCCCC,alkane,0.521,0.388,0.091,0.0,0.459,0.541,0.5555556,191,298.15,0.52566326,0.37486234,0.09947445,0.0005451917,0.37469366,0.62476116
,1-methyl-3-octyl-imidazolium nitrate,CCCCCCCC[n+]1ccn(C)c1.O=[N+]([O-])[O-],[C8MIm][NO3],benzene,c1ccccc1,aromatic,n-hexane,CCCCCC,alkane,0.43,0.489,0.081,0.0,0.619,0.381,0.7777778,191,298.15,0.43682057,0.46882227,0.09435715,0.0007881462,0.49084747,0.50836444
,1-methyl-3-octyl-imidazolium nitrate,CCCCCCCC[n+]1ccn(C)c1.O=[N+]([O-])[O-],[C8MIm][NO3],benzene,c1ccccc1,aromatic,n-hexane,CCCCCC,alkane,0.338,0.599,0.063,0.0,0.807,0.193,1.0,191,298.15,0.34827295,0.56586087,0.08586612,0.0010967354,0.60306674,0.39583653
,1-methyl-3-octyl-imidazolium nitrate,CCCCCCCC[n+]1ccn(C)c1.O=[N+]([O-])[O-],[C8MIm][NO3],ethylbenzene,CCc1ccccc1,aromatic,n-octane,CCCCCCCC,alkane,0.814,0.11,0.076,0.0,0.163,0.837,0.0,199,298.15,0.8915791,0.057194535,0.05122633,0.00014943516,0.123480186,0.87637043
,1-methyl-3-octyl-imidazolium nitrate,CCCCCCCC[n+]1ccn(C)c1.O=[N+]([O-])[O-],[C8MIm][NO3],ethylbenzene,CCc1ccccc1,aromatic,n-octane,CCCCCCCC,alkane,0.81,0.115,0.075,0.0,0.166,0.834,0.11111111,199,298.15,0.8554018,0.09469308,0.04990516,0.00018501487,0.19716606,0.8026489
,1-methyl-3-octyl-imidazolium nitrate,CCCCCCCC[n+]1ccn(C)c1.O=[N+]([O-])[O-],[C8MIm][NO3],ethylbenzene,CCc1ccccc1,aromatic,n-octane,CCCCCCCC,alkane,0.754,0.18,0.066,0.0,0.304,0.696,0.22222222,199,298.15,0.82291526,0.12773155,0.04935319,0.00022112609,0.2675385,0.73224044
,1-methyl-3-octyl-imidazolium nitrate,CCCCCCCC[n+]1ccn(C)c1.O=[N+]([O-])[O-],[C8MIm][NO3],ethylbenzene,CCc1ccccc1,aromatic,n-octane,CCCCCCCC,alkane,0.747,0.198,0.055,0.0,0.358,0.642,0.33333334,199,298.15,0.79529124,0.15541503,0.049293686,0.0002641827,0.3333223,0.6664136
,1-methyl-3-octyl-imidazolium nitrate,CCCCCCCC[n+]1ccn(C)c1.O=[N+]([O-])[O-],[C8MIm][NO3],ethylbenzene,CCc1ccccc1,aromatic,n-octane,CCCCCCCC,alkane,0.709,0.237,0.054,0.0,0.457,0.543,0.44444445,199,298.15,0.76743346,0.18331008,0.049256437,0.0003197797,0.39930245,0.6003778
,1-methyl-3-octyl-imidazolium nitrate,CCCCCCCC[n+]1ccn(C)c1.O=[N+]([O-])[O-],[C8MIm][NO3],ethylbenzene,CCc1ccccc1,aromatic,n-octane,CCCCCCCC,alkane,0.691,0.254,0.055,0.0,0.479,0.521,0.5555556,199,298.15,0.73637223,0.21457765,0.04905009,0.00039130778,0.46599215,0.53361654
,1-methyl-3-octyl-imidazolium nitrate,CCCCCCCC[n+]1ccn(C)c1.O=[N+]([O-])[O-],[C8MIm][NO3],ethylbenzene,CCc1ccccc1,aromatic,n-octane,CCCCCCCC,alkane,0.67800003,0.27500004,0.047000002,0.0,0.557,0.443,0.6666667,199,298.15,0.70163643,0.24984248,0.048521046,0.00048132928,0.5321442,0.46737453
,1-methyl-3-octyl-imidazolium nitrate,CCCCCCCC[n+]1ccn(C)c1.O=[N+]([O-])[O-],[C8MIm][NO3],ethylbenzene,CCc1ccccc1,aromatic,n-octane,CCCCCCCC,alkane,0.646,0.314,0.04,0.0,0.645,0.355,0.7777778,199,298.15,0.6632669,0.2897358,0.046997335,0.00059137185,0.6020363,0.3973723
,1-methyl-3-octyl-imidazolium nitrate,CCCCCCCC[n+]1ccn(C)c1.O=[N+]([O-])[O-],[C8MIm][NO3],ethylbenzene,CCc1ccccc1,aromatic,n-octane,CCCCCCCC,alkane,0.58900005,0.37700003,0.034000006,0.0,0.772,0.228,0.8888889,199,298.15,0.6224183,0.33404157,0.043540128,0.0007102471,0.6804864,0.31880337
,1-methyl-3-octyl-imidazolium nitrate,CCCCCCCC[n+]1ccn(C)c1.O=[N+]([O-])[O-],[C8MIm][NO3],ethylbenzene,CCc1ccccc1,aromatic,n-octane,CCCCCCCC,alkane,0.573,0.4,0.027,0.0,0.82,0.18,1.0,199,298.15,0.57995605,0.38206545,0.0379785,0.00081232784,0.76509356,0.23409411
no,N-butylpyridinium nitrate,CCCC[n+]1ccccc1.O=[N+]([O-])[O-],[C4Py][NO3],ethylbenzene,CCc1ccccc1,aromatic,n-heptane,CCCCCCC,alkane,0.968,0.021,0.011,0.0,0.042,0.958,0.0,206,298.15,0.983315,0.010688354,0.005996667,2.067148e-05,0.032265466,0.96771383
no,N-butylpyridinium nitrate,CCCC[n+]1ccccc1.O=[N+]([O-])[O-],[C4Py][NO3],ethylbenzene,CCc1ccccc1,aromatic,n-heptane,CCCCCCC,alkane,0.957,0.033,0.01,0.0,0.087,0.913,0.11111111,206,298.15,0.96683586,0.02695908,0.0062051993,2.8531993e-05,0.07885241,0.92111903
no,N-butylpyridinium nitrate,CCCC[n+]1ccccc1.O=[N+]([O-])[O-],[C4Py][NO3],ethylbenzene,CCc1ccccc1,aromatic,n-heptane,CCCCCCC,alkane,0.938,0.053,0.009,0.0,0.18,0.82,0.22222222,206,298.15,0.94555944,0.048104655,0.00633601,3.601289e-05,0.14844185,0.8515221
no,N-butylpyridinium nitrate,CCCC[n+]1ccccc1.O=[N+]([O-])[O-],[C4Py][NO3],ethylbenzene,CCc1ccccc1,aromatic,n-heptane,CCCCCCC,alkane,0.926,0.066,0.008,0.0,0.281,0.719,0.33333334,206,298.15,0.92787933,0.06571737,0.0064033526,4.3853277e-05,0.22950734,0.7704488
no,N-butylpyridinium nitrate,CCCC[n+]1ccccc1.O=[N+]([O-])[O-],[C4Py][NO3],ethylbenzene,CCc1ccccc1,aromatic,n-heptane,CCCCCCC,alkane,0.914,0.079,0.007,0.0,0.379,0.621,0.44444445,206,298.15,0.9118833,0.081773266,0.0063433605,5.400634e-05,0.3255454,0.67440057
no,N-butylpyridinium nitrate,CCCC[n+]1ccccc1.O=[N+]([O-])[O-],[C4Py][NO3],ethylbenzene,CCc1ccccc1,aromatic,n-heptane,CCCCCCC,alkane,0.903,0.09,0.007,0.0,0.479,0.521,0.5555556,206,298.15,0.89462686,0.09924403,0.006129134,6.751224e-05,0.43667698,0.5632555
no,N-butylpyridinium nitrate,CCCC[n+]1ccccc1.O=[N+]([O-])[O-],[C4Py][NO3],ethylbenzene,CCc1ccccc1,aromatic,n-heptane,CCCCCCC,alkane,0.886,0.107,0.007,0.0,0.581,0.419,0.6666667,206,298.15,0.87624997,0.117970884,0.0057791914,8.463446e-05,0.5510249,0.44889042
no,N-butylpyridinium nitrate,CCCC[n+]1ccccc1.O=[N+]([O-])[O-],[C4Py][NO3],ethylbenzene,CCc1ccccc1,aromatic,n-heptane,CCCCCCC,alkane,0.86700004,0.12700002,0.0060000005,0.0,0.681,0.319,0.7777778,206,298.15,0.8571663,0.1376137,0.005220086,0.00010511931,0.6653006,0.3345943
no,N-butylpyridinium nitrate,CCCC[n+]1ccccc1.O=[N+]([O-])[O-],[C4Py][NO3],ethylbenzene,CCc1ccccc1,aromatic,n-heptane,CCCCCCC,alkane,0.84800005,0.14600001,0.0060000005,0.0,0.786,0.214,0.8888889,206,298.15,0.83790976,0.1577466,0.004343643,0.00012391944,0.7791977,0.22067836
no,N-butylpyridinium nitrate,CCCC[n+]1ccccc1.O=[N+]([O-])[O-],[C4Py][NO3],ethylbenzene,CCc1ccccc1,aromatic,n-heptane,CCCCCCC,alkane,0.819,0.176,0.005,0.0,0.891,0.109,1.0,206,298.15,0.81783444,0.1789094,0.0032561528,0.00013191665,0.87854993,0.121318154
no,N-butylpyridinium nitrate,CCCC[n+]1ccccc1.O=[N+]([O-])[O-],[C4Py][NO3],p-xylene,Cc1ccc(C)cc1,aromatic,n-decane,CCCCCCCCCC,alkane,0.962,0.029,0.009,0.0,0.038,0.962,0.0,211,298.15,0.9805387,0.014948898,0.004512429,4.7270747e-05,0.039896283,0.9600564
no,N-butylpyridinium nitrate,CCCC[n+]1ccccc1.O=[N+]([O-])[O-],[C4Py][NO3],p-xylene,Cc1ccc(C)cc1,aromatic,n-decane,CCCCCCCCCC,alkane,0.941,0.05,0.009,0.0,0.08,0.92,0.11111111,211,298.15,0.9582482,0.037171964,0.004579918,6.390069e-05,0.09492399,0.90501213
no,N-butylpyridinium nitrate,CCCC[n+]1ccccc1.O=[N+]([O-])[O-],[C4Py][NO3],p-xylene,Cc1ccc(C)cc1,aromatic,n-decane,CCCCCCCCCC,alkane,0.907,0.086,0.007,0.0,0.166,0.834,0.22222222,211,298.15,0.926198,0.069412306,0.00438961,8.164128e-05,0.18203416,0.8178842
no,N-butylpyridinium nitrate,CCCC[n+]1ccccc1.O=[N+]([O-])[O-],[C4Py][NO3],p-xylene,Cc1ccc(C)cc1,aromatic,n-decane,CCCCCCCCCC,alkane,0.883,0.111,0.006,0.0,0.262,0.738,0.33333334,211,298.15,0.8968884,0.098846644,0.0042649247,9.917584e-05,0.27786425,0.7220366
no,N-butylpyridinium nitrate,CCCC[n+]1ccccc1.O=[N+]([O-])[O-],[C4Py][NO3],p-xylene,Cc1ccc(C)cc1,aromatic,n-decane,CCCCCCCCCC,alkane,0.855,0.139,0.006,0.0,0.356,0.644,0.44444445,211,298.15,0.8713319,0.12447036,0.0041977633,0.00012072032,0.37536186,0.62451744
no,N-butylpyridinium nitrate,CCCC[n+]1ccccc1.O=[N+]([O-])[O-],[C4Py][NO3],p-xylene,Cc1ccc(C)cc1,aromatic,n-decane,CCCCCCCCCC,alkane,0.828,0.166,0.006,0.0,0.453,0.547,0.5555556,211,298.15,0.8449757,0.15090385,0.0041204435,0.00014958816,0.47471148,0.5251389
no,N-butylpyridinium nitrate,CCCC[n+]1ccccc1.O=[N+]([O-])[O-],[C4Py][NO3],p-xylene,Cc1ccc(C)cc1,aromatic,n-decane,CCCCCCCCCC,alkane,0.794,0.2,0.006,0.0,0.554,0.446,0.6666667,211,298.15,0.8170027,0.17900793,0.0039893812,0.00018779965,0.57030827,0.42950395
no,N-butylpyridinium nitrate,CCCC[n+]1ccccc1.O=[N+]([O-])[O-],[C4Py][NO3],p-xylene,Cc1ccc(C)cc1,aromatic,n-decane,CCCCCCCCCC,alkane,0.759,0.236,0.005,0.0,0.655,0.345,0.7777778,211,298.15,0.7873097,0.2089737,0.0037165554,0.00023590877,0.6658059,0.3339582
no,N-butylpyridinium nitrate,CCCC[n+]1ccccc1.O=[N+]([O-])[O-],[C4Py][NO3],p-xylene,Cc1ccc(C)cc1,aromatic,n-decane,CCCCCCCCCC,alkane,0.713,0.282,0.005,0.0,0.76,0.24,0.8888889,211,298.15,0.75628746,0.24050172,0.0032108745,0.00028525366,0.7646963,0.23501842
no,N-butylpyridinium nitrate,CCCC[n+]1ccccc1.O=[N+]([O-])[O-],[C4Py][NO3],p-xylene,Cc1ccc(C)cc1,aromatic,n-decane,CCCCCCCCCC,alkane,0.66400003,0.33200002,0.0040000007,0.0,0.874,0.126,1.0,211,298.15,0.72428936,0.27317482,0.0025357981,0.00032004644,0.85624987,0.14343011
,1-butyl-3-methylimidazolium hexafluorophosphate,CCCCn1cc[n+](C)c1.F[P-](F)(F)(F)(F)F,[C4MIm][PF6],o-xylene,Cc1ccccc1C,aromatic,n-octane,CCCCCCCC,alkane,0.9788,0.0151,0.0061,0.0,0.1064,0.8936,0.0,220,298.15,0.9739112,0.020556385,0.0055323774,1.6499489e-05,0.08407774,0.9159058
,1-butyl-3-methylimidazolium hexafluorophosphate,CCCCn1cc[n+](C)c1.F[P-](F)(F)(F)(F)F,[C4MIm][PF6],o-xylene,Cc1ccccc1C,aromatic,n-octane,CCCCCCCC,alkane,0.95470005,0.035400003,0.009900001,0.0,0.2012,0.7988,0.125,220,298.15,0.94351584,0.050615557,0.005868555,2.658608e-05,0.17400852,0.8259649
,1-butyl-3-methylimidazolium hexafluorophosphate,CCCCn1cc[n+](C)c1.F[P-](F)(F)(F)(F)F,[C4MIm][PF6],o-xylene,Cc1ccccc1C,aromatic,n-octane,CCCCCCCC,alkane,0.9325,0.0544,0.0131,0.0,0.3026,0.6974,0.25,220,298.15,0.9067554,0.08696369,0.0062808986,3.8439422e-05,0.2687424,0.7312192
,1-butyl-3-methylimidazolium hexafluorophosphate,CCCCn1cc[n+](C)c1.F[P-](F)(F)(F)(F)F,[C4MIm][PF6],o-xylene,Cc1ccccc1C,aromatic,n-octane,CCCCCCCC,alkane,0.90580004,0.07710001,0.017100003,0.0,0.3971,0.6029,0.375,220,298.15,0.87740827,0.11582943,0.006762333,5.3656255e-05,0.34608397,0.6538625
,1-butyl-3-methylimidazolium hexafluorophosphate,CCCCn1cc[n+](C)c1.F[P-](F)(F)(F)(F)F,[C4MIm][PF6],o-xylene,Cc1ccccc1C,aromatic,n-octane,CCCCCCCC,alkane,0.8862,0.0955,0.0183,0.0,0.4941,0.5059,0.5,220,298.15,0.85100335,0.14180535,0.007191305,7.574587e-05,0.41809946,0.5818248
,1-butyl-3-methylimidazolium hexafluorophosphate,CCCCn1cc[n+](C)c1.F[P-](F)(F)(F)(F)F,[C4MIm][PF6],o-xylene,Cc1ccccc1C,aromatic,n-octane,CCCCCCCC,alkane,0.8651865,0.11571156,0.019101908,0.0,0.595,0.405,0.625,220,298.15,0.82307804,0.16945264,0.0074693332,0.000107952386,0.4904015,0.5094906
,1-butyl-3-methylimidazolium hexafluorophosphate,CCCCn1cc[n+](C)c1.F[P-](F)(F)(F)(F)F,[C4MIm][PF6],o-xylene,Cc1ccccc1C,aromatic,n-octane,CCCCCCCC,alkane,0.8357,0.1451,0.0192,0.0,0.6956,0.3044,0.75,220,298.15,0.7932277,0.19919825,0.0075740777,0.00015459947,0.5612792,0.43856624
,1-butyl-3-methylimidazolium hexafluorophosphate,CCCCn1cc[n+](C)c1.F[P-](F)(F)(F)(F)F,[C4MIm][PF6],o-xylene,Cc1ccccc1C,aromatic,n-octane,CCCCCCCC,alkane,0.7963,0.1846,0.0191,0.0,0.7937,0.2063,0.875,220,298.15,0.76154524,0.23109473,0.0073601035,0.0002197467,0.63683796,0.36294228
,1-butyl-3-methylimidazolium hexafluorophosphate,CCCCn1cc[n+](C)c1.F[P-](F)(F)(F)(F)F,[C4MIm][PF6],o-xylene,Cc1ccccc1C,aromatic,n-octane,CCCCCCCC,alkane,0.7699,0.2111,0.019,0.0,0.8942,0.1058,1.0,220,298.15,0.7276234,0.2658345,0.006542025,0.00029822538,0.729887,0.2698148
,1-butyl-3-methylimidazolium hexafluorophosphate,CCCCn1cc[n+](C)c1.F[P-](F)(F)(F)(F)F,[C4MIm][PF6],n-propylbenzene,CCCc1ccccc1,aromatic,n-dodecane,CCCCCCCCCCCC,alkane,0.9351,0.0478,0.0171,0.0,0.1128,0.8872,0.0,224,333.0,0.9531419,0.039498553,0.007359457,2.9087372e-05,0.10173239,0.8982385
,1-butyl-3-methylimidazolium hexafluorophosphate,CCCCn1cc[n+](C)c1.F[P-](F)(F)(F)(F)F,[C4MIm][PF6],n-propylbenzene,CCCc1ccccc1,aromatic,n-dodecane,CCCCCCCCCCCC,alkane,0.8913,0.0912,0.0175,0.0,0.2029,0.7971,0.11111111,224,333.0,0.9119478,0.07973311,0.008319155,3.6147172e-05,0.1760617,0.82390213
,1-butyl-3-methylimidazolium hexafluorophosphate,CCCCn1cc[n+](C)c1.F[P-](F)(F)(F)(F)F,[C4MIm][PF6],n-propylbenzene,CCCc1ccccc1,aromatic,n-dodecane,CCCCCCCCCCCC,alkane,0.8507,0.1312,0.0181,0.0,0.2762,0.7238,0.22222222,224,333.0,0.8668533,0.12450761,0.008639033,4.4198816e-05,0.2571527,0.74280316
,1-butyl-3-methylimidazolium hexafluorophosphate,CCCCn1cc[n+](C)c1.F[P-](F)(F)(F)(F)F,[C4MIm][PF6],n-propylbenzene,CCCc1ccccc1,aromatic,n-dodecane,CCCCCCCCCCCC,alkane,0.8093,0.1722,0.0185,0.0,0.3352,0.6648,0.33333334,224,333.0,0.83156604,0.15951025,0.008923746,5.3963806e-05,0.32302362,0.67692244
,1-butyl-3-methylimidazolium hexafluorophosphate,CCCCn1cc[n+](C)c1.F[P-](F)(F)(F)(F)F,[C4MIm][PF6],n-propylbenzene,CCCc1ccccc1,aromatic,n-dodecane,CCCCCCCCCCCC,alkane,0.7746,0.2068,0.0186,0.0,0.3865,0.6135,0.44444445,224,333.0,0.80351746,0.18719076,0.009291792,6.7177476e-05,0.37575987,0.6241729
,1-butyl-3-methylimidazolium hexafluorophosphate,CCCCn1cc[n+](C)c1.F[P-](F)(F)(F)(F)F,[C4MIm][PF6],n-propylbenzene,CCCc1ccccc1,aromatic,n-dodecane,CCCCCCCCCCCC,alkane,0.741,0.2402,0.0188,0.0,0.4299,0.5701,0.5555556,224,333.0,0.7773559,0.2129736,0.009670509,8.562119e-05,0.4220661,0.5778483
,1-butyl-3-methylimidazolium hexafluorophosphate,CCCCn1cc[n+](C)c1.F[P-](F)(F)(F)(F)F,[C4MIm][PF6],n-propylbenzene,CCCc1ccccc1,aromatic,n-dodecane,CCCCCCCCCCCC,alkane,0.7123,0.2687,0.019,0.0,0.4684,0.5316,0.6666667,224,333.0,0.75187415,0.23812178,0.010004125,0.000110690075,0.46402684,0.53586245
,1-butyl-3-methylimidazolium hexafluorophosphate,CCCCn1cc[n+](C)c1.F[P-](F)(F)(F)(F)F,[C4MIm][PF6],n-propylbenzene,CCCc1ccccc1,aromatic,n-dodecane,CCCCCCCCCCCC,alkane,0.6816,0.2991,0.0193,0.0,0.5006,0.4994,0.7777778,224,333.0,0.7265989,0.26311216,0.010288959,0.00014483281,0.5026973,0.49715784
,1-butyl-3-methylimidazolium hexafluorophosphate,CCCCn1cc[n+](C)c1.F[P-](F)(F)(F)(F)F,[C4MIm][PF6],n-propylbenzene,CCCc1ccccc1,aromatic,n-dodecane,CCCCCCCCCCCC,alkane,0.65340006,0.32700002,0.019600002,0.0,0.5292,0.4708,0.8888889,224,333.0,0.7016581,0.28781047,0.010531403,0.00019059876,0.53806865,0.46174076
,1-butyl-3-methylimidazolium hexafluorophosphate,CCCCn1cc[n+](C)c1.F[P-](F)(F)(F)(F)F,[C4MIm][PF6],n-propylbenzene,CCCc1ccccc1,aromatic,n-dodecane,CCCCCCCCCCCC,alkane,0.6276,0.3528,0.0196,0.0,0.5547,0.4453,1.0,224,333.0,0.677856,0.31144094,0.010703031,0.00025315187,0.57247776,0.42726907
,1-butyl-3-methylimidazolium methylsulfate,CCCCn1cc[n+](C)c1.COS(=O)(=O)[O-],[C4MIm][MeSO4],toluene,Cc1ccccc1,aromatic,n-heptane,CCCCCCC,alkane,0.9843,0.0041,0.0116,0.0,0.0178,0.9822,0.0,254,348.2,0.9804982,0.0073030004,0.012198842,0.000466196,0.0143983895,0.9851354
,1-butyl-3-methylimidazolium methylsulfate,CCCCn1cc[n+](C)c1.COS(=O)(=O)[O-],[C4MIm][MeSO4],toluene,Cc1ccccc1,aromatic,n-heptane,CCCCCCC,alkane,0.97040004,0.018900001,0.010700001,1e-04,0.0562,0.9437,0.1,254,348.2,0.9710779,0.017124653,0.011797461,0.0006318199,0.034517508,0.9648507
,1-butyl-3-methylimidazolium methylsulfate,CCCCn1cc[n+](C)c1.COS(=O)(=O)[O-],[C4MIm][MeSO4],toluene,Cc1ccccc1,aromatic,n-heptane,CCCCCCC,alkane,0.96070004,0.029000001,0.010300001,0.0,0.0918,0.9082,0.2,254,348.2,0.95492244,0.033686645,0.011390835,0.0008193099,0.07212514,0.9270555
,1-butyl-3-methylimidazolium methylsulfate,CCCCn1cc[n+](C)c1.COS(=O)(=O)[O-],[C4MIm][MeSO4],toluene,Cc1ccccc1,aromatic,n-heptane,CCCCCCC,alkane,0.94640005,0.042600002,0.011000001,0.0026,0.1359,0.8615,0.3,254,348.2,0.9349592,0.0539805,0.011060314,0.001027757,0.12864986,0.8703224
,1-butyl-3-methylimidazolium methylsulfate,CCCCn1cc[n+](C)c1.COS(=O)(=O)[O-],[C4MIm][MeSO4],toluene,Cc1ccccc1,aromatic,n-heptane,CCCCCCC,alkane,0.9423,0.0476,0.0101,0.0,0.1528,0.8472,0.4,254,348.2,0.9132052,0.07606794,0.010726918,0.0012723218,0.20559452,0.7931332
,1-butyl-3-methylimidazolium methylsulfate,CCCCn1cc[n+](C)c1.COS(=O)(=O)[O-],[C4MIm][MeSO4],toluene,Cc1ccccc1,aromatic,n-heptane,CCCCCCC,alkane,0.89750004,0.09260001,0.009900001,0.0,0.3008,0.6992,0.5,254,348.2,0.8874701,0.10239575,0.010134206,0.0015970722,0.31372285,0.6846801
,1-butyl-3-methylimidazolium methylsulfate,CCCCn1cc[n+](C)c1.COS(=O)(=O)[O-],[C4MIm][MeSO4],toluene,Cc1ccccc1,aromatic,n-heptane,CCCCCCC,alkane,0.8595,0.1313,0.0092,0.0,0.4366,0.5634,0.6,254,348.2,0.8553277,0.13578194,0.008890316,0.001976488,0.46979234,0.52823114
,1-butyl-3-methylimidazolium methylsulfate,CCCCn1cc[n+](C)c1.COS(=O)(=O)[O-],[C4MIm][MeSO4],toluene,Cc1ccccc1,aromatic,n-heptane,CCCCCCC,alkane,0.822,0.1684,0.0096,0.0065,0.5494,0.4441,0.7,254,348.2,0.81520414,0.17781724,0.0069785407,0.0022319017,0.66489047,0.33287764
,1-butyl-3-methylimidazolium methylsulfate,CCCCn1cc[n+](C)c1.COS(=O)(=O)[O-],[C4MIm][MeSO4],toluene,Cc1ccccc1,aromatic,n-heptane,CCCCCCC,alkane,0.7684,0.2245,0.0071,0.0039,0.7075,0.2886,0.8,254,348.2,0.76659495,0.22843537,0.004969705,0.0021522776,0.83267164,0.16517606
,1-butyl-3-methylimidazolium methylsulfate,CCCCn1cc[n+](C)c1.COS(=O)(=O)[O-],[C4MIm][MeSO4],toluene,Cc1ccccc1,aromatic,n-heptane,CCCCCCC,alkane,0.7569,0.2387,0.0044,0.0003,0.8243,0.1754,0.9,254,348.2,0.7101122,0.28652894,0.0033588714,0.0018437457,0.9283814,0.0697749
,1-butyl-3-methylimidazolium methylsulfate,CCCCn1cc[n+](C)c1.COS(=O)(=O)[O-],[C4MIm][MeSO4],toluene,Cc1ccccc1,aromatic,n-heptane,CCCCCCC,alkane,0.6568,0.3431,1e-04,0.0,0.9967,0.0033,1.0,254,348.2,0.6508793,0.34684718,0.0022734618,0.0015397693,0.96946543,0.028994808
,3-methyl-N-ethylpyridinium ethylsulfate,CCOS(=O)(=O)[O-].CC[n+]1cccc(C)c1,[C2MPy][EtSO4],toluene,Cc1ccccc1,aromatic,n-nonane,CCCCCCCCC,alkane,0.956,0.041,0.003,0.0,0.122,0.878,0.0,300,298.15,0.9636158,0.0331416,0.0032425562,5.692984e-05,0.09449294,0.90545017
,3-methyl-N-ethylpyridinium ethylsulfate,CCOS(=O)(=O)[O-].CC[n+]1cccc(C)c1,[C2MPy][EtSO4],toluene,Cc1ccccc1,aromatic,n-nonane,CCCCCCCCC,alkane,0.929,0.068,0.003,0.0,0.185,0.815,0.14285715,300,298.15,0.9322014,0.064293504,0.003505136,6.753301e-05,0.17693768,0.82299477
,3-methyl-N-ethylpyridinium ethylsulfate,CCOS(=O)(=O)[O-].CC[n+]1cccc(C)c1,[C2MPy][EtSO4],toluene,Cc1ccccc1,aromatic,n-nonane,CCCCCCCCC,alkane,0.909,0.088,0.003,0.0,0.246,0.754,0.2857143,300,298.15,0.9058514,0.09038815,0.0037604354,7.610763e-05,0.2577289,0.742195
,3-methyl-N-ethylpyridinium ethylsulfate,CCOS(=O)(=O)[O-].CC[n+]1cccc(C)c1,[C2MPy][EtSO4],toluene,Cc1ccccc1,aromatic,n-nonane,CCCCCCCCC,alkane,0.864,0.133,0.003,0.0,0.37,0.63,0.42857143,300,298.15,0.878722,0.11737276,0.0039052856,8.8303386e-05,0.34551957,0.6543921
,3-methyl-N-ethylpyridinium ethylsulfate,CCOS(=O)(=O)[O-].CC[n+]1cccc(C)c1,[C2MPy][EtSO4],toluene,Cc1ccccc1,aromatic,n-nonane,CCCCCCCCC,alkane,0.824,0.173,0.003,0.0,0.5,0.5,0.5714286,300,298.15,0.84849143,0.14761612,0.0038925088,0.00010674214,0.438694,0.56119925
,3-methyl-N-ethylpyridinium ethylsulfate,CCOS(=O)(=O)[O-].CC[n+]1cccc(C)c1,[C2MPy][EtSO4],toluene,Cc1ccccc1,aromatic,n-nonane,CCCCCCCCC,alkane,0.778,0.219,0.003,0.0,0.63,0.37,0.71428573,300,298.15,0.81632435,0.17998677,0.003688908,0.00013391039,0.5369901,0.46287602
,3-methyl-N-ethylpyridinium ethylsulfate,CCOS(=O)(=O)[O-].CC[n+]1cccc(C)c1,[C2MPy][EtSO4],toluene,Cc1ccccc1,aromatic,n-nonane,CCCCCCCCC,alkane,0.745,0.252,0.003,0.0,0.754,0.246,0.85714287,300,298.15,0.78362054,0.21324618,0.0031331982,0.00016709133,0.6589444,0.34088853
,3-methyl-N-ethylpyridinium ethylsulfate,CCOS(=O)(=O)[O-].CC[n+]1cccc(C)c1,[C2MPy][EtSO4],toluene,Cc1ccccc1,aromatic,n-nonane,CCCCCCCCC,alkane,0.702,0.296,0.002,0.0,0.883,0.117,1.0,300,298.15,0.75018066,0.24755232,0.0022670166,0.00018870606,0.8007284,0.19908296
,3-methyl-N-ethylpyridinium ethylsulfate,CCOS(=O)(=O)[O-].CC[n+]1cccc(C)c1,[C2MPy][EtSO4],ethylbenzene,CCc1ccccc1,aromatic,n-hexane,CCCCCC,alkane,0.982,0.01,0.008,0.0,0.082,0.918,0.0,301,298.15,0.9771,0.011721856,0.011178062,4.664004e-05,0.053737592,0.9462158
,3-methyl-N-ethylpyridinium ethylsulfate,CCOS(=O)(=O)[O-].CC[n+]1cccc(C)c1,[C2MPy][EtSO4],ethylbenzene,CCc1ccccc1,aromatic,n-hexane,CCCCCC,alkane,0.976,0.017,0.007,0.0,0.137,0.863,0.16666667,301,298.15,0.95240045,0.035942547,0.011656997,7.1801915e-05,0.14406724,0.85586095
,3-methyl-N-ethylpyridinium ethylsulfate,CCOS(=O)(=O)[O-].CC[n+]1cccc(C)c1,[C2MPy][EtSO4],ethylbenzene,CCc1ccccc1,aromatic,n-hexane,CCCCCC,alkane,0.964,0.029,0.007,0.0,0.197,0.803,0.33333334,301,298.15,0.92817056,0.05972327,0.012106226,9.553873e-05,0.24304163,0.7568628
,3-methyl-N-ethylpyridinium ethylsulfate,CCOS(=O)(=O)[O-].CC[n+]1cccc(C)c1,[C2MPy][EtSO4],ethylbenzene,CCc1ccccc1,aromatic,n-hexane,CCCCCC,alkane,0.95100003,0.043000005,0.0060000005,0.0,0.262,0.738,0.5,301,298.15,0.9059369,0.08185517,0.012207909,0.00012816247,0.34932703,0.65054476
,3-methyl-N-ethylpyridinium ethylsulfate,CCOS(=O)(=O)[O-].CC[n+]1cccc(C)c1,[C2MPy][EtSO4],ethylbenzene,CCc1ccccc1,aromatic,n-hexane,CCCCCC,alkane,0.937,0.058,0.005,0.0,0.336,0.664,0.6666667,301,298.15,0.87944764,0.10878459,0.011767828,0.00017865731,0.47021252,0.5296088
,3-methyl-N-ethylpyridinium ethylsulfate,CCOS(=O)(=O)[O-].CC[n+]1cccc(C)c1,[C2MPy][EtSO4],ethylbenzene,CCc1ccccc1,aromatic,n-hexane,CCCCCC,alkane,0.899,0.098,0.003,0.0,0.542,0.458,0.8333333,301,298.15,0.84878135,0.14118595,0.010032612,0.00025085232,0.62646675,0.37328237
,3-methyl-N-ethylpyridinium ethylsulfate,CCOS(=O)(=O)[O-].CC[n+]1cccc(C)c1,[C2MPy][EtSO4],ethylbenzene,CCc1ccccc1,aromatic,n-hexane,CCCCCC,alkane,0.882,0.116,0.002,0.0,0.657,0.343,1.0,301,298.15,0.8130721,0.18016647,0.0067614773,0.0003035968,0.816501,0.18319541
,3-methyl-N-ethylpyridinium ethylsulfate,CCOS(=O)(=O)[O-].CC[n+]1cccc(C)c1,[C2MPy][EtSO4],m-xylene,Cc1cccc(C)c1,aromatic,n-hexane,CCCCCC,alkane,0.966,0.02,0.014,0.0,0.066,0.934,0.0,303,298.15,0.97688556,0.011736128,0.0113783,7.7270175e-05,0.051040083,0.9488827
,3-methyl-N-ethylpyridinium ethylsulfate,CCOS(=O)(=O)[O-].CC[n+]1cccc(C)c1,[C2MPy][EtSO4],m-xylene,Cc1cccc(C)c1,aromatic,n-hexane,CCCCCC,alkane,0.955,0.032,0.013,0.0,0.124,0.876,0.14285715,303,298.15,0.95643723,0.032639984,0.010922741,0.00011216164,0.13102625,0.86886156
,3-methyl-N-ethylpyridinium ethylsulfate,CCOS(=O)(=O)[O-].CC[n+]1cccc(C)c1,[C2MPy][EtSO4],m-xylene,Cc1cccc(C)c1,aromatic,n-hexane,CCCCCC,alkane,0.933,0.056,0.011,0.0,0.26,0.74,0.2857143,303,298.15,0.93252534,0.056928813,0.01054587,0.00014861439,0.23437639,0.76547503
,3-methyl-N-ethylpyridinium ethylsulfate,CCOS(=O)(=O)[O-].CC[n+]1cccc(C)c1,[C2MPy][EtSO4],m-xylene,Cc1cccc(C)c1,aromatic,n-hexane,CCCCCC,alkane,0.917,0.073,0.01,0.0,0.356,0.644,0.42857143,303,298.15,0.91262966,0.07711888,0.010251444,0.00019631059,0.34290427,0.6568994
,3-methyl-N-ethylpyridinium ethylsulfate,CCOS(=O)(=O)[O-].CC[n+]1cccc(C)c1,[C2MPy][EtSO4],m-xylene,Cc1cccc(C)c1,aromatic,n-hexane,CCCCCC,alkane,0.895,0.097,0.008,0.0,0.495,0.505,0.5714286,303,298.15,0.89053756,0.09973777,0.009724723,0.00026893103,0.46732315,0.5324079
,3-methyl-N-ethylpyridinium ethylsulfate,CCOS(=O)(=O)[O-].CC[n+]1cccc(C)c1,[C2MPy][EtSO4],m-xylene,Cc1cccc(C)c1,aromatic,n-hexane,CCCCCC,alkane,0.874,0.12,0.006,0.0,0.651,0.349,0.71428573,303,298.15,0.86419183,0.12744887,0.0083592925,0.00036714296,0.6231748,0.37645814
,3-methyl-N-ethylpyridinium ethylsulfate,CCOS(=O)(=O)[O-].CC[n+]1cccc(C)c1,[C2MPy][EtSO4],m-xylene,Cc1cccc(C)c1,aromatic,n-hexane,CCCCCC,alkane,0.861,0.135,0.004,0.0,0.783,0.217,0.85714287,303,298.15,0.83359927,0.16037221,0.0060284776,0.00044607103,0.79861706,0.20093682
,3-methyl-N-ethylpyridinium ethylsulfate,CCOS(=O)(=O)[O-].CC[n+]1cccc(C)c1,[C2MPy][EtSO4],m-xylene,Cc1cccc(C)c1,aromatic,n-hexane,CCCCCC,alkane,0.855,0.143,0.002,0.0,0.912,0.088,1.0,303,298.15,0.79870546,0.19747603,0.00381851,0.00045534634,0.91907835,0.08046634
,3-methyl-N-ethylpyridinium ethylsulfate,CCOS(=O)(=O)[O-].CC[n+]1cccc(C)c1,[C2MPy][EtSO4],p-xylene,Cc1ccc(C)cc1,aromatic,n-heptane,CCCCCCC,alkane,0.9743,0.0199,0.0058,0.0,0.0896,0.9104,0.0,305,313.15,0.97907984,0.013665145,0.0072550816,6.212644e-05,0.06310023,0.93683773
,3-methyl-N-ethylpyridinium ethylsulfate,CCOS(=O)(=O)[O-].CC[n+]1cccc(C)c1,[C2MPy][EtSO4],p-xylene,Cc1ccc(C)cc1,aromatic,n-heptane,CCCCCCC,alkane,0.9533,0.0409,0.0058,0.0,0.2008,0.7992,0.125,305,313.15,0.9605701,0.032545548,0.006884232,8.436886e-05,0.14304855,0.8568671
,3-methyl-N-ethylpyridinium ethylsulfate,CCOS(=O)(=O)[O-].CC[n+]1cccc(C)c1,[C2MPy][EtSO4],p-xylene,Cc1ccc(C)cc1,aromatic,n-heptane,CCCCCCC,alkane,0.932,0.0626,0.0054,0.0,0.3127,0.6873,0.25,305,313.15,0.9399308,0.05352504,0.006544229,0.00010620225,0.24126957,0.75862426
,3-methyl-N-ethylpyridinium ethylsulfate,CCOS(=O)(=O)[O-].CC[n+]1cccc(C)c1,[C2MPy][EtSO4],p-xylene,Cc1ccc(C)cc1,aromatic,n-heptane,CCCCCCC,alkane,0.9168,0.0772,0.006,0.0,0.406,0.594,0.375,305,313.15,0.92326605,0.07049842,0.006235571,0.00013234022,0.34098092,0.65888673
,3-methyl-N-ethylpyridinium ethylsulfate,CCOS(=O)(=O)[O-].CC[n+]1cccc(C)c1,[C2MPy][EtSO4],p-xylene,Cc1ccc(C)cc1,aromatic,n-heptane,CCCCCCC,alkane,0.9006,0.0947,0.0047,0.0,0.4998,0.5002,0.5,305,313.15,0.9064663,0.087668926,0.005864688,0.0001697301,0.44829047,0.55153984
,3-methyl-N-ethylpyridinium ethylsulfate,CCOS(=O)(=O)[O-].CC[n+]1cccc(C)c1,[C2MPy][EtSO4],p-xylene,Cc1ccc(C)cc1,aromatic,n-heptane,CCCCCCC,alkane,0.8817,0.115,0.0033,0.0,0.6129,0.3871,0.625,305,313.15,0.88756365,0.10715149,0.005284879,0.00022094058,0.56762105,0.43215805
,3-methyl-N-ethylpyridinium ethylsulfate,CCOS(=O)(=O)[O-].CC[n+]1cccc(C)c1,[C2MPy][EtSO4],p-xylene,Cc1ccc(C)cc1,aromatic,n-heptane,CCCCCCC,alkane,0.8582,0.129,0.0128,0.0,0.6987,0.3013,0.75,305,313.15,0.86695176,0.12874773,0.0043005045,0.00027716233,0.7058348,0.293888
,3-methyl-N-ethylpyridinium ethylsulfate,CCOS(=O)(=O)[O-].CC[n+]1cccc(C)c1,[C2MPy][EtSO4],p-xylene,Cc1ccc(C)cc1,aromatic,n-heptane,CCCCCCC,alkane,0.8453,0.1471,0.0076,0.0,0.8089,0.1911,0.875,305,313.15,0.8451269,0.15180144,0.00307164,0.000311055,0.8396119,0.16007705
,3-methyl-N-ethylpyridinium ethylsulfate,CCOS(=O)(=O)[O-].CC[n+]1cccc(C)c1,[C2MPy][EtSO4],p-xylene,Cc1ccc(C)cc1,aromatic,n-heptane,CCCCCCC,alkane,0.8191,0.1712,0.0097,0.0,0.8879,0.1121,1.0,305,313.15,0.8232552,0.17472145,0.002023303,0.00031037672,0.9267398,0.072949745
,1-butyl-3-methylimidazolium methylsulfate,CCCCn1cc[n+](C)c1.COS(=O)(=O)[O-],[C4MIm][MeSO4],ethylbenzene,CCc1ccccc1,aromatic,cyclohexene,C1=CCCCC1,alkene,0.929,0.0,0.071,0.0,0.0,1.0,0.0,323,298.15,0.93584627,0.01294258,0.051211137,4.400033e-05,0.087330125,0.9126259
,1-butyl-3-methylimidazolium methylsulfate,CCCCn1cc[n+](C)c1.COS(=O)(=O)[O-],[C4MIm][MeSO4],ethylbenzene,CCc1ccccc1,aromatic,cyclohexene,C1=CCCCC1,alkene,0.906,0.038,0.056,0.0,0.099,0.901,0.1,323,298.15,0.9233293,0.025823459,0.05084726,4.9197948e-05,0.1505436,0.8494072
,1-butyl-3-methylimidazolium methylsulfate,CCCCn1cc[n+](C)c1.COS(=O)(=O)[O-],[C4MIm][MeSO4],ethylbenzene,CCc1ccccc1,aromatic,cyclohexene,C1=CCCCC1,alkene,0.899,0.047,0.054,0.0,0.147,0.853,0.2,323,298.15,0.91128063,0.040933117,0.04778633,5.466784e-05,0.22386502,0.77608025
,1-butyl-3-methylimidazolium methylsulfate,CCCCn1cc[n+](C)c1.COS(=O)(=O)[O-],[C4MIm][MeSO4],ethylbenzene,CCc1ccccc1,aromatic,cyclohexene,C1=CCCCC1,alkene,0.889,0.062,0.049,0.0,0.2,0.8,0.3,323,298.15,0.90114474,0.05381112,0.0450441,6.093071e-05,0.29214558,0.70779353
,1-butyl-3-methylimidazolium methylsulfate,CCCCn1cc[n+](C)c1.COS(=O)(=O)[O-],[C4MIm][MeSO4],ethylbenzene,CCc1ccccc1,aromatic,cyclohexene,C1=CCCCC1,alkene,0.885,0.067,0.048,0.0,0.258,0.742,0.4,323,298.15,0.8926122,0.06478409,0.042603765,7.0039794e-05,0.35770863,0.64222133
,1-butyl-3-methylimidazolium methylsulfate,CCCCn1cc[n+](C)c1.COS(=O)(=O)[O-],[C4MIm][MeSO4],ethylbenzene,CCc1ccccc1,aromatic,cyclohexene,C1=CCCCC1,alkene,0.878,0.079,0.043,0.0,0.308,0.692,0.5,323,298.15,0.88451254,0.075400986,0.040086444,8.353553e-05,0.42514747,0.574769
,1-butyl-3-methylimidazolium methylsulfate,CCCCn1cc[n+](C)c1.COS(=O)(=O)[O-],[C4MIm][MeSO4],ethylbenzene,CCc1ccccc1,aromatic,cyclohexene,C1=CCCCC1,alkene,0.86,0.104,0.036,0.0,0.421,0.579,0.6,323,298.15,0.87663126,0.08618159,0.037187137,0.00010294014,0.4957459,0.50415117
,1-butyl-3-methylimidazolium methylsulfate,CCCCn1cc[n+](C)c1.COS(=O)(=O)[O-],[C4MIm][MeSO4],ethylbenzene,CCc1ccccc1,aromatic,cyclohexene,C1=CCCCC1,alkene,0.85,0.113,0.037,0.0,0.54,0.46,0.7,323,298.15,0.86953396,0.0972596,0.03320652,0.00012936922,0.57668716,0.4231834
,1-butyl-3-methylimidazolium methylsulfate,CCCCn1cc[n+](C)c1.COS(=O)(=O)[O-],[C4MIm][MeSO4],ethylbenzene,CCc1ccccc1,aromatic,cyclohexene,C1=CCCCC1,alkene,0.835,0.137,0.028,0.0,0.673,0.327,0.8,323,298.15,0.8633178,0.109131254,0.027550902,0.00016055866,0.67719966,0.32263973
,1-butyl-3-methylimidazolium methylsulfate,CCCCn1cc[n+](C)c1.COS(=O)(=O)[O-],[C4MIm][MeSO4],ethylbenzene,CCc1ccccc1,aromatic,cyclohexene,C1=CCCCC1,alkene,0.826,0.156,0.018,0.0,0.82,0.18,0.9,323,298.15,0.8571238,0.1220429,0.020833317,0.00018886097,0.78826493,0.21154621
,1-butyl-3-methylimidazolium methylsulfate,CCCCn1cc[n+](C)c1.COS(=O)(=O)[O-],[C4MIm][MeSO4],ethylbenzene,CCc1ccccc1,aromatic,cyclohexene,C1=CCCCC1,alkene,0.811,0.189,0.0,0.0,1.0,0.0,1.0,323,298.15,0.85010684,0.13509315,0.01480002,0.0002071404,0.87851423,0.12127863
no,1-methyl-3-propylimidazolium bis(trifluoromethylsulfonyl)imide,CCCn1cc[n+](C)c1.O=S(=O)([N-]S(=O)(=O)C(F)(F)F)C(F)(F)F,[C3MIm][NTf2],benzene,c1ccccc1,aromatic,cyclooctane,C1CCCCCCC1,cycloalkane,0.965,0.0,0.035,0.0,0.0,1.0,0.0,337,298.15,0.8103656,0.05950882,0.13012566,0.00076490565,0.03458373,0.96465135
no,1-methyl-3-propylimidazolium bis(trifluoromethylsulfonyl)imide,CCCn1cc[n+](C)c1.O=S(=O)([N-]S(=O)(=O)C(F)(F)F)C(F)(F)F,[C3MIm][NTf2],benzene,c1ccccc1,aromatic,cyclooctane,C1CCCCCCC1,cycloalkane,0.884,0.065,0.051,0.0,0.031,0.969,0.09090909,337,298.15,0.7619581,0.111732915,0.1263089,0.0009682017,0.06599715,0.9330346
no,1-methyl-3-propylimidazolium bis(trifluoromethylsulfonyl)imide,CCCn1cc[n+](C)c1.O=S(=O)([N-]S(=O)(=O)C(F)(F)F)C(F)(F)F,[C3MIm][NTf2],benzene,c1ccccc1,aromatic,cyclooctane,C1CCCCCCC1,cycloalkane,0.8,0.145,0.055,0.0,0.083,0.917,0.18181819,337,298.15,0.7045795,0.17362797,0.12179256,0.0011531047,0.108728625,0.89011824
no,1-methyl-3-propylimidazolium bis(trifluoromethylsulfonyl)imide,CCCn1cc[n+](C)c1.O=S(=O)([N-]S(=O)(=O)C(F)(F)F)C(F)(F)F,[C3MIm][NTf2],benzene,c1ccccc1,aromatic,cyclooctane,C1CCCCCCC1,cycloalkane,0.735,0.205,0.06,0.0,0.131,0.869,0.27272728,337,298.15,0.6511726,0.23071659,0.11811088,0.0013171701,0.15781048,0.84087235
no,1-methyl-3-propylimidazolium bis(trifluoromethylsulfonyl)imide,CCCn1cc[n+](C)c1.O=S(=O)([N-]S(=O)(=O)C(F)(F)F)C(F)(F)F,[C3MIm][NTf2],benzene,c1ccccc1,aromatic,cyclooctane,C1CCCCCCC1,cycloalkane,0.68600005,0.25200003,0.062000003,0.0,0.174,0.826,0.36363637,337,298.15,0.6033942,0.2813418,0.115264,0.0014871308,0.21182883,0.786684
no,1-methyl-3-propylimidazolium bis(trifluoromethylsulfonyl)imide,CCCn1cc[n+](C)c1.O=S(=O)([N-]S(=O)(=O)C(F)(F)F)C(F)(F)F,[C3MIm][NTf2],benzene,c1ccccc1,aromatic,cyclooctane,C1CCCCCCC1,cycloalkane,0.625,0.311,0.064,0.0,0.228,0.772,0.45454547,337,298.15,0.55613655,0.33194035,0.1119231,0.0016869635,0.27333075,0.7249823
no,1-methyl-3-propylimidazolium bis(trifluoromethylsulfonyl)imide,CCCn1cc[n+](C)c1.O=S(=O)([N-]S(=O)(=O)C(F)(F)F)C(F)(F)F,[C3MIm][NTf2],benzene,c1ccccc1,aromatic,cyclooctane,C1CCCCCCC1,cycloalkane,0.584,0.352,0.064,0.0,0.275,0.725,0.54545456,337,298.15,0.50722414,0.38535604,0.107419856,0.0019279214,0.34200498,0.65606713
no,1-methyl-3-propylimidazolium bis(trifluoromethylsulfonyl)imide,CCCn1cc[n+](C)c1.O=S(=O)([N-]S(=O)(=O)C(F)(F)F)C(F)(F)F,[C3MIm][NTf2],benzene,c1ccccc1,aromatic,cyclooctane,C1CCCCCCC1,cycloalkane,0.514,0.425,0.061,0.0,0.375,0.625,0.6363636,337,298.15,0.45701227,0.4417728,0.10121498,0.0022253897,0.4172373,0.5805374
no,1-methyl-3-propylimidazolium bis(trifluoromethylsulfonyl)imide,CCCn1cc[n+](C)c1.O=S(=O)([N-]S(=O)(=O)C(F)(F)F)C(F)(F)F,[C3MIm][NTf2],benzene,c1ccccc1,aromatic,cyclooctane,C1CCCCCCC1,cycloalkane,0.442,0.503,0.055,0.0,0.492,0.508,0.72727275,337,298.15,0.40782645,0.5000265,0.09214699,0.0025619974,0.5018734,0.49556464
no,1-methyl-3-propylimidazolium bis(trifluoromethylsulfonyl)imide,CCCn1cc[n+](C)c1.O=S(=O)([N-]S(=O)(=O)C(F)(F)F)C(F)(F)F,[C3MIm][NTf2],benzene,c1ccccc1,aromatic,cyclooctane,C1CCCCCCC1,cycloalkane,0.38,0.573,0.047,0.0,0.611,0.389,0.8181818,337,298.15,0.3610535,0.55979514,0.079151355,0.0029061022,0.6020338,0.39506012
no,1-methyl-3-propylimidazolium bis(trifluoromethylsulfonyl)imide,CCCn1cc[n+](C)c1.O=S(=O)([N-]S(=O)(=O)C(F)(F)F)C(F)(F)F,[C3MIm][NTf2],benzene,c1ccccc1,aromatic,cyclooctane,C1CCCCCCC1,cycloalkane,0.316,0.648,0.036,0.0,0.744,0.256,0.90909094,337,298.15,0.3177694,0.6191943,0.06303625,0.0031396884,0.7136452,0.28321508
no,1-methyl-3-propylimidazolium bis(trifluoromethylsulfonyl)imide,CCCn1cc[n+](C)c1.O=S(=O)([N-]S(=O)(=O)C(F)(F)F)C(F)(F)F,[C3MIm][NTf2],benzene,c1ccccc1,aromatic,cyclooctane,C1CCCCCCC1,cycloalkane,0.277,0.696,0.027,0.0,0.828,0.172,1.0,337,298.15,0.27792534,0.6752858,0.04678884,0.0031485392,0.81736094,0.17949048
no,1-butyl-4-methylpyridinium tetrafluoroborate,CCCC[n+]1ccc(C)cc1.F[B-](F)(F)F,[C4MPy][BF4],o-xylene,Cc1ccccc1C,aromatic,cyclohexane,C1CCCCC1,cycloalkane,0.9723,0.0,0.0277,0.0116,0.0,0.9884,0.0,344,303.15,0.95961547,0.017687302,0.022697259,9.887213e-05,0.049954265,0.9499468
no,1-butyl-4-methylpyridinium tetrafluoroborate,CCCC[n+]1ccc(C)cc1.F[B-](F)(F)F,[C4MPy][BF4],o-xylene,Cc1ccccc1C,aromatic,cyclohexane,C1CCCCC1,cycloalkane,0.9447,0.0281,0.0272,0.0164,0.0692,0.9144,0.0625,344,303.15,0.94983923,0.027662797,0.022497991,0.00012042231,0.075685166,0.92419446
no,1-butyl-4-methylpyridinium tetrafluoroborate,CCCC[n+]1ccc(C)cc1.F[B-](F)(F)F,[C4MPy][BF4],o-xylene,Cc1ccccc1C,aromatic,cyclohexane,C1CCCCC1,cycloalkane,0.9199,0.0532,0.0269,0.00990099,0.1380138,0.85208523,0.125,344,303.15,0.9377212,0.040010035,0.022268806,0.00014242783,0.10746891,0.8923887
no,1-butyl-4-methylpyridinium tetrafluoroborate,CCCC[n+]1ccc(C)cc1.F[B-](F)(F)F,[C4MPy][BF4],o-xylene,Cc1ccccc1C,aromatic,cyclohexane,C1CCCCC1,cycloalkane,0.9018,0.0716,0.0266,0.0138,0.1836,0.8026,0.1875,344,303.15,0.92493576,0.053057283,0.022006974,0.00016377778,0.14255215,0.857284
no,1-butyl-4-methylpyridinium tetrafluoroborate,CCCC[n+]1ccc(C)cc1.F[B-](F)(F)F,[C4MPy][BF4],o-xylene,Cc1ccccc1C,aromatic,cyclohexane,C1CCCCC1,cycloalkane,0.8904,0.0858,0.0238,0.0104,0.2299,0.7597,0.25,344,303.15,0.91294116,0.06533389,0.021724995,0.00018445363,0.17877361,0.8210419
no,1-butyl-4-methylpyridinium tetrafluoroborate,CCCC[n+]1ccc(C)cc1.F[B-](F)(F)F,[C4MPy][BF4],o-xylene,Cc1ccccc1C,aromatic,cyclohexane,C1CCCCC1,cycloalkane,0.871,0.1055,0.0235,0.0017,0.2773,0.721,0.3125,344,303.15,0.90225875,0.07629756,0.02144376,0.0002057166,0.21503666,0.78475755
no,1-butyl-4-methylpyridinium tetrafluoroborate,CCCC[n+]1ccc(C)cc1.F[B-](F)(F)F,[C4MPy][BF4],o-xylene,Cc1ccccc1C,aromatic,cyclohexane,C1CCCCC1,cycloalkane,0.85488546,0.116711676,0.02840284,0.0057,0.3188,0.6755,0.375,344,303.15,0.892377,0.086493276,0.021129793,0.00022878131,0.25220183,0.74756944
no,1-butyl-4-methylpyridinium tetrafluoroborate,CCCC[n+]1ccc(C)cc1.F[B-](F)(F)F,[C4MPy][BF4],o-xylene,Cc1ccccc1C,aromatic,cyclohexane,C1CCCCC1,cycloalkane,0.8690131,0.10748925,0.023497649,0.00670067,0.35543555,0.63786376,0.4375,344,303.15,0.8825256,0.096699856,0.02077452,0.00025464958,0.29116425,0.7085811
no,1-butyl-4-methylpyridinium tetrafluoroborate,CCCC[n+]1ccc(C)cc1.F[B-](F)(F)F,[C4MPy][BF4],o-xylene,Cc1ccccc1C,aromatic,cyclohexane,C1CCCCC1,cycloalkane,0.82938296,0.14521453,0.02540254,0.0,0.3996,0.6004,0.5625,344,303.15,0.8609373,0.1191596,0.019903045,0.00031784782,0.37540436,0.6242778
no,1-butyl-4-methylpyridinium tetrafluoroborate,CCCC[n+]1ccc(C)cc1.F[B-](F)(F)F,[C4MPy][BF4],o-xylene,Cc1ccccc1C,aromatic,cyclohexane,C1CCCCC1,cycloalkane,0.8404,0.134,0.0256,0.003,0.3872,0.6098,0.5,344,303.15,0.872133,0.107501164,0.02036589,0.00028421718,0.33238783,0.6673279
no,1-butyl-4-methylpyridinium tetrafluoroborate,CCCC[n+]1ccc(C)cc1.F[B-](F)(F)F,[C4MPy][BF4],o-xylene,Cc1ccccc1C,aromatic,cyclohexane,C1CCCCC1,cycloalkane,0.8202,0.1545,0.0253,0.0022,0.4435,0.5543,0.625,344,303.15,0.84885687,0.1317264,0.01941674,0.0003560002,0.4192373,0.5804067
no,1-butyl-4-methylpyridinium tetrafluoroborate,CCCC[n+]1ccc(C)cc1.F[B-](F)(F)F,[C4MPy][BF4],o-xylene,Cc1ccccc1C,aromatic,cyclohexane,C1CCCCC1,cycloalkane,0.7878,0.1948,0.0174,0.0011,0.623,0.3759,0.6875,344,303.15,0.83574414,0.14536682,0.018889096,0.00040034013,0.4641144,0.53548527
no,1-butyl-4-methylpyridinium tetrafluoroborate,CCCC[n+]1ccc(C)cc1.F[B-](F)(F)F,[C4MPy][BF4],o-xylene,Cc1ccccc1C,aromatic,cyclohexane,C1CCCCC1,cycloalkane,0.7605,0.2224,0.0171,0.0,0.6475,0.3525,0.75,344,303.15,0.82169867,0.16006118,0.018240115,0.0004508364,0.51081514,0.488734
no,1-butyl-4-methylpyridinium tetrafluoroborate,CCCC[n+]1ccc(C)cc1.F[B-](F)(F)F,[C4MPy][BF4],o-xylene,Cc1ccccc1C,aromatic,cyclohexane,C1CCCCC1,cycloalkane,0.7886789,0.19891989,0.012401241,0.0,0.6873,0.3127,0.8125,344,303.15,0.80670536,0.17590976,0.0173848,0.00050764414,0.5612206,0.4382717
no,1-butyl-4-methylpyridinium tetrafluoroborate,CCCC[n+]1ccc(C)cc1.F[B-](F)(F)F,[C4MPy][BF4],o-xylene,Cc1ccccc1C,aromatic,cyclohexane,C1CCCCC1,cycloalkane,0.7191,0.2714,0.0095,0.0,0.7991,0.2009,0.875,344,303.15,0.79097813,0.19279377,0.01622812,0.00056742557,0.6169973,0.38243526
no,1-butyl-4-methylpyridinium tetrafluoroborate,CCCC[n+]1ccc(C)cc1.F[B-](F)(F)F,[C4MPy][BF4],o-xylene,Cc1ccccc1C,aromatic,cyclohexane,C1CCCCC1,cycloalkane,0.7096,0.2809,0.0095,0.0018,0.8432,0.155,0.9375,344,303.15,0.7743312,0.21093152,0.014737251,0.0006251608,0.6786034,0.32077143
no,1-butyl-4-methylpyridinium tetrafluoroborate,CCCC[n+]1ccc(C)cc1.F[B-](F)(F)F,[C4MPy][BF4],o-xylene,Cc1ccccc1C,aromatic,cyclohexane,C1CCCCC1,cycloalkane,0.71712834,0.27097294,0.011898812,0.0026002598,0.84578454,0.15161516,1.0,344,303.15,0.7566954,0.23032789,0.01297673,0.0006720464,0.7429701,0.25635782
,1-butyl-3-methylimidazolium hexafluorophosphate,CCCCn1cc[n+](C)c1.F[P-](F)(F)(F)(F)F,[C4MIm][PF6],benzene,c1ccccc1,aromatic,cyclohexane,C1CCCCC1,cycloalkane,0.9189,0.0542,0.0269,0.0,0.0392,0.9608,0.0,359,298.15,0.95562583,0.018252864,0.026121255,0.00013166871,0.020109355,0.9797591
,1-butyl-3-methylimidazolium hexafluorophosphate,CCCCn1cc[n+](C)c1.F[P-](F)(F)(F)(F)F,[C4MIm][PF6],benzene,c1ccccc1,aromatic,cyclohexane,C1CCCCC1,cycloalkane,0.85830003,0.10980001,0.031900004,0.0,0.0795,0.9205,0.14285715,359,298.15,0.9079327,0.063664466,0.028402915,0.00021461243,0.06432176,0.9354637
,1-butyl-3-methylimidazolium hexafluorophosphate,CCCCn1cc[n+](C)c1.F[P-](F)(F)(F)(F)F,[C4MIm][PF6],benzene,c1ccccc1,aromatic,cyclohexane,C1CCCCC1,cycloalkane,0.7985,0.1647,0.0368,0.0,0.1628,0.8372,0.2857143,359,298.15,0.83318305,0.13574643,0.031070463,0.00030318007,0.14078486,0.85891193
,1-butyl-3-methylimidazolium hexafluorophosphate,CCCCn1cc[n+](C)c1.F[P-](F)(F)(F)(F)F,[C4MIm][PF6],benzene,c1ccccc1,aromatic,cyclohexane,C1CCCCC1,cycloalkane,0.7298,0.2375,0.0327,0.0,0.2481,0.7519,0.42857143,359,298.15,0.7612367,0.2043204,0.034442868,0.00040270295,0.23487055,0.7647268
,1-butyl-3-methylimidazolium hexafluorophosphate,CCCCn1cc[n+](C)c1.F[P-](F)(F)(F)(F)F,[C4MIm][PF6],benzene,c1ccccc1,aromatic,cyclohexane,C1CCCCC1,cycloalkane,0.6882,0.2723,0.0395,0.0,0.3507,0.6493,0.5714286,359,298.15,0.68205327,0.28071135,0.037235364,0.0005403752,0.35294342,0.64651626
,1-butyl-3-methylimidazolium hexafluorophosphate,CCCCn1cc[n+](C)c1.F[P-](F)(F)(F)(F)F,[C4MIm][PF6],benzene,c1ccccc1,aromatic,cyclohexane,C1CCCCC1,cycloalkane,0.6449,0.324,0.0311,0.0,0.449,0.551,0.71428573,359,298.15,0.5912547,0.3705297,0.038215652,0.0007296367,0.48907143,0.5101989
,1-butyl-3-methylimidazolium hexafluorophosphate,CCCCn1cc[n+](C)c1.F[P-](F)(F)(F)(F)F,[C4MIm][PF6],benzene,c1ccccc1,aromatic,cyclohexane,C1CCCCC1,cycloalkane,0.5434,0.4321,0.0245,0.0,0.6462,0.3538,0.85714287,359,298.15,0.49684662,0.46795633,0.035197016,0.000959744,0.6414555,0.35758477
,1-butyl-3-methylimidazolium hexafluorophosphate,CCCCn1cc[n+](C)c1.F[P-](F)(F)(F)(F)F,[C4MIm][PF6],benzene,c1ccccc1,aromatic,cyclohexane,C1CCCCC1,cycloalkane,0.448,0.54,0.012,0.0,0.8724,0.1276,1.0,359,298.15,0.40692705,0.56635165,0.02672127,0.001118738,0.8050191,0.19386214
,1-ethyl-3-methylimidazolium methylsulfate,CCn1cc[n+](C)c1.COS(=O)(=O)[O-],[C2MIm][MeSO4],toluene,Cc1ccccc1,aromatic,cyclohexane,C1CCCCC1,cycloalkane,0.958,0.033,0.009,0.0,0.189,0.811,0.0,364,298.15,0.9802736,0.009764309,0.009962082,3.4202392e-05,0.048643485,0.9513223
,1-ethyl-3-methylimidazolium methylsulfate,CCn1cc[n+](C)c1.COS(=O)(=O)[O-],[C2MIm][MeSO4],toluene,Cc1ccccc1,aromatic,cyclohexane,C1CCCCC1,cycloalkane,0.942,0.049,0.009,0.0,0.263,0.737,0.14285715,364,298.15,0.96216416,0.027650375,0.010185483,5.422598e-05,0.12619238,0.87375337
,1-ethyl-3-methylimidazolium methylsulfate,CCn1cc[n+](C)c1.COS(=O)(=O)[O-],[C2MIm][MeSO4],toluene,Cc1ccccc1,aromatic,cyclohexane,C1CCCCC1,cycloalkane,0.933,0.059,0.008,0.0,0.331,0.669,0.2857143,364,298.15,0.94134384,0.048403163,0.010252921,7.700703e-05,0.22852221,0.7714008
,1-ethyl-3-methylimidazolium methylsulfate,CCn1cc[n+](C)c1.COS(=O)(=O)[O-],[C2MIm][MeSO4],toluene,Cc1ccccc1,aromatic,cyclohexane,C1CCCCC1,cycloalkane,0.919,0.074,0.007,0.0,0.44,0.56,0.42857143,364,298.15,0.9231536,0.06684299,0.010003359,0.00010955185,0.34784466,0.6520458
,1-ethyl-3-methylimidazolium methylsulfate,CCn1cc[n+](C)c1.COS(=O)(=O)[O-],[C2MIm][MeSO4],toluene,Cc1ccccc1,aromatic,cyclohexane,C1CCCCC1,cycloalkane,0.899,0.094,0.007,0.0,0.55,0.45,0.5714286,364,298.15,0.9039214,0.08672967,0.009348946,0.00015983335,0.48651534,0.51332486
,1-ethyl-3-methylimidazolium methylsulfate,CCn1cc[n+](C)c1.COS(=O)(=O)[O-],[C2MIm][MeSO4],toluene,Cc1ccccc1,aromatic,cyclohexane,C1CCCCC1,cycloalkane,0.89,0.105,0.005,0.0,0.642,0.358,0.71428573,364,298.15,0.88351136,0.10842194,0.008066817,0.00023094531,0.63856393,0.36120513
,1-ethyl-3-methylimidazolium methylsulfate,CCn1cc[n+](C)c1.COS(=O)(=O)[O-],[C2MIm][MeSO4],toluene,Cc1ccccc1,aromatic,cyclohexane,C1CCCCC1,cycloalkane,0.874,0.121,0.005,0.0,0.729,0.271,0.85714287,364,298.15,0.8625621,0.1315743,0.005863593,0.0002987189,0.80181503,0.1978863
,1-ethyl-3-methylimidazolium methylsulfate,CCn1cc[n+](C)c1.COS(=O)(=O)[O-],[C2MIm][MeSO4],toluene,Cc1ccccc1,aromatic,cyclohexane,C1CCCCC1,cycloalkane,0.861,0.135,0.004,0.0,0.817,0.183,1.0,364,298.15,0.83885795,0.15758014,0.0035618918,0.00031199527,0.9228819,0.07680611
,1-butyl-3-methylimidazolium methylsulfate,CCCCn1cc[n+](C)c1.COS(=O)(=O)[O-],[C4MIm][MeSO4],benzene,c1ccccc1,aromatic,cyclooctane,C1CCCCCCC1,cycloalkane,0.951,0.035,0.014,0.0,0.042,0.958,0.0,367,298.15,0.9393906,0.04167956,0.018929845,0.00018444462,0.05446054,0.94535494
,1-butyl-3-methylimidazolium methylsulfate,CCCCn1cc[n+](C)c1.COS(=O)(=O)[O-],[C4MIm][MeSO4],benzene,c1ccccc1,aromatic,cyclooctane,C1CCCCCCC1,cycloalkane,0.916,0.07,0.014,0.0,0.09,0.91,0.125,367,298.15,0.9055552,0.07452627,0.019918548,0.00023947196,0.10065483,0.8991057
,1-butyl-3-methylimidazolium methylsulfate,CCCCn1cc[n+](C)c1.COS(=O)(=O)[O-],[C4MIm][MeSO4],benzene,c1ccccc1,aromatic,cyclooctane,C1CCCCCCC1,cycloalkane,0.875,0.112,0.013,0.0,0.154,0.846,0.25,367,298.15,0.8722676,0.10660926,0.021123083,0.00029464532,0.15550008,0.8442053
,1-butyl-3-methylimidazolium methylsulfate,CCCCn1cc[n+](C)c1.COS(=O)(=O)[O-],[C4MIm][MeSO4],benzene,c1ccccc1,aromatic,cyclooctane,C1CCCCCCC1,cycloalkane,0.844,0.143,0.013,0.0,0.208,0.792,0.375,367,298.15,0.83608717,0.14178656,0.022126265,0.00036286254,0.22415571,0.77548146
,1-butyl-3-methylimidazolium methylsulfate,CCCCn1cc[n+](C)c1.COS(=O)(=O)[O-],[C4MIm][MeSO4],benzene,c1ccccc1,aromatic,cyclooctane,C1CCCCCCC1,cycloalkane,0.781,0.206,0.013,0.0,0.326,0.674,0.5,367,298.15,0.79303336,0.18432754,0.022639018,0.00045436123,0.30918166,0.69036394
,1-butyl-3-methylimidazolium methylsulfate,CCCCn1cc[n+](C)c1.COS(=O)(=O)[O-],[C4MIm][MeSO4],benzene,c1ccccc1,aromatic,cyclooctane,C1CCCCCCC1,cycloalkane,0.723,0.264,0.013,0.0,0.444,0.556,0.625,367,298.15,0.7422905,0.235133,0.022576455,0.0005770642,0.40648153,0.5929414
,1-butyl-3-methylimidazolium methylsulfate,CCCCn1cc[n+](C)c1.COS(=O)(=O)[O-],[C4MIm][MeSO4],benzene,c1ccccc1,aromatic,cyclooctane,C1CCCCCCC1,cycloalkane,0.666,0.32,0.014,0.0,0.567,0.433,0.75,367,298.15,0.6844481,0.29398963,0.02156222,0.0007396103,0.51612025,0.48314008
,1-butyl-3-methylimidazolium methylsulfate,CCCCn1cc[n+](C)c1.COS(=O)(=O)[O-],[C4MIm][MeSO4],benzene,c1ccccc1,aromatic,cyclooctane,C1CCCCCCC1,cycloalkane,0.611,0.376,0.013,0.0,0.693,0.307,0.875,367,298.15,0.62132984,0.35988295,0.018787231,0.0009242693,0.6475486,0.35152704
,1-butyl-3-methylimidazolium methylsulfate,CCCCn1cc[n+](C)c1.COS(=O)(=O)[O-],[C4MIm][MeSO4],benzene,c1ccccc1,aromatic,cyclooctane,C1CCCCCCC1,cycloalkane,0.55500007,0.43400002,0.011000001,0.0,0.824,0.176,1.0,367,298.15,0.55514777,0.43041724,0.014435027,0.0010482064,0.7877136,0.21123813
,1-ethyl-3-methylimidazolium ethylsulfate,CCOS(=O)(=O)[O-].CCn1cc[n+](C)c1,[C2MIm][EtSO4],benzene,c1ccccc1,aromatic,methylcyclohexane,CC1CCCCC1,cycloalkane,0.949,0.036,0.015,0.0,0.057,0.943,0.0,374,298.15,0.9625446,0.022878136,0.014577216,0.0001622987,0.03277305,0.9670647
,1-ethyl-3-methylimidazolium ethylsulfate,CCOS(=O)(=O)[O-].CCn1cc[n+](C)c1,[C2MIm][EtSO4],benzene,c1ccccc1,aromatic,methylcyclohexane,CC1CCCCC1,cycloalkane,0.9189999,0.066999994,0.013999999,0.0,0.114,0.886,0.11111111,374,298.15,0.938375,0.046781313,0.014843632,0.00021408252,0.06742462,0.93236136
,1-ethyl-3-methylimidazolium ethylsulfate,CCOS(=O)(=O)[O-].CCn1cc[n+](C)c1,[C2MIm][EtSO4],benzene,c1ccccc1,aromatic,methylcyclohexane,CC1CCCCC1,cycloalkane,0.892,0.095,0.013,0.0,0.166,0.834,0.22222222,374,298.15,0.9122051,0.0726933,0.015101615,0.0002580681,0.11269035,0.88705164
,1-ethyl-3-methylimidazolium ethylsulfate,CCOS(=O)(=O)[O-].CCn1cc[n+](C)c1,[C2MIm][EtSO4],benzene,c1ccccc1,aromatic,methylcyclohexane,CC1CCCCC1,cycloalkane,0.865,0.122,0.013,0.0,0.225,0.775,0.33333334,374,298.15,0.8879224,0.096746966,0.015330631,0.0003008793,0.16661087,0.8330882
,1-ethyl-3-methylimidazolium ethylsulfate,CCOS(=O)(=O)[O-].CCn1cc[n+](C)c1,[C2MIm][EtSO4],benzene,c1ccccc1,aromatic,methylcyclohexane,CC1CCCCC1,cycloalkane,0.866,0.122,0.012,0.0,0.226,0.774,0.44444445,374,298.15,0.8620861,0.12254118,0.015372794,0.0003523975,0.23362811,0.7660195
,1-ethyl-3-methylimidazolium ethylsulfate,CCOS(=O)(=O)[O-].CCn1cc[n+](C)c1,[C2MIm][EtSO4],benzene,c1ccccc1,aromatic,methylcyclohexane,CC1CCCCC1,cycloalkane,0.814,0.175,0.011,0.0,0.344,0.656,0.5555556,374,298.15,0.83249635,0.1523931,0.015110472,0.0004168176,0.31507012,0.6845131
,1-ethyl-3-methylimidazolium ethylsulfate,CCOS(=O)(=O)[O-].CCn1cc[n+](C)c1,[C2MIm][EtSO4],benzene,c1ccccc1,aromatic,methylcyclohexane,CC1CCCCC1,cycloalkane,0.766,0.224,0.01,0.0,0.47,0.53,0.6666667,374,298.15,0.799051,0.18634757,0.014601397,0.00049768994,0.40554178,0.5939605
,1-ethyl-3-methylimidazolium ethylsulfate,CCOS(=O)(=O)[O-].CCn1cc[n+](C)c1,[C2MIm][EtSO4],benzene,c1ccccc1,aromatic,methylcyclohexane,CC1CCCCC1,cycloalkane,0.721,0.271,0.008,0.0,0.59,0.41,0.7777778,374,298.15,0.7616273,0.22455944,0.013813243,0.00059964205,0.50176454,0.49763584
,1-ethyl-3-methylimidazolium ethylsulfate,CCOS(=O)(=O)[O-].CCn1cc[n+](C)c1,[C2MIm][EtSO4],benzene,c1ccccc1,aromatic,methylcyclohexane,CC1CCCCC1,cycloalkane,0.67,0.323,0.007,0.0,0.727,0.273,0.8888889,374,298.15,0.7210871,0.26640624,0.012506599,0.00071924605,0.60612655,0.39315423
,1-ethyl-3-methylimidazolium ethylsulfate,CCOS(=O)(=O)[O-].CCn1cc[n+](C)c1,[C2MIm][EtSO4],benzene,c1ccccc1,aromatic,methylcyclohexane,CC1CCCCC1,cycloalkane,0.621,0.374,0.005,0.0,0.853,0.147,1.0,374,298.15,0.6778879,0.31165355,0.010458545,0.0008266626,0.7217752,0.27739814
,3-methyl-N-ethylpyridinium ethylsulfate,CCOS(=O)(=O)[O-].CC[n+]1cccc(C)c1,[C2MPy][EtSO4],toluene,Cc1ccccc1,aromatic,cyclooctane,C1CCCCCCC1,cycloalkane,0.954,0.032,0.014,0.0,0.094,0.906,0.0,387,298.15,0.93668467,0.03684706,0.026468214,0.00024114594,0.08302087,0.916738
,3-methyl-N-ethylpyridinium ethylsulfate,CCOS(=O)(=O)[O-].CC[n+]1cccc(C)c1,[C2MPy][EtSO4],toluene,Cc1ccccc1,aromatic,cyclooctane,C1CCCCCCC1,cycloalkane,0.933,0.053,0.014,0.0,0.169,0.831,0.11111111,387,298.15,0.90836114,0.0654705,0.026168397,0.00028902976,0.14411055,0.8556005
,3-methyl-N-ethylpyridinium ethylsulfate,CCOS(=O)(=O)[O-].CC[n+]1cccc(C)c1,[C2MPy][EtSO4],toluene,Cc1ccccc1,aromatic,cyclooctane,C1CCCCCCC1,cycloalkane,0.913,0.075,0.012,0.0,0.233,0.767,0.22222222,387,298.15,0.88227826,0.09172261,0.025999095,0.0003307393,0.20782518,0.7918441
,3-methyl-N-ethylpyridinium ethylsulfate,CCOS(=O)(=O)[O-].CC[n+]1cccc(C)c1,[C2MPy][EtSO4],toluene,Cc1ccccc1,aromatic,cyclooctane,C1CCCCCCC1,cycloalkane,0.894,0.094,0.012,0.0,0.292,0.708,0.33333334,387,298.15,0.859562,0.11470934,0.025728732,0.00037932637,0.27364266,0.725978
,3-methyl-N-ethylpyridinium ethylsulfate,CCOS(=O)(=O)[O-].CC[n+]1cccc(C)c1,[C2MPy][EtSO4],toluene,Cc1ccccc1,aromatic,cyclooctane,C1CCCCCCC1,cycloalkane,0.872,0.118,0.01,0.0,0.348,0.652,0.44444445,387,298.15,0.8362091,0.13865569,0.025135174,0.00044400274,0.3461597,0.65339637
,3-methyl-N-ethylpyridinium ethylsulfate,CCOS(=O)(=O)[O-].CC[n+]1cccc(C)c1,[C2MPy][EtSO4],toluene,Cc1ccccc1,aromatic,cyclooctane,C1CCCCCCC1,cycloalkane,0.83,0.163,0.007,0.0,0.481,0.519,0.5555556,387,298.15,0.8103702,0.16546862,0.024161203,0.00053016277,0.42508808,0.5743817
,3-methyl-N-ethylpyridinium ethylsulfate,CCOS(=O)(=O)[O-].CC[n+]1cccc(C)c1,[C2MPy][EtSO4],toluene,Cc1ccccc1,aromatic,cyclooctane,C1CCCCCCC1,cycloalkane,0.793,0.202,0.005,0.0,0.619,0.381,0.6666667,387,298.15,0.7821794,0.19522013,0.022600394,0.0006394994,0.51105976,0.48830074
,3-methyl-N-ethylpyridinium ethylsulfate,CCOS(=O)(=O)[O-].CC[n+]1cccc(C)c1,[C2MPy][EtSO4],toluene,Cc1ccccc1,aromatic,cyclooctane,C1CCCCCCC1,cycloalkane,0.753,0.244,0.003,0.0,0.745,0.255,0.8888889,387,298.15,0.7188401,0.26521227,0.015947586,0.0008688594,0.7349038,0.26422736
,3-methyl-N-ethylpyridinium ethylsulfate,CCOS(=O)(=O)[O-].CC[n+]1cccc(C)c1,[C2MPy][EtSO4],toluene,Cc1ccccc1,aromatic,cyclooctane,C1CCCCCCC1,cycloalkane,0.754,0.243,0.003,0.0,0.74,0.26,0.7777778,387,298.15,0.7515817,0.22854209,0.019876108,0.00076685025,0.61469096,0.38454214
,3-methyl-N-ethylpyridinium ethylsulfate,CCOS(=O)(=O)[O-].CC[n+]1cccc(C)c1,[C2MPy][EtSO4],toluene,Cc1ccccc1,aromatic,cyclooctane,C1CCCCCCC1,cycloalkane,0.708,0.291,0.001,0.0,0.877,0.123,1.0,387,298.15,0.68279934,0.30560818,0.011592454,0.00088918756,0.8478828,0.15122801
no,1-ethylpyridinium ethylsulfate,CCOS(=O)(=O)[O-].CC[n+]1ccccc1,[C2Py][EtSO4],benzene,c1ccccc1,aromatic,cyclooctane,C1CCCCCCC1,cycloalkane,0.95,0.042,0.008,0.0,0.111,0.889,0.0,393,298.15,0.95040077,0.040739663,0.00885952,9.228824e-05,0.08182799,0.9180798
no,1-ethylpyridinium ethylsulfate,CCOS(=O)(=O)[O-].CC[n+]1ccccc1,[C2Py][EtSO4],benzene,c1ccccc1,aromatic,cyclooctane,C1CCCCCCC1,cycloalkane,0.929,0.063,0.008,0.0,0.168,0.832,0.125,393,298.15,0.9220542,0.06855574,0.009390168,0.00011929789,0.1403528,0.8595279
no,1-ethylpyridinium ethylsulfate,CCOS(=O)(=O)[O-].CC[n+]1ccccc1,[C2Py][EtSO4],benzene,c1ccccc1,aromatic,cyclooctane,C1CCCCCCC1,cycloalkane,0.908,0.085,0.007,0.0,0.227,0.773,0.25,393,298.15,0.89638114,0.0937068,0.009912038,0.00014816604,0.20531426,0.7945376
no,1-ethylpyridinium ethylsulfate,CCOS(=O)(=O)[O-].CC[n+]1ccccc1,[C2Py][EtSO4],benzene,c1ccccc1,aromatic,cyclooctane,C1CCCCCCC1,cycloalkane,0.885,0.108,0.007,0.0,0.291,0.709,0.375,393,298.15,0.86991274,0.11982543,0.0102617955,0.00018629704,0.2821004,0.7177133
no,1-ethylpyridinium ethylsulfate,CCOS(=O)(=O)[O-].CC[n+]1ccccc1,[C2Py][EtSO4],benzene,c1ccccc1,aromatic,cyclooctane,C1CCCCCCC1,cycloalkane,0.865,0.128,0.007,0.0,0.346,0.654,0.5,393,298.15,0.8397718,0.14992449,0.01030376,0.0002375101,0.37280336,0.62695915
no,1-ethylpyridinium ethylsulfate,CCOS(=O)(=O)[O-].CC[n+]1ccccc1,[C2Py][EtSO4],benzene,c1ccccc1,aromatic,cyclooctane,C1CCCCCCC1,cycloalkane,0.82000005,0.17400001,0.0060000005,0.0,0.469,0.531,0.625,393,298.15,0.80566365,0.18427052,0.010065817,0.0003076439,0.47191525,0.5277771
no,1-ethylpyridinium ethylsulfate,CCOS(=O)(=O)[O-].CC[n+]1ccccc1,[C2Py][EtSO4],benzene,c1ccccc1,aromatic,cyclooctane,C1CCCCCCC1,cycloalkane,0.774,0.221,0.005,0.0,0.601,0.399,0.75,393,298.15,0.76753056,0.22308908,0.009380361,0.00040024944,0.5812429,0.4183568
no,1-ethylpyridinium ethylsulfate,CCOS(=O)(=O)[O-].CC[n+]1ccccc1,[C2Py][EtSO4],benzene,c1ccccc1,aromatic,cyclooctane,C1CCCCCCC1,cycloalkane,0.731,0.265,0.004,0.0,0.73,0.27,0.875,393,298.15,0.726213,0.2658071,0.007979899,0.0005001858,0.70613396,0.2933659
no,1-ethylpyridinium ethylsulfate,CCOS(=O)(=O)[O-].CC[n+]1ccccc1,[C2Py][EtSO4],benzene,c1ccccc1,aromatic,cyclooctane,C1CCCCCCC1,cycloalkane,0.681,0.316,0.003,0.0,0.863,0.137,1.0,393,298.15,0.6817346,0.31222007,0.0060452963,0.0005635096,0.8301881,0.16924845
,1-allyl-3-methylimidazolium dicyanamide,C=CCn1cc[n+](C)c1.N#CN=C=[N-],[AMIm][N(CN)2],ethylbenzene,CCc1ccccc1,aromatic,styrene,C=Cc1ccccc1,aromatic,0.84,0.16,0.0,0.0,1.0,0.0,0.0,407,298.15,0.68943995,0.2188208,0.09173924,0.0013273272,0.8197071,0.17896558
,1-allyl-3-methylimidazolium dicyanamide,C=CCn1cc[n+](C)c1.N#CN=C=[N-],[AMIm][N(CN)2],ethylbenzene,CCc1ccccc1,aromatic,styrene,C=Cc1ccccc1,aromatic,0.814,0.151,0.035,0.0,0.904,0.096,0.083333336,407,298.15,0.6326564,0.22924042,0.13810319,0.0011418889,0.7611069,0.23775117
,1-allyl-3-methylimidazolium dicyanamide,C=CCn1cc[n+](C)c1.N#CN=C=[N-],[AMIm][N(CN)2],ethylbenzene,CCc1ccccc1,aromatic,styrene,C=Cc1ccccc1,aromatic,0.788,0.148,0.064,0.0,0.832,0.168,0.16666667,407,298.15,0.5961965,0.21717216,0.18663143,0.0010369705,0.6951926,0.30377048
,1-allyl-3-methylimidazolium dicyanamide,C=CCn1cc[n+](C)c1.N#CN=C=[N-],[AMIm][N(CN)2],ethylbenzene,CCc1ccccc1,aromatic,styrene,C=Cc1ccccc1,aromatic,0.762,0.135,0.103,0.0,0.752,0.248,0.25,407,298.15,0.5769132,0.20034598,0.22274081,0.0009849896,0.6396257,0.35938933
,1-allyl-3-methylimidazolium dicyanamide,C=CCn1cc[n+](C)c1.N#CN=C=[N-],[AMIm][N(CN)2],ethylbenzene,CCc1ccccc1,aromatic,styrene,C=Cc1ccccc1,aromatic,0.743,0.132,0.125,0.0,0.7,0.3,0.33333334,407,298.15,0.569532,0.18734464,0.24312341,0.000983438,0.5995551,0.39946148
,1-allyl-3-methylimidazolium dicyanamide,C=CCn1cc[n+](C)c1.N#CN=C=[N-],[AMIm][N(CN)2],ethylbenzene,CCc1ccccc1,aromatic,styrene,C=Cc1ccccc1,aromatic,0.713,0.125,0.162,0.0,0.628,0.372,0.41666666,407,298.15,0.5671118,0.1783549,0.2545333,0.0010285506,0.5689928,0.42997864
,1-allyl-3-methylimidazolium dicyanamide,C=CCn1cc[n+](C)c1.N#CN=C=[N-],[AMIm][N(CN)2],ethylbenzene,CCc1ccccc1,aromatic,styrene,C=Cc1ccccc1,aromatic,0.696,0.118,0.186,0.0,0.572,0.428,0.5,407,298.15,0.56517464,0.17158134,0.26324403,0.0011178692,0.5416729,0.45720923
,1-allyl-3-methylimidazolium dicyanamide,C=CCn1cc[n+](C)c1.N#CN=C=[N-],[AMIm][N(CN)2],ethylbenzene,CCc1ccccc1,aromatic,styrene,C=Cc1ccccc1,aromatic,0.673,0.106,0.221,0.0,0.508,0.492,0.5833333,407,298.15,0.56261814,0.16520014,0.2721817,0.0012556356,0.51281285,0.4859315
,1-allyl-3-methylimidazolium dicyanamide,C=CCn1cc[n+](C)c1.N#CN=C=[N-],[AMIm][N(CN)2],ethylbenzene,CCc1ccccc1,aromatic,styrene,C=Cc1ccccc1,aromatic,0.635,0.091,0.274,0.0,0.413,0.587,0.6666667,407,298.15,0.56043893,0.15752605,0.28203502,0.0014497401,0.47839135,0.5201589
,1-allyl-3-methylimidazolium dicyanamide,C=CCn1cc[n+](C)c1.N#CN=C=[N-],[AMIm][N(CN)2],ethylbenzene,CCc1ccccc1,aromatic,styrene,C=Cc1ccccc1,aromatic,0.618,0.081,0.301,0.0,0.362,0.638,0.75,407,298.15,0.5606955,0.14704561,0.29225895,0.0017156559,0.4352712,0.5630132
,1-allyl-3-methylimidazolium dicyanamide,C=CCn1cc[n+](C)c1.N#CN=C=[N-],[AMIm][N(CN)2],ethylbenzene,CCc1ccccc1,aromatic,styrene,C=Cc1ccccc1,aromatic,0.593,0.067,0.34,0.0,0.294,0.706,0.8333333,407,298.15,0.566236,0.13361931,0.30014467,0.0020623289,0.38575935,0.61217827
,1-allyl-3-methylimidazolium dicyanamide,C=CCn1cc[n+](C)c1.N#CN=C=[N-],[AMIm][N(CN)2],ethylbenzene,CCc1ccccc1,aromatic,styrene,C=Cc1ccccc1,aromatic,0.569,0.055,0.376,0.001,0.212,0.787,0.9166667,407,298.15,0.5798794,0.11859896,0.3015217,0.0025013457,0.3372772,0.6602215
,1-allyl-3-methylimidazolium dicyanamide,C=CCn1cc[n+](C)c1.N#CN=C=[N-],[AMIm][N(CN)2],ethylbenzene,CCc1ccccc1,aromatic,styrene,C=Cc1ccccc1,aromatic,0.545,0.035,0.42,0.003,0.14,0.857,1.0,407,298.15,0.60330504,0.10359973,0.29309526,0.003065388,0.29683506,0.7000995
,1-ethyl-3-methylimidazolium thiocyanate,CCn1cc[n+](C)c1.N#C[S-],[C2MIm][SCN],ethylbenzene,CCc1ccccc1,aromatic,styrene,C=Cc1ccccc1,aromatic,0.672,0.019,0.309,0.0,0.118,0.882,0.0,409,333.2,0.71223694,0.01575339,0.27200967,0.00049517007,0.13954587,0.859959
,1-ethyl-3-methylimidazolium thiocyanate,CCn1cc[n+](C)c1.N#C[S-],[C2MIm][SCN],ethylbenzene,CCc1ccccc1,aromatic,styrene,C=Cc1ccccc1,aromatic,0.703,0.035,0.262,0.0,0.23,0.77,0.11111111,409,333.2,0.73576266,0.031823084,0.23241426,0.00061215804,0.24704313,0.7523446
,1-ethyl-3-methylimidazolium thiocyanate,CCn1cc[n+](C)c1.N#C[S-],[C2MIm][SCN],ethylbenzene,CCc1ccccc1,aromatic,styrene,C=Cc1ccccc1,aromatic,0.732,0.049,0.219,0.0,0.332,0.668,0.22222222,409,333.2,0.75892675,0.048074245,0.19299896,0.0007021898,0.35743663,0.64186114
,1-ethyl-3-methylimidazolium thiocyanate,CCn1cc[n+](C)c1.N#C[S-],[C2MIm][SCN],ethylbenzene,CCc1ccccc1,aromatic,styrene,C=Cc1ccccc1,aromatic,0.766,0.06,0.174,0.0,0.437,0.563,0.33333334,409,333.2,0.78292805,0.060438022,0.15663403,0.0007923428,0.4614643,0.53774333
,1-ethyl-3-methylimidazolium thiocyanate,CCn1cc[n+](C)c1.N#C[S-],[C2MIm][SCN],ethylbenzene,CCc1ccccc1,aromatic,styrene,C=Cc1ccccc1,aromatic,0.788,0.07,0.142,0.0,0.529,0.471,0.44444445,409,333.2,0.8057591,0.069714576,0.12452642,0.00089755596,0.5613571,0.43774536
,1-ethyl-3-methylimidazolium thiocyanate,CCn1cc[n+](C)c1.N#C[S-],[C2MIm][SCN],ethylbenzene,CCc1ccccc1,aromatic,styrene,C=Cc1ccccc1,aromatic,0.806,0.08,0.114,0.0,0.62,0.38,0.5555556,409,333.2,0.82868546,0.07642943,0.09488511,0.0010113833,0.66104627,0.3379423
,1-ethyl-3-methylimidazolium thiocyanate,CCn1cc[n+](C)c1.N#C[S-],[C2MIm][SCN],ethylbenzene,CCc1ccccc1,aromatic,styrene,C=Cc1ccccc1,aromatic,0.82500005,0.09000001,0.08500001,0.0,0.714,0.286,0.6666667,409,333.2,0.8534287,0.08062946,0.06594177,0.0010826994,0.76668245,0.23223485
,1-ethyl-3-methylimidazolium thiocyanate,CCn1cc[n+](C)c1.N#C[S-],[C2MIm][SCN],ethylbenzene,CCc1ccccc1,aromatic,styrene,C=Cc1ccccc1,aromatic,0.847,0.098,0.055,0.0,0.809,0.191,0.7777778,409,333.2,0.87707835,0.08281436,0.040107336,0.0010338395,0.8678154,0.13115075
,1-ethyl-3-methylimidazolium thiocyanate,CCn1cc[n+](C)c1.N#C[S-],[C2MIm][SCN],ethylbenzene,CCc1ccccc1,aromatic,styrene,C=Cc1ccccc1,aromatic,0.869,0.105,0.026,0.0,0.906,0.094,0.8888889,409,333.2,0.8941158,0.083827734,0.022056445,0.000868549,0.9374812,0.06165021
,1-ethyl-3-methylimidazolium thiocyanate,CCn1cc[n+](C)c1.N#C[S-],[C2MIm][SCN],ethylbenzene,CCc1ccccc1,aromatic,styrene,C=Cc1ccccc1,aromatic,0.887,0.113,0.0,0.0,1.0,0.0,1.0,409,333.2,0.90362865,0.084635265,0.011736138,0.0006748132,0.97291565,0.02640956
,1-methyl-3-octyl-imidazolium bis(trifluoromethylsulfonyl)imide,CCCCCCCC[n+]1ccn(C)c1.O=S(=O)([N-]S(=O)(=O)C(F)(F)F)C(F)(F)F,[C8MIm][NTf2],thiophene,c1ccsc1,S-compound,n-dodecane,CCCCCCCCCCCC,alkane,0.911,0.0,0.089,0.0,0.0,1.0,0.0,423,298.15,0.90955424,0.023322867,0.067122936,0.0006979067,0.029885368,0.9694167
,1-methyl-3-octyl-imidazolium bis(trifluoromethylsulfonyl)imide,CCCCCCCC[n+]1ccn(C)c1.O=S(=O)([N-]S(=O)(=O)C(F)(F)F)C(F)(F)F,[C8MIm][NTf2],thiophene,c1ccsc1,S-compound,n-dodecane,CCCCCCCCCCCC,alkane,0.843,0.064,0.093,0.003,0.046,0.951,0.083333336,423,298.15,0.8792865,0.050781257,0.06993219,0.0009279114,0.060888585,0.9381835
,1-methyl-3-octyl-imidazolium bis(trifluoromethylsulfonyl)imide,CCCCCCCC[n+]1ccn(C)c1.O=S(=O)([N-]S(=O)(=O)C(F)(F)F)C(F)(F)F,[C8MIm][NTf2],thiophene,c1ccsc1,S-compound,n-dodecane,CCCCCCCCCCCC,alkane,0.692,0.213,0.095,0.002,0.174,0.824,0.16666667,423,298.15,0.82817936,0.101385996,0.0704347,0.0011865286,0.115092,0.88372153
,1-methyl-3-octyl-imidazolium bis(trifluoromethylsulfonyl)imide,CCCCCCCC[n+]1ccn(C)c1.O=S(=O)([N-]S(=O)(=O)C(F)(F)F)C(F)(F)F,[C8MIm][NTf2],thiophene,c1ccsc1,S-compound,n-dodecane,CCCCCCCCCCCC,alkane,0.538,0.363,0.099,0.003,0.307,0.69,0.25,423,298.15,0.7579082,0.17251696,0.06957475,0.0014287091,0.19090386,0.8076674
,1-methyl-3-octyl-imidazolium bis(trifluoromethylsulfonyl)imide,CCCCCCCC[n+]1ccn(C)c1.O=S(=O)([N-]S(=O)(=O)C(F)(F)F)C(F)(F)F,[C8MIm][NTf2],thiophene,c1ccsc1,S-compound,n-dodecane,CCCCCCCCCCCC,alkane,0.498,0.405,0.097,0.001,0.375,0.624,0.33333334,423,298.15,0.68707025,0.24441278,0.06851705,0.0016276364,0.27324685,0.7251255
,1-methyl-3-octyl-imidazolium bis(trifluoromethylsulfonyl)imide,CCCCCCCC[n+]1ccn(C)c1.O=S(=O)([N-]S(=O)(=O)C(F)(F)F)C(F)(F)F,[C8MIm][NTf2],thiophene,c1ccsc1,S-compound,n-dodecane,CCCCCCCCCCCC,alkane,0.455,0.446,0.099,0.003,0.426,0.571,0.41666666,423,298.15,0.62735254,0.30459788,0.06804959,0.001806108,0.35195816,0.64623576
,1-methyl-3-octyl-imidazolium bis(trifluoromethylsulfonyl)imide,CCCCCCCC[n+]1ccn(C)c1.O=S(=O)([N-]S(=O)(=O)C(F)(F)F)C(F)(F)F,[C8MIm][NTf2],thiophene,c1ccsc1,S-compound,n-dodecane,CCCCCCCCCCCC,alkane,0.413,0.485,0.102,0.0,0.457,0.543,0.5,423,298.15,0.57716805,0.35497102,0.0678609,0.0019974336,0.42589924,0.5721033
,1-methyl-3-octyl-imidazolium bis(trifluoromethylsulfonyl)imide,CCCCCCCC[n+]1ccn(C)c1.O=S(=O)([N-]S(=O)(=O)C(F)(F)F)C(F)(F)F,[C8MIm][NTf2],thiophene,c1ccsc1,S-compound,n-dodecane,CCCCCCCCCCCC,alkane,0.36800003,0.52900004,0.10300001,0.006,0.513,0.481,0.5833333,423,298.15,0.5310938,0.40171984,0.06718636,0.002220421,0.49735433,0.5004253
,1-methyl-3-octyl-imidazolium bis(trifluoromethylsulfonyl)imide,CCCCCCCC[n+]1ccn(C)c1.O=S(=O)([N-]S(=O)(=O)C(F)(F)F)C(F)(F)F,[C8MIm][NTf2],thiophene,c1ccsc1,S-compound,n-dodecane,CCCCCCCCCCCC,alkane,0.336,0.559,0.105,0.0,0.597,0.403,0.6666667,423,298.15,0.48802924,0.44633797,0.06563279,0.002477074,0.5656202,0.43190277
,1-methyl-3-octyl-imidazolium bis(trifluoromethylsulfonyl)imide,CCCCCCCC[n+]1ccn(C)c1.O=S(=O)([N-]S(=O)(=O)C(F)(F)F)C(F)(F)F,[C8MIm][NTf2],thiophene,c1ccsc1,S-compound,n-dodecane,CCCCCCCCCCCC,alkane,0.292,0.604,0.104,0.006,0.667,0.327,0.75,423,298.15,0.4478118,0.48946998,0.0627182,0.0027690022,0.6328163,0.36441466
,1-methyl-3-octyl-imidazolium bis(trifluoromethylsulfonyl)imide,CCCCCCCC[n+]1ccn(C)c1.O=S(=O)([N-]S(=O)(=O)C(F)(F)F)C(F)(F)F,[C8MIm][NTf2],thiophene,c1ccsc1,S-compound,n-dodecane,CCCCCCCCCCCC,alkane,0.218,0.676,0.106,0.004,0.797,0.199,0.8333333,423,298.15,0.41159213,0.530506,0.057901863,0.003041387,0.69973165,0.29722697
,1-methyl-3-octyl-imidazolium bis(trifluoromethylsulfonyl)imide,CCCCCCCC[n+]1ccn(C)c1.O=S(=O)([N-]S(=O)(=O)C(F)(F)F)C(F)(F)F,[C8MIm][NTf2],thiophene,c1ccsc1,S-compound,n-dodecane,CCCCCCCCCCCC,alkane,0.163,0.741,0.096,0.002,0.871,0.127,0.9166667,423,298.15,0.38078803,0.56771207,0.051499918,0.0032659355,0.7647488,0.23198524
,1-methyl-3-octyl-imidazolium bis(trifluoromethylsulfonyl)imide,CCCCCCCC[n+]1ccn(C)c1.O=S(=O)([N-]S(=O)(=O)C(F)(F)F)C(F)(F)F,[C8MIm][NTf2],thiophene,c1ccsc1,S-compound,n-dodecane,CCCCCCCCCCCC,alkane,0.059,0.9,0.041,0.002,0.949,0.049,1.0,423,298.15,0.35508257,0.6008339,0.04408351,0.0033954128,0.82475215,0.17185238
,1-butyl-3-methylimidazolium thiocyanate,CCCCn1cc[n+](C)c1.N#C[S-],[C4MIm][SCN],thiophene,c1ccsc1,S-compound,n-hexane,CCCCCC,alkane,0.958,0.029,0.013,0.0,0.012,0.988,0.0,449,298.15,0.9745276,0.01978993,0.005682439,2.4506748e-05,0.010805657,0.9891698
,1-butyl-3-methylimidazolium thiocyanate,CCCCn1cc[n+](C)c1.N#C[S-],[C4MIm][SCN],thiophene,c1ccsc1,S-compound,n-hexane,CCCCCC,alkane,0.904,0.083,0.013,0.0,0.038,0.962,0.125,449,298.15,0.938746,0.05490701,0.006346932,3.8009402e-05,0.02858189,0.9713802
,1-butyl-3-methylimidazolium thiocyanate,CCCCn1cc[n+](C)c1.N#C[S-],[C4MIm][SCN],thiophene,c1ccsc1,S-compound,n-hexane,CCCCCC,alkane,0.883,0.105,0.012,0.0,0.054,0.946,0.25,449,298.15,0.8881162,0.10481898,0.0070648207,5.210487e-05,0.05790612,0.9420418
,1-butyl-3-methylimidazolium thiocyanate,CCCCn1cc[n+](C)c1.N#C[S-],[C4MIm][SCN],thiophene,c1ccsc1,S-compound,n-hexane,CCCCCC,alkane,0.829,0.158,0.013,0.0,0.078,0.922,0.375,449,298.15,0.8388733,0.15318123,0.00794555,6.604219e-05,0.09546204,0.9044718
,1-butyl-3-methylimidazolium thiocyanate,CCCCn1cc[n+](C)c1.N#C[S-],[C4MIm][SCN],thiophene,c1ccsc1,S-compound,n-hexane,CCCCCC,alkane,0.795,0.192,0.013,0.0,0.11,0.89,0.5,449,298.15,0.7839119,0.20723084,0.00885736,8.2649036e-05,0.14591275,0.8540046
,1-butyl-3-methylimidazolium thiocyanate,CCCCn1cc[n+](C)c1.N#C[S-],[C4MIm][SCN],thiophene,c1ccsc1,S-compound,n-hexane,CCCCCC,alkane,0.71500003,0.27100003,0.014000001,0.0,0.175,0.825,0.625,449,298.15,0.71751505,0.27292103,0.00956392,0.00010386831,0.21325116,0.7866449
,1-butyl-3-methylimidazolium thiocyanate,CCCCn1cc[n+](C)c1.N#C[S-],[C4MIm][SCN],thiophene,c1ccsc1,S-compound,n-hexane,CCCCCC,alkane,0.66400003,0.32500002,0.011000001,0.0,0.245,0.755,0.75,449,298.15,0.6415789,0.3484962,0.009924846,0.000130793,0.29717794,0.7026913
,1-butyl-3-methylimidazolium thiocyanate,CCCCn1cc[n+](C)c1.N#C[S-],[C4MIm][SCN],thiophene,c1ccsc1,S-compound,n-hexane,CCCCCC,alkane,0.604,0.383,0.013,0.0,0.294,0.706,0.875,449,298.15,0.56133455,0.4287446,0.009920875,0.000164926,0.3926529,0.60718215
,1-butyl-3-methylimidazolium thiocyanate,CCCCn1cc[n+](C)c1.N#C[S-],[C4MIm][SCN],thiophene,c1ccsc1,S-compound,n-hexane,CCCCCC,alkane,0.52000004,0.46600002,0.014000001,0.0,0.386,0.614,1.0,449,298.15,0.48351595,0.5069046,0.009579426,0.00020790196,0.49241564,0.5073765
no,(3-cyanopropyl)methylpyrrolidinium thiocyanate,C[N+]1(CCCC#N)CCCC1.N#C[S-],[N-C3CNMPyr][SCN],thiophene,c1ccsc1,S-compound,n-heptane,CCCCCCC,alkane,1.0,0.0,0.0,0.0,0.0,1.0,0.0,458,308.15,0.95995027,0.02024125,0.019808475,6.119866e-05,0.02685059,0.9730882
no,(3-cyanopropyl)methylpyrrolidinium thiocyanate,C[N+]1(CCCC#N)CCCC1.N#C[S-],[N-C3CNMPyr][SCN],thiophene,c1ccsc1,S-compound,n-heptane,CCCCCCC,alkane,0.994,0.005,0.001,0.0,0.005,0.995,0.07692308,458,308.15,0.93844986,0.041354947,0.02019521,8.124551e-05,0.052757975,0.9471608
no,(3-cyanopropyl)methylpyrrolidinium thiocyanate,C[N+]1(CCCC#N)CCCC1.N#C[S-],[N-C3CNMPyr][SCN],thiophene,c1ccsc1,S-compound,n-heptane,CCCCCCC,alkane,0.947,0.052,0.001,0.0,0.063,0.937,0.15384616,458,308.15,0.8985845,0.08165844,0.019757053,0.00010736499,0.10109455,0.89879805
no,(3-cyanopropyl)methylpyrrolidinium thiocyanate,C[N+]1(CCCC#N)CCCC1.N#C[S-],[N-C3CNMPyr][SCN],thiophene,c1ccsc1,S-compound,n-heptane,CCCCCCC,alkane,0.815,0.184,0.001,0.0,0.25,0.75,0.23076923,458,308.15,0.8345707,0.14660004,0.018829301,0.00013703339,0.17787611,0.8219869
no,(3-cyanopropyl)methylpyrrolidinium thiocyanate,C[N+]1(CCCC#N)CCCC1.N#C[S-],[N-C3CNMPyr][SCN],thiophene,c1ccsc1,S-compound,n-heptane,CCCCCCC,alkane,0.731,0.267,0.002,0.0,0.393,0.607,0.30769232,458,308.15,0.7576585,0.2246602,0.017681424,0.00016557511,0.2732054,0.726629
no,(3-cyanopropyl)methylpyrrolidinium thiocyanate,C[N+]1(CCCC#N)CCCC1.N#C[S-],[N-C3CNMPyr][SCN],thiophene,c1ccsc1,S-compound,n-heptane,CCCCCCC,alkane,0.685,0.313,0.002,0.0,0.485,0.515,0.3846154,458,308.15,0.6907674,0.2924472,0.016785411,0.0001922889,0.36657995,0.6332278
no,(3-cyanopropyl)methylpyrrolidinium thiocyanate,C[N+]1(CCCC#N)CCCC1.N#C[S-],[N-C3CNMPyr][SCN],thiophene,c1ccsc1,S-compound,n-heptane,CCCCCCC,alkane,0.63,0.368,0.002,0.0,0.585,0.415,0.46153846,458,308.15,0.6427989,0.34092894,0.016272202,0.00022029494,0.44774362,0.55203605
no,(3-cyanopropyl)methylpyrrolidinium thiocyanate,C[N+]1(CCCC#N)CCCC1.N#C[S-],[N-C3CNMPyr][SCN],thiophene,c1ccsc1,S-compound,n-heptane,CCCCCCC,alkane,0.594,0.404,0.002,0.0,0.633,0.367,0.53846157,458,308.15,0.6058792,0.3782276,0.01589331,0.0002536969,0.5210571,0.47868913
no,(3-cyanopropyl)methylpyrrolidinium thiocyanate,C[N+]1(CCCC#N)CCCC1.N#C[S-],[N-C3CNMPyr][SCN],thiophene,c1ccsc1,S-compound,n-heptane,CCCCCCC,alkane,0.58,0.418,0.002,0.0,0.727,0.273,0.61538464,458,308.15,0.5732565,0.41125664,0.015486851,0.000293911,0.5886313,0.41107476
no,(3-cyanopropyl)methylpyrrolidinium thiocyanate,C[N+]1(CCCC#N)CCCC1.N#C[S-],[N-C3CNMPyr][SCN],thiophene,c1ccsc1,S-compound,n-heptane,CCCCCCC,alkane,0.56,0.438,0.002,0.0,0.811,0.189,0.6923077,458,308.15,0.54117864,0.4439258,0.0148956105,0.00034174687,0.65277463,0.34688365
no,(3-cyanopropyl)methylpyrrolidinium thiocyanate,C[N+]1(CCCC#N)CCCC1.N#C[S-],[N-C3CNMPyr][SCN],thiophene,c1ccsc1,S-compound,n-heptane,CCCCCCC,alkane,0.526,0.473,0.001,0.0,0.885,0.115,0.7692308,458,308.15,0.50974303,0.47628495,0.013972036,0.00039417954,0.7147568,0.28484902
no,(3-cyanopropyl)methylpyrrolidinium thiocyanate,C[N+]1(CCCC#N)CCCC1.N#C[S-],[N-C3CNMPyr][SCN],thiophene,c1ccsc1,S-compound,n-heptane,CCCCCCC,alkane,0.49700004,0.50200003,0.0010000002,0.0,0.933,0.067,0.84615386,458,308.15,0.47953677,0.50786024,0.012602983,0.00044485708,0.7766704,0.22288476
no,(3-cyanopropyl)methylpyrrolidinium thiocyanate,C[N+]1(CCCC#N)CCCC1.N#C[S-],[N-C3CNMPyr][SCN],thiophene,c1ccsc1,S-compound,n-heptane,CCCCCCC,alkane,0.473,0.526,0.001,0.0,0.962,0.038,0.9230769,458,308.15,0.45055887,0.5386196,0.010821573,0.00048241537,0.83667016,0.16284746
no,(3-cyanopropyl)methylpyrrolidinium thiocyanate,C[N+]1(CCCC#N)CCCC1.N#C[S-],[N-C3CNMPyr][SCN],thiophene,c1ccsc1,S-compound,n-heptane,CCCCCCC,alkane,0.453,0.547,0.0,0.0,0.999,0.001,1.0,458,308.15,0.4220616,0.56912416,0.0088142585,0.00049734605,0.8900216,0.10948099
,1-butyl-3-methylimidazolium trifluoromethanesulfonate,CCCCn1cc[n+](C)c1.O=S(=O)([O-])C(F)(F)F,[C4MIm][CF3SO3],thiophene,c1ccsc1,S-compound,n-heptane,CCCCCCC,alkane,0.9131,0.0577,0.0292,0.0321,0.0402,0.9277,0.0,472,298.15,0.9201724,0.06765829,0.012169389,0.00011367999,0.04654137,0.95334494
,1-butyl-3-methylimidazolium trifluoromethanesulfonate,CCCCn1cc[n+](C)c1.O=S(=O)([O-])C(F)(F)F,[C4MIm][CF3SO3],thiophene,c1ccsc1,S-compound,n-heptane,CCCCCCC,alkane,0.8009,0.176,0.0231,0.0,0.1285,0.8715,0.09090909,472,298.15,0.8594181,0.12709488,0.013486976,0.00014846011,0.08604513,0.9138064
,1-butyl-3-methylimidazolium trifluoromethanesulfonate,CCCCn1cc[n+](C)c1.O=S(=O)([O-])C(F)(F)F,[C4MIm][CF3SO3],thiophene,c1ccsc1,S-compound,n-heptane,CCCCCCC,alkane,0.611,0.3512,0.0378,0.0,0.2142,0.7858,0.18181819,472,298.15,0.79149956,0.1937175,0.014783046,0.00018088192,0.13576907,0.86405003
,1-butyl-3-methylimidazolium trifluoromethanesulfonate,CCCCn1cc[n+](C)c1.O=S(=O)([O-])C(F)(F)F,[C4MIm][CF3SO3],thiophene,c1ccsc1,S-compound,n-heptane,CCCCCCC,alkane,0.5773,0.3837,0.039,0.0,0.307,0.693,0.27272728,472,298.15,0.7320001,0.25173044,0.016269423,0.00021258759,0.18865469,0.8111326
,1-butyl-3-methylimidazolium trifluoromethanesulfonate,CCCCn1cc[n+](C)c1.O=S(=O)([O-])C(F)(F)F,[C4MIm][CF3SO3],thiophene,c1ccsc1,S-compound,n-heptane,CCCCCCC,alkane,0.5374,0.4363,0.0263,0.0,0.3325,0.6675,0.36363637,472,298.15,0.6791478,0.30303615,0.017816035,0.00024791263,0.2443776,0.7553745
,1-butyl-3-methylimidazolium trifluoromethanesulfonate,CCCCn1cc[n+](C)c1.O=S(=O)([O-])C(F)(F)F,[C4MIm][CF3SO3],thiophene,c1ccsc1,S-compound,n-heptane,CCCCCCC,alkane,0.5238,0.4497,0.0265,0.0,0.3733,0.6267,0.45454547,472,298.15,0.62434584,0.35653582,0.01911833,0.00028847865,0.30799627,0.69171524
,1-butyl-3-methylimidazolium trifluoromethanesulfonate,CCCCn1cc[n+](C)c1.O=S(=O)([O-])C(F)(F)F,[C4MIm][CF3SO3],thiophene,c1ccsc1,S-compound,n-heptane,CCCCCCC,alkane,0.4984,0.4745,0.0271,0.0,0.4053,0.5947,0.54545456,472,298.15,0.56723374,0.41279504,0.019971237,0.00033746377,0.37920743,0.620455
,1-butyl-3-methylimidazolium trifluoromethanesulfonate,CCCCn1cc[n+](C)c1.O=S(=O)([O-])C(F)(F)F,[C4MIm][CF3SO3],thiophene,c1ccsc1,S-compound,n-heptane,CCCCCCC,alkane,0.4449,0.5216,0.0335,0.0,0.4378,0.5622,0.6363636,472,298.15,0.5093834,0.47032788,0.020288728,0.00039403143,0.45468432,0.5449216
,1-butyl-3-methylimidazolium trifluoromethanesulfonate,CCCCn1cc[n+](C)c1.O=S(=O)([O-])C(F)(F)F,[C4MIm][CF3SO3],thiophene,c1ccsc1,S-compound,n-heptane,CCCCCCC,alkane,0.3432,0.6211,0.0357,0.0,0.6277,0.3723,0.72727275,472,298.15,0.45488137,0.5250128,0.020105835,0.00045971354,0.52955866,0.46998164
,1-butyl-3-methylimidazolium trifluoromethanesulfonate,CCCCn1cc[n+](C)c1.O=S(=O)([O-])C(F)(F)F,[C4MIm][CF3SO3],thiophene,c1ccsc1,S-compound,n-heptane,CCCCCCC,alkane,0.285,0.6764,0.0386,0.0,0.7065,0.2935,0.8181818,472,298.15,0.40496325,0.5757015,0.019335292,0.0005335956,0.6049456,0.39452082
,1-butyl-3-methylimidazolium trifluoromethanesulfonate,CCCCn1cc[n+](C)c1.O=S(=O)([O-])C(F)(F)F,[C4MIm][CF3SO3],thiophene,c1ccsc1,S-compound,n-heptane,CCCCCCC,alkane,0.25620002,0.70970005,0.034100004,0.0,0.7652,0.2348,0.90909094,472,298.15,0.36135924,0.6207808,0.017859949,0.00060790975,0.6816443,0.3177478
,1-butyl-3-methylimidazolium trifluoromethanesulfonate,CCCCn1cc[n+](C)c1.O=S(=O)([O-])C(F)(F)F,[C4MIm][CF3SO3],thiophene,c1ccsc1,S-compound,n-heptane,CCCCCCC,alkane,0.2397,0.7305,0.0298,0.0,0.8288,0.1712,1.0,472,298.15,0.32333532,0.66108197,0.01558268,0.0006658917,0.7611256,0.23820849
,1-methyl-3-octyl-imidazolium nitrate,CCCCCCCC[n+]1ccn(C)c1.O=[N+]([O-])[O-],[C8MIm][NO3],thiophene,c1ccsc1,S-compound,n-decane,CCCCCCCCCC,alkane,0.471,0.493,0.036,0.0,0.373,0.627,0.0,498,298.15,0.64671606,0.34326953,0.010014422,0.00040053632,0.2650814,0.7345181
,1-methyl-3-octyl-imidazolium nitrate,CCCCCCCC[n+]1ccn(C)c1.O=[N+]([O-])[O-],[C8MIm][NO3],thiophene,c1ccsc1,S-compound,n-decane,CCCCCCCCCC,alkane,0.566,0.394,0.04,0.0,0.287,0.713,0.125,498,298.15,0.646975,0.33986375,0.013161318,0.00034356816,0.25550988,0.7441466
,1-methyl-3-octyl-imidazolium nitrate,CCCCCCCC[n+]1ccn(C)c1.O=[N+]([O-])[O-],[C8MIm][NO3],thiophene,c1ccsc1,S-compound,n-decane,CCCCCCCCCC,alkane,0.624,0.342,0.034,0.0,0.212,0.788,0.25,498,298.15,0.66649026,0.317857,0.015652815,0.00034201206,0.24382089,0.7558371
,1-methyl-3-octyl-imidazolium nitrate,CCCCCCCC[n+]1ccn(C)c1.O=[N+]([O-])[O-],[C8MIm][NO3],thiophene,c1ccsc1,S-compound,n-decane,CCCCCCCCCC,alkane,0.681,0.286,0.033,0.0,0.185,0.815,0.375,498,298.15,0.6947413,0.28751692,0.017741812,0.0003809828,0.2231676,0.7764514
,1-methyl-3-octyl-imidazolium nitrate,CCCCCCCC[n+]1ccn(C)c1.O=[N+]([O-])[O-],[C8MIm][NO3],thiophene,c1ccsc1,S-compound,n-decane,CCCCCCCCCC,alkane,0.758,0.209,0.033,0.0,0.132,0.868,0.5,498,298.15,0.73176426,0.24838252,0.019853232,0.00045284678,0.18899907,0.810548
,1-methyl-3-octyl-imidazolium nitrate,CCCCCCCC[n+]1ccn(C)c1.O=[N+]([O-])[O-],[C8MIm][NO3],thiophene,c1ccsc1,S-compound,n-decane,CCCCCCCCCC,alkane,0.829,0.138,0.033,0.0,0.08,0.92,0.625,498,298.15,0.77500904,0.20317227,0.021818666,0.0005544112,0.1485607,0.8508848
,1-methyl-3-octyl-imidazolium nitrate,CCCCCCCC[n+]1ccn(C)c1.O=[N+]([O-])[O-],[C8MIm][NO3],thiophene,c1ccsc1,S-compound,n-decane,CCCCCCCCCC,alkane,0.861,0.107,0.032,0.0,0.061,0.939,0.75,498,298.15,0.81817305,0.15891291,0.022914005,0.00069129624,0.113825195,0.88548344
,1-methyl-3-octyl-imidazolium nitrate,CCCCCCCC[n+]1ccn(C)c1.O=[N+]([O-])[O-],[C8MIm][NO3],thiophene,c1ccsc1,S-compound,n-decane,CCCCCCCCCC,alkane,0.88,0.086,0.034,0.0,0.045,0.955,0.875,498,298.15,0.8561036,0.121357754,0.02253868,0.0008875228,0.09023364,0.9088788
,1-methyl-3-octyl-imidazolium nitrate,CCCCCCCC[n+]1ccn(C)c1.O=[N+]([O-])[O-],[C8MIm][NO3],thiophene,c1ccsc1,S-compound,n-decane,CCCCCCCCCC,alkane,0.921,0.043,0.036,0.0,0.023,0.977,1.0,498,298.15,0.8853227,0.093734875,0.02094239,0.001161693,0.07706427,0.921774
,1-ethyl-3-methylimidazolium methanesulfonate,CCn1cc[n+](C)c1.CS(=O)(=O)[O-],[C2MIm][CH3SO3],thiophene,c1ccsc1,S-compound,n-hexadecane,CCCCCCCCCCCCCCCC,alkane,0.898,0.065,0.037,0.0,0.05,0.95,0.0,500,298.15,0.9637578,0.030078014,0.006164115,2.3197332e-05,0.04621303,0.9537638
,1-ethyl-3-methylimidazolium methanesulfonate,CCn1cc[n+](C)c1.CS(=O)(=O)[O-],[C2MIm][CH3SO3],thiophene,c1ccsc1,S-compound,n-hexadecane,CCCCCCCCCCCCCCCC,alkane,0.856,0.123,0.021,0.0,0.102,0.898,0.11111111,500,298.15,0.921,0.07231622,0.006683792,3.347735e-05,0.10307784,0.8968887
,1-ethyl-3-methylimidazolium methanesulfonate,CCn1cc[n+](C)c1.CS(=O)(=O)[O-],[C2MIm][CH3SO3],thiophene,c1ccsc1,S-compound,n-hexadecane,CCCCCCCCCCCCCCCC,alkane,0.819,0.166,0.015,0.0,0.155,0.845,0.22222222,500,298.15,0.87024957,0.122536615,0.0072138035,4.2631556e-05,0.17222463,0.82773274
,1-ethyl-3-methylimidazolium methanesulfonate,CCn1cc[n+](C)c1.CS(=O)(=O)[O-],[C2MIm][CH3SO3],thiophene,c1ccsc1,S-compound,n-hexadecane,CCCCCCCCCCCCCCCC,alkane,0.763,0.226,0.011,0.0,0.207,0.793,0.33333334,500,298.15,0.82859564,0.16355291,0.007851385,5.171287e-05,0.2366511,0.76329726
,1-ethyl-3-methylimidazolium methanesulfonate,CCn1cc[n+](C)c1.CS(=O)(=O)[O-],[C2MIm][CH3SO3],thiophene,c1ccsc1,S-compound,n-hexadecane,CCCCCCCCCCCCCCCC,alkane,0.728,0.262,0.01,0.0,0.271,0.729,0.44444445,500,298.15,0.7933648,0.19813323,0.008501948,6.324174e-05,0.29764825,0.70228857
,1-ethyl-3-methylimidazolium methanesulfonate,CCn1cc[n+](C)c1.CS(=O)(=O)[O-],[C2MIm][CH3SO3],thiophene,c1ccsc1,S-compound,n-hexadecane,CCCCCCCCCCCCCCCC,alkane,0.68100005,0.30800003,0.011000001,0.0,0.312,0.688,0.5555556,500,298.15,0.76262987,0.22833604,0.0090340935,7.850959e-05,0.35593218,0.64398926
,1-ethyl-3-methylimidazolium methanesulfonate,CCn1cc[n+](C)c1.CS(=O)(=O)[O-],[C2MIm][CH3SO3],thiophene,c1ccsc1,S-compound,n-hexadecane,CCCCCCCCCCCCCCCC,alkane,0.654,0.338,0.008,0.0,0.376,0.624,0.6666667,500,298.15,0.73668915,0.25396562,0.009345216,9.8210956e-05,0.41079643,0.5891054
,1-ethyl-3-methylimidazolium methanesulfonate,CCn1cc[n+](C)c1.CS(=O)(=O)[O-],[C2MIm][CH3SO3],thiophene,c1ccsc1,S-compound,n-hexadecane,CCCCCCCCCCCCCCCC,alkane,0.63600004,0.35800004,0.0060000005,0.0,0.432,0.568,0.7777778,500,298.15,0.7145878,0.27604198,0.0093701575,0.00012306053,0.46396068,0.53591627
,1-ethyl-3-methylimidazolium methanesulfonate,CCn1cc[n+](C)c1.CS(=O)(=O)[O-],[C2MIm][CH3SO3],thiophene,c1ccsc1,S-compound,n-hexadecane,CCCCCCCCCCCCCCCC,alkane,0.59000003,0.40100002,0.009000001,0.0,0.485,0.515,0.8888889,500,298.15,0.6958352,0.2950429,0.009121919,0.00015354024,0.51637673,0.4834697
,1-ethyl-3-methylimidazolium methanesulfonate,CCn1cc[n+](C)c1.CS(=O)(=O)[O-],[C2MIm][CH3SO3],thiophene,c1ccsc1,S-compound,n-hexadecane,CCCCCCCCCCCCCCCC,alkane,0.556,0.425,0.019,0.0,0.531,0.469,1.0,500,298.15,0.67997545,0.3113993,0.0086252075,0.00019036545,0.5699228,0.42988685
,1-butyl-3-methylimidazolium thiocyanate,CCCCn1cc[n+](C)c1.N#C[S-],[C4MIm][SCN],Thiophene,c1ccsc1,S-compound,n-Hexane,CCCCCC,alkane,0.958,0.029,0.013,0.0,0.012,0.988,0.0,518,298.15,0.97463,0.019698404,0.005671514,2.437572e-05,0.010738305,0.98923737
,1-butyl-3-methylimidazolium thiocyanate,CCCCn1cc[n+](C)c1.N#C[S-],[C4MIm][SCN],Thiophene,c1ccsc1,S-compound,n-Hexane,CCCCCC,alkane,0.904,0.083,0.013,0.0,0.038,0.962,0.125,518,298.15,0.93863195,0.05501074,0.0063573006,3.8048627e-05,0.028666394,0.9712955
,1-butyl-3-methylimidazolium thiocyanate,CCCCn1cc[n+](C)c1.N#C[S-],[C4MIm][SCN],Thiophene,c1ccsc1,S-compound,n-Hexane,CCCCCC,alkane,0.883,0.105,0.012,0.0,0.054,0.946,0.25,518,298.15,0.88798916,0.10494092,0.0070699644,5.208587e-05,0.058033183,0.94191474
,1-butyl-3-methylimidazolium thiocyanate,CCCCn1cc[n+](C)c1.N#C[S-],[C4MIm][SCN],Thiophene,c1ccsc1,S-compound,n-Hexane,CCCCCC,alkane,0.829,0.158,0.013,0.0,0.078,0.922,0.375,518,298.15,0.83872473,0.15332252,0.00795272,6.610281e-05,0.09560007,0.90433383
,1-butyl-3-methylimidazolium thiocyanate,CCCCn1cc[n+](C)c1.N#C[S-],[C4MIm][SCN],Thiophene,c1ccsc1,S-compound,n-Hexane,CCCCCC,alkane,0.795,0.192,0.013,0.0,0.11,0.89,0.5,518,298.15,0.7842109,0.20692348,0.008865582,8.269308e-05,0.14561245,0.85430485
,1-butyl-3-methylimidazolium thiocyanate,CCCCn1cc[n+](C)c1.N#C[S-],[C4MIm][SCN],Thiophene,c1ccsc1,S-compound,n-Hexane,CCCCCC,alkane,0.71500003,0.27100003,0.014000001,0.0,0.175,0.825,0.625,518,298.15,0.7179491,0.27247587,0.009575042,0.00010393038,0.212814,0.78708196
,1-butyl-3-methylimidazolium thiocyanate,CCCCn1cc[n+](C)c1.N#C[S-],[C4MIm][SCN],Thiophene,c1ccsc1,S-compound,n-Hexane,CCCCCC,alkane,0.66400003,0.32500002,0.011000001,0.0,0.245,0.755,0.75,518,298.15,0.64212763,0.3479342,0.009938176,0.0001308874,0.29663116,0.70323795
,1-butyl-3-methylimidazolium thiocyanate,CCCCn1cc[n+](C)c1.N#C[S-],[C4MIm][SCN],Thiophene,c1ccsc1,S-compound,n-Hexane,CCCCCC,alkane,0.6046046,0.3823824,0.013013014,0.0,0.294,0.706,0.875,518,298.15,0.56201345,0.4280558,0.009930723,0.00016493438,0.39188328,0.60795176
,1-butyl-3-methylimidazolium thiocyanate,CCCCn1cc[n+](C)c1.N#C[S-],[C4MIm][SCN],Thiophene,c1ccsc1,S-compound,n-Hexane,CCCCCC,alkane,0.5189621,0.46706587,0.013972057,0.0,0.386,0.614,1.0,518,298.15,0.48362824,0.50678754,0.009584222,0.00020790755,0.49228796,0.5075041
,1-ethyl-3-methylimidazolium diethylphosphate,CCOP(=O)([O-])OCC.CCn1cc[n+](C)c1,[C2MIm][DEP],thiophene,c1ccsc1,S-compound,toluene,Cc1ccccc1,aromatic,0.471,0.0,0.529,0.0,0.0,1.0,0.0,525,298.15,0.6182408,0.011064987,0.37069428,0.0024316155,0.035386093,0.9621823
,1-ethyl-3-methylimidazolium diethylphosphate,CCOP(=O)([O-])OCC.CCn1cc[n+](C)c1,[C2MIm][DEP],thiophene,c1ccsc1,S-compound,toluene,Cc1ccccc1,aromatic,0.42,0.123,0.457,0.0,0.112,0.888,0.14285715,525,298.15,0.5295748,0.029081352,0.44134384,0.0020590103,0.06635486,0.93158615
,1-ethyl-3-methylimidazolium diethylphosphate,CCOP(=O)([O-])OCC.CCn1cc[n+](C)c1,[C2MIm][DEP],thiophene,c1ccsc1,S-compound,toluene,Cc1ccccc1,aromatic,0.385,0.217,0.398,0.0,0.226,0.774,0.2857143,525,298.15,0.49569172,0.081329435,0.42297882,0.0021823812,0.14330249,0.8545151
,1-ethyl-3-methylimidazolium diethylphosphate,CCOP(=O)([O-])OCC.CCn1cc[n+](C)c1,[C2MIm][DEP],thiophene,c1ccsc1,S-compound,toluene,Cc1ccccc1,aromatic,0.36,0.291,0.349,0.0,0.311,0.689,0.42857143,525,298.15,0.46072656,0.17097744,0.36829594,0.0024502154,0.25638172,0.741168
,1-ethyl-3-methylimidazolium diethylphosphate,CCOP(=O)([O-])OCC.CCn1cc[n+](C)c1,[C2MIm][DEP],thiophene,c1ccsc1,S-compound,toluene,Cc1ccccc1,aromatic,0.309,0.409,0.282,0.0,0.452,0.548,0.5714286,525,298.15,0.4210523,0.2566073,0.32234043,0.002859417,0.3618536,0.635287
,1-ethyl-3-methylimidazolium diethylphosphate,CCOP(=O)([O-])OCC.CCn1cc[n+](C)c1,[C2MIm][DEP],thiophene,c1ccsc1,S-compound,toluene,Cc1ccccc1,aromatic,0.27,0.511,0.219,0.0,0.597,0.403,0.71428573,525,298.15,0.3830075,0.32896623,0.28802627,0.0036083271,0.45717347,0.5392182
,1-ethyl-3-methylimidazolium diethylphosphate,CCOP(=O)([O-])OCC.CCn1cc[n+](C)c1,[C2MIm][DEP],thiophene,c1ccsc1,S-compound,toluene,Cc1ccccc1,aromatic,0.236,0.603,0.161,0.0,0.712,0.288,0.85714287,525,298.15,0.35334226,0.39650035,0.2501574,0.0048261615,0.56094235,0.43423143
,1-ethyl-3-methylimidazolium diethylphosphate,CCOP(=O)([O-])OCC.CCn1cc[n+](C)c1,[C2MIm][DEP],thiophene,c1ccsc1,S-compound,toluene,Cc1ccccc1,aromatic,0.19100001,0.72400004,0.08500001,0.0,0.87,0.13,1.0,525,298.15,0.34042692,0.45556262,0.20401052,0.006452778,0.6736474,0.31989977
,1-methyl-3-octyl-imidazolium bis(trifluoromethylsulfonyl)imide,CCCCCCCC[n+]1ccn(C)c1.O=S(=O)([N-]S(=O)(=O)C(F)(F)F)C(F)(F)F,[C8MIm][NTf2],thiophene,c1ccsc1,S-compound,cyclohexane,C1CCCCC1,cycloalkane,0.646,0.0,0.354,0.003,0.0,0.997,0.0,526,298.15,0.75035524,0.041575592,0.20806916,0.0009556053,0.03760371,0.9614406
,1-methyl-3-octyl-imidazolium bis(trifluoromethylsulfonyl)imide,CCCCCCCC[n+]1ccn(C)c1.O=S(=O)([N-]S(=O)(=O)C(F)(F)F)C(F)(F)F,[C8MIm][NTf2],thiophene,c1ccsc1,S-compound,cyclohexane,C1CCCCC1,cycloalkane,0.488,0.195,0.317,0.002,0.087,0.911,0.125,526,298.15,0.6644646,0.12386536,0.21167003,0.001395515,0.09845828,0.9001462
,1-methyl-3-octyl-imidazolium bis(trifluoromethylsulfonyl)imide,CCCCCCCC[n+]1ccn(C)c1.O=S(=O)([N-]S(=O)(=O)C(F)(F)F)C(F)(F)F,[C8MIm][NTf2],thiophene,c1ccsc1,S-compound,cyclohexane,C1CCCCC1,cycloalkane,0.419,0.272,0.309,0.004,0.127,0.869,0.25,526,298.15,0.5399916,0.26063922,0.19936913,0.0019170205,0.2032715,0.7948115
,1-methyl-3-octyl-imidazolium bis(trifluoromethylsulfonyl)imide,CCCCCCCC[n+]1ccn(C)c1.O=S(=O)([N-]S(=O)(=O)C(F)(F)F)C(F)(F)F,[C8MIm][NTf2],thiophene,c1ccsc1,S-compound,cyclohexane,C1CCCCC1,cycloalkane,0.301,0.427,0.272,0.003,0.271,0.726,0.375,526,298.15,0.4283507,0.38468248,0.18696685,0.0024763448,0.32053176,0.6769919
,1-methyl-3-octyl-imidazolium bis(trifluoromethylsulfonyl)imide,CCCCCCCC[n+]1ccn(C)c1.O=S(=O)([N-]S(=O)(=O)C(F)(F)F)C(F)(F)F,[C8MIm][NTf2],thiophene,c1ccsc1,S-compound,cyclohexane,C1CCCCC1,cycloalkane,0.21,0.552,0.238,0.003,0.455,0.542,0.5,526,298.15,0.34168887,0.48156357,0.17674756,0.0031883956,0.43615973,0.5606519
,1-methyl-3-octyl-imidazolium bis(trifluoromethylsulfonyl)imide,CCCCCCCC[n+]1ccn(C)c1.O=S(=O)([N-]S(=O)(=O)C(F)(F)F)C(F)(F)F,[C8MIm][NTf2],thiophene,c1ccsc1,S-compound,cyclohexane,C1CCCCC1,cycloalkane,0.166,0.629,0.205,0.003,0.587,0.41,0.625,526,298.15,0.26891837,0.5684762,0.16260539,0.0041509494,0.55020213,0.4456469
,1-methyl-3-octyl-imidazolium bis(trifluoromethylsulfonyl)imide,CCCCCCCC[n+]1ccn(C)c1.O=S(=O)([N-]S(=O)(=O)C(F)(F)F)C(F)(F)F,[C8MIm][NTf2],thiophene,c1ccsc1,S-compound,cyclohexane,C1CCCCC1,cycloalkane,0.133,0.698,0.169,0.003,0.712,0.285,0.75,526,298.15,0.21061134,0.6471472,0.14224143,0.0053711217,0.66038656,0.3342423
,1-methyl-3-octyl-imidazolium bis(trifluoromethylsulfonyl)imide,CCCCCCCC[n+]1ccn(C)c1.O=S(=O)([N-]S(=O)(=O)C(F)(F)F)C(F)(F)F,[C8MIm][NTf2],thiophene,c1ccsc1,S-compound,cyclohexane,C1CCCCC1,cycloalkane,0.093,0.806,0.101,0.003,0.838,0.159,0.875,526,298.15,0.16932248,0.7146923,0.11598524,0.0066747013,0.76469654,0.2286287
,1-methyl-3-octyl-imidazolium bis(trifluoromethylsulfonyl)imide,CCCCCCCC[n+]1ccn(C)c1.O=S(=O)([N-]S(=O)(=O)C(F)(F)F)C(F)(F)F,[C8MIm][NTf2],thiophene,c1ccsc1,S-compound,cyclohexane,C1CCCCC1,cycloalkane,0.08,0.851,0.069,0.001,0.906,0.093,1.0,526,298.15,0.14322816,0.7678462,0.088925645,0.007746281,0.8498795,0.14237426
,1-ethyl-3-methylimidazolium thiocyanate,CCn1cc[n+](C)c1.N#C[S-],[C2MIm][SCN],pyridine,c1ccncc1,N-compound,n-heptane,CCCCCCC,alkane,0.7167,0.2769,0.0064,0.0126,0.0719,0.9155,0.33333334,542,298.15,0.6352209,0.35962337,0.005155771,1.0930445e-05,0.17551075,0.8244783
,1-ethyl-3-methylimidazolium thiocyanate,CCn1cc[n+](C)c1.N#C[S-],[C2MIm][SCN],pyridine,c1ccncc1,N-compound,n-heptane,CCCCCCC,alkane,0.4382,0.5485,0.0133,0.0,0.194,0.806,0.8333333,542,298.15,0.4544804,0.53977567,0.0057438957,3.1312014e-05,0.3519342,0.6480345
,1-ethyl-3-methylimidazolium thiocyanate,CCn1cc[n+](C)c1.N#C[S-],[C2MIm][SCN],pyridine,c1ccncc1,N-compound,n-heptane,CCCCCCC,alkane,0.829,0.167,0.004,0.0,0.0346,0.9654,0.16666667,542,298.15,0.69462556,0.3005901,0.004784328,8.55982e-06,0.120292805,0.87969863
,1-ethyl-3-methylimidazolium thiocyanate,CCn1cc[n+](C)c1.N#C[S-],[C2MIm][SCN],pyridine,c1ccncc1,N-compound,n-heptane,CCCCCCC,alkane,0.5504,0.4363,0.0133,0.0,0.1104,0.8896,0.5,542,298.15,0.5744234,0.42006508,0.005511536,1.48362615e-05,0.2327176,0.7672675
,1-ethyl-3-methylimidazolium thiocyanate,CCn1cc[n+](C)c1.N#C[S-],[C2MIm][SCN],pyridine,c1ccncc1,N-compound,n-heptane,CCCCCCC,alkane,0.4735,0.5078,0.0187,0.0,0.1542,0.8458,0.6666667,542,298.15,0.512123,0.48214573,0.005731322,2.1078393e-05,0.2902501,0.7097289
,1-ethyl-3-methylimidazolium thiocyanate,CCn1cc[n+](C)c1.N#C[S-],[C2MIm][SCN],pyridine,c1ccncc1,N-compound,n-heptane,CCCCCCC,alkane,0.2597,0.7201,0.0202,0.0,0.511,0.489,1.0,542,298.15,0.4155618,0.5789925,0.005445681,4.8301546e-05,0.42639714,0.57355464
,1-ethyl-3-methylimidazolium thiocyanate,CCn1cc[n+](C)c1.N#C[S-],[C2MIm][SCN],pyridine,c1ccncc1,N-compound,n-heptane,CCCCCCC,alkane,0.8978,0.0992,0.003,0.0133,0.0263,0.9604,0.0,542,298.15,0.7679591,0.22750555,0.004535295,7.249251e-06,0.06980975,0.930183
,N-hexylisoquinolinium thiocyanate,CCCCCC[n+]1ccc2ccccc2c1.N#C[S-],[C6iQuin][SCN],pyridine,c1ccncc1,N-compound,n-heptane,CCCCCCC,alkane,0.976,0.0,0.024,0.0,0.0,1.0,0.0,543,298.15,0.9361591,0.04150128,0.02233967,3.157022e-05,0.0072514485,0.9927169
,N-hexylisoquinolinium thiocyanate,CCCCCC[n+]1ccc2ccccc2c1.N#C[S-],[C6iQuin][SCN],pyridine,c1ccncc1,N-compound,n-heptane,CCCCCCC,alkane,0.825,0.152,0.023,0.0,0.024,0.976,0.1,543,298.15,0.87132126,0.10336469,0.025314055,4.6104793e-05,0.017685967,0.98226786
,N-hexylisoquinolinium thiocyanate,CCCCCC[n+]1ccc2ccccc2c1.N#C[S-],[C6iQuin][SCN],pyridine,c1ccncc1,N-compound,n-heptane,CCCCCCC,alkane,0.682,0.295,0.023,0.0,0.055,0.945,0.2,543,298.15,0.76913416,0.20361759,0.027248306,6.6719724e-05,0.038237825,0.9616955
,N-hexylisoquinolinium thiocyanate,CCCCCC[n+]1ccc2ccccc2c1.N#C[S-],[C6iQuin][SCN],pyridine,c1ccncc1,N-compound,n-heptane,CCCCCCC,alkane,0.594,0.383,0.023,0.0,0.084,0.916,0.3,543,298.15,0.6623216,0.30802107,0.029657362,9.279551e-05,0.06838408,0.93152314
,N-hexylisoquinolinium thiocyanate,CCCCCC[n+]1ccc2ccccc2c1.N#C[S-],[C6iQuin][SCN],pyridine,c1ccncc1,N-compound,n-heptane,CCCCCCC,alkane,0.537,0.438,0.025,0.0,0.102,0.898,0.4,543,298.15,0.56697774,0.3998356,0.033186696,0.00012769285,0.1075835,0.8922888
,N-hexylisoquinolinium thiocyanate,CCCCCC[n+]1ccc2ccccc2c1.N#C[S-],[C6iQuin][SCN],pyridine,c1ccncc1,N-compound,n-heptane,CCCCCCC,alkane,0.425,0.548,0.027,0.0,0.153,0.847,0.5,543,298.15,0.47623655,0.48661822,0.037145223,0.0001780671,0.15924405,0.84057784
,N-hexylisoquinolinium thiocyanate,CCCCCC[n+]1ccc2ccccc2c1.N#C[S-],[C6iQuin][SCN],pyridine,c1ccncc1,N-compound,n-heptane,CCCCCCC,alkane,0.38100004,0.59000003,0.029000001,0.0,0.2,0.8,0.6,543,298.15,0.389012,0.5703696,0.040618375,0.00025099664,0.22570522,0.77404374
,N-hexylisoquinolinium thiocyanate,CCCCCC[n+]1ccc2ccccc2c1.N#C[S-],[C6iQuin][SCN],pyridine,c1ccncc1,N-compound,n-heptane,CCCCCCC,alkane,0.285,0.682,0.033,0.0,0.274,0.726,0.7,543,298.15,0.30971572,0.6472086,0.04307573,0.00035338482,0.30515397,0.69449264
,N-hexylisoquinolinium thiocyanate,CCCCCC[n+]1ccc2ccccc2c1.N#C[S-],[C6iQuin][SCN],pyridine,c1ccncc1,N-compound,n-heptane,CCCCCCC,alkane,0.217,0.741,0.042,0.0,0.359,0.641,0.8,543,298.15,0.24281342,0.71280146,0.044385176,0.00049121055,0.39161512,0.6078937
,N-hexylisoquinolinium thiocyanate,CCCCCC[n+]1ccc2ccccc2c1.N#C[S-],[C6iQuin][SCN],pyridine,c1ccncc1,N-compound,n-heptane,CCCCCCC,alkane,0.175,0.775,0.05,0.0,0.426,0.574,0.9,543,298.15,0.18945304,0.76595485,0.044592123,0.0006745884,0.48000735,0.51931804
,N-hexylisoquinolinium thiocyanate,CCCCCC[n+]1ccc2ccccc2c1.N#C[S-],[C6iQuin][SCN],pyridine,c1ccncc1,N-compound,n-heptane,CCCCCCC,alkane,0.133,0.803,0.064,0.0,0.539,0.461,1.0,543,298.15,0.14993337,0.80652815,0.04353851,0.0009095159,0.5677315,0.43135896
,1-ethyl-3-methylimidazolium acetate,CC(=O)[O-].CCn1cc[n+](C)c1,[C2MIm][OAc],pyridine,c1ccncc1,N-compound,n-pentane,CCCCC,alkane,0.6481,0.1134,0.2385,0.0,0.0691,0.9309,0.0,550,298.15,0.93576133,0.040344145,0.023894534,0.0003222521,0.025889724,0.97378796
,1-ethyl-3-methylimidazolium acetate,CC(=O)[O-].CCn1cc[n+](C)c1,[C2MIm][OAc],pyridine,c1ccncc1,N-compound,n-pentane,CCCCC,alkane,0.6045,0.1655,0.23,0.0,0.1121,0.8879,0.14285715,550,298.15,0.84953386,0.12377282,0.02669335,0.00047861683,0.07851407,0.9210074
,1-ethyl-3-methylimidazolium acetate,CC(=O)[O-].CCn1cc[n+](C)c1,[C2MIm][OAc],pyridine,c1ccncc1,N-compound,n-pentane,CCCCC,alkane,0.5735,0.206,0.2205,0.0,0.1452,0.8548,0.2857143,550,298.15,0.74802774,0.2227298,0.029242491,0.000604816,0.16324843,0.8361468
,1-ethyl-3-methylimidazolium acetate,CC(=O)[O-].CCn1cc[n+](C)c1,[C2MIm][OAc],pyridine,c1ccncc1,N-compound,n-pentane,CCCCC,alkane,0.5248,0.2869,0.1883,0.0,0.2747,0.7253,0.42857143,550,298.15,0.6445028,0.32429144,0.031205751,0.0007362457,0.28527096,0.71399283
,1-ethyl-3-methylimidazolium acetate,CC(=O)[O-].CCn1cc[n+](C)c1,[C2MIm][OAc],pyridine,c1ccncc1,N-compound,n-pentane,CCCCC,alkane,0.4853,0.3674,0.1473,0.0,0.4575,0.5425,0.5714286,550,298.15,0.5353908,0.43362233,0.030986855,0.00088154525,0.44492218,0.55419624
,1-ethyl-3-methylimidazolium acetate,CC(=O)[O-].CCn1cc[n+](C)c1,[C2MIm][OAc],pyridine,c1ccncc1,N-compound,n-pentane,CCCCC,alkane,0.4433,0.4335,0.1232,0.0,0.5198,0.4802,0.71428573,550,298.15,0.43176466,0.53990465,0.028330605,0.0010169899,0.6109431,0.38803986
,1-ethyl-3-methylimidazolium acetate,CC(=O)[O-].CCn1cc[n+](C)c1,[C2MIm][OAc],pyridine,c1ccncc1,N-compound,n-pentane,CCCCC,alkane,0.4221,0.4643,0.1136,0.0,0.5434,0.4566,0.85714287,550,298.15,0.34387612,0.63231695,0.023806937,0.0011364197,0.7519437,0.24691986
,1-ethyl-3-methylimidazolium acetate,CC(=O)[O-].CCn1cc[n+](C)c1,[C2MIm][OAc],pyridine,c1ccncc1,N-compound,n-pentane,CCCCC,alkane,0.4036,0.4945,0.1019,0.0,0.6535,0.3465,1.0,550,298.15,0.27561015,0.70670176,0.017688105,0.0011769079,0.8643752,0.13444789
,1-benzyl-3-methylimidazolium dicyanamide,C[n+]1ccn(Cc2ccccc2)c1.N#CN=C=[N-],[BzMIm][N(CN)2],1-hexene,C=CCCCC,alkene,n-hexane,CCCCCC,alkane,0.991,0.0,0.009,0.0,0.0,1.0,0.05882353,579,298.15,0.9900529,0.0006799373,0.009267156,1.3657071e-06,0.044504024,0.9554946
,1-benzyl-3-methylimidazolium dicyanamide,C[n+]1ccn(Cc2ccccc2)c1.N#CN=C=[N-],[BzMIm][N(CN)2],1-hexene,C=CCCCC,alkene,n-hexane,CCCCCC,alkane,0.991,0.001,0.008,0.0,0.031,0.969,0.11764706,579,298.15,0.9900911,0.0012191314,0.008689791,1.6663236e-06,0.07629035,0.923708
,1-benzyl-3-methylimidazolium dicyanamide,C[n+]1ccn(Cc2ccccc2)c1.N#CN=C=[N-],[BzMIm][N(CN)2],1-hexene,C=CCCCC,alkene,n-hexane,CCCCCC,alkane,0.99,0.002,0.008,0.0,0.079,0.921,0.1764706,579,298.15,0.98988974,0.0020987557,0.008011522,2.013467e-06,0.12570082,0.8742972
,1-benzyl-3-methylimidazolium dicyanamide,C[n+]1ccn(Cc2ccccc2)c1.N#CN=C=[N-],[BzMIm][N(CN)2],1-hexene,C=CCCCC,alkene,n-hexane,CCCCCC,alkane,0.989,0.003,0.008,0.0,0.141,0.859,0.23529412,579,298.15,0.9892988,0.0033191994,0.007381977,2.378483e-06,0.19159624,0.80840135
,1-benzyl-3-methylimidazolium dicyanamide,C[n+]1ccn(Cc2ccccc2)c1.N#CN=C=[N-],[BzMIm][N(CN)2],1-hexene,C=CCCCC,alkene,n-hexane,CCCCCC,alkane,0.987,0.005,0.008,0.0,0.215,0.785,0.29411766,579,298.15,0.98849887,0.004687461,0.006813669,2.735115e-06,0.26584697,0.73415035
,1-benzyl-3-methylimidazolium dicyanamide,C[n+]1ccn(Cc2ccccc2)c1.N#CN=C=[N-],[BzMIm][N(CN)2],1-hexene,C=CCCCC,alkene,n-hexane,CCCCCC,alkane,0.986,0.007,0.007,0.0,0.304,0.696,0.3529412,579,298.15,0.9877993,0.0058823107,0.0063184192,3.11185e-06,0.3379036,0.6620933
,1-benzyl-3-methylimidazolium dicyanamide,C[n+]1ccn(Cc2ccccc2)c1.N#CN=C=[N-],[BzMIm][N(CN)2],1-hexene,C=CCCCC,alkene,n-hexane,CCCCCC,alkane,0.984,0.01,0.006,0.0,0.395,0.605,0.4117647,579,298.15,0.9873131,0.0068150912,0.0058717583,3.5556577e-06,0.40524662,0.59474987
,1-benzyl-3-methylimidazolium dicyanamide,C[n+]1ccn(Cc2ccccc2)c1.N#CN=C=[N-],[BzMIm][N(CN)2],1-hexene,C=CCCCC,alkene,n-hexane,CCCCCC,alkane,0.984,0.011,0.005,0.0,0.482,0.518,0.47058824,579,298.15,0.98697126,0.007568092,0.0054606893,4.110063e-06,0.4695302,0.53046566
,1-benzyl-3-methylimidazolium dicyanamide,C[n+]1ccn(Cc2ccccc2)c1.N#CN=C=[N-],[BzMIm][N(CN)2],1-hexene,C=CCCCC,alkene,n-hexane,CCCCCC,alkane,0.982,0.013,0.005,0.0,0.548,0.452,0.5294118,579,298.15,0.98669124,0.008263537,0.005045171,4.8196357e-06,0.5345003,0.4654949
,1-benzyl-3-methylimidazolium dicyanamide,C[n+]1ccn(Cc2ccccc2)c1.N#CN=C=[N-],[BzMIm][N(CN)2],1-hexene,C=CCCCC,alkene,n-hexane,CCCCCC,alkane,0.981,0.015,0.004,0.0,0.618,0.382,0.5882353,579,298.15,0.98646975,0.008960934,0.0045693046,5.7007123e-06,0.6035569,0.39643747
,1-benzyl-3-methylimidazolium dicyanamide,C[n+]1ccn(Cc2ccccc2)c1.N#CN=C=[N-],[BzMIm][N(CN)2],1-hexene,C=CCCCC,alkene,n-hexane,CCCCCC,alkane,0.981,0.016,0.003,0.0,0.695,0.305,0.64705884,579,298.15,0.9863122,0.009672887,0.0040149763,6.69146e-06,0.6772989,0.32269442
,1-benzyl-3-methylimidazolium dicyanamide,C[n+]1ccn(Cc2ccccc2)c1.N#CN=C=[N-],[BzMIm][N(CN)2],1-hexene,C=CCCCC,alkene,n-hexane,CCCCCC,alkane,0.98,0.018,0.002,0.0,0.77,0.23,0.7058824,579,298.15,0.98620045,0.010427236,0.0033723854,7.6848455e-06,0.7553071,0.24468528
,1-benzyl-3-methylimidazolium dicyanamide,C[n+]1ccn(Cc2ccccc2)c1.N#CN=C=[N-],[BzMIm][N(CN)2],1-hexene,C=CCCCC,alkene,n-hexane,CCCCCC,alkane,0.97900003,0.019000001,0.0020000003,0.0,0.834,0.166,0.7647059,579,298.15,0.9860496,0.011239436,0.0027109808,8.482308e-06,0.8287796,0.17121191
,1-benzyl-3-methylimidazolium dicyanamide,C[n+]1ccn(Cc2ccccc2)c1.N#CN=C=[N-],[BzMIm][N(CN)2],1-hexene,C=CCCCC,alkene,n-hexane,CCCCCC,alkane,0.97900003,0.020000001,0.0010000002,0.0,0.887,0.113,0.8235294,579,298.15,0.9857466,0.012155108,0.0020982902,8.9801015e-06,0.88977575,0.110215336
,1-benzyl-3-methylimidazolium dicyanamide,C[n+]1ccn(Cc2ccccc2)c1.N#CN=C=[N-],[BzMIm][N(CN)2],1-hexene,C=CCCCC,alkene,n-hexane,CCCCCC,alkane,0.978,0.021,0.001,0.0,0.929,0.071,0.88235295,579,298.15,0.9852356,0.0131763285,0.0015881094,9.187981e-06,0.9329971,0.0669937
,1-benzyl-3-methylimidazolium dicyanamide,C[n+]1ccn(Cc2ccccc2)c1.N#CN=C=[N-],[BzMIm][N(CN)2],1-hexene,C=CCCCC,alkene,n-hexane,CCCCCC,alkane,0.977,0.022,0.001,0.0,0.96,0.04,0.9411765,579,298.15,0.984501,0.0143077,0.0011913655,9.2451655e-06,0.96060884,0.039381925
,1-benzyl-3-methylimidazolium dicyanamide,C[n+]1ccn(Cc2ccccc2)c1.N#CN=C=[N-],[BzMIm][N(CN)2],1-hexene,C=CCCCC,alkene,n-hexane,CCCCCC,alkane,0.977,0.023,0.0,0.0,1.0,0.0,1.0,579,298.15,0.9835971,0.015496446,0.00090647687,9.34719e-06,0.97656304,0.023427572
,1-allyl-3-methylimidazolium dicyanamide,C=CCn1cc[n+](C)c1.N#CN=C=[N-],[AMIm][N(CN)2],1-hexene,C=CCCCC,alkene,n-hexane,CCCCCC,alkane,0.995,0.0,0.005,0.0,0.0,1.0,0.0,579,298.15,0.9948638,0.00038328886,0.004752917,5.354603e-07,0.035238214,0.96476114
no,(3-cyanopropyl)pyridinium dicyanamide,N#CCCC[n+]1ccccc1.N#CN=C=[N-],[C3CNPy][N(CN)2],cyclohexene,C1=CCCCC1,alkene,cyclohexane,C1CCCCC1,cycloalkane,0.979,0.021,0.0,0.0,1.0,0.0,0.0,599,298.15,0.9844006,0.0154574085,0.00014198502,1.6012192e-06,0.99326164,0.0067367735
no,(3-cyanopropyl)pyridinium dicyanamide,N#CCCC[n+]1ccccc1.N#CN=C=[N-],[C3CNPy][N(CN)2],cyclohexene,C1=CCCCC1,alkene,cyclohexane,C1CCCCC1,cycloalkane,0.979,0.021,0.0,0.0,0.949,0.051,0.11111111,599,298.15,0.9848017,0.014772124,0.00042618735,2.6726923e-06,0.9779236,0.022073736
no,(3-cyanopropyl)pyridinium dicyanamide,N#CCCC[n+]1ccccc1.N#CN=C=[N-],[C3CNPy][N(CN)2],cyclohexene,C1=CCCCC1,alkene,cyclohexane,C1CCCCC1,cycloalkane,0.97900003,0.020000001,0.0010000002,0.0,0.89,0.11,0.22222222,599,298.15,0.98554486,0.0132147055,0.0012404049,4.551116e-06,0.92795104,0.072044365
no,(3-cyanopropyl)pyridinium dicyanamide,N#CCCC[n+]1ccccc1.N#CN=C=[N-],[C3CNPy][N(CN)2],cyclohexene,C1=CCCCC1,alkene,cyclohexane,C1CCCCC1,cycloalkane,0.981,0.017,0.002,0.0,0.79,0.21,0.33333334,599,298.15,0.98550004,0.011600771,0.0028991888,6.971545e-06,0.81396306,0.18602997
no,(3-cyanopropyl)pyridinium dicyanamide,N#CCCC[n+]1ccccc1.N#CN=C=[N-],[C3CNPy][N(CN)2],cyclohexene,C1=CCCCC1,alkene,cyclohexane,C1CCCCC1,cycloalkane,0.983,0.014,0.003,0.0,0.598,0.402,0.44444445,599,298.15,0.98541784,0.009855503,0.004726716,9.377361e-06,0.6572436,0.34274703
no,(3-cyanopropyl)pyridinium dicyanamide,N#CCCC[n+]1ccccc1.N#CN=C=[N-],[C3CNPy][N(CN)2],cyclohexene,C1=CCCCC1,alkene,cyclohexane,C1CCCCC1,cycloalkane,0.986,0.01,0.004,0.0,0.458,0.542,0.5555556,599,298.15,0.98595434,0.0079329,0.0061127553,1.1949637e-05,0.4853261,0.5146619
no,(3-cyanopropyl)pyridinium dicyanamide,N#CCCC[n+]1ccccc1.N#CN=C=[N-],[C3CNPy][N(CN)2],cyclohexene,C1=CCCCC1,alkene,cyclohexane,C1CCCCC1,cycloalkane,0.989,0.006,0.005,0.0,0.274,0.726,0.6666667,599,298.15,0.98678523,0.005819035,0.007395721,1.4301291e-05,0.29955506,0.7004307
no,(3-cyanopropyl)pyridinium dicyanamide,N#CCCC[n+]1ccccc1.N#CN=C=[N-],[C3CNPy][N(CN)2],cyclohexene,C1=CCCCC1,alkene,cyclohexane,C1CCCCC1,cycloalkane,0.99200004,0.0020000003,0.0060000005,0.0,0.109,0.891,0.7777778,599,298.15,0.9872891,0.0038034078,0.008907581,1.5058106e-05,0.139546,0.8604389
no,(3-cyanopropyl)pyridinium dicyanamide,N#CCCC[n+]1ccccc1.N#CN=C=[N-],[C3CNPy][N(CN)2],cyclohexene,C1=CCCCC1,alkene,cyclohexane,C1CCCCC1,cycloalkane,0.99200004,0.0020000003,0.0060000005,0.0,0.047,0.953,0.8888889,599,298.15,0.98688877,0.002316935,0.01079429,1.3998971e-05,0.051187187,0.9487988
no,(3-cyanopropyl)pyridinium dicyanamide,N#CCCC[n+]1ccccc1.N#CN=C=[N-],[C3CNPy][N(CN)2],cyclohexene,C1=CCCCC1,alkene,cyclohexane,C1CCCCC1,cycloalkane,0.994,0.0,0.006,0.0,0.0,1.0,1.0,599,298.15,0.98545134,0.0014112808,0.013137501,1.249734e-05,0.017181003,0.98280644
,1-(3-hydroxypropyl)pyridinium dicyanamide,N#CN=C=[N-].OCCC[n+]1ccccc1,[OHC3Py][N(CN)2],cyclohexene,C1=CCCCC1,alkene,cyclohexane,C1CCCCC1,cycloalkane,0.971,0.029,0.0,0.0,1.0,0.0,0.0,600,298.15,0.9856937,0.013987251,0.0003190113,2.1109074e-06,0.97407496,0.025922872
,1-(3-hydroxypropyl)pyridinium dicyanamide,N#CN=C=[N-].OCCC[n+]1ccccc1,[OHC3Py][N(CN)2],cyclohexene,C1=CCCCC1,alkene,cyclohexane,C1CCCCC1,cycloalkane,0.972,0.027,0.001,0.0,0.914,0.086,0.09090909,600,298.15,0.9853688,0.01389543,0.0007357979,2.782702e-06,0.9416118,0.058385354
,1-(3-hydroxypropyl)pyridinium dicyanamide,N#CN=C=[N-].OCCC[n+]1ccccc1,[OHC3Py][N(CN)2],cyclohexene,C1=CCCCC1,alkene,cyclohexane,C1CCCCC1,cycloalkane,0.97400004,0.024000002,0.0020000003,0.0,0.806,0.194,0.18181819,600,298.15,0.9858622,0.012565486,0.0015722723,3.6953984e-06,0.87369794,0.12629843
,1-(3-hydroxypropyl)pyridinium dicyanamide,N#CN=C=[N-].OCCC[n+]1ccccc1,[OHC3Py][N(CN)2],cyclohexene,C1=CCCCC1,alkene,cyclohexane,C1CCCCC1,cycloalkane,0.976,0.022,0.002,0.0,0.722,0.278,0.27272728,600,298.15,0.986007,0.011219112,0.0027739315,4.577818e-06,0.7738238,0.22617166
,1-(3-hydroxypropyl)pyridinium dicyanamide,N#CN=C=[N-].OCCC[n+]1ccccc1,[OHC3Py][N(CN)2],cyclohexene,C1=CCCCC1,alkene,cyclohexane,C1CCCCC1,cycloalkane,0.977,0.019,0.004,0.0,0.633,0.367,0.36363637,600,298.15,0.9860313,0.010033462,0.003935269,5.386055e-06,0.6671667,0.33282787
,1-(3-hydroxypropyl)pyridinium dicyanamide,N#CN=C=[N-].OCCC[n+]1ccccc1,[OHC3Py][N(CN)2],cyclohexene,C1=CCCCC1,alkene,cyclohexane,C1CCCCC1,cycloalkane,0.98,0.015,0.005,0.0,0.516,0.484,0.45454547,600,298.15,0.9862089,0.008947222,0.004843885,6.309955e-06,0.5649709,0.43502283
,1-(3-hydroxypropyl)pyridinium dicyanamide,N#CN=C=[N-].OCCC[n+]1ccccc1,[OHC3Py][N(CN)2],cyclohexene,C1=CCCCC1,alkene,cyclohexane,C1CCCCC1,cycloalkane,0.98300004,0.011000001,0.0060000005,0.0,0.411,0.589,0.54545456,600,298.15,0.98653007,0.007863346,0.005606674,7.4784984e-06,0.4632396,0.5367529
,1-(3-hydroxypropyl)pyridinium dicyanamide,N#CN=C=[N-].OCCC[n+]1ccccc1,[OHC3Py][N(CN)2],cyclohexene,C1=CCCCC1,alkene,cyclohexane,C1CCCCC1,cycloalkane,0.984,0.009,0.007,0.0,0.323,0.677,0.6363636,600,298.15,0.98698026,0.006665358,0.0063542905,8.926312e-06,0.35596943,0.6440217
,1-(3-hydroxypropyl)pyridinium dicyanamide,N#CN=C=[N-].OCCC[n+]1ccccc1,[OHC3Py][N(CN)2],cyclohexene,C1=CCCCC1,alkene,cyclohexane,C1CCCCC1,cycloalkane,0.986,0.006,0.008,0.0,0.228,0.772,0.72727275,600,298.15,0.9875327,0.005324233,0.007143061,1.04368255e-05,0.2455343,0.75445527
,1-(3-hydroxypropyl)pyridinium dicyanamide,N#CN=C=[N-].OCCC[n+]1ccccc1,[OHC3Py][N(CN)2],cyclohexene,C1=CCCCC1,alkene,cyclohexane,C1CCCCC1,cycloalkane,0.987,0.004,0.009,0.0,0.15,0.85,0.8181818,600,298.15,0.9879995,0.003980089,0.008020365,1.1613763e-05,0.14671275,0.8532756
,1-(3-hydroxypropyl)pyridinium dicyanamide,N#CN=C=[N-].OCCC[n+]1ccccc1,[OHC3Py][N(CN)2],cyclohexene,C1=CCCCC1,alkene,cyclohexane,C1CCCCC1,cycloalkane,0.989,0.002,0.009,0.0,0.065,0.935,0.90909094,600,298.15,0.98818624,0.0028322525,0.008981547,1.22929005e-05,0.07703994,0.9229477
,1-(3-hydroxypropyl)pyridinium dicyanamide,N#CN=C=[N-].OCCC[n+]1ccccc1,[OHC3Py][N(CN)2],cyclohexene,C1=CCCCC1,alkene,cyclohexane,C1CCCCC1,cycloalkane,0.99,0.0,0.01,0.0,0.0,1.0,1.0,600,298.15,0.98809344,0.0019756167,0.009930937,1.2789366e-05,0.03817666,0.96181047
,1-hexyl-3-methylimidazolium bis(trifluoromethylsulfonyl)imide,CCCCCCn1cc[n+](C)c1.O=S(=O)([N-]S(=O)(=O)C(F)(F)F)C(F)(F)F,[C6MIm][NTf2],cyclohexane,C1CCCCC1,cycloalkane,n-heptane,CCCCCCC,alkane,0.968,0.0,0.032,0.0,0.0,1.0,0.0,610,298.15,0.9256925,0.0020411492,0.07226635,1.0039001e-05,0.03108186,0.96890813
,1-hexyl-3-methylimidazolium bis(trifluoromethylsulfonyl)imide,CCCCCCn1cc[n+](C)c1.O=S(=O)([N-]S(=O)(=O)C(F)(F)F)C(F)(F)F,[C6MIm][NTf2],cyclohexane,C1CCCCC1,cycloalkane,n-heptane,CCCCCCC,alkane,0.961,0.012,0.027,0.0,0.165,0.835,0.125,610,298.15,0.92429656,0.0067422646,0.06896106,1.8468278e-05,0.09419736,0.9057842
,1-hexyl-3-methylimidazolium bis(trifluoromethylsulfonyl)imide,CCCCCCn1cc[n+](C)c1.O=S(=O)([N-]S(=O)(=O)C(F)(F)F)C(F)(F)F,[C6MIm][NTf2],cyclohexane,C1CCCCC1,cycloalkane,n-heptane,CCCCCCC,alkane,0.959,0.017,0.024,0.0,0.245,0.755,0.25,610,298.15,0.91939443,0.016805004,0.06380052,3.0301599e-05,0.22051352,0.7794562
,1-hexyl-3-methylimidazolium bis(trifluoromethylsulfonyl)imide,CCCCCCn1cc[n+](C)c1.O=S(=O)([N-]S(=O)(=O)C(F)(F)F)C(F)(F)F,[C6MIm][NTf2],cyclohexane,C1CCCCC1,cycloalkane,n-heptane,CCCCCCC,alkane,0.957,0.02,0.023,0.0,0.326,0.674,0.375,610,298.15,0.9147237,0.027749084,0.057527203,4.4550467e-05,0.37151805,0.62843734
,1-hexyl-3-methylimidazolium bis(trifluoromethylsulfonyl)imide,CCCCCCn1cc[n+](C)c1.O=S(=O)([N-]S(=O)(=O)C(F)(F)F)C(F)(F)F,[C6MIm][NTf2],cyclohexane,C1CCCCC1,cycloalkane,n-heptane,CCCCCCC,alkane,0.956,0.023,0.021,0.0,0.422,0.578,0.5,610,298.15,0.91232425,0.03679664,0.050879024,6.366552e-05,0.51962584,0.4803105
,1-hexyl-3-methylimidazolium bis(trifluoromethylsulfonyl)imide,CCCCCCn1cc[n+](C)c1.O=S(=O)([N-]S(=O)(=O)C(F)(F)F)C(F)(F)F,[C6MIm][NTf2],cyclohexane,C1CCCCC1,cycloalkane,n-heptane,CCCCCCC,alkane,0.953,0.027,0.02,0.0,0.519,0.481,0.625,610,298.15,0.91205406,0.045770917,0.04217493,8.8431094e-05,0.6723642,0.3275474
,1-hexyl-3-methylimidazolium bis(trifluoromethylsulfonyl)imide,CCCCCCn1cc[n+](C)c1.O=S(=O)([N-]S(=O)(=O)C(F)(F)F)C(F)(F)F,[C6MIm][NTf2],cyclohexane,C1CCCCC1,cycloalkane,n-heptane,CCCCCCC,alkane,0.95100003,0.033000004,0.016000003,0.0,0.615,0.385,0.75,610,298.15,0.91363865,0.055818032,0.030543324,0.00010955436,0.82246417,0.1774263
,1-hexyl-3-methylimidazolium bis(trifluoromethylsulfonyl)imide,CCCCCCn1cc[n+](C)c1.O=S(=O)([N-]S(=O)(=O)C(F)(F)F)C(F)(F)F,[C6MIm][NTf2],cyclohexane,C1CCCCC1,cycloalkane,n-heptane,CCCCCCC,alkane,0.947,0.041,0.012,0.0,0.707,0.293,0.875,610,298.15,0.9122638,0.068373114,0.019363128,0.00011396949,0.92685,0.073035985
,1-hexyl-3-methylimidazolium bis(trifluoromethylsulfonyl)imide,CCCCCCn1cc[n+](C)c1.O=S(=O)([N-]S(=O)(=O)C(F)(F)F)C(F)(F)F,[C6MIm][NTf2],cyclohexane,C1CCCCC1,cycloalkane,n-heptane,CCCCCCC,alkane,0.944,0.047,0.009,0.0,0.807,0.193,1.0,610,298.15,0.9040329,0.084104836,0.011862295,0.00010648298,0.97333616,0.026557373
,1-hexyl-3-methylimidazolium trifluoromethanesulfonate,CCCCCCn1cc[n+](C)c1.O=S(=O)([O-])C(F)(F)F,[C6MIm][CF3SO3],cyclohexane,C1CCCCC1,cycloalkane,n-heptane,CCCCCCC,alkane,0.971,0.0,0.029,0.0,0.0,1.0,0.0,614,298.15,0.9734178,0.0016770499,0.02490521,3.180498e-06,0.045706235,0.95429057
,1-hexyl-3-methylimidazolium trifluoromethanesulfonate,CCCCCCn1cc[n+](C)c1.O=S(=O)([O-])C(F)(F)F,[C6MIm][CF3SO3],cyclohexane,C1CCCCC1,cycloalkane,n-heptane,CCCCCCC,alkane,0.968,0.008,0.024,0.0,0.139,0.861,0.11111111,614,298.15,0.9721087,0.004341769,0.023549566,4.9938885e-06,0.10710161,0.8928934
,1-hexyl-3-methylimidazolium trifluoromethanesulfonate,CCCCCCn1cc[n+](C)c1.O=S(=O)([O-])C(F)(F)F,[C6MIm][CF3SO3],cyclohexane,C1CCCCC1,cycloalkane,n-heptane,CCCCCCC,alkane,0.966,0.013,0.021,0.0,0.224,0.776,0.22222222,614,298.15,0.96937615,0.008587499,0.022036364,7.343898e-06,0.20189843,0.79809433
,1-hexyl-3-methylimidazolium trifluoromethanesulfonate,CCCCCCn1cc[n+](C)c1.O=S(=O)([O-])C(F)(F)F,[C6MIm][CF3SO3],cyclohexane,C1CCCCC1,cycloalkane,n-heptane,CCCCCCC,alkane,0.966,0.014,0.02,0.0,0.304,0.696,0.33333334,614,298.15,0.9666834,0.012775758,0.02054092,1.0305655e-05,0.30813,0.6918597
,1-hexyl-3-methylimidazolium trifluoromethanesulfonate,CCCCCCn1cc[n+](C)c1.O=S(=O)([O-])C(F)(F)F,[C6MIm][CF3SO3],cyclohexane,C1CCCCC1,cycloalkane,n-heptane,CCCCCCC,alkane,0.963,0.02,0.017,0.0,0.394,0.606,0.44444445,614,298.15,0.96445745,0.016490664,0.019051796,1.4511183e-05,0.41895822,0.5810272
,1-hexyl-3-methylimidazolium trifluoromethanesulfonate,CCCCCCn1cc[n+](C)c1.O=S(=O)([O-])C(F)(F)F,[C6MIm][CF3SO3],cyclohexane,C1CCCCC1,cycloalkane,n-heptane,CCCCCCC,alkane,0.959,0.028,0.013,0.0,0.5,0.5,0.5555556,614,298.15,0.962248,0.020280626,0.017471299,2.060999e-05,0.534156,0.46582338
,1-hexyl-3-methylimidazolium trifluoromethanesulfonate,CCCCCCn1cc[n+](C)c1.O=S(=O)([O-])C(F)(F)F,[C6MIm][CF3SO3],cyclohexane,C1CCCCC1,cycloalkane,n-heptane,CCCCCCC,alkane,0.957,0.032,0.011,0.0,0.6,0.4,0.6666667,614,298.15,0.96021104,0.024454234,0.0153347375,2.8885688e-05,0.6548581,0.34511295
,1-hexyl-3-methylimidazolium trifluoromethanesulfonate,CCCCCCn1cc[n+](C)c1.O=S(=O)([O-])C(F)(F)F,[C6MIm][CF3SO3],cyclohexane,C1CCCCC1,cycloalkane,n-heptane,CCCCCCC,alkane,0.954,0.039,0.007,0.0,0.694,0.306,0.7777778,614,298.15,0.95833004,0.02938622,0.012283744,3.7989932e-05,0.78094935,0.21901262
,1-hexyl-3-methylimidazolium trifluoromethanesulfonate,CCCCCCn1cc[n+](C)c1.O=S(=O)([O-])C(F)(F)F,[C6MIm][CF3SO3],cyclohexane,C1CCCCC1,cycloalkane,n-heptane,CCCCCCC,alkane,0.95,0.046,0.004,0.0,0.797,0.203,0.8888889,614,298.15,0.9555256,0.035578582,0.008895807,4.467069e-05,0.88598514,0.11397019
,1-hexyl-3-methylimidazolium trifluoromethanesulfonate,CCCCCCn1cc[n+](C)c1.O=S(=O)([O-])C(F)(F)F,[C6MIm][CF3SO3],cyclohexane,C1CCCCC1,cycloalkane,n-heptane,CCCCCCC,alkane,0.948,0.052,0.0,0.0,1.0,0.0,1.0,614,298.15,0.9507109,0.043144945,0.006144113,4.7662485e-05,0.9481566,0.05179567
,1-octyl-3-methylimidazolium tetrafluoroborate,CCCCCCCCn1cc[n+](C)c1.F[B-](F)(F)F,[C8MIm][BF4],ethyl acetate,CCOC(C)=O,ester,hexane,CCCCCC,alkane,0.899,0.0,0.101,0.0,0.0,1.0,0.0,633,298.2,0.89491546,0.015693184,0.089391336,0.0006733692,0.012223506,0.98710316
,1-octyl-3-methylimidazolium tetrafluoroborate,CCCCCCCCn1cc[n+](C)c1.F[B-](F)(F)F,[C8MIm][BF4],ethyl acetate,CCOC(C)=O,ester,hexane,CCCCCC,alkane,0.836,0.056,0.108,0.0,0.046,0.954,0.16666667,633,298.2,0.824863,0.07024845,0.10488844,0.00097328686,0.048373014,0.9506538
,1-octyl-3-methylimidazolium tetrafluoroborate,CCCCCCCCn1cc[n+](C)c1.F[B-](F)(F)F,[C8MIm][BF4],ethyl acetate,CCOC(C)=O,ester,hexane,CCCCCC,alkane,0.662,0.224,0.114,0.0,0.15,0.85,0.33333334,633,298.2,0.6848102,0.20589226,0.10929755,0.0013771137,0.14290205,0.8557208
,1-octyl-3-methylimidazolium tetrafluoroborate,CCCCCCCCn1cc[n+](C)c1.F[B-](F)(F)F,[C8MIm][BF4],ethyl acetate,CCOC(C)=O,ester,hexane,CCCCCC,alkane,0.561,0.31,0.129,0.0,0.254,0.746,0.5,633,298.2,0.55770415,0.32427666,0.11801914,0.0017686759,0.25534752,0.7428838
,1-octyl-3-methylimidazolium tetrafluoroborate,CCCCCCCCn1cc[n+](C)c1.F[B-](F)(F)F,[C8MIm][BF4],ethyl acetate,CCOC(C)=O,ester,hexane,CCCCCC,alkane,0.459,0.408,0.133,0.001,0.413,0.586,0.6666667,633,298.2,0.46411672,0.404917,0.13096632,0.0023306767,0.36454493,0.6331245
,1-octyl-3-methylimidazolium tetrafluoroborate,CCCCCCCCn1cc[n+](C)c1.F[B-](F)(F)F,[C8MIm][BF4],ethyl acetate,CCOC(C)=O,ester,hexane,CCCCCC,alkane,0.385,0.485,0.13,0.001,0.462,0.537,0.8333333,633,298.2,0.38336536,0.47622347,0.14041118,0.0031915437,0.47239208,0.5244164
,1-octyl-3-methylimidazolium tetrafluoroborate,CCCCCCCCn1cc[n+](C)c1.F[B-](F)(F)F,[C8MIm][BF4],ethyl acetate,CCOC(C)=O,ester,hexane,CCCCCC,alkane,0.341,0.529,0.13,0.0,0.573,0.427,1.0,633,298.2,0.32104048,0.53248465,0.14647488,0.004454235,0.5628089,0.4327369
no,3-methyl-N-ethylpyridinium bis(trifluoromethylsulfonyl)imide,CC[n+]1cccc(C)c1.O=S(=O)([N-]S(=O)(=O)C(F)(F)F)C(F)(F)F,[C2MPy][NTf2],ethanol,CCO,alcohol,n-hexane,CCCCCC,alkane,0.906,0.0,0.094,0.0,0.0,1.0,0.0,660,298.15,0.94517857,0.026635092,0.02818627,0.00010077804,0.0040203,0.99587893
no,3-methyl-N-ethylpyridinium bis(trifluoromethylsulfonyl)imide,CC[n+]1cccc(C)c1.O=S(=O)([N-]S(=O)(=O)C(F)(F)F)C(F)(F)F,[C2MPy][NTf2],ethanol,CCO,alcohol,n-hexane,CCCCCC,alkane,0.791,0.121,0.088,0.0,0.009,0.991,0.2,660,298.15,0.81815815,0.14842662,0.033415288,0.00021177254,0.023574924,0.9762132
no,3-methyl-N-ethylpyridinium bis(trifluoromethylsulfonyl)imide,CC[n+]1cccc(C)c1.O=S(=O)([N-]S(=O)(=O)C(F)(F)F)C(F)(F)F,[C2MPy][NTf2],ethanol,CCO,alcohol,n-hexane,CCCCCC,alkane,0.619,0.299,0.082,0.0,0.027,0.973,0.4,660,298.15,0.59835804,0.3654229,0.03621906,0.0004009026,0.08060797,0.91899115
no,3-methyl-N-ethylpyridinium bis(trifluoromethylsulfonyl)imide,CC[n+]1cccc(C)c1.O=S(=O)([N-]S(=O)(=O)C(F)(F)F)C(F)(F)F,[C2MPy][NTf2],ethanol,CCO,alcohol,n-hexane,CCCCCC,alkane,0.488,0.432,0.08,0.0,0.075,0.925,0.6,660,298.15,0.47236952,0.48346016,0.04417027,0.0006861722,0.15712424,0.84218955
no,3-methyl-N-ethylpyridinium bis(trifluoromethylsulfonyl)imide,CC[n+]1cccc(C)c1.O=S(=O)([N-]S(=O)(=O)C(F)(F)F)C(F)(F)F,[C2MPy][NTf2],ethanol,CCO,alcohol,n-hexane,CCCCCC,alkane,0.356,0.563,0.081,0.0,0.196,0.804,0.8,660,298.15,0.37940973,0.5684595,0.052130785,0.0011848808,0.25551495,0.7433002
no,3-methyl-N-ethylpyridinium bis(trifluoromethylsulfonyl)imide,CC[n+]1cccc(C)c1.O=S(=O)([N-]S(=O)(=O)C(F)(F)F)C(F)(F)F,[C2MPy][NTf2],ethanol,CCO,alcohol,n-hexane,CCCCCC,alkane,0.276,0.634,0.09,0.001,0.35,0.649,1.0,660,298.15,0.31377175,0.62912697,0.057101253,0.002010098,0.36574465,0.63224524
,1-butyl-3-methylimidazolium tetrafluoroborate,CCCCn1cc[n+](C)c1.F[B-](F)(F)F,[C4MIm][BF4],1-propanol,CCCO,alcohol,n-heptane,CCCCCCC,alkane,0.74,0.243,0.017,0.0,0.002,0.998,0.0,662,298.15,0.64593154,0.31032923,0.04373926,0.00017925675,0.024960179,0.97486055
,1-butyl-3-methylimidazolium tetrafluoroborate,CCCCn1cc[n+](C)c1.F[B-](F)(F)F,[C4MIm][BF4],1-propanol,CCCO,alcohol,n-heptane,CCCCCCC,alkane,0.633,0.347,0.02,0.0,0.01,0.99,0.14285715,662,298.15,0.55226827,0.4016042,0.04612749,0.00020553952,0.04413916,0.95565534
,1-butyl-3-methylimidazolium tetrafluoroborate,CCCCn1cc[n+](C)c1.F[B-](F)(F)F,[C4MIm][BF4],1-propanol,CCCO,alcohol,n-heptane,CCCCCCC,alkane,0.577,0.401,0.022,0.0,0.026,0.974,0.2857143,662,298.15,0.49451476,0.45192024,0.05356503,0.00025134633,0.06548946,0.9342591
,1-butyl-3-methylimidazolium tetrafluoroborate,CCCCn1cc[n+](C)c1.F[B-](F)(F)F,[C4MIm][BF4],1-propanol,CCCO,alcohol,n-heptane,CCCCCCC,alkane,0.541,0.437,0.022,0.0,0.039,0.961,0.42857143,662,298.15,0.4370333,0.4994477,0.06351896,0.00033221033,0.09193573,0.90773207
,1-butyl-3-methylimidazolium tetrafluoroborate,CCCCn1cc[n+](C)c1.F[B-](F)(F)F,[C4MIm][BF4],1-propanol,CCCO,alcohol,n-heptane,CCCCCCC,alkane,0.526,0.452,0.022,0.0,0.047,0.953,0.5714286,662,298.15,0.37762555,0.54758084,0.07479355,0.0004621266,0.12412398,0.8754139
,1-butyl-3-methylimidazolium tetrafluoroborate,CCCCn1cc[n+](C)c1.F[B-](F)(F)F,[C4MIm][BF4],1-propanol,CCCO,alcohol,n-heptane,CCCCCCC,alkane,0.503,0.474,0.023,0.0,0.053,0.947,0.71428573,662,298.15,0.32182336,0.590658,0.08751862,0.0006574163,0.1594885,0.8398541
,1-butyl-3-methylimidazolium tetrafluoroborate,CCCCn1cc[n+](C)c1.F[B-](F)(F)F,[C4MIm][BF4],1-propanol,CCCO,alcohol,n-heptane,CCCCCCC,alkane,0.36800003,0.60800004,0.024000002,0.0,0.058,0.942,0.85714287,662,298.15,0.27569872,0.6220006,0.10230069,0.00094241195,0.1920414,0.8070162
,1-butyl-3-methylimidazolium tetrafluoroborate,CCCCn1cc[n+](C)c1.F[B-](F)(F)F,[C4MIm][BF4],1-propanol,CCCO,alcohol,n-heptane,CCCCCCC,alkane,0.251,0.725,0.024,0.0,0.065,0.935,1.0,662,298.15,0.24468935,0.6345184,0.12079226,0.0013589235,0.21592054,0.78272057
no,hexyl(2-hydroxyethyl)dimethylammonium tetrafluoroborate,CCCCCC[N+](C)(C)CCO.F[B-](F)(F)F,[(C8H17OCH2)2Im][BF4],ethanol,CCO,alcohol,n-hexane,CCCCCC,alkane,0.6,0.39,0.01,0.0,0.02,0.98,0.0,668,298.15,0.62423444,0.27523312,0.10053241,8.598457e-05,0.050463285,0.94945073
no,hexyl(2-hydroxyethyl)dimethylammonium tetrafluoroborate,CCCCCC[N+](C)(C)CCO.F[B-](F)(F)F,[(C8H17OCH2)2Im][BF4],ethanol,CCO,alcohol,n-hexane,CCCCCC,alkane,0.45,0.54,0.01,0.0,0.04,0.96,0.2,668,298.15,0.5163205,0.38614342,0.09753609,0.00014576854,0.0964313,0.90342283
no,hexyl(2-hydroxyethyl)dimethylammonium tetrafluoroborate,CCCCCC[N+](C)(C)CCO.F[B-](F)(F)F,[(C8H17OCH2)2Im][BF4],ethanol,CCO,alcohol,n-hexane,CCCCCC,alkane,0.31,0.65,0.04,0.0,0.05,0.95,0.4,668,298.15,0.44297266,0.45112723,0.10590017,0.00024637752,0.14733268,0.85242087
no,hexyl(2-hydroxyethyl)dimethylammonium tetrafluoroborate,CCCCCC[N+](C)(C)CCO.F[B-](F)(F)F,[(C8H17OCH2)2Im][BF4],ethanol,CCO,alcohol,n-hexane,CCCCCC,alkane,0.29,0.66,0.05,0.0,0.07,0.93,0.6,668,298.15,0.37566486,0.50565857,0.11867651,0.00040441495,0.20352022,0.79607534
no,hexyl(2-hydroxyethyl)dimethylammonium tetrafluoroborate,CCCCCC[N+](C)(C)CCO.F[B-](F)(F)F,[(C8H17OCH2)2Im][BF4],ethanol,CCO,alcohol,n-hexane,CCCCCC,alkane,0.25,0.69,0.06,0.01,0.11,0.88,0.8,668,298.15,0.31305984,0.5553123,0.13162793,0.0006256273,0.26192877,0.73744553
no,hexyl(2-hydroxyethyl)dimethylammonium tetrafluoroborate,CCCCCC[N+](C)(C)CCO.F[B-](F)(F)F,[(C8H17OCH2)2Im][BF4],ethanol,CCO,alcohol,n-hexane,CCCCCC,alkane,0.2,0.72,0.08,0.01,0.17,0.82,1.0,668,298.15,0.2582317,0.5984124,0.1433559,0.0009231811,0.3186546,0.6804223
,"1,3-dimethylimidazolium dimethylphosphate",COP(=O)([O-])OC.Cn1cc[n+](C)c1,[C1MIm][DMP],methanol,CO,alcohol,n-heptane,CCCCCCC,alkane,0.994,0.0,0.006,0.0,0.0,1.0,0.0,712,298.2,0.965474,0.029357264,0.005168694,7.3604288e-06,0.00038177246,0.99961084
,"1,3-dimethylimidazolium dimethylphosphate",COP(=O)([O-])OC.Cn1cc[n+](C)c1,[C1MIm][DMP],methanol,CO,alcohol,n-heptane,CCCCCCC,alkane,0.883,0.108,0.009,0.0,0.002,0.998,0.125,712,298.2,0.90620416,0.08762262,0.0061731073,1.0572057e-05,0.0010900456,0.99889934
,"1,3-dimethylimidazolium dimethylphosphate",COP(=O)([O-])OC.Cn1cc[n+](C)c1,[C1MIm][DMP],methanol,CO,alcohol,n-heptane,CCCCCCC,alkane,0.814,0.175,0.011,0.0,0.003,0.997,0.25,712,298.2,0.8247212,0.16766293,0.0076158773,1.3693838e-05,0.0022811804,0.99770516
,"1,3-dimethylimidazolium dimethylphosphate",COP(=O)([O-])OC.Cn1cc[n+](C)c1,[C1MIm][DMP],methanol,CO,alcohol,n-heptane,CCCCCCC,alkane,0.731,0.257,0.012,0.0,0.005,0.995,0.375,712,298.2,0.73936236,0.2507156,0.009922014,1.7482966e-05,0.0039513987,0.9960311
,"1,3-dimethylimidazolium dimethylphosphate",COP(=O)([O-])OC.Cn1cc[n+](C)c1,[C1MIm][DMP],methanol,CO,alcohol,n-heptane,CCCCCCC,alkane,0.61700004,0.36900002,0.014000001,0.0,0.008,0.992,0.5,712,298.2,0.63366103,0.35324186,0.013097133,2.3717224e-05,0.006528184,0.9934481
,"1,3-dimethylimidazolium dimethylphosphate",COP(=O)([O-])OC.Cn1cc[n+](C)c1,[C1MIm][DMP],methanol,CO,alcohol,n-heptane,CCCCCCC,alkane,0.53,0.455,0.015,0.0,0.011,0.989,0.625,712,298.2,0.5045587,0.47854722,0.016894069,3.4640663e-05,0.010532388,0.9894329
,"1,3-dimethylimidazolium dimethylphosphate",COP(=O)([O-])OC.Cn1cc[n+](C)c1,[C1MIm][DMP],methanol,CO,alcohol,n-heptane,CCCCCCC,alkane,0.40000004,0.58400005,0.016000003,0.0,0.016,0.984,0.75,712,298.2,0.366965,0.61225426,0.020780748,5.4466258e-05,0.016577872,0.9833677
,"1,3-dimethylimidazolium dimethylphosphate",COP(=O)([O-])OC.Cn1cc[n+](C)c1,[C1MIm][DMP],methanol,CO,alcohol,n-heptane,CCCCCCC,alkane,0.291,0.692,0.017,0.0,0.022,0.978,0.875,712,298.2,0.24413586,0.731656,0.024208147,9.134411e-05,0.025303338,0.9746054
,"1,3-dimethylimidazolium dimethylphosphate",COP(=O)([O-])OC.Cn1cc[n+](C)c1,[C1MIm][DMP],methanol,CO,alcohol,n-heptane,CCCCCCC,alkane,0.166,0.815,0.019,0.0,0.027,0.973,1.0,712,298.2,0.15295522,0.8202796,0.026765168,0.00016146721,0.037663236,0.9621753
,1-hexyl-3-methylimidazolium tetrafluoroborate,CCCCCCn1cc[n+](C)c1.F[B-](F)(F)F,[C6MIm][BF4],ethanol,CCO,alcohol,1-heptene,C=CCCCCC,alkene,0.7761,0.1405,0.0834,0.0006,0.0065,0.9929,0.0,722,298.2,0.7990157,0.0954104,0.10557392,5.9723774e-05,0.007432656,0.99250764
,1-hexyl-3-methylimidazolium tetrafluoroborate,CCCCCCn1cc[n+](C)c1.F[B-](F)(F)F,[C6MIm][BF4],ethanol,CCO,alcohol,1-heptene,C=CCCCCC,alkene,0.5942,0.3193,0.0865,0.0007,0.0309,0.9684,0.2,722,298.2,0.66235036,0.24068879,0.09696081,9.9999044e-05,0.026010895,0.9738892
,1-hexyl-3-methylimidazolium tetrafluoroborate,CCCCCCn1cc[n+](C)c1.F[B-](F)(F)F,[C6MIm][BF4],ethanol,CCO,alcohol,1-heptene,C=CCCCCC,alkene,0.4328,0.4747,0.0925,0.0011,0.1359,0.863,0.4,722,298.2,0.56208813,0.33696702,0.10094488,0.00015771107,0.056013208,0.943829
,1-hexyl-3-methylimidazolium tetrafluoroborate,CCCCCCn1cc[n+](C)c1.F[B-](F)(F)F,[C6MIm][BF4],ethanol,CCO,alcohol,1-heptene,C=CCCCCC,alkene,0.4108,0.4966,0.0926,0.0009,0.1748,0.8243,0.6,722,298.2,0.472971,0.4174034,0.10962562,0.0002637092,0.10317714,0.89655924
,1-hexyl-3-methylimidazolium tetrafluoroborate,CCCCCCn1cc[n+](C)c1.F[B-](F)(F)F,[C6MIm][BF4],ethanol,CCO,alcohol,1-heptene,C=CCCCCC,alkene,0.3878,0.5181,0.0941,0.002,0.2067,0.7913,0.8,722,298.2,0.38931036,0.49363428,0.117055364,0.00045247845,0.17112224,0.8284253
,1-hexyl-3-methylimidazolium tetrafluoroborate,CCCCCCn1cc[n+](C)c1.F[B-](F)(F)F,[C6MIm][BF4],ethanol,CCO,alcohol,1-heptene,C=CCCCCC,alkene,0.3198,0.5759,0.1043,0.0054,0.3122,0.6824,1.0,722,298.2,0.31963453,0.55889875,0.1214667,0.0007794356,0.2554601,0.74376047
,1-butyl-3-methylimidazolium bis(trifluoromethylsulfonyl)imide,CCCCn1cc[n+](C)c1.O=S(=O)([N-]S(=O)(=O)C(F)(F)F)C(F)(F)F,[C4MIm][NTf2],2-propanol,CC(C)O,alcohol,water,O,water,0.652,0.0,0.348,0.0,0.0,1.0,0.0,732,323.2,0.650236,0.039626442,0.3101376,0.001769663,0.0081285555,0.9901018
,1-butyl-3-methylimidazolium bis(trifluoromethylsulfonyl)imide,CCCCn1cc[n+](C)c1.O=S(=O)([N-]S(=O)(=O)C(F)(F)F)C(F)(F)F,[C4MIm][NTf2],2-propanol,CC(C)O,alcohol,water,O,water,0.532,0.098,0.37,0.0,0.017,0.983,0.16666667,732,323.2,0.5322949,0.11186935,0.35583577,0.0021558865,0.020611431,0.97723275
,1-butyl-3-methylimidazolium bis(trifluoromethylsulfonyl)imide,CCCCn1cc[n+](C)c1.O=S(=O)([N-]S(=O)(=O)C(F)(F)F)C(F)(F)F,[C4MIm][NTf2],2-propanol,CC(C)O,alcohol,water,O,water,0.412,0.179,0.409,0.0,0.03,0.97,0.33333334,732,323.2,0.40074897,0.18651587,0.41273516,0.0026078534,0.03712762,0.96026456
,1-butyl-3-methylimidazolium bis(trifluoromethylsulfonyl)imide,CCCCn1cc[n+](C)c1.O=S(=O)([N-]S(=O)(=O)C(F)(F)F)C(F)(F)F,[C4MIm][NTf2],2-propanol,CC(C)O,alcohol,water,O,water,0.306,0.243,0.451,0.001,0.047,0.952,0.5,732,323.2,0.2829741,0.23326582,0.4837601,0.0033455945,0.055095926,0.9415585
,1-butyl-3-methylimidazolium bis(trifluoromethylsulfonyl)imide,CCCCn1cc[n+](C)c1.O=S(=O)([N-]S(=O)(=O)C(F)(F)F)C(F)(F)F,[C4MIm][NTf2],2-propanol,CC(C)O,alcohol,water,O,water,0.188,0.277,0.535,0.002,0.065,0.933,0.6666667,732,323.2,0.18666838,0.2601307,0.5532009,0.0046669855,0.07471535,0.92061776
,1-butyl-3-methylimidazolium bis(trifluoromethylsulfonyl)imide,CCCCn1cc[n+](C)c1.O=S(=O)([N-]S(=O)(=O)C(F)(F)F)C(F)(F)F,[C4MIm][NTf2],2-propanol,CC(C)O,alcohol,water,O,water,0.121,0.271,0.608,0.004,0.085,0.911,0.8333333,732,323.2,0.11972626,0.25893173,0.621342,0.0068063345,0.089034125,0.9041595
,1-butyl-3-methylimidazolium bis(trifluoromethylsulfonyl)imide,CCCCn1cc[n+](C)c1.O=S(=O)([N-]S(=O)(=O)C(F)(F)F)C(F)(F)F,[C4MIm][NTf2],2-propanol,CC(C)O,alcohol,water,O,water,0.091,0.256,0.653,0.006,0.097,0.897,1.0,732,323.2,0.08096367,0.22970647,0.68932986,0.010064522,0.09181712,0.89811826
,1-hexyl-3-methylimidazolium bis(trifluoromethylsulfonyl)imide,CCCCCCn1cc[n+](C)c1.O=S(=O)([N-]S(=O)(=O)C(F)(F)F)C(F)(F)F,[C6MIm][NTf2],1-propanol,CCCO,alcohol,water,O,water,0.692,0.0,0.308,0.0,0.0,1.0,0.0,735,323.2,0.45376086,0.19647737,0.3497617,0.0028405066,0.01785138,0.9793082
,1-hexyl-3-methylimidazolium bis(trifluoromethylsulfonyl)imide,CCCCCCn1cc[n+](C)c1.O=S(=O)([N-]S(=O)(=O)C(F)(F)F)C(F)(F)F,[C6MIm][NTf2],1-propanol,CCCO,alcohol,water,O,water,0.431,0.199,0.37,0.0,0.02,0.98,0.125,735,323.2,0.3387535,0.289113,0.37213355,0.0029663658,0.028719984,0.9683137
,1-hexyl-3-methylimidazolium bis(trifluoromethylsulfonyl)imide,CCCCCCn1cc[n+](C)c1.O=S(=O)([N-]S(=O)(=O)C(F)(F)F)C(F)(F)F,[C6MIm][NTf2],1-propanol,CCCO,alcohol,water,O,water,0.268,0.295,0.437,0.001,0.034,0.965,0.25,735,323.2,0.25033575,0.33879814,0.41086605,0.0031287402,0.038940296,0.95793104
,1-hexyl-3-methylimidazolium bis(trifluoromethylsulfonyl)imide,CCCCCCn1cc[n+](C)c1.O=S(=O)([N-]S(=O)(=O)C(F)(F)F)C(F)(F)F,[C6MIm][NTf2],1-propanol,CCCO,alcohol,water,O,water,0.174,0.34,0.486,0.001,0.044,0.955,0.375,735,323.2,0.18080802,0.36200747,0.45718452,0.003474615,0.049250405,0.9472749
,1-hexyl-3-methylimidazolium bis(trifluoromethylsulfonyl)imide,CCCCCCn1cc[n+](C)c1.O=S(=O)([N-]S(=O)(=O)C(F)(F)F)C(F)(F)F,[C6MIm][NTf2],1-propanol,CCCO,alcohol,water,O,water,0.117,0.336,0.547,0.001,0.055,0.944,0.5,735,323.2,0.12689206,0.37023616,0.50287175,0.0040665385,0.05996895,0.9359646
,1-hexyl-3-methylimidazolium bis(trifluoromethylsulfonyl)imide,CCCCCCn1cc[n+](C)c1.O=S(=O)([N-]S(=O)(=O)C(F)(F)F)C(F)(F)F,[C6MIm][NTf2],1-propanol,CCCO,alcohol,water,O,water,0.087,0.336,0.577,0.001,0.062,0.937,0.625,735,323.2,0.08797748,0.3622798,0.5497427,0.0049266587,0.06897488,0.92609847
,1-hexyl-3-methylimidazolium bis(trifluoromethylsulfonyl)imide,CCCCCCn1cc[n+](C)c1.O=S(=O)([N-]S(=O)(=O)C(F)(F)F)C(F)(F)F,[C6MIm][NTf2],1-propanol,CCCO,alcohol,water,O,water,0.022,0.219,0.759,0.005,0.115,0.88,1.0,735,323.2,0.03627176,0.25418365,0.7095446,0.009429459,0.06861452,0.92195606
,1-hexyl-3-methylimidazolium bis(trifluoromethylsulfonyl)imide,CCCCCCn1cc[n+](C)c1.O=S(=O)([N-]S(=O)(=O)C(F)(F)F)C(F)(F)F,[C6MIm][NTf2],1-propanol,CCCO,alcohol,water,O,water,0.043,0.28,0.677,0.002,0.089,0.909,0.875,735,323.2,0.045783944,0.2975064,0.6567097,0.007527511,0.07263887,0.91983354
,1-hexyl-3-methylimidazolium bis(trifluoromethylsulfonyl)imide,CCCCCCn1cc[n+](C)c1.O=S(=O)([N-]S(=O)(=O)C(F)(F)F)C(F)(F)F,[C6MIm][NTf2],1-propanol,CCCO,alcohol,water,O,water,0.063,0.308,0.629,0.002,0.073,0.925,0.75,735,323.2,0.062035434,0.33655512,0.60140944,0.006066072,0.073433466,0.92050046
,1-butyl-1-methylpyrrolidinium bis(trifluoromethylsulfonyl)imide,CCCC[N+]1(C)CCCC1.O=S(=O)([N-]S(=O)(=O)C(F)(F)F)C(F)(F)F,[C4MPyr][NTf2],2-propanol,CC(C)O,alcohol,water,O,water,0.755,0.069,0.176,0.0,0.028,0.972,0.0,743,323.2,0.6367627,0.03603739,0.32719994,0.0008164345,0.007219862,0.99196374
,1-butyl-1-methylpyrrolidinium bis(trifluoromethylsulfonyl)imide,CCCC[N+]1(C)CCCC1.O=S(=O)([N-]S(=O)(=O)C(F)(F)F)C(F)(F)F,[C4MPyr][NTf2],2-propanol,CC(C)O,alcohol,water,O,water,0.65000004,0.14500001,0.20500001,0.0,0.055,0.945,0.14285715,743,323.2,0.55234617,0.095312014,0.35234177,0.0010499905,0.017430637,0.98151934
,1-butyl-1-methylpyrrolidinium bis(trifluoromethylsulfonyl)imide,CCCC[N+]1(C)CCCC1.O=S(=O)([N-]S(=O)(=O)C(F)(F)F)C(F)(F)F,[C4MPyr][NTf2],2-propanol,CC(C)O,alcohol,water,O,water,0.52,0.227,0.253,0.001,0.08,0.919,0.2857143,743,323.2,0.45005023,0.16279033,0.38715947,0.0013096756,0.03159101,0.9670993
,1-butyl-1-methylpyrrolidinium bis(trifluoromethylsulfonyl)imide,CCCC[N+]1(C)CCCC1.O=S(=O)([N-]S(=O)(=O)C(F)(F)F)C(F)(F)F,[C4MPyr][NTf2],2-propanol,CC(C)O,alcohol,water,O,water,0.396,0.292,0.312,0.001,0.108,0.891,0.42857143,743,323.2,0.34939444,0.21358152,0.43702406,0.0016809131,0.047966175,0.95035297
,1-butyl-1-methylpyrrolidinium bis(trifluoromethylsulfonyl)imide,CCCC[N+]1(C)CCCC1.O=S(=O)([N-]S(=O)(=O)C(F)(F)F)C(F)(F)F,[C4MPyr][NTf2],2-propanol,CC(C)O,alcohol,water,O,water,0.295,0.333,0.372,0.004,0.151,0.845,0.5714286,743,323.2,0.25433138,0.25446787,0.49120072,0.0023149482,0.0686089,0.92907614
,1-butyl-1-methylpyrrolidinium bis(trifluoromethylsulfonyl)imide,CCCC[N+]1(C)CCCC1.O=S(=O)([N-]S(=O)(=O)C(F)(F)F)C(F)(F)F,[C4MPyr][NTf2],2-propanol,CC(C)O,alcohol,water,O,water,0.234,0.349,0.417,0.008,0.189,0.803,0.71428573,743,323.2,0.17442375,0.28245518,0.54312104,0.003356132,0.092678286,0.9039656
,1-butyl-1-methylpyrrolidinium bis(trifluoromethylsulfonyl)imide,CCCC[N+]1(C)CCCC1.O=S(=O)([N-]S(=O)(=O)C(F)(F)F)C(F)(F)F,[C4MPyr][NTf2],2-propanol,CC(C)O,alcohol,water,O,water,0.161,0.351,0.488,0.021,0.244,0.735,1.0,743,323.2,0.08051899,0.27345693,0.64602417,0.007498084,0.12756445,0.8649374
,1-butyl-1-methylpyrrolidinium bis(trifluoromethylsulfonyl)imide,CCCC[N+]1(C)CCCC1.O=S(=O)([N-]S(=O)(=O)C(F)(F)F)C(F)(F)F,[C4MPyr][NTf2],2-propanol,CC(C)O,alcohol,water,O,water,0.161,0.352,0.487,0.02,0.244,0.736,0.85714287,743,323.2,0.116718054,0.28916225,0.5941197,0.0049852324,0.11432389,0.880691
no,1-decyl-3-methylimidazolium bis(trifluoromethylsulfonyl)imide,CCCCCCCCCCn1cc[n+](C)c1.O=S(=O)([N-]S(=O)(=O)C(F)(F)F)C(F)(F)F,[C10MIm][NTf2],2-propanol,CC(C)O,alcohol,water,O,water,0.895,0.0,0.105,0.0,0.0,1.0,0.0,748,278.15,0.734733,0.04743463,0.21783234,0.0005656007,0.021164797,0.9782696
no,1-decyl-3-methylimidazolium bis(trifluoromethylsulfonyl)imide,CCCCCCCCCCn1cc[n+](C)c1.O=S(=O)([N-]S(=O)(=O)C(F)(F)F)C(F)(F)F,[C10MIm][NTf2],2-propanol,CC(C)O,alcohol,water,O,water,0.74,0.144,0.116,0.0,0.052947048,0.9470529,0.14285715,748,278.15,0.6107416,0.12788086,0.26137748,0.0007001623,0.04627598,0.9530238
no,1-decyl-3-methylimidazolium bis(trifluoromethylsulfonyl)imide,CCCCCCCCCCn1cc[n+](C)c1.O=S(=O)([N-]S(=O)(=O)C(F)(F)F)C(F)(F)F,[C10MIm][NTf2],2-propanol,CC(C)O,alcohol,water,O,water,0.642,0.217,0.141,0.0,0.071,0.929,0.2857143,748,278.15,0.47962755,0.22187003,0.29850242,0.0009164966,0.07818295,0.9209006
no,1-decyl-3-methylimidazolium bis(trifluoromethylsulfonyl)imide,CCCCCCCCCCn1cc[n+](C)c1.O=S(=O)([N-]S(=O)(=O)C(F)(F)F)C(F)(F)F,[C10MIm][NTf2],2-propanol,CC(C)O,alcohol,water,O,water,0.519,0.321,0.16,0.0,0.1,0.9,0.42857143,748,278.15,0.3620557,0.28186247,0.35608184,0.0012555602,0.105010085,0.8937343
no,1-decyl-3-methylimidazolium bis(trifluoromethylsulfonyl)imide,CCCCCCCCCCn1cc[n+](C)c1.O=S(=O)([N-]S(=O)(=O)C(F)(F)F)C(F)(F)F,[C10MIm][NTf2],2-propanol,CC(C)O,alcohol,water,O,water,0.356,0.393,0.251,0.0,0.127,0.873,0.5714286,748,278.15,0.25855222,0.3172658,0.424182,0.0018532891,0.1280952,0.87005144
no,1-decyl-3-methylimidazolium bis(trifluoromethylsulfonyl)imide,CCCCCCCCCCn1cc[n+](C)c1.O=S(=O)([N-]S(=O)(=O)C(F)(F)F)C(F)(F)F,[C10MIm][NTf2],2-propanol,CC(C)O,alcohol,water,O,water,0.259,0.416,0.325,0.0,0.139,0.861,0.71428573,748,278.15,0.18019539,0.3257464,0.4940582,0.0028766547,0.1419868,0.8551365
no,1-decyl-3-methylimidazolium bis(trifluoromethylsulfonyl)imide,CCCCCCCCCCn1cc[n+](C)c1.O=S(=O)([N-]S(=O)(=O)C(F)(F)F)C(F)(F)F,[C10MIm][NTf2],2-propanol,CC(C)O,alcohol,water,O,water,0.208,0.418,0.374,0.001,0.157,0.842,0.85714287,748,278.15,0.13210547,0.3047929,0.5631016,0.0045606717,0.14131454,0.8541248
no,1-decyl-3-methylimidazolium bis(trifluoromethylsulfonyl)imide,CCCCCCCCCCn1cc[n+](C)c1.O=S(=O)([N-]S(=O)(=O)C(F)(F)F)C(F)(F)F,[C10MIm][NTf2],2-propanol,CC(C)O,alcohol,water,O,water,0.17,0.411,0.419,0.001,0.176,0.823,1.0,748,278.15,0.10775407,0.27014488,0.62210107,0.0073765707,0.13366644,0.85895693
no,1-decyl-3-methylimidazolium bis(trifluoromethylsulfonyl)imide,CCCCCCCCCCn1cc[n+](C)c1.O=S(=O)([N-]S(=O)(=O)C(F)(F)F)C(F)(F)F,[C10MIm][NTf2],1-butanol,CCCCO,alcohol,water,O,water,0.6741,0.0,0.3259,0.0,0.0,1.0,0.0,752,323.15,0.40376177,0.2300993,0.3661389,0.00024525347,0.0019611914,0.99779356
no,1-decyl-3-methylimidazolium bis(trifluoromethylsulfonyl)imide,CCCCCCCCCCn1cc[n+](C)c1.O=S(=O)([N-]S(=O)(=O)C(F)(F)F)C(F)(F)F,[C10MIm][NTf2],1-butanol,CCCCO,alcohol,water,O,water,0.4256,0.2684,0.306,0.0,0.0064,0.9936,0.2,752,323.15,0.24933004,0.38863543,0.3620345,0.00024783477,0.0037560067,0.99599624
no,1-decyl-3-methylimidazolium bis(trifluoromethylsulfonyl)imide,CCCCCCCCCCn1cc[n+](C)c1.O=S(=O)([N-]S(=O)(=O)C(F)(F)F)C(F)(F)F,[C10MIm][NTf2],1-butanol,CCCCO,alcohol,water,O,water,0.2429,0.3435,0.4136,0.0,0.009,0.991,0.4,752,323.15,0.15102167,0.4569189,0.3920594,0.00027777668,0.005603481,0.9941188
no,1-decyl-3-methylimidazolium bis(trifluoromethylsulfonyl)imide,CCCCCCCCCCn1cc[n+](C)c1.O=S(=O)([N-]S(=O)(=O)C(F)(F)F)C(F)(F)F,[C10MIm][NTf2],1-butanol,CCCCO,alcohol,water,O,water,0.109,0.4399,0.4511,0.0,0.0147,0.9853,0.6,752,323.15,0.08488213,0.48748207,0.4276358,0.0003569256,0.007953153,0.9916899
no,1-decyl-3-methylimidazolium bis(trifluoromethylsulfonyl)imide,CCCCCCCCCCn1cc[n+](C)c1.O=S(=O)([N-]S(=O)(=O)C(F)(F)F)C(F)(F)F,[C10MIm][NTf2],1-butanol,CCCCO,alcohol,water,O,water,0.0546,0.4927,0.4527,0.0,0.0158,0.9842,0.8,752,323.15,0.046220776,0.47994718,0.47383207,0.0004881089,0.0102727,0.9892392
no,1-decyl-3-methylimidazolium bis(trifluoromethylsulfonyl)imide,CCCCCCCCCCn1cc[n+](C)c1.O=S(=O)([N-]S(=O)(=O)C(F)(F)F)C(F)(F)F,[C10MIm][NTf2],1-butanol,CCCCO,alcohol,water,O,water,0.0177,0.4498,0.5325,0.0,0.0145,0.9855,1.0,752,323.15,0.027062643,0.43641803,0.53651935,0.00068304996,0.01191154,0.98740536
,3-[(hexyloxy)methyl]-1-methylimidazolium bis(trifluoromethylsulfonyl)imide,CCCCCCOC[n+]1ccn(C)c1.O=S(=O)([N-]S(=O)(=O)C(F)(F)F)C(F)(F)F,[C6OC1MIm][NTf2],1-butanol,CCCCO,alcohol,water,O,water,0.613,0.0,0.387,0.0,0.0,1.0,0.0,761,298.15,0.5604121,0.073063016,0.36652488,0.0001373834,0.0024662325,0.99739647
,3-[(hexyloxy)methyl]-1-methylimidazolium bis(trifluoromethylsulfonyl)imide,CCCCCCOC[n+]1ccn(C)c1.O=S(=O)([N-]S(=O)(=O)C(F)(F)F)C(F)(F)F,[C6OC1MIm][NTf2],1-butanol,CCCCO,alcohol,water,O,water,0.597,0.021,0.382,0.0,0.001,0.999,0.041666668,761,298.15,0.5273967,0.09780393,0.3747993,0.00014262824,0.0030628839,0.9967945
,3-[(hexyloxy)methyl]-1-methylimidazolium bis(trifluoromethylsulfonyl)imide,CCCCCCOC[n+]1ccn(C)c1.O=S(=O)([N-]S(=O)(=O)C(F)(F)F)C(F)(F)F,[C6OC1MIm][NTf2],1-butanol,CCCCO,alcohol,water,O,water,0.574,0.045,0.381,0.0,0.002,0.998,0.083333336,761,298.15,0.4921865,0.12534815,0.38246536,0.00014782704,0.0037090797,0.99614316
,3-[(hexyloxy)methyl]-1-methylimidazolium bis(trifluoromethylsulfonyl)imide,CCCCCCOC[n+]1ccn(C)c1.O=S(=O)([N-]S(=O)(=O)C(F)(F)F)C(F)(F)F,[C6OC1MIm][NTf2],1-butanol,CCCCO,alcohol,water,O,water,0.543,0.077,0.38,0.0,0.004,0.996,0.125,761,298.15,0.45601657,0.15385921,0.3901242,0.00015297775,0.004378048,0.995469
,3-[(hexyloxy)methyl]-1-methylimidazolium bis(trifluoromethylsulfonyl)imide,CCCCCCOC[n+]1ccn(C)c1.O=S(=O)([N-]S(=O)(=O)C(F)(F)F)C(F)(F)F,[C6OC1MIm][NTf2],1-butanol,CCCCO,alcohol,water,O,water,0.492,0.122,0.386,0.0,0.006,0.994,0.16666667,761,298.15,0.42036194,0.18136431,0.39827377,0.00015786328,0.0050394237,0.9948027
,3-[(hexyloxy)methyl]-1-methylimidazolium bis(trifluoromethylsulfonyl)imide,CCCCCCOC[n+]1ccn(C)c1.O=S(=O)([N-]S(=O)(=O)C(F)(F)F)C(F)(F)F,[C6OC1MIm][NTf2],1-butanol,CCCCO,alcohol,water,O,water,0.453,0.156,0.391,0.0,0.007,0.993,0.20833333,761,298.15,0.38571656,0.20692848,0.40735492,0.0001630929,0.005687797,0.9941491
,3-[(hexyloxy)methyl]-1-methylimidazolium bis(trifluoromethylsulfonyl)imide,CCCCCCOC[n+]1ccn(C)c1.O=S(=O)([N-]S(=O)(=O)C(F)(F)F)C(F)(F)F,[C6OC1MIm][NTf2],1-butanol,CCCCO,alcohol,water,O,water,0.42,0.189,0.391,0.0,0.009,0.991,0.25,761,298.15,0.3526624,0.22998431,0.41735327,0.0001687545,0.0063135736,0.99351764
,3-[(hexyloxy)methyl]-1-methylimidazolium bis(trifluoromethylsulfonyl)imide,CCCCCCOC[n+]1ccn(C)c1.O=S(=O)([N-]S(=O)(=O)C(F)(F)F)C(F)(F)F,[C6OC1MIm][NTf2],1-butanol,CCCCO,alcohol,water,O,water,0.4,0.202,0.398,0.0,0.009,0.991,0.29166666,761,298.15,0.32072994,0.2510979,0.42817223,0.00017566682,0.0069460315,0.9928784
,3-[(hexyloxy)methyl]-1-methylimidazolium bis(trifluoromethylsulfonyl)imide,CCCCCCOC[n+]1ccn(C)c1.O=S(=O)([N-]S(=O)(=O)C(F)(F)F)C(F)(F)F,[C6OC1MIm][NTf2],1-butanol,CCCCO,alcohol,water,O,water,0.357,0.234,0.409,0.0,0.011,0.989,0.33333334,761,298.15,0.29015002,0.27057227,0.43927777,0.0001840947,0.0075892955,0.9922267
,3-[(hexyloxy)methyl]-1-methylimidazolium bis(trifluoromethylsulfonyl)imide,CCCCCCOC[n+]1ccn(C)c1.O=S(=O)([N-]S(=O)(=O)C(F)(F)F)C(F)(F)F,[C6OC1MIm][NTf2],1-butanol,CCCCO,alcohol,water,O,water,0.31100002,0.26700002,0.42200002,0.0,0.012,0.988,0.375,761,298.15,0.26079485,0.28894815,0.45025706,0.00019428528,0.008277648,0.99152803
,3-[(hexyloxy)methyl]-1-methylimidazolium bis(trifluoromethylsulfonyl)imide,CCCCCCOC[n+]1ccn(C)c1.O=S(=O)([N-]S(=O)(=O)C(F)(F)F)C(F)(F)F,[C6OC1MIm][NTf2],1-butanol,CCCCO,alcohol,water,O,water,0.254,0.308,0.438,0.0,0.015,0.985,0.41666666,761,298.15,0.23280592,0.3064983,0.46069574,0.00020671358,0.009017142,0.99077624
,3-[(hexyloxy)methyl]-1-methylimidazolium bis(trifluoromethylsulfonyl)imide,CCCCCCOC[n+]1ccn(C)c1.O=S(=O)([N-]S(=O)(=O)C(F)(F)F)C(F)(F)F,[C6OC1MIm][NTf2],1-butanol,CCCCO,alcohol,water,O,water,0.223,0.327,0.45,0.0,0.013,0.987,0.45833334,761,298.15,0.20652497,0.3231624,0.47031268,0.00022114061,0.009808598,0.98997027
,3-[(hexyloxy)methyl]-1-methylimidazolium bis(trifluoromethylsulfonyl)imide,CCCCCCOC[n+]1ccn(C)c1.O=S(=O)([N-]S(=O)(=O)C(F)(F)F)C(F)(F)F,[C6OC1MIm][NTf2],1-butanol,CCCCO,alcohol,water,O,water,0.196,0.344,0.46,0.0,0.015,0.985,0.5,761,298.15,0.18159504,0.33928582,0.47911906,0.00023867065,0.0106964875,0.9890648
,3-[(hexyloxy)methyl]-1-methylimidazolium bis(trifluoromethylsulfonyl)imide,CCCCCCOC[n+]1ccn(C)c1.O=S(=O)([N-]S(=O)(=O)C(F)(F)F)C(F)(F)F,[C6OC1MIm][NTf2],1-butanol,CCCCO,alcohol,water,O,water,0.183,0.352,0.465,0.0,0.015,0.985,0.5416667,761,298.15,0.15894118,0.35412046,0.48693836,0.00025857388,0.011614064,0.9881274
,3-[(hexyloxy)methyl]-1-methylimidazolium bis(trifluoromethylsulfonyl)imide,CCCCCCOC[n+]1ccn(C)c1.O=S(=O)([N-]S(=O)(=O)C(F)(F)F)C(F)(F)F,[C6OC1MIm][NTf2],1-butanol,CCCCO,alcohol,water,O,water,0.15,0.369,0.481,0.0,0.016,0.984,0.5833333,761,298.15,0.13804115,0.36790013,0.49405864,0.00028161294,0.012597748,0.9871207
,3-[(hexyloxy)methyl]-1-methylimidazolium bis(trifluoromethylsulfonyl)imide,CCCCCCOC[n+]1ccn(C)c1.O=S(=O)([N-]S(=O)(=O)C(F)(F)F)C(F)(F)F,[C6OC1MIm][NTf2],1-butanol,CCCCO,alcohol,water,O,water,0.119,0.387,0.494,0.0,0.016,0.984,0.625,761,298.15,0.119413994,0.38014898,0.50043696,0.00030770394,0.013622999,0.9860693
,3-[(hexyloxy)methyl]-1-methylimidazolium bis(trifluoromethylsulfonyl)imide,CCCCCCOC[n+]1ccn(C)c1.O=S(=O)([N-]S(=O)(=O)C(F)(F)F)C(F)(F)F,[C6OC1MIm][NTf2],1-butanol,CCCCO,alcohol,water,O,water,0.103,0.395,0.502,0.0,0.016,0.984,0.6666667,761,298.15,0.1028194,0.39086664,0.5063139,0.00033711575,0.014707589,0.98495525
,3-[(hexyloxy)methyl]-1-methylimidazolium bis(trifluoromethylsulfonyl)imide,CCCCCCOC[n+]1ccn(C)c1.O=S(=O)([N-]S(=O)(=O)C(F)(F)F)C(F)(F)F,[C6OC1MIm][NTf2],1-butanol,CCCCO,alcohol,water,O,water,0.084,0.403,0.513,0.0,0.017,0.983,0.7083333,761,298.15,0.08798971,0.40008032,0.5119299,0.00037117774,0.015828839,0.98380005
,3-[(hexyloxy)methyl]-1-methylimidazolium bis(trifluoromethylsulfonyl)imide,CCCCCCOC[n+]1ccn(C)c1.O=S(=O)([N-]S(=O)(=O)C(F)(F)F)C(F)(F)F,[C6OC1MIm][NTf2],1-butanol,CCCCO,alcohol,water,O,water,0.072,0.409,0.519,0.0,0.018,0.982,0.75,761,298.15,0.0751896,0.40743697,0.51737344,0.00040895713,0.016949322,0.9826417
,3-[(hexyloxy)methyl]-1-methylimidazolium bis(trifluoromethylsulfonyl)imide,CCCCCCOC[n+]1ccn(C)c1.O=S(=O)([N-]S(=O)(=O)C(F)(F)F)C(F)(F)F,[C6OC1MIm][NTf2],1-butanol,CCCCO,alcohol,water,O,water,0.062,0.414,0.524,0.0,0.018,0.982,0.7916667,761,298.15,0.0641238,0.41311663,0.5227595,0.00045164704,0.01808043,0.981468
,3-[(hexyloxy)methyl]-1-methylimidazolium bis(trifluoromethylsulfonyl)imide,CCCCCCOC[n+]1ccn(C)c1.O=S(=O)([N-]S(=O)(=O)C(F)(F)F)C(F)(F)F,[C6OC1MIm][NTf2],1-butanol,CCCCO,alcohol,water,O,water,0.053,0.417,0.53,0.0,0.019,0.981,0.8333333,761,298.15,0.054545682,0.41721177,0.52824247,0.0005003307,0.019239012,0.98026067
,3-[(hexyloxy)methyl]-1-methylimidazolium bis(trifluoromethylsulfonyl)imide,CCCCCCOC[n+]1ccn(C)c1.O=S(=O)([N-]S(=O)(=O)C(F)(F)F)C(F)(F)F,[C6OC1MIm][NTf2],1-butanol,CCCCO,alcohol,water,O,water,0.038,0.424,0.538,0.0,0.019,0.981,0.875,761,298.15,0.04652748,0.41977453,0.53369796,0.0005547208,0.020409808,0.9790355
,3-[(hexyloxy)methyl]-1-methylimidazolium bis(trifluoromethylsulfonyl)imide,CCCCCCOC[n+]1ccn(C)c1.O=S(=O)([N-]S(=O)(=O)C(F)(F)F)C(F)(F)F,[C6OC1MIm][NTf2],1-butanol,CCCCO,alcohol,water,O,water,0.022,0.434,0.544,0.0,0.02,0.98,0.9166667,761,298.15,0.039807193,0.42099848,0.5391943,0.0006164158,0.02159713,0.9777865
,3-[(hexyloxy)methyl]-1-methylimidazolium bis(trifluoromethylsulfonyl)imide,CCCCCCOC[n+]1ccn(C)c1.O=S(=O)([N-]S(=O)(=O)C(F)(F)F)C(F)(F)F,[C6OC1MIm][NTf2],1-butanol,CCCCO,alcohol,water,O,water,0.015,0.443,0.542,0.0,0.02,0.98,0.9583333,761,298.15,0.03414316,0.4210503,0.5448065,0.00068734813,0.022837345,0.97647524
,3-[(hexyloxy)methyl]-1-methylimidazolium bis(trifluoromethylsulfonyl)imide,CCCCCCOC[n+]1ccn(C)c1.O=S(=O)([N-]S(=O)(=O)C(F)(F)F)C(F)(F)F,[C6OC1MIm][NTf2],1-butanol,CCCCO,alcohol,water,O,water,0.0,0.486,0.514,0.0,0.02,0.98,1.0,761,298.15,0.029576944,0.42014453,0.55027854,0.0007689672,0.024254281,0.9749767
,triethyloctylammonium bis(trifluoromethylsulfonyl)imide,CCCCCCCC[N+](CC)(CC)CC.O=S(=O)([N-]S(=O)(=O)C(F)(F)F)C(F)(F)F,"[N8,2,2,2][NTf2]",butan-1-ol,CCCCO,alcohol,water,O,water,0.6407,0.0,0.3593,0.0,0.0,1.0,0.0,784,298.15,0.64817756,0.038831986,0.31299046,0.00010304636,0.0013933288,0.99850357
,triethyloctylammonium bis(trifluoromethylsulfonyl)imide,CCCCCCCC[N+](CC)(CC)CC.O=S(=O)([N-]S(=O)(=O)C(F)(F)F)C(F)(F)F,"[N8,2,2,2][NTf2]",butan-1-ol,CCCCO,alcohol,water,O,water,0.62123793,0.029697033,0.34906512,0.0,0.001,0.999,0.04347826,784,298.15,0.62894475,0.055168044,0.31588715,0.000110423796,0.001814952,0.99807465
,triethyloctylammonium bis(trifluoromethylsulfonyl)imide,CCCCCCCC[N+](CC)(CC)CC.O=S(=O)([N-]S(=O)(=O)C(F)(F)F)C(F)(F)F,"[N8,2,2,2][NTf2]",butan-1-ol,CCCCO,alcohol,water,O,water,0.62003803,0.02979702,0.35016498,0.0,0.0022,0.9978,0.08695652,784,298.15,0.60525215,0.07641642,0.31833142,0.00011815045,0.002327277,0.9975546
,triethyloctylammonium bis(trifluoromethylsulfonyl)imide,CCCCCCCC[N+](CC)(CC)CC.O=S(=O)([N-]S(=O)(=O)C(F)(F)F)C(F)(F)F,"[N8,2,2,2][NTf2]",butan-1-ol,CCCCO,alcohol,water,O,water,0.5954,0.0493,0.3553,0.0,0.0034,0.9966,0.13043478,784,298.15,0.5772909,0.10228891,0.3204202,0.00012614978,0.0029247173,0.99694926
,triethyloctylammonium bis(trifluoromethylsulfonyl)imide,CCCCCCCC[N+](CC)(CC)CC.O=S(=O)([N-]S(=O)(=O)C(F)(F)F)C(F)(F)F,"[N8,2,2,2][NTf2]",butan-1-ol,CCCCO,alcohol,water,O,water,0.5896,0.0736,0.3368,0.0,0.0042,0.9958,0.17391305,784,298.15,0.5460444,0.1314744,0.32248122,0.00013424247,0.003584833,0.99628097
,triethyloctylammonium bis(trifluoromethylsulfonyl)imide,CCCCCCCC[N+](CC)(CC)CC.O=S(=O)([N-]S(=O)(=O)C(F)(F)F)C(F)(F)F,"[N8,2,2,2][NTf2]",butan-1-ol,CCCCO,alcohol,water,O,water,0.5474,0.1194,0.3332,0.0,0.0069,0.9931,0.2173913,784,298.15,0.5128851,0.16203533,0.32507953,0.00014226591,0.004277468,0.99558026
,triethyloctylammonium bis(trifluoromethylsulfonyl)imide,CCCCCCCC[N+](CC)(CC)CC.O=S(=O)([N-]S(=O)(=O)C(F)(F)F)C(F)(F)F,"[N8,2,2,2][NTf2]",butan-1-ol,CCCCO,alcohol,water,O,water,0.52725273,0.13441344,0.33833382,0.0,0.0075,0.9925,0.26086956,784,298.15,0.479088,0.19206932,0.3288427,0.00015021168,0.004973274,0.99487644
,triethyloctylammonium bis(trifluoromethylsulfonyl)imide,CCCCCCCC[N+](CC)(CC)CC.O=S(=O)([N-]S(=O)(=O)C(F)(F)F)C(F)(F)F,"[N8,2,2,2][NTf2]",butan-1-ol,CCCCO,alcohol,water,O,water,0.4918,0.1733,0.3349,0.0,0.009,0.991,0.3043478,784,298.15,0.44557726,0.22024542,0.33417735,0.0001586081,0.0056573795,0.9941841
,triethyloctylammonium bis(trifluoromethylsulfonyl)imide,CCCCCCCC[N+](CC)(CC)CC.O=S(=O)([N-]S(=O)(=O)C(F)(F)F)C(F)(F)F,"[N8,2,2,2][NTf2]",butan-1-ol,CCCCO,alcohol,water,O,water,0.4819482,0.18811882,0.329933,0.0,0.0095,0.9905,0.3478261,784,298.15,0.41259742,0.24619453,0.3412081,0.00016781932,0.0063288133,0.9935034
,triethyloctylammonium bis(trifluoromethylsulfonyl)imide,CCCCCCCC[N+](CC)(CC)CC.O=S(=O)([N-]S(=O)(=O)C(F)(F)F)C(F)(F)F,"[N8,2,2,2][NTf2]",butan-1-ol,CCCCO,alcohol,water,O,water,0.42855716,0.23167683,0.33976603,0.0,0.0105,0.9895,0.39130434,784,298.15,0.38023838,0.27001408,0.3497475,0.00017652569,0.006935492,0.99288803
,triethyloctylammonium bis(trifluoromethylsulfonyl)imide,CCCCCCCC[N+](CC)(CC)CC.O=S(=O)([N-]S(=O)(=O)C(F)(F)F)C(F)(F)F,"[N8,2,2,2][NTf2]",butan-1-ol,CCCCO,alcohol,water,O,water,0.4111,0.2589,0.33,0.0,0.0118,0.9882,0.4347826,784,298.15,0.34744653,0.29308552,0.359468,0.00018898452,0.0075965445,0.9922145
,triethyloctylammonium bis(trifluoromethylsulfonyl)imide,CCCCCCCC[N+](CC)(CC)CC.O=S(=O)([N-]S(=O)(=O)C(F)(F)F)C(F)(F)F,"[N8,2,2,2][NTf2]",butan-1-ol,CCCCO,alcohol,water,O,water,0.3607,0.2952,0.3441,0.0,0.0139,0.9861,0.47826087,784,298.15,0.31557584,0.3145919,0.36983228,0.0002033396,0.008306983,0.99148977
,triethyloctylammonium bis(trifluoromethylsulfonyl)imide,CCCCCCCC[N+](CC)(CC)CC.O=S(=O)([N-]S(=O)(=O)C(F)(F)F)C(F)(F)F,"[N8,2,2,2][NTf2]",butan-1-ol,CCCCO,alcohol,water,O,water,0.3206,0.3322,0.3472,0.0,0.0139,0.9861,0.5217391,784,298.15,0.28406975,0.33538127,0.38054895,0.00022038729,0.009068896,0.9907107
,triethyloctylammonium bis(trifluoromethylsulfonyl)imide,CCCCCCCC[N+](CC)(CC)CC.O=S(=O)([N-]S(=O)(=O)C(F)(F)F)C(F)(F)F,"[N8,2,2,2][NTf2]",butan-1-ol,CCCCO,alcohol,water,O,water,0.2744,0.368,0.3576,0.0,0.0147,0.9853,0.5652174,784,298.15,0.25354448,0.35525292,0.39120263,0.00024040656,0.0098795425,0.9898801
,triethyloctylammonium bis(trifluoromethylsulfonyl)imide,CCCCCCCC[N+](CC)(CC)CC.O=S(=O)([N-]S(=O)(=O)C(F)(F)F)C(F)(F)F,"[N8,2,2,2][NTf2]",butan-1-ol,CCCCO,alcohol,water,O,water,0.24757524,0.3847615,0.36766323,0.0,0.0155,0.9845,0.6086956,784,298.15,0.22422864,0.37411553,0.4016558,0.00026427515,0.010764794,0.9889709
,triethyloctylammonium bis(trifluoromethylsulfonyl)imide,CCCCCCCC[N+](CC)(CC)CC.O=S(=O)([N-]S(=O)(=O)C(F)(F)F)C(F)(F)F,"[N8,2,2,2][NTf2]",butan-1-ol,CCCCO,alcohol,water,O,water,0.22287771,0.39496052,0.38216177,0.0,0.0158,0.9842,0.65217394,784,298.15,0.19664925,0.3915498,0.41180092,0.00029156206,0.011683828,0.98802465
,triethyloctylammonium bis(trifluoromethylsulfonyl)imide,CCCCCCCC[N+](CC)(CC)CC.O=S(=O)([N-]S(=O)(=O)C(F)(F)F)C(F)(F)F,"[N8,2,2,2][NTf2]",butan-1-ol,CCCCO,alcohol,water,O,water,0.1731,0.4202,0.4067,0.0,0.0166,0.9834,0.6956522,784,298.15,0.17123203,0.40710387,0.4216641,0.00032349772,0.0126377875,0.98703873
,triethyloctylammonium bis(trifluoromethylsulfonyl)imide,CCCCCCCC[N+](CC)(CC)CC.O=S(=O)([N-]S(=O)(=O)C(F)(F)F)C(F)(F)F,"[N8,2,2,2][NTf2]",butan-1-ol,CCCCO,alcohol,water,O,water,0.1411,0.433,0.4259,0.0,0.0177,0.9823,0.73913044,784,298.15,0.147934,0.4207896,0.43127635,0.00036016322,0.013618018,0.9860218
,triethyloctylammonium bis(trifluoromethylsulfonyl)imide,CCCCCCCC[N+](CC)(CC)CC.O=S(=O)([N-]S(=O)(=O)C(F)(F)F)C(F)(F)F,"[N8,2,2,2][NTf2]",butan-1-ol,CCCCO,alcohol,water,O,water,0.09460946,0.4491449,0.45624563,0.0,0.019,0.981,0.7826087,784,298.15,0.12709965,0.43220437,0.440696,0.00040062406,0.014609212,0.9849902
,triethyloctylammonium bis(trifluoromethylsulfonyl)imide,CCCCCCCC[N+](CC)(CC)CC.O=S(=O)([N-]S(=O)(=O)C(F)(F)F)C(F)(F)F,"[N8,2,2,2][NTf2]",butan-1-ol,CCCCO,alcohol,water,O,water,0.0631,0.4546,0.4823,0.0,0.0193,0.9807,0.82608694,784,298.15,0.108792536,0.44124752,0.44995996,0.00044659982,0.015596251,0.9839572
,triethyloctylammonium bis(trifluoromethylsulfonyl)imide,CCCCCCCC[N+](CC)(CC)CC.O=S(=O)([N-]S(=O)(=O)C(F)(F)F)C(F)(F)F,"[N8,2,2,2][NTf2]",butan-1-ol,CCCCO,alcohol,water,O,water,0.0403,0.4544,0.5053,0.0,0.0196,0.9804,0.8695652,784,298.15,0.092886165,0.44786432,0.45924953,0.0004992045,0.016583838,0.982917
,triethyloctylammonium bis(trifluoromethylsulfonyl)imide,CCCCCCCC[N+](CC)(CC)CC.O=S(=O)([N-]S(=O)(=O)C(F)(F)F)C(F)(F)F,"[N8,2,2,2][NTf2]",butan-1-ol,CCCCO,alcohol,water,O,water,0.03640364,0.4511451,0.51245123,0.0,0.0199,0.9801,0.9130435,784,298.15,0.07929973,0.45212343,0.4685769,0.0005587136,0.017562356,0.98187894
,triethyloctylammonium bis(trifluoromethylsulfonyl)imide,CCCCCCCC[N+](CC)(CC)CC.O=S(=O)([N-]S(=O)(=O)C(F)(F)F)C(F)(F)F,"[N8,2,2,2][NTf2]",butan-1-ol,CCCCO,alcohol,water,O,water,0.0095,0.4577,0.5328,0.0,0.0199,0.9801,0.95652175,784,298.15,0.06787851,0.454187,0.47793445,0.0006256837,0.01852354,0.9808508
,triethyloctylammonium bis(trifluoromethylsulfonyl)imide,CCCCCCCC[N+](CC)(CC)CC.O=S(=O)([N-]S(=O)(=O)C(F)(F)F)C(F)(F)F,"[N8,2,2,2][NTf2]",butan-1-ol,CCCCO,alcohol,water,O,water,0.0,0.485,0.515,0.0,0.0204,0.9796,1.0,784,298.15,0.058334917,0.4542779,0.48738718,0.00070235506,0.019472258,0.97982544
,trioctylmethylammonium bis(trifluoromethylsulfonyl)imide,CCCCCCCC[N+](C)(CCCCCCCC)CCCCCCCC.O=S(=O)([N-]S(=O)(=O)C(F)(F)F)C(F)(F)F,"[N8,8,8,1][NTf2]",butan-1-ol,CCCCO,alcohol,water,O,water,0.6615,0.0,0.3385,0.0,0.0,1.0,0.0,785,298.15,0.63951814,0.033970244,0.32651168,7.5774115e-05,0.0008145025,0.9991097
,trioctylmethylammonium bis(trifluoromethylsulfonyl)imide,CCCCCCCC[N+](C)(CCCCCCCC)CCCCCCCC.O=S(=O)([N-]S(=O)(=O)C(F)(F)F)C(F)(F)F,"[N8,8,8,1][NTf2]",butan-1-ol,CCCCO,alcohol,water,O,water,0.6378,0.0114,0.3508,0.0,0.0007,0.9993,0.03448276,785,298.15,0.6266453,0.047344428,0.32601026,8.291585e-05,0.0010705286,0.99884653
,trioctylmethylammonium bis(trifluoromethylsulfonyl)imide,CCCCCCCC[N+](C)(CCCCCCCC)CCCCCCCC.O=S(=O)([N-]S(=O)(=O)C(F)(F)F)C(F)(F)F,"[N8,8,8,1][NTf2]",butan-1-ol,CCCCO,alcohol,water,O,water,0.6339366,0.0169983,0.3490651,0.0,0.0007,0.9993,0.06896552,785,298.15,0.6094263,0.06569391,0.32487974,9.124857e-05,0.0014081013,0.9985006
,trioctylmethylammonium bis(trifluoromethylsulfonyl)imide,CCCCCCCC[N+](C)(CCCCCCCC)CCCCCCCC.O=S(=O)([N-]S(=O)(=O)C(F)(F)F)C(F)(F)F,"[N8,8,8,1][NTf2]",butan-1-ol,CCCCO,alcohol,water,O,water,0.63363665,0.03969603,0.32666734,0.0,0.0022,0.9978,0.10344828,785,298.15,0.58726084,0.08977823,0.3229609,0.00010056115,0.0018347574,0.9980647
,trioctylmethylammonium bis(trifluoromethylsulfonyl)imide,CCCCCCCC[N+](C)(CCCCCCCC)CCCCCCCC.O=S(=O)([N-]S(=O)(=O)C(F)(F)F)C(F)(F)F,"[N8,8,8,1][NTf2]",butan-1-ol,CCCCO,alcohol,water,O,water,0.6117,0.0494,0.3389,0.0,0.0029,0.9971,0.13793103,785,298.15,0.55982924,0.11993626,0.32023454,0.0001107895,0.0023608138,0.9975284
,trioctylmethylammonium bis(trifluoromethylsulfonyl)imide,CCCCCCCC[N+](C)(CCCCCCCC)CCCCCCCC.O=S(=O)([N-]S(=O)(=O)C(F)(F)F)C(F)(F)F,"[N8,8,8,1][NTf2]",butan-1-ol,CCCCO,alcohol,water,O,water,0.5807,0.0946,0.3247,0.0,0.0077,0.9923,0.1724138,785,298.15,0.52781105,0.15540604,0.31678286,0.00012155553,0.0029757232,0.99690264
,trioctylmethylammonium bis(trifluoromethylsulfonyl)imide,CCCCCCCC[N+](C)(CCCCCCCC)CCCCCCCC.O=S(=O)([N-]S(=O)(=O)C(F)(F)F)C(F)(F)F,"[N8,8,8,1][NTf2]",butan-1-ol,CCCCO,alcohol,water,O,water,0.5436,0.1291,0.3273,0.0,0.0095,0.9905,0.20689656,785,298.15,0.49171138,0.19558643,0.3127022,0.00013327376,0.0036968717,0.99616987
,trioctylmethylammonium bis(trifluoromethylsulfonyl)imide,CCCCCCCC[N+](C)(CCCCCCCC)CCCCCCCC.O=S(=O)([N-]S(=O)(=O)C(F)(F)F)C(F)(F)F,"[N8,8,8,1][NTf2]",butan-1-ol,CCCCO,alcohol,water,O,water,0.5291,0.1507,0.3202,0.0,0.0098,0.9902,0.2413793,785,298.15,0.45478147,0.23601294,0.30920556,0.00014573525,0.0044685965,0.9953857
,trioctylmethylammonium bis(trifluoromethylsulfonyl)imide,CCCCCCCC[N+](C)(CCCCCCCC)CCCCCCCC.O=S(=O)([N-]S(=O)(=O)C(F)(F)F)C(F)(F)F,"[N8,8,8,1][NTf2]",butan-1-ol,CCCCO,alcohol,water,O,water,0.5072,0.1832,0.3096,0.0,0.0116,0.9884,0.27586207,785,298.15,0.41802096,0.2750746,0.30690444,0.00015861636,0.0052717524,0.9945696
,trioctylmethylammonium bis(trifluoromethylsulfonyl)imide,CCCCCCCC[N+](C)(CCCCCCCC)CCCCCCCC.O=S(=O)([N-]S(=O)(=O)C(F)(F)F)C(F)(F)F,"[N8,8,8,1][NTf2]",butan-1-ol,CCCCO,alcohol,water,O,water,0.4589,0.2381,0.303,0.0,0.0129,0.9871,0.31034482,785,298.15,0.38302228,0.3104826,0.30649507,0.000172511,0.0060801413,0.99374735
,trioctylmethylammonium bis(trifluoromethylsulfonyl)imide,CCCCCCCC[N+](C)(CCCCCCCC)CCCCCCCC.O=S(=O)([N-]S(=O)(=O)C(F)(F)F)C(F)(F)F,"[N8,8,8,1][NTf2]",butan-1-ol,CCCCO,alcohol,water,O,water,0.4414,0.2646,0.294,0.0,0.0134,0.9866,0.3448276,785,298.15,0.35015932,0.34153056,0.3083101,0.00018735153,0.0068738265,0.99293876
,trioctylmethylammonium bis(trifluoromethylsulfonyl)imide,CCCCCCCC[N+](C)(CCCCCCCC)CCCCCCCC.O=S(=O)([N-]S(=O)(=O)C(F)(F)F)C(F)(F)F,"[N8,8,8,1][NTf2]",butan-1-ol,CCCCO,alcohol,water,O,water,0.39706028,0.31666833,0.28627136,0.0,0.0137,0.9863,0.37931034,785,298.15,0.3191937,0.3684473,0.31235898,0.00020378704,0.0076568085,0.9921394
,trioctylmethylammonium bis(trifluoromethylsulfonyl)imide,CCCCCCCC[N+](C)(CCCCCCCC)CCCCCCCC.O=S(=O)([N-]S(=O)(=O)C(F)(F)F)C(F)(F)F,"[N8,8,8,1][NTf2]",butan-1-ol,CCCCO,alcohol,water,O,water,0.38133812,0.34093407,0.27772775,0.0,0.0147,0.9853,0.41379312,785,298.15,0.2900683,0.39167592,0.3182558,0.00022243541,0.008432083,0.9913455
,trioctylmethylammonium bis(trifluoromethylsulfonyl)imide,CCCCCCCC[N+](C)(CCCCCCCC)CCCCCCCC.O=S(=O)([N-]S(=O)(=O)C(F)(F)F)C(F)(F)F,"[N8,8,8,1][NTf2]",butan-1-ol,CCCCO,alcohol,water,O,water,0.3378,0.3816,0.2806,0.0,0.0153,0.9847,0.44827586,785,298.15,0.26240808,0.41206717,0.32552472,0.00024357441,0.00921633,0.99054
,trioctylmethylammonium bis(trifluoromethylsulfonyl)imide,CCCCCCCC[N+](C)(CCCCCCCC)CCCCCCCC.O=S(=O)([N-]S(=O)(=O)C(F)(F)F)C(F)(F)F,"[N8,8,8,1][NTf2]",butan-1-ol,CCCCO,alcohol,water,O,water,0.29852986,0.43244323,0.2690269,0.0,0.0169,0.9831,0.4827586,785,298.15,0.23592728,0.43032926,0.33374342,0.00026848514,0.010027952,0.9897035
,trioctylmethylammonium bis(trifluoromethylsulfonyl)imide,CCCCCCCC[N+](C)(CCCCCCCC)CCCCCCCC.O=S(=O)([N-]S(=O)(=O)C(F)(F)F)C(F)(F)F,"[N8,8,8,1][NTf2]",butan-1-ol,CCCCO,alcohol,water,O,water,0.27537248,0.44755524,0.27707228,0.0,0.0169,0.9831,0.51724136,785,298.15,0.21065506,0.446786,0.34255892,0.00029720375,0.010871293,0.9888315
,trioctylmethylammonium bis(trifluoromethylsulfonyl)imide,CCCCCCCC[N+](C)(CCCCCCCC)CCCCCCCC.O=S(=O)([N-]S(=O)(=O)C(F)(F)F)C(F)(F)F,"[N8,8,8,1][NTf2]",butan-1-ol,CCCCO,alcohol,water,O,water,0.252,0.4659,0.2821,0.0,0.0169,0.9831,0.55172414,785,298.15,0.18659875,0.46161398,0.3517873,0.00033102185,0.011763646,0.98790526
,trioctylmethylammonium bis(trifluoromethylsulfonyl)imide,CCCCCCCC[N+](C)(CCCCCCCC)CCCCCCCC.O=S(=O)([N-]S(=O)(=O)C(F)(F)F)C(F)(F)F,"[N8,8,8,1][NTf2]",butan-1-ol,CCCCO,alcohol,water,O,water,0.2049,0.4849,0.3102,0.0,0.0177,0.9823,0.5862069,785,298.15,0.16413547,0.47454518,0.3613194,0.00036965794,0.012668444,0.98696196
,trioctylmethylammonium bis(trifluoromethylsulfonyl)imide,CCCCCCCC[N+](C)(CCCCCCCC)CCCCCCCC.O=S(=O)([N-]S(=O)(=O)C(F)(F)F)C(F)(F)F,"[N8,8,8,1][NTf2]",butan-1-ol,CCCCO,alcohol,water,O,water,0.1678,0.5027,0.3295,0.0,0.018,0.982,0.62068963,785,298.15,0.14375769,0.48517147,0.37107083,0.00041444864,0.01359479,0.9859907
,trioctylmethylammonium bis(trifluoromethylsulfonyl)imide,CCCCCCCC[N+](C)(CCCCCCCC)CCCCCCCC.O=S(=O)([N-]S(=O)(=O)C(F)(F)F)C(F)(F)F,"[N8,8,8,1][NTf2]",butan-1-ol,CCCCO,alcohol,water,O,water,0.1471,0.505,0.3479,0.0,0.018,0.982,0.6551724,785,298.15,0.12502739,0.4935589,0.38141364,0.00046496544,0.01448234,0.98505265
,trioctylmethylammonium bis(trifluoromethylsulfonyl)imide,CCCCCCCC[N+](C)(CCCCCCCC)CCCCCCCC.O=S(=O)([N-]S(=O)(=O)C(F)(F)F)C(F)(F)F,"[N8,8,8,1][NTf2]",butan-1-ol,CCCCO,alcohol,water,O,water,0.11800001,0.51170003,0.37030002,0.0,0.0185,0.9815,0.6896552,785,298.15,0.108543485,0.49925777,0.39219877,0.0005205896,0.015298595,0.9841808
,trioctylmethylammonium bis(trifluoromethylsulfonyl)imide,CCCCCCCC[N+](C)(CCCCCCCC)CCCCCCCC.O=S(=O)([N-]S(=O)(=O)C(F)(F)F)C(F)(F)F,"[N8,8,8,1][NTf2]",butan-1-ol,CCCCO,alcohol,water,O,water,0.1009101,0.51255125,0.38653865,0.0,0.0193,0.9807,0.7241379,785,298.15,0.09383307,0.5022695,0.40389737,0.000584306,0.016044667,0.98337114
,trioctylmethylammonium bis(trifluoromethylsulfonyl)imide,CCCCCCCC[N+](C)(CCCCCCCC)CCCCCCCC.O=S(=O)([N-]S(=O)(=O)C(F)(F)F)C(F)(F)F,"[N8,8,8,1][NTf2]",butan-1-ol,CCCCO,alcohol,water,O,water,0.0922,0.5164,0.3914,0.0,0.0199,0.9801,0.7586207,785,298.15,0.08106085,0.50248003,0.41645914,0.0006547166,0.016683329,0.98266196
,trioctylmethylammonium bis(trifluoromethylsulfonyl)imide,CCCCCCCC[N+](C)(CCCCCCCC)CCCCCCCC.O=S(=O)([N-]S(=O)(=O)C(F)(F)F)C(F)(F)F,"[N8,8,8,1][NTf2]",butan-1-ol,CCCCO,alcohol,water,O,water,0.06339366,0.51254874,0.4240576,0.0,0.0199,0.9801,0.79310346,785,298.15,0.07025591,0.50005686,0.42968723,0.000731817,0.017190091,0.98207814
,trioctylmethylammonium bis(trifluoromethylsulfonyl)imide,CCCCCCCC[N+](C)(CCCCCCCC)CCCCCCCC.O=S(=O)([N-]S(=O)(=O)C(F)(F)F)C(F)(F)F,"[N8,8,8,1][NTf2]",butan-1-ol,CCCCO,alcohol,water,O,water,0.0484,0.5068,0.4448,0.0,0.0199,0.9801,0.82758623,785,298.15,0.06092772,0.4951091,0.4439632,0.00081843155,0.017584784,0.9815969
,trioctylmethylammonium bis(trifluoromethylsulfonyl)imide,CCCCCCCC[N+](C)(CCCCCCCC)CCCCCCCC.O=S(=O)([N-]S(=O)(=O)C(F)(F)F)C(F)(F)F,"[N8,8,8,1][NTf2]",butan-1-ol,CCCCO,alcohol,water,O,water,0.03919608,0.50354964,0.45725426,0.0,0.0201,0.9799,0.86206895,785,298.15,0.05307359,0.48794347,0.45898294,0.0009149937,0.017872898,0.9812121
,trioctylmethylammonium bis(trifluoromethylsulfonyl)imide,CCCCCCCC[N+](C)(CCCCCCCC)CCCCCCCC.O=S(=O)([N-]S(=O)(=O)C(F)(F)F)C(F)(F)F,"[N8,8,8,1][NTf2]",butan-1-ol,CCCCO,alcohol,water,O,water,0.0328,0.5027,0.4645,0.0,0.0204,0.9796,0.8965517,785,298.15,0.04658733,0.47900835,0.47440428,0.0010207046,0.018057043,0.9809223
,trioctylmethylammonium bis(trifluoromethylsulfonyl)imide,CCCCCCCC[N+](C)(CCCCCCCC)CCCCCCCC.O=S(=O)([N-]S(=O)(=O)C(F)(F)F)C(F)(F)F,"[N8,8,8,1][NTf2]",butan-1-ol,CCCCO,alcohol,water,O,water,0.0235,0.4974,0.4791,0.0,0.0204,0.9796,0.9310345,785,298.15,0.04108373,0.4684515,0.4904647,0.0011405422,0.018157925,0.9807015
,trioctylmethylammonium bis(trifluoromethylsulfonyl)imide,CCCCCCCC[N+](C)(CCCCCCCC)CCCCCCCC.O=S(=O)([N-]S(=O)(=O)C(F)(F)F)C(F)(F)F,"[N8,8,8,1][NTf2]",butan-1-ol,CCCCO,alcohol,water,O,water,0.0146,0.4919,0.4935,0.0,0.0204,0.9796,0.9655172,785,298.15,0.03658308,0.45690903,0.5065079,0.0012693849,0.018191138,0.98053944
,trioctylmethylammonium bis(trifluoromethylsulfonyl)imide,CCCCCCCC[N+](C)(CCCCCCCC)CCCCCCCC.O=S(=O)([N-]S(=O)(=O)C(F)(F)F)C(F)(F)F,"[N8,8,8,1][NTf2]",butan-1-ol,CCCCO,alcohol,water,O,water,0.0,0.485,0.515,0.0,0.0204,0.9796,1.0,785,298.15,0.03276313,0.44423795,0.5229989,0.0014211496,0.01820531,0.9803735
,1-ethyl-3-methylimidazolium bis(trifluoromethylsulfonyl)imide,CCn1cc[n+](C)c1.O=S(=O)([N-]S(=O)(=O)C(F)(F)F)C(F)(F)F,[C2MIm][NTf2],ethanol,CCO,alcohol,water,O,water,0.58,0.0,0.42,0.001,0.0,0.999,0.0,790,323.2,0.55261916,0.02536482,0.422016,0.0028859123,0.009145539,0.98796844
,1-ethyl-3-methylimidazolium bis(trifluoromethylsulfonyl)imide,CCn1cc[n+](C)c1.O=S(=O)([N-]S(=O)(=O)C(F)(F)F)C(F)(F)F,[C2MIm][NTf2],ethanol,CCO,alcohol,water,O,water,0.492,0.06,0.448,0.002,0.02,0.978,0.2,790,323.2,0.43031198,0.09581399,0.47387397,0.004026214,0.030394852,0.9655789
,1-ethyl-3-methylimidazolium bis(trifluoromethylsulfonyl)imide,CCn1cc[n+](C)c1.O=S(=O)([N-]S(=O)(=O)C(F)(F)F)C(F)(F)F,[C2MIm][NTf2],ethanol,CCO,alcohol,water,O,water,0.392,0.127,0.481,0.002,0.045,0.953,0.4,790,323.2,0.29903173,0.1850463,0.51592195,0.005775288,0.065327734,0.9288969
,1-ethyl-3-methylimidazolium bis(trifluoromethylsulfonyl)imide,CCn1cc[n+](C)c1.O=S(=O)([N-]S(=O)(=O)C(F)(F)F)C(F)(F)F,[C2MIm][NTf2],ethanol,CCO,alcohol,water,O,water,0.29,0.188,0.522,0.004,0.074,0.922,0.6,790,323.2,0.19597305,0.22323807,0.5807889,0.0087185055,0.09859208,0.89268947
,1-ethyl-3-methylimidazolium bis(trifluoromethylsulfonyl)imide,CCn1cc[n+](C)c1.O=S(=O)([N-]S(=O)(=O)C(F)(F)F)C(F)(F)F,[C2MIm][NTf2],ethanol,CCO,alcohol,water,O,water,0.217,0.217,0.566,0.007,0.097,0.896,0.8,790,323.2,0.12465462,0.22465523,0.6506902,0.014135926,0.121376745,0.8644873
,1-ethyl-3-methylimidazolium bis(trifluoromethylsulfonyl)imide,CCn1cc[n+](C)c1.O=S(=O)([N-]S(=O)(=O)C(F)(F)F)C(F)(F)F,[C2MIm][NTf2],ethanol,CCO,alcohol,water,O,water,0.162,0.221,0.617,0.021,0.11,0.869,1.0,790,323.2,0.08416303,0.1972633,0.71857363,0.023366142,0.122228965,0.854405
,1-ethyl-3-methylimidazolium bis(trifluoromethylsulfonyl)imide,CCn1cc[n+](C)c1.O=S(=O)([N-]S(=O)(=O)C(F)(F)F)C(F)(F)F,[C2MIm][NTf2],ethanol,CCO,alcohol,water,O,water,0.767,0.0,0.233,0.0,0.0,1.0,0.0,792,303.2,0.6135364,0.034243263,0.35222027,0.001991686,0.013634765,0.98437357
,1-ethyl-3-methylimidazolium bis(trifluoromethylsulfonyl)imide,CCn1cc[n+](C)c1.O=S(=O)([N-]S(=O)(=O)C(F)(F)F)C(F)(F)F,[C2MIm][NTf2],ethanol,CCO,alcohol,water,O,water,0.647,0.094,0.259,0.0,0.038,0.962,0.14285715,792,303.2,0.5213998,0.09312975,0.3854705,0.0026764146,0.033334002,0.96398956
,1-ethyl-3-methylimidazolium bis(trifluoromethylsulfonyl)imide,CCn1cc[n+](C)c1.O=S(=O)([N-]S(=O)(=O)C(F)(F)F)C(F)(F)F,[C2MIm][NTf2],ethanol,CCO,alcohol,water,O,water,0.533,0.188,0.279,0.0,0.076,0.924,0.2857143,792,303.2,0.41511783,0.17540693,0.4094752,0.003622015,0.06444129,0.9319367
,1-ethyl-3-methylimidazolium bis(trifluoromethylsulfonyl)imide,CCn1cc[n+](C)c1.O=S(=O)([N-]S(=O)(=O)C(F)(F)F)C(F)(F)F,[C2MIm][NTf2],ethanol,CCO,alcohol,water,O,water,0.4,0.285,0.315,0.0,0.12,0.88,0.42857143,792,303.2,0.31970227,0.23347737,0.44682032,0.004890911,0.096812755,0.8982963
,1-ethyl-3-methylimidazolium bis(trifluoromethylsulfonyl)imide,CCn1cc[n+](C)c1.O=S(=O)([N-]S(=O)(=O)C(F)(F)F)C(F)(F)F,[C2MIm][NTf2],ethanol,CCO,alcohol,water,O,water,0.309,0.339,0.352,0.002,0.157,0.841,0.5714286,792,303.2,0.24026392,0.26501033,0.4947258,0.006884947,0.12796769,0.86514735
,1-ethyl-3-methylimidazolium bis(trifluoromethylsulfonyl)imide,CCn1cc[n+](C)c1.O=S(=O)([N-]S(=O)(=O)C(F)(F)F)C(F)(F)F,[C2MIm][NTf2],ethanol,CCO,alcohol,water,O,water,0.24,0.369,0.391,0.002,0.191,0.807,0.71428573,792,303.2,0.17657514,0.27984336,0.54358155,0.010114425,0.15623377,0.8336518
,1-ethyl-3-methylimidazolium bis(trifluoromethylsulfonyl)imide,CCn1cc[n+](C)c1.O=S(=O)([N-]S(=O)(=O)C(F)(F)F)C(F)(F)F,[C2MIm][NTf2],ethanol,CCO,alcohol,water,O,water,0.178,0.385,0.437,0.006,0.228,0.766,0.85714287,792,303.2,0.13083632,0.27684012,0.59232354,0.015088015,0.17350155,0.8114105
,1-ethyl-3-methylimidazolium bis(trifluoromethylsulfonyl)imide,CCn1cc[n+](C)c1.O=S(=O)([N-]S(=O)(=O)C(F)(F)F)C(F)(F)F,[C2MIm][NTf2],ethanol,CCO,alcohol,water,O,water,0.125,0.383,0.492,0.017,0.26,0.723,1.0,792,303.2,0.101827495,0.25864142,0.6395311,0.022568867,0.17690651,0.80052465
,1-butyl-1-methylpyrrolidinium bis(trifluoromethylsulfonyl)imide,CCCC[N+]1(C)CCCC1.O=S(=O)([N-]S(=O)(=O)C(F)(F)F)C(F)(F)F,[C4MPyr][NTf2],2-propanol,CC(C)O,alcohol,water,O,water,0.65000004,0.14500001,0.20500001,0.0,0.055,0.945,0.0,797,282.2,0.76488733,0.04258719,0.19252543,0.0004574409,0.016921757,0.9826208
,1-butyl-1-methylpyrrolidinium bis(trifluoromethylsulfonyl)imide,CCCC[N+]1(C)CCCC1.O=S(=O)([N-]S(=O)(=O)C(F)(F)F)C(F)(F)F,[C4MPyr][NTf2],2-propanol,CC(C)O,alcohol,water,O,water,0.52,0.227,0.253,0.001,0.08,0.919,0.16666667,797,282.2,0.6469188,0.1299772,0.22310397,0.0006802257,0.044845328,0.9544745
,1-butyl-1-methylpyrrolidinium bis(trifluoromethylsulfonyl)imide,CCCC[N+]1(C)CCCC1.O=S(=O)([N-]S(=O)(=O)C(F)(F)F)C(F)(F)F,[C4MPyr][NTf2],2-propanol,CC(C)O,alcohol,water,O,water,0.396,0.292,0.312,0.001,0.108,0.891,0.33333334,797,282.2,0.5066343,0.22097115,0.27239457,0.000973639,0.07945216,0.9195742
,1-butyl-1-methylpyrrolidinium bis(trifluoromethylsulfonyl)imide,CCCC[N+]1(C)CCCC1.O=S(=O)([N-]S(=O)(=O)C(F)(F)F)C(F)(F)F,[C4MPyr][NTf2],2-propanol,CC(C)O,alcohol,water,O,water,0.295,0.333,0.372,0.004,0.151,0.845,0.5,797,282.2,0.36773774,0.29074064,0.34152162,0.0014860597,0.11820421,0.88030976
,1-butyl-1-methylpyrrolidinium bis(trifluoromethylsulfonyl)imide,CCCC[N+]1(C)CCCC1.O=S(=O)([N-]S(=O)(=O)C(F)(F)F)C(F)(F)F,[C4MPyr][NTf2],2-propanol,CC(C)O,alcohol,water,O,water,0.234,0.349,0.417,0.008,0.189,0.803,0.6666667,797,282.2,0.24217223,0.3475629,0.41026485,0.0024848557,0.16622195,0.8312932
,1-butyl-1-methylpyrrolidinium bis(trifluoromethylsulfonyl)imide,CCCC[N+]1(C)CCCC1.O=S(=O)([N-]S(=O)(=O)C(F)(F)F)C(F)(F)F,[C4MPyr][NTf2],2-propanol,CC(C)O,alcohol,water,O,water,0.161,0.351,0.488,0.021,0.244,0.735,1.0,797,282.2,0.10159588,0.38367075,0.5147334,0.007959044,0.2618305,0.7302104
,1-butyl-1-methylpyrrolidinium bis(trifluoromethylsulfonyl)imide,CCCC[N+]1(C)CCCC1.O=S(=O)([N-]S(=O)(=O)C(F)(F)F)C(F)(F)F,[C4MPyr][NTf2],2-propanol,CC(C)O,alcohol,water,O,water,0.161,0.352,0.487,0.02,0.244,0.736,0.8333333,797,282.2,0.1522097,0.3789447,0.4688456,0.0043816827,0.21658224,0.77903605
,1-butyl-3-methylimidazolium tetrafluoroborate,CCCCn1cc[n+](C)c1.F[B-](F)(F)F,[C4MIm][BF4],methanol,CO,alcohol,tert-butylmethyl ether,COC(C)(C)C,ether,0.614,0.239,0.147,0.001,0.131,0.868,0.0,818,298.15,0.8607099,0.04518238,0.09410773,0.0004760069,0.016146418,0.9833776
,1-butyl-3-methylimidazolium tetrafluoroborate,CCCCn1cc[n+](C)c1.F[B-](F)(F)F,[C4MIm][BF4],methanol,CO,alcohol,tert-butylmethyl ether,COC(C)(C)C,ether,0.502,0.343,0.155,0.001,0.229,0.77,0.16666667,818,298.15,0.7531475,0.14842203,0.09843045,0.00088046957,0.05569818,0.9434213
,1-butyl-3-methylimidazolium tetrafluoroborate,CCCCn1cc[n+](C)c1.F[B-](F)(F)F,[C4MIm][BF4],methanol,CO,alcohol,tert-butylmethyl ether,COC(C)(C)C,ether,0.39,0.448,0.162,0.004,0.344,0.652,0.33333334,818,298.15,0.61419076,0.28397065,0.10183863,0.0014549833,0.129135,0.86941
,1-butyl-3-methylimidazolium tetrafluoroborate,CCCCn1cc[n+](C)c1.F[B-](F)(F)F,[C4MIm][BF4],methanol,CO,alcohol,tert-butylmethyl ether,COC(C)(C)C,ether,0.331,0.503,0.166,0.004,0.429,0.567,0.5,818,298.15,0.5028053,0.3843006,0.11289415,0.002258096,0.21904643,0.77869546
,1-butyl-3-methylimidazolium tetrafluoroborate,CCCCn1cc[n+](C)c1.F[B-](F)(F)F,[C4MIm][BF4],methanol,CO,alcohol,tert-butylmethyl ether,COC(C)(C)C,ether,0.252,0.567,0.181,0.017,0.511,0.472,0.6666667,818,298.15,0.40175924,0.4722623,0.12597854,0.0034791895,0.3258367,0.67068416
,1-butyl-3-methylimidazolium tetrafluoroborate,CCCCn1cc[n+](C)c1.F[B-](F)(F)F,[C4MIm][BF4],methanol,CO,alcohol,tert-butylmethyl ether,COC(C)(C)C,ether,0.197,0.605,0.198,0.036,0.557,0.407,0.8333333,818,298.15,0.3095525,0.55361736,0.13683015,0.0052508437,0.43930364,0.5554455
,1-butyl-3-methylimidazolium tetrafluoroborate,CCCCn1cc[n+](C)c1.F[B-](F)(F)F,[C4MIm][BF4],methanol,CO,alcohol,tert-butylmethyl ether,COC(C)(C)C,ether,0.131,0.634,0.235,0.052,0.615,0.333,1.0,818,298.15,0.23611772,0.61989886,0.14398336,0.0076714363,0.5422758,0.45005283
,1-ethyl-3-methylimidazolium,CCn1cc[n+](C)c1,[C2MIm][EtSO4],ethanol,CCO,alcohol,tert-butylethyl ether,CCOCCOC(C)(C)C,ether,0.969,0.0,0.031,0.0,0.0,1.0,0.0,826,298.15,0.9317374,0.023535276,0.04472721,0.00017407075,0.0051028626,0.9947231
,1-ethyl-3-methylimidazolium,CCn1cc[n+](C)c1,[C2MIm][EtSO4],ethanol,CCO,alcohol,tert-butylethyl ether,CCOCCOC(C)(C)C,ether,0.908,0.064,0.028,0.0,0.009,0.991,0.1,826,298.15,0.8870495,0.05916512,0.05378539,0.0002343743,0.011314174,0.9884515
,1-ethyl-3-methylimidazolium,CCn1cc[n+](C)c1,[C2MIm][EtSO4],ethanol,CCO,alcohol,tert-butylethyl ether,CCOCCOC(C)(C)C,ether,0.813,0.141,0.046,0.0,0.024,0.976,0.2,826,298.15,0.817233,0.121005185,0.06176183,0.0003172893,0.022849742,0.976833
,1-ethyl-3-methylimidazolium,CCn1cc[n+](C)c1,[C2MIm][EtSO4],ethanol,CCO,alcohol,tert-butylethyl ether,CCOCCOC(C)(C)C,ether,0.72400004,0.22400002,0.052000005,0.0,0.04,0.96,0.3,826,298.15,0.7353175,0.19242801,0.07225449,0.0004168406,0.03906977,0.9605135
,1-ethyl-3-methylimidazolium,CCn1cc[n+](C)c1,[C2MIm][EtSO4],ethanol,CCO,alcohol,tert-butylethyl ether,CCOCCOC(C)(C)C,ether,0.583,0.358,0.059,0.0,0.084,0.916,0.4,826,298.15,0.6521857,0.26053238,0.087281875,0.0005435195,0.059431646,0.94002485
,1-ethyl-3-methylimidazolium,CCn1cc[n+](C)c1,[C2MIm][EtSO4],ethanol,CCO,alcohol,tert-butylethyl ether,CCOCCOC(C)(C)C,ether,0.482,0.458,0.06,0.0,0.125,0.875,0.5,826,298.15,0.564115,0.32925934,0.10662563,0.0007258078,0.086274,0.91300017
,1-ethyl-3-methylimidazolium,CCn1cc[n+](C)c1,[C2MIm][EtSO4],ethanol,CCO,alcohol,tert-butylethyl ether,CCOCCOC(C)(C)C,ether,0.382,0.54,0.078,0.0,0.206,0.794,0.6,826,298.15,0.4719627,0.3992935,0.12874378,0.0009949328,0.12190327,0.8771017
,1-ethyl-3-methylimidazolium,CCn1cc[n+](C)c1,[C2MIm][EtSO4],ethanol,CCO,alcohol,tert-butylethyl ether,CCOCCOC(C)(C)C,ether,0.29500002,0.60200006,0.10300001,0.002,0.289,0.709,0.7,826,298.15,0.38212264,0.46597537,0.15190205,0.0013875931,0.16717567,0.83143675
,1-ethyl-3-methylimidazolium,CCn1cc[n+](C)c1,[C2MIm][EtSO4],ethanol,CCO,alcohol,tert-butylethyl ether,CCOCCOC(C)(C)C,ether,0.235,0.632,0.133,0.002,0.347,0.651,0.8,826,298.15,0.30170962,0.52365595,0.17463437,0.0019478631,0.22084604,0.7772061
,1-ethyl-3-methylimidazolium,CCn1cc[n+](C)c1,[C2MIm][EtSO4],ethanol,CCO,alcohol,tert-butylethyl ether,CCOCCOC(C)(C)C,ether,0.174,0.646,0.18,0.013,0.441,0.546,0.9,826,298.15,0.23412906,0.5694073,0.19646369,0.002742942,0.28031415,0.7169429
,1-ethyl-3-methylimidazolium,CCn1cc[n+](C)c1,[C2MIm][EtSO4],ethanol,CCO,alcohol,tert-butylethyl ether,CCOCCOC(C)(C)C,ether,0.14100002,0.63600004,0.22300002,0.026,0.493,0.481,1.0,826,298.15,0.18105663,0.6014957,0.21744768,0.003847286,0.34024045,0.6559123
,1-ethyl-3-methylimidazolium,CCn1cc[n+](C)c1,[C2MIm][EtSO4],ethanol,CCO,alcohol,tert-amylethyl ether,CCOC(C)(C)CC,ether,0.9841,0.0,0.0159,0.0,0.0,1.0,0.0,828,298.15,0.9172636,0.045691676,0.037044734,0.00011827884,0.005919732,0.993962
,1-ethyl-3-methylimidazolium,CCn1cc[n+](C)c1,[C2MIm][EtSO4],ethanol,CCO,alcohol,tert-amylethyl ether,CCOC(C)(C)CC,ether,0.9049,0.0806,0.0145,0.0,0.0084,0.9916,0.09090909,828,298.15,0.8608248,0.097963445,0.041211702,0.00017453516,0.012791022,0.9870345
,1-ethyl-3-methylimidazolium,CCn1cc[n+](C)c1,[C2MIm][EtSO4],ethanol,CCO,alcohol,tert-amylethyl ether,CCOC(C)(C)CC,ether,0.84330004,0.14070001,0.016000003,0.0003,0.0166,0.9831,0.18181819,828,298.15,0.7862416,0.16739614,0.04636226,0.00024367118,0.023768958,0.97598743
,1-ethyl-3-methylimidazolium,CCn1cc[n+](C)c1,[C2MIm][EtSO4],ethanol,CCO,alcohol,tert-amylethyl ether,CCOC(C)(C)CC,ether,0.7932,0.1895,0.0173,0.0002,0.0222,0.9776,0.27272728,828,298.15,0.7112888,0.23496693,0.05374426,0.0003269426,0.038419478,0.9612536
,1-ethyl-3-methylimidazolium,CCn1cc[n+](C)c1,[C2MIm][EtSO4],ethanol,CCO,alcohol,tert-amylethyl ether,CCOC(C)(C)CC,ether,0.74740005,0.23660001,0.016000003,0.0003,0.0327,0.967,0.36363637,828,298.15,0.63980365,0.2963085,0.0638879,0.00043480517,0.057195585,0.94236964
,1-ethyl-3-methylimidazolium,CCn1cc[n+](C)c1,[C2MIm][EtSO4],ethanol,CCO,alcohol,tert-amylethyl ether,CCOC(C)(C)CC,ether,0.6774,0.3038,0.0188,0.0002,0.0461,0.9537,0.45454547,828,298.15,0.56645745,0.35700583,0.07653668,0.00058433856,0.0821007,0.9173149
,1-ethyl-3-methylimidazolium,CCn1cc[n+](C)c1,[C2MIm][EtSO4],ethanol,CCO,alcohol,tert-amylethyl ether,CCOC(C)(C)CC,ether,0.57530004,0.40570003,0.019000001,0.0002,0.0808,0.919,0.54545456,828,298.15,0.4907885,0.4181839,0.091027625,0.0007942648,0.114745036,0.8844607
,1-ethyl-3-methylimidazolium,CCn1cc[n+](C)c1,[C2MIm][EtSO4],ethanol,CCO,alcohol,tert-amylethyl ether,CCOC(C)(C)CC,ether,0.4948,0.4725,0.0327,0.0004,0.1035,0.8961,0.6363636,828,298.15,0.41572738,0.47760564,0.10666699,0.001085043,0.15600996,0.84290504
,1-ethyl-3-methylimidazolium,CCn1cc[n+](C)c1,[C2MIm][EtSO4],ethanol,CCO,alcohol,tert-amylethyl ether,CCOC(C)(C)CC,ether,0.39200002,0.56030005,0.047700003,0.0005,0.1691,0.8304,0.72727275,828,298.15,0.344984,0.53236055,0.12265538,0.0014830778,0.2058982,0.7926187
,1-ethyl-3-methylimidazolium,CCn1cc[n+](C)c1,[C2MIm][EtSO4],ethanol,CCO,alcohol,tert-amylethyl ether,CCOC(C)(C)CC,ether,0.3535,0.5922,0.0543,0.0005,0.2031,0.7964,0.8181818,828,298.15,0.28129858,0.58035254,0.13834888,0.0020222277,0.26368243,0.7342953
,1-ethyl-3-methylimidazolium,CCn1cc[n+](C)c1,[C2MIm][EtSO4],ethanol,CCO,alcohol,tert-amylethyl ether,CCOC(C)(C)CC,ether,0.2726,0.6476,0.0798,0.0017,0.2965,0.7018,0.90909094,828,298.15,0.2275074,0.6193089,0.15318368,0.0027300478,0.32550853,0.67176145
,1-ethyl-3-methylimidazolium,CCn1cc[n+](C)c1,[C2MIm][EtSO4],ethanol,CCO,alcohol,tert-amylethyl ether,CCOC(C)(C)CC,ether,0.1303,0.6703,0.1994,0.0222,0.4961,0.4817,1.0,828,298.15,0.18370481,0.64928365,0.16701154,0.0036362596,0.38798505,0.6083787
,1-hexyl-3-methylimidazolium hexafluorophosphate,CCCCCCn1cc[n+](C)c1.F[P-](F)(F)(F)(F)F,[C6MIm][PF6],acetone,CC(C)=O,ketone,water,O,water,0.5692,0.2163,0.2145,0.0005,0.0221,0.9774,0.0,834,298.15,0.50135434,0.26694125,0.23170441,0.00075745804,0.02202121,0.97722137
,1-hexyl-3-methylimidazolium hexafluorophosphate,CCCCCCn1cc[n+](C)c1.F[P-](F)(F)(F)(F)F,[C6MIm][PF6],acetone,CC(C)=O,ketone,water,O,water,0.4456,0.3207,0.2337,0.0006,0.0385,0.9609,0.14285715,834,298.15,0.4218213,0.32293656,0.2552421,0.0010131658,0.031890262,0.96709657
,1-hexyl-3-methylimidazolium hexafluorophosphate,CCCCCCn1cc[n+](C)c1.F[P-](F)(F)(F)(F)F,[C6MIm][PF6],acetone,CC(C)=O,ketone,water,O,water,0.34506547,0.38036197,0.27457255,0.0009,0.0545,0.9446,0.2857143,834,298.15,0.34393972,0.37143022,0.28463003,0.0014322742,0.0441492,0.9544184
,1-hexyl-3-methylimidazolium hexafluorophosphate,CCCCCCn1cc[n+](C)c1.F[P-](F)(F)(F)(F)F,[C6MIm][PF6],acetone,CC(C)=O,ketone,water,O,water,0.252,0.412,0.336,0.0017,0.0744,0.9239,0.42857143,834,298.15,0.27142876,0.41100824,0.317563,0.0020916031,0.058640324,0.9392681
,1-hexyl-3-methylimidazolium hexafluorophosphate,CCCCCCn1cc[n+](C)c1.F[P-](F)(F)(F)(F)F,[C6MIm][PF6],acetone,CC(C)=O,ketone,water,O,water,0.2056,0.418,0.3764,0.00239976,0.08819118,0.90940905,0.5714286,834,298.15,0.20930631,0.43620148,0.3544922,0.003079923,0.073662184,0.9232578
,1-hexyl-3-methylimidazolium hexafluorophosphate,CCCCCCn1cc[n+](C)c1.F[P-](F)(F)(F)(F)F,[C6MIm][PF6],acetone,CC(C)=O,ketone,water,O,water,0.1922,0.4184,0.3894,0.00269973,0.09289071,0.9044095,0.71428573,834,298.15,0.16014959,0.44257596,0.3972744,0.0044844896,0.08621782,0.9092977
,1-hexyl-3-methylimidazolium hexafluorophosphate,CCCCCCn1cc[n+](C)c1.F[P-](F)(F)(F)(F)F,[C6MIm][PF6],acetone,CC(C)=O,ketone,water,O,water,0.1315,0.4105,0.458,0.00450045,0.11961196,0.87588763,0.85714287,834,298.15,0.12462681,0.42901054,0.44636267,0.0063562095,0.09320261,0.90044117
,1-hexyl-3-methylimidazolium hexafluorophosphate,CCCCCCn1cc[n+](C)c1.F[P-](F)(F)(F)(F)F,[C6MIm][PF6],acetone,CC(C)=O,ketone,water,O,water,0.0801,0.3882,0.5317,0.008,0.1572,0.8348,1.0,834,298.15,0.100635536,0.39965025,0.49971417,0.008751636,0.09427371,0.89697474
,1-ethyl-3-methylimidazolium,CCn1cc[n+](C)c1,[C2MIm][EtSO4],water,O,water,tert-butylethyl ether,CCOCCOC(C)(C)C,ether,0.969,0.0,0.031,0.001,0.0,0.999,0.0,847,298.15,0.74212325,0.24683522,0.011041481,3.5689843e-06,0.0011872328,0.9988092
,1-ethyl-3-methylimidazolium,CCn1cc[n+](C)c1,[C2MIm][EtSO4],water,O,water,tert-butylethyl ether,CCOCCOC(C)(C)C,ether,0.829,0.143,0.028,0.004,0.002,0.994,0.1,847,298.15,0.6404474,0.34730855,0.012244018,3.991778e-06,0.0018198362,0.9981761
,1-ethyl-3-methylimidazolium,CCn1cc[n+](C)c1,[C2MIm][EtSO4],water,O,water,tert-butylethyl ether,CCOCCOC(C)(C)C,ether,0.675,0.304,0.021,0.003,0.005,0.992,0.2,847,298.15,0.5264931,0.4598473,0.013659671,4.7274275e-06,0.0027470784,0.9972481
,1-ethyl-3-methylimidazolium,CCn1cc[n+](C)c1,[C2MIm][EtSO4],water,O,water,tert-butylethyl ether,CCOCCOC(C)(C)C,ether,0.542,0.443,0.015,0.002,0.01,0.988,0.3,847,298.15,0.40760168,0.5774117,0.014986596,5.954712e-06,0.004156304,0.9958378
,1-ethyl-3-methylimidazolium,CCn1cc[n+](C)c1,[C2MIm][EtSO4],water,O,water,tert-butylethyl ether,CCOCCOC(C)(C)C,ether,0.445,0.542,0.013,0.001,0.018,0.981,0.4,847,298.15,0.29633018,0.687772,0.015897889,7.9460715e-06,0.0062928335,0.9936992
,1-ethyl-3-methylimidazolium,CCn1cc[n+](C)c1,[C2MIm][EtSO4],water,O,water,tert-butylethyl ether,CCOCCOC(C)(C)C,ether,0.31,0.681,0.009,0.001,0.022,0.977,0.5,847,298.15,0.20300177,0.78072226,0.016275948,1.1179309e-05,0.00953357,0.9904552
,1-ethyl-3-methylimidazolium,CCn1cc[n+](C)c1,[C2MIm][EtSO4],water,O,water,tert-butylethyl ether,CCOCCOC(C)(C)C,ether,0.212,0.78,0.008,0.001,0.028,0.971,0.6,847,298.15,0.13285525,0.85092366,0.016221099,1.6364265e-05,0.014330909,0.9856528
,1-ethyl-3-methylimidazolium,CCn1cc[n+](C)c1,[C2MIm][EtSO4],water,O,water,tert-butylethyl ether,CCOCCOC(C)(C)C,ether,0.12,0.875,0.005,0.001,0.021,0.978,0.7,847,298.15,0.08468458,0.89933765,0.015977768,2.456997e-05,0.021128487,0.97884685
,1-ethyl-3-methylimidazolium,CCn1cc[n+](C)c1,[C2MIm][EtSO4],water,O,water,tert-butylethyl ether,CCOCCOC(C)(C)C,ether,0.057,0.939,0.004,0.001,0.026,0.973,0.8,847,298.15,0.05395324,0.9302509,0.015795846,3.737199e-05,0.030352656,0.96961
,1-ethyl-3-methylimidazolium,CCn1cc[n+](C)c1,[C2MIm][EtSO4],water,O,water,tert-butylethyl ether,CCOCCOC(C)(C)C,ether,0.032,0.965,0.003,0.001,0.03,0.969,0.9,847,298.15,0.035225756,0.94908917,0.015685141,5.6519897e-05,0.04221021,0.95773333
,1-ethyl-3-methylimidazolium,CCn1cc[n+](C)c1,[C2MIm][EtSO4],water,O,water,tert-butylethyl ether,CCOCCOC(C)(C)C,ether,0.0,0.998,0.002,0.0,0.037,0.963,1.0,847,298.15,0.024421271,0.9598005,0.0157783,8.4493775e-05,0.056591682,0.9433238
,1-ethyl-3-methylimidazolium,CCn1cc[n+](C)c1,[C2MIm][EtSO4],water,O,water,di-iso-propyl ether,CC(C)OC(C)C,ether,0.728,0.251,0.021,0.004,0.003,0.993,0.0,849,303.15,0.6913774,0.30177593,0.006846696,3.4933163e-07,0.0003652347,0.9996344
,1-ethyl-3-methylimidazolium,CCn1cc[n+](C)c1,[C2MIm][EtSO4],water,O,water,di-iso-propyl ether,CC(C)OC(C)C,ether,0.619,0.364,0.017,0.004,0.006,0.99,0.11111111,849,303.15,0.57178193,0.42069167,0.007526443,4.0309592e-07,0.0005914122,0.99940825
,1-ethyl-3-methylimidazolium,CCn1cc[n+](C)c1,[C2MIm][EtSO4],water,O,water,di-iso-propyl ether,CC(C)OC(C)C,ether,0.54399997,0.44199994,0.013999999,0.005,0.008,0.987,0.22222222,849,303.15,0.44567186,0.54611343,0.008214733,4.9675936e-07,0.0009475107,0.999052
,1-ethyl-3-methylimidazolium,CCn1cc[n+](C)c1,[C2MIm][EtSO4],water,O,water,di-iso-propyl ether,CC(C)OC(C)C,ether,0.414,0.574,0.012,0.004,0.012,0.984,0.33333334,849,303.15,0.32524797,0.66603094,0.008721124,6.53271e-07,0.0015087753,0.9984906
,1-ethyl-3-methylimidazolium,CCn1cc[n+](C)c1,[C2MIm][EtSO4],water,O,water,di-iso-propyl ether,CC(C)OC(C)C,ether,0.348,0.643,0.009,0.004,0.015,0.981,0.44444445,849,303.15,0.22227003,0.76877624,0.008953786,9.1930883e-07,0.0024001761,0.9975988
,1-ethyl-3-methylimidazolium,CCn1cc[n+](C)c1,[C2MIm][EtSO4],water,O,water,di-iso-propyl ether,CC(C)OC(C)C,ether,0.259,0.735,0.006,0.003,0.018,0.979,0.5555556,849,303.15,0.14381018,0.847255,0.008934836,1.3735071e-06,0.0038050527,0.9961935
,1-ethyl-3-methylimidazolium,CCn1cc[n+](C)c1,[C2MIm][EtSO4],water,O,water,di-iso-propyl ether,CC(C)OC(C)C,ether,0.205,0.791,0.004,0.005,0.02,0.975,0.6666667,849,303.15,0.08965925,0.90156364,0.00877709,2.1460155e-06,0.0059725046,0.99402535
,1-ethyl-3-methylimidazolium,CCn1cc[n+](C)c1,[C2MIm][EtSO4],water,O,water,di-iso-propyl ether,CC(C)OC(C)C,ether,0.145,0.851,0.004,0.005,0.022,0.973,0.7777778,849,303.15,0.054898642,0.9364946,0.008606809,3.4472744e-06,0.0092083905,0.99078816
,1-ethyl-3-methylimidazolium,CCn1cc[n+](C)c1,[C2MIm][EtSO4],water,O,water,di-iso-propyl ether,CC(C)OC(C)C,ether,0.114,0.883,0.003,0.007,0.023,0.97,0.8888889,849,303.15,0.033629943,0.9578772,0.008492782,5.597289e-06,0.01384018,0.98615414
,1-ethyl-3-methylimidazolium,CCn1cc[n+](C)c1,[C2MIm][EtSO4],water,O,water,di-iso-propyl ether,CC(C)OC(C)C,ether,0.0,0.998,0.002,0.0,0.033,0.967,1.0,849,303.15,0.021218002,0.97034764,0.008434346,9.045748e-06,0.020326661,0.9796643
no,1-decyl-3-methylimidazolium bis(trifluoromethylsulfonyl)imide,CCCCCCCCCCn1cc[n+](C)c1.O=S(=O)([N-]S(=O)(=O)C(F)(F)F)C(F)(F)F,[C10MIm][NTf2],acetic acid,CC(=O)O,acid,water,O,water,0.8055,0.0353,0.1592,0.0002,0.0064,0.9934,0.0,859,293.15,0.8077299,0.017650058,0.17462002,0.00035415636,0.0074997256,0.9921462
no,1-decyl-3-methylimidazolium bis(trifluoromethylsulfonyl)imide,CCCCCCCCCCn1cc[n+](C)c1.O=S(=O)([N-]S(=O)(=O)C(F)(F)F)C(F)(F)F,[C10MIm][NTf2],acetic acid,CC(=O)O,acid,water,O,water,0.7152,0.0872,0.1976,0.0002,0.0175,0.9823,0.16666667,859,293.15,0.732752,0.059233822,0.2080142,0.0005210979,0.021148425,0.97833055
no,1-decyl-3-methylimidazolium bis(trifluoromethylsulfonyl)imide,CCCCCCCCCCn1cc[n+](C)c1.O=S(=O)([N-]S(=O)(=O)C(F)(F)F)C(F)(F)F,[C10MIm][NTf2],acetic acid,CC(=O)O,acid,water,O,water,0.6868,0.1017,0.2115,0.0003,0.0375,0.9622,0.33333334,859,293.15,0.64295083,0.13252553,0.22452356,0.00079506997,0.048061203,0.9511437
no,1-decyl-3-methylimidazolium bis(trifluoromethylsulfonyl)imide,CCCCCCCCCCn1cc[n+](C)c1.O=S(=O)([N-]S(=O)(=O)C(F)(F)F)C(F)(F)F,[C10MIm][NTf2],acetic acid,CC(=O)O,acid,water,O,water,0.5808,0.1825,0.2367,0.0003,0.0993,0.9004,0.5,859,293.15,0.5536269,0.19434258,0.25203055,0.0011825251,0.079853676,0.91896385
no,1-decyl-3-methylimidazolium bis(trifluoromethylsulfonyl)imide,CCCCCCCCCCn1cc[n+](C)c1.O=S(=O)([N-]S(=O)(=O)C(F)(F)F)C(F)(F)F,[C10MIm][NTf2],acetic acid,CC(=O)O,acid,water,O,water,0.4585,0.2414,0.3001,0.0003,0.143,0.8567,0.6666667,859,293.15,0.46610785,0.24121942,0.29267275,0.0018121543,0.115013845,0.88317406
no,1-decyl-3-methylimidazolium bis(trifluoromethylsulfonyl)imide,CCCCCCCCCCn1cc[n+](C)c1.O=S(=O)([N-]S(=O)(=O)C(F)(F)F)C(F)(F)F,[C10MIm][NTf2],acetic acid,CC(=O)O,acid,water,O,water,0.3365,0.2917,0.3718,0.0003,0.182,0.8177,0.8333333,859,293.15,0.38115942,0.2799643,0.33887628,0.0028683057,0.15214999,0.8449818
no,1-decyl-3-methylimidazolium bis(trifluoromethylsulfonyl)imide,CCCCCCCCCCn1cc[n+](C)c1.O=S(=O)([N-]S(=O)(=O)C(F)(F)F)C(F)(F)F,[C10MIm][NTf2],acetic acid,CC(=O)O,acid,water,O,water,0.2984,0.3063,0.3953,0.0003,0.2018,0.7979,1.0,859,293.15,0.30975595,0.30294678,0.38729727,0.004569789,0.1812285,0.8142017
no,"1-butyl-2,3-dimethylimidazolium",CCCCn1cc[n+](C)c1C,[C4MMIm][NTf2],acetic acid,CC(=O)O,acid,water,O,water,0.8163,0.0073,0.1764,0.0004,0.0012,0.9984,0.0,860,293.15,0.6409247,0.04471285,0.31436247,0.0038108586,0.038061645,0.95812744
no,"1-butyl-2,3-dimethylimidazolium",CCCCn1cc[n+](C)c1C,[C4MMIm][NTf2],acetic acid,CC(=O)O,acid,water,O,water,0.7485,0.0419,0.2096,0.0004,0.0183,0.9813,0.125,860,293.15,0.57157934,0.091117255,0.33730346,0.004246531,0.067356765,0.9283967
no,"1-butyl-2,3-dimethylimidazolium",CCCCn1cc[n+](C)c1C,[C4MMIm][NTf2],acetic acid,CC(=O)O,acid,water,O,water,0.7126,0.0665,0.2209,0.0004,0.0361,0.9635,0.25,860,293.15,0.5044628,0.14495414,0.35058302,0.0048470045,0.10201896,0.89313406
no,"1-butyl-2,3-dimethylimidazolium",CCCCn1cc[n+](C)c1C,[C4MMIm][NTf2],acetic acid,CC(=O)O,acid,water,O,water,0.6696,0.0828,0.2476,0.0006,0.0455,0.9539,0.375,860,293.15,0.44321537,0.18723081,0.36955383,0.0056528845,0.1332249,0.86112225
no,"1-butyl-2,3-dimethylimidazolium",CCCCn1cc[n+](C)c1C,[C4MMIm][NTf2],acetic acid,CC(=O)O,acid,water,O,water,0.6055,0.1143,0.2802,0.0005,0.0705,0.929,0.5,860,293.15,0.38625443,0.21795848,0.39578712,0.006860402,0.16064024,0.8324993
no,"1-butyl-2,3-dimethylimidazolium",CCCCn1cc[n+](C)c1C,[C4MMIm][NTf2],acetic acid,CC(=O)O,acid,water,O,water,0.5173,0.1517,0.331,0.0006,0.0909,0.9085,0.625,860,293.15,0.33223066,0.2423476,0.42542177,0.008694755,0.18567193,0.80563325
no,"1-butyl-2,3-dimethylimidazolium",CCCCn1cc[n+](C)c1C,[C4MMIm][NTf2],acetic acid,CC(=O)O,acid,water,O,water,0.4659,0.1801,0.354,0.0013,0.1017,0.897,0.75,860,293.15,0.28393078,0.25983328,0.45623595,0.011371567,0.20498641,0.783642
no,"1-butyl-2,3-dimethylimidazolium",CCCCn1cc[n+](C)c1C,[C4MMIm][NTf2],acetic acid,CC(=O)O,acid,water,O,water,0.3654,0.2217,0.4129,0.0021,0.1376,0.8603,0.875,860,293.15,0.2447939,0.2679683,0.48723784,0.015137117,0.2149993,0.7698636
no,"1-butyl-2,3-dimethylimidazolium",CCCCn1cc[n+](C)c1C,[C4MMIm][NTf2],acetic acid,CC(=O)O,acid,water,O,water,0.2944,0.2472,0.4584,0.003,0.1707,0.8263,1.0,860,293.15,0.21707438,0.26740476,0.5155208,0.020365221,0.21700278,0.762632
