Involved in the gama database,IL (Component 1) full name,smiles1,IL abbreviation,Component 2,smiles2,Family of component 2,Component 3,smiles3,Family of component 3,Ex1,Ex2,Ex3,Rx1,Rx2,Rx3,P,t,system_id,T,distance_from_training_range_k,temperature_side,distance_bin,pred_Ex1,pred_Ex2,pred_Ex3,pred_Rx1,pred_Rx2,pred_Rx3
no,1-butyl-4-methylpyridinium tetrafluoroborate,CCCC[n+]1ccc(C)cc1.F[B-](F)(F)F,[C4MPy][BF4],benzene,c1ccccc1,aromatic,n-hexane,CCCCCC,alkane,0.983,0.0,0.017,0.022,0.0,0.978,101.325,0.0,83,333.2,10.0,above,5-10 K,0.8998777,0.09310602,0.0070162457,0.003240774,0.22192445,0.77483475
no,1-butyl-4-methylpyridinium tetrafluoroborate,CCCC[n+]1ccc(C)cc1.F[B-](F)(F)F,[C4MPy][BF4],benzene,c1ccccc1,aromatic,n-hexane,CCCCCC,alkane,0.922,0.061,0.017,0.007,0.049,0.944,101.325,0.16666667,83,333.2,10.0,above,5-10 K,0.87440574,0.11689652,0.008697736,0.0035710672,0.2601856,0.73624337
no,1-butyl-4-methylpyridinium tetrafluoroborate,CCCC[n+]1ccc(C)cc1.F[B-](F)(F)F,[C4MPy][BF4],benzene,c1ccccc1,aromatic,n-hexane,CCCCCC,alkane,0.896,0.088,0.016,0.01,0.084,0.906,101.325,0.33333334,83,333.2,10.0,above,5-10 K,0.8434157,0.14587416,0.010710098,0.0038362213,0.30287418,0.6932896
no,1-butyl-4-methylpyridinium tetrafluoroborate,CCCC[n+]1ccc(C)cc1.F[B-](F)(F)F,[C4MPy][BF4],benzene,c1ccccc1,aromatic,n-hexane,CCCCCC,alkane,0.877,0.106,0.017,0.011,0.115,0.874,101.325,0.5,83,333.2,10.0,above,5-10 K,0.80652076,0.18040302,0.013076195,0.004113816,0.34927872,0.64660746
no,1-butyl-4-methylpyridinium tetrafluoroborate,CCCC[n+]1ccc(C)cc1.F[B-](F)(F)F,[C4MPy][BF4],benzene,c1ccccc1,aromatic,n-hexane,CCCCCC,alkane,0.817,0.166,0.017,0.005,0.21,0.785,101.325,0.6666667,83,333.2,10.0,above,5-10 K,0.7636296,0.22058614,0.015784275,0.004399353,0.39852324,0.5970774
no,1-butyl-4-methylpyridinium tetrafluoroborate,CCCC[n+]1ccc(C)cc1.F[B-](F)(F)F,[C4MPy][BF4],benzene,c1ccccc1,aromatic,n-hexane,CCCCCC,alkane,0.754,0.229,0.017,0.008,0.313,0.679,101.325,0.8333333,83,333.2,10.0,above,5-10 K,0.7145948,0.26656935,0.018835891,0.0046534305,0.44998673,0.5453598
no,1-butyl-4-methylpyridinium tetrafluoroborate,CCCC[n+]1ccc(C)cc1.F[B-](F)(F)F,[C4MPy][BF4],benzene,c1ccccc1,aromatic,n-hexane,CCCCCC,alkane,0.688,0.295,0.017,0.006,0.43,0.564,101.325,1.0,83,333.2,10.0,above,5-10 K,0.66050637,0.31735113,0.022142544,0.0048482236,0.5024029,0.49274886
no,1-butyl-4-methylpyridinium tetrafluoroborate,CCCC[n+]1ccc(C)cc1.F[B-](F)(F)F,[C4MPy][BF4],toluene,Cc1ccccc1,aromatic,n-heptane,CCCCCCC,alkane,0.9882,0.0,0.0118,0.0049,0.0,0.9951,101.325,0.0,86,348.2,25.0,above,>20 K,0.9363067,0.059688557,0.00400474,0.0024332579,0.2346986,0.7628682
no,1-butyl-4-methylpyridinium tetrafluoroborate,CCCC[n+]1ccc(C)cc1.F[B-](F)(F)F,[C4MPy][BF4],toluene,Cc1ccccc1,aromatic,n-heptane,CCCCCCC,alkane,0.9678,0.0166,0.0156,0.0,0.0402,0.9598,101.325,0.083333336,86,348.2,25.0,above,>20 K,0.9281293,0.06738471,0.004486005,0.002556347,0.2535137,0.7439299
no,1-butyl-4-methylpyridinium tetrafluoroborate,CCCC[n+]1ccc(C)cc1.F[B-](F)(F)F,[C4MPy][BF4],toluene,Cc1ccccc1,aromatic,n-heptane,CCCCCCC,alkane,0.9692,0.0182,0.0126,0.0065,0.0404,0.9531,101.325,0.16666667,86,348.2,25.0,above,>20 K,0.9189523,0.076025434,0.0050223516,0.0026617865,0.27291468,0.72442347
no,1-butyl-4-methylpyridinium tetrafluoroborate,CCCC[n+]1ccc(C)cc1.F[B-](F)(F)F,[C4MPy][BF4],toluene,Cc1ccccc1,aromatic,n-heptane,CCCCCCC,alkane,0.9553,0.0334,0.0113,0.0,0.0701,0.9299,101.325,0.25,86,348.2,25.0,above,>20 K,0.9087602,0.08562914,0.0056106066,0.0027741266,0.2934837,0.70374215
no,1-butyl-4-methylpyridinium tetrafluoroborate,CCCC[n+]1ccc(C)cc1.F[B-](F)(F)F,[C4MPy][BF4],toluene,Cc1ccccc1,aromatic,n-heptane,CCCCCCC,alkane,0.941,0.0483,0.0107,0.0,0.1077,0.8923,101.325,0.33333334,86,348.2,25.0,above,>20 K,0.8973823,0.096352726,0.0062649706,0.0028966481,0.31526074,0.6818426
no,1-butyl-4-methylpyridinium tetrafluoroborate,CCCC[n+]1ccc(C)cc1.F[B-](F)(F)F,[C4MPy][BF4],toluene,Cc1ccccc1,aromatic,n-heptane,CCCCCCC,alkane,0.9219,0.0669,0.0112,0.0,0.1478,0.8522,101.325,0.41666666,86,348.2,25.0,above,>20 K,0.88537747,0.1076616,0.006960882,0.003035804,0.33774206,0.6592221
no,1-butyl-4-methylpyridinium tetrafluoroborate,CCCC[n+]1ccc(C)cc1.F[B-](F)(F)F,[C4MPy][BF4],toluene,Cc1ccccc1,aromatic,n-heptane,CCCCCCC,alkane,0.89500004,0.09290001,0.012100001,0.0127,0.2069,0.7804,101.325,0.5,86,348.2,25.0,above,>20 K,0.8727375,0.11955919,0.0077033574,0.0031900497,0.3609664,0.6358436
no,1-butyl-4-methylpyridinium tetrafluoroborate,CCCC[n+]1ccc(C)cc1.F[B-](F)(F)F,[C4MPy][BF4],toluene,Cc1ccccc1,aromatic,n-heptane,CCCCCCC,alkane,0.88820004,0.10080001,0.011000001,0.0,0.2771,0.7229,101.325,0.5833333,86,348.2,25.0,above,>20 K,0.85764295,0.13380252,0.008554536,0.0033051895,0.38495615,0.6117387
no,1-butyl-4-methylpyridinium tetrafluoroborate,CCCC[n+]1ccc(C)cc1.F[B-](F)(F)F,[C4MPy][BF4],toluene,Cc1ccccc1,aromatic,n-heptane,CCCCCCC,alkane,0.8431,0.1455,0.0114,0.0097,0.3303,0.66,101.325,0.6666667,86,348.2,25.0,above,>20 K,0.84136385,0.14916514,0.009470992,0.0034195282,0.40930334,0.5872772
no,1-butyl-4-methylpyridinium tetrafluoroborate,CCCC[n+]1ccc(C)cc1.F[B-](F)(F)F,[C4MPy][BF4],toluene,Cc1ccccc1,aromatic,n-heptane,CCCCCCC,alkane,0.8051,0.1836,0.0113,0.007,0.4211,0.5719,101.325,0.75,86,348.2,25.0,above,>20 K,0.8237697,0.16576765,0.010462649,0.003535266,0.434015,0.5624498
no,1-butyl-4-methylpyridinium tetrafluoroborate,CCCC[n+]1ccc(C)cc1.F[B-](F)(F)F,[C4MPy][BF4],toluene,Cc1ccccc1,aromatic,n-heptane,CCCCCCC,alkane,0.7587,0.2307,0.0106,0.003,0.5302,0.4668,101.325,0.8333333,86,348.2,25.0,above,>20 K,0.80421543,0.18424575,0.011538777,0.0036335322,0.45933753,0.53702897
no,1-butyl-4-methylpyridinium tetrafluoroborate,CCCC[n+]1ccc(C)cc1.F[B-](F)(F)F,[C4MPy][BF4],toluene,Cc1ccccc1,aromatic,n-heptane,CCCCCCC,alkane,0.74810004,0.24200001,0.009900001,0.0,0.592,0.408,101.325,0.9166667,86,348.2,25.0,above,>20 K,0.78320235,0.20411435,0.012683261,0.003722081,0.4847684,0.51150954
no,1-butyl-4-methylpyridinium tetrafluoroborate,CCCC[n+]1ccc(C)cc1.F[B-](F)(F)F,[C4MPy][BF4],toluene,Cc1ccccc1,aromatic,n-heptane,CCCCCCC,alkane,0.5089,0.4911,0.0,0.0,1.0,0.0,101.325,1.0,86,348.2,25.0,above,>20 K,0.76132494,0.2247737,0.013901345,0.003825737,0.5097975,0.48637676
no,1-butyl-4-methylpyridinium tetrafluoroborate,CCCC[n+]1ccc(C)cc1.F[B-](F)(F)F,[C4MPy][BF4],ethylbenzene,CCc1ccccc1,aromatic,n-octane,CCCCCCCC,alkane,0.992,0.0,0.008,0.018,0.0,0.982,101.325,0.0,88,348.2,25.0,above,>20 K,0.94688237,0.04805419,0.00506346,0.0025744222,0.257705,0.7397206
no,1-butyl-4-methylpyridinium tetrafluoroborate,CCCC[n+]1ccc(C)cc1.F[B-](F)(F)F,[C4MPy][BF4],ethylbenzene,CCc1ccccc1,aromatic,n-octane,CCCCCCCC,alkane,0.957,0.035,0.008,0.007,0.079,0.914,101.325,0.14285715,88,348.2,25.0,above,>20 K,0.9348927,0.05897323,0.006134065,0.0027778195,0.28788677,0.7093354
no,1-butyl-4-methylpyridinium tetrafluoroborate,CCCC[n+]1ccc(C)cc1.F[B-](F)(F)F,[C4MPy][BF4],ethylbenzene,CCc1ccccc1,aromatic,n-octane,CCCCCCCC,alkane,0.947,0.045,0.008,0.013,0.121,0.866,101.325,0.2857143,88,348.2,25.0,above,>20 K,0.920498,0.07209322,0.007408721,0.0029887198,0.3201373,0.676874
no,1-butyl-4-methylpyridinium tetrafluoroborate,CCCC[n+]1ccc(C)cc1.F[B-](F)(F)F,[C4MPy][BF4],ethylbenzene,CCc1ccccc1,aromatic,n-octane,CCCCCCCC,alkane,0.937,0.055,0.008,0.011,0.164,0.825,101.325,0.42857143,88,348.2,25.0,above,>20 K,0.9032388,0.087846875,0.00891434,0.003196112,0.35423845,0.6425654
no,1-butyl-4-methylpyridinium tetrafluoroborate,CCCC[n+]1ccc(C)cc1.F[B-](F)(F)F,[C4MPy][BF4],ethylbenzene,CCc1ccccc1,aromatic,n-octane,CCCCCCCC,alkane,0.912,0.081,0.007,0.016,0.294,0.69,101.325,0.5714286,88,348.2,25.0,above,>20 K,0.88262373,0.1066913,0.010684979,0.0033947607,0.390024,0.6065813
no,1-butyl-4-methylpyridinium tetrafluoroborate,CCCC[n+]1ccc(C)cc1.F[B-](F)(F)F,[C4MPy][BF4],ethylbenzene,CCc1ccccc1,aromatic,n-octane,CCCCCCCC,alkane,0.884,0.11,0.006,0.013,0.437,0.55,101.325,0.71428573,88,348.2,25.0,above,>20 K,0.8577986,0.12945546,0.012745874,0.0035723965,0.4276676,0.56876004
no,1-butyl-4-methylpyridinium tetrafluoroborate,CCCC[n+]1ccc(C)cc1.F[B-](F)(F)F,[C4MPy][BF4],ethylbenzene,CCc1ccccc1,aromatic,n-octane,CCCCCCCC,alkane,0.856,0.139,0.005,0.015,0.572,0.413,101.325,0.85714287,88,348.2,25.0,above,>20 K,0.82910573,0.15578948,0.015104817,0.0037422555,0.4658229,0.53043485
no,1-butyl-4-methylpyridinium tetrafluoroborate,CCCC[n+]1ccc(C)cc1.F[B-](F)(F)F,[C4MPy][BF4],ethylbenzene,CCc1ccccc1,aromatic,n-octane,CCCCCCCC,alkane,0.75,0.25,0.0,0.013,0.987,0.0,101.325,1.0,88,348.2,25.0,above,>20 K,0.7963237,0.18589208,0.017784193,0.003903364,0.5041069,0.49198976
no,1-butyl-4-methylpyridinium tetrafluoroborate,CCCC[n+]1ccc(C)cc1.F[B-](F)(F)F,[C4MPy][BF4],m-xylene,Cc1cccc(C)c1,aromatic,n-octane,CCCCCCCC,alkane,0.992,0.0,0.008,0.018,0.0,0.982,101.325,0.0,90,348.2,25.0,above,>20 K,0.94886434,0.047846187,0.003289442,0.002236845,0.24308129,0.75468194
no,1-butyl-4-methylpyridinium tetrafluoroborate,CCCC[n+]1ccc(C)cc1.F[B-](F)(F)F,[C4MPy][BF4],m-xylene,Cc1cccc(C)c1,aromatic,n-octane,CCCCCCCC,alkane,0.966,0.027,0.007,0.022,0.082,0.896,101.325,0.11111111,90,348.2,25.0,above,>20 K,0.9398728,0.05629782,0.0038293304,0.0023835893,0.26815042,0.729466
no,1-butyl-4-methylpyridinium tetrafluoroborate,CCCC[n+]1ccc(C)cc1.F[B-](F)(F)F,[C4MPy][BF4],m-xylene,Cc1cccc(C)c1,aromatic,n-octane,CCCCCCCC,alkane,0.956,0.037,0.007,0.015,0.124,0.861,101.325,0.22222222,90,348.2,25.0,above,>20 K,0.9291342,0.06637645,0.0044893823,0.0028691837,0.2914897,0.7056411
no,1-butyl-4-methylpyridinium tetrafluoroborate,CCCC[n+]1ccc(C)cc1.F[B-](F)(F)F,[C4MPy][BF4],m-xylene,Cc1cccc(C)c1,aromatic,n-octane,CCCCCCCC,alkane,0.947,0.046,0.007,0.02,0.17,0.81,101.325,0.33333334,90,348.2,25.0,above,>20 K,0.9171128,0.07768796,0.00519924,0.0030376972,0.3192961,0.6776662
no,1-butyl-4-methylpyridinium tetrafluoroborate,CCCC[n+]1ccc(C)cc1.F[B-](F)(F)F,[C4MPy][BF4],m-xylene,Cc1cccc(C)c1,aromatic,n-octane,CCCCCCCC,alkane,0.936,0.057,0.007,0.016,0.212,0.772,101.325,0.44444445,90,348.2,25.0,above,>20 K,0.9029861,0.0910394,0.005974424,0.0030323516,0.34841695,0.6485507
no,1-butyl-4-methylpyridinium tetrafluoroborate,CCCC[n+]1ccc(C)cc1.F[B-](F)(F)F,[C4MPy][BF4],m-xylene,Cc1cccc(C)c1,aromatic,n-octane,CCCCCCCC,alkane,0.928,0.065,0.007,0.014,0.257,0.729,101.325,0.5555556,90,348.2,25.0,above,>20 K,0.8868683,0.106260434,0.0068712225,0.0030922808,0.3789636,0.6179442
no,1-butyl-4-methylpyridinium tetrafluoroborate,CCCC[n+]1ccc(C)cc1.F[B-](F)(F)F,[C4MPy][BF4],m-xylene,Cc1cccc(C)c1,aromatic,n-octane,CCCCCCCC,alkane,0.918,0.075,0.007,0.018,0.297,0.685,101.325,0.6666667,90,348.2,25.0,above,>20 K,0.8686723,0.12342878,0.007898828,0.0032335483,0.41047654,0.58628994
no,1-butyl-4-methylpyridinium tetrafluoroborate,CCCC[n+]1ccc(C)cc1.F[B-](F)(F)F,[C4MPy][BF4],m-xylene,Cc1cccc(C)c1,aromatic,n-octane,CCCCCCCC,alkane,0.903,0.091,0.006,0.026,0.375,0.599,101.325,0.7777778,90,348.2,25.0,above,>20 K,0.8479345,0.14301708,0.009048429,0.0033239406,0.4432111,0.55346495
no,1-butyl-4-methylpyridinium tetrafluoroborate,CCCC[n+]1ccc(C)cc1.F[B-](F)(F)F,[C4MPy][BF4],m-xylene,Cc1cccc(C)c1,aromatic,n-octane,CCCCCCCC,alkane,0.882,0.112,0.006,0.013,0.473,0.514,101.325,0.8888889,90,348.2,25.0,above,>20 K,0.8246617,0.16502586,0.010312431,0.0033547175,0.47656137,0.5200839
no,1-butyl-4-methylpyridinium tetrafluoroborate,CCCC[n+]1ccc(C)cc1.F[B-](F)(F)F,[C4MPy][BF4],m-xylene,Cc1cccc(C)c1,aromatic,n-octane,CCCCCCCC,alkane,0.854,0.141,0.005,0.022,0.573,0.405,101.325,1.0,90,348.2,25.0,above,>20 K,0.7985198,0.18976313,0.011717014,0.0034212677,0.5100628,0.4865159
no,1-butyl-4-methylpyridinium tetrafluoroborate,CCCC[n+]1ccc(C)cc1.F[B-](F)(F)F,[C4MPy][BF4],n-propylbenzene,CCCc1ccccc1,aromatic,n-dodecane,CCCCCCCCCCCC,alkane,0.95640004,0.037600003,0.0060000005,0.0,0.1067,0.8933,101.325,0.0,93,333.0,9.800000000000011,above,5-10 K,0.95332825,0.042088576,0.0045832493,0.002210883,0.26528245,0.7325067
no,1-butyl-4-methylpyridinium tetrafluoroborate,CCCC[n+]1ccc(C)cc1.F[B-](F)(F)F,[C4MPy][BF4],n-propylbenzene,CCCc1ccccc1,aromatic,n-dodecane,CCCCCCCCCCCC,alkane,0.9236,0.07,0.0064,0.0,0.1942,0.8058,101.325,0.125,93,333.0,9.800000000000011,above,5-10 K,0.9442205,0.05035565,0.0054238285,0.002362165,0.29110146,0.70653635
no,1-butyl-4-methylpyridinium tetrafluoroborate,CCCC[n+]1ccc(C)cc1.F[B-](F)(F)F,[C4MPy][BF4],n-propylbenzene,CCCc1ccccc1,aromatic,n-dodecane,CCCCCCCCCCCC,alkane,0.8944,0.0988,0.0068,0.0,0.2669,0.7331,101.325,0.25,93,333.0,9.800000000000011,above,5-10 K,0.9334501,0.06014283,0.0064070155,0.0025140138,0.3184354,0.67905056
no,1-butyl-4-methylpyridinium tetrafluoroborate,CCCC[n+]1ccc(C)cc1.F[B-](F)(F)F,[C4MPy][BF4],n-propylbenzene,CCCc1ccccc1,aromatic,n-dodecane,CCCCCCCCCCCC,alkane,0.8672,0.1256,0.0072,0.0,0.3277,0.6723,101.325,0.375,93,333.0,9.800000000000011,above,5-10 K,0.92175627,0.070776165,0.007467561,0.0026509645,0.34705108,0.65029806
no,1-butyl-4-methylpyridinium tetrafluoroborate,CCCC[n+]1ccc(C)cc1.F[B-](F)(F)F,[C4MPy][BF4],n-propylbenzene,CCCc1ccccc1,aromatic,n-dodecane,CCCCCCCCCCCC,alkane,0.8425,0.1499,0.0076,0.0,0.3796,0.6204,101.325,0.5,93,333.0,9.800000000000011,above,5-10 K,0.9076299,0.08363726,0.008732771,0.0027914215,0.3768921,0.6203165
no,1-butyl-4-methylpyridinium tetrafluoroborate,CCCC[n+]1ccc(C)cc1.F[B-](F)(F)F,[C4MPy][BF4],n-propylbenzene,CCCc1ccccc1,aromatic,n-dodecane,CCCCCCCCCCCC,alkane,0.8194,0.1726,0.008,0.0,0.4242,0.5758,101.325,0.625,93,333.0,9.800000000000011,above,5-10 K,0.89058405,0.09917722,0.010238776,0.00293716,0.4077826,0.58928025
no,1-butyl-4-methylpyridinium tetrafluoroborate,CCCC[n+]1ccc(C)cc1.F[B-](F)(F)F,[C4MPy][BF4],n-propylbenzene,CCCc1ccccc1,aromatic,n-dodecane,CCCCCCCCCCCC,alkane,0.7953,0.1964,0.0083,0.0,0.4621,0.5379,101.325,0.75,93,333.0,9.800000000000011,above,5-10 K,0.8703673,0.11764638,0.0119862715,0.003100627,0.4398479,0.5570515
no,1-butyl-4-methylpyridinium tetrafluoroborate,CCCC[n+]1ccc(C)cc1.F[B-](F)(F)F,[C4MPy][BF4],n-propylbenzene,CCCc1ccccc1,aromatic,n-dodecane,CCCCCCCCCCCC,alkane,0.7718,0.2196,0.0086,0.0,0.4951,0.5049,101.325,0.875,93,333.0,9.800000000000011,above,5-10 K,0.8465079,0.13949242,0.013999639,0.003281114,0.47298485,0.5237341
no,1-butyl-4-methylpyridinium tetrafluoroborate,CCCC[n+]1ccc(C)cc1.F[B-](F)(F)F,[C4MPy][BF4],n-propylbenzene,CCCc1ccccc1,aromatic,n-dodecane,CCCCCCCCCCCC,alkane,0.7383,0.2528,0.0089,0.0,0.5528,0.4472,101.325,1.0,93,333.0,9.800000000000011,above,5-10 K,0.82054543,0.16325621,0.016198413,0.0034080606,0.5053895,0.4912024
no,1-butyl-4-methylpyridinium tetrafluoroborate,CCCC[n+]1ccc(C)cc1.F[B-](F)(F)F,[C4MPy][BF4],n-propylbenzene,CCCc1ccccc1,aromatic,n-tetradecane,CCCCCCCCCCCCCC,alkane,0.9581,0.0382,0.0037,0.0,0.1211,0.8789,101.325,0.0,96,333.0,9.800000000000011,above,5-10 K,0.9545344,0.041100033,0.0043654866,0.002144974,0.25800934,0.7398457
no,1-butyl-4-methylpyridinium tetrafluoroborate,CCCC[n+]1ccc(C)cc1.F[B-](F)(F)F,[C4MPy][BF4],n-propylbenzene,CCCc1ccccc1,aromatic,n-tetradecane,CCCCCCCCCCCCCC,alkane,0.92550004,0.07060001,0.0039000001,0.0,0.2179,0.7821,101.325,0.11111111,96,333.0,9.800000000000011,above,5-10 K,0.94666576,0.04825965,0.0050746296,0.0022773296,0.28089157,0.71683115
no,1-butyl-4-methylpyridinium tetrafluoroborate,CCCC[n+]1ccc(C)cc1.F[B-](F)(F)F,[C4MPy][BF4],n-propylbenzene,CCCc1ccccc1,aromatic,n-tetradecane,CCCCCCCCCCCCCC,alkane,0.8952,0.1005,0.0043,0.0,0.2957,0.7043,101.325,0.22222222,96,333.0,9.800000000000011,above,5-10 K,0.93749136,0.056614954,0.0058936942,0.0024124277,0.30506015,0.6925274
no,1-butyl-4-methylpyridinium tetrafluoroborate,CCCC[n+]1ccc(C)cc1.F[B-](F)(F)F,[C4MPy][BF4],n-propylbenzene,CCCc1ccccc1,aromatic,n-tetradecane,CCCCCCCCCCCCCC,alkane,0.8725,0.1231,0.0044,0.0,0.3619,0.6381,101.325,0.33333334,96,333.0,9.800000000000011,above,5-10 K,0.9268758,0.066293724,0.006830516,0.0025469917,0.33040294,0.6670501
no,1-butyl-4-methylpyridinium tetrafluoroborate,CCCC[n+]1ccc(C)cc1.F[B-](F)(F)F,[C4MPy][BF4],n-propylbenzene,CCCc1ccccc1,aromatic,n-tetradecane,CCCCCCCCCCCCCC,alkane,0.84790003,0.14750001,0.0046000006,0.0,0.4156,0.5844,101.325,0.44444445,96,333.0,9.800000000000011,above,5-10 K,0.91458046,0.077512406,0.007907165,0.0026815846,0.35687017,0.6404483
no,1-butyl-4-methylpyridinium tetrafluoroborate,CCCC[n+]1ccc(C)cc1.F[B-](F)(F)F,[C4MPy][BF4],n-propylbenzene,CCCc1ccccc1,aromatic,n-tetradecane,CCCCCCCCCCCCCC,alkane,0.8259,0.1694,0.0047,0.0,0.4614,0.5386,101.325,0.5555556,96,333.0,9.800000000000011,above,5-10 K,0.9003701,0.09051061,0.009119252,0.0027172172,0.38454944,0.61273336
no,1-butyl-4-methylpyridinium tetrafluoroborate,CCCC[n+]1ccc(C)cc1.F[B-](F)(F)F,[C4MPy][BF4],n-propylbenzene,CCCc1ccccc1,aromatic,n-tetradecane,CCCCCCCCCCCCCC,alkane,0.8028,0.1923,0.0049,0.0,0.4999,0.5001,101.325,0.6666667,96,333.0,9.800000000000011,above,5-10 K,0.88421094,0.10528998,0.010499048,0.0028406705,0.41269177,0.58446753
no,1-butyl-4-methylpyridinium tetrafluoroborate,CCCC[n+]1ccc(C)cc1.F[B-](F)(F)F,[C4MPy][BF4],n-propylbenzene,CCCc1ccccc1,aromatic,n-tetradecane,CCCCCCCCCCCCCC,alkane,0.7753,0.2192,0.0055,0.0,0.5318,0.4682,101.325,0.7777778,96,333.0,9.800000000000011,above,5-10 K,0.86572343,0.12221351,0.012063132,0.0029602814,0.44156706,0.55547273
no,1-butyl-4-methylpyridinium tetrafluoroborate,CCCC[n+]1ccc(C)cc1.F[B-](F)(F)F,[C4MPy][BF4],n-propylbenzene,CCCc1ccccc1,aromatic,n-tetradecane,CCCCCCCCCCCCCC,alkane,0.7445,0.2496,0.0059,0.0,0.5895,0.4105,101.325,0.8888889,96,333.0,9.800000000000011,above,5-10 K,0.84500766,0.1412028,0.013789485,0.0030727435,0.4706215,0.5263058
no,1-butyl-4-methylpyridinium tetrafluoroborate,CCCC[n+]1ccc(C)cc1.F[B-](F)(F)F,[C4MPy][BF4],n-propylbenzene,CCCc1ccccc1,aromatic,n-tetradecane,CCCCCCCCCCCCCC,alkane,0.7109,0.2825,0.0066,0.0,0.6336,0.3664,101.325,1.0,96,333.0,9.800000000000011,above,5-10 K,0.821893,0.162421,0.015685968,0.0031179835,0.50011253,0.49676943
no,1-butyl-4-methylpyridinium tetrafluoroborate,CCCC[n+]1ccc(C)cc1.F[B-](F)(F)F,[C4MPy][BF4],n-propylbenzene,CCCc1ccccc1,aromatic,n-hexadecane,CCCCCCCCCCCCCCCC,alkane,0.9565,0.0407,0.0028,0.0,0.1342,0.8658,101.325,0.0,99,333.0,9.800000000000011,above,5-10 K,0.9566529,0.039322373,0.0040247655,0.0018652199,0.24809062,0.75004417
no,1-butyl-4-methylpyridinium tetrafluoroborate,CCCC[n+]1ccc(C)cc1.F[B-](F)(F)F,[C4MPy][BF4],n-propylbenzene,CCCc1ccccc1,aromatic,n-hexadecane,CCCCCCCCCCCCCCCC,alkane,0.9228,0.0744,0.0028,0.0,0.2392,0.7608,101.325,0.11111111,99,333.0,9.800000000000011,above,5-10 K,0.9490125,0.046296068,0.0046914783,0.0019842742,0.27090886,0.7271068
no,1-butyl-4-methylpyridinium tetrafluoroborate,CCCC[n+]1ccc(C)cc1.F[B-](F)(F)F,[C4MPy][BF4],n-propylbenzene,CCCc1ccccc1,aromatic,n-hexadecane,CCCCCCCCCCCCCCCC,alkane,0.8951,0.102,0.0029,0.0,0.3236,0.6764,101.325,0.22222222,99,333.0,9.800000000000011,above,5-10 K,0.9400865,0.05445332,0.0054602795,0.002104693,0.2951108,0.70278454
no,1-butyl-4-methylpyridinium tetrafluoroborate,CCCC[n+]1ccc(C)cc1.F[B-](F)(F)F,[C4MPy][BF4],n-propylbenzene,CCCc1ccccc1,aromatic,n-hexadecane,CCCCCCCCCCCCCCCC,alkane,0.8698,0.1272,0.003,0.0,0.3915,0.6085,101.325,0.33333334,99,333.0,9.800000000000011,above,5-10 K,0.9297348,0.06392182,0.006343316,0.002225136,0.32054904,0.6772258
no,1-butyl-4-methylpyridinium tetrafluoroborate,CCCC[n+]1ccc(C)cc1.F[B-](F)(F)F,[C4MPy][BF4],n-propylbenzene,CCCc1ccccc1,aromatic,n-hexadecane,CCCCCCCCCCCCCCCC,alkane,0.8454,0.1513,0.0033,0.0,0.447,0.553,101.325,0.44444445,99,333.0,9.800000000000011,above,5-10 K,0.91736925,0.075260825,0.0073698764,0.0024639415,0.3450076,0.6525284
no,1-butyl-4-methylpyridinium tetrafluoroborate,CCCC[n+]1ccc(C)cc1.F[B-](F)(F)F,[C4MPy][BF4],n-propylbenzene,CCCc1ccccc1,aromatic,n-hexadecane,CCCCCCCCCCCCCCCC,alkane,0.8225,0.1741,0.0034,0.0,0.4932,0.5068,101.325,0.5555556,99,333.0,9.800000000000011,above,5-10 K,0.903485,0.087993726,0.008521357,0.0026464046,0.3710479,0.6263057
no,1-butyl-4-methylpyridinium tetrafluoroborate,CCCC[n+]1ccc(C)cc1.F[B-](F)(F)F,[C4MPy][BF4],n-propylbenzene,CCCc1ccccc1,aromatic,n-hexadecane,CCCCCCCCCCCCCCCC,alkane,0.8025,0.1939,0.0036,0.0,0.5329,0.4671,101.325,0.6666667,99,333.0,9.800000000000011,above,5-10 K,0.8877314,0.102446996,0.009821587,0.0027720216,0.39909166,0.5981363
no,1-butyl-4-methylpyridinium tetrafluoroborate,CCCC[n+]1ccc(C)cc1.F[B-](F)(F)F,[C4MPy][BF4],n-propylbenzene,CCCc1ccccc1,aromatic,n-hexadecane,CCCCCCCCCCCCCCCC,alkane,0.7867,0.2095,0.0038,0.0,0.5678,0.4322,101.325,0.7777778,99,333.0,9.800000000000011,above,5-10 K,0.8696318,0.119073965,0.011294169,0.0028702682,0.4280367,0.569093
no,1-butyl-4-methylpyridinium tetrafluoroborate,CCCC[n+]1ccc(C)cc1.F[B-](F)(F)F,[C4MPy][BF4],n-propylbenzene,CCCc1ccccc1,aromatic,n-hexadecane,CCCCCCCCCCCCCCCC,alkane,0.7517,0.2443,0.004,0.0,0.6227,0.3773,101.325,0.8888889,99,333.0,9.800000000000011,above,5-10 K,0.84914356,0.13791731,0.012939061,0.0029361718,0.45740363,0.53966016
no,1-butyl-4-methylpyridinium tetrafluoroborate,CCCC[n+]1ccc(C)cc1.F[B-](F)(F)F,[C4MPy][BF4],n-propylbenzene,CCCc1ccccc1,aromatic,n-hexadecane,CCCCCCCCCCCCCCCC,alkane,0.7135,0.2823,0.0042,0.0,0.664,0.336,101.325,1.0,99,333.0,9.800000000000011,above,5-10 K,0.8260667,0.1591525,0.0147807365,0.003043225,0.48715833,0.50979847
no,1-butyl-4-methylpyridinium tetrafluoroborate,CCCC[n+]1ccc(C)cc1.F[B-](F)(F)F,[C4MPy][BF4],n-propylbenzene,CCCc1ccccc1,aromatic,n-heptadecane,CCCCCCCCCCCCCCCCC,alkane,0.9572,0.0405,0.0023,0.0,0.1409,0.8591,101.325,0.0,102,333.0,9.800000000000011,above,5-10 K,0.95721203,0.03889772,0.0038903288,0.0018746852,0.24064903,0.75747633
no,1-butyl-4-methylpyridinium tetrafluoroborate,CCCC[n+]1ccc(C)cc1.F[B-](F)(F)F,[C4MPy][BF4],n-propylbenzene,CCCc1ccccc1,aromatic,n-heptadecane,CCCCCCCCCCCCCCCCC,alkane,0.9243,0.0733,0.0024,0.0,0.25,0.75,101.325,0.125,102,333.0,9.800000000000011,above,5-10 K,0.9488111,0.04658266,0.0046062088,0.0019828358,0.26580667,0.7322105
no,1-butyl-4-methylpyridinium tetrafluoroborate,CCCC[n+]1ccc(C)cc1.F[B-](F)(F)F,[C4MPy][BF4],n-propylbenzene,CCCc1ccccc1,aromatic,n-heptadecane,CCCCCCCCCCCCCCCCC,alkane,0.8963,0.1012,0.0025,0.0,0.3361,0.6639,101.325,0.25,102,333.0,9.800000000000011,above,5-10 K,0.93875706,0.055788245,0.0054547945,0.0021047874,0.29275703,0.70513827
no,1-butyl-4-methylpyridinium tetrafluoroborate,CCCC[n+]1ccc(C)cc1.F[B-](F)(F)F,[C4MPy][BF4],n-propylbenzene,CCCc1ccccc1,aromatic,n-heptadecane,CCCCCCCCCCCCCCCCC,alkane,0.8717,0.1257,0.0026,0.0,0.4053,0.5947,101.325,0.375,102,333.0,9.800000000000011,above,5-10 K,0.9267157,0.06682598,0.006458339,0.0022418844,0.32147774,0.67628044
no,1-butyl-4-methylpyridinium tetrafluoroborate,CCCC[n+]1ccc(C)cc1.F[B-](F)(F)F,[C4MPy][BF4],n-propylbenzene,CCCc1ccccc1,aromatic,n-heptadecane,CCCCCCCCCCCCCCCCC,alkane,0.8485,0.1488,0.0027,0.0,0.4615,0.5385,101.325,0.5,102,333.0,9.800000000000011,above,5-10 K,0.9143453,0.077993214,0.0076614553,0.0025984927,0.35662627,0.6407752
no,1-butyl-4-methylpyridinium tetrafluoroborate,CCCC[n+]1ccc(C)cc1.F[B-](F)(F)F,[C4MPy][BF4],n-propylbenzene,CCCc1ccccc1,aromatic,n-heptadecane,CCCCCCCCCCCCCCCCC,alkane,0.8261,0.1711,0.0028,0.0,0.5079,0.4921,101.325,0.625,102,333.0,9.800000000000011,above,5-10 K,0.89959747,0.09140497,0.008997558,0.0028216247,0.39010262,0.60707575
no,1-butyl-4-methylpyridinium tetrafluoroborate,CCCC[n+]1ccc(C)cc1.F[B-](F)(F)F,[C4MPy][BF4],n-propylbenzene,CCCc1ccccc1,aromatic,n-heptadecane,CCCCCCCCCCCCCCCCC,alkane,0.8032,0.1939,0.0029,0.0,0.5464,0.4536,101.325,0.75,102,333.0,9.800000000000011,above,5-10 K,0.8809742,0.108481064,0.010544815,0.0029619327,0.42255887,0.5744792
no,1-butyl-4-methylpyridinium tetrafluoroborate,CCCC[n+]1ccc(C)cc1.F[B-](F)(F)F,[C4MPy][BF4],n-propylbenzene,CCCc1ccccc1,aromatic,n-heptadecane,CCCCCCCCCCCCCCCCC,alkane,0.7873,0.2097,0.003,0.0,0.581,0.419,101.325,0.875,102,333.0,9.800000000000011,above,5-10 K,0.85953134,0.1281544,0.012314271,0.0031013605,0.4556384,0.54126024
no,1-butyl-4-methylpyridinium tetrafluoroborate,CCCC[n+]1ccc(C)cc1.F[B-](F)(F)F,[C4MPy][BF4],n-propylbenzene,CCCc1ccccc1,aromatic,n-heptadecane,CCCCCCCCCCCCCCCCC,alkane,0.75890005,0.23800002,0.0031000003,0.0,0.6368,0.3632,101.325,1.0,102,333.0,9.800000000000011,above,5-10 K,0.8352462,0.15045102,0.0143028265,0.003238318,0.4888989,0.50786275
no,1-butyl-4-methylpyridinium tetrafluoroborate,CCCC[n+]1ccc(C)cc1.F[B-](F)(F)F,[C4MPy][BF4],n-butylbenzene,CCCCc1ccccc1,aromatic,n-dodecane,CCCCCCCCCCCC,alkane,0.9648,0.0274,0.0078,0.0,0.0956,0.9044,101.325,0.0,105,333.0,9.800000000000011,above,5-10 K,0.9592611,0.0360641,0.004674693,0.0024235428,0.28522557,0.71235085
no,1-butyl-4-methylpyridinium tetrafluoroborate,CCCC[n+]1ccc(C)cc1.F[B-](F)(F)F,[C4MPy][BF4],n-butylbenzene,CCCCc1ccccc1,aromatic,n-dodecane,CCCCCCCCCCCC,alkane,0.94,0.0524,0.0076,1e-04,0.1755,0.8244,101.325,0.07692308,105,333.0,9.800000000000011,above,5-10 K,0.9545677,0.040251628,0.005180676,0.0025207018,0.30062807,0.69685125
no,1-butyl-4-methylpyridinium tetrafluoroborate,CCCC[n+]1ccc(C)cc1.F[B-](F)(F)F,[C4MPy][BF4],n-butylbenzene,CCCCc1ccccc1,aromatic,n-dodecane,CCCCCCCCCCCC,alkane,0.9172,0.0754,0.0074,1e-04,0.2436,0.7563,101.325,0.15384616,105,333.0,9.800000000000011,above,5-10 K,0.9493467,0.044915106,0.005738267,0.0026202968,0.31669375,0.680686
no,1-butyl-4-methylpyridinium tetrafluoroborate,CCCC[n+]1ccc(C)cc1.F[B-](F)(F)F,[C4MPy][BF4],n-butylbenzene,CCCCc1ccccc1,aromatic,n-dodecane,CCCCCCCCCCCC,alkane,0.8963,0.0964,0.0073,0.0002,0.3015,0.6983,101.325,0.23076923,105,333.0,9.800000000000011,above,5-10 K,0.9435686,0.050075933,0.0063554356,0.002717111,0.33294946,0.66433346
no,1-butyl-4-methylpyridinium tetrafluoroborate,CCCC[n+]1ccc(C)cc1.F[B-](F)(F)F,[C4MPy][BF4],n-butylbenzene,CCCCc1ccccc1,aromatic,n-dodecane,CCCCCCCCCCCC,alkane,0.8772,0.1157,0.0071,0.0003,0.3515,0.6482,101.325,0.30769232,105,333.0,9.800000000000011,above,5-10 K,0.9371985,0.0557705,0.0070308954,0.0028135916,0.34959975,0.6475867
no,1-butyl-4-methylpyridinium tetrafluoroborate,CCCC[n+]1ccc(C)cc1.F[B-](F)(F)F,[C4MPy][BF4],n-butylbenzene,CCCCc1ccccc1,aromatic,n-dodecane,CCCCCCCCCCCC,alkane,0.8595,0.1335,0.007,0.0003,0.3949,0.6048,101.325,0.3846154,105,333.0,9.800000000000011,above,5-10 K,0.93001956,0.062167052,0.007813339,0.0030088786,0.3666606,0.63033056
no,1-butyl-4-methylpyridinium tetrafluoroborate,CCCC[n+]1ccc(C)cc1.F[B-](F)(F)F,[C4MPy][BF4],n-butylbenzene,CCCCc1ccccc1,aromatic,n-dodecane,CCCCCCCCCCCC,alkane,0.8431,0.15,0.0069,0.0005,0.433,0.5665,101.325,0.46153846,105,333.0,9.800000000000011,above,5-10 K,0.9220221,0.06926568,0.008712147,0.0033045863,0.38398808,0.6127073
no,1-butyl-4-methylpyridinium tetrafluoroborate,CCCC[n+]1ccc(C)cc1.F[B-](F)(F)F,[C4MPy][BF4],n-butylbenzene,CCCCc1ccccc1,aromatic,n-dodecane,CCCCCCCCCCCC,alkane,0.828,0.1652,0.0068,0.0006,0.4666,0.5328,101.325,0.53846157,105,333.0,9.800000000000011,above,5-10 K,0.9134773,0.07691159,0.00961116,0.003407214,0.40157753,0.5950153
no,1-butyl-4-methylpyridinium tetrafluoroborate,CCCC[n+]1ccc(C)cc1.F[B-](F)(F)F,[C4MPy][BF4],n-butylbenzene,CCCCc1ccccc1,aromatic,n-dodecane,CCCCCCCCCCCC,alkane,0.8138,0.1796,0.0066,0.0009,0.4967,0.5024,101.325,0.61538464,105,333.0,9.800000000000011,above,5-10 K,0.9041802,0.085235,0.010584707,0.0035086772,0.41929027,0.57720107
no,1-butyl-4-methylpyridinium tetrafluoroborate,CCCC[n+]1ccc(C)cc1.F[B-](F)(F)F,[C4MPy][BF4],n-butylbenzene,CCCCc1ccccc1,aromatic,n-dodecane,CCCCCCCCCCCC,alkane,0.8005,0.193,0.0065,0.0009,0.5238,0.4753,101.325,0.6923077,105,333.0,9.800000000000011,above,5-10 K,0.89345956,0.094794124,0.0117462985,0.0037730038,0.43673435,0.5594926
no,1-butyl-4-methylpyridinium tetrafluoroborate,CCCC[n+]1ccc(C)cc1.F[B-](F)(F)F,[C4MPy][BF4],n-butylbenzene,CCCCc1ccccc1,aromatic,n-dodecane,CCCCCCCCCCCC,alkane,0.7877,0.2059,0.0064,0.0011,0.5487,0.4502,101.325,0.7692308,105,333.0,9.800000000000011,above,5-10 K,0.88133657,0.10554147,0.013122048,0.0042247116,0.45343825,0.54233706
no,1-butyl-4-methylpyridinium tetrafluoroborate,CCCC[n+]1ccc(C)cc1.F[B-](F)(F)F,[C4MPy][BF4],n-butylbenzene,CCCCc1ccccc1,aromatic,n-dodecane,CCCCCCCCCCCC,alkane,0.776,0.2177,0.0063,0.0014,0.5706,0.428,101.325,0.84615386,105,333.0,9.800000000000011,above,5-10 K,0.86912614,0.11648163,0.014392274,0.0043323403,0.4715499,0.5241177
no,1-butyl-4-methylpyridinium tetrafluoroborate,CCCC[n+]1ccc(C)cc1.F[B-](F)(F)F,[C4MPy][BF4],n-butylbenzene,CCCCc1ccccc1,aromatic,n-dodecane,CCCCCCCCCCCC,alkane,0.7649,0.2289,0.0062,0.0016,0.5908,0.4076,101.325,0.9230769,105,333.0,9.800000000000011,above,5-10 K,0.85598785,0.12826788,0.015744306,0.0044347714,0.48959807,0.50596714
no,1-butyl-4-methylpyridinium tetrafluoroborate,CCCC[n+]1ccc(C)cc1.F[B-](F)(F)F,[C4MPy][BF4],n-butylbenzene,CCCCc1ccccc1,aromatic,n-dodecane,CCCCCCCCCCCC,alkane,0.7544,0.2395,0.0061,0.0019,0.6092,0.3889,101.325,1.0,105,333.0,9.800000000000011,above,5-10 K,0.84132123,0.1417053,0.016973449,0.0042331945,0.5036919,0.49207488
,1-butyl-3-methylimidazolium dicyanamide,CCCCn1cc[n+](C)c1.N#CN=C=[N-],[BMIm][N(CN)2],toluene,Cc1ccccc1,aromatic,n-heptane,CCCCCCC,alkane,0.981,0.0,0.019,0.001,0.0,0.999,101.325,0.0,120,328.15,4.949999999999989,above,0-5 K,0.9427259,0.05358871,0.0036853827,0.0028226112,0.25570336,0.74147403
,1-butyl-3-methylimidazolium dicyanamide,CCCCn1cc[n+](C)c1.N#CN=C=[N-],[BMIm][N(CN)2],toluene,Cc1ccccc1,aromatic,n-heptane,CCCCCCC,alkane,0.944,0.039,0.017,0.001,0.07,0.929,101.325,0.16666667,120,328.15,4.949999999999989,above,0-5 K,0.9270977,0.06828124,0.0046211323,0.0030943516,0.2960317,0.70087385
,1-butyl-3-methylimidazolium dicyanamide,CCCCn1cc[n+](C)c1.N#CN=C=[N-],[BMIm][N(CN)2],toluene,Cc1ccccc1,aromatic,n-heptane,CCCCCCC,alkane,0.901,0.084,0.015,0.001,0.163,0.836,101.325,0.33333334,120,328.15,4.949999999999989,above,0-5 K,0.9077579,0.08648036,0.0057616853,0.0033566735,0.33982265,0.6568207
,1-butyl-3-methylimidazolium dicyanamide,CCCCn1cc[n+](C)c1.N#CN=C=[N-],[BMIm][N(CN)2],toluene,Cc1ccccc1,aromatic,n-heptane,CCCCCCC,alkane,0.838,0.15,0.012,0.001,0.318,0.681,101.325,0.5,120,328.15,4.949999999999989,above,0-5 K,0.8840934,0.10877053,0.007136082,0.0035993268,0.3866018,0.60979885
,1-butyl-3-methylimidazolium dicyanamide,CCCCn1cc[n+](C)c1.N#CN=C=[N-],[BMIm][N(CN)2],toluene,Cc1ccccc1,aromatic,n-heptane,CCCCCCC,alkane,0.778,0.213,0.009,0.001,0.492,0.507,101.325,0.6666667,120,328.15,4.949999999999989,above,0-5 K,0.85500264,0.13620383,0.008793467,0.0038336557,0.43569726,0.5604691
,1-butyl-3-methylimidazolium dicyanamide,CCCCn1cc[n+](C)c1.N#CN=C=[N-],[BMIm][N(CN)2],toluene,Cc1ccccc1,aromatic,n-heptane,CCCCCCC,alkane,0.698,0.295,0.007,0.001,0.705,0.294,101.325,0.8333333,120,328.15,4.949999999999989,above,0-5 K,0.82005024,0.1692007,0.010749002,0.0040399907,0.4862076,0.5097524
,1-butyl-3-methylimidazolium dicyanamide,CCCCn1cc[n+](C)c1.N#CN=C=[N-],[BMIm][N(CN)2],toluene,Cc1ccccc1,aromatic,n-heptane,CCCCCCC,alkane,0.533,0.467,0.0,0.001,0.999,0.0,101.325,1.0,120,328.15,4.949999999999989,above,0-5 K,0.7787804,0.20840727,0.012812396,0.0040204762,0.5391309,0.45684862
,3-methyl-N-butylpyridinium dicyanamide,CCCC[n+]1cccc(C)c1.N#CN=C=[N-],[C4MPy][N(CN)2],benzene,c1ccccc1,aromatic,n-hexane,CCCCCC,alkane,0.97,0.0,0.03,0.001,0.0,0.999,101.325,0.0,122,328.15,4.949999999999989,above,0-5 K,0.87766325,0.114834145,0.0075026317,0.003846816,0.19967239,0.79648083
,3-methyl-N-butylpyridinium dicyanamide,CCCC[n+]1cccc(C)c1.N#CN=C=[N-],[C4MPy][N(CN)2],benzene,c1ccccc1,aromatic,n-hexane,CCCCCC,alkane,0.885,0.09,0.025,0.001,0.081,0.918,101.325,0.11111111,122,328.15,4.949999999999989,above,0-5 K,0.85833365,0.13306867,0.008597611,0.0040408648,0.22349784,0.77246135
,3-methyl-N-butylpyridinium dicyanamide,CCCC[n+]1cccc(C)c1.N#CN=C=[N-],[C4MPy][N(CN)2],benzene,c1ccccc1,aromatic,n-hexane,CCCCCC,alkane,0.829,0.147,0.024,0.001,0.148,0.851,101.325,0.22222222,122,328.15,4.949999999999989,above,0-5 K,0.8364871,0.153719,0.009793945,0.0041478067,0.2496124,0.7462398
,3-methyl-N-butylpyridinium dicyanamide,CCCC[n+]1cccc(C)c1.N#CN=C=[N-],[C4MPy][N(CN)2],benzene,c1ccccc1,aromatic,n-hexane,CCCCCC,alkane,0.752,0.222,0.026,0.0,0.237,0.763,101.325,0.33333334,122,328.15,4.949999999999989,above,0-5 K,0.81195384,0.17687695,0.011169158,0.0044066734,0.27728307,0.71831024
,3-methyl-N-butylpyridinium dicyanamide,CCCC[n+]1cccc(C)c1.N#CN=C=[N-],[C4MPy][N(CN)2],benzene,c1ccccc1,aromatic,n-hexane,CCCCCC,alkane,0.694,0.283,0.023,0.0,0.331,0.669,101.325,0.44444445,122,328.15,4.949999999999989,above,0-5 K,0.7846309,0.20268178,0.012687324,0.0046624825,0.3068538,0.6884837
,3-methyl-N-butylpyridinium dicyanamide,CCCC[n+]1cccc(C)c1.N#CN=C=[N-],[C4MPy][N(CN)2],benzene,c1ccccc1,aromatic,n-hexane,CCCCCC,alkane,0.633,0.345,0.022,0.001,0.432,0.567,101.325,0.5555556,122,328.15,4.949999999999989,above,0-5 K,0.7527497,0.23236571,0.01488453,0.0058868486,0.33431283,0.65980023
,3-methyl-N-butylpyridinium dicyanamide,CCCC[n+]1cccc(C)c1.N#CN=C=[N-],[C4MPy][N(CN)2],benzene,c1ccccc1,aromatic,n-hexane,CCCCCC,alkane,0.565,0.414,0.021,0.001,0.545,0.454,101.325,0.6666667,122,328.15,4.949999999999989,above,0-5 K,0.7198623,0.26314905,0.016988665,0.0067656445,0.36434802,0.62888634
,3-methyl-N-butylpyridinium dicyanamide,CCCC[n+]1cccc(C)c1.N#CN=C=[N-],[C4MPy][N(CN)2],benzene,c1ccccc1,aromatic,n-hexane,CCCCCC,alkane,0.56,0.42,0.02,0.001,0.641,0.358,101.325,0.7777778,122,328.15,4.949999999999989,above,0-5 K,0.6851231,0.2959354,0.018941527,0.007055511,0.39761525,0.5953292
,3-methyl-N-butylpyridinium dicyanamide,CCCC[n+]1cccc(C)c1.N#CN=C=[N-],[C4MPy][N(CN)2],benzene,c1ccccc1,aromatic,n-hexane,CCCCCC,alkane,0.448,0.536,0.016,0.0,0.761,0.239,101.325,0.8888889,122,328.15,4.949999999999989,above,0-5 K,0.6484353,0.33058771,0.020976946,0.0073189745,0.43162224,0.5610588
,3-methyl-N-butylpyridinium dicyanamide,CCCC[n+]1cccc(C)c1.N#CN=C=[N-],[C4MPy][N(CN)2],benzene,c1ccccc1,aromatic,n-hexane,CCCCCC,alkane,0.3,0.7,0.0,0.001,0.999,0.0,101.325,1.0,122,328.15,4.949999999999989,above,0-5 K,0.60983956,0.36706844,0.023092069,0.0075542293,0.46635094,0.5260948
,3-methyl-N-butylpyridinium dicyanamide,CCCC[n+]1cccc(C)c1.N#CN=C=[N-],[C4MPy][N(CN)2],toluene,Cc1ccccc1,aromatic,n-heptane,CCCCCCC,alkane,0.978,0.0,0.022,0.001,0.0,0.999,101.325,0.0,124,328.15,4.949999999999989,above,0-5 K,0.9279259,0.06783156,0.0042424756,0.0034903644,0.22810087,0.7684088
,3-methyl-N-butylpyridinium dicyanamide,CCCC[n+]1cccc(C)c1.N#CN=C=[N-],[C4MPy][N(CN)2],toluene,Cc1ccccc1,aromatic,n-heptane,CCCCCCC,alkane,0.927,0.051,0.022,0.001,0.071,0.928,101.325,0.2,124,328.15,4.949999999999989,above,0-5 K,0.9047316,0.08975969,0.0055087097,0.0039166175,0.27358904,0.72249436
,3-methyl-N-butylpyridinium dicyanamide,CCCC[n+]1cccc(C)c1.N#CN=C=[N-],[C4MPy][N(CN)2],toluene,Cc1ccccc1,aromatic,n-heptane,CCCCCCC,alkane,0.886,0.093,0.021,0.001,0.141,0.858,101.325,0.4,124,328.15,4.949999999999989,above,0-5 K,0.8764868,0.11650853,0.007004749,0.004219808,0.32438445,0.6713958
,3-methyl-N-butylpyridinium dicyanamide,CCCC[n+]1cccc(C)c1.N#CN=C=[N-],[C4MPy][N(CN)2],toluene,Cc1ccccc1,aromatic,n-heptane,CCCCCCC,alkane,0.802,0.177,0.021,0.001,0.291,0.708,101.325,0.6,124,328.15,4.949999999999989,above,0-5 K,0.84024024,0.1508712,0.0088886125,0.004549375,0.38018838,0.6152622
,3-methyl-N-butylpyridinium dicyanamide,CCCC[n+]1cccc(C)c1.N#CN=C=[N-],[C4MPy][N(CN)2],toluene,Cc1ccccc1,aromatic,n-heptane,CCCCCCC,alkane,0.70100003,0.28000003,0.019000001,0.001,0.445,0.554,101.325,0.8,124,328.15,4.949999999999989,above,0-5 K,0.7951358,0.19367073,0.0111934235,0.004898289,0.43904504,0.5560567
,3-methyl-N-butylpyridinium dicyanamide,CCCC[n+]1cccc(C)c1.N#CN=C=[N-],[C4MPy][N(CN)2],toluene,Cc1ccccc1,aromatic,n-heptane,CCCCCCC,alkane,0.57500005,0.40600002,0.019000001,0.001,0.734,0.265,101.325,1.0,124,328.15,4.949999999999989,above,0-5 K,0.741223,0.2448915,0.013885557,0.005193335,0.49973646,0.49507025
,3-methyl-N-butylpyridinium dicyanamide,CCCC[n+]1cccc(C)c1.N#CN=C=[N-],[C4MPy][N(CN)2],p-xylene,Cc1ccc(C)cc1,aromatic,n-hexane,CCCCCC,alkane,0.974,0.0,0.026,0.0,0.0,1.0,101.325,0.0,126,328.15,4.949999999999989,above,0-5 K,0.9397978,0.056433342,0.0037688832,0.0031759806,0.24881352,0.7480105
,3-methyl-N-butylpyridinium dicyanamide,CCCC[n+]1cccc(C)c1.N#CN=C=[N-],[C4MPy][N(CN)2],p-xylene,Cc1ccc(C)cc1,aromatic,n-hexane,CCCCCC,alkane,0.939,0.034,0.027,0.0,0.071,0.929,101.325,0.1,126,328.15,4.949999999999989,above,0-5 K,0.93068403,0.06501594,0.004300054,0.003358842,0.27112356,0.7255176
,3-methyl-N-butylpyridinium dicyanamide,CCCC[n+]1cccc(C)c1.N#CN=C=[N-],[C4MPy][N(CN)2],p-xylene,Cc1ccc(C)cc1,aromatic,n-hexane,CCCCCC,alkane,0.901,0.071,0.028,0.0,0.145,0.855,101.325,0.2,126,328.15,4.949999999999989,above,0-5 K,0.9202945,0.07480533,0.004900099,0.003543934,0.29472694,0.7017291
,3-methyl-N-butylpyridinium dicyanamide,CCCC[n+]1cccc(C)c1.N#CN=C=[N-],[C4MPy][N(CN)2],p-xylene,Cc1ccc(C)cc1,aromatic,n-hexane,CCCCCC,alkane,0.87600005,0.09900001,0.025000002,0.0,0.226,0.774,101.325,0.3,126,328.15,4.949999999999989,above,0-5 K,0.90768266,0.08679489,0.0055224267,0.0034801404,0.3218372,0.6746827
,3-methyl-N-butylpyridinium dicyanamide,CCCC[n+]1cccc(C)c1.N#CN=C=[N-],[C4MPy][N(CN)2],p-xylene,Cc1ccc(C)cc1,aromatic,n-hexane,CCCCCC,alkane,0.841,0.135,0.024,0.0,0.322,0.678,101.325,0.4,126,328.15,4.949999999999989,above,0-5 K,0.8937584,0.1000004,0.0062412717,0.0035225726,0.34916776,0.6473096
,3-methyl-N-butylpyridinium dicyanamide,CCCC[n+]1cccc(C)c1.N#CN=C=[N-],[C4MPy][N(CN)2],p-xylene,Cc1ccc(C)cc1,aromatic,n-hexane,CCCCCC,alkane,0.816,0.162,0.022,0.0,0.395,0.605,101.325,0.5,126,328.15,4.949999999999989,above,0-5 K,0.8785307,0.11439709,0.007072211,0.0036809125,0.37629896,0.6200201
,3-methyl-N-butylpyridinium dicyanamide,CCCC[n+]1cccc(C)c1.N#CN=C=[N-],[C4MPy][N(CN)2],p-xylene,Cc1ccc(C)cc1,aromatic,n-hexane,CCCCCC,alkane,0.761,0.216,0.023,0.0,0.504,0.496,101.325,0.6,126,328.15,4.949999999999989,above,0-5 K,0.8616422,0.13042137,0.007936403,0.0036419844,0.4054355,0.5909225
,3-methyl-N-butylpyridinium dicyanamide,CCCC[n+]1cccc(C)c1.N#CN=C=[N-],[C4MPy][N(CN)2],p-xylene,Cc1ccc(C)cc1,aromatic,n-hexane,CCCCCC,alkane,0.723,0.259,0.018,0.0,0.639,0.361,101.325,0.7,126,328.15,4.949999999999989,above,0-5 K,0.8425425,0.14850765,0.008949803,0.0037784143,0.43416137,0.5620602
,3-methyl-N-butylpyridinium dicyanamide,CCCC[n+]1cccc(C)c1.N#CN=C=[N-],[C4MPy][N(CN)2],p-xylene,Cc1ccc(C)cc1,aromatic,n-hexane,CCCCCC,alkane,0.712,0.274,0.014,0.0,0.735,0.265,101.325,0.8,126,328.15,4.949999999999989,above,0-5 K,0.8214415,0.16850115,0.010057372,0.00390561,0.46329436,0.5328001
,3-methyl-N-butylpyridinium dicyanamide,CCCC[n+]1cccc(C)c1.N#CN=C=[N-],[C4MPy][N(CN)2],p-xylene,Cc1ccc(C)cc1,aromatic,n-hexane,CCCCCC,alkane,0.68200004,0.30700004,0.011000001,0.0,0.802,0.198,101.325,0.9,126,328.15,4.949999999999989,above,0-5 K,0.79819316,0.19054238,0.011264495,0.0040213405,0.49265864,0.50332
,3-methyl-N-butylpyridinium dicyanamide,CCCC[n+]1cccc(C)c1.N#CN=C=[N-],[C4MPy][N(CN)2],p-xylene,Cc1ccc(C)cc1,aromatic,n-hexane,CCCCCC,alkane,0.619,0.381,0.0,0.0,1.0,0.0,101.325,1.0,126,328.15,4.949999999999989,above,0-5 K,0.77274674,0.21468262,0.012570554,0.0041268566,0.5220997,0.47377345
,3-methyl-N-butylpyridinium dicyanamide,CCCC[n+]1cccc(C)c1.N#CN=C=[N-],[C4MPy][N(CN)2],cumene,CC(C)c1ccccc1,aromatic,n-nonane,CCCCCCCCC,alkane,0.9922,0.0,0.0078,0.001,0.0,0.999,101.325,0.0,128,328.15,4.949999999999989,above,0-5 K,0.9494445,0.045638148,0.0049173734,0.0028448186,0.26707423,0.7300809
,3-methyl-N-butylpyridinium dicyanamide,CCCC[n+]1cccc(C)c1.N#CN=C=[N-],[C4MPy][N(CN)2],cumene,CC(C)c1ccccc1,aromatic,n-nonane,CCCCCCCCC,alkane,0.9685,0.024,0.0075,0.002,0.082,0.916,101.325,0.11111111,128,328.15,4.949999999999989,above,0-5 K,0.9409717,0.05333811,0.0056902487,0.0030156597,0.28952914,0.70745516
,3-methyl-N-butylpyridinium dicyanamide,CCCC[n+]1cccc(C)c1.N#CN=C=[N-],[C4MPy][N(CN)2],cumene,CC(C)c1ccccc1,aromatic,n-nonane,CCCCCCCCC,alkane,0.9447,0.048,0.0073,0.001,0.178,0.821,101.325,0.22222222,128,328.15,4.949999999999989,above,0-5 K,0.9307844,0.06274014,0.006475441,0.002828001,0.31325138,0.6839206
,3-methyl-N-butylpyridinium dicyanamide,CCCC[n+]1cccc(C)c1.N#CN=C=[N-],[C4MPy][N(CN)2],cumene,CC(C)c1ccccc1,aromatic,n-nonane,CCCCCCCCC,alkane,0.9242,0.069,0.0068,0.002,0.267,0.731,101.325,0.33333334,128,328.15,4.949999999999989,above,0-5 K,0.9193661,0.07315774,0.007476115,0.0029807405,0.3380839,0.65893537
,3-methyl-N-butylpyridinium dicyanamide,CCCC[n+]1cccc(C)c1.N#CN=C=[N-],[C4MPy][N(CN)2],cumene,CC(C)c1ccccc1,aromatic,n-nonane,CCCCCCCCC,alkane,0.90430003,0.08900001,0.0067000003,0.002,0.358,0.64,101.325,0.44444445,128,328.15,4.949999999999989,above,0-5 K,0.90624166,0.08514307,0.008615232,0.0031337356,0.36390853,0.63295776
,3-methyl-N-butylpyridinium dicyanamide,CCCC[n+]1cccc(C)c1.N#CN=C=[N-],[C4MPy][N(CN)2],cumene,CC(C)c1ccccc1,aromatic,n-nonane,CCCCCCCCC,alkane,0.8837,0.11,0.0063,0.002,0.454,0.544,101.325,0.5555556,128,328.15,4.949999999999989,above,0-5 K,0.89142233,0.09868811,0.009889492,0.0032774084,0.39050287,0.6062197
,3-methyl-N-butylpyridinium dicyanamide,CCCC[n+]1cccc(C)c1.N#CN=C=[N-],[C4MPy][N(CN)2],cumene,CC(C)c1ccccc1,aromatic,n-nonane,CCCCCCCCC,alkane,0.8597,0.135,0.0053,0.001,0.56,0.439,101.325,0.6666667,128,328.15,4.949999999999989,above,0-5 K,0.8745566,0.11411945,0.011323849,0.0034190821,0.41773772,0.57884324
,3-methyl-N-butylpyridinium dicyanamide,CCCC[n+]1cccc(C)c1.N#CN=C=[N-],[C4MPy][N(CN)2],cumene,CC(C)c1ccccc1,aromatic,n-nonane,CCCCCCCCC,alkane,0.8344,0.161,0.0046,0.001,0.655,0.344,101.325,0.7777778,128,328.15,4.949999999999989,above,0-5 K,0.8552857,0.13177027,0.012943971,0.003560185,0.44563407,0.5508057
,3-methyl-N-butylpyridinium dicyanamide,CCCC[n+]1cccc(C)c1.N#CN=C=[N-],[C4MPy][N(CN)2],cumene,CC(C)c1ccccc1,aromatic,n-nonane,CCCCCCCCC,alkane,0.8218,0.175,0.0032,0.002,0.778,0.22,101.325,0.8888889,128,328.15,4.949999999999989,above,0-5 K,0.8340257,0.15126088,0.0147134345,0.0036841135,0.47364518,0.52267075
,3-methyl-N-butylpyridinium dicyanamide,CCCC[n+]1cccc(C)c1.N#CN=C=[N-],[C4MPy][N(CN)2],cumene,CC(C)c1ccccc1,aromatic,n-nonane,CCCCCCCCC,alkane,0.81560004,0.18200001,0.0024000003,0.001,0.841,0.158,101.325,1.0,128,328.15,4.949999999999989,above,0-5 K,0.81005734,0.17326075,0.0166819,0.0038053324,0.50199217,0.4942025
,1-butyl-3-methylimidazolium thiocyanate,CCCCn1cc[n+](C)c1.N#C[S-],[C4MIm][SCN],toluene,Cc1ccccc1,aromatic,n-heptane,CCCCCCC,alkane,0.991,0.0,0.009,0.001,0.0,0.999,101.325,0.0,137,328.15,4.949999999999989,above,0-5 K,0.9414528,0.054443244,0.004103881,0.002862943,0.24273613,0.7544009
,1-butyl-3-methylimidazolium thiocyanate,CCCCn1cc[n+](C)c1.N#C[S-],[C4MIm][SCN],toluene,Cc1ccccc1,aromatic,n-heptane,CCCCCCC,alkane,0.953,0.035,0.012,0.001,0.077,0.922,101.325,0.16666667,137,328.15,4.949999999999989,above,0-5 K,0.92598385,0.068894535,0.005121594,0.0031363396,0.2810261,0.71583766
,1-butyl-3-methylimidazolium thiocyanate,CCCCn1cc[n+](C)c1.N#C[S-],[C4MIm][SCN],toluene,Cc1ccccc1,aromatic,n-heptane,CCCCCCC,alkane,0.932,0.059,0.009,0.001,0.153,0.846,101.325,0.33333334,137,328.15,4.949999999999989,above,0-5 K,0.9067399,0.08689103,0.0063690795,0.0034122611,0.32302284,0.6735649
,1-butyl-3-methylimidazolium thiocyanate,CCCCn1cc[n+](C)c1.N#C[S-],[C4MIm][SCN],toluene,Cc1ccccc1,aromatic,n-heptane,CCCCCCC,alkane,0.86800003,0.12200001,0.010000001,0.001,0.335,0.664,101.325,0.5,137,328.15,4.949999999999989,above,0-5 K,0.8829787,0.10913643,0.007884947,0.0036842208,0.3683241,0.6279917
,1-butyl-3-methylimidazolium thiocyanate,CCCCn1cc[n+](C)c1.N#C[S-],[C4MIm][SCN],toluene,Cc1ccccc1,aromatic,n-heptane,CCCCCCC,alkane,0.81,0.183,0.007,0.001,0.548,0.451,101.325,0.6666667,137,328.15,4.949999999999989,above,0-5 K,0.853592,0.13660116,0.009806801,0.0042313067,0.41495347,0.5808152
,1-butyl-3-methylimidazolium thiocyanate,CCCCn1cc[n+](C)c1.N#C[S-],[C4MIm][SCN],toluene,Cc1ccccc1,aromatic,n-heptane,CCCCCCC,alkane,0.744,0.251,0.005,0.001,0.747,0.252,101.325,0.8333333,137,328.15,4.949999999999989,above,0-5 K,0.81900686,0.16898161,0.01201155,0.00463958,0.46347302,0.53188735
,1-butyl-3-methylimidazolium thiocyanate,CCCCn1cc[n+](C)c1.N#C[S-],[C4MIm][SCN],toluene,Cc1ccccc1,aromatic,n-heptane,CCCCCCC,alkane,0.622,0.378,0.0,0.001,0.999,0.0,101.325,1.0,137,328.15,4.949999999999989,above,0-5 K,0.7789969,0.20652868,0.014474356,0.0048576947,0.51301855,0.48212376
,3-methyl-N-butylpyridinium trifluoromethanesulfonate,CCCC[n+]1cccc(C)c1.O=S(=O)([O-])C(F)(F)F,[C4MPy][B(CN)4],benzene,c1ccccc1,aromatic,n-hexane,CCCCCC,alkane,0.9104,0.0,0.0896,0.001,0.0,0.999,101.325,0.0,157,328.2,5.0,above,0-5 K,0.88781023,0.105399355,0.006790342,0.003412571,0.1797389,0.81684864
,3-methyl-N-butylpyridinium trifluoromethanesulfonate,CCCC[n+]1cccc(C)c1.O=S(=O)([O-])C(F)(F)F,[C4MPy][B(CN)4],benzene,c1ccccc1,aromatic,n-hexane,CCCCCC,alkane,0.79937994,0.10521052,0.09540954,0.0013,0.0506,0.9481,101.325,0.071428575,157,328.2,5.0,above,0-5 K,0.876448,0.1161147,0.0074373945,0.0035723946,0.19361275,0.80281484
,3-methyl-N-butylpyridinium trifluoromethanesulfonate,CCCC[n+]1cccc(C)c1.O=S(=O)([O-])C(F)(F)F,[C4MPy][B(CN)4],benzene,c1ccccc1,aromatic,n-hexane,CCCCCC,alkane,0.7309,0.1766,0.0925,0.001,0.0964,0.9026,101.325,0.14285715,157,328.2,5.0,above,0-5 K,0.86401755,0.12784159,0.008140795,0.0037382024,0.20836158,0.7879002
,3-methyl-N-butylpyridinium trifluoromethanesulfonate,CCCC[n+]1cccc(C)c1.O=S(=O)([O-])C(F)(F)F,[C4MPy][B(CN)4],benzene,c1ccccc1,aromatic,n-hexane,CCCCCC,alkane,0.6695,0.2429,0.0876,0.001,0.1407,0.8583,101.325,0.21428572,157,328.2,5.0,above,0-5 K,0.8508105,0.14030743,0.008882057,0.0038969899,0.22377194,0.77233106
,3-methyl-N-butylpyridinium trifluoromethanesulfonate,CCCC[n+]1cccc(C)c1.O=S(=O)([O-])C(F)(F)F,[C4MPy][B(CN)4],benzene,c1ccccc1,aromatic,n-hexane,CCCCCC,alkane,0.6042,0.3045,0.0913,0.001,0.1836,0.8154,101.325,0.2857143,157,328.2,5.0,above,0-5 K,0.8364103,0.15390277,0.009686913,0.0040616626,0.24008834,0.75585
,3-methyl-N-butylpyridinium trifluoromethanesulfonate,CCCC[n+]1cccc(C)c1.O=S(=O)([O-])C(F)(F)F,[C4MPy][B(CN)4],benzene,c1ccccc1,aromatic,n-hexane,CCCCCC,alkane,0.5062,0.4173,0.0765,0.001,0.2935,0.7055,101.325,0.35714287,157,328.2,5.0,above,0-5 K,0.8207693,0.16867797,0.01055267,0.0042304187,0.25733235,0.7384373
,3-methyl-N-butylpyridinium trifluoromethanesulfonate,CCCC[n+]1cccc(C)c1.O=S(=O)([O-])C(F)(F)F,[C4MPy][B(CN)4],benzene,c1ccccc1,aromatic,n-hexane,CCCCCC,alkane,0.4418,0.4833,0.0749,0.00090009003,0.37443745,0.62466246,101.325,0.42857143,157,328.2,5.0,above,0-5 K,0.8041841,0.18435116,0.011464759,0.0043924013,0.2752177,0.72038996
,3-methyl-N-butylpyridinium trifluoromethanesulfonate,CCCC[n+]1cccc(C)c1.O=S(=O)([O-])C(F)(F)F,[C4MPy][B(CN)4],benzene,c1ccccc1,aromatic,n-hexane,CCCCCC,alkane,0.3641,0.5729,0.063,0.0012001201,0.5028503,0.4959496,101.325,0.5,157,328.2,5.0,above,0-5 K,0.7865124,0.20105568,0.012431959,0.004549328,0.2939334,0.70151734
,3-methyl-N-butylpyridinium trifluoromethanesulfonate,CCCC[n+]1cccc(C)c1.O=S(=O)([O-])C(F)(F)F,[C4MPy][B(CN)4],benzene,c1ccccc1,aromatic,n-hexane,CCCCCC,alkane,0.35296467,0.58324164,0.06379362,0.00090009003,0.5275527,0.4715472,101.325,0.5714286,157,328.2,5.0,above,0-5 K,0.76754,0.21899654,0.013463464,0.0047123493,0.31336898,0.6819187
,3-methyl-N-butylpyridinium trifluoromethanesulfonate,CCCC[n+]1cccc(C)c1.O=S(=O)([O-])C(F)(F)F,[C4MPy][B(CN)4],benzene,c1ccccc1,aromatic,n-hexane,CCCCCC,alkane,0.30290002,0.64220005,0.054900005,0.00090000004,0.63530004,0.36380002,101.325,0.64285713,157,328.2,5.0,above,0-5 K,0.74553186,0.23983203,0.014636071,0.0048330305,0.3340195,0.66114753
,3-methyl-N-butylpyridinium trifluoromethanesulfonate,CCCC[n+]1cccc(C)c1.O=S(=O)([O-])C(F)(F)F,[C4MPy][B(CN)4],benzene,c1ccccc1,aromatic,n-hexane,CCCCCC,alkane,0.23797621,0.7163284,0.045695428,0.0009,0.7846,0.2145,101.325,0.71428573,157,328.2,5.0,above,0-5 K,0.7204925,0.26355898,0.015948534,0.004854727,0.3555332,0.6396121
,3-methyl-N-butylpyridinium trifluoromethanesulfonate,CCCC[n+]1cccc(C)c1.O=S(=O)([O-])C(F)(F)F,[C4MPy][B(CN)4],benzene,c1ccccc1,aromatic,n-hexane,CCCCCC,alkane,0.2391,0.7266,0.0343,0.0012,0.838,0.1608,101.325,0.78571427,157,328.2,5.0,above,0-5 K,0.69778025,0.28506532,0.017154464,0.004997416,0.3770386,0.617964
,3-methyl-N-butylpyridinium trifluoromethanesulfonate,CCCC[n+]1cccc(C)c1.O=S(=O)([O-])C(F)(F)F,[C4MPy][B(CN)4],benzene,c1ccccc1,aromatic,n-hexane,CCCCCC,alkane,0.211,0.763,0.026,0.0009,0.8916,0.1075,101.325,0.85714287,157,328.2,5.0,above,0-5 K,0.6758535,0.30584008,0.018306388,0.005071093,0.3988131,0.59611577
,3-methyl-N-butylpyridinium trifluoromethanesulfonate,CCCC[n+]1cccc(C)c1.O=S(=O)([O-])C(F)(F)F,[C4MPy][B(CN)4],benzene,c1ccccc1,aromatic,n-hexane,CCCCCC,alkane,0.1958,0.7882,0.016,0.0009,0.9397,0.0594,101.325,0.9285714,157,328.2,5.0,above,0-5 K,0.6548381,0.32575506,0.019406877,0.005067167,0.42101306,0.5739198
,3-methyl-N-butylpyridinium trifluoromethanesulfonate,CCCC[n+]1cccc(C)c1.O=S(=O)([O-])C(F)(F)F,[C4MPy][B(CN)4],benzene,c1ccccc1,aromatic,n-hexane,CCCCCC,alkane,0.1647,0.8353,0.0,0.0009,0.9991,0.0,101.325,1.0,157,328.2,5.0,above,0-5 K,0.6295359,0.3497485,0.020715613,0.005182426,0.44371408,0.5511035
,3-methyl-N-butylpyridinium trifluoromethanesulfonate,CCCC[n+]1cccc(C)c1.O=S(=O)([O-])C(F)(F)F,[C4MPy][B(CN)4],toluene,Cc1ccccc1,aromatic,n-heptane,CCCCCCC,alkane,0.9498,0.0195,0.0307,0.0011,0.0,0.9989,101.325,0.0,159,328.2,5.0,above,0-5 K,0.9107154,0.08445711,0.0048274985,0.0028177607,0.20408809,0.7930941
,3-methyl-N-butylpyridinium trifluoromethanesulfonate,CCCC[n+]1cccc(C)c1.O=S(=O)([O-])C(F)(F)F,[C4MPy][B(CN)4],toluene,Cc1ccccc1,aromatic,n-heptane,CCCCCCC,alkane,0.7669,0.1882,0.0449,0.0011,0.1528,0.8461,101.325,0.083333336,159,328.2,5.0,above,0-5 K,0.89874256,0.095867716,0.0053896555,0.0029950493,0.22217186,0.77483314
,3-methyl-N-butylpyridinium trifluoromethanesulfonate,CCCC[n+]1cccc(C)c1.O=S(=O)([O-])C(F)(F)F,[C4MPy][B(CN)4],toluene,Cc1ccccc1,aromatic,n-heptane,CCCCCCC,alkane,0.7326,0.2236,0.0438,0.0011,0.1941,0.8048,101.325,0.16666667,159,328.2,5.0,above,0-5 K,0.8862823,0.10771124,0.006006524,0.003148366,0.24083753,0.75601405
,3-methyl-N-butylpyridinium trifluoromethanesulfonate,CCCC[n+]1cccc(C)c1.O=S(=O)([O-])C(F)(F)F,[C4MPy][B(CN)4],toluene,Cc1ccccc1,aromatic,n-heptane,CCCCCCC,alkane,0.7019,0.2554,0.0427,0.0011,0.2226,0.7763,101.325,0.25,159,328.2,5.0,above,0-5 K,0.8687941,0.124143474,0.0070624743,0.0038079359,0.26022574,0.7359664
,3-methyl-N-butylpyridinium trifluoromethanesulfonate,CCCC[n+]1cccc(C)c1.O=S(=O)([O-])C(F)(F)F,[C4MPy][B(CN)4],toluene,Cc1ccccc1,aromatic,n-heptane,CCCCCCC,alkane,0.6606,0.294,0.0454,0.0011,0.2603,0.7386,101.325,0.33333334,159,328.2,5.0,above,0-5 K,0.84607023,0.14522888,0.008700852,0.005316817,0.279367,0.7153162
,3-methyl-N-butylpyridinium trifluoromethanesulfonate,CCCC[n+]1cccc(C)c1.O=S(=O)([O-])C(F)(F)F,[C4MPy][B(CN)4],toluene,Cc1ccccc1,aromatic,n-heptane,CCCCCCC,alkane,0.59765977,0.36133614,0.041004103,0.0011,0.3433,0.6556,101.325,0.41666666,159,328.2,5.0,above,0-5 K,0.8290164,0.16138402,0.009599578,0.0055510346,0.30033922,0.69410974
,3-methyl-N-butylpyridinium trifluoromethanesulfonate,CCCC[n+]1cccc(C)c1.O=S(=O)([O-])C(F)(F)F,[C4MPy][B(CN)4],toluene,Cc1ccccc1,aromatic,n-heptane,CCCCCCC,alkane,0.5912409,0.369863,0.03889611,0.0011,0.3546,0.6443,101.325,0.5,159,328.2,5.0,above,0-5 K,0.81054276,0.17889431,0.010562894,0.0057790726,0.3221762,0.6720447
,3-methyl-N-butylpyridinium trifluoromethanesulfonate,CCCC[n+]1cccc(C)c1.O=S(=O)([O-])C(F)(F)F,[C4MPy][B(CN)4],toluene,Cc1ccccc1,aromatic,n-heptane,CCCCCCC,alkane,0.54234576,0.42045796,0.03719628,0.0011,0.3986,0.6003,101.325,0.5833333,159,328.2,5.0,above,0-5 K,0.79052746,0.19787328,0.011599208,0.0060035074,0.34490624,0.6490903
,3-methyl-N-butylpyridinium trifluoromethanesulfonate,CCCC[n+]1cccc(C)c1.O=S(=O)([O-])C(F)(F)F,[C4MPy][B(CN)4],toluene,Cc1ccccc1,aromatic,n-heptane,CCCCCCC,alkane,0.4758,0.4893,0.0349,0.00070007,0.49154916,0.5077508,101.325,0.6666667,159,328.2,5.0,above,0-5 K,0.7691615,0.21814221,0.01269631,0.0062207305,0.36817732,0.62560195
,3-methyl-N-butylpyridinium trifluoromethanesulfonate,CCCC[n+]1cccc(C)c1.O=S(=O)([O-])C(F)(F)F,[C4MPy][B(CN)4],toluene,Cc1ccccc1,aromatic,n-heptane,CCCCCCC,alkane,0.3637,0.61,0.0263,0.00109989,0.64653534,0.35236475,101.325,0.75,159,328.2,5.0,above,0-5 K,0.74616367,0.23997141,0.013864953,0.0064297398,0.39223385,0.6013364
,3-methyl-N-butylpyridinium trifluoromethanesulfonate,CCCC[n+]1cccc(C)c1.O=S(=O)([O-])C(F)(F)F,[C4MPy][B(CN)4],toluene,Cc1ccccc1,aromatic,n-heptane,CCCCCCC,alkane,0.30476952,0.66913307,0.02609739,0.00109989,0.7465253,0.25237477,101.325,0.8333333,159,328.2,5.0,above,0-5 K,0.72906613,0.25646025,0.014473586,0.0060509206,0.41873658,0.5752125
,3-methyl-N-butylpyridinium trifluoromethanesulfonate,CCCC[n+]1cccc(C)c1.O=S(=O)([O-])C(F)(F)F,[C4MPy][B(CN)4],toluene,Cc1ccccc1,aromatic,n-heptane,CCCCCCC,alkane,0.2723,0.711,0.0167,0.0011,0.842,0.1569,101.325,0.9166667,159,328.2,5.0,above,0-5 K,0.7202646,0.26529783,0.014437533,0.0051818974,0.44626167,0.5485565
,3-methyl-N-butylpyridinium trifluoromethanesulfonate,CCCC[n+]1cccc(C)c1.O=S(=O)([O-])C(F)(F)F,[C4MPy][B(CN)4],toluene,Cc1ccccc1,aromatic,n-heptane,CCCCCCC,alkane,0.2195,0.7714,0.0091,0.0011,0.9266,0.0723,101.325,1.0,159,328.2,5.0,above,0-5 K,0.693898,0.29042733,0.015674716,0.005310799,0.47190478,0.5227845
,3-methyl-N-butylpyridinium trifluoromethanesulfonate,CCCC[n+]1cccc(C)c1.O=S(=O)([O-])C(F)(F)F,[C4MPy][B(CN)4],p-xylene,Cc1ccc(C)cc1,aromatic,n-octane,CCCCCCCC,alkane,0.9636,0.0,0.0364,0.0009,0.0,0.9991,101.325,0.0,161,328.2,5.0,above,0-5 K,0.92798454,0.06791705,0.0040984033,0.0030262263,0.21776988,0.77920383
,3-methyl-N-butylpyridinium trifluoromethanesulfonate,CCCC[n+]1cccc(C)c1.O=S(=O)([O-])C(F)(F)F,[C4MPy][B(CN)4],p-xylene,Cc1ccc(C)cc1,aromatic,n-octane,CCCCCCCC,alkane,0.92390764,0.04059594,0.03549645,0.00129987,0.03659634,0.9621038,101.325,0.071428575,161,328.2,5.0,above,0-5 K,0.9229486,0.072758056,0.0042933887,0.0027934613,0.23404844,0.763158
,3-methyl-N-butylpyridinium trifluoromethanesulfonate,CCCC[n+]1cccc(C)c1.O=S(=O)([O-])C(F)(F)F,[C4MPy][B(CN)4],p-xylene,Cc1ccc(C)cc1,aromatic,n-octane,CCCCCCCC,alkane,0.8884111,0.074692525,0.036896307,0.0009,0.075,0.9241,101.325,0.14285715,161,328.2,5.0,above,0-5 K,0.90939265,0.085547484,0.0050598574,0.0032013054,0.24529286,0.7515059
,3-methyl-N-butylpyridinium trifluoromethanesulfonate,CCCC[n+]1cccc(C)c1.O=S(=O)([O-])C(F)(F)F,[C4MPy][B(CN)4],p-xylene,Cc1ccc(C)cc1,aromatic,n-octane,CCCCCCCC,alkane,0.8485,0.1114,0.0401,0.00089991,0.11328867,0.88581145,101.325,0.21428572,161,328.2,5.0,above,0-5 K,0.8999177,0.09452854,0.0055537624,0.0033356634,0.261628,0.7350364
,3-methyl-N-butylpyridinium trifluoromethanesulfonate,CCCC[n+]1cccc(C)c1.O=S(=O)([O-])C(F)(F)F,[C4MPy][B(CN)4],p-xylene,Cc1ccc(C)cc1,aromatic,n-octane,CCCCCCCC,alkane,0.8239,0.1387,0.0374,0.00129987,0.15248476,0.84621537,101.325,0.2857143,161,328.2,5.0,above,0-5 K,0.8894574,0.10451726,0.00602533,0.0031272166,0.27906936,0.7178034
,3-methyl-N-butylpyridinium trifluoromethanesulfonate,CCCC[n+]1cccc(C)c1.O=S(=O)([O-])C(F)(F)F,[C4MPy][B(CN)4],p-xylene,Cc1ccc(C)cc1,aromatic,n-octane,CCCCCCCC,alkane,0.7679,0.2001,0.032,0.00080008,0.2320232,0.7671767,101.325,0.35714287,161,328.2,5.0,above,0-5 K,0.87807816,0.11531791,0.006603947,0.003248787,0.2969826,0.6997686
,3-methyl-N-butylpyridinium trifluoromethanesulfonate,CCCC[n+]1cccc(C)c1.O=S(=O)([O-])C(F)(F)F,[C4MPy][B(CN)4],p-xylene,Cc1ccc(C)cc1,aromatic,n-octane,CCCCCCCC,alkane,0.6990301,0.27047294,0.03049695,0.0008,0.3314,0.6678,101.325,0.42857143,161,328.2,5.0,above,0-5 K,0.86573917,0.12703562,0.0072252476,0.0033686843,0.31551504,0.6811162
,3-methyl-N-butylpyridinium trifluoromethanesulfonate,CCCC[n+]1cccc(C)c1.O=S(=O)([O-])C(F)(F)F,[C4MPy][B(CN)4],p-xylene,Cc1ccc(C)cc1,aromatic,n-octane,CCCCCCCC,alkane,0.6520652,0.31853187,0.029402941,0.00080008,0.4039404,0.59525955,101.325,0.5,161,328.2,5.0,above,0-5 K,0.8523119,0.1397911,0.007897077,0.0034878245,0.3347391,0.6617731
,3-methyl-N-butylpyridinium trifluoromethanesulfonate,CCCC[n+]1cccc(C)c1.O=S(=O)([O-])C(F)(F)F,[C4MPy][B(CN)4],p-xylene,Cc1ccc(C)cc1,aromatic,n-octane,CCCCCCCC,alkane,0.5952,0.3749,0.0299,0.00080008,0.4938494,0.50535053,101.325,0.5714286,161,328.2,5.0,above,0-5 K,0.8391988,0.15228729,0.00851386,0.0034846643,0.35501835,0.64149696
,3-methyl-N-butylpyridinium trifluoromethanesulfonate,CCCC[n+]1cccc(C)c1.O=S(=O)([O-])C(F)(F)F,[C4MPy][B(CN)4],p-xylene,Cc1ccc(C)cc1,aromatic,n-octane,CCCCCCCC,alkane,0.535,0.4399,0.0251,0.0012,0.6175,0.3813,101.325,0.64285713,161,328.2,5.0,above,0-5 K,0.82432294,0.1664505,0.00922654,0.0035307829,0.37579527,0.62067395
,3-methyl-N-butylpyridinium trifluoromethanesulfonate,CCCC[n+]1cccc(C)c1.O=S(=O)([O-])C(F)(F)F,[C4MPy][B(CN)4],p-xylene,Cc1ccc(C)cc1,aromatic,n-octane,CCCCCCCC,alkane,0.46510002,0.51280004,0.022100002,0.0012,0.7483,0.2505,101.325,0.71428573,161,328.2,5.0,above,0-5 K,0.80773675,0.1822287,0.010034545,0.0036342496,0.3964765,0.5998892
,3-methyl-N-butylpyridinium trifluoromethanesulfonate,CCCC[n+]1cccc(C)c1.O=S(=O)([O-])C(F)(F)F,[C4MPy][B(CN)4],p-xylene,Cc1ccc(C)cc1,aromatic,n-octane,CCCCCCCC,alkane,0.4304,0.5497,0.0199,0.00080008,0.79127914,0.2079208,101.325,0.78571427,161,328.2,5.0,above,0-5 K,0.7882715,0.20076266,0.010965827,0.0036599971,0.41658148,0.5797585
,3-methyl-N-butylpyridinium trifluoromethanesulfonate,CCCC[n+]1cccc(C)c1.O=S(=O)([O-])C(F)(F)F,[C4MPy][B(CN)4],p-xylene,Cc1ccc(C)cc1,aromatic,n-octane,CCCCCCCC,alkane,0.4227,0.5621,0.0152,0.0008,0.8496,0.1496,101.325,0.85714287,161,328.2,5.0,above,0-5 K,0.7691665,0.21895368,0.011879746,0.0037524996,0.43806598,0.5581815
,3-methyl-N-butylpyridinium trifluoromethanesulfonate,CCCC[n+]1cccc(C)c1.O=S(=O)([O-])C(F)(F)F,[C4MPy][B(CN)4],p-xylene,Cc1ccc(C)cc1,aromatic,n-octane,CCCCCCCC,alkane,0.38946104,0.5987401,0.01179882,0.0008,0.9083,0.0909,101.325,0.9285714,161,328.2,5.0,above,0-5 K,0.7489306,0.23823342,0.012836062,0.0038402292,0.45976096,0.5363988
,3-methyl-N-butylpyridinium trifluoromethanesulfonate,CCCC[n+]1cccc(C)c1.O=S(=O)([O-])C(F)(F)F,[C4MPy][B(CN)4],p-xylene,Cc1ccc(C)cc1,aromatic,n-octane,CCCCCCCC,alkane,0.3358,0.6642,0.0,0.0008,0.9992,0.0,101.325,1.0,161,328.2,5.0,above,0-5 K,0.73157877,0.25467378,0.013747384,0.0040939627,0.48115924,0.5147468
no,3-methyl-N-butylpyridinium tricyanomethanide,CCCC[n+]1cccc(C)c1.N#CC(=C=[N-])C#N,[C4MPy][C(CN)3],benzene,c1ccccc1,aromatic,n-hexane,CCCCCC,alkane,0.9333,0.0,0.0667,0.0011,0.0,0.9989,101.325,0.0,168,328.2,5.0,above,0-5 K,0.81811833,0.17142643,0.010455173,0.0039614937,0.14164664,0.8543919
no,3-methyl-N-butylpyridinium tricyanomethanide,CCCC[n+]1cccc(C)c1.N#CC(=C=[N-])C#N,[C4MPy][C(CN)3],benzene,c1ccccc1,aromatic,n-hexane,CCCCCC,alkane,0.8846885,0.048304833,0.0670067,0.00109989,0.03309669,0.9658034,101.325,0.11111111,168,328.2,5.0,above,0-5 K,0.7913637,0.19673914,0.0118971,0.004273202,0.16023305,0.83549374
no,3-methyl-N-butylpyridinium tricyanomethanide,CCCC[n+]1cccc(C)c1.N#CC(=C=[N-])C#N,[C4MPy][C(CN)3],benzene,c1ccccc1,aromatic,n-hexane,CCCCCC,alkane,0.82710004,0.10620001,0.066700004,0.0007,0.0746,0.9247,101.325,0.22222222,168,328.2,5.0,above,0-5 K,0.76222193,0.22430627,0.013471894,0.004615623,0.18057385,0.81481045
no,3-methyl-N-butylpyridinium tricyanomethanide,CCCC[n+]1cccc(C)c1.N#CC(=C=[N-])C#N,[C4MPy][C(CN)3],benzene,c1ccccc1,aromatic,n-hexane,CCCCCC,alkane,0.7551,0.1725,0.0724,0.0007,0.1158,0.8835,101.325,0.33333334,168,328.2,5.0,above,0-5 K,0.73013943,0.25467783,0.015182683,0.004958958,0.20303746,0.79200363
no,3-methyl-N-butylpyridinium tricyanomethanide,CCCC[n+]1cccc(C)c1.N#CC(=C=[N-])C#N,[C4MPy][C(CN)3],benzene,c1ccccc1,aromatic,n-hexane,CCCCCC,alkane,0.72150004,0.21040002,0.068100005,0.0011,0.1504,0.8485,101.325,0.44444445,168,328.2,5.0,above,0-5 K,0.69538546,0.2876138,0.01700073,0.005294581,0.22760439,0.76710093
no,3-methyl-N-butylpyridinium tricyanomethanide,CCCC[n+]1cccc(C)c1.N#CC(=C=[N-])C#N,[C4MPy][C(CN)3],benzene,c1ccccc1,aromatic,n-hexane,CCCCCC,alkane,0.56560004,0.37510002,0.059300005,0.001,0.3102,0.6888,101.325,0.5555556,168,328.2,5.0,above,0-5 K,0.65844226,0.32263032,0.018927453,0.005643848,0.2541389,0.7402172
no,3-methyl-N-butylpyridinium tricyanomethanide,CCCC[n+]1cccc(C)c1.N#CC(=C=[N-])C#N,[C4MPy][C(CN)3],benzene,c1ccccc1,aromatic,n-hexane,CCCCCC,alkane,0.4449445,0.49034905,0.064706475,0.001,0.4682,0.5308,101.325,0.6666667,168,328.2,5.0,above,0-5 K,0.6199397,0.3591299,0.020930422,0.0060012033,0.28236276,0.71163607
no,3-methyl-N-butylpyridinium tricyanomethanide,CCCC[n+]1cccc(C)c1.N#CC(=C=[N-])C#N,[C4MPy][C(CN)3],benzene,c1ccccc1,aromatic,n-hexane,CCCCCC,alkane,0.2991,0.6552,0.0457,0.0007,0.7124,0.2869,101.325,0.7777778,168,328.2,5.0,above,0-5 K,0.57924783,0.3977625,0.022989668,0.0063256402,0.31277683,0.6808976
no,3-methyl-N-butylpyridinium tricyanomethanide,CCCC[n+]1cccc(C)c1.N#CC(=C=[N-])C#N,[C4MPy][C(CN)3],benzene,c1ccccc1,aromatic,n-hexane,CCCCCC,alkane,0.2462,0.7195,0.0343,0.0007,0.8528,0.1465,101.325,0.8888889,168,328.2,5.0,above,0-5 K,0.5377842,0.43715975,0.025056051,0.0066316174,0.344677,0.6486915
no,3-methyl-N-butylpyridinium tricyanomethanide,CCCC[n+]1cccc(C)c1.N#CC(=C=[N-])C#N,[C4MPy][C(CN)3],benzene,c1ccccc1,aromatic,n-hexane,CCCCCC,alkane,0.1995,0.8005,0.0,0.0007,0.9993,0.0,101.325,1.0,168,328.2,5.0,above,0-5 K,0.4960803,0.4767843,0.027135443,0.006943989,0.37790397,0.615152
no,3-methyl-N-butylpyridinium tricyanomethanide,CCCC[n+]1cccc(C)c1.N#CC(=C=[N-])C#N,[C4MPy][C(CN)3],toluene,Cc1ccccc1,aromatic,n-heptane,CCCCCCC,alkane,0.9579,0.0,0.0421,0.0008,0.0,0.9992,101.325,0.0,170,328.2,5.0,above,0-5 K,0.86511254,0.1275003,0.007387191,0.003652009,0.18459491,0.81175303
no,3-methyl-N-butylpyridinium tricyanomethanide,CCCC[n+]1cccc(C)c1.N#CC(=C=[N-])C#N,[C4MPy][C(CN)3],toluene,Cc1ccccc1,aromatic,n-heptane,CCCCCCC,alkane,0.91230875,0.04449555,0.04319568,0.0012,0.0413,0.9575,101.325,0.1,170,328.2,5.0,above,0-5 K,0.8460587,0.14558241,0.00835886,0.0038913225,0.20436977,0.79173887
no,3-methyl-N-butylpyridinium tricyanomethanide,CCCC[n+]1cccc(C)c1.N#CC(=C=[N-])C#N,[C4MPy][C(CN)3],toluene,Cc1ccccc1,aromatic,n-heptane,CCCCCCC,alkane,0.8734126,0.08669133,0.03989601,0.00120012,0.08330833,0.9154915,101.325,0.2,170,328.2,5.0,above,0-5 K,0.8251275,0.16541556,0.009457002,0.004332707,0.22571747,0.76994985
no,3-methyl-N-butylpyridinium tricyanomethanide,CCCC[n+]1cccc(C)c1.N#CC(=C=[N-])C#N,[C4MPy][C(CN)3],toluene,Cc1ccccc1,aromatic,n-heptane,CCCCCCC,alkane,0.8345,0.1267,0.0388,0.0012,0.1283,0.8705,101.325,0.3,170,328.2,5.0,above,0-5 K,0.8018292,0.187542,0.010628799,0.0045894147,0.2485387,0.7468719
no,3-methyl-N-butylpyridinium tricyanomethanide,CCCC[n+]1cccc(C)c1.N#CC(=C=[N-])C#N,[C4MPy][C(CN)3],toluene,Cc1ccccc1,aromatic,n-heptane,CCCCCCC,alkane,0.7996,0.1625,0.0379,0.0012,0.1751,0.8237,101.325,0.4,170,328.2,5.0,above,0-5 K,0.776363,0.21174201,0.01189491,0.00484345,0.27282774,0.72232884
no,3-methyl-N-butylpyridinium tricyanomethanide,CCCC[n+]1cccc(C)c1.N#CC(=C=[N-])C#N,[C4MPy][C(CN)3],toluene,Cc1ccccc1,aromatic,n-heptane,CCCCCCC,alkane,0.6557,0.3046,0.0397,0.0012,0.3422,0.6566,101.325,0.5,170,328.2,5.0,above,0-5 K,0.7485994,0.2381379,0.013262643,0.0050965943,0.29859123,0.6963121
no,3-methyl-N-butylpyridinium tricyanomethanide,CCCC[n+]1cccc(C)c1.N#CC(=C=[N-])C#N,[C4MPy][C(CN)3],toluene,Cc1ccccc1,aromatic,n-heptane,CCCCCCC,alkane,0.5525,0.4179,0.0296,0.0008,0.5205,0.4787,101.325,0.6,170,328.2,5.0,above,0-5 K,0.7159539,0.2692617,0.014784434,0.0053016054,0.3264518,0.6682466
no,3-methyl-N-butylpyridinium tricyanomethanide,CCCC[n+]1cccc(C)c1.N#CC(=C=[N-])C#N,[C4MPy][C(CN)3],toluene,Cc1ccccc1,aromatic,n-heptane,CCCCCCC,alkane,0.44875512,0.5274472,0.02379762,0.0012,0.7272,0.2716,101.325,0.7,170,328.2,5.0,above,0-5 K,0.6778652,0.30570993,0.016424814,0.0053245807,0.35732993,0.63734555
no,3-methyl-N-butylpyridinium tricyanomethanide,CCCC[n+]1cccc(C)c1.N#CC(=C=[N-])C#N,[C4MPy][C(CN)3],toluene,Cc1ccccc1,aromatic,n-heptane,CCCCCCC,alkane,0.3997,0.5837,0.0166,0.0012,0.8296,0.1692,101.325,0.8,170,328.2,5.0,above,0-5 K,0.64385295,0.33813855,0.018008495,0.0055399253,0.38674057,0.60771954
no,3-methyl-N-butylpyridinium tricyanomethanide,CCCC[n+]1cccc(C)c1.N#CC(=C=[N-])C#N,[C4MPy][C(CN)3],toluene,Cc1ccccc1,aromatic,n-heptane,CCCCCCC,alkane,0.3559,0.6325,0.0116,0.0008,0.9344,0.0648,101.325,0.9,170,328.2,5.0,above,0-5 K,0.6114359,0.3687556,0.01980849,0.0064066555,0.41461527,0.57897806
no,3-methyl-N-butylpyridinium tricyanomethanide,CCCC[n+]1cccc(C)c1.N#CC(=C=[N-])C#N,[C4MPy][C(CN)3],toluene,Cc1ccccc1,aromatic,n-heptane,CCCCCCC,alkane,0.3518,0.6482,0.0,0.0008,0.9992,0.0,101.325,1.0,170,328.2,5.0,above,0-5 K,0.5750865,0.40342927,0.021484226,0.0066119353,0.4452686,0.5481195
no,3-methyl-N-butylpyridinium tricyanomethanide,CCCC[n+]1cccc(C)c1.N#CC(=C=[N-])C#N,[C4MPy][C(CN)3],p-xylene,Cc1ccc(C)cc1,aromatic,n-octane,CCCCCCCC,alkane,0.9669,0.0,0.0331,0.0,0.0,1.0,101.325,0.0,172,328.2,5.0,above,0-5 K,0.8795482,0.11378335,0.0066684363,0.0038111273,0.20120798,0.7949809
no,3-methyl-N-butylpyridinium tricyanomethanide,CCCC[n+]1cccc(C)c1.N#CC(=C=[N-])C#N,[C4MPy][C(CN)3],p-xylene,Cc1ccc(C)cc1,aromatic,n-octane,CCCCCCCC,alkane,0.92840713,0.03919608,0.03239676,0.0,0.0418,0.9582,101.325,0.125,172,328.2,5.0,above,0-5 K,0.8576782,0.13459776,0.007724033,0.003829866,0.22682601,0.76934415
no,3-methyl-N-butylpyridinium tricyanomethanide,CCCC[n+]1cccc(C)c1.N#CC(=C=[N-])C#N,[C4MPy][C(CN)3],p-xylene,Cc1ccc(C)cc1,aromatic,n-octane,CCCCCCCC,alkane,0.8957,0.0726,0.0317,0.0,0.0898,0.9102,101.325,0.25,172,328.2,5.0,above,0-5 K,0.83262235,0.15843123,0.0089464085,0.0039680954,0.2549482,0.74108374
no,3-methyl-N-butylpyridinium tricyanomethanide,CCCC[n+]1cccc(C)c1.N#CC(=C=[N-])C#N,[C4MPy][C(CN)3],p-xylene,Cc1ccc(C)cc1,aromatic,n-octane,CCCCCCCC,alkane,0.8858886,0.080608055,0.03350335,0.0,0.1025,0.8975,101.325,0.375,172,328.2,5.0,above,0-5 K,0.8043241,0.18539566,0.010280312,0.0040317154,0.28522182,0.7107465
no,3-methyl-N-butylpyridinium tricyanomethanide,CCCC[n+]1cccc(C)c1.N#CC(=C=[N-])C#N,[C4MPy][C(CN)3],p-xylene,Cc1ccc(C)cc1,aromatic,n-octane,CCCCCCCC,alkane,0.85660005,0.11050001,0.032900006,0.0,0.1448,0.8552,101.325,0.5,172,328.2,5.0,above,0-5 K,0.7723698,0.21583804,0.011792191,0.004179223,0.31783095,0.67798984
no,3-methyl-N-butylpyridinium tricyanomethanide,CCCC[n+]1cccc(C)c1.N#CC(=C=[N-])C#N,[C4MPy][C(CN)3],p-xylene,Cc1ccc(C)cc1,aromatic,n-octane,CCCCCCCC,alkane,0.75560004,0.21530001,0.029100003,0.0,0.3115,0.6885,101.325,0.625,172,328.2,5.0,above,0-5 K,0.7369021,0.24961191,0.013485986,0.004423445,0.35248038,0.64309615
no,3-methyl-N-butylpyridinium tricyanomethanide,CCCC[n+]1cccc(C)c1.N#CC(=C=[N-])C#N,[C4MPy][C(CN)3],p-xylene,Cc1ccc(C)cc1,aromatic,n-octane,CCCCCCCC,alkane,0.6649335,0.30766922,0.02739726,0.0,0.4873,0.5127,101.325,0.75,172,328.2,5.0,above,0-5 K,0.6981642,0.28652593,0.015309831,0.0046545425,0.38868785,0.6066576
no,3-methyl-N-butylpyridinium tricyanomethanide,CCCC[n+]1cccc(C)c1.N#CC(=C=[N-])C#N,[C4MPy][C(CN)3],p-xylene,Cc1ccc(C)cc1,aromatic,n-octane,CCCCCCCC,alkane,0.5722,0.407,0.0208,0.0,0.7122,0.2878,101.325,0.875,172,328.2,5.0,above,0-5 K,0.6644264,0.31856388,0.017009655,0.00508703,0.42447796,0.570435
no,3-methyl-N-butylpyridinium tricyanomethanide,CCCC[n+]1cccc(C)c1.N#CC(=C=[N-])C#N,[C4MPy][C(CN)3],p-xylene,Cc1ccc(C)cc1,aromatic,n-octane,CCCCCCCC,alkane,0.4551,0.5449,0.0,0.0,1.0,0.0,101.325,1.0,172,328.2,5.0,above,0-5 K,0.62075144,0.36022484,0.019023731,0.005286328,0.46250397,0.5322097
,1-butyl-3-methylimidazolium hexafluorophosphate,CCCCn1cc[n+](C)c1.F[P-](F)(F)(F)(F)F,[C4MIm][PF6],n-propylbenzene,CCCc1ccccc1,aromatic,n-dodecane,CCCCCCCCCCCC,alkane,0.9351,0.0478,0.0171,0.0,0.1128,0.8872,101.325,0.0,224,333.0,9.800000000000011,above,5-10 K,0.9210148,0.071602665,0.0073825046,0.0034753091,0.25342724,0.74309736
,1-butyl-3-methylimidazolium hexafluorophosphate,CCCCn1cc[n+](C)c1.F[P-](F)(F)(F)(F)F,[C4MIm][PF6],n-propylbenzene,CCCc1ccccc1,aromatic,n-dodecane,CCCCCCCCCCCC,alkane,0.8913,0.0912,0.0175,0.0,0.2029,0.7971,101.325,0.11111111,224,333.0,9.800000000000011,above,5-10 K,0.9059756,0.08531933,0.008705036,0.003763434,0.27577272,0.7204638
,1-butyl-3-methylimidazolium hexafluorophosphate,CCCCn1cc[n+](C)c1.F[P-](F)(F)(F)(F)F,[C4MIm][PF6],n-propylbenzene,CCCc1ccccc1,aromatic,n-dodecane,CCCCCCCCCCCC,alkane,0.8507,0.1312,0.0181,0.0,0.2762,0.7238,101.325,0.22222222,224,333.0,9.800000000000011,above,5-10 K,0.88974696,0.100136995,0.010116026,0.0040046014,0.2998873,0.69610816
,1-butyl-3-methylimidazolium hexafluorophosphate,CCCCn1cc[n+](C)c1.F[P-](F)(F)(F)(F)F,[C4MIm][PF6],n-propylbenzene,CCCc1ccccc1,aromatic,n-dodecane,CCCCCCCCCCCC,alkane,0.8093,0.1722,0.0185,0.0,0.3352,0.6648,101.325,0.33333334,224,333.0,9.800000000000011,above,5-10 K,0.8722735,0.116058,0.011668491,0.004378752,0.3253126,0.6703086
,1-butyl-3-methylimidazolium hexafluorophosphate,CCCCn1cc[n+](C)c1.F[P-](F)(F)(F)(F)F,[C4MIm][PF6],n-propylbenzene,CCCc1ccccc1,aromatic,n-dodecane,CCCCCCCCCCCC,alkane,0.7746,0.2068,0.0186,0.0,0.3865,0.6135,101.325,0.44444445,224,333.0,9.800000000000011,above,5-10 K,0.8527706,0.13378581,0.013443533,0.004937438,0.35133684,0.64372575
,1-butyl-3-methylimidazolium hexafluorophosphate,CCCCn1cc[n+](C)c1.F[P-](F)(F)(F)(F)F,[C4MIm][PF6],n-propylbenzene,CCCc1ccccc1,aromatic,n-dodecane,CCCCCCCCCCCC,alkane,0.741,0.2402,0.0188,0.0,0.4299,0.5701,101.325,0.5555556,224,333.0,9.800000000000011,above,5-10 K,0.83082193,0.15385512,0.015322948,0.005173215,0.37881342,0.6160133
,1-butyl-3-methylimidazolium hexafluorophosphate,CCCCn1cc[n+](C)c1.F[P-](F)(F)(F)(F)F,[C4MIm][PF6],n-propylbenzene,CCCc1ccccc1,aromatic,n-dodecane,CCCCCCCCCCCC,alkane,0.7123,0.2687,0.019,0.0,0.4684,0.5316,101.325,0.6666667,224,333.0,9.800000000000011,above,5-10 K,0.8064682,0.17614329,0.017388433,0.005403,0.4069975,0.58759946
,1-butyl-3-methylimidazolium hexafluorophosphate,CCCCn1cc[n+](C)c1.F[P-](F)(F)(F)(F)F,[C4MIm][PF6],n-propylbenzene,CCCc1ccccc1,aromatic,n-dodecane,CCCCCCCCCCCC,alkane,0.6816,0.2991,0.0193,0.0,0.5006,0.4994,101.325,0.7777778,224,333.0,9.800000000000011,above,5-10 K,0.7794144,0.20092629,0.019659309,0.0056227427,0.43593457,0.55844265
,1-butyl-3-methylimidazolium hexafluorophosphate,CCCCn1cc[n+](C)c1.F[P-](F)(F)(F)(F)F,[C4MIm][PF6],n-propylbenzene,CCCc1ccccc1,aromatic,n-dodecane,CCCCCCCCCCCC,alkane,0.65340006,0.32700002,0.019600002,0.0,0.5292,0.4708,101.325,0.8888889,224,333.0,9.800000000000011,above,5-10 K,0.74941957,0.22850989,0.022070566,0.005616906,0.46590772,0.5284754
,1-butyl-3-methylimidazolium hexafluorophosphate,CCCCn1cc[n+](C)c1.F[P-](F)(F)(F)(F)F,[C4MIm][PF6],n-propylbenzene,CCCc1ccccc1,aromatic,n-dodecane,CCCCCCCCCCCC,alkane,0.6276,0.3528,0.0196,0.0,0.5547,0.4453,101.325,1.0,224,333.0,9.800000000000011,above,5-10 K,0.71591455,0.2594365,0.024648992,0.0053761606,0.49712187,0.497502
,1-butyl-3-methylimidazolium hexafluorophosphate,CCCCn1cc[n+](C)c1.F[P-](F)(F)(F)(F)F,[C4MIm][PF6],n-propylbenzene,CCCc1ccccc1,aromatic,n-tetradecane,CCCCCCCCCCCCCC,alkane,0.929,0.061,0.01,0.0,0.117,0.883,101.325,0.0,226,333.0,9.800000000000011,above,5-10 K,0.9217793,0.07116312,0.007057571,0.00326578,0.241736,0.75499827
,1-butyl-3-methylimidazolium hexafluorophosphate,CCCCn1cc[n+](C)c1.F[P-](F)(F)(F)(F)F,[C4MIm][PF6],n-propylbenzene,CCCc1ccccc1,aromatic,n-tetradecane,CCCCCCCCCCCCCC,alkane,0.87700003,0.11200001,0.011000001,0.0,0.211,0.789,101.325,0.125,226,333.0,9.800000000000011,above,5-10 K,0.9070356,0.084652334,0.008312015,0.003498506,0.2675143,0.7289872
,1-butyl-3-methylimidazolium hexafluorophosphate,CCCCn1cc[n+](C)c1.F[P-](F)(F)(F)(F)F,[C4MIm][PF6],n-propylbenzene,CCCc1ccccc1,aromatic,n-tetradecane,CCCCCCCCCCCCCC,alkane,0.829,0.159,0.012,0.0,0.287,0.713,101.325,0.25,226,333.0,9.800000000000011,above,5-10 K,0.8897823,0.10045318,0.009764465,0.0037349924,0.29512632,0.7011388
,1-butyl-3-methylimidazolium hexafluorophosphate,CCCCn1cc[n+](C)c1.F[P-](F)(F)(F)(F)F,[C4MIm][PF6],n-propylbenzene,CCCc1ccccc1,aromatic,n-tetradecane,CCCCCCCCCCCCCC,alkane,0.788,0.2,0.012,0.0,0.35,0.65,101.325,0.375,226,333.0,9.800000000000011,above,5-10 K,0.87072355,0.117987916,0.011288629,0.003671653,0.3242569,0.6720714
,1-butyl-3-methylimidazolium hexafluorophosphate,CCCCn1cc[n+](C)c1.F[P-](F)(F)(F)(F)F,[C4MIm][PF6],n-propylbenzene,CCCc1ccccc1,aromatic,n-tetradecane,CCCCCCCCCCCCCC,alkane,0.751,0.237,0.012,0.0,0.403,0.597,101.325,0.5,226,333.0,9.800000000000011,above,5-10 K,0.8477732,0.13905774,0.013169093,0.0038860247,0.35509717,0.64101684
,1-butyl-3-methylimidazolium hexafluorophosphate,CCCCn1cc[n+](C)c1.F[P-](F)(F)(F)(F)F,[C4MIm][PF6],n-propylbenzene,CCCc1ccccc1,aromatic,n-tetradecane,CCCCCCCCCCCCCC,alkane,0.716,0.272,0.012,0.0,0.448,0.552,101.325,0.625,226,333.0,9.800000000000011,above,5-10 K,0.8216287,0.16308232,0.015288924,0.004095361,0.38717687,0.6087278
,1-butyl-3-methylimidazolium hexafluorophosphate,CCCCn1cc[n+](C)c1.F[P-](F)(F)(F)(F)F,[C4MIm][PF6],n-propylbenzene,CCCc1ccccc1,aromatic,n-tetradecane,CCCCCCCCCCCCCC,alkane,0.684,0.303,0.013,0.0,0.487,0.513,101.325,0.75,226,333.0,9.800000000000011,above,5-10 K,0.79213065,0.1902201,0.017649256,0.004294627,0.42029127,0.57541406
,1-butyl-3-methylimidazolium hexafluorophosphate,CCCCn1cc[n+](C)c1.F[P-](F)(F)(F)(F)F,[C4MIm][PF6],n-propylbenzene,CCCc1ccccc1,aromatic,n-tetradecane,CCCCCCCCCCCCCC,alkane,0.653,0.334,0.013,0.0,0.519,0.481,101.325,0.875,226,333.0,9.800000000000011,above,5-10 K,0.75927746,0.22047378,0.02024875,0.004482283,0.45404238,0.54147536
,1-butyl-3-methylimidazolium hexafluorophosphate,CCCCn1cc[n+](C)c1.F[P-](F)(F)(F)(F)F,[C4MIm][PF6],n-propylbenzene,CCCc1ccccc1,aromatic,n-tetradecane,CCCCCCCCCCCCCC,alkane,0.623,0.364,0.013,0.0,0.547,0.453,101.325,1.0,226,333.0,9.800000000000011,above,5-10 K,0.72469115,0.2519677,0.023341145,0.005676502,0.48405838,0.5102651
,1-butyl-3-methylimidazolium hexafluorophosphate,CCCCn1cc[n+](C)c1.F[P-](F)(F)(F)(F)F,[C4MIm][PF6],n-butylbenzene,CCCCc1ccccc1,aromatic,n-dodecane,CCCCCCCCCCCC,alkane,0.942,0.0379,0.0201,0.0,0.1059,0.8941,101.325,0.0,228,333.0,9.800000000000011,above,5-10 K,0.92692435,0.06543493,0.0076407655,0.0038613454,0.26275593,0.73338276
,1-butyl-3-methylimidazolium hexafluorophosphate,CCCCn1cc[n+](C)c1.F[P-](F)(F)(F)(F)F,[C4MIm][PF6],n-butylbenzene,CCCCc1ccccc1,aromatic,n-dodecane,CCCCCCCCCCCC,alkane,0.908,0.0715,0.0205,0.0,0.1926,0.8074,101.325,0.09090909,228,333.0,9.800000000000011,above,5-10 K,0.9173813,0.07403,0.008588708,0.004048463,0.28069156,0.71525997
,1-butyl-3-methylimidazolium hexafluorophosphate,CCCCn1cc[n+](C)c1.F[P-](F)(F)(F)(F)F,[C4MIm][PF6],n-butylbenzene,CCCCc1ccccc1,aromatic,n-dodecane,CCCCCCCCCCCC,alkane,0.87810004,0.10080001,0.021100001,0.0,0.2651,0.7349,101.325,0.18181819,228,333.0,9.800000000000011,above,5-10 K,0.9068283,0.08360362,0.0095680365,0.0039511323,0.29965207,0.6963968
,1-butyl-3-methylimidazolium hexafluorophosphate,CCCCn1cc[n+](C)c1.F[P-](F)(F)(F)(F)F,[C4MIm][PF6],n-butylbenzene,CCCCc1ccccc1,aromatic,n-dodecane,CCCCCCCCCCCC,alkane,0.8505,0.128,0.0215,0.0,0.3259,0.6741,101.325,0.27272728,228,333.0,9.800000000000011,above,5-10 K,0.8949057,0.09439708,0.010697231,0.003984888,0.3194009,0.6766142
,1-butyl-3-methylimidazolium hexafluorophosphate,CCCCn1cc[n+](C)c1.F[P-](F)(F)(F)(F)F,[C4MIm][PF6],n-butylbenzene,CCCCc1ccccc1,aromatic,n-dodecane,CCCCCCCCCCCC,alkane,0.8261,0.1523,0.0216,0.0,0.3779,0.6221,101.325,0.36363637,228,333.0,9.800000000000011,above,5-10 K,0.88160366,0.10641509,0.01198115,0.004155499,0.33970952,0.65613496
,1-butyl-3-methylimidazolium hexafluorophosphate,CCCCn1cc[n+](C)c1.F[P-](F)(F)(F)(F)F,[C4MIm][PF6],n-butylbenzene,CCCCc1ccccc1,aromatic,n-dodecane,CCCCCCCCCCCC,alkane,0.80420005,0.17400001,0.021800002,0.0,0.423,0.577,101.325,0.45454547,228,333.0,9.800000000000011,above,5-10 K,0.8668693,0.1197404,0.013390299,0.00432436,0.36058936,0.63508624
,1-butyl-3-methylimidazolium hexafluorophosphate,CCCCn1cc[n+](C)c1.F[P-](F)(F)(F)(F)F,[C4MIm][PF6],n-butylbenzene,CCCCc1ccccc1,aromatic,n-dodecane,CCCCCCCCCCCC,alkane,0.7832,0.1948,0.022,0.0,0.462,0.538,101.325,0.54545456,228,333.0,9.800000000000011,above,5-10 K,0.85141325,0.13379954,0.01478717,0.004173154,0.38248867,0.6133382
,1-butyl-3-methylimidazolium hexafluorophosphate,CCCCn1cc[n+](C)c1.F[P-](F)(F)(F)(F)F,[C4MIm][PF6],n-butylbenzene,CCCCc1ccccc1,aromatic,n-dodecane,CCCCCCCCCCCC,alkane,0.7638,0.2139,0.0223,0.0,0.4963,0.5037,101.325,0.6363636,228,333.0,9.800000000000011,above,5-10 K,0.83360434,0.14993632,0.01645934,0.004323779,0.4044965,0.59117967
,1-butyl-3-methylimidazolium hexafluorophosphate,CCCCn1cc[n+](C)c1.F[P-](F)(F)(F)(F)F,[C4MIm][PF6],n-butylbenzene,CCCCc1ccccc1,aromatic,n-dodecane,CCCCCCCCCCCC,alkane,0.7458,0.2316,0.0226,0.0,0.5267,0.4733,101.325,0.72727275,228,333.0,9.800000000000011,above,5-10 K,0.81409484,0.16762875,0.018276356,0.0044716396,0.42691666,0.5686117
,1-butyl-3-methylimidazolium hexafluorophosphate,CCCCn1cc[n+](C)c1.F[P-](F)(F)(F)(F)F,[C4MIm][PF6],n-butylbenzene,CCCCc1ccccc1,aromatic,n-dodecane,CCCCCCCCCCCC,alkane,0.7291,0.2483,0.0226,0.0,0.5537,0.4463,101.325,0.8181818,228,333.0,9.800000000000011,above,5-10 K,0.79911447,0.18107557,0.019810032,0.004763956,0.4527,0.542536
,1-butyl-3-methylimidazolium hexafluorophosphate,CCCCn1cc[n+](C)c1.F[P-](F)(F)(F)(F)F,[C4MIm][PF6],n-butylbenzene,CCCCc1ccccc1,aromatic,n-dodecane,CCCCCCCCCCCC,alkane,0.7127,0.2644,0.0229,0.0,0.5778,0.4222,101.325,0.90909094,228,333.0,9.800000000000011,above,5-10 K,0.7766767,0.20143798,0.021885263,0.004902093,0.47554103,0.5195569
,1-butyl-3-methylimidazolium hexafluorophosphate,CCCCn1cc[n+](C)c1.F[P-](F)(F)(F)(F)F,[C4MIm][PF6],n-butylbenzene,CCCCc1ccccc1,aromatic,n-dodecane,CCCCCCCCCCCC,alkane,0.67350006,0.30330002,0.023200002,0.0,0.6379,0.3621,101.325,1.0,228,333.0,9.800000000000011,above,5-10 K,0.7525704,0.22333492,0.024094678,0.0050309473,0.4984699,0.49649915
,1-hexyl-3-methylimidazolium hexafluorophosphate,CCCCCCn1cc[n+](C)c1.F[P-](F)(F)(F)(F)F,[C6MIm][PF6],n-butylbenzene,CCCCc1ccccc1,aromatic,n-dodecane,CCCCCCCCCCCC,alkane,0.9336,0.0453,0.0211,0.0,0.1029,0.8971,101.325,0.0,233,333.0,9.800000000000011,above,5-10 K,0.9023013,0.08614209,0.011556524,0.004599311,0.24515808,0.7502426
,1-hexyl-3-methylimidazolium hexafluorophosphate,CCCCCCn1cc[n+](C)c1.F[P-](F)(F)(F)(F)F,[C6MIm][PF6],n-butylbenzene,CCCCc1ccccc1,aromatic,n-dodecane,CCCCCCCCCCCC,alkane,0.8931,0.0854,0.0215,0.0,0.1873,0.8127,101.325,0.09090909,233,333.0,9.800000000000011,above,5-10 K,0.89025885,0.09681573,0.01292545,0.004831969,0.26193804,0.73323
,1-hexyl-3-methylimidazolium hexafluorophosphate,CCCCCCn1cc[n+](C)c1.F[P-](F)(F)(F)(F)F,[C6MIm][PF6],n-butylbenzene,CCCCc1ccccc1,aromatic,n-dodecane,CCCCCCCCCCCC,alkane,0.8579,0.12,0.0221,0.0,0.2585,0.7415,101.325,0.18181819,233,333.0,9.800000000000011,above,5-10 K,0.8768432,0.108723424,0.014433461,0.005057799,0.27953503,0.7154072
,1-hexyl-3-methylimidazolium hexafluorophosphate,CCCCCCn1cc[n+](C)c1.F[P-](F)(F)(F)(F)F,[C6MIm][PF6],n-butylbenzene,CCCCc1ccccc1,aromatic,n-dodecane,CCCCCCCCCCCC,alkane,0.8262,0.1513,0.0225,0.0,0.3187,0.6813,101.325,0.27272728,233,333.0,9.800000000000011,above,5-10 K,0.8619045,0.12190937,0.016186142,0.0055301315,0.29839805,0.6960718
,1-hexyl-3-methylimidazolium hexafluorophosphate,CCCCCCn1cc[n+](C)c1.F[P-](F)(F)(F)(F)F,[C6MIm][PF6],n-butylbenzene,CCCCc1ccccc1,aromatic,n-dodecane,CCCCCCCCCCCC,alkane,0.7992,0.1782,0.0226,0.0,0.3708,0.6292,101.325,0.36363637,233,333.0,9.800000000000011,above,5-10 K,0.8456419,0.13631187,0.01804619,0.005891446,0.31762204,0.67648655
,1-hexyl-3-methylimidazolium hexafluorophosphate,CCCCCCn1cc[n+](C)c1.F[P-](F)(F)(F)(F)F,[C6MIm][PF6],n-butylbenzene,CCCCc1ccccc1,aromatic,n-dodecane,CCCCCCCCCCCC,alkane,0.7744,0.2028,0.0228,0.0,0.4158,0.5842,101.325,0.45454547,233,333.0,9.800000000000011,above,5-10 K,0.827943,0.152043,0.020013997,0.0061314832,0.33721396,0.65665454
,1-hexyl-3-methylimidazolium hexafluorophosphate,CCCCCCn1cc[n+](C)c1.F[P-](F)(F)(F)(F)F,[C6MIm][PF6],n-butylbenzene,CCCCc1ccccc1,aromatic,n-dodecane,CCCCCCCCCCCC,alkane,0.7502,0.2268,0.023,0.0,0.4546,0.5454,101.325,0.54545456,233,333.0,9.800000000000011,above,5-10 K,0.8087557,0.16911364,0.022130746,0.0063673644,0.35731107,0.63632154
,1-hexyl-3-methylimidazolium hexafluorophosphate,CCCCCCn1cc[n+](C)c1.F[P-](F)(F)(F)(F)F,[C6MIm][PF6],n-butylbenzene,CCCCc1ccccc1,aromatic,n-dodecane,CCCCCCCCCCCC,alkane,0.7302,0.2465,0.0233,0.0,0.4895,0.5105,101.325,0.6363636,233,333.0,9.800000000000011,above,5-10 K,0.78777826,0.18770662,0.02451515,0.006754088,0.37768832,0.6155576
,1-hexyl-3-methylimidazolium hexafluorophosphate,CCCCCCn1cc[n+](C)c1.F[P-](F)(F)(F)(F)F,[C6MIm][PF6],n-butylbenzene,CCCCc1ccccc1,aromatic,n-dodecane,CCCCCCCCCCCC,alkane,0.709,0.2674,0.0236,0.0,0.5196,0.4804,101.325,0.72727275,233,333.0,9.800000000000011,above,5-10 K,0.7653306,0.20765008,0.027019365,0.0070688003,0.39859882,0.5943324
,1-hexyl-3-methylimidazolium hexafluorophosphate,CCCCCCn1cc[n+](C)c1.F[P-](F)(F)(F)(F)F,[C6MIm][PF6],n-butylbenzene,CCCCc1ccccc1,aromatic,n-dodecane,CCCCCCCCCCCC,alkane,0.6925,0.2839,0.0236,0.0,0.5473,0.4527,101.325,0.8181818,233,333.0,9.800000000000011,above,5-10 K,0.74138665,0.22899179,0.029621618,0.0072972123,0.42005596,0.5726468
,1-hexyl-3-methylimidazolium hexafluorophosphate,CCCCCCn1cc[n+](C)c1.F[P-](F)(F)(F)(F)F,[C6MIm][PF6],n-butylbenzene,CCCCc1ccccc1,aromatic,n-dodecane,CCCCCCCCCCCC,alkane,0.67570007,0.30040002,0.023900002,0.0,0.5718,0.4282,101.325,0.90909094,233,333.0,9.800000000000011,above,5-10 K,0.71607345,0.25157872,0.03234785,0.0075174663,0.44169506,0.55078745
,1-hexyl-3-methylimidazolium hexafluorophosphate,CCCCCCn1cc[n+](C)c1.F[P-](F)(F)(F)(F)F,[C6MIm][PF6],n-butylbenzene,CCCCc1ccccc1,aromatic,n-dodecane,CCCCCCCCCCCC,alkane,0.6291,0.3467,0.0242,0.0,0.6315,0.3685,101.325,1.0,233,333.0,9.800000000000011,above,5-10 K,0.68943024,0.27526525,0.035304517,0.007870019,0.4631207,0.5290093
,1-methyl-3-octyl-imidazolium hexafluorophosphate,CCCCCCCCn1cc[n+](C)c1.F[P-](F)(F)(F)(F)F,[C8MIm][PF6],n-butylbenzene,CCCCc1ccccc1,aromatic,n-dodecane,CCCCCCCCCCCC,alkane,0.9006,0.0723,0.0271,0.0,0.1006,0.8994,101.325,0.0,240,333.0,9.800000000000011,above,5-10 K,0.8687011,0.11325138,0.018047534,0.006673534,0.2295751,0.76375145
,1-methyl-3-octyl-imidazolium hexafluorophosphate,CCCCCCCCn1cc[n+](C)c1.F[P-](F)(F)(F)(F)F,[C8MIm][PF6],n-butylbenzene,CCCCc1ccccc1,aromatic,n-dodecane,CCCCCCCCCCCC,alkane,0.83910006,0.13340001,0.027500002,0.0,0.1836,0.8164,101.325,0.1,240,333.0,9.800000000000011,above,5-10 K,0.8521998,0.12757535,0.020224819,0.0070200036,0.24655837,0.7464216
,1-methyl-3-octyl-imidazolium hexafluorophosphate,CCCCCCCCn1cc[n+](C)c1.F[P-](F)(F)(F)(F)F,[C8MIm][PF6],n-butylbenzene,CCCCc1ccccc1,aromatic,n-dodecane,CCCCCCCCCCCC,alkane,0.7855,0.1864,0.0281,0.0,0.2528,0.7472,101.325,0.2,240,333.0,9.800000000000011,above,5-10 K,0.8340595,0.14333399,0.02260658,0.007372394,0.2643559,0.7282717
,1-methyl-3-octyl-imidazolium hexafluorophosphate,CCCCCCCCn1cc[n+](C)c1.F[P-](F)(F)(F)(F)F,[C8MIm][PF6],n-butylbenzene,CCCCc1ccccc1,aromatic,n-dodecane,CCCCCCCCCCCC,alkane,0.7398,0.2317,0.0285,0.0,0.3118,0.6882,101.325,0.3,240,333.0,9.800000000000011,above,5-10 K,0.81611717,0.15974456,0.024138317,0.006164034,0.28185135,0.7119846
,1-methyl-3-octyl-imidazolium hexafluorophosphate,CCCCCCCCn1cc[n+](C)c1.F[P-](F)(F)(F)(F)F,[C8MIm][PF6],n-butylbenzene,CCCCc1ccccc1,aromatic,n-dodecane,CCCCCCCCCCCC,alkane,0.6993,0.2721,0.0286,0.0,0.3622,0.6378,101.325,0.4,240,333.0,9.800000000000011,above,5-10 K,0.79422283,0.17889792,0.026879195,0.006454836,0.30162057,0.6919246
,1-methyl-3-octyl-imidazolium hexafluorophosphate,CCCCCCCCn1cc[n+](C)c1.F[P-](F)(F)(F)(F)F,[C8MIm][PF6],n-butylbenzene,CCCCc1ccccc1,aromatic,n-dodecane,CCCCCCCCCCCC,alkane,0.6629,0.3083,0.0288,0.0,0.4059,0.5941,101.325,0.5,240,333.0,9.800000000000011,above,5-10 K,0.77044857,0.1997164,0.029835032,0.006746853,0.3222024,0.6710507
,1-methyl-3-octyl-imidazolium hexafluorophosphate,CCCCCCCCn1cc[n+](C)c1.F[P-](F)(F)(F)(F)F,[C8MIm][PF6],n-butylbenzene,CCCCc1ccccc1,aromatic,n-dodecane,CCCCCCCCCCCC,alkane,0.63030005,0.34070003,0.029000001,0.0,0.4441,0.5559,101.325,0.6,240,333.0,9.800000000000011,above,5-10 K,0.7452085,0.22180219,0.032989223,0.0070638736,0.34337476,0.64956135
,1-methyl-3-octyl-imidazolium hexafluorophosphate,CCCCCCCCn1cc[n+](C)c1.F[P-](F)(F)(F)(F)F,[C8MIm][PF6],n-butylbenzene,CCCCc1ccccc1,aromatic,n-dodecane,CCCCCCCCCCCC,alkane,0.6007,0.37,0.0293,0.0,0.4778,0.5222,101.325,0.7,240,333.0,9.800000000000011,above,5-10 K,0.71810967,0.24555117,0.036339145,0.0073630237,0.36520612,0.6274308
,1-methyl-3-octyl-imidazolium hexafluorophosphate,CCCCCCCCn1cc[n+](C)c1.F[P-](F)(F)(F)(F)F,[C8MIm][PF6],n-butylbenzene,CCCCc1ccccc1,aromatic,n-dodecane,CCCCCCCCCCCC,alkane,0.5707,0.3997,0.0296,0.0,0.5068,0.4932,101.325,0.8,240,333.0,9.800000000000011,above,5-10 K,0.6892681,0.27088585,0.039846048,0.0076423544,0.38756648,0.6047912
,1-methyl-3-octyl-imidazolium hexafluorophosphate,CCCCCCCCn1cc[n+](C)c1.F[P-](F)(F)(F)(F)F,[C8MIm][PF6],n-butylbenzene,CCCCc1ccccc1,aromatic,n-dodecane,CCCCCCCCCCCC,alkane,0.5466,0.4238,0.0296,0.0,0.5336,0.4664,101.325,0.9,240,333.0,9.800000000000011,above,5-10 K,0.6562734,0.29968607,0.044040475,0.0085683055,0.40859327,0.5828384
,1-methyl-3-octyl-imidazolium hexafluorophosphate,CCCCCCCCn1cc[n+](C)c1.F[P-](F)(F)(F)(F)F,[C8MIm][PF6],n-butylbenzene,CCCCc1ccccc1,aromatic,n-dodecane,CCCCCCCCCCCC,alkane,0.5232,0.4469,0.0299,0.0,0.5574,0.4426,101.325,1.0,240,333.0,9.800000000000011,above,5-10 K,0.6216223,0.3296769,0.04870075,0.010252368,0.42762148,0.56212616
,1-ethyl-3-methylimidazolium methylsulfate,CCn1cc[n+](C)c1.COS(=O)(=O)[O-],[C2MIm][MeSO4],n-propylbenzene,CCCc1ccccc1,aromatic,n-dodecane,CCCCCCCCCCCC,alkane,0.9721,0.0252,0.0027,0.0,0.1234,0.8766,101.325,0.0,244,333.0,9.800000000000011,above,5-10 K,0.98706925,0.011869182,0.0010615657,0.0010590086,0.25935692,0.7395841
,1-ethyl-3-methylimidazolium methylsulfate,CCn1cc[n+](C)c1.COS(=O)(=O)[O-],[C2MIm][MeSO4],n-propylbenzene,CCCc1ccccc1,aromatic,n-dodecane,CCCCCCCCCCCC,alkane,0.9483,0.0487,0.003,0.0,0.22,0.78,101.325,0.11111111,244,333.0,9.800000000000011,above,5-10 K,0.98480934,0.013965037,0.0012256652,0.0010347986,0.28190866,0.7170566
,1-ethyl-3-methylimidazolium methylsulfate,CCn1cc[n+](C)c1.COS(=O)(=O)[O-],[C2MIm][MeSO4],n-propylbenzene,CCCc1ccccc1,aromatic,n-dodecane,CCCCCCCCCCCC,alkane,0.9226,0.074,0.0034,0.0,0.2961,0.7039,101.325,0.22222222,244,333.0,9.800000000000011,above,5-10 K,0.98203677,0.016534016,0.0014292904,0.0010519832,0.3059551,0.69299287
,1-ethyl-3-methylimidazolium methylsulfate,CCn1cc[n+](C)c1.COS(=O)(=O)[O-],[C2MIm][MeSO4],n-propylbenzene,CCCc1ccccc1,aromatic,n-dodecane,CCCCCCCCCCCC,alkane,0.8985,0.0978,0.0037,0.0,0.3587,0.6413,101.325,0.33333334,244,333.0,9.800000000000011,above,5-10 K,0.97864133,0.01967699,0.0016817118,0.0011139688,0.33127564,0.66761047
,1-ethyl-3-methylimidazolium methylsulfate,CCn1cc[n+](C)c1.COS(=O)(=O)[O-],[C2MIm][MeSO4],n-propylbenzene,CCCc1ccccc1,aromatic,n-dodecane,CCCCCCCCCCCC,alkane,0.8752,0.1207,0.0041,0.0,0.4111,0.5889,101.325,0.44444445,244,333.0,9.800000000000011,above,5-10 K,0.9746166,0.023405805,0.0019776062,0.0011758921,0.3577104,0.64111376
,1-ethyl-3-methylimidazolium methylsulfate,CCn1cc[n+](C)c1.COS(=O)(=O)[O-],[C2MIm][MeSO4],n-propylbenzene,CCCc1ccccc1,aromatic,n-dodecane,CCCCCCCCCCCC,alkane,0.8535,0.142,0.0045,0.0,0.4557,0.5443,101.325,0.5555556,244,333.0,9.800000000000011,above,5-10 K,0.969827,0.027840044,0.002332988,0.0012647196,0.38490504,0.6138302
,1-ethyl-3-methylimidazolium methylsulfate,CCn1cc[n+](C)c1.COS(=O)(=O)[O-],[C2MIm][MeSO4],n-propylbenzene,CCCc1ccccc1,aromatic,n-dodecane,CCCCCCCCCCCC,alkane,0.8324,0.1627,0.0049,0.0,0.4939,0.5061,101.325,0.6666667,244,333.0,9.800000000000011,above,5-10 K,0.96421194,0.033051375,0.0027367042,0.0013262075,0.4130004,0.5856734
,1-ethyl-3-methylimidazolium methylsulfate,CCn1cc[n+](C)c1.COS(=O)(=O)[O-],[C2MIm][MeSO4],n-propylbenzene,CCCc1ccccc1,aromatic,n-dodecane,CCCCCCCCCCCC,alkane,0.8133,0.1814,0.0053,0.0,0.5275,0.4725,101.325,0.7777778,244,333.0,9.800000000000011,above,5-10 K,0.9575492,0.039240703,0.0032100838,0.0013866534,0.44191757,0.55669576
,1-ethyl-3-methylimidazolium methylsulfate,CCn1cc[n+](C)c1.COS(=O)(=O)[O-],[C2MIm][MeSO4],n-propylbenzene,CCCc1ccccc1,aromatic,n-dodecane,CCCCCCCCCCCC,alkane,0.792,0.2024,0.0056,0.0,0.556,0.444,101.325,0.8888889,244,333.0,9.800000000000011,above,5-10 K,0.94971496,0.046524584,0.0037604044,0.0014449047,0.47119692,0.5273582
,1-ethyl-3-methylimidazolium methylsulfate,CCn1cc[n+](C)c1.COS(=O)(=O)[O-],[C2MIm][MeSO4],n-propylbenzene,CCCc1ccccc1,aromatic,n-dodecane,CCCCCCCCCCCC,alkane,0.7707,0.2234,0.0059,0.0,0.5811,0.4189,101.325,1.0,244,333.0,9.800000000000011,above,5-10 K,0.9405082,0.055091985,0.0043998496,0.0014999178,0.50084406,0.49765605
,1-ethyl-3-methylimidazolium methylsulfate,CCn1cc[n+](C)c1.COS(=O)(=O)[O-],[C2MIm][MeSO4],n-propylbenzene,CCCc1ccccc1,aromatic,n-tetradecane,CCCCCCCCCCCCCC,alkane,0.9662,0.0317,0.0021,0.0,0.1335,0.8665,101.325,0.0,246,333.0,9.800000000000011,above,5-10 K,0.98777676,0.0112620285,0.00096123986,0.00088834425,0.25074676,0.7483649
,1-ethyl-3-methylimidazolium methylsulfate,CCn1cc[n+](C)c1.COS(=O)(=O)[O-],[C2MIm][MeSO4],n-propylbenzene,CCCc1ccccc1,aromatic,n-tetradecane,CCCCCCCCCCCCCC,alkane,0.9366,0.061,0.0024,0.0,0.236,0.764,101.325,0.11111111,246,333.0,9.800000000000011,above,5-10 K,0.9854488,0.013418759,0.0011324179,0.000946685,0.27344522,0.7256081
,1-ethyl-3-methylimidazolium methylsulfate,CCn1cc[n+](C)c1.COS(=O)(=O)[O-],[C2MIm][MeSO4],n-propylbenzene,CCCc1ccccc1,aromatic,n-tetradecane,CCCCCCCCCCCCCC,alkane,0.906,0.0913,0.0027,0.0,0.3153,0.6847,101.325,0.22222222,246,333.0,9.800000000000011,above,5-10 K,0.98405796,0.014725276,0.0012166777,0.0008596161,0.2972741,0.70186627
,1-ethyl-3-methylimidazolium methylsulfate,CCn1cc[n+](C)c1.COS(=O)(=O)[O-],[C2MIm][MeSO4],n-propylbenzene,CCCc1ccccc1,aromatic,n-tetradecane,CCCCCCCCCCCCCC,alkane,0.8772,0.1197,0.0031,0.0,0.3797,0.6203,101.325,0.33333334,246,333.0,9.800000000000011,above,5-10 K,0.9809731,0.017590696,0.0014361633,0.0009112447,0.32281977,0.676269
,1-ethyl-3-methylimidazolium methylsulfate,CCn1cc[n+](C)c1.COS(=O)(=O)[O-],[C2MIm][MeSO4],n-propylbenzene,CCCc1ccccc1,aromatic,n-tetradecane,CCCCCCCCCCCCCC,alkane,0.853,0.1437,0.0033,0.0,0.4343,0.5657,101.325,0.44444445,246,333.0,9.800000000000011,above,5-10 K,0.97730565,0.021000972,0.0016934294,0.00096265314,0.34957078,0.6494666
,1-ethyl-3-methylimidazolium methylsulfate,CCn1cc[n+](C)c1.COS(=O)(=O)[O-],[C2MIm][MeSO4],n-propylbenzene,CCCc1ccccc1,aromatic,n-tetradecane,CCCCCCCCCCCCCC,alkane,0.8262,0.1701,0.0037,0.0,0.4786,0.5214,101.325,0.5555556,246,333.0,9.800000000000011,above,5-10 K,0.9729719,0.025032505,0.0019955672,0.001015555,0.3773723,0.6216122
,1-ethyl-3-methylimidazolium methylsulfate,CCn1cc[n+](C)c1.COS(=O)(=O)[O-],[C2MIm][MeSO4],n-propylbenzene,CCCc1ccccc1,aromatic,n-tetradecane,CCCCCCCCCCCCCC,alkane,0.8044,0.1916,0.004,0.0,0.5177,0.4823,101.325,0.6666667,246,333.0,9.800000000000011,above,5-10 K,0.9678659,0.029784715,0.0023493157,0.0010702043,0.40594852,0.5929812
,1-ethyl-3-methylimidazolium methylsulfate,CCn1cc[n+](C)c1.COS(=O)(=O)[O-],[C2MIm][MeSO4],n-propylbenzene,CCCc1ccccc1,aromatic,n-tetradecane,CCCCCCCCCCCCCC,alkane,0.78,0.2157,0.0043,0.0,0.5502,0.4498,101.325,0.7777778,246,333.0,9.800000000000011,above,5-10 K,0.961736,0.03549849,0.0027654183,0.0011193199,0.4354124,0.5634683
,1-ethyl-3-methylimidazolium methylsulfate,CCn1cc[n+](C)c1.COS(=O)(=O)[O-],[C2MIm][MeSO4],n-propylbenzene,CCCc1ccccc1,aromatic,n-tetradecane,CCCCCCCCCCCCCC,alkane,0.755,0.2403,0.0047,0.0,0.578,0.422,101.325,0.8888889,246,333.0,9.800000000000011,above,5-10 K,0.9544999,0.04224992,0.0032502178,0.0011663421,0.46533662,0.53349704
,1-ethyl-3-methylimidazolium methylsulfate,CCn1cc[n+](C)c1.COS(=O)(=O)[O-],[C2MIm][MeSO4],n-propylbenzene,CCCc1ccccc1,aromatic,n-tetradecane,CCCCCCCCCCCCCC,alkane,0.7336,0.2614,0.005,0.0,0.6032,0.3968,101.325,1.0,246,333.0,9.800000000000011,above,5-10 K,0.9417329,0.05408425,0.004182917,0.0015827512,0.4925441,0.5058731
,1-butyl-3-methylimidazolium methylsulfate,CCCCn1cc[n+](C)c1.COS(=O)(=O)[O-],[C4MIm][MeSO4],benzene,c1ccccc1,aromatic,n-hexane,CCCCCC,alkane,0.9174,0.0635,0.0191,0.0,0.0706,0.9294,101.325,0.0,249,328.2,5.0,above,0-5 K,0.9285502,0.066567495,0.004882325,0.0028505563,0.16333453,0.83381486
,1-butyl-3-methylimidazolium methylsulfate,CCCCn1cc[n+](C)c1.COS(=O)(=O)[O-],[C4MIm][MeSO4],benzene,c1ccccc1,aromatic,n-hexane,CCCCCC,alkane,0.8787,0.1026,0.0187,0.0,0.1189,0.8811,101.325,0.14285715,249,328.2,5.0,above,0-5 K,0.91237086,0.08173816,0.0058908886,0.0030035265,0.18943809,0.80755836
,1-butyl-3-methylimidazolium methylsulfate,CCCCn1cc[n+](C)c1.COS(=O)(=O)[O-],[C4MIm][MeSO4],benzene,c1ccccc1,aromatic,n-hexane,CCCCCC,alkane,0.8445,0.1374,0.0181,0.0,0.1704,0.8296,101.325,0.2857143,249,328.2,5.0,above,0-5 K,0.8927146,0.10022344,0.0070618656,0.0030148232,0.21915647,0.7778287
,1-butyl-3-methylimidazolium methylsulfate,CCCCn1cc[n+](C)c1.COS(=O)(=O)[O-],[C4MIm][MeSO4],benzene,c1ccccc1,aromatic,n-hexane,CCCCCC,alkane,0.8096,0.1728,0.0176,0.0,0.2289,0.7711,101.325,0.42857143,249,328.2,5.0,above,0-5 K,0.8692556,0.12223683,0.008507587,0.00328307,0.2519555,0.7447614
,1-butyl-3-methylimidazolium methylsulfate,CCCCn1cc[n+](C)c1.COS(=O)(=O)[O-],[C4MIm][MeSO4],benzene,c1ccccc1,aromatic,n-hexane,CCCCCC,alkane,0.7758,0.2069,0.0173,0.0,0.2825,0.7175,101.325,0.5714286,249,328.2,5.0,above,0-5 K,0.8415951,0.14821208,0.010192824,0.0035519737,0.28791696,0.7085311
,1-butyl-3-methylimidazolium methylsulfate,CCCCn1cc[n+](C)c1.COS(=O)(=O)[O-],[C4MIm][MeSO4],benzene,c1ccccc1,aromatic,n-hexane,CCCCCC,alkane,0.7575,0.2258,0.0167,0.0,0.3314,0.6686,101.325,0.71428573,249,328.2,5.0,above,0-5 K,0.8093278,0.17854372,0.012128483,0.003815197,0.32688352,0.6693013
,1-butyl-3-methylimidazolium methylsulfate,CCCCn1cc[n+](C)c1.COS(=O)(=O)[O-],[C4MIm][MeSO4],benzene,c1ccccc1,aromatic,n-hexane,CCCCCC,alkane,0.7281,0.2554,0.0165,0.0,0.388,0.612,101.325,0.85714287,249,328.2,5.0,above,0-5 K,0.7725029,0.21319067,0.014306468,0.004064892,0.36820042,0.6277347
,1-butyl-3-methylimidazolium methylsulfate,CCCCn1cc[n+](C)c1.COS(=O)(=O)[O-],[C4MIm][MeSO4],benzene,c1ccccc1,aromatic,n-hexane,CCCCCC,alkane,0.7052,0.2786,0.0162,0.0,0.4502,0.5498,101.325,1.0,249,328.2,5.0,above,0-5 K,0.730779,0.25248602,0.016734952,0.0042965785,0.41170722,0.5839962
,1-butyl-3-methylimidazolium methylsulfate,CCCCn1cc[n+](C)c1.COS(=O)(=O)[O-],[C4MIm][MeSO4],toluene,Cc1ccccc1,aromatic,n-heptane,CCCCCCC,alkane,0.9843,0.0041,0.0116,0.0,0.0178,0.9822,101.325,0.0,254,348.2,25.0,above,>20 K,0.97117907,0.027026318,0.0017945947,0.0017313993,0.22054073,0.77772784
,1-butyl-3-methylimidazolium methylsulfate,CCCCn1cc[n+](C)c1.COS(=O)(=O)[O-],[C4MIm][MeSO4],toluene,Cc1ccccc1,aromatic,n-heptane,CCCCCCC,alkane,0.97040004,0.018900001,0.010700001,1e-04,0.0562,0.9437,101.325,0.1,254,348.2,25.0,above,>20 K,0.96609646,0.031797122,0.0021064458,0.0019939002,0.24143676,0.7565694
,1-butyl-3-methylimidazolium methylsulfate,CCCCn1cc[n+](C)c1.COS(=O)(=O)[O-],[C4MIm][MeSO4],toluene,Cc1ccccc1,aromatic,n-heptane,CCCCCCC,alkane,0.96070004,0.029000001,0.010300001,0.0,0.0918,0.9082,101.325,0.2,254,348.2,25.0,above,>20 K,0.9606008,0.036973428,0.0024257468,0.0021156657,0.26396006,0.7339242
,1-butyl-3-methylimidazolium methylsulfate,CCCCn1cc[n+](C)c1.COS(=O)(=O)[O-],[C4MIm][MeSO4],toluene,Cc1ccccc1,aromatic,n-heptane,CCCCCCC,alkane,0.94640005,0.042600002,0.011000001,0.0026,0.1359,0.8615,101.325,0.3,254,348.2,25.0,above,>20 K,0.9542379,0.042969733,0.0027922816,0.0022393656,0.28786045,0.70990014
,1-butyl-3-methylimidazolium methylsulfate,CCCCn1cc[n+](C)c1.COS(=O)(=O)[O-],[C4MIm][MeSO4],toluene,Cc1ccccc1,aromatic,n-heptane,CCCCCCC,alkane,0.9423,0.0476,0.0101,0.0,0.1528,0.8472,101.325,0.4,254,348.2,25.0,above,>20 K,0.94704217,0.049754377,0.0032034372,0.00236103,0.31280443,0.68483454
,1-butyl-3-methylimidazolium methylsulfate,CCCCn1cc[n+](C)c1.COS(=O)(=O)[O-],[C4MIm][MeSO4],toluene,Cc1ccccc1,aromatic,n-heptane,CCCCCCC,alkane,0.89750004,0.09260001,0.009900001,0.0,0.3008,0.6992,101.325,0.5,254,348.2,25.0,above,>20 K,0.9386292,0.057692926,0.0036778075,0.0024826662,0.33924103,0.6582763
,1-butyl-3-methylimidazolium methylsulfate,CCCCn1cc[n+](C)c1.COS(=O)(=O)[O-],[C4MIm][MeSO4],toluene,Cc1ccccc1,aromatic,n-heptane,CCCCCCC,alkane,0.8595,0.1313,0.0092,0.0,0.4366,0.5634,101.325,0.6,254,348.2,25.0,above,>20 K,0.9289496,0.06683177,0.0042185998,0.0026023777,0.36678493,0.6306127
,1-butyl-3-methylimidazolium methylsulfate,CCCCn1cc[n+](C)c1.COS(=O)(=O)[O-],[C4MIm][MeSO4],toluene,Cc1ccccc1,aromatic,n-heptane,CCCCCCC,alkane,0.822,0.1684,0.0096,0.0065,0.5494,0.4441,101.325,0.7,254,348.2,25.0,above,>20 K,0.9180707,0.07710797,0.0048213755,0.0027154558,0.3950272,0.6022573
,1-butyl-3-methylimidazolium methylsulfate,CCCCn1cc[n+](C)c1.COS(=O)(=O)[O-],[C4MIm][MeSO4],toluene,Cc1ccccc1,aromatic,n-heptane,CCCCCCC,alkane,0.7684,0.2245,0.0071,0.0039,0.7075,0.2886,101.325,0.8,254,348.2,25.0,above,>20 K,0.9055538,0.08893906,0.005507111,0.002825208,0.42406705,0.5731078
,1-butyl-3-methylimidazolium methylsulfate,CCCCn1cc[n+](C)c1.COS(=O)(=O)[O-],[C4MIm][MeSO4],toluene,Cc1ccccc1,aromatic,n-heptane,CCCCCCC,alkane,0.7569,0.2387,0.0044,0.0003,0.8243,0.1754,101.325,0.9,254,348.2,25.0,above,>20 K,0.89127773,0.102441035,0.0062811864,0.0029296188,0.45384163,0.54322875
,1-butyl-3-methylimidazolium methylsulfate,CCCCn1cc[n+](C)c1.COS(=O)(=O)[O-],[C4MIm][MeSO4],toluene,Cc1ccccc1,aromatic,n-heptane,CCCCCCC,alkane,0.6568,0.3431,1e-04,0.0,0.9967,0.0033,101.325,1.0,254,348.2,25.0,above,>20 K,0.87538975,0.11747619,0.007133996,0.0030219802,0.48377165,0.51320636
,"1,3-dimethylimidazolium methylsulfate",COS(=O)(=O)[O-].Cn1cc[n+](C)c1,[C1MIm][MeSO4],toluene,Cc1ccccc1,aromatic,n-heptane,CCCCCCC,alkane,0.9988,0.0,0.0012,0.0053,0.0,0.9947,101.325,0.0,259,348.2,25.0,above,>20 K,0.9838966,0.015301567,0.0008017944,0.0010095531,0.22370142,0.77528906
,"1,3-dimethylimidazolium methylsulfate",COS(=O)(=O)[O-].Cn1cc[n+](C)c1,[C1MIm][MeSO4],toluene,Cc1ccccc1,aromatic,n-heptane,CCCCCCC,alkane,0.99480003,0.0039000001,0.0013000001,0.0369,0.0595,0.9036,101.325,0.05,259,348.2,25.0,above,>20 K,0.98255366,0.016582387,0.0008639025,0.0010425507,0.23455393,0.7644035
,"1,3-dimethylimidazolium methylsulfate",COS(=O)(=O)[O-].Cn1cc[n+](C)c1,[C1MIm][MeSO4],toluene,Cc1ccccc1,aromatic,n-heptane,CCCCCCC,alkane,0.9887,0.0101,0.0012,0.0187,0.1242,0.8571,101.325,0.1,259,348.2,25.0,above,>20 K,0.9809403,0.0181219,0.00093782233,0.0010907544,0.24629799,0.7526113
,"1,3-dimethylimidazolium methylsulfate",COS(=O)(=O)[O-].Cn1cc[n+](C)c1,[C1MIm][MeSO4],toluene,Cc1ccccc1,aromatic,n-heptane,CCCCCCC,alkane,0.986,0.0126,0.0014,0.0203,0.1725,0.8072,101.325,0.15,259,348.2,25.0,above,>20 K,0.9793565,0.019632775,0.0010106614,0.0011248654,0.25788468,0.74099046
,"1,3-dimethylimidazolium methylsulfate",COS(=O)(=O)[O-].Cn1cc[n+](C)c1,[C1MIm][MeSO4],toluene,Cc1ccccc1,aromatic,n-heptane,CCCCCCC,alkane,0.9805,0.0184,0.0011,0.0198,0.2326,0.7476,101.325,0.2,259,348.2,25.0,above,>20 K,0.9776388,0.021272877,0.0010883531,0.001158647,0.26990914,0.7289322
,"1,3-dimethylimidazolium methylsulfate",COS(=O)(=O)[O-].Cn1cc[n+](C)c1,[C1MIm][MeSO4],toluene,Cc1ccccc1,aromatic,n-heptane,CCCCCCC,alkane,0.9768,0.0219,0.0013,0.014,0.2727,0.7133,101.325,0.25,259,348.2,25.0,above,>20 K,0.9758453,0.022984179,0.001170475,0.0011930234,0.2820488,0.71675813
,"1,3-dimethylimidazolium methylsulfate",COS(=O)(=O)[O-].Cn1cc[n+](C)c1,[C1MIm][MeSO4],toluene,Cc1ccccc1,aromatic,n-heptane,CCCCCCC,alkane,0.9722,0.0266,0.0012,0.0155,0.3349,0.6496,101.325,0.3,259,348.2,25.0,above,>20 K,0.97384167,0.024898132,0.0012601154,0.0012270329,0.29479575,0.7039772
,"1,3-dimethylimidazolium methylsulfate",COS(=O)(=O)[O-].Cn1cc[n+](C)c1,[C1MIm][MeSO4],toluene,Cc1ccccc1,aromatic,n-heptane,CCCCCCC,alkane,0.9713,0.0278,0.0009,0.0143,0.3885,0.5972,101.325,0.35,259,348.2,25.0,above,>20 K,0.97167736,0.026965385,0.001357309,0.0012614476,0.30785212,0.69088644
,"1,3-dimethylimidazolium methylsulfate",COS(=O)(=O)[O-].Cn1cc[n+](C)c1,[C1MIm][MeSO4],toluene,Cc1ccccc1,aromatic,n-heptane,CCCCCCC,alkane,0.9643,0.0346,0.0011,0.016,0.4367,0.5473,101.325,0.4,259,348.2,25.0,above,>20 K,0.9694119,0.029129626,0.0014584669,0.0012942702,0.3210699,0.6776358
,"1,3-dimethylimidazolium methylsulfate",COS(=O)(=O)[O-].Cn1cc[n+](C)c1,[C1MIm][MeSO4],toluene,Cc1ccccc1,aromatic,n-heptane,CCCCCCC,alkane,0.95860004,0.040400002,0.0010000002,0.0332,0.4806,0.4862,101.325,0.45,259,348.2,25.0,above,>20 K,0.96689665,0.031534072,0.0015692492,0.0013280992,0.3347375,0.6639344
,"1,3-dimethylimidazolium methylsulfate",COS(=O)(=O)[O-].Cn1cc[n+](C)c1,[C1MIm][MeSO4],toluene,Cc1ccccc1,aromatic,n-heptane,CCCCCCC,alkane,0.9558,0.0434,0.0008,0.0125,0.5356,0.4519,101.325,0.5,259,348.2,25.0,above,>20 K,0.96417224,0.034138564,0.0016892782,0.0013617335,0.3487783,0.64985996
,"1,3-dimethylimidazolium methylsulfate",COS(=O)(=O)[O-].Cn1cc[n+](C)c1,[C1MIm][MeSO4],toluene,Cc1ccccc1,aromatic,n-heptane,CCCCCCC,alkane,0.95680004,0.042300005,0.00090000004,0.021,0.5901,0.3889,101.325,0.55,259,348.2,25.0,above,>20 K,0.9612997,0.036885597,0.0018147373,0.0013934213,0.36292547,0.6356811
,"1,3-dimethylimidazolium methylsulfate",COS(=O)(=O)[O-].Cn1cc[n+](C)c1,[C1MIm][MeSO4],toluene,Cc1ccccc1,aromatic,n-heptane,CCCCCCC,alkane,0.9495,0.0499,0.0006,0.0,0.6651,0.3349,101.325,0.6,259,348.2,25.0,above,>20 K,0.9581439,0.039903637,0.0019524548,0.0014258333,0.377495,0.62107915
,"1,3-dimethylimidazolium methylsulfate",COS(=O)(=O)[O-].Cn1cc[n+](C)c1,[C1MIm][MeSO4],toluene,Cc1ccccc1,aromatic,n-heptane,CCCCCCC,alkane,0.9377,0.0616,0.0007,0.0058,0.6977,0.2965,101.325,0.65,259,348.2,25.0,above,>20 K,0.9547351,0.04316565,0.0020993298,0.0014579927,0.3922645,0.6062775
,"1,3-dimethylimidazolium methylsulfate",COS(=O)(=O)[O-].Cn1cc[n+](C)c1,[C1MIm][MeSO4],toluene,Cc1ccccc1,aromatic,n-heptane,CCCCCCC,alkane,0.9372,0.0622,0.0006,0.0008,0.7452,0.254,101.325,0.7,259,348.2,25.0,above,>20 K,0.95039064,0.04732432,0.0022850938,0.0014424552,0.40784365,0.59071386
,"1,3-dimethylimidazolium methylsulfate",COS(=O)(=O)[O-].Cn1cc[n+](C)c1,[C1MIm][MeSO4],toluene,Cc1ccccc1,aromatic,n-heptane,CCCCCCC,alkane,0.9336,0.0659,0.0005,0.0004,0.7853,0.2143,101.325,0.75,259,348.2,25.0,above,>20 K,0.9460272,0.051502947,0.0024698277,0.0014450772,0.42323866,0.5753163
,"1,3-dimethylimidazolium methylsulfate",COS(=O)(=O)[O-].Cn1cc[n+](C)c1,[C1MIm][MeSO4],toluene,Cc1ccccc1,aromatic,n-heptane,CCCCCCC,alkane,0.9277,0.0716,0.0007,0.0,0.8285,0.1715,101.325,0.8,259,348.2,25.0,above,>20 K,0.94168586,0.05566067,0.0026535098,0.0014730529,0.43864253,0.5598845
,"1,3-dimethylimidazolium methylsulfate",COS(=O)(=O)[O-].Cn1cc[n+](C)c1,[C1MIm][MeSO4],toluene,Cc1ccccc1,aromatic,n-heptane,CCCCCCC,alkane,0.9227,0.0768,0.0005,0.0,0.876,0.124,101.325,0.85,259,348.2,25.0,above,>20 K,0.93719673,0.059962537,0.0028407415,0.001487678,0.45435888,0.54415345
,"1,3-dimethylimidazolium methylsulfate",COS(=O)(=O)[O-].Cn1cc[n+](C)c1,[C1MIm][MeSO4],toluene,Cc1ccccc1,aromatic,n-heptane,CCCCCCC,alkane,0.9209,0.0787,0.0004,0.0,0.9242,0.0758,101.325,0.9,259,348.2,25.0,above,>20 K,0.93231946,0.06463587,0.003044601,0.0015070979,0.46998248,0.5285104
,"1,3-dimethylimidazolium methylsulfate",COS(=O)(=O)[O-].Cn1cc[n+](C)c1,[C1MIm][MeSO4],toluene,Cc1ccccc1,aromatic,n-heptane,CCCCCCC,alkane,0.9171,0.0826,0.0003,0.0,0.9611,0.0389,101.325,0.95,259,348.2,25.0,above,>20 K,0.92688584,0.069844134,0.0032700377,0.0015314962,0.48586172,0.5126068
,"1,3-dimethylimidazolium methylsulfate",COS(=O)(=O)[O-].Cn1cc[n+](C)c1,[C1MIm][MeSO4],toluene,Cc1ccccc1,aromatic,n-heptane,CCCCCCC,alkane,0.8953,0.1047,0.0,0.0,1.0,0.0,101.325,1.0,259,348.2,25.0,above,>20 K,0.92099655,0.07546467,0.0035388463,0.0017253548,0.49916664,0.49910805
,"1,3-dimethylimidazolium methylsulfate",COS(=O)(=O)[O-].Cn1cc[n+](C)c1,[C1MIm][MeSO4],n-propylbenzene,CCCc1ccccc1,aromatic,n-dodecane,CCCCCCCCCCCC,alkane,0.9695,0.0268,0.0037,0.0,0.1204,0.8796,101.325,0.0,261,333.0,9.800000000000011,above,5-10 K,0.98745733,0.0115524465,0.0009901925,0.0009747824,0.26090258,0.73812264
,"1,3-dimethylimidazolium methylsulfate",COS(=O)(=O)[O-].Cn1cc[n+](C)c1,[C1MIm][MeSO4],n-propylbenzene,CCCc1ccccc1,aromatic,n-dodecane,CCCCCCCCCCCC,alkane,0.9427,0.0531,0.0042,0.0,0.2143,0.7857,101.325,0.1,261,333.0,9.800000000000011,above,5-10 K,0.9853226,0.013529941,0.0011474607,0.0010310581,0.2816926,0.71727633
,"1,3-dimethylimidazolium methylsulfate",COS(=O)(=O)[O-].Cn1cc[n+](C)c1,[C1MIm][MeSO4],n-propylbenzene,CCCc1ccccc1,aromatic,n-dodecane,CCCCCCCCCCCC,alkane,0.91770005,0.077800006,0.0045000003,0.0,0.2904,0.7096,101.325,0.2,261,333.0,9.800000000000011,above,5-10 K,0.9813163,0.01723058,0.0014530097,0.0012030007,0.30698356,0.69181347
,"1,3-dimethylimidazolium methylsulfate",COS(=O)(=O)[O-].Cn1cc[n+](C)c1,[C1MIm][MeSO4],n-propylbenzene,CCCc1ccccc1,aromatic,n-dodecane,CCCCCCCCCCCC,alkane,0.8934,0.1014,0.0052,0.0,0.353,0.647,101.325,0.3,261,333.0,9.800000000000011,above,5-10 K,0.9772406,0.021002099,0.0017573193,0.0013303013,0.33154082,0.6671289
,"1,3-dimethylimidazolium methylsulfate",COS(=O)(=O)[O-].Cn1cc[n+](C)c1,[C1MIm][MeSO4],n-propylbenzene,CCCc1ccccc1,aromatic,n-dodecane,CCCCCCCCCCCC,alkane,0.8687,0.1256,0.0057,0.0,0.4047,0.5953,101.325,0.4,261,333.0,9.800000000000011,above,5-10 K,0.973444,0.024524935,0.0020311303,0.0013966329,0.35528806,0.64331526
,"1,3-dimethylimidazolium methylsulfate",COS(=O)(=O)[O-].Cn1cc[n+](C)c1,[C1MIm][MeSO4],n-propylbenzene,CCCc1ccccc1,aromatic,n-dodecane,CCCCCCCCCCCC,alkane,0.8462,0.1477,0.0061,0.0,0.4491,0.5509,101.325,0.5,261,333.0,9.800000000000011,above,5-10 K,0.9689997,0.028651763,0.0023485613,0.0014630712,0.379974,0.61856294
,"1,3-dimethylimidazolium methylsulfate",COS(=O)(=O)[O-].Cn1cc[n+](C)c1,[C1MIm][MeSO4],n-propylbenzene,CCCc1ccccc1,aromatic,n-dodecane,CCCCCCCCCCCC,alkane,0.8236,0.1699,0.0065,0.0,0.4869,0.5131,101.325,0.6,261,333.0,9.800000000000011,above,5-10 K,0.9638443,0.033442065,0.0027136083,0.0015286764,0.40530306,0.59316826
,"1,3-dimethylimidazolium methylsulfate",COS(=O)(=O)[O-].Cn1cc[n+](C)c1,[C1MIm][MeSO4],n-propylbenzene,CCCc1ccccc1,aromatic,n-dodecane,CCCCCCCCCCCC,alkane,0.8025,0.1907,0.0068,0.0,0.52,0.48,101.325,0.7,261,333.0,9.800000000000011,above,5-10 K,0.95786476,0.03900277,0.0031324688,0.0015925644,0.4312103,0.5671972
,"1,3-dimethylimidazolium methylsulfate",COS(=O)(=O)[O-].Cn1cc[n+](C)c1,[C1MIm][MeSO4],n-propylbenzene,CCCc1ccccc1,aromatic,n-dodecane,CCCCCCCCCCCC,alkane,0.7823,0.2106,0.0071,0.0,0.5491,0.4509,101.325,0.8,261,333.0,9.800000000000011,above,5-10 K,0.9509804,0.045410074,0.003609497,0.0016541627,0.45742363,0.54092216
,"1,3-dimethylimidazolium methylsulfate",COS(=O)(=O)[O-].Cn1cc[n+](C)c1,[C1MIm][MeSO4],n-propylbenzene,CCCc1ccccc1,aromatic,n-dodecane,CCCCCCCCCCCC,alkane,0.762,0.2305,0.0075,0.0,0.5746,0.4254,101.325,0.9,261,333.0,9.800000000000011,above,5-10 K,0.9478848,0.048336897,0.0037783117,0.0015486502,0.48130772,0.5171436
,"1,3-dimethylimidazolium methylsulfate",COS(=O)(=O)[O-].Cn1cc[n+](C)c1,[C1MIm][MeSO4],n-propylbenzene,CCCc1ccccc1,aromatic,n-dodecane,CCCCCCCCCCCC,alkane,0.7436,0.2486,0.0078,0.0,0.5976,0.4024,101.325,1.0,261,333.0,9.800000000000011,above,5-10 K,0.942009,0.05383885,0.004152186,0.0015200347,0.5065717,0.49190828
,"1,3-dimethylimidazolium methylsulfate",COS(=O)(=O)[O-].Cn1cc[n+](C)c1,[C1MIm][MeSO4],n-propylbenzene,CCCc1ccccc1,aromatic,n-tetradecane,CCCCCCCCCCCCCC,alkane,0.9641,0.0334,0.0025,0.0,0.1294,0.8706,101.325,0.0,263,333.0,9.800000000000011,above,5-10 K,0.98822683,0.010876795,0.00089632976,0.0009034125,0.2539397,0.7451569
,"1,3-dimethylimidazolium methylsulfate",COS(=O)(=O)[O-].Cn1cc[n+](C)c1,[C1MIm][MeSO4],n-propylbenzene,CCCc1ccccc1,aromatic,n-tetradecane,CCCCCCCCCCCCCC,alkane,0.9342,0.063,0.0028,0.0,0.2305,0.7695,101.325,0.11111111,263,333.0,9.800000000000011,above,5-10 K,0.9860763,0.012876242,0.0010474586,0.00094693,0.27683854,0.7222145
,"1,3-dimethylimidazolium methylsulfate",COS(=O)(=O)[O-].Cn1cc[n+](C)c1,[C1MIm][MeSO4],n-propylbenzene,CCCc1ccccc1,aromatic,n-tetradecane,CCCCCCCCCCCCCC,alkane,0.90610003,0.09080001,0.0031000003,0.0,0.3105,0.6895,101.325,0.22222222,263,333.0,9.800000000000011,above,5-10 K,0.98400056,0.014805659,0.0011937679,0.0010407992,0.30482435,0.6941349
,"1,3-dimethylimidazolium methylsulfate",COS(=O)(=O)[O-].Cn1cc[n+](C)c1,[C1MIm][MeSO4],n-propylbenzene,CCCc1ccccc1,aromatic,n-tetradecane,CCCCCCCCCCCCCC,alkane,0.8794,0.1171,0.0035,0.0,0.3756,0.6244,101.325,0.33333334,263,333.0,9.800000000000011,above,5-10 K,0.98099583,0.017604187,0.0014000676,0.0011014563,0.33332077,0.66557777
,"1,3-dimethylimidazolium methylsulfate",COS(=O)(=O)[O-].Cn1cc[n+](C)c1,[C1MIm][MeSO4],n-propylbenzene,CCCc1ccccc1,aromatic,n-tetradecane,CCCCCCCCCCCCCC,alkane,0.8517,0.1445,0.0038,0.0,0.4281,0.5719,101.325,0.44444445,263,333.0,9.800000000000011,above,5-10 K,0.977243,0.021097213,0.0016598868,0.0011732032,0.3604758,0.63835096
,"1,3-dimethylimidazolium methylsulfate",COS(=O)(=O)[O-].Cn1cc[n+](C)c1,[C1MIm][MeSO4],n-propylbenzene,CCCc1ccccc1,aromatic,n-tetradecane,CCCCCCCCCCCCCC,alkane,0.8291,0.1668,0.0041,0.0,0.4741,0.5259,101.325,0.5555556,263,333.0,9.800000000000011,above,5-10 K,0.9726501,0.025373098,0.0019768698,0.0012583256,0.3886927,0.610049
,"1,3-dimethylimidazolium methylsulfate",COS(=O)(=O)[O-].Cn1cc[n+](C)c1,[C1MIm][MeSO4],n-propylbenzene,CCCc1ccccc1,aromatic,n-tetradecane,CCCCCCCCCCCCCC,alkane,0.8033,0.1923,0.0044,0.0,0.5115,0.4885,101.325,0.6666667,263,333.0,9.800000000000011,above,5-10 K,0.96743506,0.03023794,0.0023270755,0.0013182231,0.41756564,0.58111614
,"1,3-dimethylimidazolium methylsulfate",COS(=O)(=O)[O-].Cn1cc[n+](C)c1,[C1MIm][MeSO4],n-propylbenzene,CCCc1ccccc1,aromatic,n-tetradecane,CCCCCCCCCCCCCC,alkane,0.7778,0.2174,0.0048,0.0,0.5436,0.4564,101.325,0.7777778,263,333.0,9.800000000000011,above,5-10 K,0.96124345,0.036018673,0.00273783,0.0013761574,0.44721043,0.5514134
,"1,3-dimethylimidazolium methylsulfate",COS(=O)(=O)[O-].Cn1cc[n+](C)c1,[C1MIm][MeSO4],n-propylbenzene,CCCc1ccccc1,aromatic,n-tetradecane,CCCCCCCCCCCCCC,alkane,0.7546,0.2403,0.0051,0.0,0.572,0.428,101.325,0.8888889,263,333.0,9.800000000000011,above,5-10 K,0.95394033,0.04284272,0.003217018,0.0014314558,0.4771869,0.5213817
,"1,3-dimethylimidazolium methylsulfate",COS(=O)(=O)[O-].Cn1cc[n+](C)c1,[C1MIm][MeSO4],n-propylbenzene,CCCc1ccccc1,aromatic,n-tetradecane,CCCCCCCCCCCCCC,alkane,0.7316,0.2629,0.0055,0.0,0.5968,0.4032,101.325,1.0,263,333.0,9.800000000000011,above,5-10 K,0.9445738,0.05158339,0.0038428176,0.0015515992,0.5074933,0.49095508
,1-ethyl-3-methylimidazolium ethylsulfate,CCOS(=O)(=O)[O-].CCn1cc[n+](C)c1,[C2MIm][EtSO4],benzene,c1ccccc1,aromatic,n-hexane,CCCCCC,alkane,0.959,0.032,0.009,0.0,0.067,0.933,101.325,0.0,271,328.2,5.0,above,0-5 K,0.94133234,0.054981183,0.0036864544,0.0027147974,0.16629843,0.8309868
,1-ethyl-3-methylimidazolium ethylsulfate,CCOS(=O)(=O)[O-].CCn1cc[n+](C)c1,[C2MIm][EtSO4],benzene,c1ccccc1,aromatic,n-hexane,CCCCCC,alkane,0.925,0.066,0.009,0.0,0.135,0.865,101.325,0.14285715,271,328.2,5.0,above,0-5 K,0.92774683,0.067770444,0.004482655,0.002963235,0.19277789,0.8042588
,1-ethyl-3-methylimidazolium ethylsulfate,CCOS(=O)(=O)[O-].CCn1cc[n+](C)c1,[C2MIm][EtSO4],benzene,c1ccccc1,aromatic,n-hexane,CCCCCC,alkane,0.905,0.086,0.009,0.0,0.18,0.82,101.325,0.2857143,271,328.2,5.0,above,0-5 K,0.911462,0.08311995,0.005418103,0.0031915302,0.22235705,0.7744514
,1-ethyl-3-methylimidazolium ethylsulfate,CCOS(=O)(=O)[O-].CCn1cc[n+](C)c1,[C2MIm][EtSO4],benzene,c1ccccc1,aromatic,n-hexane,CCCCCC,alkane,0.875,0.116,0.009,0.0,0.244,0.756,101.325,0.42857143,271,328.2,5.0,above,0-5 K,0.8914763,0.10195837,0.00656543,0.0034727114,0.25548926,0.741038
,1-ethyl-3-methylimidazolium ethylsulfate,CCOS(=O)(=O)[O-].CCn1cc[n+](C)c1,[C2MIm][EtSO4],benzene,c1ccccc1,aromatic,n-hexane,CCCCCC,alkane,0.852,0.139,0.009,0.0,0.303,0.697,101.325,0.5714286,271,328.2,5.0,above,0-5 K,0.867699,0.124393076,0.00790793,0.003751347,0.2916951,0.70455354
,1-ethyl-3-methylimidazolium ethylsulfate,CCOS(=O)(=O)[O-].CCn1cc[n+](C)c1,[C2MIm][EtSO4],benzene,c1ccccc1,aromatic,n-hexane,CCCCCC,alkane,0.831,0.161,0.008,0.0,0.36,0.64,101.325,0.71428573,271,328.2,5.0,above,0-5 K,0.83803564,0.15225007,0.009714229,0.0043867636,0.33062074,0.6649925
,1-ethyl-3-methylimidazolium ethylsulfate,CCOS(=O)(=O)[O-].CCn1cc[n+](C)c1,[C2MIm][EtSO4],benzene,c1ccccc1,aromatic,n-hexane,CCCCCC,alkane,0.803,0.189,0.008,0.0,0.429,0.571,101.325,0.85714287,271,328.2,5.0,above,0-5 K,0.80543584,0.18303111,0.011533001,0.004667381,0.37191498,0.6234176
,1-ethyl-3-methylimidazolium ethylsulfate,CCOS(=O)(=O)[O-].CCn1cc[n+](C)c1,[C2MIm][EtSO4],benzene,c1ccccc1,aromatic,n-hexane,CCCCCC,alkane,0.787,0.205,0.008,0.0,0.474,0.526,101.325,1.0,271,328.2,5.0,above,0-5 K,0.7679956,0.21841165,0.013592777,0.0049250904,0.41532108,0.5797539
,1-ethyl-3-methylimidazolium ethylsulfate,CCOS(=O)(=O)[O-].CCn1cc[n+](C)c1,[C2MIm][EtSO4],toluene,Cc1ccccc1,aromatic,n-heptane,CCCCCCC,alkane,0.9948,0.0,0.0052,0.0087,0.0,0.9913,101.325,0.0,279,348.2,25.0,above,>20 K,0.97688967,0.02173036,0.0013799804,0.0019076453,0.22759522,0.77049714
,1-ethyl-3-methylimidazolium ethylsulfate,CCOS(=O)(=O)[O-].CCn1cc[n+](C)c1,[C2MIm][EtSO4],toluene,Cc1ccccc1,aromatic,n-heptane,CCCCCCC,alkane,0.9822,0.0124,0.0054,0.0035,0.0601,0.9364,101.325,0.05,279,348.2,25.0,above,>20 K,0.975065,0.02345299,0.001482025,0.0019667018,0.2381249,0.75990844
,1-ethyl-3-methylimidazolium ethylsulfate,CCOS(=O)(=O)[O-].CCn1cc[n+](C)c1,[C2MIm][EtSO4],toluene,Cc1ccccc1,aromatic,n-heptane,CCCCCCC,alkane,0.9713,0.0229,0.0058,0.0266,0.1059,0.8675,101.325,0.1,279,348.2,25.0,above,>20 K,0.9730918,0.025316663,0.0015915387,0.002026,0.24902381,0.74895024
,1-ethyl-3-methylimidazolium ethylsulfate,CCOS(=O)(=O)[O-].CCn1cc[n+](C)c1,[C2MIm][EtSO4],toluene,Cc1ccccc1,aromatic,n-heptane,CCCCCCC,alkane,0.96110004,0.033300005,0.0056000003,0.0374,0.1395,0.8231,101.325,0.15,279,348.2,25.0,above,>20 K,0.97089696,0.027385348,0.0017177159,0.0021098943,0.26034462,0.7375455
,1-ethyl-3-methylimidazolium ethylsulfate,CCOS(=O)(=O)[O-].CCn1cc[n+](C)c1,[C2MIm][EtSO4],toluene,Cc1ccccc1,aromatic,n-heptane,CCCCCCC,alkane,0.9476,0.0465,0.0059,0.0357,0.2096,0.7547,101.325,0.2,279,348.2,25.0,above,>20 K,0.9685713,0.029580574,0.001848123,0.0021827552,0.27192667,0.7258906
,1-ethyl-3-methylimidazolium ethylsulfate,CCOS(=O)(=O)[O-].CCn1cc[n+](C)c1,[C2MIm][EtSO4],toluene,Cc1ccccc1,aromatic,n-heptane,CCCCCCC,alkane,0.941,0.0536,0.0054,0.0415,0.2456,0.7129,101.325,0.25,279,348.2,25.0,above,>20 K,0.96609926,0.031916548,0.0019842219,0.0022446131,0.2838205,0.71393484
,1-ethyl-3-methylimidazolium ethylsulfate,CCOS(=O)(=O)[O-].CCn1cc[n+](C)c1,[C2MIm][EtSO4],toluene,Cc1ccccc1,aromatic,n-heptane,CCCCCCC,alkane,0.9263,0.0682,0.0055,0.0204,0.3102,0.6694,101.325,0.3,279,348.2,25.0,above,>20 K,0.96341604,0.034451064,0.002132831,0.0023128735,0.29607567,0.70161146
,1-ethyl-3-methylimidazolium ethylsulfate,CCOS(=O)(=O)[O-].CCn1cc[n+](C)c1,[C2MIm][EtSO4],toluene,Cc1ccccc1,aromatic,n-heptane,CCCCCCC,alkane,0.9224,0.0721,0.0055,0.0292,0.3504,0.6204,101.325,0.35,279,348.2,25.0,above,>20 K,0.96050644,0.037199467,0.002294024,0.002386832,0.3086589,0.68895423
,1-ethyl-3-methylimidazolium ethylsulfate,CCOS(=O)(=O)[O-].CCn1cc[n+](C)c1,[C2MIm][EtSO4],toluene,Cc1ccccc1,aromatic,n-heptane,CCCCCCC,alkane,0.9122,0.0826,0.0052,0.0329,0.3829,0.5842,101.325,0.4,279,348.2,25.0,above,>20 K,0.95744234,0.04009692,0.002460752,0.0024485108,0.32145527,0.6760962
,1-ethyl-3-methylimidazolium ethylsulfate,CCOS(=O)(=O)[O-].CCn1cc[n+](C)c1,[C2MIm][EtSO4],toluene,Cc1ccccc1,aromatic,n-heptane,CCCCCCC,alkane,0.9016,0.0943,0.0041,0.0289,0.4482,0.5229,101.325,0.45,279,348.2,25.0,above,>20 K,0.9541718,0.04319879,0.0026294533,0.0024825423,0.33476806,0.66274947
,1-ethyl-3-methylimidazolium ethylsulfate,CCOS(=O)(=O)[O-].CCn1cc[n+](C)c1,[C2MIm][EtSO4],toluene,Cc1ccccc1,aromatic,n-heptane,CCCCCCC,alkane,0.88530004,0.11010001,0.0046000006,0.0274,0.5033,0.4693,101.325,0.5,279,348.2,25.0,above,>20 K,0.9507002,0.04650021,0.0027995377,0.002487949,0.34849447,0.6490176
,1-ethyl-3-methylimidazolium ethylsulfate,CCOS(=O)(=O)[O-].CCn1cc[n+](C)c1,[C2MIm][EtSO4],toluene,Cc1ccccc1,aromatic,n-heptane,CCCCCCC,alkane,0.87380004,0.12200001,0.0042000003,0.0274,0.5391,0.4335,101.325,0.55,279,348.2,25.0,above,>20 K,0.94689614,0.050103154,0.0030006666,0.0025455223,0.3622189,0.63523555
,1-ethyl-3-methylimidazolium ethylsulfate,CCOS(=O)(=O)[O-].CCn1cc[n+](C)c1,[C2MIm][EtSO4],toluene,Cc1ccccc1,aromatic,n-heptane,CCCCCCC,alkane,0.8771,0.119,0.0039,0.0274,0.5876,0.385,101.325,0.6,279,348.2,25.0,above,>20 K,0.94278747,0.053994834,0.0032176594,0.0026026932,0.37624896,0.6211484
,1-ethyl-3-methylimidazolium ethylsulfate,CCOS(=O)(=O)[O-].CCn1cc[n+](C)c1,[C2MIm][EtSO4],toluene,Cc1ccccc1,aromatic,n-heptane,CCCCCCC,alkane,0.8631,0.1335,0.0034,0.0213,0.6401,0.3386,101.325,0.65,279,348.2,25.0,above,>20 K,0.93840575,0.05814703,0.003447186,0.0026585755,0.39035523,0.60698617
,1-ethyl-3-methylimidazolium ethylsulfate,CCOS(=O)(=O)[O-].CCn1cc[n+](C)c1,[C2MIm][EtSO4],toluene,Cc1ccccc1,aromatic,n-heptane,CCCCCCC,alkane,0.85410005,0.14210002,0.0038000003,0.0254,0.6766,0.298,101.325,0.7,279,348.2,25.0,above,>20 K,0.9351095,0.061322216,0.0035682875,0.0025066822,0.4047219,0.5927715
,1-ethyl-3-methylimidazolium ethylsulfate,CCOS(=O)(=O)[O-].CCn1cc[n+](C)c1,[C2MIm][EtSO4],toluene,Cc1ccccc1,aromatic,n-heptane,CCCCCCC,alkane,0.8429,0.1543,0.0028,0.0185,0.7399,0.2416,101.325,0.75,279,348.2,25.0,above,>20 K,0.9308406,0.065398775,0.0037605627,0.002457634,0.41936532,0.5781771
,1-ethyl-3-methylimidazolium ethylsulfate,CCOS(=O)(=O)[O-].CCn1cc[n+](C)c1,[C2MIm][EtSO4],toluene,Cc1ccccc1,aromatic,n-heptane,CCCCCCC,alkane,0.8362,0.1612,0.0026,0.0204,0.7922,0.1874,101.325,0.8,279,348.2,25.0,above,>20 K,0.92573065,0.07025525,0.004014188,0.0024838452,0.4340754,0.56344074
,1-ethyl-3-methylimidazolium ethylsulfate,CCOS(=O)(=O)[O-].CCn1cc[n+](C)c1,[C2MIm][EtSO4],toluene,Cc1ccccc1,aromatic,n-heptane,CCCCCCC,alkane,0.8203,0.1775,0.0022,0.0319,0.815,0.1531,101.325,0.85,279,348.2,25.0,above,>20 K,0.92041165,0.07532088,0.004267562,0.0024861924,0.44896936,0.5485444
,1-ethyl-3-methylimidazolium ethylsulfate,CCOS(=O)(=O)[O-].CCn1cc[n+](C)c1,[C2MIm][EtSO4],toluene,Cc1ccccc1,aromatic,n-heptane,CCCCCCC,alkane,0.8159,0.1826,0.0015,0.0262,0.8888,0.085,101.325,0.9,279,348.2,25.0,above,>20 K,0.914415,0.08101775,0.004567305,0.0025287308,0.46394035,0.5335309
,1-ethyl-3-methylimidazolium ethylsulfate,CCOS(=O)(=O)[O-].CCn1cc[n+](C)c1,[C2MIm][EtSO4],toluene,Cc1ccccc1,aromatic,n-heptane,CCCCCCC,alkane,0.8145,0.1844,0.0011,0.0143,0.9417,0.044,101.325,0.95,279,348.2,25.0,above,>20 K,0.90795904,0.087153524,0.004887437,0.0025695572,0.47917652,0.5182539
,1-ethyl-3-methylimidazolium ethylsulfate,CCOS(=O)(=O)[O-].CCn1cc[n+](C)c1,[C2MIm][EtSO4],toluene,Cc1ccccc1,aromatic,n-heptane,CCCCCCC,alkane,0.8192,0.1808,0.0,0.0373,0.9627,0.0,101.325,1.0,279,348.2,25.0,above,>20 K,0.90030557,0.09439903,0.005295362,0.002681992,0.49411756,0.5032005
,3-methyl-N-ethylpyridinium ethylsulfate,CCOS(=O)(=O)[O-].CC[n+]1cccc(C)c1,[C2MPy][EtSO4],benzene,c1ccccc1,aromatic,n-hexane,CCCCCC,alkane,0.924,0.051,0.025,0.0,0.051,0.949,101.325,0.0,285,283.15,10.0,below,5-10 K,0.9129927,0.082301885,0.004705518,0.0031390782,0.24280542,0.7540555
,3-methyl-N-ethylpyridinium ethylsulfate,CCOS(=O)(=O)[O-].CC[n+]1cccc(C)c1,[C2MPy][EtSO4],benzene,c1ccccc1,aromatic,n-hexane,CCCCCC,alkane,0.874,0.102,0.024,0.0,0.108,0.892,101.325,0.11111111,285,283.15,10.0,below,5-10 K,0.8981481,0.09641217,0.005439785,0.003278583,0.27007648,0.72664493
,3-methyl-N-ethylpyridinium ethylsulfate,CCOS(=O)(=O)[O-].CC[n+]1cccc(C)c1,[C2MPy][EtSO4],benzene,c1ccccc1,aromatic,n-hexane,CCCCCC,alkane,0.82600003,0.15000002,0.024000002,0.0,0.16983019,0.83016986,101.325,0.22222222,285,283.15,10.0,below,5-10 K,0.8811651,0.1125439,0.00629101,0.0034780616,0.29890957,0.6976123
,3-methyl-N-ethylpyridinium ethylsulfate,CCOS(=O)(=O)[O-].CC[n+]1cccc(C)c1,[C2MPy][EtSO4],benzene,c1ccccc1,aromatic,n-hexane,CCCCCC,alkane,0.781,0.196,0.023,0.0,0.235,0.765,101.325,0.33333334,285,283.15,10.0,below,5-10 K,0.8618097,0.13094129,0.0072490643,0.003672504,0.32947806,0.6668495
,3-methyl-N-ethylpyridinium ethylsulfate,CCOS(=O)(=O)[O-].CC[n+]1cccc(C)c1,[C2MPy][EtSO4],benzene,c1ccccc1,aromatic,n-hexane,CCCCCC,alkane,0.762,0.215,0.023,0.0,0.263,0.737,101.325,0.44444445,285,283.15,10.0,below,5-10 K,0.83933234,0.15227139,0.008396305,0.0039795875,0.3613897,0.6346307
,3-methyl-N-ethylpyridinium ethylsulfate,CCOS(=O)(=O)[O-].CC[n+]1cccc(C)c1,[C2MPy][EtSO4],benzene,c1ccccc1,aromatic,n-hexane,CCCCCC,alkane,0.702,0.277,0.021,0.0,0.367,0.633,101.325,0.5555556,285,283.15,10.0,below,5-10 K,0.813485,0.17675257,0.009762392,0.0044229836,0.39420214,0.60137486
,3-methyl-N-ethylpyridinium ethylsulfate,CCOS(=O)(=O)[O-].CC[n+]1cccc(C)c1,[C2MPy][EtSO4],benzene,c1ccccc1,aromatic,n-hexane,CCCCCC,alkane,0.676,0.303,0.021,0.0,0.425,0.575,101.325,0.6666667,285,283.15,10.0,below,5-10 K,0.7861496,0.20275252,0.011097922,0.0045996825,0.4282954,0.56710494
,3-methyl-N-ethylpyridinium ethylsulfate,CCOS(=O)(=O)[O-].CC[n+]1cccc(C)c1,[C2MPy][EtSO4],benzene,c1ccccc1,aromatic,n-hexane,CCCCCC,alkane,0.639,0.342,0.019,0.0,0.493,0.507,101.325,0.7777778,285,283.15,10.0,below,5-10 K,0.7559287,0.2315192,0.012552129,0.0047595026,0.46320704,0.5320335
,3-methyl-N-ethylpyridinium ethylsulfate,CCOS(=O)(=O)[O-].CC[n+]1cccc(C)c1,[C2MPy][EtSO4],benzene,c1ccccc1,aromatic,n-hexane,CCCCCC,alkane,0.583,0.403,0.014,0.0,0.626,0.374,101.325,0.8888889,285,283.15,10.0,below,5-10 K,0.72521144,0.26095983,0.013828672,0.0045574857,0.4991914,0.49625114
,3-methyl-N-ethylpyridinium ethylsulfate,CCOS(=O)(=O)[O-].CC[n+]1cccc(C)c1,[C2MPy][EtSO4],benzene,c1ccccc1,aromatic,n-hexane,CCCCCC,alkane,0.519,0.472,0.009,0.0,0.769,0.231,101.325,1.0,285,283.15,10.0,below,5-10 K,0.6897331,0.29479092,0.015475986,0.0046675685,0.53454137,0.4607911
,3-methyl-N-ethylpyridinium ethylsulfate,CCOS(=O)(=O)[O-].CC[n+]1cccc(C)c1,[C2MPy][EtSO4],benzene,c1ccccc1,aromatic,n-heptane,CCCCCCC,alkane,0.947,0.045,0.008,0.0,0.052,0.948,101.325,0.0,289,283.15,10.0,below,5-10 K,0.9150754,0.08043868,0.004485899,0.0030117924,0.23903829,0.75794995
,3-methyl-N-ethylpyridinium ethylsulfate,CCOS(=O)(=O)[O-].CC[n+]1cccc(C)c1,[C2MPy][EtSO4],benzene,c1ccccc1,aromatic,n-heptane,CCCCCCC,alkane,0.864,0.128,0.008,0.0,0.163,0.837,101.325,0.125,289,283.15,10.0,below,5-10 K,0.89874095,0.09597262,0.005286469,0.00321098,0.26942694,0.7273621
,3-methyl-N-ethylpyridinium ethylsulfate,CCOS(=O)(=O)[O-].CC[n+]1cccc(C)c1,[C2MPy][EtSO4],benzene,c1ccccc1,aromatic,n-heptane,CCCCCCC,alkane,0.827,0.164,0.009,0.0,0.214,0.786,101.325,0.25,289,283.15,10.0,below,5-10 K,0.87950224,0.11427123,0.0062265373,0.0034302173,0.30219477,0.694375
,3-methyl-N-ethylpyridinium ethylsulfate,CCOS(=O)(=O)[O-].CC[n+]1cccc(C)c1,[C2MPy][EtSO4],benzene,c1ccccc1,aromatic,n-heptane,CCCCCCC,alkane,0.791,0.199,0.01,0.0,0.271,0.729,101.325,0.375,289,283.15,10.0,below,5-10 K,0.8571802,0.1355145,0.0073053003,0.0036446147,0.33713874,0.65921664
,3-methyl-N-ethylpyridinium ethylsulfate,CCOS(=O)(=O)[O-].CC[n+]1cccc(C)c1,[C2MPy][EtSO4],benzene,c1ccccc1,aromatic,n-heptane,CCCCCCC,alkane,0.759,0.231,0.01,0.0,0.324,0.676,101.325,0.5,289,283.15,10.0,below,5-10 K,0.8315259,0.15994418,0.008529962,0.003849075,0.3740082,0.62214273
,3-methyl-N-ethylpyridinium ethylsulfate,CCOS(=O)(=O)[O-].CC[n+]1cccc(C)c1,[C2MPy][EtSO4],benzene,c1ccccc1,aromatic,n-heptane,CCCCCCC,alkane,0.69100004,0.29800004,0.011000001,0.0,0.442,0.558,101.325,0.625,289,283.15,10.0,below,5-10 K,0.8017316,0.188296,0.009972459,0.004110896,0.41214284,0.5837462
,3-methyl-N-ethylpyridinium ethylsulfate,CCOS(=O)(=O)[O-].CC[n+]1cccc(C)c1,[C2MPy][EtSO4],benzene,c1ccccc1,aromatic,n-heptane,CCCCCCC,alkane,0.62700003,0.36400002,0.009000001,0.0,0.567,0.433,101.325,0.75,289,283.15,10.0,below,5-10 K,0.76859987,0.21985771,0.011542464,0.0043232767,0.45144707,0.5442297
,3-methyl-N-ethylpyridinium ethylsulfate,CCOS(=O)(=O)[O-].CC[n+]1cccc(C)c1,[C2MPy][EtSO4],benzene,c1ccccc1,aromatic,n-heptane,CCCCCCC,alkane,0.562,0.431,0.007,0.0,0.697,0.303,101.325,0.875,289,283.15,10.0,below,5-10 K,0.7323099,0.2544709,0.013219219,0.0044743693,0.49135503,0.5041706
,3-methyl-N-ethylpyridinium ethylsulfate,CCOS(=O)(=O)[O-].CC[n+]1cccc(C)c1,[C2MPy][EtSO4],benzene,c1ccccc1,aromatic,n-heptane,CCCCCCC,alkane,0.491,0.509,0.0,0.0,0.841,0.159,101.325,1.0,289,283.15,10.0,below,5-10 K,0.6927162,0.29225755,0.015026239,0.0045996276,0.53131497,0.4640854
,3-methyl-N-ethylpyridinium ethylsulfate,CCOS(=O)(=O)[O-].CC[n+]1cccc(C)c1,[C2MPy][EtSO4],benzene,c1ccccc1,aromatic,n-octane,CCCCCCCC,alkane,0.91400003,0.080000006,0.0060000005,0.0,0.102,0.898,101.325,0.0,292,283.15,10.0,below,5-10 K,0.9161956,0.07944044,0.0043639163,0.003012715,0.23510794,0.7618794
,3-methyl-N-ethylpyridinium ethylsulfate,CCOS(=O)(=O)[O-].CC[n+]1cccc(C)c1,[C2MPy][EtSO4],benzene,c1ccccc1,aromatic,n-octane,CCCCCCCC,alkane,0.864,0.13,0.006,0.0,0.167,0.833,101.325,0.125,292,283.15,10.0,below,5-10 K,0.89954644,0.09526284,0.0051906575,0.0032815563,0.2652678,0.7314507
,3-methyl-N-ethylpyridinium ethylsulfate,CCOS(=O)(=O)[O-].CC[n+]1cccc(C)c1,[C2MPy][EtSO4],benzene,c1ccccc1,aromatic,n-octane,CCCCCCCC,alkane,0.83,0.165,0.005,0.0,0.217,0.783,101.325,0.25,292,283.15,10.0,below,5-10 K,0.8803857,0.113494985,0.006119337,0.0035093261,0.29784793,0.69864273
,3-methyl-N-ethylpyridinium ethylsulfate,CCOS(=O)(=O)[O-].CC[n+]1cccc(C)c1,[C2MPy][EtSO4],benzene,c1ccccc1,aromatic,n-octane,CCCCCCCC,alkane,0.791,0.204,0.005,0.0,0.275,0.725,101.325,0.375,292,283.15,10.0,below,5-10 K,0.8582119,0.13460937,0.007178798,0.0037305723,0.33264658,0.66362286
,3-methyl-N-ethylpyridinium ethylsulfate,CCOS(=O)(=O)[O-].CC[n+]1cccc(C)c1,[C2MPy][EtSO4],benzene,c1ccccc1,aromatic,n-octane,CCCCCCCC,alkane,0.74,0.256,0.004,0.0,0.373,0.627,101.325,0.5,292,283.15,10.0,below,5-10 K,0.83272195,0.15889534,0.00838272,0.0039413995,0.36936972,0.6266889
,3-methyl-N-ethylpyridinium ethylsulfate,CCOS(=O)(=O)[O-].CC[n+]1cccc(C)c1,[C2MPy][EtSO4],benzene,c1ccccc1,aromatic,n-octane,CCCCCCCC,alkane,0.725,0.271,0.004,0.0,0.389,0.611,101.325,0.625,292,283.15,10.0,below,5-10 K,0.8044291,0.18590245,0.009668481,0.004065968,0.4076969,0.5882371
,3-methyl-N-ethylpyridinium ethylsulfate,CCOS(=O)(=O)[O-].CC[n+]1cccc(C)c1,[C2MPy][EtSO4],benzene,c1ccccc1,aromatic,n-octane,CCCCCCCC,alkane,0.693,0.303,0.004,0.0,0.451,0.549,101.325,0.75,292,283.15,10.0,below,5-10 K,0.77331465,0.21566533,0.011020011,0.004096986,0.4472807,0.54862225
,3-methyl-N-ethylpyridinium ethylsulfate,CCOS(=O)(=O)[O-].CC[n+]1cccc(C)c1,[C2MPy][EtSO4],benzene,c1ccccc1,aromatic,n-octane,CCCCCCCC,alkane,0.632,0.365,0.003,0.0,0.574,0.426,101.325,0.875,292,283.15,10.0,below,5-10 K,0.737263,0.2500953,0.012641701,0.0042444477,0.48748833,0.5082672
,3-methyl-N-ethylpyridinium ethylsulfate,CCOS(=O)(=O)[O-].CC[n+]1cccc(C)c1,[C2MPy][EtSO4],benzene,c1ccccc1,aromatic,n-octane,CCCCCCCC,alkane,0.55,0.448,0.002,0.0,0.698,0.302,101.325,1.0,292,283.15,10.0,below,5-10 K,0.69782066,0.28778505,0.014394314,0.004365941,0.5277919,0.46784213
,3-methyl-N-ethylpyridinium ethylsulfate,CCOS(=O)(=O)[O-].CC[n+]1cccc(C)c1,[C2MPy][EtSO4],benzene,c1ccccc1,aromatic,n-nonane,CCCCCCCCC,alkane,0.915,0.081,0.004,0.0,0.116,0.884,101.325,0.0,294,283.15,10.0,below,5-10 K,0.9181971,0.07762704,0.0041759023,0.0028974079,0.23086214,0.76624054
,3-methyl-N-ethylpyridinium ethylsulfate,CCOS(=O)(=O)[O-].CC[n+]1cccc(C)c1,[C2MPy][EtSO4],benzene,c1ccccc1,aromatic,n-nonane,CCCCCCCCC,alkane,0.893,0.103,0.004,0.0,0.172,0.828,101.325,0.125,294,283.15,10.0,below,5-10 K,0.9021387,0.09291795,0.0049433024,0.0031173173,0.26087707,0.73600554
,3-methyl-N-ethylpyridinium ethylsulfate,CCOS(=O)(=O)[O-].CC[n+]1cccc(C)c1,[C2MPy][EtSO4],benzene,c1ccccc1,aromatic,n-nonane,CCCCCCCCC,alkane,0.856,0.14,0.004,0.0,0.232,0.768,101.325,0.25,294,283.15,10.0,below,5-10 K,0.8833059,0.11085928,0.0058347443,0.0033380135,0.2933594,0.7033026
,3-methyl-N-ethylpyridinium ethylsulfate,CCOS(=O)(=O)[O-].CC[n+]1cccc(C)c1,[C2MPy][EtSO4],benzene,c1ccccc1,aromatic,n-nonane,CCCCCCCCC,alkane,0.816,0.18,0.004,0.0,0.287,0.713,101.325,0.375,294,283.15,10.0,below,5-10 K,0.86121786,0.1319056,0.006876506,0.0035746829,0.32814193,0.6682834
,3-methyl-N-ethylpyridinium ethylsulfate,CCOS(=O)(=O)[O-].CC[n+]1cccc(C)c1,[C2MPy][EtSO4],benzene,c1ccccc1,aromatic,n-nonane,CCCCCCCCC,alkane,0.781,0.215,0.004,0.0,0.344,0.656,101.325,0.5,294,283.15,10.0,below,5-10 K,0.8356494,0.15626907,0.008081503,0.0038303207,0.36476618,0.63140357
,3-methyl-N-ethylpyridinium ethylsulfate,CCOS(=O)(=O)[O-].CC[n+]1cccc(C)c1,[C2MPy][EtSO4],benzene,c1ccccc1,aromatic,n-nonane,CCCCCCCCC,alkane,0.718,0.278,0.004,0.0,0.46,0.54,101.325,0.625,294,283.15,10.0,below,5-10 K,0.80694246,0.18366143,0.009396096,0.0040233727,0.4031646,0.59281206
,3-methyl-N-ethylpyridinium ethylsulfate,CCOS(=O)(=O)[O-].CC[n+]1cccc(C)c1,[C2MPy][EtSO4],benzene,c1ccccc1,aromatic,n-nonane,CCCCCCCCC,alkane,0.652,0.345,0.003,0.0,0.584,0.416,101.325,0.75,294,283.15,10.0,below,5-10 K,0.77398247,0.21506827,0.010949213,0.0043372847,0.44265074,0.553012
,3-methyl-N-ethylpyridinium ethylsulfate,CCOS(=O)(=O)[O-].CC[n+]1cccc(C)c1,[C2MPy][EtSO4],benzene,c1ccccc1,aromatic,n-nonane,CCCCCCCCC,alkane,0.589,0.409,0.002,0.0,0.715,0.285,101.325,0.875,294,283.15,10.0,below,5-10 K,0.7369245,0.25030968,0.012765741,0.0047918856,0.48244604,0.512762
,3-methyl-N-ethylpyridinium ethylsulfate,CCOS(=O)(=O)[O-].CC[n+]1cccc(C)c1,[C2MPy][EtSO4],benzene,c1ccccc1,aromatic,n-nonane,CCCCCCCCC,alkane,0.52900004,0.47000003,0.0010000002,0.0,0.842,0.158,101.325,1.0,294,283.15,10.0,below,5-10 K,0.697676,0.2877993,0.014524707,0.0049321703,0.52265835,0.47240943
no,1-ethylpyridinium ethylsulfate,CCOS(=O)(=O)[O-].CC[n+]1ccccc1,[C2Py][EtSO4],benzene,c1ccccc1,aromatic,n-hexane,CCCCCC,alkane,0.933,0.061,0.006,0.0,0.111,0.889,101.325,0.0,307,283.15,10.0,below,5-10 K,0.93775606,0.059004083,0.003239891,0.0027731291,0.2292457,0.7679811
no,1-ethylpyridinium ethylsulfate,CCOS(=O)(=O)[O-].CC[n+]1ccccc1,[C2Py][EtSO4],benzene,c1ccccc1,aromatic,n-hexane,CCCCCC,alkane,0.90000004,0.094000004,0.0060000005,0.0,0.184,0.816,101.325,0.125,307,283.15,10.0,below,5-10 K,0.92520416,0.07092589,0.0038699964,0.0030402334,0.25794905,0.7390107
no,1-ethylpyridinium ethylsulfate,CCOS(=O)(=O)[O-].CC[n+]1ccccc1,[C2Py][EtSO4],benzene,c1ccccc1,aromatic,n-hexane,CCCCCC,alkane,0.873,0.122,0.005,0.0,0.252,0.748,101.325,0.25,307,283.15,10.0,below,5-10 K,0.9105553,0.08486444,0.00458028,0.003255791,0.28910962,0.70763457
no,1-ethylpyridinium ethylsulfate,CCOS(=O)(=O)[O-].CC[n+]1ccccc1,[C2Py][EtSO4],benzene,c1ccccc1,aromatic,n-hexane,CCCCCC,alkane,0.848,0.147,0.005,0.0,0.314,0.686,101.325,0.375,307,283.15,10.0,below,5-10 K,0.89337593,0.10122179,0.0054022623,0.0034661894,0.32246453,0.6740693
no,1-ethylpyridinium ethylsulfate,CCOS(=O)(=O)[O-].CC[n+]1ccccc1,[C2Py][EtSO4],benzene,c1ccccc1,aromatic,n-hexane,CCCCCC,alkane,0.822,0.173,0.005,0.0,0.382,0.618,101.325,0.5,307,283.15,10.0,below,5-10 K,0.8732281,0.12043549,0.0063363328,0.0036377644,0.35812587,0.63823634
no,1-ethylpyridinium ethylsulfate,CCOS(=O)(=O)[O-].CC[n+]1ccccc1,[C2Py][EtSO4],benzene,c1ccccc1,aromatic,n-hexane,CCCCCC,alkane,0.797,0.198,0.005,0.0,0.454,0.546,101.325,0.625,307,283.15,10.0,below,5-10 K,0.85009474,0.14248948,0.0074157706,0.0038294934,0.3950461,0.6011244
no,1-ethylpyridinium ethylsulfate,CCOS(=O)(=O)[O-].CC[n+]1ccccc1,[C2Py][EtSO4],benzene,c1ccccc1,aromatic,n-hexane,CCCCCC,alkane,0.776,0.22,0.004,0.0,0.53,0.47,101.325,0.75,307,283.15,10.0,below,5-10 K,0.82364196,0.16772234,0.008635777,0.0040063183,0.43319553,0.56279814
no,1-ethylpyridinium ethylsulfate,CCOS(=O)(=O)[O-].CC[n+]1ccccc1,[C2Py][EtSO4],benzene,c1ccccc1,aromatic,n-hexane,CCCCCC,alkane,0.756,0.24,0.004,0.0,0.596,0.404,101.325,0.875,307,283.15,10.0,below,5-10 K,0.7936827,0.19631876,0.009998593,0.0041632648,0.47219634,0.5236404
no,1-ethylpyridinium ethylsulfate,CCOS(=O)(=O)[O-].CC[n+]1ccccc1,[C2Py][EtSO4],benzene,c1ccccc1,aromatic,n-hexane,CCCCCC,alkane,0.733,0.263,0.004,0.0,0.668,0.332,101.325,1.0,307,283.15,10.0,below,5-10 K,0.75990623,0.22854933,0.011544449,0.0043493384,0.51111174,0.48453888
no,1-ethylpyridinium ethylsulfate,CCOS(=O)(=O)[O-].CC[n+]1ccccc1,[C2Py][EtSO4],benzene,c1ccccc1,aromatic,n-heptane,CCCCCCC,alkane,0.966,0.029,0.005,0.0,0.058,0.942,101.325,0.0,309,283.15,10.0,below,5-10 K,0.9387392,0.058127254,0.0031336234,0.00276314,0.22550689,0.77173
no,1-ethylpyridinium ethylsulfate,CCOS(=O)(=O)[O-].CC[n+]1ccccc1,[C2Py][EtSO4],benzene,c1ccccc1,aromatic,n-heptane,CCCCCCC,alkane,0.93,0.065,0.005,0.0,0.134,0.866,101.325,0.125,309,283.15,10.0,below,5-10 K,0.9265037,0.06977657,0.0037197352,0.0029746462,0.25417292,0.74285245
no,1-ethylpyridinium ethylsulfate,CCOS(=O)(=O)[O-].CC[n+]1ccccc1,[C2Py][EtSO4],benzene,c1ccccc1,aromatic,n-heptane,CCCCCCC,alkane,0.905,0.09,0.005,0.0,0.192,0.808,101.325,0.25,309,283.15,10.0,below,5-10 K,0.91205764,0.08353746,0.004404941,0.0031881286,0.2851833,0.71162856
no,1-ethylpyridinium ethylsulfate,CCOS(=O)(=O)[O-].CC[n+]1ccccc1,[C2Py][EtSO4],benzene,c1ccccc1,aromatic,n-heptane,CCCCCCC,alkane,0.879,0.116,0.005,0.0,0.255,0.745,101.325,0.375,309,283.15,10.0,below,5-10 K,0.89488333,0.099897526,0.005219166,0.0034290594,0.31846815,0.67810285
no,1-ethylpyridinium ethylsulfate,CCOS(=O)(=O)[O-].CC[n+]1ccccc1,[C2Py][EtSO4],benzene,c1ccccc1,aromatic,n-heptane,CCCCCCC,alkane,0.837,0.159,0.004,0.0,0.368,0.632,101.325,0.5,309,283.15,10.0,below,5-10 K,0.87505627,0.118803814,0.0061399085,0.0036343816,0.35376394,0.64260167
no,1-ethylpyridinium ethylsulfate,CCOS(=O)(=O)[O-].CC[n+]1ccccc1,[C2Py][EtSO4],benzene,c1ccccc1,aromatic,n-heptane,CCCCCCC,alkane,0.802,0.194,0.004,0.0,0.462,0.538,101.325,0.625,309,283.15,10.0,below,5-10 K,0.8521625,0.14064881,0.007188695,0.0038270152,0.39069617,0.60547674
no,1-ethylpyridinium ethylsulfate,CCOS(=O)(=O)[O-].CC[n+]1ccccc1,[C2Py][EtSO4],benzene,c1ccccc1,aromatic,n-heptane,CCCCCCC,alkane,0.781,0.215,0.004,0.0,0.522,0.478,101.325,0.75,309,283.15,10.0,below,5-10 K,0.8267166,0.16497792,0.008305492,0.003921057,0.42879987,0.5672791
no,1-ethylpyridinium ethylsulfate,CCOS(=O)(=O)[O-].CC[n+]1ccccc1,[C2Py][EtSO4],benzene,c1ccccc1,aromatic,n-heptane,CCCCCCC,alkane,0.761,0.235,0.004,0.0,0.585,0.415,101.325,0.875,309,283.15,10.0,below,5-10 K,0.7985497,0.19197303,0.009477271,0.0039056144,0.4680512,0.52804327
no,1-ethylpyridinium ethylsulfate,CCOS(=O)(=O)[O-].CC[n+]1ccccc1,[C2Py][EtSO4],benzene,c1ccccc1,aromatic,n-heptane,CCCCCCC,alkane,0.743,0.254,0.003,0.0,0.649,0.351,101.325,1.0,309,283.15,10.0,below,5-10 K,0.7653636,0.22371301,0.010923458,0.0040345155,0.5076409,0.48832458
no,1-ethylpyridinium ethylsulfate,CCOS(=O)(=O)[O-].CC[n+]1ccccc1,[C2Py][EtSO4],benzene,c1ccccc1,aromatic,n-octane,CCCCCCCC,alkane,0.966,0.029,0.005,0.0,0.062,0.938,101.325,0.0,311,283.15,10.0,below,5-10 K,0.9411792,0.05589678,0.0029240157,0.0025409467,0.22084756,0.7766115
no,1-ethylpyridinium ethylsulfate,CCOS(=O)(=O)[O-].CC[n+]1ccccc1,[C2Py][EtSO4],benzene,c1ccccc1,aromatic,n-octane,CCCCCCCC,alkane,0.939,0.057,0.004,0.0,0.126,0.874,101.325,0.11111111,311,283.15,10.0,below,5-10 K,0.9305358,0.066028714,0.0034354618,0.0027732374,0.24597055,0.7512562
no,1-ethylpyridinium ethylsulfate,CCOS(=O)(=O)[O-].CC[n+]1ccccc1,[C2Py][EtSO4],benzene,c1ccccc1,aromatic,n-octane,CCCCCCCC,alkane,0.906,0.09,0.004,0.0,0.2,0.8,101.325,0.22222222,311,283.15,10.0,below,5-10 K,0.9183402,0.07765853,0.0040012933,0.0029557955,0.2731003,0.7239439
no,1-ethylpyridinium ethylsulfate,CCOS(=O)(=O)[O-].CC[n+]1ccccc1,[C2Py][EtSO4],benzene,c1ccccc1,aromatic,n-octane,CCCCCCCC,alkane,0.882,0.114,0.004,0.0,0.256,0.744,101.325,0.33333334,311,283.15,10.0,below,5-10 K,0.9042243,0.091128916,0.004646852,0.0031346905,0.30214983,0.69471544
no,1-ethylpyridinium ethylsulfate,CCOS(=O)(=O)[O-].CC[n+]1ccccc1,[C2Py][EtSO4],benzene,c1ccccc1,aromatic,n-octane,CCCCCCCC,alkane,0.856,0.14,0.004,0.0,0.32,0.68,101.325,0.44444445,311,283.15,10.0,below,5-10 K,0.889708,0.105088994,0.0052030995,0.0030182959,0.33337605,0.6636057
no,1-ethylpyridinium ethylsulfate,CCOS(=O)(=O)[O-].CC[n+]1ccccc1,[C2Py][EtSO4],benzene,c1ccccc1,aromatic,n-octane,CCCCCCCC,alkane,0.833,0.163,0.004,0.0,0.382,0.618,101.325,0.5555556,311,283.15,10.0,below,5-10 K,0.8720391,0.12203593,0.00592495,0.0030324643,0.3663024,0.6306651
no,1-ethylpyridinium ethylsulfate,CCOS(=O)(=O)[O-].CC[n+]1ccccc1,[C2Py][EtSO4],benzene,c1ccccc1,aromatic,n-octane,CCCCCCCC,alkane,0.806,0.19,0.004,0.0,0.451,0.549,101.325,0.6666667,311,283.15,10.0,below,5-10 K,0.85112995,0.14204468,0.0068253567,0.0031715478,0.40002754,0.5968009
no,1-ethylpyridinium ethylsulfate,CCOS(=O)(=O)[O-].CC[n+]1ccccc1,[C2Py][EtSO4],benzene,c1ccccc1,aromatic,n-octane,CCCCCCCC,alkane,0.778,0.218,0.004,0.0,0.533,0.467,101.325,0.7777778,311,283.15,10.0,below,5-10 K,0.82627076,0.16579737,0.0079318965,0.0033955488,0.43463767,0.5619668
no,1-ethylpyridinium ethylsulfate,CCOS(=O)(=O)[O-].CC[n+]1ccccc1,[C2Py][EtSO4],benzene,c1ccccc1,aromatic,n-octane,CCCCCCCC,alkane,0.754,0.242,0.004,0.0,0.6,0.4,101.325,0.8888889,311,283.15,10.0,below,5-10 K,0.79970604,0.19123623,0.009057675,0.0035149208,0.46992874,0.5265563
no,1-ethylpyridinium ethylsulfate,CCOS(=O)(=O)[O-].CC[n+]1ccccc1,[C2Py][EtSO4],benzene,c1ccccc1,aromatic,n-octane,CCCCCCCC,alkane,0.735,0.261,0.004,0.0,0.66,0.34,101.325,1.0,311,283.15,10.0,below,5-10 K,0.77015096,0.21955046,0.010298606,0.0036211142,0.50556904,0.49080983
no,1-ethylpyridinium ethylsulfate,CCOS(=O)(=O)[O-].CC[n+]1ccccc1,[C2Py][EtSO4],benzene,c1ccccc1,aromatic,n-nonane,CCCCCCCCC,alkane,0.94,0.056,0.004,0.0,0.129,0.871,101.325,0.0,313,283.15,10.0,below,5-10 K,0.94371945,0.05358562,0.002694952,0.00222835,0.21681987,0.78095174
no,1-ethylpyridinium ethylsulfate,CCOS(=O)(=O)[O-].CC[n+]1ccccc1,[C2Py][EtSO4],benzene,c1ccccc1,aromatic,n-nonane,CCCCCCCCC,alkane,0.915,0.082,0.003,0.0,0.19,0.81,101.325,0.125,313,283.15,10.0,below,5-10 K,0.93285984,0.06397239,0.0031678234,0.002338254,0.24502333,0.7526384
no,1-ethylpyridinium ethylsulfate,CCOS(=O)(=O)[O-].CC[n+]1ccccc1,[C2Py][EtSO4],benzene,c1ccccc1,aromatic,n-nonane,CCCCCCCCC,alkane,0.89,0.107,0.003,0.0,0.249,0.751,101.325,0.25,313,283.15,10.0,below,5-10 K,0.9192189,0.077012286,0.0037687647,0.0025126054,0.27610984,0.72137755
no,1-ethylpyridinium ethylsulfate,CCOS(=O)(=O)[O-].CC[n+]1ccccc1,[C2Py][EtSO4],benzene,c1ccccc1,aromatic,n-nonane,CCCCCCCCC,alkane,0.864,0.133,0.003,0.0,0.314,0.686,101.325,0.375,313,283.15,10.0,below,5-10 K,0.9030945,0.09243536,0.00447013,0.002684591,0.3096468,0.6876687
no,1-ethylpyridinium ethylsulfate,CCOS(=O)(=O)[O-].CC[n+]1ccccc1,[C2Py][EtSO4],benzene,c1ccccc1,aromatic,n-nonane,CCCCCCCCC,alkane,0.841,0.156,0.003,0.0,0.372,0.628,101.325,0.5,313,283.15,10.0,below,5-10 K,0.88417345,0.110543445,0.005283063,0.0028517828,0.34532025,0.65182793
no,1-ethylpyridinium ethylsulfate,CCOS(=O)(=O)[O-].CC[n+]1ccccc1,[C2Py][EtSO4],benzene,c1ccccc1,aromatic,n-nonane,CCCCCCCCC,alkane,0.792,0.205,0.003,0.0,0.502,0.498,101.325,0.625,313,283.15,10.0,below,5-10 K,0.86215407,0.13162762,0.0062182597,0.0030118506,0.38278824,0.6141999
no,1-ethylpyridinium ethylsulfate,CCOS(=O)(=O)[O-].CC[n+]1ccccc1,[C2Py][EtSO4],benzene,c1ccccc1,aromatic,n-nonane,CCCCCCCCC,alkane,0.749,0.248,0.003,0.0,0.625,0.375,101.325,0.75,313,283.15,10.0,below,5-10 K,0.83672214,0.15599522,0.007282565,0.0031582054,0.42182505,0.5750168
no,1-ethylpyridinium ethylsulfate,CCOS(=O)(=O)[O-].CC[n+]1ccccc1,[C2Py][EtSO4],benzene,c1ccccc1,aromatic,n-nonane,CCCCCCCCC,alkane,0.705,0.292,0.003,0.0,0.751,0.249,101.325,0.875,313,283.15,10.0,below,5-10 K,0.8067553,0.18465546,0.00858922,0.003425692,0.46131322,0.5352611
no,1-ethylpyridinium ethylsulfate,CCOS(=O)(=O)[O-].CC[n+]1ccccc1,[C2Py][EtSO4],benzene,c1ccccc1,aromatic,n-nonane,CCCCCCCCC,alkane,0.661,0.336,0.003,0.0,0.88,0.12,101.325,1.0,313,283.15,10.0,below,5-10 K,0.7720135,0.21780878,0.010177728,0.0038426903,0.5004611,0.49569622
no,1-butyl-3-methylimidazolium tetracyanoborate,CCCCn1cc[n+](C)c1.N#C[B-](C#N)(C#N)C#N,[C4MIm][B(CN)4],toluene,Cc1ccccc1,aromatic,methylcyclohexane,CC1CCCCC1,cycloalkane,0.8292,0.0921,0.0787,0.0,0.1024,0.8976,101.325,0.0,352,333.15,9.949999999999989,above,5-10 K,0.7944935,0.19308326,0.012423269,0.0055959485,0.2839837,0.7104203
no,1-butyl-3-methylimidazolium tetracyanoborate,CCCCn1cc[n+](C)c1.N#C[B-](C#N)(C#N)C#N,[C4MIm][B(CN)4],toluene,Cc1ccccc1,aromatic,methylcyclohexane,CC1CCCCC1,cycloalkane,0.7083,0.2035,0.0882,0.0,0.2499,0.7501,101.325,0.125,352,333.15,9.949999999999989,above,5-10 K,0.7620149,0.22374527,0.014239761,0.005941706,0.3159906,0.6780677
no,1-butyl-3-methylimidazolium tetracyanoborate,CCCCn1cc[n+](C)c1.N#C[B-](C#N)(C#N)C#N,[C4MIm][B(CN)4],toluene,Cc1ccccc1,aromatic,methylcyclohexane,CC1CCCCC1,cycloalkane,0.6494,0.2834,0.0672,0.0,0.3212,0.6788,101.325,0.25,352,333.15,9.949999999999989,above,5-10 K,0.7262018,0.25752446,0.016273778,0.006360961,0.34954503,0.64409405
no,1-butyl-3-methylimidazolium tetracyanoborate,CCCCn1cc[n+](C)c1.N#C[B-](C#N)(C#N)C#N,[C4MIm][B(CN)4],toluene,Cc1ccccc1,aromatic,methylcyclohexane,CC1CCCCC1,cycloalkane,0.569,0.3688,0.0622,0.0,0.444,0.556,101.325,0.375,352,333.15,9.949999999999989,above,5-10 K,0.6873554,0.29421717,0.018427348,0.0067235827,0.38472176,0.60855466
no,1-butyl-3-methylimidazolium tetracyanoborate,CCCCn1cc[n+](C)c1.N#C[B-](C#N)(C#N)C#N,[C4MIm][B(CN)4],toluene,Cc1ccccc1,aromatic,methylcyclohexane,CC1CCCCC1,cycloalkane,0.49550003,0.43670002,0.06780001,0.0,0.5698,0.4302,101.325,0.5,352,333.15,9.949999999999989,above,5-10 K,0.64583594,0.33349723,0.020666769,0.0070187394,0.42124918,0.57173204
no,1-butyl-3-methylimidazolium tetracyanoborate,CCCCn1cc[n+](C)c1.N#C[B-](C#N)(C#N)C#N,[C4MIm][B(CN)4],toluene,Cc1ccccc1,aromatic,methylcyclohexane,CC1CCCCC1,cycloalkane,0.4336,0.5085,0.0579,0.0,0.6667,0.3333,101.325,0.625,352,333.15,9.949999999999989,above,5-10 K,0.60257065,0.37470075,0.022728603,0.0069503086,0.45970434,0.53334534
no,1-butyl-3-methylimidazolium tetracyanoborate,CCCCn1cc[n+](C)c1.N#C[B-](C#N)(C#N)C#N,[C4MIm][B(CN)4],toluene,Cc1ccccc1,aromatic,methylcyclohexane,CC1CCCCC1,cycloalkane,0.3851,0.569,0.0459,0.0,0.778,0.222,101.325,0.75,352,333.15,9.949999999999989,above,5-10 K,0.5575719,0.41787708,0.024551079,0.0065313466,0.5001147,0.49335393
no,1-butyl-3-methylimidazolium tetracyanoborate,CCCCn1cc[n+](C)c1.N#C[B-](C#N)(C#N)C#N,[C4MIm][B(CN)4],toluene,Cc1ccccc1,aromatic,methylcyclohexane,CC1CCCCC1,cycloalkane,0.3473,0.6193,0.0334,0.0,0.8563,0.1437,101.325,0.875,352,333.15,9.949999999999989,above,5-10 K,0.51107323,0.46206826,0.026858533,0.0066924877,0.53803146,0.45527607
no,1-butyl-3-methylimidazolium tetracyanoborate,CCCCn1cc[n+](C)c1.N#C[B-](C#N)(C#N)C#N,[C4MIm][B(CN)4],toluene,Cc1ccccc1,aromatic,methylcyclohexane,CC1CCCCC1,cycloalkane,0.3092,0.6656,0.0252,0.0,0.9346,0.0654,101.325,1.0,352,333.15,9.949999999999989,above,5-10 K,0.46421877,0.50653374,0.0292475,0.006944081,0.57467467,0.4183812
,1-hexyl-3-methylimidazolium tetracyanoborate,CCCCCCn1cc[n+](C)c1.N#C[B-](C#N)(C#N)C#N,[C6MIm][B(CN)4],toluene,Cc1ccccc1,aromatic,methylcyclohexane,CC1CCCCC1,cycloalkane,0.77110004,0.11050001,0.11840001,0.0,0.0964,0.9036,101.325,0.0,355,333.15,9.949999999999989,above,5-10 K,0.74290216,0.2388862,0.018211622,0.0065545677,0.29338455,0.7000609
,1-hexyl-3-methylimidazolium tetracyanoborate,CCCCCCn1cc[n+](C)c1.N#C[B-](C#N)(C#N)C#N,[C6MIm][B(CN)4],toluene,Cc1ccccc1,aromatic,methylcyclohexane,CC1CCCCC1,cycloalkane,0.6698,0.211,0.1192,1e-04,0.2093,0.7906,101.325,0.14285715,355,333.15,9.949999999999989,above,5-10 K,0.7006648,0.27834982,0.020985318,0.006991979,0.3296322,0.6633758
,1-hexyl-3-methylimidazolium tetracyanoborate,CCCCCCn1cc[n+](C)c1.N#C[B-](C#N)(C#N)C#N,[C6MIm][B(CN)4],toluene,Cc1ccccc1,aromatic,methylcyclohexane,CC1CCCCC1,cycloalkane,0.5736,0.3259,0.1005,0.0,0.3165,0.6835,101.325,0.2857143,355,333.15,9.949999999999989,above,5-10 K,0.6548168,0.3212352,0.023947924,0.0074081384,0.3679848,0.6246071
,1-hexyl-3-methylimidazolium tetracyanoborate,CCCCCCn1cc[n+](C)c1.N#C[B-](C#N)(C#N)C#N,[C6MIm][B(CN)4],toluene,Cc1ccccc1,aromatic,methylcyclohexane,CC1CCCCC1,cycloalkane,0.4944,0.4178,0.0878,1e-04,0.4389,0.561,101.325,0.42857143,355,333.15,9.949999999999989,above,5-10 K,0.6060979,0.36685818,0.027043952,0.0077920808,0.40797734,0.58423054
,1-hexyl-3-methylimidazolium tetracyanoborate,CCCCCCn1cc[n+](C)c1.N#C[B-](C#N)(C#N)C#N,[C6MIm][B(CN)4],toluene,Cc1ccccc1,aromatic,methylcyclohexane,CC1CCCCC1,cycloalkane,0.4602,0.4489,0.0909,0.0,0.4946,0.5054,101.325,0.5714286,355,333.15,9.949999999999989,above,5-10 K,0.5552934,0.4144992,0.030207464,0.008133739,0.4491219,0.54274446
,1-hexyl-3-methylimidazolium tetracyanoborate,CCCCCCn1cc[n+](C)c1.N#C[B-](C#N)(C#N)C#N,[C6MIm][B(CN)4],toluene,Cc1ccccc1,aromatic,methylcyclohexane,CC1CCCCC1,cycloalkane,0.3646,0.5693,0.0661,0.0,0.6666,0.3334,101.325,0.71428573,355,333.15,9.949999999999989,above,5-10 K,0.5035061,0.46312183,0.033372033,0.008426303,0.4908192,0.5007545
,1-hexyl-3-methylimidazolium tetracyanoborate,CCCCCCn1cc[n+](C)c1.N#C[B-](C#N)(C#N)C#N,[C6MIm][B(CN)4],toluene,Cc1ccccc1,aromatic,methylcyclohexane,CC1CCCCC1,cycloalkane,0.3149,0.6354,0.0497,1e-04,0.7973,0.2026,101.325,0.85714287,355,333.15,9.949999999999989,above,5-10 K,0.45210698,0.51155317,0.036339827,0.008530473,0.5325588,0.4589107
,1-hexyl-3-methylimidazolium tetracyanoborate,CCCCCCn1cc[n+](C)c1.N#C[B-](C#N)(C#N)C#N,[C6MIm][B(CN)4],toluene,Cc1ccccc1,aromatic,methylcyclohexane,CC1CCCCC1,cycloalkane,0.2903,0.6789,0.0308,0.0,0.8611,0.1389,101.325,1.0,355,333.15,9.949999999999989,above,5-10 K,0.40176758,0.5590248,0.03920756,0.008639666,0.57359606,0.41776434
,1-butyl-3-methylimidazolium chloride,CCCCn1cc[n+](C)c1.[Cl-],[C4MIm][Cl],benzene,c1ccccc1,aromatic,cyclohexane,C1CCCCC1,cycloalkane,0.884,0.025,0.091,0.0,0.065,0.935,101.325,0.0,357,339.15,15.949999999999989,above,10-20 K,0.91772777,0.06859255,0.013679737,0.0062645148,0.2649827,0.7287528
,1-butyl-3-methylimidazolium chloride,CCCCn1cc[n+](C)c1.[Cl-],[C4MIm][Cl],benzene,c1ccccc1,aromatic,cyclohexane,C1CCCCC1,cycloalkane,0.87200004,0.043000005,0.08500001,0.0,0.112,0.888,101.325,0.11111111,357,339.15,15.949999999999989,above,10-20 K,0.9048574,0.079391405,0.015751265,0.006670502,0.28700384,0.70632565
,1-butyl-3-methylimidazolium chloride,CCCCn1cc[n+](C)c1.[Cl-],[C4MIm][Cl],benzene,c1ccccc1,aromatic,cyclohexane,C1CCCCC1,cycloalkane,0.844,0.073,0.083,0.0,0.188,0.812,101.325,0.22222222,357,339.15,15.949999999999989,above,10-20 K,0.89012885,0.09174566,0.018125502,0.007141019,0.31002614,0.68283296
,1-butyl-3-methylimidazolium chloride,CCCCn1cc[n+](C)c1.[Cl-],[C4MIm][Cl],benzene,c1ccccc1,aromatic,cyclohexane,C1CCCCC1,cycloalkane,0.81,0.109,0.081,0.0,0.278,0.722,101.325,0.33333334,357,339.15,15.949999999999989,above,10-20 K,0.87370086,0.10557687,0.020722367,0.007502309,0.3342783,0.65821946
,1-butyl-3-methylimidazolium chloride,CCCCn1cc[n+](C)c1.[Cl-],[C4MIm][Cl],benzene,c1ccccc1,aromatic,cyclohexane,C1CCCCC1,cycloalkane,0.78400004,0.14100002,0.07500001,0.0,0.366,0.634,101.325,0.44444445,357,339.15,15.949999999999989,above,10-20 K,0.85516363,0.12118506,0.023651315,0.007910271,0.35933018,0.6327595
,1-butyl-3-methylimidazolium chloride,CCCCn1cc[n+](C)c1.[Cl-],[C4MIm][Cl],benzene,c1ccccc1,aromatic,cyclohexane,C1CCCCC1,cycloalkane,0.745,0.179,0.076,0.0,0.46,0.54,101.325,0.5555556,357,339.15,15.949999999999989,above,10-20 K,0.83425653,0.13878864,0.026954886,0.0083701145,0.38519207,0.6064379
,1-butyl-3-methylimidazolium chloride,CCCCn1cc[n+](C)c1.[Cl-],[C4MIm][Cl],benzene,c1ccccc1,aromatic,cyclohexane,C1CCCCC1,cycloalkane,0.72,0.211,0.069,0.0,0.555,0.445,101.325,0.6666667,357,339.15,15.949999999999989,above,10-20 K,0.8114562,0.15805973,0.030484054,0.008711544,0.41176093,0.5795275
,1-butyl-3-methylimidazolium chloride,CCCCn1cc[n+](C)c1.[Cl-],[C4MIm][Cl],benzene,c1ccccc1,aromatic,cyclohexane,C1CCCCC1,cycloalkane,0.693,0.242,0.065,0.0,0.654,0.346,101.325,0.7777778,357,339.15,15.949999999999989,above,10-20 K,0.78607184,0.17951478,0.03441337,0.009089005,0.43893623,0.5519747
,1-butyl-3-methylimidazolium chloride,CCCCn1cc[n+](C)c1.[Cl-],[C4MIm][Cl],benzene,c1ccccc1,aromatic,cyclohexane,C1CCCCC1,cycloalkane,0.653,0.284,0.063,0.0,0.75,0.25,101.325,0.8888889,357,339.15,15.949999999999989,above,10-20 K,0.75851,0.20281342,0.03867661,0.009501268,0.4660795,0.52441925
,1-butyl-3-methylimidazolium chloride,CCCCn1cc[n+](C)c1.[Cl-],[C4MIm][Cl],benzene,c1ccccc1,aromatic,cyclohexane,C1CCCCC1,cycloalkane,0.615,0.326,0.059,0.0,0.857,0.143,101.325,1.0,357,339.15,15.949999999999989,above,10-20 K,0.7286419,0.22816092,0.043197144,0.009793905,0.4938647,0.49634138
,1-ethyl-3-methylimidazolium thiocyanate,CCn1cc[n+](C)c1.N#C[S-],[C2MIm][SCN],ethylbenzene,CCc1ccccc1,aromatic,styrene,C=Cc1ccccc1,aromatic,0.672,0.019,0.309,0.0,0.118,0.882,101.325,0.0,409,333.2,10.0,above,5-10 K,0.8717179,0.045994233,0.08228793,0.013417883,0.60004884,0.38653332
,1-ethyl-3-methylimidazolium thiocyanate,CCn1cc[n+](C)c1.N#C[S-],[C2MIm][SCN],ethylbenzene,CCc1ccccc1,aromatic,styrene,C=Cc1ccccc1,aromatic,0.703,0.035,0.262,0.0,0.23,0.77,101.325,0.11111111,409,333.2,10.0,above,5-10 K,0.85952693,0.050327305,0.090145744,0.01328158,0.5926392,0.3940792
,1-ethyl-3-methylimidazolium thiocyanate,CCn1cc[n+](C)c1.N#C[S-],[C2MIm][SCN],ethylbenzene,CCc1ccccc1,aromatic,styrene,C=Cc1ccccc1,aromatic,0.732,0.049,0.219,0.0,0.332,0.668,101.325,0.22222222,409,333.2,10.0,above,5-10 K,0.8447276,0.05559111,0.09968133,0.013705655,0.58477795,0.40151644
,1-ethyl-3-methylimidazolium thiocyanate,CCn1cc[n+](C)c1.N#C[S-],[C2MIm][SCN],ethylbenzene,CCc1ccccc1,aromatic,styrene,C=Cc1ccccc1,aromatic,0.766,0.06,0.174,0.0,0.437,0.563,101.325,0.33333334,409,333.2,10.0,above,5-10 K,0.82844347,0.061391965,0.11016466,0.014251378,0.5767654,0.40898314
,1-ethyl-3-methylimidazolium thiocyanate,CCn1cc[n+](C)c1.N#C[S-],[C2MIm][SCN],ethylbenzene,CCc1ccccc1,aromatic,styrene,C=Cc1ccccc1,aromatic,0.788,0.07,0.142,0.0,0.529,0.471,101.325,0.44444445,409,333.2,10.0,above,5-10 K,0.8105713,0.06775231,0.12167641,0.014930859,0.56872016,0.41634896
,1-ethyl-3-methylimidazolium thiocyanate,CCn1cc[n+](C)c1.N#C[S-],[C2MIm][SCN],ethylbenzene,CCc1ccccc1,aromatic,styrene,C=Cc1ccccc1,aromatic,0.806,0.08,0.114,0.0,0.62,0.38,101.325,0.5555556,409,333.2,10.0,above,5-10 K,0.79194957,0.07438342,0.13366707,0.015389338,0.5607775,0.4238332
,1-ethyl-3-methylimidazolium thiocyanate,CCn1cc[n+](C)c1.N#C[S-],[C2MIm][SCN],ethylbenzene,CCc1ccccc1,aromatic,styrene,C=Cc1ccccc1,aromatic,0.82500005,0.09000001,0.08500001,0.0,0.714,0.286,101.325,0.6666667,409,333.2,10.0,above,5-10 K,0.7719074,0.08153094,0.1465617,0.015957221,0.5528238,0.43121898
,1-ethyl-3-methylimidazolium thiocyanate,CCn1cc[n+](C)c1.N#C[S-],[C2MIm][SCN],ethylbenzene,CCc1ccccc1,aromatic,styrene,C=Cc1ccccc1,aromatic,0.847,0.098,0.055,0.0,0.809,0.191,101.325,0.7777778,409,333.2,10.0,above,5-10 K,0.75028265,0.089242026,0.16047528,0.01664465,0.54477906,0.43857625
,1-ethyl-3-methylimidazolium thiocyanate,CCn1cc[n+](C)c1.N#C[S-],[C2MIm][SCN],ethylbenzene,CCc1ccccc1,aromatic,styrene,C=Cc1ccccc1,aromatic,0.869,0.105,0.026,0.0,0.906,0.094,101.325,0.8888889,409,333.2,10.0,above,5-10 K,0.72797126,0.097206086,0.17482261,0.017131612,0.5369133,0.44595513
,1-ethyl-3-methylimidazolium thiocyanate,CCn1cc[n+](C)c1.N#C[S-],[C2MIm][SCN],ethylbenzene,CCc1ccccc1,aromatic,styrene,C=Cc1ccccc1,aromatic,0.887,0.113,0.0,0.0,1.0,0.0,101.325,1.0,409,333.2,10.0,above,5-10 K,0.7044781,0.105595276,0.18992667,0.017629169,0.5290483,0.45332253
,1-ethyl-3-methylimidazolium thiocyanate,CCn1cc[n+](C)c1.N#C[S-],[C2MIm][SCN],ethylbenzene,CCc1ccccc1,aromatic,styrene,C=Cc1ccccc1,aromatic,0.65,0.0,0.35,0.0,0.0,1.0,101.325,0.0,410,353.2,30.0,above,>20 K,0.881782,0.04223063,0.07598743,0.013240148,0.6023701,0.38438973
,1-ethyl-3-methylimidazolium thiocyanate,CCn1cc[n+](C)c1.N#C[S-],[C2MIm][SCN],ethylbenzene,CCc1ccccc1,aromatic,styrene,C=Cc1ccccc1,aromatic,0.687,0.018,0.295,0.0,0.114,0.886,101.325,0.1,410,353.2,30.0,above,>20 K,0.8702854,0.046308544,0.08340601,0.0136268325,0.5953066,0.39106655
,1-ethyl-3-methylimidazolium thiocyanate,CCn1cc[n+](C)c1.N#C[S-],[C2MIm][SCN],ethylbenzene,CCc1ccccc1,aromatic,styrene,C=Cc1ccccc1,aromatic,0.716,0.034,0.25,0.0,0.224,0.776,101.325,0.2,410,353.2,30.0,above,>20 K,0.8579148,0.050697207,0.09138798,0.014017806,0.58826834,0.39771387
,1-ethyl-3-methylimidazolium thiocyanate,CCn1cc[n+](C)c1.N#C[S-],[C2MIm][SCN],ethylbenzene,CCc1ccccc1,aromatic,styrene,C=Cc1ccccc1,aromatic,0.744,0.047,0.209,0.0,0.326,0.674,101.325,0.3,410,353.2,30.0,above,>20 K,0.8432258,0.055963565,0.10081067,0.013871799,0.5744965,0.41163167
,1-ethyl-3-methylimidazolium thiocyanate,CCn1cc[n+](C)c1.N#C[S-],[C2MIm][SCN],ethylbenzene,CCc1ccccc1,aromatic,styrene,C=Cc1ccccc1,aromatic,0.769,0.06,0.171,0.0,0.431,0.569,101.325,0.4,410,353.2,30.0,above,>20 K,0.8286543,0.06112698,0.11021873,0.014258536,0.5673914,0.41835013
,1-ethyl-3-methylimidazolium thiocyanate,CCn1cc[n+](C)c1.N#C[S-],[C2MIm][SCN],ethylbenzene,CCc1ccccc1,aromatic,styrene,C=Cc1ccccc1,aromatic,0.793,0.069,0.138,0.0,0.522,0.478,101.325,0.5,410,353.2,30.0,above,>20 K,0.8129771,0.06669457,0.12032839,0.014659103,0.56024164,0.42509928
,1-ethyl-3-methylimidazolium thiocyanate,CCn1cc[n+](C)c1.N#C[S-],[C2MIm][SCN],ethylbenzene,CCc1ccccc1,aromatic,styrene,C=Cc1ccccc1,aromatic,0.807,0.081,0.112,0.0,0.614,0.386,101.325,0.6,410,353.2,30.0,above,>20 K,0.79580426,0.072817534,0.13137817,0.015251908,0.5534585,0.4312896
,1-ethyl-3-methylimidazolium thiocyanate,CCn1cc[n+](C)c1.N#C[S-],[C2MIm][SCN],ethylbenzene,CCc1ccccc1,aromatic,styrene,C=Cc1ccccc1,aromatic,0.828,0.09,0.082,0.0,0.709,0.291,101.325,0.7,410,353.2,30.0,above,>20 K,0.77802205,0.079128936,0.14284898,0.015665721,0.5463085,0.43802574
,1-ethyl-3-methylimidazolium thiocyanate,CCn1cc[n+](C)c1.N#C[S-],[C2MIm][SCN],ethylbenzene,CCc1ccccc1,aromatic,styrene,C=Cc1ccccc1,aromatic,0.84900004,0.098000005,0.053000003,0.0,0.807,0.193,101.325,0.8,410,353.2,30.0,above,>20 K,0.76011217,0.085465744,0.15442207,0.01597189,0.53859043,0.44543773
,1-ethyl-3-methylimidazolium thiocyanate,CCn1cc[n+](C)c1.N#C[S-],[C2MIm][SCN],ethylbenzene,CCc1ccccc1,aromatic,styrene,C=Cc1ccccc1,aromatic,0.867,0.107,0.026,0.0,0.905,0.095,101.325,0.9,410,353.2,30.0,above,>20 K,0.74195737,0.09185765,0.16618504,0.01615652,0.530211,0.4536325
,1-ethyl-3-methylimidazolium thiocyanate,CCn1cc[n+](C)c1.N#C[S-],[C2MIm][SCN],ethylbenzene,CCc1ccccc1,aromatic,styrene,C=Cc1ccccc1,aromatic,0.885,0.115,0.0,0.0,1.0,0.0,101.325,1.0,410,353.2,30.0,above,>20 K,0.7211672,0.09925061,0.1795822,0.016580053,0.5231467,0.46027327
,1-butyl-3-methylimidazolium nitrate,CCCCn1cc[n+](C)c1.O=[N+]([O-])[O-],[C4MIm][NO3],thiophene,c1ccsc1,S-compound,n-decane,CCCCCCCCCC,alkane,0.481,0.516,0.003,0.0,0.566,0.434,101.325,0.0,491,288.15,5.0,below,0-5 K,0.8816148,0.111218646,0.0071665817,0.0028324365,0.091079116,0.9060884
,1-butyl-3-methylimidazolium nitrate,CCCCn1cc[n+](C)c1.O=[N+]([O-])[O-],[C4MIm][NO3],thiophene,c1ccsc1,S-compound,n-decane,CCCCCCCCCC,alkane,0.537,0.461,0.002,0.0,0.516,0.484,101.325,0.11111111,491,288.15,5.0,below,0-5 K,0.8443766,0.14593826,0.009685128,0.0038468,0.10785345,0.88829976
,1-butyl-3-methylimidazolium nitrate,CCCCn1cc[n+](C)c1.O=[N+]([O-])[O-],[C4MIm][NO3],thiophene,c1ccsc1,S-compound,n-decane,CCCCCCCCCC,alkane,0.582,0.416,0.002,0.0,0.453,0.547,101.325,0.22222222,491,288.15,5.0,below,0-5 K,0.8209544,0.16800834,0.011037239,0.004159158,0.12094094,0.8748999
,1-butyl-3-methylimidazolium nitrate,CCCCn1cc[n+](C)c1.O=[N+]([O-])[O-],[C4MIm][NO3],thiophene,c1ccsc1,S-compound,n-decane,CCCCCCCCCC,alkane,0.625,0.373,0.002,0.0,0.37,0.63,101.325,0.33333334,491,288.15,5.0,below,0-5 K,0.7949101,0.19256797,0.012521945,0.0044875373,0.13540314,0.86010927
,1-butyl-3-methylimidazolium nitrate,CCCCn1cc[n+](C)c1.O=[N+]([O-])[O-],[C4MIm][NO3],thiophene,c1ccsc1,S-compound,n-decane,CCCCCCCCCC,alkane,0.65500003,0.34300002,0.0020000003,0.0,0.348,0.652,101.325,0.44444445,491,288.15,5.0,below,0-5 K,0.76617986,0.21967801,0.0141421715,0.004833545,0.15132216,0.8438443
,1-butyl-3-methylimidazolium nitrate,CCCCn1cc[n+](C)c1.O=[N+]([O-])[O-],[C4MIm][NO3],thiophene,c1ccsc1,S-compound,n-decane,CCCCCCCCCC,alkane,0.689,0.309,0.002,0.0,0.32,0.68,101.325,0.5555556,491,288.15,5.0,below,0-5 K,0.73471004,0.24939895,0.01589102,0.0051928204,0.16877599,0.82603115
,1-butyl-3-methylimidazolium nitrate,CCCCn1cc[n+](C)c1.O=[N+]([O-])[O-],[C4MIm][NO3],thiophene,c1ccsc1,S-compound,n-decane,CCCCCCCCCC,alkane,0.778,0.22,0.002,0.0,0.199,0.801,101.325,0.6666667,491,288.15,5.0,below,0-5 K,0.70077854,0.2814633,0.017758125,0.005564321,0.1877438,0.8066919
,1-butyl-3-methylimidazolium nitrate,CCCCn1cc[n+](C)c1.O=[N+]([O-])[O-],[C4MIm][NO3],thiophene,c1ccsc1,S-compound,n-decane,CCCCCCCCCC,alkane,0.8,0.198,0.002,0.0,0.161,0.839,101.325,0.7777778,491,288.15,5.0,below,0-5 K,0.6644499,0.31582746,0.019722683,0.005945158,0.20837462,0.7856802
,1-butyl-3-methylimidazolium nitrate,CCCCn1cc[n+](C)c1.O=[N+]([O-])[O-],[C4MIm][NO3],thiophene,c1ccsc1,S-compound,n-decane,CCCCCCCCCC,alkane,0.866,0.132,0.002,0.0,0.105,0.895,101.325,0.8888889,491,288.15,5.0,below,0-5 K,0.6519609,0.32830527,0.019733826,0.00562789,0.23318468,0.76118743
,1-butyl-3-methylimidazolium nitrate,CCCCn1cc[n+](C)c1.O=[N+]([O-])[O-],[C4MIm][NO3],thiophene,c1ccsc1,S-compound,n-decane,CCCCCCCCCC,alkane,0.93600005,0.062000003,0.0020000003,0.0,0.049,0.951,101.325,1.0,491,288.15,5.0,below,0-5 K,0.6122577,0.3659729,0.02176939,0.005974172,0.25732988,0.7366959
,1-methyl-3-octyl-imidazolium nitrate,CCCCCCCC[n+]1ccn(C)c1.O=[N+]([O-])[O-],[C8MIm][NO3],thiophene,c1ccsc1,S-compound,n-decane,CCCCCCCCCC,alkane,0.544,0.42,0.036,0.0,0.298,0.702,101.325,0.0,497,288.15,5.0,below,0-5 K,0.7994683,0.1809935,0.019538144,0.005154468,0.089696355,0.9051491
,1-methyl-3-octyl-imidazolium nitrate,CCCCCCCC[n+]1ccn(C)c1.O=[N+]([O-])[O-],[C8MIm][NO3],thiophene,c1ccsc1,S-compound,n-decane,CCCCCCCCCC,alkane,0.616,0.352,0.032,0.0,0.237,0.763,101.325,0.125,497,288.15,5.0,below,0-5 K,0.7682171,0.20931911,0.022463808,0.005729111,0.10095845,0.8933124
,1-methyl-3-octyl-imidazolium nitrate,CCCCCCCC[n+]1ccn(C)c1.O=[N+]([O-])[O-],[C8MIm][NO3],thiophene,c1ccsc1,S-compound,n-decane,CCCCCCCCCC,alkane,0.679,0.288,0.033,0.0,0.184,0.816,101.325,0.25,497,288.15,5.0,below,0-5 K,0.7395233,0.23624076,0.024235968,0.0046989187,0.12106137,0.8742397
,1-methyl-3-octyl-imidazolium nitrate,CCCCCCCC[n+]1ccn(C)c1.O=[N+]([O-])[O-],[C8MIm][NO3],thiophene,c1ccsc1,S-compound,n-decane,CCCCCCCCCC,alkane,0.70900005,0.25700003,0.034000006,0.0,0.154,0.846,101.325,0.375,497,288.15,5.0,below,0-5 K,0.70266324,0.26991513,0.027421607,0.005090211,0.13607085,0.8588389
,1-methyl-3-octyl-imidazolium nitrate,CCCCCCCC[n+]1ccn(C)c1.O=[N+]([O-])[O-],[C8MIm][NO3],thiophene,c1ccsc1,S-compound,n-decane,CCCCCCCCCC,alkane,0.751,0.217,0.032,0.0,0.138,0.862,101.325,0.5,497,288.15,5.0,below,0-5 K,0.65895116,0.30920961,0.031839203,0.006414754,0.14580826,0.84777695
,1-methyl-3-octyl-imidazolium nitrate,CCCCCCCC[n+]1ccn(C)c1.O=[N+]([O-])[O-],[C8MIm][NO3],thiophene,c1ccsc1,S-compound,n-decane,CCCCCCCCCC,alkane,0.811,0.158,0.031,0.0,0.1,0.9,101.325,0.625,497,288.15,5.0,below,0-5 K,0.6140659,0.34986523,0.036068942,0.007347384,0.15927266,0.83338
,1-methyl-3-octyl-imidazolium nitrate,CCCCCCCC[n+]1ccn(C)c1.O=[N+]([O-])[O-],[C8MIm][NO3],thiophene,c1ccsc1,S-compound,n-decane,CCCCCCCCCC,alkane,0.824,0.139,0.037,0.0,0.072,0.928,101.325,0.75,497,288.15,5.0,below,0-5 K,0.57013077,0.39011332,0.039755903,0.007765758,0.17768629,0.81454796
,1-methyl-3-octyl-imidazolium nitrate,CCCCCCCC[n+]1ccn(C)c1.O=[N+]([O-])[O-],[C8MIm][NO3],thiophene,c1ccsc1,S-compound,n-decane,CCCCCCCCCC,alkane,0.851,0.112,0.037,0.0,0.057,0.943,101.325,0.875,497,288.15,5.0,below,0-5 K,0.52537155,0.43114528,0.043483198,0.008252284,0.19767073,0.794077
,1-methyl-3-octyl-imidazolium nitrate,CCCCCCCC[n+]1ccn(C)c1.O=[N+]([O-])[O-],[C8MIm][NO3],thiophene,c1ccsc1,S-compound,n-decane,CCCCCCCCCC,alkane,0.92,0.045,0.035,0.0,0.023,0.977,101.325,1.0,497,288.15,5.0,below,0-5 K,0.48065394,0.47121972,0.048126373,0.009990337,0.2184008,0.7716088
no,tetrabutylammonium methanesulfonate,CCCC[N+](CCCC)(CCCC)CCCC.CS(=O)(=O)[O-],"[P4,4,4,4][CH3SO3]",benzothiophene,c1ccc2sccc2c1,S-compound,n-hexadecane,CCCCCCCCCCCCCCCC,alkane,0.5068,0.4309,0.0623,0.0,0.2033,0.7967,101.325,0.0,502,333.15,9.949999999999989,above,5-10 K,0.8263699,0.12810764,0.045522526,0.009474331,0.21774575,0.77277994
no,tetrabutylammonium methanesulfonate,CCCC[N+](CCCC)(CCCC)CCCC.CS(=O)(=O)[O-],"[P4,4,4,4][CH3SO3]",benzothiophene,c1ccc2sccc2c1,S-compound,n-hexadecane,CCCCCCCCCCCCCCCC,alkane,0.58140004,0.37530002,0.043300003,0.0,0.1227,0.8773,101.325,0.2,502,333.15,9.949999999999989,above,5-10 K,0.78590703,0.15816109,0.05593184,0.010402339,0.24665341,0.7429443
no,tetrabutylammonium methanesulfonate,CCCC[N+](CCCC)(CCCC)CCCC.CS(=O)(=O)[O-],"[P4,4,4,4][CH3SO3]",benzothiophene,c1ccc2sccc2c1,S-compound,n-hexadecane,CCCCCCCCCCCCCCCC,alkane,0.6673,0.2611,0.0716,0.0,0.1106,0.8894,101.325,0.4,502,333.15,9.949999999999989,above,5-10 K,0.7387006,0.19315319,0.06814618,0.011439768,0.27888596,0.70967424
no,tetrabutylammonium methanesulfonate,CCCC[N+](CCCC)(CCCC)CCCC.CS(=O)(=O)[O-],"[P4,4,4,4][CH3SO3]",benzothiophene,c1ccc2sccc2c1,S-compound,n-hexadecane,CCCCCCCCCCCCCCCC,alkane,0.7675,0.1429,0.0896,0.0,0.0567,0.9433,101.325,0.6,502,333.15,9.949999999999989,above,5-10 K,0.6857536,0.23256223,0.0816842,0.012452741,0.31303057,0.6745167
no,tetrabutylammonium methanesulfonate,CCCC[N+](CCCC)(CCCC)CCCC.CS(=O)(=O)[O-],"[P4,4,4,4][CH3SO3]",benzothiophene,c1ccc2sccc2c1,S-compound,n-hexadecane,CCCCCCCCCCCCCCCC,alkane,0.8468,0.0726,0.0806,0.0,0.036,0.964,101.325,0.8,502,333.15,9.949999999999989,above,5-10 K,0.62807477,0.2757156,0.096209586,0.01341476,0.34879422,0.637791
no,tetrabutylammonium methanesulfonate,CCCC[N+](CCCC)(CCCC)CCCC.CS(=O)(=O)[O-],"[P4,4,4,4][CH3SO3]",benzothiophene,c1ccc2sccc2c1,S-compound,n-hexadecane,CCCCCCCCCCCCCCCC,alkane,0.9022,0.0,0.0978,0.0,0.0,1.0,101.325,1.0,502,333.15,9.949999999999989,above,5-10 K,0.56675667,0.32178304,0.11146027,0.014350999,0.3862386,0.59941036
,methyltris(2-methylpropyl)phosphonium tosylate,CC(C)C[P+](C)(CC(C)C)CC(C)C.Cc1ccc(S(=O)(=O)[O-])cc1,"[Pi4,i4,i4,1][Tos]",benzothiophene,c1ccc2sccc2c1,S-compound,n-hexadecane,CCCCCCCCCCCCCCCC,alkane,0.44950002,0.53810006,0.012400001,0.0,0.2435,0.7565,101.325,0.0,513,333.15,9.949999999999989,above,5-10 K,0.6811923,0.2606985,0.058109198,0.012385037,0.13802429,0.8495907
,methyltris(2-methylpropyl)phosphonium tosylate,CC(C)C[P+](C)(CC(C)C)CC(C)C.Cc1ccc(S(=O)(=O)[O-])cc1,"[Pi4,i4,i4,1][Tos]",benzothiophene,c1ccc2sccc2c1,S-compound,n-hexadecane,CCCCCCCCCCCCCCCC,alkane,0.5367,0.4459,0.0174,0.0,0.1716,0.8284,101.325,0.16666667,513,333.15,9.949999999999989,above,5-10 K,0.63159716,0.30165103,0.066751845,0.013585191,0.15908587,0.8273289
,methyltris(2-methylpropyl)phosphonium tosylate,CC(C)C[P+](C)(CC(C)C)CC(C)C.Cc1ccc(S(=O)(=O)[O-])cc1,"[Pi4,i4,i4,1][Tos]",benzothiophene,c1ccc2sccc2c1,S-compound,n-hexadecane,CCCCCCCCCCCCCCCC,alkane,0.5904,0.3811,0.0285,0.0,0.1668,0.8332,101.325,0.33333334,513,333.15,9.949999999999989,above,5-10 K,0.5792453,0.34498966,0.07576493,0.014835881,0.1826752,0.8024889
,methyltris(2-methylpropyl)phosphonium tosylate,CC(C)C[P+](C)(CC(C)C)CC(C)C.Cc1ccc(S(=O)(=O)[O-])cc1,"[Pi4,i4,i4,1][Tos]",benzothiophene,c1ccc2sccc2c1,S-compound,n-hexadecane,CCCCCCCCCCCCCCCC,alkane,0.68,0.2891,0.0309,0.0,0.1051,0.8949,101.325,0.5,513,333.15,9.949999999999989,above,5-10 K,0.5267197,0.38867646,0.08460385,0.015890287,0.20878617,0.7753235
,methyltris(2-methylpropyl)phosphonium tosylate,CC(C)C[P+](C)(CC(C)C)CC(C)C.Cc1ccc(S(=O)(=O)[O-])cc1,"[Pi4,i4,i4,1][Tos]",benzothiophene,c1ccc2sccc2c1,S-compound,n-hexadecane,CCCCCCCCCCCCCCCC,alkane,0.7918,0.1594,0.0488,0.0,0.0574,0.9426,101.325,0.6666667,513,333.15,9.949999999999989,above,5-10 K,0.4728883,0.43356636,0.09354537,0.017050179,0.23759069,0.7453591
,methyltris(2-methylpropyl)phosphonium tosylate,CC(C)C[P+](C)(CC(C)C)CC(C)C.Cc1ccc(S(=O)(=O)[O-])cc1,"[Pi4,i4,i4,1][Tos]",benzothiophene,c1ccc2sccc2c1,S-compound,n-hexadecane,CCCCCCCCCCCCCCCC,alkane,0.84790003,0.08280001,0.06930001,0.0,0.03,0.97,101.325,0.8333333,513,333.15,9.949999999999989,above,5-10 K,0.4190409,0.478604,0.102355145,0.018318737,0.26897994,0.7127013
,methyltris(2-methylpropyl)phosphonium tosylate,CC(C)C[P+](C)(CC(C)C)CC(C)C.Cc1ccc(S(=O)(=O)[O-])cc1,"[Pi4,i4,i4,1][Tos]",benzothiophene,c1ccc2sccc2c1,S-compound,n-hexadecane,CCCCCCCCCCCCCCCC,alkane,0.92,0.0,0.08,0.0,0.0,1.0,101.325,1.0,513,333.15,9.949999999999989,above,5-10 K,0.36577174,0.523852,0.110376246,0.016969826,0.30171978,0.6813104
,1-ethyl-3-methylimidazolium bis(trifluoromethylsulfonyl)imide,CCn1cc[n+](C)c1.O=S(=O)([N-]S(=O)(=O)C(F)(F)F)C(F)(F)F,[C2MIm][NTf2],1-propanol,CCCO,alcohol,water,O,water,0.76,0.0,0.24,0.001,0.0,0.999,101.325,0.0,724,283.2,9.949999999999989,below,5-10 K,0.36780047,0.1725433,0.45965615,0.011967083,0.04989671,0.9381363
,1-ethyl-3-methylimidazolium bis(trifluoromethylsulfonyl)imide,CCn1cc[n+](C)c1.O=S(=O)([N-]S(=O)(=O)C(F)(F)F)C(F)(F)F,[C2MIm][NTf2],1-propanol,CCCO,alcohol,water,O,water,0.604,0.1,0.296,0.001,0.025,0.974,101.325,0.14285715,724,283.2,9.949999999999989,below,5-10 K,0.32038075,0.18516433,0.49445495,0.012110999,0.04779012,0.9400988
,1-ethyl-3-methylimidazolium bis(trifluoromethylsulfonyl)imide,CCn1cc[n+](C)c1.O=S(=O)([N-]S(=O)(=O)C(F)(F)F)C(F)(F)F,[C2MIm][NTf2],1-propanol,CCCO,alcohol,water,O,water,0.446,0.199,0.355,0.001,0.053,0.946,101.325,0.2857143,724,283.2,9.949999999999989,below,5-10 K,0.27667418,0.19678313,0.52654266,0.012254886,0.04578056,0.94196457
,1-ethyl-3-methylimidazolium bis(trifluoromethylsulfonyl)imide,CCn1cc[n+](C)c1.O=S(=O)([N-]S(=O)(=O)C(F)(F)F)C(F)(F)F,[C2MIm][NTf2],1-propanol,CCCO,alcohol,water,O,water,0.314,0.261,0.425,0.002,0.071,0.927,101.325,0.42857143,724,283.2,9.949999999999989,below,5-10 K,0.2370295,0.2073305,0.55564,0.012401613,0.043918744,0.94367963
,1-ethyl-3-methylimidazolium bis(trifluoromethylsulfonyl)imide,CCn1cc[n+](C)c1.O=S(=O)([N-]S(=O)(=O)C(F)(F)F)C(F)(F)F,[C2MIm][NTf2],1-propanol,CCCO,alcohol,water,O,water,0.243,0.294,0.463,0.004,0.092,0.904,101.325,0.5714286,724,283.2,9.949999999999989,below,5-10 K,0.2017584,0.21673217,0.5815094,0.012551837,0.042183906,0.9452643
,1-ethyl-3-methylimidazolium bis(trifluoromethylsulfonyl)imide,CCn1cc[n+](C)c1.O=S(=O)([N-]S(=O)(=O)C(F)(F)F)C(F)(F)F,[C2MIm][NTf2],1-propanol,CCCO,alcohol,water,O,water,0.203,0.313,0.484,0.007,0.111,0.882,101.325,0.71428573,724,283.2,9.949999999999989,below,5-10 K,0.17796083,0.22587979,0.59615934,0.014463979,0.041557636,0.9439785
,1-ethyl-3-methylimidazolium bis(trifluoromethylsulfonyl)imide,CCn1cc[n+](C)c1.O=S(=O)([N-]S(=O)(=O)C(F)(F)F)C(F)(F)F,[C2MIm][NTf2],1-propanol,CCCO,alcohol,water,O,water,0.145,0.296,0.559,0.013,0.146,0.841,101.325,0.85714287,724,283.2,9.949999999999989,below,5-10 K,0.15390517,0.23395926,0.6121356,0.015588458,0.040571965,0.94383967
,1-ethyl-3-methylimidazolium bis(trifluoromethylsulfonyl)imide,CCn1cc[n+](C)c1.O=S(=O)([N-]S(=O)(=O)C(F)(F)F)C(F)(F)F,[C2MIm][NTf2],1-propanol,CCCO,alcohol,water,O,water,0.12,0.285,0.595,0.019,0.164,0.817,101.325,1.0,724,283.2,9.949999999999989,below,5-10 K,0.12970205,0.24071382,0.62958413,0.015773883,0.03912112,0.94510496
,1-butyl-3-methylimidazolium bis(trifluoromethylsulfonyl)imide,CCCCn1cc[n+](C)c1.O=S(=O)([N-]S(=O)(=O)C(F)(F)F)C(F)(F)F,[C4MIm][NTf2],ethanol,CCO,alcohol,water,O,water,0.804,0.0,0.196,0.001,0.0,0.999,101.325,0.0,727,283.2,9.949999999999989,below,5-10 K,0.48304573,0.16687295,0.3500813,0.0147893485,0.024522819,0.9606878
,1-butyl-3-methylimidazolium bis(trifluoromethylsulfonyl)imide,CCCCn1cc[n+](C)c1.O=S(=O)([N-]S(=O)(=O)C(F)(F)F)C(F)(F)F,[C4MIm][NTf2],ethanol,CCO,alcohol,water,O,water,0.74700004,0.039000005,0.21400002,0.0,0.028,0.972,101.325,0.083333336,727,283.2,9.949999999999989,below,5-10 K,0.45452264,0.17595242,0.3695249,0.014976488,0.024272406,0.9607511
,1-butyl-3-methylimidazolium bis(trifluoromethylsulfonyl)imide,CCCCn1cc[n+](C)c1.O=S(=O)([N-]S(=O)(=O)C(F)(F)F)C(F)(F)F,[C4MIm][NTf2],ethanol,CCO,alcohol,water,O,water,0.679,0.094,0.227,0.001,0.061,0.938,101.325,0.16666667,727,283.2,9.949999999999989,below,5-10 K,0.42325917,0.18692428,0.38981652,0.015116604,0.023972211,0.9609111
,1-butyl-3-methylimidazolium bis(trifluoromethylsulfonyl)imide,CCCCn1cc[n+](C)c1.O=S(=O)([N-]S(=O)(=O)C(F)(F)F)C(F)(F)F,[C4MIm][NTf2],ethanol,CCO,alcohol,water,O,water,0.601,0.155,0.244,0.0,0.095,0.905,101.325,0.25,727,283.2,9.949999999999989,below,5-10 K,0.3898142,0.19984354,0.4103423,0.015251115,0.023767002,0.9609819
,1-butyl-3-methylimidazolium bis(trifluoromethylsulfonyl)imide,CCCCn1cc[n+](C)c1.O=S(=O)([N-]S(=O)(=O)C(F)(F)F)C(F)(F)F,[C4MIm][NTf2],ethanol,CCO,alcohol,water,O,water,0.531,0.207,0.262,0.001,0.12,0.879,101.325,0.33333334,727,283.2,9.949999999999989,below,5-10 K,0.3632509,0.20845383,0.42829528,0.015441932,0.023550633,0.9610074
,1-butyl-3-methylimidazolium bis(trifluoromethylsulfonyl)imide,CCCCn1cc[n+](C)c1.O=S(=O)([N-]S(=O)(=O)C(F)(F)F)C(F)(F)F,[C4MIm][NTf2],ethanol,CCO,alcohol,water,O,water,0.465,0.257,0.278,0.001,0.144,0.855,101.325,0.41666666,727,283.2,9.949999999999989,below,5-10 K,0.33752063,0.21681386,0.44566542,0.015643971,0.02335178,0.96100426
,1-butyl-3-methylimidazolium bis(trifluoromethylsulfonyl)imide,CCCCn1cc[n+](C)c1.O=S(=O)([N-]S(=O)(=O)C(F)(F)F)C(F)(F)F,[C4MIm][NTf2],ethanol,CCO,alcohol,water,O,water,0.395,0.302,0.303,0.001,0.173,0.826,101.325,0.5,727,283.2,9.949999999999989,below,5-10 K,0.31286708,0.22484204,0.46229085,0.015841018,0.02315838,0.9610006
,1-butyl-3-methylimidazolium bis(trifluoromethylsulfonyl)imide,CCCCn1cc[n+](C)c1.O=S(=O)([N-]S(=O)(=O)C(F)(F)F)C(F)(F)F,[C4MIm][NTf2],ethanol,CCO,alcohol,water,O,water,0.299,0.349,0.352,0.005,0.22,0.775,101.325,0.6666667,727,283.2,9.949999999999989,below,5-10 K,0.26683962,0.23986453,0.49329582,0.016249938,0.022807617,0.9609424
,1-butyl-3-methylimidazolium bis(trifluoromethylsulfonyl)imide,CCCCn1cc[n+](C)c1.O=S(=O)([N-]S(=O)(=O)C(F)(F)F)C(F)(F)F,[C4MIm][NTf2],ethanol,CCO,alcohol,water,O,water,0.277,0.359,0.364,0.006,0.23,0.764,101.325,0.75,727,283.2,9.949999999999989,below,5-10 K,0.24554892,0.24683714,0.50761396,0.016458485,0.022643063,0.96089846
,1-butyl-3-methylimidazolium bis(trifluoromethylsulfonyl)imide,CCCCn1cc[n+](C)c1.O=S(=O)([N-]S(=O)(=O)C(F)(F)F)C(F)(F)F,[C4MIm][NTf2],ethanol,CCO,alcohol,water,O,water,0.229,0.38,0.391,0.01,0.263,0.727,101.325,0.8333333,727,283.2,9.949999999999989,below,5-10 K,0.2247631,0.2547771,0.5204598,0.017079124,0.022470541,0.96045023
,1-butyl-3-methylimidazolium bis(trifluoromethylsulfonyl)imide,CCCCn1cc[n+](C)c1.O=S(=O)([N-]S(=O)(=O)C(F)(F)F)C(F)(F)F,[C4MIm][NTf2],ethanol,CCO,alcohol,water,O,water,0.368,0.316,0.316,0.002,0.181,0.817,101.325,0.5833333,727,283.2,9.949999999999989,below,5-10 K,0.2876862,0.23453629,0.47777745,0.016645921,0.02294928,0.9604048
,1-butyl-3-methylimidazolium bis(trifluoromethylsulfonyl)imide,CCCCn1cc[n+](C)c1.O=S(=O)([N-]S(=O)(=O)C(F)(F)F)C(F)(F)F,[C4MIm][NTf2],ethanol,CCO,alcohol,water,O,water,0.224,0.379,0.397,0.01,0.264,0.726,101.325,0.9166667,727,283.2,9.949999999999989,below,5-10 K,0.20583054,0.2616416,0.53252786,0.017517978,0.022323348,0.9601587
,1-butyl-3-methylimidazolium bis(trifluoromethylsulfonyl)imide,CCCCn1cc[n+](C)c1.O=S(=O)([N-]S(=O)(=O)C(F)(F)F)C(F)(F)F,[C4MIm][NTf2],ethanol,CCO,alcohol,water,O,water,0.178,0.387,0.435,0.017,0.292,0.691,101.325,1.0,727,283.2,9.949999999999989,below,5-10 K,0.18837409,0.26750773,0.54411817,0.017741026,0.022188405,0.96007055
,1-butyl-3-methylimidazolium bis(trifluoromethylsulfonyl)imide,CCCCn1cc[n+](C)c1.O=S(=O)([N-]S(=O)(=O)C(F)(F)F)C(F)(F)F,[C4MIm][NTf2],ethanol,CCO,alcohol,water,O,water,0.65,0.0,0.35,0.001,0.0,0.999,101.325,0.0,729,283.2,9.949999999999989,below,5-10 K,0.4710282,0.17463183,0.35433996,0.015246703,0.024430957,0.9603224
,1-butyl-3-methylimidazolium bis(trifluoromethylsulfonyl)imide,CCCCn1cc[n+](C)c1.O=S(=O)([N-]S(=O)(=O)C(F)(F)F)C(F)(F)F,[C4MIm][NTf2],ethanol,CCO,alcohol,water,O,water,0.572,0.078,0.35,0.0,0.021,0.979,101.325,0.14285715,729,283.2,9.949999999999989,below,5-10 K,0.42603955,0.18833387,0.38562658,0.015389274,0.024059327,0.96055144
,1-butyl-3-methylimidazolium bis(trifluoromethylsulfonyl)imide,CCCCn1cc[n+](C)c1.O=S(=O)([N-]S(=O)(=O)C(F)(F)F)C(F)(F)F,[C4MIm][NTf2],ethanol,CCO,alcohol,water,O,water,0.48,0.137,0.383,0.001,0.043,0.956,101.325,0.2857143,729,283.2,9.949999999999989,below,5-10 K,0.38076058,0.20252979,0.41670957,0.015639218,0.023704425,0.96065634
,1-butyl-3-methylimidazolium bis(trifluoromethylsulfonyl)imide,CCCCn1cc[n+](C)c1.O=S(=O)([N-]S(=O)(=O)C(F)(F)F)C(F)(F)F,[C4MIm][NTf2],ethanol,CCO,alcohol,water,O,water,0.367,0.215,0.418,0.001,0.075,0.924,101.325,0.42857143,729,283.2,9.949999999999989,below,5-10 K,0.33628395,0.21695904,0.44675696,0.015980821,0.023353422,0.9606657
,1-butyl-3-methylimidazolium bis(trifluoromethylsulfonyl)imide,CCCCn1cc[n+](C)c1.O=S(=O)([N-]S(=O)(=O)C(F)(F)F)C(F)(F)F,[C4MIm][NTf2],ethanol,CCO,alcohol,water,O,water,0.31,0.256,0.434,0.002,0.096,0.902,101.325,0.5714286,729,283.2,9.949999999999989,below,5-10 K,0.29020458,0.22444756,0.4853478,0.012728787,0.02186215,0.96540904
,1-butyl-3-methylimidazolium bis(trifluoromethylsulfonyl)imide,CCCCn1cc[n+](C)c1.O=S(=O)([N-]S(=O)(=O)C(F)(F)F)C(F)(F)F,[C4MIm][NTf2],ethanol,CCO,alcohol,water,O,water,0.27,0.281,0.449,0.003,0.12,0.877,101.325,0.71428573,729,283.2,9.949999999999989,below,5-10 K,0.25136107,0.23669817,0.5119408,0.013014497,0.021554265,0.96543115
,1-butyl-3-methylimidazolium bis(trifluoromethylsulfonyl)imide,CCCCn1cc[n+](C)c1.O=S(=O)([N-]S(=O)(=O)C(F)(F)F)C(F)(F)F,[C4MIm][NTf2],ethanol,CCO,alcohol,water,O,water,0.186,0.321,0.493,0.005,0.146,0.849,101.325,0.85714287,729,283.2,9.949999999999989,below,5-10 K,0.21972637,0.25237012,0.52790356,0.015737584,0.022043604,0.96221876
,1-butyl-3-methylimidazolium bis(trifluoromethylsulfonyl)imide,CCCCn1cc[n+](C)c1.O=S(=O)([N-]S(=O)(=O)C(F)(F)F)C(F)(F)F,[C4MIm][NTf2],ethanol,CCO,alcohol,water,O,water,0.139,0.305,0.556,0.007,0.166,0.827,101.325,1.0,729,283.2,9.949999999999989,below,5-10 K,0.19054541,0.2649271,0.5445275,0.017482506,0.022212623,0.9603049
,1-butyl-3-methylimidazolium bis(trifluoromethylsulfonyl)imide,CCCCn1cc[n+](C)c1.O=S(=O)([N-]S(=O)(=O)C(F)(F)F)C(F)(F)F,[C4MIm][NTf2],2-propanol,CC(C)O,alcohol,water,O,water,0.812,0.0,0.188,0.0,0.0,1.0,101.325,0.0,730,283.2,9.949999999999989,below,5-10 K,0.38745806,0.18939078,0.42315114,0.015577067,0.045575302,0.9388477
,1-butyl-3-methylimidazolium bis(trifluoromethylsulfonyl)imide,CCCCn1cc[n+](C)c1.O=S(=O)([N-]S(=O)(=O)C(F)(F)F)C(F)(F)F,[C4MIm][NTf2],2-propanol,CC(C)O,alcohol,water,O,water,0.728,0.068,0.204,0.001,0.024,0.975,101.325,0.125,730,283.2,9.949999999999989,below,5-10 K,0.3201778,0.21168952,0.46813262,0.012802108,0.043686733,0.94351107
,1-butyl-3-methylimidazolium bis(trifluoromethylsulfonyl)imide,CCCCn1cc[n+](C)c1.O=S(=O)([N-]S(=O)(=O)C(F)(F)F)C(F)(F)F,[C4MIm][NTf2],2-propanol,CC(C)O,alcohol,water,O,water,0.623,0.145,0.232,0.001,0.052,0.947,101.325,0.25,730,283.2,9.949999999999989,below,5-10 K,0.2825208,0.22319125,0.494288,0.012952395,0.042331968,0.9447156
,1-butyl-3-methylimidazolium bis(trifluoromethylsulfonyl)imide,CCCCn1cc[n+](C)c1.O=S(=O)([N-]S(=O)(=O)C(F)(F)F)C(F)(F)F,[C4MIm][NTf2],2-propanol,CC(C)O,alcohol,water,O,water,0.471,0.24,0.289,0.0,0.075,0.925,101.325,0.375,730,283.2,9.949999999999989,below,5-10 K,0.25700527,0.23126157,0.5117332,0.015228152,0.04116525,0.9436066
,1-butyl-3-methylimidazolium bis(trifluoromethylsulfonyl)imide,CCCCn1cc[n+](C)c1.O=S(=O)([N-]S(=O)(=O)C(F)(F)F)C(F)(F)F,[C4MIm][NTf2],2-propanol,CC(C)O,alcohol,water,O,water,0.33900002,0.30800003,0.35300002,0.001,0.101,0.898,101.325,0.5,730,283.2,9.949999999999989,below,5-10 K,0.22503611,0.24113734,0.53382653,0.015403575,0.039963704,0.94463277
,1-butyl-3-methylimidazolium bis(trifluoromethylsulfonyl)imide,CCCCn1cc[n+](C)c1.O=S(=O)([N-]S(=O)(=O)C(F)(F)F)C(F)(F)F,[C4MIm][NTf2],2-propanol,CC(C)O,alcohol,water,O,water,0.224,0.34,0.436,0.005,0.137,0.858,101.325,0.625,730,283.2,9.949999999999989,below,5-10 K,0.1961784,0.25008455,0.55373704,0.015581304,0.038828984,0.9455898
,1-butyl-3-methylimidazolium bis(trifluoromethylsulfonyl)imide,CCCCn1cc[n+](C)c1.O=S(=O)([N-]S(=O)(=O)C(F)(F)F)C(F)(F)F,[C4MIm][NTf2],2-propanol,CC(C)O,alcohol,water,O,water,0.184,0.342,0.474,0.007,0.158,0.835,101.325,0.75,730,283.2,9.949999999999989,below,5-10 K,0.17339487,0.2536319,0.5729732,0.013869686,0.036066227,0.95006406
,1-butyl-3-methylimidazolium bis(trifluoromethylsulfonyl)imide,CCCCn1cc[n+](C)c1.O=S(=O)([N-]S(=O)(=O)C(F)(F)F)C(F)(F)F,[C4MIm][NTf2],2-propanol,CC(C)O,alcohol,water,O,water,0.15,0.337,0.513,0.01,0.179,0.811,101.325,0.875,730,283.2,9.949999999999989,below,5-10 K,0.15788215,0.2525126,0.5896053,0.010871273,0.0342259,0.95490277
,1-butyl-3-methylimidazolium bis(trifluoromethylsulfonyl)imide,CCCCn1cc[n+](C)c1.O=S(=O)([N-]S(=O)(=O)C(F)(F)F)C(F)(F)F,[C4MIm][NTf2],2-propanol,CC(C)O,alcohol,water,O,water,0.118,0.323,0.559,0.016,0.202,0.782,101.325,1.0,730,283.2,9.949999999999989,below,5-10 K,0.13557747,0.25929594,0.60512656,0.011009807,0.03327676,0.9557134
,1-butyl-1-methylpyrrolidinium bis(trifluoromethylsulfonyl)imide,CCCC[N+]1(C)CCCC1.O=S(=O)([N-]S(=O)(=O)C(F)(F)F)C(F)(F)F,[C4MPyr][NTf2],ethanol,CCO,alcohol,water,O,water,0.831,0.0,0.169,0.001,0.0,0.999,101.325,0.0,739,283.0,10.149999999999977,below,10-20 K,0.5075203,0.16847318,0.3240066,0.0057389163,0.011219325,0.98304176
,1-butyl-1-methylpyrrolidinium bis(trifluoromethylsulfonyl)imide,CCCC[N+]1(C)CCCC1.O=S(=O)([N-]S(=O)(=O)C(F)(F)F)C(F)(F)F,[C4MPyr][NTf2],ethanol,CCO,alcohol,water,O,water,0.788,0.029,0.183,0.0,0.023,0.977,101.325,0.1,739,283.0,10.149999999999977,below,10-20 K,0.47150004,0.18072018,0.34777978,0.0058497866,0.011150984,0.98299927
,1-butyl-1-methylpyrrolidinium bis(trifluoromethylsulfonyl)imide,CCCC[N+]1(C)CCCC1.O=S(=O)([N-]S(=O)(=O)C(F)(F)F)C(F)(F)F,[C4MPyr][NTf2],ethanol,CCO,alcohol,water,O,water,0.732,0.073,0.195,0.0,0.052,0.948,101.325,0.2,739,283.0,10.149999999999977,below,10-20 K,0.42597386,0.19705947,0.37696669,0.0065902187,0.0108920615,0.9825178
,1-butyl-1-methylpyrrolidinium bis(trifluoromethylsulfonyl)imide,CCCC[N+]1(C)CCCC1.O=S(=O)([N-]S(=O)(=O)C(F)(F)F)C(F)(F)F,[C4MPyr][NTf2],ethanol,CCO,alcohol,water,O,water,0.682,0.114,0.204,0.0,0.078,0.922,101.325,0.3,739,283.0,10.149999999999977,below,10-20 K,0.37726042,0.21650156,0.40623805,0.008175505,0.011193603,0.9806309
,1-butyl-1-methylpyrrolidinium bis(trifluoromethylsulfonyl)imide,CCCC[N+]1(C)CCCC1.O=S(=O)([N-]S(=O)(=O)C(F)(F)F)C(F)(F)F,[C4MPyr][NTf2],ethanol,CCO,alcohol,water,O,water,0.585,0.19,0.225,0.001,0.118,0.881,101.325,0.4,739,283.0,10.149999999999977,below,10-20 K,0.34675646,0.22644223,0.42680135,0.008174673,0.011139965,0.98068535
,1-butyl-1-methylpyrrolidinium bis(trifluoromethylsulfonyl)imide,CCCC[N+]1(C)CCCC1.O=S(=O)([N-]S(=O)(=O)C(F)(F)F)C(F)(F)F,[C4MPyr][NTf2],ethanol,CCO,alcohol,water,O,water,0.482,0.262,0.256,0.001,0.164,0.835,101.325,0.5,739,283.0,10.149999999999977,below,10-20 K,0.32622427,0.23411217,0.4396636,0.009219907,0.011202669,0.97957736
,1-butyl-1-methylpyrrolidinium bis(trifluoromethylsulfonyl)imide,CCCC[N+]1(C)CCCC1.O=S(=O)([N-]S(=O)(=O)C(F)(F)F)C(F)(F)F,[C4MPyr][NTf2],ethanol,CCO,alcohol,water,O,water,0.379,0.324,0.297,0.004,0.217,0.779,101.325,0.6,739,283.0,10.149999999999977,below,10-20 K,0.30062512,0.24465033,0.45472452,0.010010787,0.011584571,0.9784047
,1-butyl-1-methylpyrrolidinium bis(trifluoromethylsulfonyl)imide,CCCC[N+]1(C)CCCC1.O=S(=O)([N-]S(=O)(=O)C(F)(F)F)C(F)(F)F,[C4MPyr][NTf2],ethanol,CCO,alcohol,water,O,water,0.297,0.366,0.337,0.008,0.271,0.721,101.325,0.7,739,283.0,10.149999999999977,below,10-20 K,0.2728919,0.25449914,0.47260898,0.010195101,0.011553004,0.97825193
,1-butyl-1-methylpyrrolidinium bis(trifluoromethylsulfonyl)imide,CCCC[N+]1(C)CCCC1.O=S(=O)([N-]S(=O)(=O)C(F)(F)F)C(F)(F)F,[C4MPyr][NTf2],ethanol,CCO,alcohol,water,O,water,0.285,0.372,0.343,0.009,0.281,0.71,101.325,0.8,739,283.0,10.149999999999977,below,10-20 K,0.24310344,0.26590124,0.49099538,0.009177209,0.011269186,0.9795536
,1-butyl-1-methylpyrrolidinium bis(trifluoromethylsulfonyl)imide,CCCC[N+]1(C)CCCC1.O=S(=O)([N-]S(=O)(=O)C(F)(F)F)C(F)(F)F,[C4MPyr][NTf2],ethanol,CCO,alcohol,water,O,water,0.284,0.369,0.347,0.009,0.283,0.708,101.325,0.9,739,283.0,10.149999999999977,below,10-20 K,0.21096277,0.2810287,0.5080085,0.006747172,0.01112687,0.982126
,1-butyl-1-methylpyrrolidinium bis(trifluoromethylsulfonyl)imide,CCCC[N+]1(C)CCCC1.O=S(=O)([N-]S(=O)(=O)C(F)(F)F)C(F)(F)F,[C4MPyr][NTf2],ethanol,CCO,alcohol,water,O,water,0.199,0.4,0.401,0.021,0.338,0.641,101.325,1.0,739,283.0,10.149999999999977,below,10-20 K,0.18864836,0.28904974,0.5223019,0.0068888864,0.01111706,0.981994
,1-butyl-1-methylpyrrolidinium bis(trifluoromethylsulfonyl)imide,CCCC[N+]1(C)CCCC1.O=S(=O)([N-]S(=O)(=O)C(F)(F)F)C(F)(F)F,[C4MPyr][NTf2],ethanol,CCO,alcohol,water,O,water,0.64,0.0,0.36,0.001,0.0,0.999,101.325,0.0,742,333.0,9.800000000000011,above,5-10 K,0.55364746,0.15653673,0.2898158,0.004351611,0.01009151,0.9855569
,1-butyl-1-methylpyrrolidinium bis(trifluoromethylsulfonyl)imide,CCCC[N+]1(C)CCCC1.O=S(=O)([N-]S(=O)(=O)C(F)(F)F)C(F)(F)F,[C4MPyr][NTf2],ethanol,CCO,alcohol,water,O,water,0.563,0.06,0.377,0.001,0.017,0.982,101.325,0.16666667,742,333.0,9.800000000000011,above,5-10 K,0.49240553,0.17769672,0.3298978,0.004498005,0.009978661,0.98552334
,1-butyl-1-methylpyrrolidinium bis(trifluoromethylsulfonyl)imide,CCCC[N+]1(C)CCCC1.O=S(=O)([N-]S(=O)(=O)C(F)(F)F)C(F)(F)F,[C4MPyr][NTf2],ethanol,CCO,alcohol,water,O,water,0.474,0.134,0.392,0.001,0.041,0.958,101.325,0.33333334,742,333.0,9.800000000000011,above,5-10 K,0.42791247,0.20144165,0.37064582,0.0049856626,0.0099450415,0.9850692
,1-butyl-1-methylpyrrolidinium bis(trifluoromethylsulfonyl)imide,CCCC[N+]1(C)CCCC1.O=S(=O)([N-]S(=O)(=O)C(F)(F)F)C(F)(F)F,[C4MPyr][NTf2],ethanol,CCO,alcohol,water,O,water,0.391,0.193,0.416,0.001,0.064,0.935,101.325,0.5,742,333.0,9.800000000000011,above,5-10 K,0.37004557,0.22157432,0.40838012,0.0051569254,0.009870213,0.98497283
,1-butyl-1-methylpyrrolidinium bis(trifluoromethylsulfonyl)imide,CCCC[N+]1(C)CCCC1.O=S(=O)([N-]S(=O)(=O)C(F)(F)F)C(F)(F)F,[C4MPyr][NTf2],ethanol,CCO,alcohol,water,O,water,0.211,0.288,0.501,0.004,0.14,0.856,101.325,0.8333333,742,333.0,9.800000000000011,above,5-10 K,0.27296305,0.2452361,0.48180082,0.0065705306,0.009918249,0.9835112
,1-butyl-1-methylpyrrolidinium bis(trifluoromethylsulfonyl)imide,CCCC[N+]1(C)CCCC1.O=S(=O)([N-]S(=O)(=O)C(F)(F)F)C(F)(F)F,[C4MPyr][NTf2],ethanol,CCO,alcohol,water,O,water,0.221,0.284,0.495,0.004,0.134,0.862,101.325,0.6666667,742,333.0,9.800000000000011,above,5-10 K,0.32932872,0.22103913,0.4496321,0.006603579,0.010204197,0.98319227
,1-butyl-1-methylpyrrolidinium bis(trifluoromethylsulfonyl)imide,CCCC[N+]1(C)CCCC1.O=S(=O)([N-]S(=O)(=O)C(F)(F)F)C(F)(F)F,[C4MPyr][NTf2],ethanol,CCO,alcohol,water,O,water,0.141,0.273,0.586,0.014,0.179,0.807,101.325,1.0,742,333.0,9.800000000000011,above,5-10 K,0.23640813,0.25216335,0.51142853,0.0070446786,0.010141648,0.9828137
no,1-decyl-3-methylimidazolium bis(trifluoromethylsulfonyl)imide,CCCCCCCCCCn1cc[n+](C)c1.O=S(=O)([N-]S(=O)(=O)C(F)(F)F)C(F)(F)F,[C10MIm][NTf2],2-propanol,CC(C)O,alcohol,water,O,water,0.895,0.0,0.105,0.0,0.0,1.0,101.325,0.0,748,278.15,15.0,below,10-20 K,0.44809887,0.21207893,0.3398222,0.010927263,0.019012477,0.97006017
no,1-decyl-3-methylimidazolium bis(trifluoromethylsulfonyl)imide,CCCCCCCCCCn1cc[n+](C)c1.O=S(=O)([N-]S(=O)(=O)C(F)(F)F)C(F)(F)F,[C10MIm][NTf2],2-propanol,CC(C)O,alcohol,water,O,water,0.74,0.144,0.116,0.0,0.052947048,0.9470529,101.325,0.14285715,748,278.15,15.0,below,10-20 K,0.4004553,0.23038806,0.36915663,0.011134066,0.018723195,0.9701427
no,1-decyl-3-methylimidazolium bis(trifluoromethylsulfonyl)imide,CCCCCCCCCCn1cc[n+](C)c1.O=S(=O)([N-]S(=O)(=O)C(F)(F)F)C(F)(F)F,[C10MIm][NTf2],2-propanol,CC(C)O,alcohol,water,O,water,0.642,0.217,0.141,0.0,0.071,0.929,101.325,0.2857143,748,278.15,15.0,below,10-20 K,0.354814,0.24797422,0.39721188,0.011347066,0.018463658,0.97018933
no,1-decyl-3-methylimidazolium bis(trifluoromethylsulfonyl)imide,CCCCCCCCCCn1cc[n+](C)c1.O=S(=O)([N-]S(=O)(=O)C(F)(F)F)C(F)(F)F,[C10MIm][NTf2],2-propanol,CC(C)O,alcohol,water,O,water,0.519,0.321,0.16,0.0,0.1,0.9,101.325,0.42857143,748,278.15,15.0,below,10-20 K,0.31193063,0.26456487,0.4235045,0.011564491,0.018225627,0.97020984
no,1-decyl-3-methylimidazolium bis(trifluoromethylsulfonyl)imide,CCCCCCCCCCn1cc[n+](C)c1.O=S(=O)([N-]S(=O)(=O)C(F)(F)F)C(F)(F)F,[C10MIm][NTf2],2-propanol,CC(C)O,alcohol,water,O,water,0.356,0.393,0.251,0.0,0.127,0.873,101.325,0.5714286,748,278.15,15.0,below,10-20 K,0.2722123,0.28001317,0.44777453,0.011789382,0.018010598,0.97020006
no,1-decyl-3-methylimidazolium bis(trifluoromethylsulfonyl)imide,CCCCCCCCCCn1cc[n+](C)c1.O=S(=O)([N-]S(=O)(=O)C(F)(F)F)C(F)(F)F,[C10MIm][NTf2],2-propanol,CC(C)O,alcohol,water,O,water,0.259,0.416,0.325,0.0,0.139,0.861,101.325,0.71428573,748,278.15,15.0,below,10-20 K,0.23590694,0.29422253,0.46987054,0.0120219635,0.017823769,0.9701543
no,1-decyl-3-methylimidazolium bis(trifluoromethylsulfonyl)imide,CCCCCCCCCCn1cc[n+](C)c1.O=S(=O)([N-]S(=O)(=O)C(F)(F)F)C(F)(F)F,[C10MIm][NTf2],2-propanol,CC(C)O,alcohol,water,O,water,0.208,0.418,0.374,0.001,0.157,0.842,101.325,0.85714287,748,278.15,15.0,below,10-20 K,0.20336509,0.30706987,0.48956504,0.012259579,0.017657321,0.9700832
no,1-decyl-3-methylimidazolium bis(trifluoromethylsulfonyl)imide,CCCCCCCCCCn1cc[n+](C)c1.O=S(=O)([N-]S(=O)(=O)C(F)(F)F)C(F)(F)F,[C10MIm][NTf2],2-propanol,CC(C)O,alcohol,water,O,water,0.17,0.411,0.419,0.001,0.176,0.823,101.325,1.0,748,278.15,15.0,below,10-20 K,0.17716083,0.31740907,0.50543016,0.011771865,0.017506056,0.970722
no,1-decyl-3-methylimidazolium bis(trifluoromethylsulfonyl)imide,CCCCCCCCCCn1cc[n+](C)c1.O=S(=O)([N-]S(=O)(=O)C(F)(F)F)C(F)(F)F,[C10MIm][NTf2],2-propanol,CC(C)O,alcohol,water,O,water,0.812,0.0,0.188,0.0,0.0,1.0,101.325,0.0,749,288.15,5.0,below,0-5 K,0.468095,0.20361315,0.32829183,0.010098931,0.018651351,0.9712497
no,1-decyl-3-methylimidazolium bis(trifluoromethylsulfonyl)imide,CCCCCCCCCCn1cc[n+](C)c1.O=S(=O)([N-]S(=O)(=O)C(F)(F)F)C(F)(F)F,[C10MIm][NTf2],2-propanol,CC(C)O,alcohol,water,O,water,0.607,0.165,0.228,0.0,0.029,0.971,101.325,0.14285715,749,288.15,5.0,below,0-5 K,0.41940725,0.22224729,0.3583455,0.01028908,0.018354462,0.97135645
no,1-decyl-3-methylimidazolium bis(trifluoromethylsulfonyl)imide,CCCCCCCCCCn1cc[n+](C)c1.O=S(=O)([N-]S(=O)(=O)C(F)(F)F)C(F)(F)F,[C10MIm][NTf2],2-propanol,CC(C)O,alcohol,water,O,water,0.485,0.247,0.268,0.0,0.043,0.957,101.325,0.2857143,749,288.15,5.0,below,0-5 K,0.36426184,0.24248172,0.39325652,0.010623689,0.017935812,0.9714405
no,1-decyl-3-methylimidazolium bis(trifluoromethylsulfonyl)imide,CCCCCCCCCCn1cc[n+](C)c1.O=S(=O)([N-]S(=O)(=O)C(F)(F)F)C(F)(F)F,[C10MIm][NTf2],2-propanol,CC(C)O,alcohol,water,O,water,0.384,0.312,0.304,0.0,0.06,0.94,101.325,0.42857143,749,288.15,5.0,below,0-5 K,0.3204889,0.25926873,0.4202424,0.010830379,0.017701695,0.9714679
no,1-decyl-3-methylimidazolium bis(trifluoromethylsulfonyl)imide,CCCCCCCCCCn1cc[n+](C)c1.O=S(=O)([N-]S(=O)(=O)C(F)(F)F)C(F)(F)F,[C10MIm][NTf2],2-propanol,CC(C)O,alcohol,water,O,water,0.26,0.358,0.382,0.001,0.079,0.92,101.325,0.5714286,749,288.15,5.0,below,0-5 K,0.27980715,0.27493578,0.4452571,0.011036127,0.017479025,0.9714849
no,1-decyl-3-methylimidazolium bis(trifluoromethylsulfonyl)imide,CCCCCCCCCCn1cc[n+](C)c1.O=S(=O)([N-]S(=O)(=O)C(F)(F)F)C(F)(F)F,[C10MIm][NTf2],2-propanol,CC(C)O,alcohol,water,O,water,0.189,0.368,0.443,0.001,0.09,0.909,101.325,0.71428573,749,288.15,5.0,below,0-5 K,0.24258001,0.2893702,0.46804982,0.011257833,0.017297821,0.9714443
no,1-decyl-3-methylimidazolium bis(trifluoromethylsulfonyl)imide,CCCCCCCCCCn1cc[n+](C)c1.O=S(=O)([N-]S(=O)(=O)C(F)(F)F)C(F)(F)F,[C10MIm][NTf2],2-propanol,CC(C)O,alcohol,water,O,water,0.145,0.391,0.464,0.001,0.111,0.888,101.325,0.85714287,749,288.15,5.0,below,0-5 K,0.20912395,0.30246747,0.48840854,0.011480082,0.017127538,0.97139245
no,1-decyl-3-methylimidazolium bis(trifluoromethylsulfonyl)imide,CCCCCCCCCCn1cc[n+](C)c1.O=S(=O)([N-]S(=O)(=O)C(F)(F)F)C(F)(F)F,[C10MIm][NTf2],2-propanol,CC(C)O,alcohol,water,O,water,0.114,0.353,0.533,0.003,0.127,0.87,101.325,1.0,749,288.15,5.0,below,0-5 K,0.17931081,0.3142386,0.50645053,0.011711652,0.016991785,0.9712965
,1-butyl-3-methylimidazolium hexafluorophosphate,CCCCn1cc[n+](C)c1.F[P-](F)(F)(F)(F)F,[C4MIm][PF6],ethanol,CCO,alcohol,water,O,water,0.795,0.0,0.205,0.001,0.0,0.999,101.325,0.0,781,283.2,9.949999999999989,below,5-10 K,0.47724012,0.19286221,0.32989764,0.01825387,0.057381835,0.9243643
,1-butyl-3-methylimidazolium hexafluorophosphate,CCCCn1cc[n+](C)c1.F[P-](F)(F)(F)(F)F,[C4MIm][PF6],ethanol,CCO,alcohol,water,O,water,0.76,0.019,0.221,0.001,0.025,0.974,101.325,0.05263158,781,283.2,9.949999999999989,below,5-10 K,0.45864174,0.19966725,0.341691,0.018422935,0.057166364,0.92441064
,1-butyl-3-methylimidazolium hexafluorophosphate,CCCCn1cc[n+](C)c1.F[P-](F)(F)(F)(F)F,[C4MIm][PF6],ethanol,CCO,alcohol,water,O,water,0.736,0.043,0.221,0.001,0.056,0.943,101.325,0.10526316,781,283.2,9.949999999999989,below,5-10 K,0.4401679,0.20641442,0.35341766,0.018586833,0.056926526,0.92448664
,1-butyl-3-methylimidazolium hexafluorophosphate,CCCCn1cc[n+](C)c1.F[P-](F)(F)(F)(F)F,[C4MIm][PF6],ethanol,CCO,alcohol,water,O,water,0.695,0.087,0.218,0.001,0.094,0.905,101.325,0.15789473,781,283.2,9.949999999999989,below,5-10 K,0.42190573,0.21310051,0.36499372,0.018759508,0.05673833,0.92450213
,1-butyl-3-methylimidazolium hexafluorophosphate,CCCCn1cc[n+](C)c1.F[P-](F)(F)(F)(F)F,[C4MIm][PF6],ethanol,CCO,alcohol,water,O,water,0.649,0.122,0.229,0.002,0.127,0.871,101.325,0.21052632,781,283.2,9.949999999999989,below,5-10 K,0.4038238,0.2196997,0.37647653,0.018930452,0.056520943,0.9245486
,1-butyl-3-methylimidazolium hexafluorophosphate,CCCCn1cc[n+](C)c1.F[P-](F)(F)(F)(F)F,[C4MIm][PF6],ethanol,CCO,alcohol,water,O,water,0.607,0.156,0.237,0.003,0.159,0.838,101.325,0.2631579,781,283.2,9.949999999999989,below,5-10 K,0.38020384,0.2280089,0.39178726,0.019497996,0.056361247,0.9241408
,1-butyl-3-methylimidazolium hexafluorophosphate,CCCCn1cc[n+](C)c1.F[P-](F)(F)(F)(F)F,[C4MIm][PF6],ethanol,CCO,alcohol,water,O,water,0.572,0.18,0.248,0.003,0.19,0.807,101.325,0.31578946,781,283.2,9.949999999999989,below,5-10 K,0.36026287,0.23519987,0.4045373,0.019889388,0.056364752,0.9237458
,1-butyl-3-methylimidazolium hexafluorophosphate,CCCCn1cc[n+](C)c1.F[P-](F)(F)(F)(F)F,[C4MIm][PF6],ethanol,CCO,alcohol,water,O,water,0.545,0.197,0.258,0.004,0.222,0.774,101.325,0.36842105,781,283.2,9.949999999999989,below,5-10 K,0.34348327,0.24134398,0.41517273,0.02007228,0.056226883,0.92370075
,1-butyl-3-methylimidazolium hexafluorophosphate,CCCCn1cc[n+](C)c1.F[P-](F)(F)(F)(F)F,[C4MIm][PF6],ethanol,CCO,alcohol,water,O,water,0.51100004,0.22000001,0.26900002,0.007,0.261,0.732,101.325,0.42105263,781,283.2,9.949999999999989,below,5-10 K,0.32706562,0.24736519,0.4255692,0.020247664,0.056020845,0.9237314
,1-butyl-3-methylimidazolium hexafluorophosphate,CCCCn1cc[n+](C)c1.F[P-](F)(F)(F)(F)F,[C4MIm][PF6],ethanol,CCO,alcohol,water,O,water,0.493,0.234,0.273,0.008,0.285,0.707,101.325,0.47368422,781,283.2,9.949999999999989,below,5-10 K,0.31117192,0.25319353,0.43563458,0.02043474,0.055870168,0.9236951
,1-butyl-3-methylimidazolium hexafluorophosphate,CCCCn1cc[n+](C)c1.F[P-](F)(F)(F)(F)F,[C4MIm][PF6],ethanol,CCO,alcohol,water,O,water,0.469,0.253,0.278,0.011,0.315,0.674,101.325,0.5263158,781,283.2,9.949999999999989,below,5-10 K,0.2956865,0.25888637,0.44542712,0.020622352,0.055721622,0.92365605
,1-butyl-3-methylimidazolium hexafluorophosphate,CCCCn1cc[n+](C)c1.F[P-](F)(F)(F)(F)F,[C4MIm][PF6],ethanol,CCO,alcohol,water,O,water,0.462,0.26,0.278,0.013,0.336,0.651,101.325,0.57894737,781,283.2,9.949999999999989,below,5-10 K,0.28070801,0.26440302,0.454889,0.020809969,0.055568915,0.9236211
,1-butyl-3-methylimidazolium hexafluorophosphate,CCCCn1cc[n+](C)c1.F[P-](F)(F)(F)(F)F,[C4MIm][PF6],ethanol,CCO,alcohol,water,O,water,0.446,0.268,0.286,0.015,0.36,0.625,101.325,0.6315789,781,283.2,9.949999999999989,below,5-10 K,0.26604387,0.27014545,0.46381062,0.021221839,0.05545563,0.92332244
,1-butyl-3-methylimidazolium hexafluorophosphate,CCCCn1cc[n+](C)c1.F[P-](F)(F)(F)(F)F,[C4MIm][PF6],ethanol,CCO,alcohol,water,O,water,0.43,0.282,0.288,0.016,0.381,0.603,101.325,0.68421054,781,283.2,9.949999999999989,below,5-10 K,0.25205493,0.27533764,0.47260737,0.02141318,0.055321816,0.92326504
,1-butyl-3-methylimidazolium hexafluorophosphate,CCCCn1cc[n+](C)c1.F[P-](F)(F)(F)(F)F,[C4MIm][PF6],ethanol,CCO,alcohol,water,O,water,0.407,0.298,0.295,0.02,0.419,0.561,101.325,0.7368421,781,283.2,9.949999999999989,below,5-10 K,0.23862688,0.28031287,0.48106024,0.021606052,0.055202734,0.92319125
,1-butyl-3-methylimidazolium hexafluorophosphate,CCCCn1cc[n+](C)c1.F[P-](F)(F)(F)(F)F,[C4MIm][PF6],ethanol,CCO,alcohol,water,O,water,0.386,0.326,0.288,0.023,0.458,0.519,101.325,0.7894737,781,283.2,9.949999999999989,below,5-10 K,0.22569838,0.28514272,0.48915893,0.021805719,0.05509442,0.9230999
,1-butyl-3-methylimidazolium hexafluorophosphate,CCCCn1cc[n+](C)c1.F[P-](F)(F)(F)(F)F,[C4MIm][PF6],ethanol,CCO,alcohol,water,O,water,0.371,0.349,0.28,0.027,0.485,0.488,101.325,0.84210527,781,283.2,9.949999999999989,below,5-10 K,0.21329772,0.28976807,0.49693426,0.022003451,0.054987177,0.92300946
,1-butyl-3-methylimidazolium hexafluorophosphate,CCCCn1cc[n+](C)c1.F[P-](F)(F)(F)(F)F,[C4MIm][PF6],ethanol,CCO,alcohol,water,O,water,0.36200002,0.36400002,0.27400002,0.029,0.517,0.454,101.325,0.8947368,781,283.2,9.949999999999989,below,5-10 K,0.20664054,0.2920243,0.50133514,0.020832837,0.05461377,0.9245534
,1-butyl-3-methylimidazolium hexafluorophosphate,CCCCn1cc[n+](C)c1.F[P-](F)(F)(F)(F)F,[C4MIm][PF6],ethanol,CCO,alcohol,water,O,water,0.349,0.397,0.254,0.03,0.575,0.395,101.325,0.94736844,781,283.2,9.949999999999989,below,5-10 K,0.19502746,0.29640627,0.50856626,0.02102817,0.05452991,0.92444193
,1-butyl-3-methylimidazolium hexafluorophosphate,CCCCn1cc[n+](C)c1.F[P-](F)(F)(F)(F)F,[C4MIm][PF6],ethanol,CCO,alcohol,water,O,water,0.35400003,0.41300002,0.23300001,0.027,0.621,0.352,101.325,1.0,781,283.2,9.949999999999989,below,5-10 K,0.18335813,0.3005359,0.51610607,0.020946402,0.054289658,0.924764
,1-ethyl-3-methylimidazolium bis(trifluoromethylsulfonyl)imide,CCn1cc[n+](C)c1.O=S(=O)([N-]S(=O)(=O)C(F)(F)F)C(F)(F)F,[C2MIm][NTf2],ethanol,CCO,alcohol,water,O,water,0.673,0.061,0.266,0.0,0.044,0.956,101.325,0.0,788,283.2,9.949999999999989,below,5-10 K,0.47647297,0.15143064,0.37209642,0.010375175,0.031187775,0.958437
,1-ethyl-3-methylimidazolium bis(trifluoromethylsulfonyl)imide,CCn1cc[n+](C)c1.O=S(=O)([N-]S(=O)(=O)C(F)(F)F)C(F)(F)F,[C2MIm][NTf2],ethanol,CCO,alcohol,water,O,water,0.603,0.108,0.289,0.001,0.072,0.927,101.325,0.16666667,788,283.2,9.949999999999989,below,5-10 K,0.41731843,0.16817226,0.4145094,0.010630986,0.030278606,0.9590905
,1-ethyl-3-methylimidazolium bis(trifluoromethylsulfonyl)imide,CCn1cc[n+](C)c1.O=S(=O)([N-]S(=O)(=O)C(F)(F)F)C(F)(F)F,[C2MIm][NTf2],ethanol,CCO,alcohol,water,O,water,0.457,0.209,0.334,0.002,0.122,0.876,101.325,0.33333334,788,283.2,9.949999999999989,below,5-10 K,0.36073354,0.18477778,0.4544887,0.011330161,0.029637583,0.95903236
,1-ethyl-3-methylimidazolium bis(trifluoromethylsulfonyl)imide,CCn1cc[n+](C)c1.O=S(=O)([N-]S(=O)(=O)C(F)(F)F)C(F)(F)F,[C2MIm][NTf2],ethanol,CCO,alcohol,water,O,water,0.373,0.254,0.373,0.004,0.156,0.84,101.325,0.5,788,283.2,9.949999999999989,below,5-10 K,0.3082786,0.19969219,0.49202916,0.011610833,0.028845398,0.95954376
,1-ethyl-3-methylimidazolium bis(trifluoromethylsulfonyl)imide,CCn1cc[n+](C)c1.O=S(=O)([N-]S(=O)(=O)C(F)(F)F)C(F)(F)F,[C2MIm][NTf2],ethanol,CCO,alcohol,water,O,water,0.31,0.284,0.406,0.007,0.185,0.808,101.325,0.6666667,788,283.2,9.949999999999989,below,5-10 K,0.25254974,0.21391918,0.53353107,0.010671412,0.027725141,0.9616034
,1-ethyl-3-methylimidazolium bis(trifluoromethylsulfonyl)imide,CCn1cc[n+](C)c1.O=S(=O)([N-]S(=O)(=O)C(F)(F)F)C(F)(F)F,[C2MIm][NTf2],ethanol,CCO,alcohol,water,O,water,0.235,0.315,0.45,0.016,0.224,0.76,101.325,0.8333333,788,283.2,9.949999999999989,below,5-10 K,0.19644953,0.22655201,0.5769985,0.008750765,0.026509458,0.96473974
,1-ethyl-3-methylimidazolium bis(trifluoromethylsulfonyl)imide,CCn1cc[n+](C)c1.O=S(=O)([N-]S(=O)(=O)C(F)(F)F)C(F)(F)F,[C2MIm][NTf2],ethanol,CCO,alcohol,water,O,water,0.174,0.318,0.508,0.027,0.25,0.723,101.325,1.0,788,283.2,9.949999999999989,below,5-10 K,0.16405907,0.23947148,0.5964695,0.010552482,0.026212947,0.9632346
,1-ethyl-3-methylimidazolium bis(trifluoromethylsulfonyl)imide,CCn1cc[n+](C)c1.O=S(=O)([N-]S(=O)(=O)C(F)(F)F)C(F)(F)F,[C2MIm][NTf2],ethanol,CCO,alcohol,water,O,water,0.729,0.068,0.203,0.001,0.041,0.958,101.325,0.0,791,283.2,9.949999999999989,below,5-10 K,0.4490247,0.1641366,0.3868387,0.012556003,0.03135187,0.9560921
,1-ethyl-3-methylimidazolium bis(trifluoromethylsulfonyl)imide,CCn1cc[n+](C)c1.O=S(=O)([N-]S(=O)(=O)C(F)(F)F)C(F)(F)F,[C2MIm][NTf2],ethanol,CCO,alcohol,water,O,water,0.652,0.144,0.204,0.0,0.081,0.919,101.325,0.14285715,791,283.2,9.949999999999989,below,5-10 K,0.3997644,0.17850852,0.4217271,0.012817733,0.030591922,0.9565904
,1-ethyl-3-methylimidazolium bis(trifluoromethylsulfonyl)imide,CCn1cc[n+](C)c1.O=S(=O)([N-]S(=O)(=O)C(F)(F)F)C(F)(F)F,[C2MIm][NTf2],ethanol,CCO,alcohol,water,O,water,0.522,0.248,0.23,0.0,0.129,0.871,101.325,0.2857143,791,283.2,9.949999999999989,below,5-10 K,0.35272592,0.19220616,0.45506796,0.01307983,0.029861562,0.9570586
,1-ethyl-3-methylimidazolium bis(trifluoromethylsulfonyl)imide,CCn1cc[n+](C)c1.O=S(=O)([N-]S(=O)(=O)C(F)(F)F)C(F)(F)F,[C2MIm][NTf2],ethanol,CCO,alcohol,water,O,water,0.422,0.318,0.26,0.001,0.168,0.831,101.325,0.42857143,791,283.2,9.949999999999989,below,5-10 K,0.32992336,0.2005955,0.46948123,0.015167022,0.029814972,0.95501804
,1-ethyl-3-methylimidazolium bis(trifluoromethylsulfonyl)imide,CCn1cc[n+](C)c1.O=S(=O)([N-]S(=O)(=O)C(F)(F)F)C(F)(F)F,[C2MIm][NTf2],ethanol,CCO,alcohol,water,O,water,0.342,0.365,0.293,0.002,0.207,0.791,101.325,0.5714286,791,283.2,9.949999999999989,below,5-10 K,0.29838336,0.2111435,0.49047318,0.016493877,0.02955755,0.9539486
,1-ethyl-3-methylimidazolium bis(trifluoromethylsulfonyl)imide,CCn1cc[n+](C)c1.O=S(=O)([N-]S(=O)(=O)C(F)(F)F)C(F)(F)F,[C2MIm][NTf2],ethanol,CCO,alcohol,water,O,water,0.259,0.405,0.336,0.004,0.258,0.738,101.325,0.71428573,791,283.2,9.949999999999989,below,5-10 K,0.25927052,0.22289428,0.51783526,0.016832702,0.028956167,0.95421106
,1-ethyl-3-methylimidazolium bis(trifluoromethylsulfonyl)imide,CCn1cc[n+](C)c1.O=S(=O)([N-]S(=O)(=O)C(F)(F)F)C(F)(F)F,[C2MIm][NTf2],ethanol,CCO,alcohol,water,O,water,0.216,0.417,0.367,0.007,0.285,0.708,101.325,0.85714287,791,283.2,9.949999999999989,below,5-10 K,0.22395386,0.23355357,0.54249257,0.017172953,0.028392231,0.95443475
,1-ethyl-3-methylimidazolium bis(trifluoromethylsulfonyl)imide,CCn1cc[n+](C)c1.O=S(=O)([N-]S(=O)(=O)C(F)(F)F)C(F)(F)F,[C2MIm][NTf2],ethanol,CCO,alcohol,water,O,water,0.138,0.428,0.434,0.028,0.33,0.642,101.325,1.0,791,283.2,9.949999999999989,below,5-10 K,0.19228087,0.24319905,0.56452006,0.017522736,0.027864954,0.9546123
,1-butyl-3-methylimidazolium bis(trifluoromethylsulfonyl)imide,CCCCn1cc[n+](C)c1.O=S(=O)([N-]S(=O)(=O)C(F)(F)F)C(F)(F)F,[C4MIm][NTf2],2-propanol,CC(C)O,alcohol,water,O,water,0.728,0.068,0.204,0.001,0.024,0.975,101.325,0.0,794,283.2,9.949999999999989,below,5-10 K,0.40828595,0.18281633,0.4088977,0.016179524,0.04638397,0.93743646
,1-butyl-3-methylimidazolium bis(trifluoromethylsulfonyl)imide,CCCCn1cc[n+](C)c1.O=S(=O)([N-]S(=O)(=O)C(F)(F)F)C(F)(F)F,[C4MIm][NTf2],2-propanol,CC(C)O,alcohol,water,O,water,0.623,0.145,0.232,0.001,0.052,0.947,101.325,0.14285715,794,283.2,9.949999999999989,below,5-10 K,0.3587301,0.19805637,0.4432135,0.016453352,0.044591423,0.9389552
,1-butyl-3-methylimidazolium bis(trifluoromethylsulfonyl)imide,CCCCn1cc[n+](C)c1.O=S(=O)([N-]S(=O)(=O)C(F)(F)F)C(F)(F)F,[C4MIm][NTf2],2-propanol,CC(C)O,alcohol,water,O,water,0.471,0.24,0.289,0.0,0.075,0.925,101.325,0.2857143,794,283.2,9.949999999999989,below,5-10 K,0.314487,0.21153003,0.47398296,0.016693711,0.043056335,0.9402499
,1-butyl-3-methylimidazolium bis(trifluoromethylsulfonyl)imide,CCCCn1cc[n+](C)c1.O=S(=O)([N-]S(=O)(=O)C(F)(F)F)C(F)(F)F,[C4MIm][NTf2],2-propanol,CC(C)O,alcohol,water,O,water,0.33900002,0.30800003,0.35300002,0.001,0.101,0.898,101.325,0.42857143,794,283.2,9.949999999999989,below,5-10 K,0.2648216,0.22678262,0.5083958,0.013941354,0.039396834,0.94666183
,1-butyl-3-methylimidazolium bis(trifluoromethylsulfonyl)imide,CCCCn1cc[n+](C)c1.O=S(=O)([N-]S(=O)(=O)C(F)(F)F)C(F)(F)F,[C4MIm][NTf2],2-propanol,CC(C)O,alcohol,water,O,water,0.224,0.34,0.436,0.005,0.137,0.858,101.325,0.5714286,794,283.2,9.949999999999989,below,5-10 K,0.22729342,0.23829944,0.5344072,0.014124593,0.03806074,0.94781476
,1-butyl-3-methylimidazolium bis(trifluoromethylsulfonyl)imide,CCCCn1cc[n+](C)c1.O=S(=O)([N-]S(=O)(=O)C(F)(F)F)C(F)(F)F,[C4MIm][NTf2],2-propanol,CC(C)O,alcohol,water,O,water,0.184,0.342,0.474,0.007,0.158,0.835,101.325,0.71428573,794,283.2,9.949999999999989,below,5-10 K,0.19376354,0.2486391,0.55759734,0.0143131055,0.036795817,0.9488911
,1-butyl-3-methylimidazolium bis(trifluoromethylsulfonyl)imide,CCCCn1cc[n+](C)c1.O=S(=O)([N-]S(=O)(=O)C(F)(F)F)C(F)(F)F,[C4MIm][NTf2],2-propanol,CC(C)O,alcohol,water,O,water,0.15,0.337,0.513,0.01,0.179,0.811,101.325,0.85714287,794,283.2,9.949999999999989,below,5-10 K,0.16104038,0.25898486,0.5799747,0.013389067,0.035304092,0.95130676
,1-butyl-3-methylimidazolium bis(trifluoromethylsulfonyl)imide,CCCCn1cc[n+](C)c1.O=S(=O)([N-]S(=O)(=O)C(F)(F)F)C(F)(F)F,[C4MIm][NTf2],2-propanol,CC(C)O,alcohol,water,O,water,0.118,0.323,0.559,0.016,0.202,0.782,101.325,1.0,794,283.2,9.949999999999989,below,5-10 K,0.13419974,0.2675056,0.5982947,0.013039116,0.034066256,0.9528946
,1-butyl-1-methylpyrrolidinium bis(trifluoromethylsulfonyl)imide,CCCC[N+]1(C)CCCC1.O=S(=O)([N-]S(=O)(=O)C(F)(F)F)C(F)(F)F,[C4MPyr][NTf2],2-propanol,CC(C)O,alcohol,water,O,water,0.65000004,0.14500001,0.20500001,0.0,0.055,0.945,101.325,0.0,797,282.2,10.949999999999989,below,10-20 K,0.3915359,0.20334369,0.40512037,0.0072329324,0.018175742,0.9745914
,1-butyl-1-methylpyrrolidinium bis(trifluoromethylsulfonyl)imide,CCCC[N+]1(C)CCCC1.O=S(=O)([N-]S(=O)(=O)C(F)(F)F)C(F)(F)F,[C4MPyr][NTf2],2-propanol,CC(C)O,alcohol,water,O,water,0.52,0.227,0.253,0.001,0.08,0.919,101.325,0.16666667,797,282.2,10.949999999999989,below,10-20 K,0.33541453,0.22263959,0.4419459,0.0077182287,0.017730381,0.9745514
,1-butyl-1-methylpyrrolidinium bis(trifluoromethylsulfonyl)imide,CCCC[N+]1(C)CCCC1.O=S(=O)([N-]S(=O)(=O)C(F)(F)F)C(F)(F)F,[C4MPyr][NTf2],2-propanol,CC(C)O,alcohol,water,O,water,0.396,0.292,0.312,0.001,0.108,0.891,101.325,0.33333334,797,282.2,10.949999999999989,below,10-20 K,0.2846288,0.23981495,0.4755562,0.00788698,0.017258681,0.97485435
,1-butyl-1-methylpyrrolidinium bis(trifluoromethylsulfonyl)imide,CCCC[N+]1(C)CCCC1.O=S(=O)([N-]S(=O)(=O)C(F)(F)F)C(F)(F)F,[C4MPyr][NTf2],2-propanol,CC(C)O,alcohol,water,O,water,0.295,0.333,0.372,0.004,0.151,0.845,101.325,0.5,797,282.2,10.949999999999989,below,10-20 K,0.23909843,0.2554566,0.50544494,0.008069049,0.016824832,0.9751061
,1-butyl-1-methylpyrrolidinium bis(trifluoromethylsulfonyl)imide,CCCC[N+]1(C)CCCC1.O=S(=O)([N-]S(=O)(=O)C(F)(F)F)C(F)(F)F,[C4MPyr][NTf2],2-propanol,CC(C)O,alcohol,water,O,water,0.234,0.349,0.417,0.008,0.189,0.803,101.325,0.6666667,797,282.2,10.949999999999989,below,10-20 K,0.19903748,0.26914445,0.53181803,0.00824836,0.016438603,0.97531307
,1-butyl-1-methylpyrrolidinium bis(trifluoromethylsulfonyl)imide,CCCC[N+]1(C)CCCC1.O=S(=O)([N-]S(=O)(=O)C(F)(F)F)C(F)(F)F,[C4MPyr][NTf2],2-propanol,CC(C)O,alcohol,water,O,water,0.161,0.351,0.488,0.021,0.244,0.735,101.325,1.0,797,282.2,10.949999999999989,below,10-20 K,0.14806373,0.28487444,0.5670617,0.011580931,0.016803121,0.9716159
,1-butyl-1-methylpyrrolidinium bis(trifluoromethylsulfonyl)imide,CCCC[N+]1(C)CCCC1.O=S(=O)([N-]S(=O)(=O)C(F)(F)F)C(F)(F)F,[C4MPyr][NTf2],2-propanol,CC(C)O,alcohol,water,O,water,0.161,0.352,0.487,0.02,0.244,0.736,101.325,0.8333333,797,282.2,10.949999999999989,below,10-20 K,0.17840724,0.27412838,0.54746443,0.011337552,0.01712284,0.9715397
,1-butyl-3-methylimidazolium bis(trifluoromethylsulfonyl)imide,CCCCn1cc[n+](C)c1.O=S(=O)([N-]S(=O)(=O)C(F)(F)F)C(F)(F)F,[C4MIm][NTf2],1-propanol,CCCO,alcohol,water,O,water,0.804,0.0,0.196,0.001,0.0,0.999,101.325,0.0,800,283.15,10.0,below,5-10 K,0.4110023,0.18458419,0.40441355,0.016684232,0.04099491,0.9423208
,1-butyl-3-methylimidazolium bis(trifluoromethylsulfonyl)imide,CCCCn1cc[n+](C)c1.O=S(=O)([N-]S(=O)(=O)C(F)(F)F)C(F)(F)F,[C4MIm][NTf2],1-propanol,CCCO,alcohol,water,O,water,0.67300004,0.117000006,0.21000001,0.0,0.024,0.976,101.325,0.14285715,800,283.15,10.0,below,5-10 K,0.36316916,0.19945788,0.437373,0.016960576,0.03965768,0.94338185
,1-butyl-3-methylimidazolium bis(trifluoromethylsulfonyl)imide,CCCCn1cc[n+](C)c1.O=S(=O)([N-]S(=O)(=O)C(F)(F)F)C(F)(F)F,[C4MIm][NTf2],1-propanol,CCCO,alcohol,water,O,water,0.524,0.242,0.234,0.0,0.046,0.954,101.325,0.2857143,800,283.15,10.0,below,5-10 K,0.3187909,0.21324223,0.46796688,0.017189909,0.038387466,0.9444227
,1-butyl-3-methylimidazolium bis(trifluoromethylsulfonyl)imide,CCCCn1cc[n+](C)c1.O=S(=O)([N-]S(=O)(=O)C(F)(F)F)C(F)(F)F,[C4MIm][NTf2],1-propanol,CCCO,alcohol,water,O,water,0.424,0.304,0.272,0.001,0.057,0.942,101.325,0.42857143,800,283.15,10.0,below,5-10 K,0.27764624,0.22607481,0.496279,0.017420588,0.037189495,0.94538987
,1-butyl-3-methylimidazolium bis(trifluoromethylsulfonyl)imide,CCCCn1cc[n+](C)c1.O=S(=O)([N-]S(=O)(=O)C(F)(F)F)C(F)(F)F,[C4MIm][NTf2],1-propanol,CCCO,alcohol,water,O,water,0.27,0.357,0.373,0.001,0.076,0.923,101.325,0.5714286,800,283.15,10.0,below,5-10 K,0.24015136,0.2378149,0.52203375,0.017657872,0.036066953,0.9462751
,1-butyl-3-methylimidazolium bis(trifluoromethylsulfonyl)imide,CCCCn1cc[n+](C)c1.O=S(=O)([N-]S(=O)(=O)C(F)(F)F)C(F)(F)F,[C4MIm][NTf2],1-propanol,CCCO,alcohol,water,O,water,0.179,0.372,0.449,0.002,0.099,0.899,101.325,0.71428573,800,283.15,10.0,below,5-10 K,0.20642376,0.24843198,0.54514426,0.017903166,0.035021074,0.9470758
,1-butyl-3-methylimidazolium bis(trifluoromethylsulfonyl)imide,CCCCn1cc[n+](C)c1.O=S(=O)([N-]S(=O)(=O)C(F)(F)F)C(F)(F)F,[C4MIm][NTf2],1-propanol,CCCO,alcohol,water,O,water,0.132,0.37,0.498,0.003,0.118,0.879,101.325,0.85714287,800,283.15,10.0,below,5-10 K,0.17663266,0.25789884,0.56546855,0.018150559,0.034056943,0.9477925
,1-butyl-3-methylimidazolium bis(trifluoromethylsulfonyl)imide,CCCCn1cc[n+](C)c1.O=S(=O)([N-]S(=O)(=O)C(F)(F)F)C(F)(F)F,[C4MIm][NTf2],1-propanol,CCCO,alcohol,water,O,water,0.089,0.346,0.565,0.007,0.148,0.845,101.325,1.0,800,283.15,10.0,below,5-10 K,0.15058185,0.26620463,0.5832135,0.018380128,0.033128567,0.94849133
,1-ethyl-3-methylimidazolium acetate,CC(=O)[O-].CCn1cc[n+](C)c1,[C2MIm][OAc],ethanol,CCO,alcohol,ethyl acetate,CCOC(C)=O,ester,0.794,0.0,0.206,0.03,0.0,0.97,101.325,0.0,807,288.15,5.0,below,0-5 K,0.60620207,0.18311448,0.2106835,0.02497791,0.1284639,0.8465582
,1-ethyl-3-methylimidazolium acetate,CC(=O)[O-].CCn1cc[n+](C)c1,[C2MIm][OAc],ethanol,CCO,alcohol,ethyl acetate,CCOC(C)=O,ester,0.67,0.098,0.232,0.03,0.01,0.96,101.325,0.2,807,288.15,5.0,below,0-5 K,0.5498608,0.20915958,0.2409796,0.025775433,0.12551557,0.84870905
,1-ethyl-3-methylimidazolium acetate,CC(=O)[O-].CCn1cc[n+](C)c1,[C2MIm][OAc],ethanol,CCO,alcohol,ethyl acetate,CCOC(C)=O,ester,0.537,0.202,0.261,0.029,0.027,0.944,101.325,0.4,807,288.15,5.0,below,0-5 K,0.49238935,0.23569244,0.27191824,0.026460933,0.12254251,0.8509965
,1-ethyl-3-methylimidazolium acetate,CC(=O)[O-].CCn1cc[n+](C)c1,[C2MIm][OAc],ethanol,CCO,alcohol,ethyl acetate,CCOC(C)=O,ester,0.401,0.301,0.298,0.029,0.059,0.912,101.325,0.6,807,288.15,5.0,below,0-5 K,0.43514583,0.26206103,0.30279315,0.02704352,0.11959451,0.85336196
,1-ethyl-3-methylimidazolium acetate,CC(=O)[O-].CCn1cc[n+](C)c1,[C2MIm][OAc],ethanol,CCO,alcohol,ethyl acetate,CCOC(C)=O,ester,0.225,0.401,0.374,0.03,0.149,0.821,101.325,0.8,807,288.15,5.0,below,0-5 K,0.3802241,0.2876271,0.33214876,0.027879,0.117164694,0.8549564
,1-ethyl-3-methylimidazolium acetate,CC(=O)[O-].CCn1cc[n+](C)c1,[C2MIm][OAc],ethanol,CCO,alcohol,ethyl acetate,CCOC(C)=O,ester,0.177,0.412,0.411,0.034,0.196,0.77,101.325,1.0,807,288.15,5.0,below,0-5 K,0.32839802,0.3118689,0.35973305,0.028736636,0.11489715,0.8563662
,"1,3-dimethylimidazolium dimethylphosphate",COP(=O)([O-])OC.Cn1cc[n+](C)c1,[C1MIm][DMP],methanol,CO,alcohol,methyl acetate,COC(C)=O,ester,0.758,0.0,0.242,0.031,0.0,0.969,101.325,0.0,814,328.2,5.0,above,0-5 K,0.65847296,0.116027065,0.22550006,0.016976107,0.020048147,0.96297574
,"1,3-dimethylimidazolium dimethylphosphate",COP(=O)([O-])OC.Cn1cc[n+](C)c1,[C1MIm][DMP],methanol,CO,alcohol,methyl acetate,COC(C)=O,ester,0.702,0.039,0.259,0.035,0.012,0.953,101.325,0.1,814,328.2,5.0,above,0-5 K,0.6338444,0.12434112,0.24181446,0.017233403,0.019969594,0.96279705
,"1,3-dimethylimidazolium dimethylphosphate",COP(=O)([O-])OC.Cn1cc[n+](C)c1,[C1MIm][DMP],methanol,CO,alcohol,methyl acetate,COC(C)=O,ester,0.65,0.075,0.275,0.038,0.027,0.935,101.325,0.2,814,328.2,5.0,above,0-5 K,0.6089492,0.13274688,0.2583039,0.017589182,0.019952472,0.9624584
,"1,3-dimethylimidazolium dimethylphosphate",COP(=O)([O-])OC.Cn1cc[n+](C)c1,[C1MIm][DMP],methanol,CO,alcohol,methyl acetate,COC(C)=O,ester,0.613,0.1,0.287,0.04,0.038,0.922,101.325,0.3,814,328.2,5.0,above,0-5 K,0.584079,0.14115672,0.27476433,0.018051812,0.020008245,0.96193993
,"1,3-dimethylimidazolium dimethylphosphate",COP(=O)([O-])OC.Cn1cc[n+](C)c1,[C1MIm][DMP],methanol,CO,alcohol,methyl acetate,COC(C)=O,ester,0.581,0.121,0.298,0.041,0.05,0.909,101.325,0.4,814,328.2,5.0,above,0-5 K,0.55786973,0.15004954,0.29208067,0.01832017,0.01994189,0.96173793
,"1,3-dimethylimidazolium dimethylphosphate",COP(=O)([O-])OC.Cn1cc[n+](C)c1,[C1MIm][DMP],methanol,CO,alcohol,methyl acetate,COC(C)=O,ester,0.542,0.147,0.311,0.043,0.066,0.891,101.325,0.5,814,328.2,5.0,above,0-5 K,0.5313864,0.1590623,0.30955127,0.018597737,0.0198938,0.9615084
,"1,3-dimethylimidazolium dimethylphosphate",COP(=O)([O-])OC.Cn1cc[n+](C)c1,[C1MIm][DMP],methanol,CO,alcohol,methyl acetate,COC(C)=O,ester,0.51,0.156,0.334,0.043,0.072,0.885,101.325,0.6,814,328.2,5.0,above,0-5 K,0.5047895,0.16813181,0.32707864,0.018871084,0.019838251,0.9612906
,"1,3-dimethylimidazolium dimethylphosphate",COP(=O)([O-])OC.Cn1cc[n+](C)c1,[C1MIm][DMP],methanol,CO,alcohol,methyl acetate,COC(C)=O,ester,0.466,0.178,0.356,0.044,0.085,0.871,101.325,0.7,814,328.2,5.0,above,0-5 K,0.47826597,0.17721915,0.34451494,0.019149385,0.019797323,0.9610534
,"1,3-dimethylimidazolium dimethylphosphate",COP(=O)([O-])OC.Cn1cc[n+](C)c1,[C1MIm][DMP],methanol,CO,alcohol,methyl acetate,COC(C)=O,ester,0.428,0.193,0.379,0.047,0.093,0.86,101.325,0.8,814,328.2,5.0,above,0-5 K,0.44955885,0.18749063,0.36295053,0.019367563,0.019669712,0.9609628
,"1,3-dimethylimidazolium dimethylphosphate",COP(=O)([O-])OC.Cn1cc[n+](C)c1,[C1MIm][DMP],methanol,CO,alcohol,methyl acetate,COC(C)=O,ester,0.381,0.202,0.417,0.048,0.099,0.853,101.325,0.9,814,328.2,5.0,above,0-5 K,0.42354628,0.19646919,0.3799845,0.019649414,0.019631855,0.96071875
,"1,3-dimethylimidazolium dimethylphosphate",COP(=O)([O-])OC.Cn1cc[n+](C)c1,[C1MIm][DMP],methanol,CO,alcohol,methyl acetate,COC(C)=O,ester,0.332,0.225,0.443,0.052,0.114,0.834,101.325,1.0,814,328.2,5.0,above,0-5 K,0.39809448,0.20531158,0.39659393,0.019939845,0.019608961,0.96045125
no,Tetrabutylammonium,CCCC[N+](CCCC)(CCCC)CCCC,[N4444][Br],water,O,water,benzene,c1ccccc1,aromatic,0.027,0.96,0.013,0.001,0.011,0.988,101.325,0.0,839,328.15,4.949999999999989,above,0-5 K,0.1359322,0.73980963,0.12425819,0.0035919384,0.010579921,0.98582804
no,Tetrabutylammonium,CCCC[N+](CCCC)(CCCC)CCCC,[N4444][Br],water,O,water,benzene,c1ccccc1,aromatic,0.043,0.924,0.033,0.004,0.013,0.983,101.325,0.16666667,839,328.15,4.949999999999989,above,0-5 K,0.11380539,0.758898,0.12729664,0.0037415486,0.010769859,0.9854886
no,Tetrabutylammonium,CCCC[N+](CCCC)(CCCC)CCCC,[N4444][Br],water,O,water,benzene,c1ccccc1,aromatic,0.043,0.922,0.035,0.001,0.011,0.988,101.325,0.33333334,839,328.15,4.949999999999989,above,0-5 K,0.0950293,0.77514774,0.12982291,0.0038987854,0.010978939,0.9851223
no,Tetrabutylammonium,CCCC[N+](CCCC)(CCCC)CCCC,[N4444][Br],water,O,water,benzene,c1ccccc1,aromatic,0.061,0.864,0.075,0.001,0.009,0.99,101.325,0.5,839,328.15,4.949999999999989,above,0-5 K,0.07905365,0.7889992,0.13194714,0.004065402,0.0112121655,0.98472244
no,Tetrabutylammonium,CCCC[N+](CCCC)(CCCC)CCCC,[N4444][Br],water,O,water,benzene,c1ccccc1,aromatic,0.07,0.829,0.101,0.0,0.01,0.99,101.325,0.6666667,839,328.15,4.949999999999989,above,0-5 K,0.06569935,0.80059624,0.13370442,0.004239633,0.011457911,0.9843024
no,Tetrabutylammonium,CCCC[N+](CCCC)(CCCC)CCCC,[N4444][Br],water,O,water,benzene,c1ccccc1,aromatic,0.092,0.716,0.192,0.001,0.009,0.99,101.325,0.8333333,839,328.15,4.949999999999989,above,0-5 K,0.054573644,0.81033754,0.13508876,0.004422276,0.011741344,0.98383635
no,Tetrabutylammonium,CCCC[N+](CCCC)(CCCC)CCCC,[N4444][Br],water,O,water,benzene,c1ccccc1,aromatic,0.108,0.605,0.287,0.001,0.009,0.99,101.325,1.0,839,328.15,4.949999999999989,above,0-5 K,0.045323342,0.81848073,0.13619596,0.004611319,0.01204672,0.98334193
no,Tetrabutylammonium,CCCC[N+](CCCC)(CCCC)CCCC,[N4444][Br],water,O,water,benzene,c1ccccc1,aromatic,0.016,0.977,0.007,0.002,0.02,0.978,101.325,0.0,840,338.0,14.800000000000011,above,10-20 K,0.13710602,0.73878574,0.124108225,0.0035622348,0.010396536,0.98604125
no,Tetrabutylammonium,CCCC[N+](CCCC)(CCCC)CCCC,[N4444][Br],water,O,water,benzene,c1ccccc1,aromatic,0.027,0.959,0.014,0.001,0.015,0.984,101.325,0.14285715,840,338.0,14.800000000000011,above,10-20 K,0.11808342,0.75522983,0.12668675,0.0036888851,0.010563503,0.98574764
no,Tetrabutylammonium,CCCC[N+](CCCC)(CCCC)CCCC,[N4444][Br],water,O,water,benzene,c1ccccc1,aromatic,0.041,0.927,0.032,0.001,0.015,0.984,101.325,0.2857143,840,338.0,14.800000000000011,above,10-20 K,0.1016755,0.7695094,0.1288151,0.0038204023,0.010749936,0.98542964
no,Tetrabutylammonium,CCCC[N+](CCCC)(CCCC)CCCC,[N4444][Br],water,O,water,benzene,c1ccccc1,aromatic,0.053,0.888,0.059,0.004,0.014,0.982,101.325,0.42857143,840,338.0,14.800000000000011,above,10-20 K,0.08698324,0.78225744,0.13075928,0.0039577205,0.0109360665,0.9851062
no,Tetrabutylammonium,CCCC[N+](CCCC)(CCCC)CCCC,[N4444][Br],water,O,water,benzene,c1ccccc1,aromatic,0.063,0.852,0.085,0.002,0.015,0.983,101.325,0.5714286,840,338.0,14.800000000000011,above,10-20 K,0.07446349,0.793217,0.13231944,0.0040544807,0.0111106485,0.9848349
no,Tetrabutylammonium,CCCC[N+](CCCC)(CCCC)CCCC,[N4444][Br],water,O,water,benzene,c1ccccc1,aromatic,0.079,0.777,0.144,0.001,0.014,0.985,101.325,0.71428573,840,338.0,14.800000000000011,above,10-20 K,0.063616686,0.80269843,0.13368486,0.0041806824,0.011319316,0.98450005
no,Tetrabutylammonium,CCCC[N+](CCCC)(CCCC)CCCC,[N4444][Br],water,O,water,benzene,c1ccccc1,aromatic,0.095,0.712,0.193,0.001,0.012,0.987,101.325,0.85714287,840,338.0,14.800000000000011,above,10-20 K,0.054203644,0.8109098,0.13488658,0.0043573757,0.011570373,0.98407227
no,Tetrabutylammonium,CCCC[N+](CCCC)(CCCC)CCCC,[N4444][Br],water,O,water,benzene,c1ccccc1,aromatic,0.113,0.577,0.31,0.001,0.012,0.987,101.325,1.0,840,338.0,14.800000000000011,above,10-20 K,0.04611873,0.8179474,0.1359339,0.004569776,0.011852239,0.98357797
,1-ethyl-3-methylimidazolium tetrafluoroborate,CCn1cc[n+](C)c1.F[B-](F)(F)F,[C2MIm][BF4],water,O,water,tetrahydrofuran,C1CCOC1,ether,0.303,0.399,0.298,0.002,0.079,0.919,101.325,0.2857143,841,337.15,13.949999999999989,above,10-20 K,0.29510054,0.53102547,0.17387398,0.010388522,0.70379394,0.28581753
,1-ethyl-3-methylimidazolium tetrafluoroborate,CCn1cc[n+](C)c1.F[B-](F)(F)F,[C2MIm][BF4],water,O,water,tetrahydrofuran,C1CCOC1,ether,0.129,0.567,0.304,0.007,0.199,0.794,101.325,0.0,841,337.15,13.949999999999989,above,10-20 K,0.36397237,0.48076242,0.15526517,0.006820671,0.6985423,0.29463705
,1-ethyl-3-methylimidazolium tetrafluoroborate,CCn1cc[n+](C)c1.F[B-](F)(F)F,[C2MIm][BF4],water,O,water,tetrahydrofuran,C1CCOC1,ether,0.378,0.316,0.306,0.002,0.053,0.945,101.325,0.42857143,841,337.15,13.949999999999989,above,10-20 K,0.21097142,0.60109186,0.18793671,0.006143911,0.7291755,0.26468056
,1-ethyl-3-methylimidazolium tetrafluoroborate,CCn1cc[n+](C)c1.F[B-](F)(F)F,[C2MIm][BF4],water,O,water,tetrahydrofuran,C1CCOC1,ether,0.174,0.53,0.296,0.005,0.139,0.856,101.325,0.14285715,841,337.15,13.949999999999989,above,10-20 K,0.3018182,0.5288201,0.16936171,0.0070518996,0.7083012,0.28464687
,1-ethyl-3-methylimidazolium tetrafluoroborate,CCn1cc[n+](C)c1.F[B-](F)(F)F,[C2MIm][BF4],water,O,water,tetrahydrofuran,C1CCOC1,ether,0.549,0.117,0.334,0.002,0.031,0.967,101.325,0.71428573,841,337.15,13.949999999999989,above,10-20 K,0.15082192,0.6456213,0.20355675,0.008539719,0.7388424,0.25261784
,1-ethyl-3-methylimidazolium tetrafluoroborate,CCn1cc[n+](C)c1.F[B-](F)(F)F,[C2MIm][BF4],water,O,water,tetrahydrofuran,C1CCOC1,ether,0.492,0.18,0.328,0.002,0.042,0.956,101.325,0.5714286,841,337.15,13.949999999999989,above,10-20 K,0.18168315,0.6212649,0.197052,0.008347474,0.7307421,0.26091045
,1-butyl-3-methylimidazolium tetrafluoroborate,CCCCn1cc[n+](C)c1.F[B-](F)(F)F,[C4MIm][BF4],water,O,water,tetrahydrofuran,C1CCOC1,ether,0.27,0.053,0.677,0.005,0.015,0.98,101.325,1.0,841,337.15,13.949999999999989,above,10-20 K,0.10068112,0.6484583,0.2508606,0.011179249,0.79137087,0.19744991
,1-butyl-3-methylimidazolium tetrafluoroborate,CCCCn1cc[n+](C)c1.F[B-](F)(F)F,[C4MIm][BF4],water,O,water,tetrahydrofuran,C1CCOC1,ether,0.192,0.126,0.682,0.01,0.046,0.944,101.325,0.85714287,841,337.15,13.949999999999989,above,10-20 K,0.13904344,0.63046956,0.23048697,0.008446873,0.777241,0.21431212
,trihexyltetradecylphosphonium bis(trifluoromethylsulfonyl)imide,CCCCCCCCCCCCCC[P+](CCCCCC)(CCCCCC)CCCCCC.O=S(=O)([N-]S(=O)(=O)C(F)(F)F)C(F)(F)F,"[P6,6,6,14][NTf2]",n-dodecane,CCCCCCCCCCCC,alkane,water,O,water,0.823,0.0,0.177,0.0,0.0,1.0,101.325,0.0,852,348.15,24.94999999999999,above,>20 K,0.89644486,0.06354833,0.040006932,0.0011464531,0.0145735135,0.98428
,trihexyltetradecylphosphonium bis(trifluoromethylsulfonyl)imide,CCCCCCCCCCCCCC[P+](CCCCCC)(CCCCCC)CCCCCC.O=S(=O)([N-]S(=O)(=O)C(F)(F)F)C(F)(F)F,"[P6,6,6,14][NTf2]",n-dodecane,CCCCCCCCCCCC,alkane,water,O,water,0.774,0.063,0.163,0.0,0.0,1.0,101.325,0.11111111,852,348.15,24.94999999999999,above,>20 K,0.8810721,0.073152415,0.045775462,0.001161769,0.014371854,0.98446643
,trihexyltetradecylphosphonium bis(trifluoromethylsulfonyl)imide,CCCCCCCCCCCCCC[P+](CCCCCC)(CCCCCC)CCCCCC.O=S(=O)([N-]S(=O)(=O)C(F)(F)F)C(F)(F)F,"[P6,6,6,14][NTf2]",n-dodecane,CCCCCCCCCCCC,alkane,water,O,water,0.72900003,0.12200001,0.14900002,0.0,0.0,1.0,101.325,0.22222222,852,348.15,24.94999999999999,above,>20 K,0.86389107,0.08391484,0.05219411,0.0011774065,0.01417509,0.9846475
,trihexyltetradecylphosphonium bis(trifluoromethylsulfonyl)imide,CCCCCCCCCCCCCC[P+](CCCCCC)(CCCCCC)CCCCCC.O=S(=O)([N-]S(=O)(=O)C(F)(F)F)C(F)(F)F,"[P6,6,6,14][NTf2]",n-dodecane,CCCCCCCCCCCC,alkane,water,O,water,0.679,0.201,0.12,0.0,0.0,1.0,101.325,0.33333334,852,348.15,24.94999999999999,above,>20 K,0.8445803,0.096037775,0.0593819,0.0011937113,0.013990594,0.9848157
,trihexyltetradecylphosphonium bis(trifluoromethylsulfonyl)imide,CCCCCCCCCCCCCC[P+](CCCCCC)(CCCCCC)CCCCCC.O=S(=O)([N-]S(=O)(=O)C(F)(F)F)C(F)(F)F,"[P6,6,6,14][NTf2]",n-dodecane,CCCCCCCCCCCC,alkane,water,O,water,0.624,0.277,0.099,0.0,0.0,1.0,101.325,0.44444445,852,348.15,24.94999999999999,above,>20 K,0.8186774,0.11245714,0.06886538,0.0007836478,0.011922475,0.9872939
,trihexyltetradecylphosphonium bis(trifluoromethylsulfonyl)imide,CCCCCCCCCCCCCC[P+](CCCCCC)(CCCCCC)CCCCCC.O=S(=O)([N-]S(=O)(=O)C(F)(F)F)C(F)(F)F,"[P6,6,6,14][NTf2]",n-dodecane,CCCCCCCCCCCC,alkane,water,O,water,0.542,0.387,0.071,0.0,0.0,1.0,101.325,0.5555556,852,348.15,24.94999999999999,above,>20 K,0.7935577,0.12839264,0.07804966,0.0007950023,0.011783368,0.98742163
,trihexyltetradecylphosphonium bis(trifluoromethylsulfonyl)imide,CCCCCCCCCCCCCC[P+](CCCCCC)(CCCCCC)CCCCCC.O=S(=O)([N-]S(=O)(=O)C(F)(F)F)C(F)(F)F,"[P6,6,6,14][NTf2]",n-dodecane,CCCCCCCCCCCC,alkane,water,O,water,0.502,0.439,0.059,0.0,0.0,1.0,101.325,0.6666667,852,348.15,24.94999999999999,above,>20 K,0.7698387,0.14305247,0.08710883,0.0011176843,0.01243944,0.9864428
,trihexyltetradecylphosphonium bis(trifluoromethylsulfonyl)imide,CCCCCCCCCCCCCC[P+](CCCCCC)(CCCCCC)CCCCCC.O=S(=O)([N-]S(=O)(=O)C(F)(F)F)C(F)(F)F,"[P6,6,6,14][NTf2]",n-dodecane,CCCCCCCCCCCC,alkane,water,O,water,0.453,0.495,0.052,0.0,0.0,1.0,101.325,0.7777778,852,348.15,24.94999999999999,above,>20 K,0.7523405,0.15312801,0.09453148,0.002076137,0.01408837,0.98383546
,trihexyltetradecylphosphonium bis(trifluoromethylsulfonyl)imide,CCCCCCCCCCCCCC[P+](CCCCCC)(CCCCCC)CCCCCC.O=S(=O)([N-]S(=O)(=O)C(F)(F)F)C(F)(F)F,"[P6,6,6,14][NTf2]",n-dodecane,CCCCCCCCCCCC,alkane,water,O,water,0.422,0.528,0.05,0.0,0.0,1.0,101.325,0.8888889,852,348.15,24.94999999999999,above,>20 K,0.72360086,0.1713264,0.10507272,0.0021047704,0.013955794,0.9839394
,trihexyltetradecylphosphonium bis(trifluoromethylsulfonyl)imide,CCCCCCCCCCCCCC[P+](CCCCCC)(CCCCCC)CCCCCC.O=S(=O)([N-]S(=O)(=O)C(F)(F)F)C(F)(F)F,"[P6,6,6,14][NTf2]",n-dodecane,CCCCCCCCCCCC,alkane,water,O,water,0.282,0.671,0.047,0.0,0.0,1.0,101.325,1.0,852,348.15,24.94999999999999,above,>20 K,0.69286126,0.19086383,0.11627488,0.0021349324,0.013832047,0.98403305
