Involved in the gama database,IL (Component 1) full name,smiles1,IL abbreviation,Component 2,smiles2,Family of component 2,Component 3,smiles3,Family of component 3,Ex1,Ex2,Ex3,Rx1,Rx2,Rx3,P,t,system_id,T,pred_Ex1,pred_Ex2,pred_Ex3,pred_Rx1,pred_Rx2,pred_Rx3
,1-butyl-1-methylpyrrolidinium bis(trifluoromethylsulfonyl)imide,CCCC[N+]1(C)CCCC1.O=S(=O)([N-]S(=O)(=O)C(F)(F)F)C(F)(F)F,[C4MPyr][NTf2],toluene,Cc1ccccc1,aromatic,n-heptane,CCCCCCC,alkane,0.936,0.0,0.064,0.0,0.0,1.0,101.325,0.0,24,298.15,0.8080104,0.17994843,0.012041122,0.003652741,0.23203719,0.7643101
,1-butyl-1-methylpyrrolidinium bis(trifluoromethylsulfonyl)imide,CCCC[N+]1(C)CCCC1.O=S(=O)([N-]S(=O)(=O)C(F)(F)F)C(F)(F)F,[C4MPyr][NTf2],toluene,Cc1ccccc1,aromatic,n-heptane,CCCCCCC,alkane,0.9,0.035,0.065,0.0,0.035,0.965,101.325,0.09090909,24,298.15,0.7853077,0.20133142,0.013360916,0.003843516,0.2523355,0.743821
,1-butyl-1-methylpyrrolidinium bis(trifluoromethylsulfonyl)imide,CCCC[N+]1(C)CCCC1.O=S(=O)([N-]S(=O)(=O)C(F)(F)F)C(F)(F)F,[C4MPyr][NTf2],toluene,Cc1ccccc1,aromatic,n-heptane,CCCCCCC,alkane,0.837,0.101,0.062,0.0,0.094,0.906,101.325,0.18181819,24,298.15,0.76073486,0.22449449,0.014770717,0.0040332684,0.27379593,0.72217077
,1-butyl-1-methylpyrrolidinium bis(trifluoromethylsulfonyl)imide,CCCC[N+]1(C)CCCC1.O=S(=O)([N-]S(=O)(=O)C(F)(F)F)C(F)(F)F,[C4MPyr][NTf2],toluene,Cc1ccccc1,aromatic,n-heptane,CCCCCCC,alkane,0.79,0.149,0.061,0.0,0.136,0.864,101.325,0.27272728,24,298.15,0.73433083,0.24939631,0.016272781,0.004220888,0.2963682,0.69941086
,1-butyl-1-methylpyrrolidinium bis(trifluoromethylsulfonyl)imide,CCCC[N+]1(C)CCCC1.O=S(=O)([N-]S(=O)(=O)C(F)(F)F)C(F)(F)F,[C4MPyr][NTf2],toluene,Cc1ccccc1,aromatic,n-heptane,CCCCCCC,alkane,0.747,0.194,0.059,0.0,0.189,0.811,101.325,0.36363637,24,298.15,0.7157223,0.2662418,0.018035894,0.0053794878,0.32736784,0.66725266
,1-butyl-1-methylpyrrolidinium bis(trifluoromethylsulfonyl)imide,CCCC[N+]1(C)CCCC1.O=S(=O)([N-]S(=O)(=O)C(F)(F)F)C(F)(F)F,[C4MPyr][NTf2],toluene,Cc1ccccc1,aromatic,n-heptane,CCCCCCC,alkane,0.70500004,0.23800002,0.057000004,0.0,0.245,0.755,101.325,0.45454547,24,298.15,0.6869208,0.29336855,0.019710641,0.0055930885,0.35158956,0.6428174
,1-butyl-1-methylpyrrolidinium bis(trifluoromethylsulfonyl)imide,CCCC[N+]1(C)CCCC1.O=S(=O)([N-]S(=O)(=O)C(F)(F)F)C(F)(F)F,[C4MPyr][NTf2],toluene,Cc1ccccc1,aromatic,n-heptane,CCCCCCC,alkane,0.671,0.273,0.056,0.0,0.291,0.709,101.325,0.54545456,24,298.15,0.65260524,0.3258516,0.021543225,0.0060140626,0.37490344,0.6190825
,1-butyl-1-methylpyrrolidinium bis(trifluoromethylsulfonyl)imide,CCCC[N+]1(C)CCCC1.O=S(=O)([N-]S(=O)(=O)C(F)(F)F)C(F)(F)F,[C4MPyr][NTf2],toluene,Cc1ccccc1,aromatic,n-heptane,CCCCCCC,alkane,0.637,0.306,0.057,0.0,0.346,0.654,101.325,0.6363636,24,298.15,0.6121383,0.36429858,0.023563223,0.00662184,0.39975783,0.59362036
,1-butyl-1-methylpyrrolidinium bis(trifluoromethylsulfonyl)imide,CCCC[N+]1(C)CCCC1.O=S(=O)([N-]S(=O)(=O)C(F)(F)F)C(F)(F)F,[C4MPyr][NTf2],toluene,Cc1ccccc1,aromatic,n-heptane,CCCCCCC,alkane,0.596,0.352,0.052,0.0,0.399,0.601,101.325,0.72727275,24,298.15,0.57947767,0.39517194,0.025350414,0.006828012,0.425898,0.567274
,1-butyl-1-methylpyrrolidinium bis(trifluoromethylsulfonyl)imide,CCCC[N+]1(C)CCCC1.O=S(=O)([N-]S(=O)(=O)C(F)(F)F)C(F)(F)F,[C4MPyr][NTf2],toluene,Cc1ccccc1,aromatic,n-heptane,CCCCCCC,alkane,0.528,0.421,0.051,0.0,0.521,0.479,101.325,0.8181818,24,298.15,0.54595655,0.4268958,0.027147664,0.0070174257,0.452561,0.5404216
,1-butyl-1-methylpyrrolidinium bis(trifluoromethylsulfonyl)imide,CCCC[N+]1(C)CCCC1.O=S(=O)([N-]S(=O)(=O)C(F)(F)F)C(F)(F)F,[C4MPyr][NTf2],toluene,Cc1ccccc1,aromatic,n-heptane,CCCCCCC,alkane,0.467,0.49,0.043,0.0,0.649,0.351,101.325,0.90909094,24,298.15,0.5254704,0.4457945,0.028735183,0.0065255626,0.4765259,0.5169486
,1-butyl-1-methylpyrrolidinium bis(trifluoromethylsulfonyl)imide,CCCC[N+]1(C)CCCC1.O=S(=O)([N-]S(=O)(=O)C(F)(F)F)C(F)(F)F,[C4MPyr][NTf2],toluene,Cc1ccccc1,aromatic,n-heptane,CCCCCCC,alkane,0.402,0.556,0.042,0.0,0.768,0.232,101.325,1.0,24,298.15,0.49158356,0.47786134,0.030555021,0.006667556,0.5031383,0.49019414
no,1-decyl-3-methylimidazolium bis(trifluoromethylsulfonyl)imide,CCCCCCCCCCn1cc[n+](C)c1.O=S(=O)([N-]S(=O)(=O)C(F)(F)F)C(F)(F)F,[C10MIm][NTf2],benzene,c1ccccc1,aromatic,n-hexane,CCCCCC,alkane,0.526,0.084,0.39,0.0,0.038,0.962,101.325,0.0,32,298.15,0.6155521,0.33610955,0.048338227,0.010087822,0.2175974,0.7723148
no,1-decyl-3-methylimidazolium bis(trifluoromethylsulfonyl)imide,CCCCCCCCCCn1cc[n+](C)c1.O=S(=O)([N-]S(=O)(=O)C(F)(F)F)C(F)(F)F,[C10MIm][NTf2],benzene,c1ccccc1,aromatic,n-hexane,CCCCCC,alkane,0.455,0.199,0.346,0.0,0.105,0.895,101.325,0.14285715,32,298.15,0.566651,0.37928537,0.054063637,0.010838409,0.24627377,0.74288785
no,1-decyl-3-methylimidazolium bis(trifluoromethylsulfonyl)imide,CCCCCCCCCCn1cc[n+](C)c1.O=S(=O)([N-]S(=O)(=O)C(F)(F)F)C(F)(F)F,[C10MIm][NTf2],benzene,c1ccccc1,aromatic,n-hexane,CCCCCC,alkane,0.357,0.337,0.306,0.0,0.199,0.801,101.325,0.2857143,32,298.15,0.5166278,0.42352787,0.059844326,0.011580634,0.2772458,0.7111736
no,1-decyl-3-methylimidazolium bis(trifluoromethylsulfonyl)imide,CCCCCCCCCCn1cc[n+](C)c1.O=S(=O)([N-]S(=O)(=O)C(F)(F)F)C(F)(F)F,[C10MIm][NTf2],benzene,c1ccccc1,aromatic,n-hexane,CCCCCC,alkane,0.309,0.411,0.28,0.0,0.269,0.731,101.325,0.42857143,32,298.15,0.47237307,0.4635722,0.06405473,0.011284494,0.31407994,0.6746355
no,1-decyl-3-methylimidazolium bis(trifluoromethylsulfonyl)imide,CCCCCCCCCCn1cc[n+](C)c1.O=S(=O)([N-]S(=O)(=O)C(F)(F)F)C(F)(F)F,[C10MIm][NTf2],benzene,c1ccccc1,aromatic,n-hexane,CCCCCC,alkane,0.207,0.553,0.24,0.0,0.458,0.542,101.325,0.5714286,32,298.15,0.42564896,0.50558716,0.06876392,0.01138179,0.35163277,0.6369855
no,1-decyl-3-methylimidazolium bis(trifluoromethylsulfonyl)imide,CCCCCCCCCCn1cc[n+](C)c1.O=S(=O)([N-]S(=O)(=O)C(F)(F)F)C(F)(F)F,[C10MIm][NTf2],benzene,c1ccccc1,aromatic,n-hexane,CCCCCC,alkane,0.139,0.667,0.194,0.0,0.637,0.363,101.325,0.71428573,32,298.15,0.37355638,0.5522346,0.074209005,0.012138091,0.388395,0.59946686
no,1-decyl-3-methylimidazolium bis(trifluoromethylsulfonyl)imide,CCCCCCCCCCn1cc[n+](C)c1.O=S(=O)([N-]S(=O)(=O)C(F)(F)F)C(F)(F)F,[C10MIm][NTf2],benzene,c1ccccc1,aromatic,n-hexane,CCCCCC,alkane,0.109,0.728,0.163,0.0,0.731,0.269,101.325,0.85714287,32,298.15,0.32164782,0.599073,0.07927913,0.013004597,0.4258744,0.561121
no,1-decyl-3-methylimidazolium bis(trifluoromethylsulfonyl)imide,CCCCCCCCCCn1cc[n+](C)c1.O=S(=O)([N-]S(=O)(=O)C(F)(F)F)C(F)(F)F,[C10MIm][NTf2],benzene,c1ccccc1,aromatic,n-hexane,CCCCCC,alkane,0.087,0.792,0.121,0.001,0.815,0.184,101.325,1.0,32,298.15,0.27984598,0.63667196,0.083482,0.013459965,0.46473423,0.5218058
no,1-ethyl acetate-1-methylimidazolium bis(trifluoromethylsulfonyl)imide,CCOC(C)=O.Cn1cc[nH+]c1.O=S(=O)([N-]S(=O)(=O)C(F)(F)F)C(F)(F)F,[EAMIM][NTf2],benzene,c1ccccc1,aromatic,n-hexane,CCCCCC,alkane,0.952,0.0,0.048,0.0,0.0,1.0,101.325,0.0,33,298.15,0.7835637,0.20249344,0.01394282,0.0042842864,0.23688875,0.758827
no,1-ethyl acetate-1-methylimidazolium bis(trifluoromethylsulfonyl)imide,CCOC(C)=O.Cn1cc[nH+]c1.O=S(=O)([N-]S(=O)(=O)C(F)(F)F)C(F)(F)F,[EAMIM][NTf2],benzene,c1ccccc1,aromatic,n-hexane,CCCCCC,alkane,0.9021,0.0651,0.0328,0.0,0.063,0.937,101.325,0.11111111,33,298.15,0.7523046,0.23188181,0.015813572,0.0045574377,0.2641326,0.73130995
no,1-ethyl acetate-1-methylimidazolium bis(trifluoromethylsulfonyl)imide,CCOC(C)=O.Cn1cc[nH+]c1.O=S(=O)([N-]S(=O)(=O)C(F)(F)F)C(F)(F)F,[EAMIM][NTf2],benzene,c1ccccc1,aromatic,n-hexane,CCCCCC,alkane,0.8513,0.1237,0.025,0.0,0.148,0.852,101.325,0.22222222,33,298.15,0.71821576,0.26395422,0.017830022,0.0048259697,0.2932874,0.70188665
no,1-ethyl acetate-1-methylimidazolium bis(trifluoromethylsulfonyl)imide,CCOC(C)=O.Cn1cc[nH+]c1.O=S(=O)([N-]S(=O)(=O)C(F)(F)F)C(F)(F)F,[EAMIM][NTf2],benzene,c1ccccc1,aromatic,n-hexane,CCCCCC,alkane,0.7891,0.1872,0.0237,0.0,0.2272,0.7728,101.325,0.33333334,33,298.15,0.68207914,0.29794666,0.019974286,0.005105337,0.3239534,0.67094123
no,1-ethyl acetate-1-methylimidazolium bis(trifluoromethylsulfonyl)imide,CCOC(C)=O.Cn1cc[nH+]c1.O=S(=O)([N-]S(=O)(=O)C(F)(F)F)C(F)(F)F,[EAMIM][NTf2],benzene,c1ccccc1,aromatic,n-hexane,CCCCCC,alkane,0.7134,0.2615,0.0251,0.0,0.3153,0.6847,101.325,0.44444445,33,298.15,0.64338505,0.3343944,0.022220567,0.005363145,0.35631865,0.6383182
no,1-ethyl acetate-1-methylimidazolium bis(trifluoromethylsulfonyl)imide,CCOC(C)=O.Cn1cc[nH+]c1.O=S(=O)([N-]S(=O)(=O)C(F)(F)F)C(F)(F)F,[EAMIM][NTf2],benzene,c1ccccc1,aromatic,n-hexane,CCCCCC,alkane,0.6494,0.3263,0.0243,0.0,0.4249,0.5751,101.325,0.5555556,33,298.15,0.6023873,0.37305778,0.024554966,0.005597033,0.39022774,0.6041753
no,1-ethyl acetate-1-methylimidazolium bis(trifluoromethylsulfonyl)imide,CCOC(C)=O.Cn1cc[nH+]c1.O=S(=O)([N-]S(=O)(=O)C(F)(F)F)C(F)(F)F,[EAMIM][NTf2],benzene,c1ccccc1,aromatic,n-hexane,CCCCCC,alkane,0.58599997,0.39139995,0.022599999,0.0,0.5303,0.4697,101.325,0.6666667,33,298.15,0.560134,0.4129495,0.026916556,0.0058122487,0.42517123,0.5690165
no,1-ethyl acetate-1-methylimidazolium bis(trifluoromethylsulfonyl)imide,CCOC(C)=O.Cn1cc[nH+]c1.O=S(=O)([N-]S(=O)(=O)C(F)(F)F)C(F)(F)F,[EAMIM][NTf2],benzene,c1ccccc1,aromatic,n-hexane,CCCCCC,alkane,0.5376,0.439,0.0234,0.0,0.6166,0.3834,101.325,0.7777778,33,298.15,0.5170721,0.45365503,0.02927291,0.0060065007,0.46095458,0.5330389
no,1-ethyl acetate-1-methylimidazolium bis(trifluoromethylsulfonyl)imide,CCOC(C)=O.Cn1cc[nH+]c1.O=S(=O)([N-]S(=O)(=O)C(F)(F)F)C(F)(F)F,[EAMIM][NTf2],benzene,c1ccccc1,aromatic,n-hexane,CCCCCC,alkane,0.4679,0.514,0.0181,0.0,0.7338,0.2662,101.325,0.8888889,33,298.15,0.47396886,0.49442557,0.031605605,0.0061663585,0.4966606,0.49717298
no,1-ethyl acetate-1-methylimidazolium bis(trifluoromethylsulfonyl)imide,CCOC(C)=O.Cn1cc[nH+]c1.O=S(=O)([N-]S(=O)(=O)C(F)(F)F)C(F)(F)F,[EAMIM][NTf2],benzene,c1ccccc1,aromatic,n-hexane,CCCCCC,alkane,0.3894,0.5982,0.0124,0.0,0.8803,0.1197,101.325,1.0,33,298.15,0.4312704,0.53486645,0.033863112,0.0062960936,0.53237736,0.4613265
,tributylmethylammonium bis(trifluoromethylsulfonyl)imide,CCCC[N+](C)(CCCC)CCCC.O=S(=O)([N-]S(=O)(=O)C(F)(F)F)C(F)(F)F,[N4441][NTf2],benzene,c1ccccc1,aromatic,n-octane,CCCCCCCC,alkane,0.615,0.281,0.104,0.0,0.167,0.833,101.325,0.0,65,298.15,0.6417073,0.3086775,0.049615234,0.007755186,0.24279071,0.74945414
,tributylmethylammonium bis(trifluoromethylsulfonyl)imide,CCCC[N+](C)(CCCC)CCCC.O=S(=O)([N-]S(=O)(=O)C(F)(F)F)C(F)(F)F,[N4441][NTf2],benzene,c1ccccc1,aromatic,n-octane,CCCCCCCC,alkane,0.504,0.405,0.091,0.0,0.273,0.727,101.325,0.2,65,298.15,0.574175,0.3673874,0.058437675,0.008513067,0.2841649,0.70732206
,tributylmethylammonium bis(trifluoromethylsulfonyl)imide,CCCC[N+](C)(CCCC)CCCC.O=S(=O)([N-]S(=O)(=O)C(F)(F)F)C(F)(F)F,[N4441][NTf2],benzene,c1ccccc1,aromatic,n-octane,CCCCCCCC,alkane,0.421,0.499,0.08,0.0,0.373,0.627,101.325,0.4,65,298.15,0.5041029,0.42847678,0.067420304,0.009248559,0.329356,0.66139543
,tributylmethylammonium bis(trifluoromethylsulfonyl)imide,CCCC[N+](C)(CCCC)CCCC.O=S(=O)([N-]S(=O)(=O)C(F)(F)F)C(F)(F)F,[N4441][NTf2],benzene,c1ccccc1,aromatic,n-octane,CCCCCCCC,alkane,0.345,0.592,0.063,0.0,0.48,0.52,101.325,0.6,65,298.15,0.43404025,0.48974138,0.07621843,0.009940542,0.37776834,0.61229116
,tributylmethylammonium bis(trifluoromethylsulfonyl)imide,CCCC[N+](C)(CCCC)CCCC.O=S(=O)([N-]S(=O)(=O)C(F)(F)F)C(F)(F)F,[N4441][NTf2],benzene,c1ccccc1,aromatic,n-octane,CCCCCCCC,alkane,0.298,0.644,0.058,0.0,0.599,0.401,101.325,0.8,65,298.15,0.3671359,0.54847246,0.08439165,0.010559778,0.42822817,0.56121206
,tributylmethylammonium bis(trifluoromethylsulfonyl)imide,CCCC[N+](C)(CCCC)CCCC.O=S(=O)([N-]S(=O)(=O)C(F)(F)F)C(F)(F)F,[N4441][NTf2],benzene,c1ccccc1,aromatic,n-octane,CCCCCCCC,alkane,0.195,0.77,0.035,0.0,0.862,0.138,101.325,1.0,65,298.15,0.30522335,0.6030697,0.09170696,0.011087625,0.4798783,0.50903404
no,4-methyl-N-ethylpyridinium bis(trifluoromethylsulfonyl)imide,CC[n+]1ccc(C)cc1.O=S(=O)([N-]S(=O)(=O)C(F)(F)F)C(F)(F)F,[C2MPy][NTf2],toluene,Cc1ccccc1,aromatic,n-heptane,CCCCCCC,alkane,0.9361,0.031,0.0329,0.0,0.024,0.976,101.325,0.0,72,313.2,0.84657514,0.14634973,0.007075201,0.004004429,0.21207787,0.7839177
no,4-methyl-N-ethylpyridinium bis(trifluoromethylsulfonyl)imide,CC[n+]1ccc(C)cc1.O=S(=O)([N-]S(=O)(=O)C(F)(F)F)C(F)(F)F,[C2MPy][NTf2],toluene,Cc1ccccc1,aromatic,n-heptane,CCCCCCC,alkane,0.9113,0.0591,0.0296,0.0,0.052,0.948,101.325,0.11111111,72,313.2,0.82262677,0.16928168,0.0080915205,0.004281215,0.23698,0.75873876
no,4-methyl-N-ethylpyridinium bis(trifluoromethylsulfonyl)imide,CC[n+]1ccc(C)cc1.O=S(=O)([N-]S(=O)(=O)C(F)(F)F)C(F)(F)F,[C2MPy][NTf2],toluene,Cc1ccccc1,aromatic,n-heptane,CCCCCCC,alkane,0.8447,0.1233,0.032,0.0,0.1155,0.8845,101.325,0.22222222,72,313.2,0.7958647,0.19491851,0.009216735,0.004559946,0.2638721,0.73156804
no,4-methyl-N-ethylpyridinium bis(trifluoromethylsulfonyl)imide,CC[n+]1ccc(C)cc1.O=S(=O)([N-]S(=O)(=O)C(F)(F)F)C(F)(F)F,[C2MPy][NTf2],toluene,Cc1ccccc1,aromatic,n-heptane,CCCCCCC,alkane,0.7905,0.1761,0.0334,0.0,0.1617,0.8383,101.325,0.33333334,72,313.2,0.766291,0.22326621,0.010442734,0.0048365993,0.2925732,0.7025902
no,4-methyl-N-ethylpyridinium bis(trifluoromethylsulfonyl)imide,CC[n+]1ccc(C)cc1.O=S(=O)([N-]S(=O)(=O)C(F)(F)F)C(F)(F)F,[C2MPy][NTf2],toluene,Cc1ccccc1,aromatic,n-heptane,CCCCCCC,alkane,0.7411,0.2236,0.0353,0.0,0.2141,0.7859,101.325,0.44444445,72,313.2,0.73966676,0.2493741,0.010959096,0.0034825439,0.32081768,0.6756997
no,4-methyl-N-ethylpyridinium bis(trifluoromethylsulfonyl)imide,CC[n+]1ccc(C)cc1.O=S(=O)([N-]S(=O)(=O)C(F)(F)F)C(F)(F)F,[C2MPy][NTf2],toluene,Cc1ccccc1,aromatic,n-heptane,CCCCCCC,alkane,0.7148,0.2503,0.0349,0.0,0.2724,0.7276,101.325,0.5555556,72,313.2,0.70384395,0.2838194,0.012336623,0.0036621382,0.3537345,0.6426034
no,4-methyl-N-ethylpyridinium bis(trifluoromethylsulfonyl)imide,CC[n+]1ccc(C)cc1.O=S(=O)([N-]S(=O)(=O)C(F)(F)F)C(F)(F)F,[C2MPy][NTf2],toluene,Cc1ccccc1,aromatic,n-heptane,CCCCCCC,alkane,0.6418,0.3216,0.0366,0.0,0.3164,0.6836,101.325,0.6666667,72,313.2,0.66560525,0.32061285,0.013781876,0.0038290923,0.3878704,0.60830057
no,4-methyl-N-ethylpyridinium bis(trifluoromethylsulfonyl)imide,CC[n+]1ccc(C)cc1.O=S(=O)([N-]S(=O)(=O)C(F)(F)F)C(F)(F)F,[C2MPy][NTf2],toluene,Cc1ccccc1,aromatic,n-heptane,CCCCCCC,alkane,0.6121,0.3543,0.0336,0.0,0.4246,0.5754,101.325,0.7777778,72,313.2,0.61719996,0.36724243,0.015557596,0.0042442256,0.43502408,0.5607317
no,4-methyl-N-ethylpyridinium bis(trifluoromethylsulfonyl)imide,CC[n+]1ccc(C)cc1.O=S(=O)([N-]S(=O)(=O)C(F)(F)F)C(F)(F)F,[C2MPy][NTf2],toluene,Cc1ccccc1,aromatic,n-heptane,CCCCCCC,alkane,0.4759,0.4891,0.035,0.0,0.5332,0.4668,101.325,0.8888889,72,313.2,0.57521874,0.40769634,0.0170849,0.004384566,0.4707529,0.5248625
no,4-methyl-N-ethylpyridinium bis(trifluoromethylsulfonyl)imide,CC[n+]1ccc(C)cc1.O=S(=O)([N-]S(=O)(=O)C(F)(F)F)C(F)(F)F,[C2MPy][NTf2],toluene,Cc1ccccc1,aromatic,n-heptane,CCCCCCC,alkane,0.3815,0.5812,0.0373,0.0,0.6294,0.3706,101.325,1.0,72,313.2,0.531905,0.44946188,0.018633071,0.0045059645,0.50693333,0.48856068
,1-hexyl-3-methylimidazolium tetrafluoroborate,CCCCCCn1cc[n+](C)c1.F[B-](F)(F)F,[C6MIm][BF4],benzene,c1ccccc1,aromatic,n-dodecane,CCCCCCCCCCCC,alkane,0.3399,0.6507,0.0094,0.0074000005,0.94130003,0.051300004,101.325,0.0,78,298.2,0.80528444,0.16987622,0.024839357,0.006498061,0.36867797,0.624824
,1-hexyl-3-methylimidazolium tetrafluoroborate,CCCCCCn1cc[n+](C)c1.F[B-](F)(F)F,[C6MIm][BF4],benzene,c1ccccc1,aromatic,n-dodecane,CCCCCCCCCCCC,alkane,0.3775,0.6127,0.0098,0.006,0.8554,0.1386,101.325,0.16666667,78,298.2,0.76644677,0.20394605,0.029607171,0.007198472,0.41289723,0.5799042
,1-hexyl-3-methylimidazolium tetrafluoroborate,CCCCCCn1cc[n+](C)c1.F[B-](F)(F)F,[C6MIm][BF4],benzene,c1ccccc1,aromatic,n-dodecane,CCCCCCCCCCCC,alkane,0.4799,0.5001,0.02,0.0052,0.7121,0.2827,101.325,0.33333334,78,298.2,0.72606605,0.23936851,0.034565408,0.008193587,0.45654252,0.5352639
,1-hexyl-3-methylimidazolium tetrafluoroborate,CCCCCCn1cc[n+](C)c1.F[B-](F)(F)F,[C6MIm][BF4],benzene,c1ccccc1,aromatic,n-dodecane,CCCCCCCCCCCC,alkane,0.531,0.4476,0.0214,0.0048,0.62,0.3752,101.325,0.5,78,298.2,0.67590904,0.2835493,0.04054159,0.008546577,0.5034591,0.48799434
,1-hexyl-3-methylimidazolium tetrafluoroborate,CCCCCCn1cc[n+](C)c1.F[B-](F)(F)F,[C6MIm][BF4],benzene,c1ccccc1,aromatic,n-dodecane,CCCCCCCCCCCC,alkane,0.6211,0.3517,0.0272,0.0042,0.5157,0.4801,101.325,0.6666667,78,298.2,0.63256705,0.32206267,0.045370303,0.0082597425,0.5484755,0.44326475
,1-hexyl-3-methylimidazolium tetrafluoroborate,CCCCCCn1cc[n+](C)c1.F[B-](F)(F)F,[C6MIm][BF4],benzene,c1ccccc1,aromatic,n-dodecane,CCCCCCCCCCCC,alkane,0.7395,0.2306,0.0299,0.0035,0.3516,0.6449,101.325,0.8333333,78,298.2,0.58139664,0.36751124,0.05109219,0.0081578335,0.59372663,0.39811552
,1-hexyl-3-methylimidazolium tetrafluoroborate,CCCCCCn1cc[n+](C)c1.F[B-](F)(F)F,[C6MIm][BF4],benzene,c1ccccc1,aromatic,n-dodecane,CCCCCCCCCCCC,alkane,0.868,0.1002,0.0318,0.0021,0.206,0.7919,101.325,1.0,78,298.2,0.5226299,0.41963038,0.057739753,0.008280007,0.6374109,0.35430905
no,1-butylpyridinium tetrafluoroborate,CCCC[n+]1ccccc1.F[B-](F)(F)F,[C4Py][BF4],toluene,Cc1ccccc1,aromatic,n-heptane,CCCCCCC,alkane,0.9617,0.033,0.0053,0.0,0.0772,0.9228,101.325,0.0,81,313.2,0.943372,0.053270306,0.0033576773,0.0025649967,0.27296916,0.72446585
no,1-butylpyridinium tetrafluoroborate,CCCC[n+]1ccccc1.F[B-](F)(F)F,[C4Py][BF4],toluene,Cc1ccccc1,aromatic,n-heptane,CCCCCCC,alkane,0.9122,0.0828,0.005,0.0,0.2326,0.7674,101.325,0.16666667,81,313.2,0.92246085,0.07284938,0.0046898252,0.0035147052,0.3112248,0.6852605
no,1-butylpyridinium tetrafluoroborate,CCCC[n+]1ccccc1.F[B-](F)(F)F,[C4Py][BF4],toluene,Cc1ccccc1,aromatic,n-heptane,CCCCCCC,alkane,0.88350004,0.112600006,0.0039000001,0.0,0.3678,0.6322,101.325,0.33333334,81,313.2,0.9021503,0.09201975,0.0058299545,0.0038058239,0.35574573,0.64044845
no,1-butylpyridinium tetrafluoroborate,CCCC[n+]1ccccc1.F[B-](F)(F)F,[C4Py][BF4],toluene,Cc1ccccc1,aromatic,n-heptane,CCCCCCC,alkane,0.8115,0.1833,0.0052,0.0,0.515,0.485,101.325,0.5,81,313.2,0.8772226,0.11556927,0.0072081564,0.0040816055,0.40302095,0.5928974
no,1-butylpyridinium tetrafluoroborate,CCCC[n+]1ccccc1.F[B-](F)(F)F,[C4Py][BF4],toluene,Cc1ccccc1,aromatic,n-heptane,CCCCCCC,alkane,0.7492,0.2461,0.0047,0.0,0.6379,0.3621,101.325,0.6666667,81,313.2,0.8463901,0.14480507,0.0088048335,0.004142111,0.4534661,0.54239184
no,1-butylpyridinium tetrafluoroborate,CCCC[n+]1ccccc1.F[B-](F)(F)F,[C4Py][BF4],toluene,Cc1ccccc1,aromatic,n-heptane,CCCCCCC,alkane,0.70669997,0.28939998,0.0038999994,0.0,0.7321,0.2679,101.325,0.8333333,81,313.2,0.8083071,0.18105662,0.010636229,0.0039737327,0.5068561,0.48917016
no,1-butylpyridinium tetrafluoroborate,CCCC[n+]1ccccc1.F[B-](F)(F)F,[C4Py][BF4],toluene,Cc1ccccc1,aromatic,n-heptane,CCCCCCC,alkane,0.6916,0.3054,0.003,0.0,0.7968,0.2032,101.325,1.0,81,313.2,0.76566744,0.221521,0.012811588,0.004125951,0.55712086,0.43875316
no,1-butyl-4-methylpyridinium tetrafluoroborate,CCCC[n+]1ccc(C)cc1.F[B-](F)(F)F,[C4MPy][BF4],n-propylbenzene,CCCc1ccccc1,aromatic,n-dodecane,CCCCCCCCCCCC,alkane,0.9592,0.0356,0.0052,0.0,0.1079,0.8921,101.325,0.0,92,323.0,0.9490536,0.045768034,0.005178322,0.0029157728,0.27211994,0.72496426
no,1-butyl-4-methylpyridinium tetrafluoroborate,CCCC[n+]1ccc(C)cc1.F[B-](F)(F)F,[C4MPy][BF4],n-propylbenzene,CCCc1ccccc1,aromatic,n-dodecane,CCCCCCCCCCCC,alkane,0.9285,0.066,0.0055,0.0,0.1963,0.8037,101.325,0.11111111,92,323.0,0.9413326,0.05275644,0.0059109055,0.0030546694,0.2956869,0.70125836
no,1-butyl-4-methylpyridinium tetrafluoroborate,CCCC[n+]1ccc(C)cc1.F[B-](F)(F)F,[C4MPy][BF4],n-propylbenzene,CCCc1ccccc1,aromatic,n-dodecane,CCCCCCCCCCCC,alkane,0.9001,0.094,0.0059,0.0,0.2691,0.7309,101.325,0.22222222,92,323.0,0.9320732,0.061143268,0.006783589,0.0032068866,0.32000428,0.67678887
no,1-butyl-4-methylpyridinium tetrafluoroborate,CCCC[n+]1ccc(C)cc1.F[B-](F)(F)F,[C4MPy][BF4],n-propylbenzene,CCCc1ccccc1,aromatic,n-dodecane,CCCCCCCCCCCC,alkane,0.8748,0.1191,0.0061,0.0,0.3303,0.6697,101.325,0.33333334,92,323.0,0.9208923,0.071278155,0.0078294985,0.0033785556,0.34512874,0.6514927
no,1-butyl-4-methylpyridinium tetrafluoroborate,CCCC[n+]1ccc(C)cc1.F[B-](F)(F)F,[C4MPy][BF4],n-propylbenzene,CCCc1ccccc1,aromatic,n-dodecane,CCCCCCCCCCCC,alkane,0.85190004,0.14180002,0.0063000005,0.0,0.3825,0.6175,101.325,0.44444445,92,323.0,0.9088807,0.082216665,0.008902666,0.0033453424,0.37149248,0.6251622
no,1-butyl-4-methylpyridinium tetrafluoroborate,CCCC[n+]1ccc(C)cc1.F[B-](F)(F)F,[C4MPy][BF4],n-propylbenzene,CCCc1ccccc1,aromatic,n-dodecane,CCCCCCCCCCCC,alkane,0.82820004,0.16510001,0.0067000003,0.0,0.4266,0.5734,101.325,0.5555556,92,323.0,0.894222,0.095540754,0.0102373175,0.003501361,0.39851886,0.5979798
no,1-butyl-4-methylpyridinium tetrafluoroborate,CCCC[n+]1ccc(C)cc1.F[B-](F)(F)F,[C4MPy][BF4],n-propylbenzene,CCCc1ccccc1,aromatic,n-dodecane,CCCCCCCCCCCC,alkane,0.8067,0.1863,0.007,0.0,0.4651,0.5349,101.325,0.6666667,92,323.0,0.8772367,0.11103737,0.011725835,0.0035605563,0.4268952,0.56954426
no,1-butyl-4-methylpyridinium tetrafluoroborate,CCCC[n+]1ccc(C)cc1.F[B-](F)(F)F,[C4MPy][BF4],n-propylbenzene,CCCc1ccccc1,aromatic,n-dodecane,CCCCCCCCCCCC,alkane,0.78410006,0.20850001,0.0074000005,0.0,0.4982,0.5018,101.325,0.7777778,92,323.0,0.8580593,0.12853803,0.013402625,0.0036555303,0.455539,0.54080546
no,1-butyl-4-methylpyridinium tetrafluoroborate,CCCC[n+]1ccc(C)cc1.F[B-](F)(F)F,[C4MPy][BF4],n-propylbenzene,CCCc1ccccc1,aromatic,n-dodecane,CCCCCCCCCCCC,alkane,0.7566,0.2355,0.0079,0.0,0.557,0.443,101.325,0.8888889,92,323.0,0.8367634,0.14796977,0.015266864,0.003787291,0.48394462,0.512268
no,1-butyl-4-methylpyridinium tetrafluoroborate,CCCC[n+]1ccc(C)cc1.F[B-](F)(F)F,[C4MPy][BF4],n-propylbenzene,CCCc1ccccc1,aromatic,n-dodecane,CCCCCCCCCCCC,alkane,0.73270005,0.25910002,0.008200001,0.0,0.6038,0.3962,101.325,1.0,92,323.0,0.8112164,0.17153375,0.017249817,0.0036216504,0.5127812,0.48359713
no,1-butyl-4-methylpyridinium tetrafluoroborate,CCCC[n+]1ccc(C)cc1.F[B-](F)(F)F,[C4MPy][BF4],n-propylbenzene,CCCc1ccccc1,aromatic,n-tetradecane,CCCCCCCCCCCCCC,alkane,0.9601,0.0366,0.0033,0.0,0.1222,0.8778,101.325,0.0,95,323.0,0.95222574,0.043186028,0.004588299,0.0022322647,0.2636755,0.7340922
no,1-butyl-4-methylpyridinium tetrafluoroborate,CCCC[n+]1ccc(C)cc1.F[B-](F)(F)F,[C4MPy][BF4],n-propylbenzene,CCCc1ccccc1,aromatic,n-tetradecane,CCCCCCCCCCCCCC,alkane,0.9282,0.0682,0.0036,0.0,0.2193,0.7807,101.325,0.11111111,95,323.0,0.94397706,0.05066973,0.0053531607,0.0024466845,0.2865328,0.7110205
no,1-butyl-4-methylpyridinium tetrafluoroborate,CCCC[n+]1ccc(C)cc1.F[B-](F)(F)F,[C4MPy][BF4],n-propylbenzene,CCCc1ccccc1,aromatic,n-tetradecane,CCCCCCCCCCCCCC,alkane,0.8979,0.0981,0.004,0.0,0.2969,0.7031,101.325,0.22222222,95,323.0,0.9344329,0.059309423,0.006257591,0.0027597204,0.31019357,0.68704677
no,1-butyl-4-methylpyridinium tetrafluoroborate,CCCC[n+]1ccc(C)cc1.F[B-](F)(F)F,[C4MPy][BF4],n-propylbenzene,CCCc1ccccc1,aromatic,n-tetradecane,CCCCCCCCCCCCCC,alkane,0.8705,0.1253,0.0042,0.0,0.3609,0.6391,101.325,0.33333334,95,323.0,0.9234387,0.06932144,0.0072397497,0.002911929,0.3355154,0.6615727
no,1-butyl-4-methylpyridinium tetrafluoroborate,CCCC[n+]1ccc(C)cc1.F[B-](F)(F)F,[C4MPy][BF4],n-propylbenzene,CCCc1ccccc1,aromatic,n-tetradecane,CCCCCCCCCCCCCC,alkane,0.8497,0.1459,0.0044,0.0,0.4162,0.5838,101.325,0.44444445,95,323.0,0.9136333,0.07833504,0.0080316765,0.0027082844,0.36518037,0.6321113
no,1-butyl-4-methylpyridinium tetrafluoroborate,CCCC[n+]1ccc(C)cc1.F[B-](F)(F)F,[C4MPy][BF4],n-propylbenzene,CCCc1ccccc1,aromatic,n-tetradecane,CCCCCCCCCCCCCC,alkane,0.82850003,0.16700001,0.0045000003,0.0,0.4622,0.5378,101.325,0.5555556,95,323.0,0.90109754,0.08982561,0.009076766,0.0026582645,0.3943347,0.603007
no,1-butyl-4-methylpyridinium tetrafluoroborate,CCCC[n+]1ccc(C)cc1.F[B-](F)(F)F,[C4MPy][BF4],n-propylbenzene,CCCc1ccccc1,aromatic,n-tetradecane,CCCCCCCCCCCCCC,alkane,0.8042,0.1912,0.0046,0.0,0.5002,0.4998,101.325,0.6666667,95,323.0,0.8850784,0.10447752,0.0104441885,0.0027762894,0.42255044,0.5746733
no,1-butyl-4-methylpyridinium tetrafluoroborate,CCCC[n+]1ccc(C)cc1.F[B-](F)(F)F,[C4MPy][BF4],n-propylbenzene,CCCc1ccccc1,aromatic,n-tetradecane,CCCCCCCCCCCCCC,alkane,0.7859,0.2089,0.0052,0.0,0.5348,0.4652,101.325,0.7777778,95,323.0,0.85755694,0.1293631,0.013079947,0.0037237438,0.4447478,0.55152845
no,1-butyl-4-methylpyridinium tetrafluoroborate,CCCC[n+]1ccc(C)cc1.F[B-](F)(F)F,[C4MPy][BF4],n-propylbenzene,CCCc1ccccc1,aromatic,n-tetradecane,CCCCCCCCCCCCCC,alkane,0.7563,0.2382,0.0055,0.0,0.5922,0.4078,101.325,0.8888889,95,323.0,0.83177567,0.15274695,0.0154773295,0.0043469854,0.4690594,0.5265936
no,1-butyl-4-methylpyridinium tetrafluoroborate,CCCC[n+]1ccc(C)cc1.F[B-](F)(F)F,[C4MPy][BF4],n-propylbenzene,CCCc1ccccc1,aromatic,n-tetradecane,CCCCCCCCCCCCCC,alkane,0.7215,0.2728,0.0057,0.0,0.6355,0.3645,101.325,1.0,95,323.0,0.80742687,0.17501427,0.017558785,0.0044967066,0.49788067,0.4976227
no,1-butyl-4-methylpyridinium tetrafluoroborate,CCCC[n+]1ccc(C)cc1.F[B-](F)(F)F,[C4MPy][BF4],n-butylbenzene,CCCCc1ccccc1,aromatic,n-dodecane,CCCCCCCCCCCC,alkane,0.97,0.0261,0.0039,0.0,0.0974,0.9026,101.325,0.0,103,313.0,0.9514849,0.042977404,0.005537702,0.002786531,0.2947206,0.70249283
no,1-butyl-4-methylpyridinium tetrafluoroborate,CCCC[n+]1ccc(C)cc1.F[B-](F)(F)F,[C4MPy][BF4],n-butylbenzene,CCCCc1ccccc1,aromatic,n-dodecane,CCCCCCCCCCCC,alkane,0.9471,0.0488,0.0041,0.0,0.1786,0.8214,101.325,0.07692308,103,313.0,0.9471149,0.0468823,0.006002837,0.0027333524,0.31133252,0.6859342
no,1-butyl-4-methylpyridinium tetrafluoroborate,CCCC[n+]1ccc(C)cc1.F[B-](F)(F)F,[C4MPy][BF4],n-butylbenzene,CCCCc1ccccc1,aromatic,n-dodecane,CCCCCCCCCCCC,alkane,0.9261,0.0696,0.0043,0.0,0.2469,0.7531,101.325,0.15384616,103,313.0,0.94113296,0.052223433,0.006643605,0.0028354984,0.3274486,0.6697159
no,1-butyl-4-methylpyridinium tetrafluoroborate,CCCC[n+]1ccc(C)cc1.F[B-](F)(F)F,[C4MPy][BF4],n-butylbenzene,CCCCc1ccccc1,aromatic,n-dodecane,CCCCCCCCCCCC,alkane,0.90720004,0.088300005,0.0045000003,0.0,0.3052,0.6948,101.325,0.23076923,103,313.0,0.9344709,0.058176443,0.0073526464,0.0029384838,0.34408504,0.65297645
no,1-butyl-4-methylpyridinium tetrafluoroborate,CCCC[n+]1ccc(C)cc1.F[B-](F)(F)F,[C4MPy][BF4],n-butylbenzene,CCCCc1ccccc1,aromatic,n-dodecane,CCCCCCCCCCCC,alkane,0.891,0.1043,0.0047,0.0,0.3559,0.6441,101.325,0.30769232,103,313.0,0.92496955,0.06668401,0.008346476,0.0031482154,0.35895294,0.6378989
no,1-butyl-4-methylpyridinium tetrafluoroborate,CCCC[n+]1ccc(C)cc1.F[B-](F)(F)F,[C4MPy][BF4],n-butylbenzene,CCCCc1ccccc1,aromatic,n-dodecane,CCCCCCCCCCCC,alkane,0.87560004,0.119500004,0.0049000005,0.0,0.3998,0.6002,101.325,0.3846154,103,313.0,0.916702,0.07408664,0.009211407,0.0032530408,0.37629533,0.62045157
no,1-butyl-4-methylpyridinium tetrafluoroborate,CCCC[n+]1ccc(C)cc1.F[B-](F)(F)F,[C4MPy][BF4],n-butylbenzene,CCCCc1ccccc1,aromatic,n-dodecane,CCCCCCCCCCCC,alkane,0.861,0.1339,0.0051,0.0,0.4382,0.5618,101.325,0.46153846,103,313.0,0.9076364,0.08220845,0.010155124,0.0033577003,0.39391163,0.6027307
no,1-butyl-4-methylpyridinium tetrafluoroborate,CCCC[n+]1ccc(C)cc1.F[B-](F)(F)F,[C4MPy][BF4],n-butylbenzene,CCCCc1ccccc1,aromatic,n-dodecane,CCCCCCCCCCCC,alkane,0.84800005,0.14670001,0.0053000003,0.0,0.4723,0.5277,101.325,0.53846157,103,313.0,0.897326,0.09144736,0.011226646,0.0034288028,0.4084261,0.58814514
no,1-butyl-4-methylpyridinium tetrafluoroborate,CCCC[n+]1ccc(C)cc1.F[B-](F)(F)F,[C4MPy][BF4],n-butylbenzene,CCCCc1ccccc1,aromatic,n-dodecane,CCCCCCCCCCCC,alkane,0.8341,0.1604,0.0055,0.0,0.5022,0.4978,101.325,0.61538464,103,313.0,0.886302,0.10133244,0.012365562,0.0035081985,0.42472097,0.57177085
no,1-butyl-4-methylpyridinium tetrafluoroborate,CCCC[n+]1ccc(C)cc1.F[B-](F)(F)F,[C4MPy][BF4],n-butylbenzene,CCCCc1ccccc1,aromatic,n-dodecane,CCCCCCCCCCCC,alkane,0.8211,0.1732,0.0057,0.0,0.529,0.471,101.325,0.6923077,103,313.0,0.8743067,0.11210301,0.0135903,0.003606728,0.44320947,0.55318385
no,1-butyl-4-methylpyridinium tetrafluoroborate,CCCC[n+]1ccc(C)cc1.F[B-](F)(F)F,[C4MPy][BF4],n-butylbenzene,CCCCc1ccccc1,aromatic,n-dodecane,CCCCCCCCCCCC,alkane,0.8077,0.1864,0.0059,0.0,0.5529,0.4471,101.325,0.7692308,103,313.0,0.86337346,0.12194813,0.01467841,0.0036840255,0.46456918,0.5317468
no,1-butyl-4-methylpyridinium tetrafluoroborate,CCCC[n+]1ccc(C)cc1.F[B-](F)(F)F,[C4MPy][BF4],n-butylbenzene,CCCCc1ccccc1,aromatic,n-dodecane,CCCCCCCCCCCC,alkane,0.79760003,0.19630001,0.0061000003,0.0,0.5751,0.4249,101.325,0.84615386,103,313.0,0.85413826,0.1302908,0.015570857,0.003710458,0.48829478,0.5079948
no,1-butyl-4-methylpyridinium tetrafluoroborate,CCCC[n+]1ccc(C)cc1.F[B-](F)(F)F,[C4MPy][BF4],n-butylbenzene,CCCCc1ccccc1,aromatic,n-dodecane,CCCCCCCCCCCC,alkane,0.7882,0.2055,0.0063,0.0,0.5953,0.4047,101.325,0.9230769,103,313.0,0.83947587,0.1434902,0.017033854,0.0037973647,0.50685716,0.48934546
no,1-butyl-4-methylpyridinium tetrafluoroborate,CCCC[n+]1ccc(C)cc1.F[B-](F)(F)F,[C4MPy][BF4],n-butylbenzene,CCCCc1ccccc1,aromatic,n-dodecane,CCCCCCCCCCCC,alkane,0.7775,0.216,0.0065,0.0,0.6134,0.3866,101.325,1.0,103,313.0,0.8254947,0.15613768,0.018367551,0.003707409,0.5259546,0.47033796
no,1-butyl-4-methylpyridinium tetrafluoroborate,CCCC[n+]1ccc(C)cc1.F[B-](F)(F)F,[C4MPy][BF4],n-butylbenzene,CCCCc1ccccc1,aromatic,n-dodecane,CCCCCCCCCCCC,alkane,0.9676,0.0277,0.0047,0.0,0.0964,0.9036,101.325,0.0,104,323.0,0.95691043,0.038191102,0.00489851,0.002417454,0.2871874,0.71039516
no,1-butyl-4-methylpyridinium tetrafluoroborate,CCCC[n+]1ccc(C)cc1.F[B-](F)(F)F,[C4MPy][BF4],n-butylbenzene,CCCCc1ccccc1,aromatic,n-dodecane,CCCCCCCCCCCC,alkane,0.94240004,0.052700005,0.0049000005,0.0,0.1766,0.8234,101.325,0.07692308,104,323.0,0.95194316,0.042625096,0.0054317443,0.0025127935,0.30266362,0.69482356
no,1-butyl-4-methylpyridinium tetrafluoroborate,CCCC[n+]1ccc(C)cc1.F[B-](F)(F)F,[C4MPy][BF4],n-butylbenzene,CCCCc1ccccc1,aromatic,n-dodecane,CCCCCCCCCCCC,alkane,0.9207,0.0742,0.0051,0.0,0.2448,0.7552,101.325,0.15384616,104,323.0,0.9449832,0.048903707,0.0061131306,0.0026758432,0.3168781,0.680446
no,1-butyl-4-methylpyridinium tetrafluoroborate,CCCC[n+]1ccc(C)cc1.F[B-](F)(F)F,[C4MPy][BF4],n-butylbenzene,CCCCc1ccccc1,aromatic,n-dodecane,CCCCCCCCCCCC,alkane,0.9017,0.093,0.0053,0.0,0.3033,0.6967,101.325,0.23076923,104,323.0,0.9387929,0.054445602,0.0067615868,0.002775428,0.3331538,0.6640708
no,1-butyl-4-methylpyridinium tetrafluoroborate,CCCC[n+]1ccc(C)cc1.F[B-](F)(F)F,[C4MPy][BF4],n-butylbenzene,CCCCc1ccccc1,aromatic,n-dodecane,CCCCCCCCCCCC,alkane,0.8846,0.1099,0.0055,0.0,0.3539,0.6461,101.325,0.30769232,104,323.0,0.9319134,0.06060873,0.0074778646,0.0028748887,0.34995708,0.64716804
no,1-butyl-4-methylpyridinium tetrafluoroborate,CCCC[n+]1ccc(C)cc1.F[B-](F)(F)F,[C4MPy][BF4],n-butylbenzene,CCCCc1ccccc1,aromatic,n-dodecane,CCCCCCCCCCCC,alkane,0.8682,0.1262,0.0056,0.0,0.3976,0.6024,101.325,0.3846154,104,323.0,0.92222965,0.06912737,0.00864303,0.0033956575,0.36681533,0.62978905
no,1-butyl-4-methylpyridinium tetrafluoroborate,CCCC[n+]1ccc(C)cc1.F[B-](F)(F)F,[C4MPy][BF4],n-butylbenzene,CCCCc1ccccc1,aromatic,n-dodecane,CCCCCCCCCCCC,alkane,0.8525,0.1417,0.0058,0.0,0.4359,0.5641,101.325,0.46153846,104,323.0,0.91258746,0.07766916,0.009743316,0.0037438695,0.3839608,0.6122953
no,1-butyl-4-methylpyridinium tetrafluoroborate,CCCC[n+]1ccc(C)cc1.F[B-](F)(F)F,[C4MPy][BF4],n-butylbenzene,CCCCc1ccccc1,aromatic,n-dodecane,CCCCCCCCCCCC,alkane,0.8388999,0.15499999,0.006099999,0.0,0.4701,0.5299,101.325,0.53846157,104,323.0,0.89986014,0.089210734,0.010929011,0.0036034454,0.3992259,0.59717065
no,1-butyl-4-methylpyridinium tetrafluoroborate,CCCC[n+]1ccc(C)cc1.F[B-](F)(F)F,[C4MPy][BF4],n-butylbenzene,CCCCc1ccccc1,aromatic,n-dodecane,CCCCCCCCCCCC,alkane,0.8247,0.169,0.0063,0.0,0.5001,0.4999,101.325,0.61538464,104,323.0,0.8876865,0.10019685,0.012116706,0.0035598038,0.41557717,0.58086306
no,1-butyl-4-methylpyridinium tetrafluoroborate,CCCC[n+]1ccc(C)cc1.F[B-](F)(F)F,[C4MPy][BF4],n-butylbenzene,CCCCc1ccccc1,aromatic,n-dodecane,CCCCCCCCCCCC,alkane,0.8113,0.1822,0.0065,0.0,0.527,0.473,101.325,0.6923077,104,323.0,0.8760041,0.1106892,0.013306672,0.0036636551,0.4337497,0.56258667
no,1-butyl-4-methylpyridinium tetrafluoroborate,CCCC[n+]1ccc(C)cc1.F[B-](F)(F)F,[C4MPy][BF4],n-butylbenzene,CCCCc1ccccc1,aromatic,n-dodecane,CCCCCCCCCCCC,alkane,0.79760003,0.19570002,0.0067000003,0.0,0.551,0.449,101.325,0.7692308,104,323.0,0.86340404,0.12201447,0.014581522,0.0037635162,0.45195368,0.54428285
no,1-butyl-4-methylpyridinium tetrafluoroborate,CCCC[n+]1ccc(C)cc1.F[B-](F)(F)F,[C4MPy][BF4],n-butylbenzene,CCCCc1ccccc1,aromatic,n-dodecane,CCCCCCCCCCCC,alkane,0.7866,0.2064,0.007,0.0,0.5732,0.4268,101.325,0.84615386,104,323.0,0.84860045,0.13511313,0.016286403,0.0044346484,0.47104678,0.5245186
no,1-butyl-4-methylpyridinium tetrafluoroborate,CCCC[n+]1ccc(C)cc1.F[B-](F)(F)F,[C4MPy][BF4],n-butylbenzene,CCCCc1ccccc1,aromatic,n-dodecane,CCCCCCCCCCCC,alkane,0.7765,0.2163,0.0072,0.0,0.5934,0.4066,101.325,0.9230769,104,323.0,0.83223164,0.14929275,0.018475587,0.005947459,0.48900113,0.50505143
no,1-butyl-4-methylpyridinium tetrafluoroborate,CCCC[n+]1ccc(C)cc1.F[B-](F)(F)F,[C4MPy][BF4],n-butylbenzene,CCCCc1ccccc1,aromatic,n-dodecane,CCCCCCCCCCCC,alkane,0.7643,0.2282,0.0075,0.0,0.6114,0.3886,101.325,1.0,104,323.0,0.81652874,0.16337723,0.020094063,0.006083907,0.5068862,0.48702994
,1-allyl-3-methylimidazolium dicyanamide,C=CCn1cc[n+](C)c1.N#CN=C=[N-],[AMIm][N(CN)2],toluene,Cc1ccccc1,aromatic,n-heptane,CCCCCCC,alkane,0.9972,0.0,0.0028,0.0,0.0,1.0,101.325,0.0,133,313.2,0.9603129,0.0377876,0.0018994313,0.002119497,0.26724753,0.7306329
,1-allyl-3-methylimidazolium dicyanamide,C=CCn1cc[n+](C)c1.N#CN=C=[N-],[AMIm][N(CN)2],toluene,Cc1ccccc1,aromatic,n-heptane,CCCCCCC,alkane,0.9824,0.0147,0.0029,0.0,0.0564,0.9436,101.325,0.09090909,133,313.2,0.9544886,0.04335324,0.002158171,0.0022307602,0.28975227,0.708017
,1-allyl-3-methylimidazolium dicyanamide,C=CCn1cc[n+](C)c1.N#CN=C=[N-],[AMIm][N(CN)2],toluene,Cc1ccccc1,aromatic,n-heptane,CCCCCCC,alkane,0.9768,0.0203,0.0029,0.0,0.0799,0.9201,101.325,0.18181819,133,313.2,0.95282936,0.045019966,0.002150633,0.0015973425,0.31660983,0.6817929
,1-allyl-3-methylimidazolium dicyanamide,C=CCn1cc[n+](C)c1.N#CN=C=[N-],[AMIm][N(CN)2],toluene,Cc1ccccc1,aromatic,n-heptane,CCCCCCC,alkane,0.9531,0.044,0.0029,0.0,0.1754,0.8246,101.325,0.27272728,133,313.2,0.9483965,0.049299162,0.0023043395,0.0013838722,0.3443396,0.65427655
,1-allyl-3-methylimidazolium dicyanamide,C=CCn1cc[n+](C)c1.N#CN=C=[N-],[AMIm][N(CN)2],toluene,Cc1ccccc1,aromatic,n-heptane,CCCCCCC,alkane,0.9325,0.0648,0.0027,0.0,0.263,0.737,101.325,0.36363637,133,313.2,0.9406144,0.0567598,0.0026257243,0.0014444238,0.37095946,0.62759614
,1-allyl-3-methylimidazolium dicyanamide,C=CCn1cc[n+](C)c1.N#CN=C=[N-],[AMIm][N(CN)2],toluene,Cc1ccccc1,aromatic,n-heptane,CCCCCCC,alkane,0.89180005,0.10580001,0.0024000003,0.0,0.4245,0.5755,101.325,0.45454547,133,313.2,0.93171114,0.06529888,0.0029899848,0.0015022473,0.39850503,0.59999275
,1-allyl-3-methylimidazolium dicyanamide,C=CCn1cc[n+](C)c1.N#CN=C=[N-],[AMIm][N(CN)2],toluene,Cc1ccccc1,aromatic,n-heptane,CCCCCCC,alkane,0.86670005,0.13090001,0.0024000003,0.0,0.5067,0.4933,101.325,0.54545456,133,313.2,0.9237546,0.07300729,0.0032381313,0.0015500846,0.4313495,0.56710047
,1-allyl-3-methylimidazolium dicyanamide,C=CCn1cc[n+](C)c1.N#CN=C=[N-],[AMIm][N(CN)2],toluene,Cc1ccccc1,aromatic,n-heptane,CCCCCCC,alkane,0.8526,0.1452,0.0022,0.0,0.591,0.409,101.325,0.6363636,133,313.2,0.91261965,0.08370632,0.003674083,0.0016002088,0.46001187,0.5383879
,1-allyl-3-methylimidazolium dicyanamide,C=CCn1cc[n+](C)c1.N#CN=C=[N-],[AMIm][N(CN)2],toluene,Cc1ccccc1,aromatic,n-heptane,CCCCCCC,alkane,0.8315,0.1667,0.0018,0.0,0.6813,0.3187,101.325,0.72727275,133,313.2,0.9000041,0.09583317,0.004162725,0.0016465056,0.48902628,0.50932723
,1-allyl-3-methylimidazolium dicyanamide,C=CCn1cc[n+](C)c1.N#CN=C=[N-],[AMIm][N(CN)2],toluene,Cc1ccccc1,aromatic,n-heptane,CCCCCCC,alkane,0.8076,0.1909,0.0015,0.0,0.779,0.221,101.325,0.8181818,133,313.2,0.8857172,0.10957195,0.0047107646,0.001688564,0.5182734,0.48003796
,1-allyl-3-methylimidazolium dicyanamide,C=CCn1cc[n+](C)c1.N#CN=C=[N-],[AMIm][N(CN)2],toluene,Cc1ccccc1,aromatic,n-heptane,CCCCCCC,alkane,0.7831,0.2158,0.0011,0.0,0.8546,0.1454,101.325,0.90909094,133,313.2,0.8647692,0.12980889,0.00542197,0.0017714119,0.54072285,0.45750576
,1-allyl-3-methylimidazolium dicyanamide,C=CCn1cc[n+](C)c1.N#CN=C=[N-],[AMIm][N(CN)2],toluene,Cc1ccccc1,aromatic,n-heptane,CCCCCCC,alkane,0.7299,0.2701,0.0,0.0,1.0,0.0,101.325,1.0,133,313.2,0.8465456,0.14736265,0.006091806,0.0018052198,0.5694373,0.42875743
,1-butyl-1-methylpyrrolidinium trifluoromethanesulfonate,CCCC[N+]1(C)CCCC1.O=S(=O)([O-])C(F)(F)F,[C4MPyr][CF3SO3],benzene,c1ccccc1,aromatic,n-octane,CCCCCCCC,alkane,0.948,0.03,0.022,0.0,0.028,0.972,101.325,0.0,152,298.15,0.8232584,0.16349714,0.013244494,0.0033978063,0.21540138,0.7812008
,1-butyl-1-methylpyrrolidinium trifluoromethanesulfonate,CCCC[N+]1(C)CCCC1.O=S(=O)([O-])C(F)(F)F,[C4MPyr][CF3SO3],benzene,c1ccccc1,aromatic,n-octane,CCCCCCCC,alkane,0.83,0.138,0.032,0.0,0.136,0.864,101.325,0.125,152,298.15,0.78926593,0.19457287,0.016161181,0.0045973696,0.24000074,0.7554019
,1-butyl-1-methylpyrrolidinium trifluoromethanesulfonate,CCCC[N+]1(C)CCCC1.O=S(=O)([O-])C(F)(F)F,[C4MPyr][CF3SO3],benzene,c1ccccc1,aromatic,n-octane,CCCCCCCC,alkane,0.736,0.234,0.03,0.0,0.246,0.754,101.325,0.25,152,298.15,0.7561381,0.22533348,0.018528499,0.0049185185,0.26858217,0.7264993
,1-butyl-1-methylpyrrolidinium trifluoromethanesulfonate,CCCC[N+]1(C)CCCC1.O=S(=O)([O-])C(F)(F)F,[C4MPyr][CF3SO3],benzene,c1ccccc1,aromatic,n-octane,CCCCCCCC,alkane,0.638,0.337,0.025,0.0,0.364,0.636,101.325,0.375,152,298.15,0.7265228,0.25337413,0.02010306,0.003846368,0.29391816,0.70223546
,1-butyl-1-methylpyrrolidinium trifluoromethanesulfonate,CCCC[N+]1(C)CCCC1.O=S(=O)([O-])C(F)(F)F,[C4MPyr][CF3SO3],benzene,c1ccccc1,aromatic,n-octane,CCCCCCCC,alkane,0.555,0.416,0.029,0.0,0.476,0.524,101.325,0.5,152,298.15,0.68668926,0.29048592,0.022824803,0.004078132,0.32663503,0.6692868
,1-butyl-1-methylpyrrolidinium trifluoromethanesulfonate,CCCC[N+]1(C)CCCC1.O=S(=O)([O-])C(F)(F)F,[C4MPyr][CF3SO3],benzene,c1ccccc1,aromatic,n-octane,CCCCCCCC,alkane,0.485,0.494,0.021,0.0,0.6,0.4,101.325,0.625,152,298.15,0.64400035,0.33029753,0.025702145,0.0043004644,0.36109295,0.6346066
,1-butyl-1-methylpyrrolidinium trifluoromethanesulfonate,CCCC[N+]1(C)CCCC1.O=S(=O)([O-])C(F)(F)F,[C4MPyr][CF3SO3],benzene,c1ccccc1,aromatic,n-octane,CCCCCCCC,alkane,0.414,0.571,0.015,0.0,0.729,0.271,101.325,0.75,152,298.15,0.59761786,0.37341344,0.028968723,0.0050379266,0.3981836,0.59677845
,1-butyl-1-methylpyrrolidinium trifluoromethanesulfonate,CCCC[N+]1(C)CCCC1.O=S(=O)([O-])C(F)(F)F,[C4MPyr][CF3SO3],benzene,c1ccccc1,aromatic,n-octane,CCCCCCCC,alkane,0.351,0.64,0.009,0.0,0.861,0.139,101.325,0.875,152,298.15,0.5502364,0.41714436,0.03261922,0.0063836765,0.43739134,0.556225
,1-butyl-1-methylpyrrolidinium trifluoromethanesulfonate,CCCC[N+]1(C)CCCC1.O=S(=O)([O-])C(F)(F)F,[C4MPyr][CF3SO3],benzene,c1ccccc1,aromatic,n-octane,CCCCCCCC,alkane,0.31300002,0.68100005,0.0060000005,0.0,0.931,0.069,101.325,1.0,152,298.15,0.5041054,0.4602603,0.035634264,0.006610206,0.47425476,0.51913506
,3-methyl-N-butylpyridinium trifluoromethanesulfonate,CCCC[n+]1cccc(C)c1.O=S(=O)([O-])C(F)(F)F,[C4MPy][B(CN)4],benzene,c1ccccc1,aromatic,n-hexane,CCCCCC,alkane,0.81750005,0.112600006,0.069900006,0.001,0.0506,0.9484,101.325,0.0,156,303.2,0.87458205,0.11771684,0.0077011236,0.004041343,0.20030335,0.7956553
,3-methyl-N-butylpyridinium trifluoromethanesulfonate,CCCC[n+]1cccc(C)c1.O=S(=O)([O-])C(F)(F)F,[C4MPy][B(CN)4],benzene,c1ccccc1,aromatic,n-hexane,CCCCCC,alkane,0.720172,0.21302131,0.06680668,0.001,0.1029,0.8961,101.325,0.07692308,156,303.2,0.8632333,0.12841743,0.008349192,0.0042295344,0.21622847,0.779542
,3-methyl-N-butylpyridinium trifluoromethanesulfonate,CCCC[n+]1cccc(C)c1.O=S(=O)([O-])C(F)(F)F,[C4MPy][B(CN)4],benzene,c1ccccc1,aromatic,n-hexane,CCCCCC,alkane,0.6739,0.262,0.0641,0.001,0.1418,0.8572,101.325,0.15384616,156,303.2,0.8488249,0.14200133,0.0091738105,0.004427451,0.23320486,0.76236767
,3-methyl-N-butylpyridinium trifluoromethanesulfonate,CCCC[n+]1cccc(C)c1.O=S(=O)([O-])C(F)(F)F,[C4MPy][B(CN)4],benzene,c1ccccc1,aromatic,n-hexane,CCCCCC,alkane,0.6077,0.3298,0.0625,0.0013,0.1837,0.815,101.325,0.23076923,156,303.2,0.83328205,0.15665938,0.010058583,0.004625382,0.2510568,0.7443178
,3-methyl-N-butylpyridinium trifluoromethanesulfonate,CCCC[n+]1cccc(C)c1.O=S(=O)([O-])C(F)(F)F,[C4MPy][B(CN)4],benzene,c1ccccc1,aromatic,n-hexane,CCCCCC,alkane,0.4944,0.4381,0.0675,0.001,0.2746,0.7244,101.325,0.30769232,156,303.2,0.81666255,0.17233683,0.01100071,0.0048205853,0.26971442,0.72546494
,3-methyl-N-butylpyridinium trifluoromethanesulfonate,CCCC[n+]1cccc(C)c1.O=S(=O)([O-])C(F)(F)F,[C4MPy][B(CN)4],benzene,c1ccccc1,aromatic,n-hexane,CCCCCC,alkane,0.435,0.5037,0.0613,0.00090009003,0.35483548,0.64426446,101.325,0.3846154,156,303.2,0.7984692,0.18951268,0.012018183,0.0050168526,0.28944677,0.70553637
,3-methyl-N-butylpyridinium trifluoromethanesulfonate,CCCC[n+]1cccc(C)c1.O=S(=O)([O-])C(F)(F)F,[C4MPy][B(CN)4],benzene,c1ccccc1,aromatic,n-hexane,CCCCCC,alkane,0.3458654,0.59424055,0.05989401,0.0012001201,0.48274827,0.5160516,101.325,0.46153846,156,303.2,0.7789834,0.20791368,0.013102934,0.005210651,0.3099673,0.6848221
,3-methyl-N-butylpyridinium trifluoromethanesulfonate,CCCC[n+]1cccc(C)c1.O=S(=O)([O-])C(F)(F)F,[C4MPy][B(CN)4],benzene,c1ccccc1,aromatic,n-hexane,CCCCCC,alkane,0.3418,0.602,0.0562,0.0009,0.5005,0.4986,101.325,0.53846157,156,303.2,0.7590953,0.2266925,0.01421216,0.0053843325,0.33091825,0.66369736
,3-methyl-N-butylpyridinium trifluoromethanesulfonate,CCCC[n+]1cccc(C)c1.O=S(=O)([O-])C(F)(F)F,[C4MPy][B(CN)4],benzene,c1ccccc1,aromatic,n-hexane,CCCCCC,alkane,0.3172,0.63,0.0528,0.0012,0.6053,0.3935,101.325,0.61538464,156,303.2,0.7371509,0.24743325,0.015415751,0.0055672415,0.35285655,0.64157623
,3-methyl-N-butylpyridinium trifluoromethanesulfonate,CCCC[n+]1cccc(C)c1.O=S(=O)([O-])C(F)(F)F,[C4MPy][B(CN)4],benzene,c1ccccc1,aromatic,n-hexane,CCCCCC,alkane,0.2328,0.7276,0.0396,0.00090000004,0.76850003,0.23060001,101.325,0.6923077,156,303.2,0.7139063,0.26941624,0.016677428,0.005743643,0.37548706,0.61876935
,3-methyl-N-butylpyridinium trifluoromethanesulfonate,CCCC[n+]1cccc(C)c1.O=S(=O)([O-])C(F)(F)F,[C4MPy][B(CN)4],benzene,c1ccccc1,aromatic,n-hexane,CCCCCC,alkane,0.2249,0.7402,0.0349,0.0009,0.8168,0.1823,101.325,0.7692308,156,303.2,0.68953294,0.29247478,0.01799228,0.005912752,0.398641,0.5954463
,3-methyl-N-butylpyridinium trifluoromethanesulfonate,CCCC[n+]1cccc(C)c1.O=S(=O)([O-])C(F)(F)F,[C4MPy][B(CN)4],benzene,c1ccccc1,aromatic,n-hexane,CCCCCC,alkane,0.2058,0.7671,0.0271,0.0009,0.874,0.1251,101.325,0.84615386,156,303.2,0.6640521,0.31659573,0.019352172,0.0060700253,0.42228818,0.5716418
,3-methyl-N-butylpyridinium trifluoromethanesulfonate,CCCC[n+]1cccc(C)c1.O=S(=O)([O-])C(F)(F)F,[C4MPy][B(CN)4],benzene,c1ccccc1,aromatic,n-hexane,CCCCCC,alkane,0.1921,0.7907,0.0172,0.00090000004,0.93050003,0.06860001,101.325,0.9230769,156,303.2,0.63771194,0.34154603,0.020742062,0.0062160282,0.4461562,0.54762775
,3-methyl-N-butylpyridinium trifluoromethanesulfonate,CCCC[n+]1cccc(C)c1.O=S(=O)([O-])C(F)(F)F,[C4MPy][B(CN)4],benzene,c1ccccc1,aromatic,n-hexane,CCCCCC,alkane,0.1636,0.8364,0.0,0.0009,0.9991,0.0,101.325,1.0,156,303.2,0.6104557,0.3673696,0.02217471,0.006351572,0.47037154,0.52327687
,1-butyl-3-methylimidazolium nitrate,CCCCn1cc[n+](C)c1.O=[N+]([O-])[O-],[C4MIm][NO3],p-xylene,Cc1ccc(C)cc1,aromatic,n-heptane,CCCCCCC,alkane,0.972,0.024,0.004,0.0,0.153,0.847,101.325,0.0,189,298.15,0.9555068,0.04099849,0.003494688,0.002780838,0.28692982,0.71028936
,1-butyl-3-methylimidazolium nitrate,CCCCn1cc[n+](C)c1.O=[N+]([O-])[O-],[C4MIm][NO3],p-xylene,Cc1ccc(C)cc1,aromatic,n-heptane,CCCCCCC,alkane,0.967,0.029,0.004,0.0,0.176,0.824,101.325,0.14285715,189,298.15,0.9453701,0.0503881,0.0042418414,0.0029924125,0.32087898,0.6761286
,1-butyl-3-methylimidazolium nitrate,CCCCn1cc[n+](C)c1.O=[N+]([O-])[O-],[C4MIm][NO3],p-xylene,Cc1ccc(C)cc1,aromatic,n-heptane,CCCCCCC,alkane,0.944,0.051,0.005,0.0,0.308,0.692,101.325,0.2857143,189,298.15,0.9330648,0.061796118,0.005139063,0.0032018276,0.35698903,0.63980913
,1-butyl-3-methylimidazolium nitrate,CCCCn1cc[n+](C)c1.O=[N+]([O-])[O-],[C4MIm][NO3],p-xylene,Cc1ccc(C)cc1,aromatic,n-heptane,CCCCCCC,alkane,0.93200004,0.062000003,0.0060000005,0.0,0.366,0.634,101.325,0.42857143,189,298.15,0.918509,0.07525191,0.0062390594,0.0033584153,0.40035924,0.5962823
,1-butyl-3-methylimidazolium nitrate,CCCCn1cc[n+](C)c1.O=[N+]([O-])[O-],[C4MIm][NO3],p-xylene,Cc1ccc(C)cc1,aromatic,n-heptane,CCCCCCC,alkane,0.915,0.079,0.006,0.0,0.464,0.536,101.325,0.5714286,189,298.15,0.90096545,0.09149701,0.0075375345,0.0035040318,0.4427106,0.5537854
,1-butyl-3-methylimidazolium nitrate,CCCCn1cc[n+](C)c1.O=[N+]([O-])[O-],[C4MIm][NO3],p-xylene,Cc1ccc(C)cc1,aromatic,n-heptane,CCCCCCC,alkane,0.908,0.085,0.007,0.0,0.471,0.529,101.325,0.71428573,189,298.15,0.87993455,0.11103092,0.009034506,0.0036699201,0.482809,0.5135211
,1-butyl-3-methylimidazolium nitrate,CCCCn1cc[n+](C)c1.O=[N+]([O-])[O-],[C4MIm][NO3],p-xylene,Cc1ccc(C)cc1,aromatic,n-heptane,CCCCCCC,alkane,0.894,0.099,0.007,0.0,0.55,0.45,101.325,0.85714287,189,298.15,0.8517876,0.13723066,0.010981808,0.004216469,0.5163673,0.4794162
,1-butyl-3-methylimidazolium nitrate,CCCCn1cc[n+](C)c1.O=[N+]([O-])[O-],[C4MIm][NO3],p-xylene,Cc1ccc(C)cc1,aromatic,n-heptane,CCCCCCC,alkane,0.864,0.127,0.009,0.0,0.644,0.356,101.325,1.0,189,298.15,0.82106125,0.16583695,0.0131017845,0.004565861,0.55305415,0.44237995
,1-methyl-3-octyl-imidazolium nitrate,CCCCCCCC[n+]1ccn(C)c1.O=[N+]([O-])[O-],[C8MIm][NO3],benzene,c1ccccc1,aromatic,n-octane,CCCCCCCC,alkane,0.733,0.199,0.068,0.0,0.184,0.816,101.325,0.11111111,193,298.15,0.7618379,0.20579962,0.032362442,0.011177115,0.29596472,0.69285816
,1-methyl-3-octyl-imidazolium nitrate,CCCCCCCC[n+]1ccn(C)c1.O=[N+]([O-])[O-],[C8MIm][NO3],benzene,c1ccccc1,aromatic,n-octane,CCCCCCCC,alkane,0.591,0.346,0.063,0.0,0.37,0.63,101.325,0.33333334,193,298.15,0.70171773,0.25822285,0.040059462,0.012169171,0.34963036,0.6382004
,1-methyl-3-octyl-imidazolium nitrate,CCCCCCCC[n+]1ccn(C)c1.O=[N+]([O-])[O-],[C8MIm][NO3],benzene,c1ccccc1,aromatic,n-octane,CCCCCCCC,alkane,0.535,0.404,0.061,0.0,0.471,0.529,101.325,0.44444445,193,298.15,0.6687215,0.28718144,0.044096988,0.0124598015,0.379319,0.6082212
,1-methyl-3-octyl-imidazolium nitrate,CCCCCCCC[n+]1ccn(C)c1.O=[N+]([O-])[O-],[C8MIm][NO3],benzene,c1ccccc1,aromatic,n-octane,CCCCCCCC,alkane,0.486,0.458,0.056,0.0,0.569,0.431,101.325,0.6666667,193,298.15,0.5980794,0.3489598,0.052960865,0.013359229,0.4375033,0.5491375
,1-methyl-3-octyl-imidazolium nitrate,CCCCCCCC[n+]1ccn(C)c1.O=[N+]([O-])[O-],[C8MIm][NO3],benzene,c1ccccc1,aromatic,n-octane,CCCCCCCC,alkane,0.375,0.576,0.049,0.0,0.773,0.227,101.325,0.8888889,193,298.15,0.51561385,0.41947386,0.06491235,0.01747215,0.49419022,0.48833767
,1-methyl-3-octyl-imidazolium nitrate,CCCCCCCC[n+]1ccn(C)c1.O=[N+]([O-])[O-],[C8MIm][NO3],benzene,c1ccccc1,aromatic,n-octane,CCCCCCCC,alkane,0.738,0.19,0.072,0.0,0.175,0.825,101.325,0.0,193,298.15,0.7743306,0.19391681,0.03175258,0.014424342,0.27537295,0.7102027
,1-methyl-3-octyl-imidazolium nitrate,CCCCCCCC[n+]1ccn(C)c1.O=[N+]([O-])[O-],[C8MIm][NO3],benzene,c1ccccc1,aromatic,n-octane,CCCCCCCC,alkane,0.619,0.316,0.065,0.0,0.344,0.656,101.325,0.22222222,193,298.15,0.71808517,0.24256453,0.03935036,0.015878914,0.32477385,0.65934724
,1-methyl-3-octyl-imidazolium nitrate,CCCCCCCC[n+]1ccn(C)c1.O=[N+]([O-])[O-],[C8MIm][NO3],benzene,c1ccccc1,aromatic,n-octane,CCCCCCCC,alkane,0.482,0.44,0.078,0.0,0.511,0.489,101.325,0.5555556,193,298.15,0.63412666,0.3183062,0.047567096,0.010834671,0.4120391,0.57712626
,1-methyl-3-octyl-imidazolium nitrate,CCCCCCCC[n+]1ccn(C)c1.O=[N+]([O-])[O-],[C8MIm][NO3],benzene,c1ccccc1,aromatic,n-octane,CCCCCCCC,alkane,0.414,0.531,0.055,0.0,0.67,0.33,101.325,0.7777778,193,298.15,0.56631076,0.3795061,0.054183103,0.008918362,0.47640356,0.5146781
,1-methyl-3-octyl-imidazolium nitrate,CCCCCCCC[n+]1ccn(C)c1.O=[N+]([O-])[O-],[C8MIm][NO3],benzene,c1ccccc1,aromatic,n-octane,CCCCCCCC,alkane,0.308,0.643,0.049,0.0,0.834,0.166,101.325,1.0,193,298.15,0.48803118,0.44875005,0.06321873,0.009334816,0.5380293,0.45263588
,"1,3-dimethylimidazolium methylsulfate",COS(=O)(=O)[O-].Cn1cc[n+](C)c1,[C1MIm][MeSO4],toluene,Cc1ccccc1,aromatic,n-heptane,CCCCCCC,alkane,0.9991,0.0,0.0009,0.0,0.0,1.0,101.325,0.0,257,313.2,0.9824333,0.016732499,0.0008342026,0.0007382577,0.25343752,0.74582416
,"1,3-dimethylimidazolium methylsulfate",COS(=O)(=O)[O-].Cn1cc[n+](C)c1,[C1MIm][MeSO4],toluene,Cc1ccccc1,aromatic,n-heptane,CCCCCCC,alkane,0.9928,0.0061,0.0011,0.0,0.0472,0.9528,101.325,0.09090909,257,313.2,0.9796139,0.019428873,0.00095729576,0.0007792808,0.27565503,0.7235657
,"1,3-dimethylimidazolium methylsulfate",COS(=O)(=O)[O-].Cn1cc[n+](C)c1,[C1MIm][MeSO4],toluene,Cc1ccccc1,aromatic,n-heptane,CCCCCCC,alkane,0.9879,0.011,0.0011,0.0,0.0962,0.9038,101.325,0.18181819,257,313.2,0.9761766,0.022685463,0.0011379138,0.00095774134,0.29011068,0.7089315
,"1,3-dimethylimidazolium methylsulfate",COS(=O)(=O)[O-].Cn1cc[n+](C)c1,[C1MIm][MeSO4],toluene,Cc1ccccc1,aromatic,n-heptane,CCCCCCC,alkane,0.9763,0.0227,0.001,0.0,0.1934,0.8066,101.325,0.27272728,257,313.2,0.9723493,0.026344467,0.0013061977,0.0010073789,0.31453264,0.68446004
,"1,3-dimethylimidazolium methylsulfate",COS(=O)(=O)[O-].Cn1cc[n+](C)c1,[C1MIm][MeSO4],toluene,Cc1ccccc1,aromatic,n-heptane,CCCCCCC,alkane,0.9678,0.0314,0.0008,0.0,0.293,0.707,101.325,0.36363637,257,313.2,0.9679506,0.030552078,0.0014973807,0.0010554552,0.3399934,0.65895116
,"1,3-dimethylimidazolium methylsulfate",COS(=O)(=O)[O-].Cn1cc[n+](C)c1,[C1MIm][MeSO4],toluene,Cc1ccccc1,aromatic,n-heptane,CCCCCCC,alkane,0.9557,0.0436,0.0007,0.0,0.45,0.55,101.325,0.45454547,257,313.2,0.96283495,0.0354475,0.0017175989,0.0011032795,0.36656407,0.63233274
,"1,3-dimethylimidazolium methylsulfate",COS(=O)(=O)[O-].Cn1cc[n+](C)c1,[C1MIm][MeSO4],toluene,Cc1ccccc1,aromatic,n-heptane,CCCCCCC,alkane,0.9472,0.0522,0.0006,0.0,0.5447,0.4553,101.325,0.54545456,257,313.2,0.95635647,0.041639645,0.002003856,0.0011765625,0.39259693,0.6062265
,"1,3-dimethylimidazolium methylsulfate",COS(=O)(=O)[O-].Cn1cc[n+](C)c1,[C1MIm][MeSO4],toluene,Cc1ccccc1,aromatic,n-heptane,CCCCCCC,alkane,0.9416,0.0579,0.0005,0.0,0.6082,0.3918,101.325,0.6363636,257,313.2,0.948186,0.04943329,0.0023807425,0.0012597203,0.41770282,0.5810374
,"1,3-dimethylimidazolium methylsulfate",COS(=O)(=O)[O-].Cn1cc[n+](C)c1,[C1MIm][MeSO4],toluene,Cc1ccccc1,aromatic,n-heptane,CCCCCCC,alkane,0.9335,0.066,0.0005,0.0,0.6925,0.3075,101.325,0.72727275,257,313.2,0.9401772,0.057102177,0.002720595,0.001303829,0.44627228,0.55242383
,"1,3-dimethylimidazolium methylsulfate",COS(=O)(=O)[O-].Cn1cc[n+](C)c1,[C1MIm][MeSO4],toluene,Cc1ccccc1,aromatic,n-heptane,CCCCCCC,alkane,0.9293,0.0703,0.0004,0.0,0.7894,0.2106,101.325,0.8181818,257,313.2,0.93076307,0.06612221,0.003114756,0.0013588262,0.47836,0.5202812
,"1,3-dimethylimidazolium methylsulfate",COS(=O)(=O)[O-].Cn1cc[n+](C)c1,[C1MIm][MeSO4],toluene,Cc1ccccc1,aromatic,n-heptane,CCCCCCC,alkane,0.9224,0.0773,0.0003,0.0,0.8609,0.1391,101.325,0.90909094,257,313.2,0.91992456,0.07650449,0.003571017,0.0014145327,0.5121953,0.48639017
,"1,3-dimethylimidazolium methylsulfate",COS(=O)(=O)[O-].Cn1cc[n+](C)c1,[C1MIm][MeSO4],toluene,Cc1ccccc1,aromatic,n-heptane,CCCCCCC,alkane,0.9432,0.0568,0.0,0.0,1.0,0.0,101.325,1.0,257,313.2,0.90810215,0.08784125,0.00405665,0.0014482591,0.5408001,0.4577516
,1-ethyl-3-methylimidazolium methanesulfonate,CCn1cc[n+](C)c1.CS(=O)(=O)[O-],[C2MIm][CH3SO3],toluene,Cc1ccccc1,aromatic,n-heptane,CCCCCCC,alkane,0.998,0.0,0.002,0.0,0.0,1.0,101.325,0.0,267,313.2,0.97351336,0.02509552,0.0013911155,0.0013122482,0.23683837,0.7618494
,1-ethyl-3-methylimidazolium methanesulfonate,CCn1cc[n+](C)c1.CS(=O)(=O)[O-],[C2MIm][CH3SO3],toluene,Cc1ccccc1,aromatic,n-heptane,CCCCCCC,alkane,0.9909,0.0072,0.0019,0.0,0.0454,0.9546,101.325,0.1,267,313.2,0.9691628,0.02922981,0.0016074479,0.0014381128,0.25950164,0.73906034
,1-ethyl-3-methylimidazolium methanesulfonate,CCn1cc[n+](C)c1.CS(=O)(=O)[O-],[C2MIm][CH3SO3],toluene,Cc1ccccc1,aromatic,n-heptane,CCCCCCC,alkane,0.985,0.0133,0.0017,0.0,0.0955,0.9045,101.325,0.2,267,313.2,0.96433526,0.03381369,0.001851084,0.0016180755,0.28296664,0.71541524
,1-ethyl-3-methylimidazolium methanesulfonate,CCn1cc[n+](C)c1.CS(=O)(=O)[O-],[C2MIm][CH3SO3],toluene,Cc1ccccc1,aromatic,n-heptane,CCCCCCC,alkane,0.9707,0.0277,0.0016,0.0,0.1888,0.8112,101.325,0.3,267,313.2,0.9583728,0.03948859,0.0021387315,0.0017096284,0.30856323,0.6897272
,1-ethyl-3-methylimidazolium methanesulfonate,CCn1cc[n+](C)c1.CS(=O)(=O)[O-],[C2MIm][CH3SO3],toluene,Cc1ccccc1,aromatic,n-heptane,CCCCCCC,alkane,0.95780003,0.040800005,0.0014000001,0.0,0.3021,0.6979,101.325,0.4,267,313.2,0.95051765,0.046961322,0.0025210984,0.0018783022,0.33575195,0.6623697
,1-ethyl-3-methylimidazolium methanesulfonate,CCn1cc[n+](C)c1.CS(=O)(=O)[O-],[C2MIm][CH3SO3],toluene,Cc1ccccc1,aromatic,n-heptane,CCCCCCC,alkane,0.9405,0.0582,0.0013,0.0,0.4486,0.5514,101.325,0.5,267,313.2,0.94183767,0.05522663,0.002935636,0.0020129893,0.3640197,0.6339673
,1-ethyl-3-methylimidazolium methanesulfonate,CCn1cc[n+](C)c1.CS(=O)(=O)[O-],[C2MIm][CH3SO3],toluene,Cc1ccccc1,aromatic,n-heptane,CCCCCCC,alkane,0.9254,0.0732,0.0014,0.0,0.5256,0.4744,101.325,0.6,267,313.2,0.9324028,0.06422054,0.0033766169,0.002104509,0.39308017,0.6048153
,1-ethyl-3-methylimidazolium methanesulfonate,CCn1cc[n+](C)c1.CS(=O)(=O)[O-],[C2MIm][CH3SO3],toluene,Cc1ccccc1,aromatic,n-heptane,CCCCCCC,alkane,0.91690004,0.08180001,0.0013000001,0.0,0.5991,0.4009,101.325,0.7,267,313.2,0.92273074,0.07345672,0.003812502,0.0021052654,0.4227908,0.57510394
,1-ethyl-3-methylimidazolium methanesulfonate,CCn1cc[n+](C)c1.CS(=O)(=O)[O-],[C2MIm][CH3SO3],toluene,Cc1ccccc1,aromatic,n-heptane,CCCCCCC,alkane,0.9023,0.0965,0.0012,0.0,0.6918,0.3082,101.325,0.8,267,313.2,0.913056,0.08271447,0.0042295265,0.0020138328,0.453048,0.5449382
,1-ethyl-3-methylimidazolium methanesulfonate,CCn1cc[n+](C)c1.CS(=O)(=O)[O-],[C2MIm][CH3SO3],toluene,Cc1ccccc1,aromatic,n-heptane,CCCCCCC,alkane,0.89150006,0.10760001,0.00090000004,0.0,0.779,0.221,101.325,0.9,267,313.2,0.8976948,0.09738985,0.004915332,0.002080667,0.48533198,0.5125873
,1-ethyl-3-methylimidazolium methanesulfonate,CCn1cc[n+](C)c1.CS(=O)(=O)[O-],[C2MIm][CH3SO3],toluene,Cc1ccccc1,aromatic,n-heptane,CCCCCCC,alkane,0.88070005,0.11840001,0.00090000004,0.0,0.8568,0.1432,101.325,1.0,267,313.2,0.8781167,0.11611055,0.005772686,0.002138104,0.5190416,0.47882026
,1-ethyl-3-methylimidazolium ethylsulfate,CCOS(=O)(=O)[O-].CCn1cc[n+](C)c1,[C2MIm][EtSO4],benzene,c1ccccc1,aromatic,n-hexane,CCCCCC,alkane,0.955,0.038,0.007,0.0,0.055,0.945,101.325,0.0,268,298.2,0.9294127,0.06628227,0.0043050055,0.0022540104,0.18668164,0.8110643
,1-ethyl-3-methylimidazolium ethylsulfate,CCOS(=O)(=O)[O-].CCn1cc[n+](C)c1,[C2MIm][EtSO4],benzene,c1ccccc1,aromatic,n-hexane,CCCCCC,alkane,0.91,0.083,0.007,0.0,0.12,0.88,101.325,0.14285715,268,298.2,0.9129726,0.08178249,0.005244863,0.0024731162,0.21611476,0.7814122
,1-ethyl-3-methylimidazolium ethylsulfate,CCOS(=O)(=O)[O-].CCn1cc[n+](C)c1,[C2MIm][EtSO4],benzene,c1ccccc1,aromatic,n-hexane,CCCCCC,alkane,0.881,0.112,0.007,0.0,0.163,0.837,101.325,0.2857143,268,298.2,0.89611983,0.09762582,0.0062543256,0.0029309131,0.24704506,0.75002396
,1-ethyl-3-methylimidazolium ethylsulfate,CCOS(=O)(=O)[O-].CCn1cc[n+](C)c1,[C2MIm][EtSO4],benzene,c1ccccc1,aromatic,n-hexane,CCCCCC,alkane,0.841,0.152,0.007,0.0,0.227,0.773,101.325,0.42857143,268,298.2,0.8731158,0.11933421,0.007550042,0.0031774598,0.2826658,0.71415675
,1-ethyl-3-methylimidazolium ethylsulfate,CCOS(=O)(=O)[O-].CCn1cc[n+](C)c1,[C2MIm][EtSO4],benzene,c1ccccc1,aromatic,n-hexane,CCCCCC,alkane,0.82100004,0.17300001,0.0060000005,0.0,0.279,0.721,101.325,0.5714286,268,298.2,0.8429429,0.14790067,0.009156456,0.003246457,0.32324585,0.6735077
,1-ethyl-3-methylimidazolium ethylsulfate,CCOS(=O)(=O)[O-].CCn1cc[n+](C)c1,[C2MIm][EtSO4],benzene,c1ccccc1,aromatic,n-hexane,CCCCCC,alkane,0.795,0.199,0.006,0.0,0.331,0.669,101.325,0.71428573,268,298.2,0.8087925,0.18023823,0.010969265,0.003373654,0.3658689,0.6307575
,1-ethyl-3-methylimidazolium ethylsulfate,CCOS(=O)(=O)[O-].CCn1cc[n+](C)c1,[C2MIm][EtSO4],benzene,c1ccccc1,aromatic,n-hexane,CCCCCC,alkane,0.75500005,0.23900001,0.0060000005,0.0,0.414,0.586,101.325,0.85714287,268,298.2,0.7725552,0.21453853,0.012906303,0.0035569293,0.40990442,0.5865386
,1-ethyl-3-methylimidazolium ethylsulfate,CCOS(=O)(=O)[O-].CCn1cc[n+](C)c1,[C2MIm][EtSO4],benzene,c1ccccc1,aromatic,n-hexane,CCCCCC,alkane,0.72900003,0.26500002,0.0060000005,0.0,0.465,0.535,101.325,1.0,268,298.2,0.73292077,0.25207406,0.015005155,0.003663667,0.4561593,0.5401771
,1-ethyl-3-methylimidazolium ethylsulfate,CCOS(=O)(=O)[O-].CCn1cc[n+](C)c1,[C2MIm][EtSO4],toluene,Cc1ccccc1,aromatic,n-nonane,CCCCCCCCC,alkane,0.974,0.023,0.003,0.0,0.065,0.935,101.325,0.0,281,298.15,0.97153354,0.026899042,0.0015674776,0.0014116147,0.25870392,0.7398844
,1-ethyl-3-methylimidazolium ethylsulfate,CCOS(=O)(=O)[O-].CCn1cc[n+](C)c1,[C2MIm][EtSO4],toluene,Cc1ccccc1,aromatic,n-nonane,CCCCCCCCC,alkane,0.942,0.055,0.003,0.0,0.196,0.804,101.325,0.16666667,281,298.15,0.9630965,0.03490436,0.0019991337,0.0015514535,0.29976326,0.6986853
,1-ethyl-3-methylimidazolium ethylsulfate,CCOS(=O)(=O)[O-].CCn1cc[n+](C)c1,[C2MIm][EtSO4],toluene,Cc1ccccc1,aromatic,n-nonane,CCCCCCCCC,alkane,0.924,0.072,0.004,0.0,0.262,0.738,101.325,0.33333334,281,298.15,0.9523811,0.0450757,0.0025432527,0.0017015055,0.34422186,0.6540767
,1-ethyl-3-methylimidazolium ethylsulfate,CCOS(=O)(=O)[O-].CCn1cc[n+](C)c1,[C2MIm][EtSO4],toluene,Cc1ccccc1,aromatic,n-nonane,CCCCCCCCC,alkane,0.894,0.102,0.004,0.0,0.388,0.612,101.325,0.5,281,298.15,0.93859273,0.058181852,0.003225396,0.001835199,0.39200303,0.6061617
,1-ethyl-3-methylimidazolium ethylsulfate,CCOS(=O)(=O)[O-].CCn1cc[n+](C)c1,[C2MIm][EtSO4],toluene,Cc1ccccc1,aromatic,n-nonane,CCCCCCCCC,alkane,0.866,0.13,0.004,0.0,0.509,0.491,101.325,0.6666667,281,298.15,0.92116183,0.07476501,0.0040732007,0.0019590193,0.44197962,0.5560614
,1-ethyl-3-methylimidazolium ethylsulfate,CCOS(=O)(=O)[O-].CCn1cc[n+](C)c1,[C2MIm][EtSO4],toluene,Cc1ccccc1,aromatic,n-nonane,CCCCCCCCC,alkane,0.839,0.158,0.003,0.0,0.633,0.367,101.325,0.8333333,281,298.15,0.8991014,0.0957526,0.005145973,0.002150381,0.49361992,0.50422966
,1-ethyl-3-methylimidazolium ethylsulfate,CCOS(=O)(=O)[O-].CCn1cc[n+](C)c1,[C2MIm][EtSO4],toluene,Cc1ccccc1,aromatic,n-nonane,CCCCCCCCC,alkane,0.813,0.185,0.002,0.0,0.759,0.241,101.325,1.0,281,298.15,0.87202585,0.12154287,0.006431301,0.0022870419,0.5449623,0.45275068
,1-ethyl-3-methylimidazolium ethylsulfate,CCOS(=O)(=O)[O-].CCn1cc[n+](C)c1,[C2MIm][EtSO4],p-xylene,Cc1ccc(C)cc1,aromatic,n-hexane,CCCCCC,alkane,0.975,0.014,0.011,0.0,0.071,0.929,101.325,0.0,284,298.15,0.9761312,0.022363905,0.0015049386,0.0014674283,0.28327507,0.7152575
,1-ethyl-3-methylimidazolium ethylsulfate,CCOS(=O)(=O)[O-].CCn1cc[n+](C)c1,[C2MIm][EtSO4],p-xylene,Cc1ccc(C)cc1,aromatic,n-hexane,CCCCCC,alkane,0.96500003,0.025000002,0.010000001,0.0,0.141,0.859,101.325,0.14285715,284,298.15,0.97031915,0.027833825,0.0018469954,0.0015831464,0.31753442,0.6808824
,1-ethyl-3-methylimidazolium ethylsulfate,CCOS(=O)(=O)[O-].CCn1cc[n+](C)c1,[C2MIm][EtSO4],p-xylene,Cc1ccc(C)cc1,aromatic,n-hexane,CCCCCC,alkane,0.959,0.032,0.009,0.0,0.21,0.79,101.325,0.2857143,284,298.15,0.9631226,0.03461306,0.0022643136,0.0016976715,0.3540861,0.64421624
,1-ethyl-3-methylimidazolium ethylsulfate,CCOS(=O)(=O)[O-].CCn1cc[n+](C)c1,[C2MIm][EtSO4],p-xylene,Cc1ccc(C)cc1,aromatic,n-hexane,CCCCCC,alkane,0.953,0.039,0.008,0.0,0.266,0.734,101.325,0.42857143,284,298.15,0.95428056,0.042949785,0.0027697482,0.0018089903,0.39249486,0.60569614
,1-ethyl-3-methylimidazolium ethylsulfate,CCOS(=O)(=O)[O-].CCn1cc[n+](C)c1,[C2MIm][EtSO4],p-xylene,Cc1ccc(C)cc1,aromatic,n-hexane,CCCCCC,alkane,0.94,0.053,0.007,0.0,0.399,0.601,101.325,0.5714286,284,298.15,0.94341475,0.053203695,0.0033815277,0.0019152936,0.43238455,0.56570023
,1-ethyl-3-methylimidazolium ethylsulfate,CCOS(=O)(=O)[O-].CCn1cc[n+](C)c1,[C2MIm][EtSO4],p-xylene,Cc1ccc(C)cc1,aromatic,n-hexane,CCCCCC,alkane,0.92700005,0.06700001,0.0060000005,0.0,0.53,0.47,101.325,0.71428573,284,298.15,0.93012154,0.06575844,0.004120007,0.0020141094,0.4733341,0.5246518
,1-ethyl-3-methylimidazolium ethylsulfate,CCOS(=O)(=O)[O-].CCn1cc[n+](C)c1,[C2MIm][EtSO4],p-xylene,Cc1ccc(C)cc1,aromatic,n-hexane,CCCCCC,alkane,0.915,0.08,0.005,0.0,0.653,0.347,101.325,0.85714287,284,298.15,0.9140738,0.08092805,0.0049982085,0.0021028102,0.5145083,0.48338893
,1-ethyl-3-methylimidazolium ethylsulfate,CCOS(=O)(=O)[O-].CCn1cc[n+](C)c1,[C2MIm][EtSO4],p-xylene,Cc1ccc(C)cc1,aromatic,n-hexane,CCCCCC,alkane,0.9,0.097,0.003,0.0,0.784,0.216,101.325,1.0,284,298.15,0.8940657,0.09986692,0.006067442,0.0021890977,0.5534925,0.44431838
,3-methyl-N-ethylpyridinium ethylsulfate,CCOS(=O)(=O)[O-].CC[n+]1cccc(C)c1,[C2MPy][EtSO4],benzene,c1ccccc1,aromatic,n-heptane,CCCCCCC,alkane,0.94,0.056,0.004,0.0,0.097,0.903,101.325,0.0,291,298.15,0.9187565,0.07702441,0.004219117,0.0025466313,0.21984723,0.7776062
,3-methyl-N-ethylpyridinium ethylsulfate,CCOS(=O)(=O)[O-].CC[n+]1cccc(C)c1,[C2MPy][EtSO4],benzene,c1ccccc1,aromatic,n-heptane,CCCCCCC,alkane,0.867,0.129,0.004,0.0,0.198,0.802,101.325,0.14285715,291,298.15,0.9003098,0.09457534,0.0051147523,0.0027774728,0.25331277,0.7439097
,3-methyl-N-ethylpyridinium ethylsulfate,CCOS(=O)(=O)[O-].CC[n+]1cccc(C)c1,[C2MPy][EtSO4],benzene,c1ccccc1,aromatic,n-heptane,CCCCCCC,alkane,0.816,0.179,0.005,0.0,0.299,0.701,101.325,0.2857143,291,298.15,0.87822586,0.11560137,0.006172753,0.0030081,0.29013312,0.7068588
,3-methyl-N-ethylpyridinium ethylsulfate,CCOS(=O)(=O)[O-].CC[n+]1cccc(C)c1,[C2MPy][EtSO4],benzene,c1ccccc1,aromatic,n-heptane,CCCCCCC,alkane,0.735,0.26,0.005,0.0,0.388,0.612,101.325,0.42857143,291,298.15,0.85307246,0.13956258,0.0073649846,0.0032442291,0.3290976,0.66765815
,3-methyl-N-ethylpyridinium ethylsulfate,CCOS(=O)(=O)[O-].CC[n+]1cccc(C)c1,[C2MPy][EtSO4],benzene,c1ccccc1,aromatic,n-heptane,CCCCCCC,alkane,0.703,0.293,0.004,0.0,0.487,0.513,101.325,0.5714286,291,298.15,0.82505953,0.1662598,0.008680664,0.00348538,0.3695487,0.62696594
,3-methyl-N-ethylpyridinium ethylsulfate,CCOS(=O)(=O)[O-].CC[n+]1cccc(C)c1,[C2MPy][EtSO4],benzene,c1ccccc1,aromatic,n-heptane,CCCCCCC,alkane,0.661,0.334,0.005,0.0,0.576,0.424,101.325,0.71428573,291,298.15,0.79028505,0.19943048,0.010284436,0.0036872688,0.41398796,0.5823248
,3-methyl-N-ethylpyridinium ethylsulfate,CCOS(=O)(=O)[O-].CC[n+]1cccc(C)c1,[C2MPy][EtSO4],benzene,c1ccccc1,aromatic,n-heptane,CCCCCCC,alkane,0.613,0.384,0.003,0.0,0.672,0.328,101.325,0.85714287,291,298.15,0.7501653,0.23770878,0.012125859,0.0039370786,0.4599769,0.536086
,3-methyl-N-ethylpyridinium ethylsulfate,CCOS(=O)(=O)[O-].CC[n+]1cccc(C)c1,[C2MPy][EtSO4],benzene,c1ccccc1,aromatic,n-heptane,CCCCCCC,alkane,0.56,0.437,0.003,0.0,0.775,0.225,101.325,1.0,291,298.15,0.704776,0.28101614,0.014207931,0.0042414768,0.50661564,0.4891429
no,1-ethylpyridinium ethylsulfate,CCOS(=O)(=O)[O-].CC[n+]1ccccc1,[C2Py][EtSO4],benzene,c1ccccc1,aromatic,n-octane,CCCCCCCC,alkane,0.938,0.057,0.005,0.0,0.127,0.873,101.325,0.0,312,298.15,0.945276,0.05207482,0.0026491676,0.0020753723,0.20238341,0.79554117
no,1-ethylpyridinium ethylsulfate,CCOS(=O)(=O)[O-].CC[n+]1ccccc1,[C2Py][EtSO4],benzene,c1ccccc1,aromatic,n-octane,CCCCCCCC,alkane,0.915,0.081,0.004,0.0,0.184,0.816,101.325,0.14285715,312,298.15,0.932294,0.06446973,0.003236198,0.002274016,0.23373248,0.76399344
no,1-ethylpyridinium ethylsulfate,CCOS(=O)(=O)[O-].CC[n+]1ccccc1,[C2Py][EtSO4],benzene,c1ccccc1,aromatic,n-octane,CCCCCCCC,alkane,0.889,0.107,0.004,0.0,0.247,0.753,101.325,0.2857143,312,298.15,0.91652924,0.079531364,0.003939476,0.0024745837,0.26835462,0.72917086
no,1-ethylpyridinium ethylsulfate,CCOS(=O)(=O)[O-].CC[n+]1ccccc1,[C2Py][EtSO4],benzene,c1ccccc1,aromatic,n-octane,CCCCCCCC,alkane,0.867,0.129,0.004,0.0,0.303,0.697,101.325,0.42857143,312,298.15,0.897973,0.0973498,0.0046772347,0.0023433215,0.30784348,0.68981326
no,1-ethylpyridinium ethylsulfate,CCOS(=O)(=O)[O-].CC[n+]1ccccc1,[C2Py][EtSO4],benzene,c1ccccc1,aromatic,n-octane,CCCCCCCC,alkane,0.844,0.152,0.004,0.0,0.363,0.637,101.325,0.5714286,312,298.15,0.8752889,0.11911097,0.005600107,0.0023497108,0.34998417,0.6476661
no,1-ethylpyridinium ethylsulfate,CCOS(=O)(=O)[O-].CC[n+]1ccccc1,[C2Py][EtSO4],benzene,c1ccccc1,aromatic,n-octane,CCCCCCCC,alkane,0.798,0.198,0.004,0.0,0.49,0.51,101.325,0.71428573,312,298.15,0.84794587,0.14531423,0.006739897,0.0024991143,0.39388806,0.60361284
no,1-ethylpyridinium ethylsulfate,CCOS(=O)(=O)[O-].CC[n+]1ccccc1,[C2Py][EtSO4],benzene,c1ccccc1,aromatic,n-octane,CCCCCCCC,alkane,0.749,0.247,0.004,0.0,0.628,0.372,101.325,0.85714287,312,298.15,0.820143,0.1718022,0.008054762,0.0031474484,0.43347743,0.5633751
no,1-ethylpyridinium ethylsulfate,CCOS(=O)(=O)[O-].CC[n+]1ccccc1,[C2Py][EtSO4],benzene,c1ccccc1,aromatic,n-octane,CCCCCCCC,alkane,0.708,0.288,0.004,0.0,0.75,0.25,101.325,1.0,312,298.15,0.7843221,0.20613864,0.009539234,0.0032933992,0.47944412,0.51726246
,1-ethyl-3-methylimidazolium diethylphosphate,CCOP(=O)([O-])OCC.CCn1cc[n+](C)c1,[C2MIm][DEP],toluene,Cc1ccccc1,aromatic,n-heptane,CCCCCCC,alkane,0.991,0.0,0.009,0.0,0.0,1.0,101.325,0.0,315,298.2,0.937296,0.05796431,0.004739686,0.0031031056,0.2269583,0.7699386
,1-ethyl-3-methylimidazolium diethylphosphate,CCOP(=O)([O-])OCC.CCn1cc[n+](C)c1,[C2MIm][DEP],toluene,Cc1ccccc1,aromatic,n-heptane,CCCCCCC,alkane,0.96,0.031,0.009,0.0,0.059,0.941,101.325,0.125,315,298.2,0.92427266,0.07009575,0.0056315777,0.0031762323,0.25444594,0.7423778
,1-ethyl-3-methylimidazolium diethylphosphate,CCOP(=O)([O-])OCC.CCn1cc[n+](C)c1,[C2MIm][DEP],toluene,Cc1ccccc1,aromatic,n-heptane,CCCCCCC,alkane,0.92,0.072,0.008,0.0,0.143,0.857,101.325,0.25,315,298.2,0.9091774,0.08415365,0.006668935,0.0033199925,0.28398025,0.7126998
,1-ethyl-3-methylimidazolium diethylphosphate,CCOP(=O)([O-])OCC.CCn1cc[n+](C)c1,[C2MIm][DEP],toluene,Cc1ccccc1,aromatic,n-heptane,CCCCCCC,alkane,0.875,0.117,0.008,0.0,0.237,0.763,101.325,0.375,315,298.2,0.892043,0.10010829,0.007848765,0.0035404798,0.31513977,0.6813198
,1-ethyl-3-methylimidazolium diethylphosphate,CCOP(=O)([O-])OCC.CCn1cc[n+](C)c1,[C2MIm][DEP],toluene,Cc1ccccc1,aromatic,n-heptane,CCCCCCC,alkane,0.823,0.17,0.007,0.0,0.354,0.646,101.325,0.5,315,298.2,0.8721479,0.11865146,0.009200694,0.0037558149,0.3480354,0.6482088
,1-ethyl-3-methylimidazolium diethylphosphate,CCOP(=O)([O-])OCC.CCn1cc[n+](C)c1,[C2MIm][DEP],toluene,Cc1ccccc1,aromatic,n-heptane,CCCCCCC,alkane,0.8,0.194,0.006,0.0,0.436,0.564,101.325,0.625,315,298.2,0.8484963,0.1407086,0.010795133,0.0039685485,0.3826009,0.6134305
,1-ethyl-3-methylimidazolium diethylphosphate,CCOP(=O)([O-])OCC.CCn1cc[n+](C)c1,[C2MIm][DEP],toluene,Cc1ccccc1,aromatic,n-heptane,CCCCCCC,alkane,0.745,0.249,0.006,0.0,0.569,0.431,101.325,0.75,315,298.2,0.8218331,0.16559635,0.012570551,0.004167292,0.41829962,0.5775332
,1-ethyl-3-methylimidazolium diethylphosphate,CCOP(=O)([O-])OCC.CCn1cc[n+](C)c1,[C2MIm][DEP],toluene,Cc1ccccc1,aromatic,n-heptane,CCCCCCC,alkane,0.69900006,0.29500002,0.0060000005,0.0,0.684,0.316,101.325,0.875,315,298.2,0.7921045,0.1933742,0.014521333,0.004349695,0.45484462,0.54080564
,1-ethyl-3-methylimidazolium diethylphosphate,CCOP(=O)([O-])OCC.CCn1cc[n+](C)c1,[C2MIm][DEP],toluene,Cc1ccccc1,aromatic,n-heptane,CCCCCCC,alkane,0.664,0.331,0.005,0.0,0.782,0.218,101.325,1.0,315,298.2,0.7589529,0.22437792,0.016669119,0.0045151254,0.49175838,0.5037265
no,1-ethylpyridinium ethylsulfate,CCOS(=O)(=O)[O-].CC[n+]1ccccc1,[C2Py][EtSO4],benzene,c1ccccc1,aromatic,cyclohexene,C1=CCCCC1,alkene,0.917,0.043,0.04,0.0,0.121,0.879,101.325,0.0,324,298.15,0.91678715,0.06737043,0.015842397,0.0046453965,0.25891364,0.7364409
no,1-ethylpyridinium ethylsulfate,CCOS(=O)(=O)[O-].CC[n+]1ccccc1,[C2Py][EtSO4],benzene,c1ccccc1,aromatic,cyclohexene,C1=CCCCC1,alkene,0.896,0.064,0.04,0.0,0.179,0.821,101.325,0.125,324,298.15,0.90273964,0.078833446,0.018426916,0.004931797,0.27957776,0.71549046
no,1-ethylpyridinium ethylsulfate,CCOS(=O)(=O)[O-].CC[n+]1ccccc1,[C2Py][EtSO4],benzene,c1ccccc1,aromatic,cyclohexene,C1=CCCCC1,alkene,0.87700003,0.08400001,0.039000005,0.0,0.237,0.763,101.325,0.25,324,298.15,0.8868773,0.09184224,0.021280423,0.004984558,0.30199298,0.6930225
no,1-ethylpyridinium ethylsulfate,CCOS(=O)(=O)[O-].CC[n+]1ccccc1,[C2Py][EtSO4],benzene,c1ccccc1,aromatic,cyclohexene,C1=CCCCC1,alkene,0.857,0.105,0.038,0.0,0.297,0.703,101.325,0.375,324,298.15,0.868908,0.10665223,0.02443971,0.0047911317,0.32636783,0.6688411
no,1-ethylpyridinium ethylsulfate,CCOS(=O)(=O)[O-].CC[n+]1ccccc1,[C2Py][EtSO4],benzene,c1ccccc1,aromatic,cyclohexene,C1=CCCCC1,alkene,0.836,0.128,0.036,0.0,0.362,0.638,101.325,0.5,324,298.15,0.8478466,0.123937085,0.028216215,0.005050422,0.35040516,0.6445444
no,1-ethylpyridinium ethylsulfate,CCOS(=O)(=O)[O-].CC[n+]1ccccc1,[C2Py][EtSO4],benzene,c1ccccc1,aromatic,cyclohexene,C1=CCCCC1,alkene,0.797,0.172,0.031,0.0,0.488,0.512,101.325,0.625,324,298.15,0.82373446,0.14392221,0.03234329,0.004802655,0.37892163,0.6162757
no,1-ethylpyridinium ethylsulfate,CCOS(=O)(=O)[O-].CC[n+]1ccccc1,[C2Py][EtSO4],benzene,c1ccccc1,aromatic,cyclohexene,C1=CCCCC1,alkene,0.76100004,0.21400002,0.025000002,0.0,0.611,0.389,101.325,0.75,324,298.15,0.79701596,0.16594334,0.03704072,0.0050337594,0.40472415,0.5902421
no,1-ethylpyridinium ethylsulfate,CCOS(=O)(=O)[O-].CC[n+]1ccccc1,[C2Py][EtSO4],benzene,c1ccccc1,aromatic,cyclohexene,C1=CCCCC1,alkene,0.726,0.255,0.019,0.0,0.728,0.272,101.325,0.875,324,298.15,0.76767313,0.19000934,0.04231751,0.00569309,0.42863744,0.5656695
no,1-ethylpyridinium ethylsulfate,CCOS(=O)(=O)[O-].CC[n+]1ccccc1,[C2Py][EtSO4],benzene,c1ccccc1,aromatic,cyclohexene,C1=CCCCC1,alkene,0.689,0.3,0.011,0.0,0.858,0.142,101.325,1.0,324,298.15,0.73672247,0.21520744,0.048070055,0.0069285985,0.4497503,0.5433211
,1-butyl-3-methylimidazolium bis(trifluoromethylsulfonyl)imide,CCCCn1cc[n+](C)c1.O=S(=O)([N-]S(=O)(=O)C(F)(F)F)C(F)(F)F,[C4MIm][NTf2],ethylbenzene,CCc1ccccc1,aromatic,cyclohexane,C1CCCCC1,cycloalkane,0.835,0.0,0.165,0.0,0.0,1.0,101.325,0.0,329,298.15,0.83310115,0.13700935,0.029889457,0.0075508496,0.32546017,0.66698897
,1-butyl-3-methylimidazolium bis(trifluoromethylsulfonyl)imide,CCCCn1cc[n+](C)c1.O=S(=O)([N-]S(=O)(=O)C(F)(F)F)C(F)(F)F,[C4MIm][NTf2],ethylbenzene,CCc1ccccc1,aromatic,cyclohexane,C1CCCCC1,cycloalkane,0.786,0.052,0.162,0.0,0.061,0.939,101.325,0.1,329,298.15,0.81272596,0.15390697,0.033367034,0.007928562,0.34384674,0.64822465
,1-butyl-3-methylimidazolium bis(trifluoromethylsulfonyl)imide,CCCCn1cc[n+](C)c1.O=S(=O)([N-]S(=O)(=O)C(F)(F)F)C(F)(F)F,[C4MIm][NTf2],ethylbenzene,CCc1ccccc1,aromatic,cyclohexane,C1CCCCC1,cycloalkane,0.756,0.086,0.158,0.0,0.104,0.896,101.325,0.2,329,298.15,0.7904556,0.17243005,0.037114322,0.008282635,0.36265087,0.62906647
,1-butyl-3-methylimidazolium bis(trifluoromethylsulfonyl)imide,CCCCn1cc[n+](C)c1.O=S(=O)([N-]S(=O)(=O)C(F)(F)F)C(F)(F)F,[C4MIm][NTf2],ethylbenzene,CCc1ccccc1,aromatic,cyclohexane,C1CCCCC1,cycloalkane,0.726,0.122,0.152,0.0,0.166,0.834,101.325,0.3,329,298.15,0.7661136,0.19271807,0.041168336,0.008610433,0.38192847,0.6094611
,1-butyl-3-methylimidazolium bis(trifluoromethylsulfonyl)imide,CCCCn1cc[n+](C)c1.O=S(=O)([N-]S(=O)(=O)C(F)(F)F)C(F)(F)F,[C4MIm][NTf2],ethylbenzene,CCc1ccccc1,aromatic,cyclohexane,C1CCCCC1,cycloalkane,0.698,0.156,0.146,0.0,0.224,0.776,101.325,0.4,329,298.15,0.7399388,0.21506023,0.045000907,0.007555402,0.40328526,0.5891593
,1-butyl-3-methylimidazolium bis(trifluoromethylsulfonyl)imide,CCCCn1cc[n+](C)c1.O=S(=O)([N-]S(=O)(=O)C(F)(F)F)C(F)(F)F,[C4MIm][NTf2],ethylbenzene,CCc1ccccc1,aromatic,cyclohexane,C1CCCCC1,cycloalkane,0.67,0.19,0.14,0.0,0.279,0.721,101.325,0.5,329,298.15,0.71161175,0.23880684,0.04958143,0.007827954,0.42344752,0.5687246
,1-butyl-3-methylimidazolium bis(trifluoromethylsulfonyl)imide,CCCCn1cc[n+](C)c1.O=S(=O)([N-]S(=O)(=O)C(F)(F)F)C(F)(F)F,[C4MIm][NTf2],ethylbenzene,CCc1ccccc1,aromatic,cyclohexane,C1CCCCC1,cycloalkane,0.645,0.222,0.133,0.0,0.335,0.665,101.325,0.6,329,298.15,0.6815974,0.26400682,0.054395817,0.008096111,0.44386637,0.5480375
,1-butyl-3-methylimidazolium bis(trifluoromethylsulfonyl)imide,CCCCn1cc[n+](C)c1.O=S(=O)([N-]S(=O)(=O)C(F)(F)F)C(F)(F)F,[C4MIm][NTf2],ethylbenzene,CCc1ccccc1,aromatic,cyclohexane,C1CCCCC1,cycloalkane,0.543,0.36,0.097,0.0,0.581,0.419,101.325,0.7,329,298.15,0.64179975,0.29610705,0.062093183,0.011319653,0.45703653,0.53164375
,1-butyl-3-methylimidazolium bis(trifluoromethylsulfonyl)imide,CCCCn1cc[n+](C)c1.O=S(=O)([N-]S(=O)(=O)C(F)(F)F)C(F)(F)F,[C4MIm][NTf2],ethylbenzene,CCc1ccccc1,aromatic,cyclohexane,C1CCCCC1,cycloalkane,0.486,0.441,0.073,0.0,0.706,0.294,101.325,0.8,329,298.15,0.60954124,0.32321054,0.067248195,0.01166143,0.4770642,0.5112744
,1-butyl-3-methylimidazolium bis(trifluoromethylsulfonyl)imide,CCCCn1cc[n+](C)c1.O=S(=O)([N-]S(=O)(=O)C(F)(F)F)C(F)(F)F,[C4MIm][NTf2],ethylbenzene,CCc1ccccc1,aromatic,cyclohexane,C1CCCCC1,cycloalkane,0.433,0.521,0.046,0.0,0.831,0.169,101.325,0.9,329,298.15,0.57619953,0.35129106,0.07250941,0.011989603,0.49721783,0.4907925
,1-butyl-3-methylimidazolium bis(trifluoromethylsulfonyl)imide,CCCCn1cc[n+](C)c1.O=S(=O)([N-]S(=O)(=O)C(F)(F)F)C(F)(F)F,[C4MIm][NTf2],ethylbenzene,CCc1ccccc1,aromatic,cyclohexane,C1CCCCC1,cycloalkane,0.409,0.558,0.033,0.0,0.897,0.103,101.325,1.0,329,298.15,0.54361016,0.37977162,0.07661822,0.009568995,0.5241315,0.46629956
no,1-ethyl-3-methylpyridinium bis(trifluoromethylsulfonyl)imide,CC[n+]1cccc(C)c1.O=S(=O)([N-]S(=O)(=O)C(F)(F)F)C(F)(F)F,[C2MPy][NTf2],toluene,Cc1ccccc1,aromatic,cyclohexane,C1CCCCC1,cycloalkane,0.894,0.0,0.106,0.0,0.0,1.0,101.325,0.0,332,298.15,0.81052405,0.16950111,0.019974833,0.0054271296,0.2727355,0.72183734
no,1-ethyl-3-methylpyridinium bis(trifluoromethylsulfonyl)imide,CC[n+]1cccc(C)c1.O=S(=O)([N-]S(=O)(=O)C(F)(F)F)C(F)(F)F,[C2MPy][NTf2],toluene,Cc1ccccc1,aromatic,cyclohexane,C1CCCCC1,cycloalkane,0.781,0.125,0.094,0.0,0.101,0.899,101.325,0.11111111,332,298.15,0.78348756,0.19388139,0.022631055,0.0057334932,0.29698965,0.69727683
no,1-ethyl-3-methylpyridinium bis(trifluoromethylsulfonyl)imide,CC[n+]1cccc(C)c1.O=S(=O)([N-]S(=O)(=O)C(F)(F)F)C(F)(F)F,[C2MPy][NTf2],toluene,Cc1ccccc1,aromatic,cyclohexane,C1CCCCC1,cycloalkane,0.703,0.202,0.095,0.0,0.175,0.825,101.325,0.22222222,332,298.15,0.75300425,0.2213831,0.025612678,0.006168867,0.32208598,0.67174524
no,1-ethyl-3-methylpyridinium bis(trifluoromethylsulfonyl)imide,CC[n+]1cccc(C)c1.O=S(=O)([N-]S(=O)(=O)C(F)(F)F)C(F)(F)F,[C2MPy][NTf2],toluene,Cc1ccccc1,aromatic,cyclohexane,C1CCCCC1,cycloalkane,0.655,0.249,0.096,0.0,0.234,0.766,101.325,0.33333334,332,298.15,0.71941847,0.25167933,0.02890218,0.0067532863,0.34762505,0.6456217
no,1-ethyl-3-methylpyridinium bis(trifluoromethylsulfonyl)imide,CC[n+]1cccc(C)c1.O=S(=O)([N-]S(=O)(=O)C(F)(F)F)C(F)(F)F,[C2MPy][NTf2],toluene,Cc1ccccc1,aromatic,cyclohexane,C1CCCCC1,cycloalkane,0.589,0.314,0.097,0.0,0.322,0.678,101.325,0.44444445,332,298.15,0.68481696,0.28300047,0.03218257,0.0070654717,0.37497967,0.6179549
no,1-ethyl-3-methylpyridinium bis(trifluoromethylsulfonyl)imide,CC[n+]1cccc(C)c1.O=S(=O)([N-]S(=O)(=O)C(F)(F)F)C(F)(F)F,[C2MPy][NTf2],toluene,Cc1ccccc1,aromatic,cyclohexane,C1CCCCC1,cycloalkane,0.534,0.372,0.094,0.0,0.411,0.589,101.325,0.5555556,332,298.15,0.64799696,0.31638354,0.035619512,0.0073658065,0.40319002,0.5894441
no,1-ethyl-3-methylpyridinium bis(trifluoromethylsulfonyl)imide,CC[n+]1cccc(C)c1.O=S(=O)([N-]S(=O)(=O)C(F)(F)F)C(F)(F)F,[C2MPy][NTf2],toluene,Cc1ccccc1,aromatic,cyclohexane,C1CCCCC1,cycloalkane,0.48,0.43,0.09,0.0,0.5064935,0.49350646,101.325,0.6666667,332,298.15,0.6122799,0.34853506,0.03918504,0.008311457,0.42979828,0.56189024
no,1-ethyl-3-methylpyridinium bis(trifluoromethylsulfonyl)imide,CC[n+]1cccc(C)c1.O=S(=O)([N-]S(=O)(=O)C(F)(F)F)C(F)(F)F,[C2MPy][NTf2],toluene,Cc1ccccc1,aromatic,cyclohexane,C1CCCCC1,cycloalkane,0.432,0.494,0.074,0.0,0.614,0.386,101.325,0.7777778,332,298.15,0.5727197,0.38448444,0.042795848,0.008603889,0.458773,0.5326232
no,1-ethyl-3-methylpyridinium bis(trifluoromethylsulfonyl)imide,CC[n+]1cccc(C)c1.O=S(=O)([N-]S(=O)(=O)C(F)(F)F)C(F)(F)F,[C2MPy][NTf2],toluene,Cc1ccccc1,aromatic,cyclohexane,C1CCCCC1,cycloalkane,0.375,0.571,0.054,0.0,0.756,0.244,101.325,0.8888889,332,298.15,0.53261614,0.42099068,0.0463932,0.008871332,0.48769206,0.5034366
no,1-ethyl-3-methylpyridinium bis(trifluoromethylsulfonyl)imide,CC[n+]1cccc(C)c1.O=S(=O)([N-]S(=O)(=O)C(F)(F)F)C(F)(F)F,[C2MPy][NTf2],toluene,Cc1ccccc1,aromatic,cyclohexane,C1CCCCC1,cycloalkane,0.292,0.708,0.0,0.0,1.0,0.0,101.325,1.0,332,298.15,0.49371418,0.45650622,0.0497796,0.0091157975,0.5176278,0.47325647
no,N-allyl-N-methylmorpholinium bis(trifluoromethylsulfonyl)imide,C=CC[N+]1(C)CCOCC1.O=S(=O)([N-]S(=O)(=O)C(F)(F)F)C(F)(F)F,[AMMor][NTf2],benzene,c1ccccc1,aromatic,cyclohexane,C1CCCCC1,cycloalkane,0.97,0.0,0.03,0.0,0.0,1.0,101.325,0.0,340,298.2,0.8168681,0.16331613,0.01981575,0.0062111197,0.26597625,0.7278126
no,N-allyl-N-methylmorpholinium bis(trifluoromethylsulfonyl)imide,C=CC[N+]1(C)CCOCC1.O=S(=O)([N-]S(=O)(=O)C(F)(F)F)C(F)(F)F,[AMMor][NTf2],benzene,c1ccccc1,aromatic,cyclohexane,C1CCCCC1,cycloalkane,0.86,0.097,0.043,0.0,0.082,0.918,101.325,0.11111111,340,298.2,0.79105324,0.18651067,0.02243611,0.006566074,0.2907348,0.7026991
no,N-allyl-N-methylmorpholinium bis(trifluoromethylsulfonyl)imide,C=CC[N+]1(C)CCOCC1.O=S(=O)([N-]S(=O)(=O)C(F)(F)F)C(F)(F)F,[AMMor][NTf2],benzene,c1ccccc1,aromatic,cyclohexane,C1CCCCC1,cycloalkane,0.795,0.168,0.037,0.0,0.165,0.835,101.325,0.22222222,340,298.2,0.7632663,0.21151263,0.025221061,0.006857459,0.31658915,0.67655337
no,N-allyl-N-methylmorpholinium bis(trifluoromethylsulfonyl)imide,C=CC[N+]1(C)CCOCC1.O=S(=O)([N-]S(=O)(=O)C(F)(F)F)C(F)(F)F,[AMMor][NTf2],benzene,c1ccccc1,aromatic,cyclohexane,C1CCCCC1,cycloalkane,0.693,0.266,0.041,0.0,0.259,0.741,101.325,0.33333334,340,298.2,0.7324794,0.23924382,0.028276797,0.0072007226,0.34383425,0.64896494
no,N-allyl-N-methylmorpholinium bis(trifluoromethylsulfonyl)imide,C=CC[N+]1(C)CCOCC1.O=S(=O)([N-]S(=O)(=O)C(F)(F)F)C(F)(F)F,[AMMor][NTf2],benzene,c1ccccc1,aromatic,cyclohexane,C1CCCCC1,cycloalkane,0.652,0.311,0.037,0.0,0.338,0.662,101.325,0.44444445,340,298.2,0.6981918,0.2702762,0.031531975,0.007286481,0.37285474,0.61985874
no,N-allyl-N-methylmorpholinium bis(trifluoromethylsulfonyl)imide,C=CC[N+]1(C)CCOCC1.O=S(=O)([N-]S(=O)(=O)C(F)(F)F)C(F)(F)F,[AMMor][NTf2],benzene,c1ccccc1,aromatic,cyclohexane,C1CCCCC1,cycloalkane,0.594,0.373,0.033,0.0,0.446,0.554,101.325,0.5555556,340,298.2,0.6601312,0.30489993,0.0349688,0.0071023884,0.40380526,0.5890924
no,N-allyl-N-methylmorpholinium bis(trifluoromethylsulfonyl)imide,C=CC[N+]1(C)CCOCC1.O=S(=O)([N-]S(=O)(=O)C(F)(F)F)C(F)(F)F,[AMMor][NTf2],benzene,c1ccccc1,aromatic,cyclohexane,C1CCCCC1,cycloalkane,0.574,0.394,0.032,0.0,0.474,0.526,101.325,0.6666667,340,298.2,0.62267965,0.33880726,0.038513143,0.0073686913,0.43374518,0.5588862
no,N-allyl-N-methylmorpholinium bis(trifluoromethylsulfonyl)imide,C=CC[N+]1(C)CCOCC1.O=S(=O)([N-]S(=O)(=O)C(F)(F)F)C(F)(F)F,[AMMor][NTf2],benzene,c1ccccc1,aromatic,cyclohexane,C1CCCCC1,cycloalkane,0.483,0.491,0.026,0.0,0.646,0.354,101.325,0.7777778,340,298.2,0.58359826,0.3742363,0.042165432,0.0076168855,0.4642075,0.52817565
no,N-allyl-N-methylmorpholinium bis(trifluoromethylsulfonyl)imide,C=CC[N+]1(C)CCOCC1.O=S(=O)([N-]S(=O)(=O)C(F)(F)F)C(F)(F)F,[AMMor][NTf2],benzene,c1ccccc1,aromatic,cyclohexane,C1CCCCC1,cycloalkane,0.403,0.574,0.023,0.0,0.764,0.236,101.325,0.8888889,340,298.2,0.5469057,0.40700462,0.046089668,0.008883663,0.4914004,0.4997159
no,N-allyl-N-methylmorpholinium bis(trifluoromethylsulfonyl)imide,C=CC[N+]1(C)CCOCC1.O=S(=O)([N-]S(=O)(=O)C(F)(F)F)C(F)(F)F,[AMMor][NTf2],benzene,c1ccccc1,aromatic,cyclohexane,C1CCCCC1,cycloalkane,0.344,0.641,0.015,0.0,0.877,0.123,101.325,1.0,340,298.2,0.50676185,0.4434731,0.04976509,0.0091143735,0.52171254,0.46917304
,1-butyl-3-methylimidazolium hexafluorophosphate,CCCCn1cc[n+](C)c1.F[P-](F)(F)(F)(F)F,[C4MIm][PF6],benzene,c1ccccc1,aromatic,cyclohexane,C1CCCCC1,cycloalkane,0.9189,0.0542,0.0269,0.0,0.0392,0.9608,101.325,0.0,359,298.15,0.8210668,0.1539534,0.024979817,0.009025839,0.27597222,0.71500194
,1-butyl-3-methylimidazolium hexafluorophosphate,CCCCn1cc[n+](C)c1.F[P-](F)(F)(F)(F)F,[C4MIm][PF6],benzene,c1ccccc1,aromatic,cyclohexane,C1CCCCC1,cycloalkane,0.85830003,0.10980001,0.031900004,0.0,0.0795,0.9205,101.325,0.14285715,359,298.15,0.7895686,0.18125488,0.02917652,0.0096535925,0.306801,0.6835454
,1-butyl-3-methylimidazolium hexafluorophosphate,CCCCn1cc[n+](C)c1.F[P-](F)(F)(F)(F)F,[C4MIm][PF6],benzene,c1ccccc1,aromatic,cyclohexane,C1CCCCC1,cycloalkane,0.7985,0.1647,0.0368,0.0,0.1628,0.8372,101.325,0.2857143,359,298.15,0.7542464,0.21191071,0.03384286,0.010272985,0.33945784,0.6502691
,1-butyl-3-methylimidazolium hexafluorophosphate,CCCCn1cc[n+](C)c1.F[P-](F)(F)(F)(F)F,[C4MIm][PF6],benzene,c1ccccc1,aromatic,cyclohexane,C1CCCCC1,cycloalkane,0.7298,0.2375,0.0327,0.0,0.2481,0.7519,101.325,0.42857143,359,298.15,0.7152029,0.24586019,0.038936898,0.010869919,0.3737279,0.6154022
,1-butyl-3-methylimidazolium hexafluorophosphate,CCCCn1cc[n+](C)c1.F[P-](F)(F)(F)(F)F,[C4MIm][PF6],benzene,c1ccccc1,aromatic,cyclohexane,C1CCCCC1,cycloalkane,0.6882,0.2723,0.0395,0.0,0.3507,0.6493,101.325,0.5714286,359,298.15,0.67272276,0.28273422,0.04454301,0.011923276,0.40915284,0.5789239
,1-butyl-3-methylimidazolium hexafluorophosphate,CCCCn1cc[n+](C)c1.F[P-](F)(F)(F)(F)F,[C4MIm][PF6],benzene,c1ccccc1,aromatic,cyclohexane,C1CCCCC1,cycloalkane,0.6449,0.324,0.0311,0.0,0.449,0.551,101.325,0.71428573,359,298.15,0.6275725,0.3220354,0.050392102,0.012732396,0.4453328,0.54193485
,1-butyl-3-methylimidazolium hexafluorophosphate,CCCCn1cc[n+](C)c1.F[P-](F)(F)(F)(F)F,[C4MIm][PF6],benzene,c1ccccc1,aromatic,cyclohexane,C1CCCCC1,cycloalkane,0.5434,0.4321,0.0245,0.0,0.6462,0.3538,101.325,0.85714287,359,298.15,0.5803408,0.36330938,0.056349833,0.013236009,0.4819665,0.50479746
,1-butyl-3-methylimidazolium hexafluorophosphate,CCCCn1cc[n+](C)c1.F[P-](F)(F)(F)(F)F,[C4MIm][PF6],benzene,c1ccccc1,aromatic,cyclohexane,C1CCCCC1,cycloalkane,0.448,0.54,0.012,0.0,0.8724,0.1276,101.325,1.0,359,298.15,0.5316706,0.40592986,0.062399607,0.013675427,0.5186723,0.46765226
no,3-methyl-1-pentylimidazolium hexafluorophosphate,CCCCCn1cc[n+](C)c1.F[P-](F)(F)(F)(F)F,[C5MIm][PF6],benzene,c1ccccc1,aromatic,cyclohexane,C1CCCCC1,cycloalkane,0.91840005,0.050500005,0.031100001,0.0,0.0407,0.9593,101.325,0.0,363,298.15,0.7899431,0.17787443,0.032182474,0.011327156,0.2844654,0.7042074
no,3-methyl-1-pentylimidazolium hexafluorophosphate,CCCCCn1cc[n+](C)c1.F[P-](F)(F)(F)(F)F,[C5MIm][PF6],benzene,c1ccccc1,aromatic,cyclohexane,C1CCCCC1,cycloalkane,0.8645,0.0937,0.0418,0.0,0.0891,0.9109,101.325,0.14285715,363,298.15,0.7739762,0.19240697,0.03361678,0.009203406,0.31027,0.68052655
no,3-methyl-1-pentylimidazolium hexafluorophosphate,CCCCCn1cc[n+](C)c1.F[P-](F)(F)(F)(F)F,[C5MIm][PF6],benzene,c1ccccc1,aromatic,cyclohexane,C1CCCCC1,cycloalkane,0.7847,0.1512,0.0641,0.0,0.1545,0.8455,101.325,0.2857143,363,298.15,0.73681253,0.22431132,0.038876146,0.009785708,0.3426322,0.6475821
no,3-methyl-1-pentylimidazolium hexafluorophosphate,CCCCCn1cc[n+](C)c1.F[P-](F)(F)(F)(F)F,[C5MIm][PF6],benzene,c1ccccc1,aromatic,cyclohexane,C1CCCCC1,cycloalkane,0.735,0.202,0.063,0.0,0.2112,0.7888,101.325,0.42857143,363,298.15,0.6961296,0.25930876,0.04456158,0.010346838,0.37646767,0.61318547
no,3-methyl-1-pentylimidazolium hexafluorophosphate,CCCCCn1cc[n+](C)c1.F[P-](F)(F)(F)(F)F,[C5MIm][PF6],benzene,c1ccccc1,aromatic,cyclohexane,C1CCCCC1,cycloalkane,0.6113,0.3239,0.0648,0.0,0.3544,0.6456,101.325,0.5714286,363,298.15,0.6526777,0.2968132,0.05050904,0.010835315,0.41168422,0.5774805
no,3-methyl-1-pentylimidazolium hexafluorophosphate,CCCCCn1cc[n+](C)c1.F[P-](F)(F)(F)(F)F,[C5MIm][PF6],benzene,c1ccccc1,aromatic,cyclohexane,C1CCCCC1,cycloalkane,0.5108,0.4173,0.0719,0.0,0.4827,0.5173,101.325,0.71428573,363,298.15,0.60729444,0.3361499,0.05655568,0.0112289125,0.44783312,0.54093796
no,3-methyl-1-pentylimidazolium hexafluorophosphate,CCCCCn1cc[n+](C)c1.F[P-](F)(F)(F)(F)F,[C5MIm][PF6],benzene,c1ccccc1,aromatic,cyclohexane,C1CCCCC1,cycloalkane,0.4003,0.5242,0.0755,0.0,0.6464,0.3536,101.325,0.85714287,363,298.15,0.5589809,0.37797573,0.06304341,0.011672954,0.48411217,0.5042149
no,3-methyl-1-pentylimidazolium hexafluorophosphate,CCCCCn1cc[n+](C)c1.F[P-](F)(F)(F)(F)F,[C5MIm][PF6],benzene,c1ccccc1,aromatic,cyclohexane,C1CCCCC1,cycloalkane,0.2609,0.683,0.0561,0.0,0.8457,0.1543,101.325,1.0,363,298.15,0.5095598,0.420871,0.06956917,0.012062067,0.5205,0.46743792
,1-butyl-3-methylimidazolium methylsulfate,CCCCn1cc[n+](C)c1.COS(=O)(=O)[O-],[C4MIm][MeSO4],toluene,Cc1ccccc1,aromatic,methylcyclohexane,CC1CCCCC1,cycloalkane,0.956,0.023,0.021,0.0,0.062,0.938,101.325,0.0,369,298.15,0.9652829,0.032714073,0.0020030849,0.0015852251,0.26068458,0.7377302
,1-butyl-3-methylimidazolium methylsulfate,CCCCn1cc[n+](C)c1.COS(=O)(=O)[O-],[C4MIm][MeSO4],toluene,Cc1ccccc1,aromatic,methylcyclohexane,CC1CCCCC1,cycloalkane,0.935,0.045,0.02,0.0,0.122,0.878,101.325,0.11111111,369,298.15,0.95843023,0.039192386,0.0023774167,0.0017433099,0.28641045,0.71184623
,1-butyl-3-methylimidazolium methylsulfate,CCCCn1cc[n+](C)c1.COS(=O)(=O)[O-],[C4MIm][MeSO4],toluene,Cc1ccccc1,aromatic,methylcyclohexane,CC1CCCCC1,cycloalkane,0.926,0.054,0.02,0.0,0.149,0.851,101.325,0.22222222,369,298.15,0.9509152,0.04630736,0.0027774142,0.0018503321,0.3139059,0.6842438
,1-butyl-3-methylimidazolium methylsulfate,CCCCn1cc[n+](C)c1.COS(=O)(=O)[O-],[C4MIm][MeSO4],toluene,Cc1ccccc1,aromatic,methylcyclohexane,CC1CCCCC1,cycloalkane,0.891,0.091,0.018,0.0,0.257,0.743,101.325,0.33333334,369,298.15,0.9419837,0.054767396,0.0032489076,0.0019755017,0.34316245,0.654862
,1-butyl-3-methylimidazolium methylsulfate,CCCCn1cc[n+](C)c1.COS(=O)(=O)[O-],[C4MIm][MeSO4],toluene,Cc1ccccc1,aromatic,methylcyclohexane,CC1CCCCC1,cycloalkane,0.885,0.097,0.018,0.0,0.278,0.722,101.325,0.44444445,369,298.15,0.9313888,0.06480727,0.0038039365,0.0021204138,0.37398177,0.6238978
,1-butyl-3-methylimidazolium methylsulfate,CCCCn1cc[n+](C)c1.COS(=O)(=O)[O-],[C4MIm][MeSO4],toluene,Cc1ccccc1,aromatic,methylcyclohexane,CC1CCCCC1,cycloalkane,0.854,0.128,0.018,0.0,0.371,0.629,101.325,0.5555556,369,298.15,0.9199502,0.07566668,0.0043831626,0.002152692,0.40489274,0.5929546
,1-butyl-3-methylimidazolium methylsulfate,CCCCn1cc[n+](C)c1.COS(=O)(=O)[O-],[C4MIm][MeSO4],toluene,Cc1ccccc1,aromatic,methylcyclohexane,CC1CCCCC1,cycloalkane,0.819,0.164,0.017,0.0,0.489,0.511,101.325,0.6666667,369,298.15,0.90733737,0.08765865,0.005003992,0.0021054188,0.43640995,0.5614847
,1-butyl-3-methylimidazolium methylsulfate,CCCCn1cc[n+](C)c1.COS(=O)(=O)[O-],[C4MIm][MeSO4],toluene,Cc1ccccc1,aromatic,methylcyclohexane,CC1CCCCC1,cycloalkane,0.782,0.203,0.015,0.0,0.618,0.382,101.325,0.7777778,369,298.15,0.89150286,0.10270178,0.0057953354,0.0021887342,0.46933606,0.5284752
,1-butyl-3-methylimidazolium methylsulfate,CCCCn1cc[n+](C)c1.COS(=O)(=O)[O-],[C4MIm][MeSO4],toluene,Cc1ccccc1,aromatic,methylcyclohexane,CC1CCCCC1,cycloalkane,0.74300003,0.24600002,0.011000001,0.0,0.752,0.248,101.325,0.8888889,369,298.15,0.8734655,0.11984709,0.006687467,0.002265021,0.5023674,0.49536762
,1-butyl-3-methylimidazolium methylsulfate,CCCCn1cc[n+](C)c1.COS(=O)(=O)[O-],[C4MIm][MeSO4],toluene,Cc1ccccc1,aromatic,methylcyclohexane,CC1CCCCC1,cycloalkane,0.707,0.287,0.006,0.0,0.877,0.123,101.325,1.0,369,298.15,0.85146004,0.14075492,0.007785083,0.0024817649,0.53592277,0.4615955
,1-ethyl-3-methylimidazolium bis(trifluoromethylsulfonyl)imide,CCn1cc[n+](C)c1.O=S(=O)([N-]S(=O)(=O)C(F)(F)F)C(F)(F)F,[C2MIm][NTf2],benzene,c1ccccc1,aromatic,cyclohexane,C1CCCCC1,cycloalkane,0.846,0.095,0.059,0.0,0.078,0.922,101.325,0.0,403,298.2,0.7825385,0.19312586,0.024335653,0.0067371484,0.22285232,0.7704106
,1-ethyl-3-methylimidazolium bis(trifluoromethylsulfonyl)imide,CCn1cc[n+](C)c1.O=S(=O)([N-]S(=O)(=O)C(F)(F)F)C(F)(F)F,[C2MIm][NTf2],benzene,c1ccccc1,aromatic,cyclohexane,C1CCCCC1,cycloalkane,0.757,0.185,0.058,0.0,0.157,0.843,101.325,0.2,403,298.2,0.7276159,0.2423276,0.030056441,0.007495612,0.26428416,0.7282203
,1-ethyl-3-methylimidazolium bis(trifluoromethylsulfonyl)imide,CCn1cc[n+](C)c1.O=S(=O)([N-]S(=O)(=O)C(F)(F)F)C(F)(F)F,[C2MIm][NTf2],benzene,c1ccccc1,aromatic,cyclohexane,C1CCCCC1,cycloalkane,0.6843157,0.25874126,0.056943055,0.0,0.243,0.757,101.325,0.4,403,298.2,0.6674426,0.29630914,0.03624822,0.008191892,0.30866656,0.6831415
,1-ethyl-3-methylimidazolium bis(trifluoromethylsulfonyl)imide,CCn1cc[n+](C)c1.O=S(=O)([N-]S(=O)(=O)C(F)(F)F)C(F)(F)F,[C2MIm][NTf2],benzene,c1ccccc1,aromatic,cyclohexane,C1CCCCC1,cycloalkane,0.615,0.331,0.054,0.0,0.332,0.668,101.325,0.6,403,298.2,0.598617,0.35826182,0.043121133,0.008916077,0.35870007,0.6323839
,1-ethyl-3-methylimidazolium bis(trifluoromethylsulfonyl)imide,CCn1cc[n+](C)c1.O=S(=O)([N-]S(=O)(=O)C(F)(F)F)C(F)(F)F,[C2MIm][NTf2],benzene,c1ccccc1,aromatic,cyclohexane,C1CCCCC1,cycloalkane,0.5495495,0.39639637,0.05405405,0.0,0.417,0.583,101.325,0.8,403,298.2,0.52622104,0.42362502,0.05015393,0.0095810415,0.41159612,0.5788228
,1-ethyl-3-methylimidazolium bis(trifluoromethylsulfonyl)imide,CCn1cc[n+](C)c1.O=S(=O)([N-]S(=O)(=O)C(F)(F)F)C(F)(F)F,[C2MIm][NTf2],benzene,c1ccccc1,aromatic,cyclohexane,C1CCCCC1,cycloalkane,0.487,0.459,0.054,0.0,0.518,0.482,101.325,1.0,403,298.2,0.4531505,0.48980635,0.057043068,0.010154601,0.46630028,0.52354515
no,(3-hydroxypropyl)-1-methylmorpholinium dicyanamide,CC1(CCCO)C[NH2+]CCO1.CC1(CCCO)C[NH2+]CCO1.[N-]=C=N.[N-]=C=N,[OHC3MMor][N(CN)2],styrene,C=Cc1ccccc1,aromatic,ethylbenzene,CCc1ccccc1,aromatic,0.857,0.143,0.0,0.0,1.0,0.0,101.325,0.0,414,298.15,0.795974,0.12121152,0.08281441,0.018586488,0.48479033,0.4966231
no,(3-hydroxypropyl)-1-methylmorpholinium dicyanamide,CC1(CCCO)C[NH2+]CCO1.CC1(CCCO)C[NH2+]CCO1.[N-]=C=N.[N-]=C=N,[OHC3MMor][N(CN)2],styrene,C=Cc1ccccc1,aromatic,ethylbenzene,CCc1ccccc1,aromatic,0.857,0.141,0.002,0.0,0.973,0.027,101.325,0.083333336,414,298.15,0.78139853,0.12985809,0.08874329,0.018994419,0.48867992,0.4923256
no,(3-hydroxypropyl)-1-methylmorpholinium dicyanamide,CC1(CCCO)C[NH2+]CCO1.CC1(CCCO)C[NH2+]CCO1.[N-]=C=N.[N-]=C=N,[OHC3MMor][N(CN)2],styrene,C=Cc1ccccc1,aromatic,ethylbenzene,CCc1ccccc1,aromatic,0.86,0.133,0.007,0.0,0.885,0.115,101.325,0.16666667,414,298.15,0.76635426,0.13876896,0.0948768,0.019373937,0.49249312,0.48813286
no,(3-hydroxypropyl)-1-methylmorpholinium dicyanamide,CC1(CCCO)C[NH2+]CCO1.CC1(CCCO)C[NH2+]CCO1.[N-]=C=N.[N-]=C=N,[OHC3MMor][N(CN)2],styrene,C=Cc1ccccc1,aromatic,ethylbenzene,CCc1ccccc1,aromatic,0.864,0.125,0.011,0.0,0.824,0.176,101.325,0.25,414,298.15,0.7508633,0.14794208,0.10119457,0.019729184,0.49622318,0.48404762
no,(3-hydroxypropyl)-1-methylmorpholinium dicyanamide,CC1(CCCO)C[NH2+]CCO1.CC1(CCCO)C[NH2+]CCO1.[N-]=C=N.[N-]=C=N,[OHC3MMor][N(CN)2],styrene,C=Cc1ccccc1,aromatic,ethylbenzene,CCc1ccccc1,aromatic,0.869,0.114,0.017,0.0,0.745,0.255,101.325,0.33333334,414,298.15,0.7342008,0.1578388,0.107960425,0.020150013,0.5001453,0.47970468
no,(3-hydroxypropyl)-1-methylmorpholinium dicyanamide,CC1(CCCO)C[NH2+]CCO1.CC1(CCCO)C[NH2+]CCO1.[N-]=C=N.[N-]=C=N,[OHC3MMor][N(CN)2],styrene,C=Cc1ccccc1,aromatic,ethylbenzene,CCc1ccccc1,aromatic,0.885,0.084,0.031,0.0,0.582,0.418,101.325,0.41666666,414,298.15,0.7168104,0.16816355,0.11502605,0.020581925,0.50410694,0.47531116
no,(3-hydroxypropyl)-1-methylmorpholinium dicyanamide,CC1(CCCO)C[NH2+]CCO1.CC1(CCCO)C[NH2+]CCO1.[N-]=C=N.[N-]=C=N,[OHC3MMor][N(CN)2],styrene,C=Cc1ccccc1,aromatic,ethylbenzene,CCc1ccccc1,aromatic,0.901,0.061,0.038,0.0,0.447,0.553,101.325,0.5,414,298.15,0.69884676,0.17884913,0.12230408,0.021016207,0.5080675,0.47091627
no,(3-hydroxypropyl)-1-methylmorpholinium dicyanamide,CC1(CCCO)C[NH2+]CCO1.CC1(CCCO)C[NH2+]CCO1.[N-]=C=N.[N-]=C=N,[OHC3MMor][N(CN)2],styrene,C=Cc1ccccc1,aromatic,ethylbenzene,CCc1ccccc1,aromatic,0.914,0.042,0.044,0.0,0.328,0.672,101.325,0.5833333,414,298.15,0.6801882,0.18993968,0.12987211,0.021458138,0.5120556,0.46648628
no,(3-hydroxypropyl)-1-methylmorpholinium dicyanamide,CC1(CCCO)C[NH2+]CCO1.CC1(CCCO)C[NH2+]CCO1.[N-]=C=N.[N-]=C=N,[OHC3MMor][N(CN)2],styrene,C=Cc1ccccc1,aromatic,ethylbenzene,CCc1ccccc1,aromatic,0.921,0.031,0.048,0.0,0.229,0.771,101.325,0.6666667,414,298.15,0.6611377,0.20128413,0.13757814,0.021900829,0.51602304,0.4620761
no,(3-hydroxypropyl)-1-methylmorpholinium dicyanamide,CC1(CCCO)C[NH2+]CCO1.CC1(CCCO)C[NH2+]CCO1.[N-]=C=N.[N-]=C=N,[OHC3MMor][N(CN)2],styrene,C=Cc1ccccc1,aromatic,ethylbenzene,CCc1ccccc1,aromatic,0.93,0.018,0.052,0.0,0.127,0.873,101.325,0.75,414,298.15,0.6419381,0.21266605,0.14539589,0.022109527,0.52005047,0.45784
no,(3-hydroxypropyl)-1-methylmorpholinium dicyanamide,CC1(CCCO)C[NH2+]CCO1.CC1(CCCO)C[NH2+]CCO1.[N-]=C=N.[N-]=C=N,[OHC3MMor][N(CN)2],styrene,C=Cc1ccccc1,aromatic,ethylbenzene,CCc1ccccc1,aromatic,0.935,0.011,0.054,0.0,0.066,0.934,101.325,0.8333333,414,298.15,0.6227427,0.22401425,0.15324306,0.02206964,0.5241347,0.4537957
no,(3-hydroxypropyl)-1-methylmorpholinium dicyanamide,CC1(CCCO)C[NH2+]CCO1.CC1(CCCO)C[NH2+]CCO1.[N-]=C=N.[N-]=C=N,[OHC3MMor][N(CN)2],styrene,C=Cc1ccccc1,aromatic,ethylbenzene,CCc1ccccc1,aromatic,0.939,0.005,0.056,0.0,0.023,0.977,101.325,0.9166667,414,298.15,0.60225224,0.23623434,0.16151339,0.022517271,0.5281155,0.44936725
no,(3-hydroxypropyl)-1-methylmorpholinium dicyanamide,CC1(CCCO)C[NH2+]CCO1.CC1(CCCO)C[NH2+]CCO1.[N-]=C=N.[N-]=C=N,[OHC3MMor][N(CN)2],styrene,C=Cc1ccccc1,aromatic,ethylbenzene,CCc1ccccc1,aromatic,0.943,0.0,0.057,0.0,0.0,1.0,101.325,1.0,414,298.15,0.5812955,0.24874723,0.16995727,0.022971516,0.53214717,0.44488132
no,1-(3-hydroxypropyl)-3-methylimidazolium dicyanamide,C[n+]1ccn(CCCO)c1.N#CN=C=[N-],[OHC3MIm][N(CN)2],styrene,C=Cc1ccccc1,aromatic,ethylbenzene,CCc1ccccc1,aromatic,0.705,0.295,0.0,0.0,1.0,0.0,101.325,0.0,415,298.15,0.8045667,0.12255703,0.07287629,0.015631989,0.43054128,0.55382675
no,1-(3-hydroxypropyl)-3-methylimidazolium dicyanamide,C[n+]1ccn(CCCO)c1.N#CN=C=[N-],[OHC3MIm][N(CN)2],styrene,C=Cc1ccccc1,aromatic,ethylbenzene,CCc1ccccc1,aromatic,0.717,0.275,0.008,0.0,0.94,0.06,101.325,0.07692308,415,298.15,0.7913974,0.13083804,0.07776466,0.015953224,0.43606237,0.54798436
no,1-(3-hydroxypropyl)-3-methylimidazolium dicyanamide,C[n+]1ccn(CCCO)c1.N#CN=C=[N-],[OHC3MIm][N(CN)2],styrene,C=Cc1ccccc1,aromatic,ethylbenzene,CCc1ccccc1,aromatic,0.735,0.249,0.016,0.0,0.878,0.122,101.325,0.15384616,415,298.15,0.7775575,0.13955097,0.08289155,0.016279174,0.4416442,0.54207665
no,1-(3-hydroxypropyl)-3-methylimidazolium dicyanamide,C[n+]1ccn(CCCO)c1.N#CN=C=[N-],[OHC3MIm][N(CN)2],styrene,C=Cc1ccccc1,aromatic,ethylbenzene,CCc1ccccc1,aromatic,0.748,0.228,0.024,0.0,0.81,0.19,101.325,0.23076923,415,298.15,0.7615911,0.14917706,0.08923185,0.017436814,0.44640717,0.53615594
no,1-(3-hydroxypropyl)-3-methylimidazolium dicyanamide,C[n+]1ccn(CCCO)c1.N#CN=C=[N-],[OHC3MIm][N(CN)2],styrene,C=Cc1ccccc1,aromatic,ethylbenzene,CCc1ccccc1,aromatic,0.762,0.208,0.03,0.0,0.745,0.255,101.325,0.30769232,415,298.15,0.7465111,0.15866095,0.09482798,0.017782737,0.45199373,0.53022355
no,1-(3-hydroxypropyl)-3-methylimidazolium dicyanamide,C[n+]1ccn(CCCO)c1.N#CN=C=[N-],[OHC3MIm][N(CN)2],styrene,C=Cc1ccccc1,aromatic,ethylbenzene,CCc1ccccc1,aromatic,0.78400004,0.17700002,0.039000005,0.0,0.662,0.338,101.325,0.3846154,415,298.15,0.7308428,0.16852827,0.10062896,0.018133966,0.45759973,0.5242663
no,1-(3-hydroxypropyl)-3-methylimidazolium dicyanamide,C[n+]1ccn(CCCO)c1.N#CN=C=[N-],[OHC3MIm][N(CN)2],styrene,C=Cc1ccccc1,aromatic,ethylbenzene,CCc1ccccc1,aromatic,0.79800004,0.15400001,0.048000004,0.0,0.576,0.424,101.325,0.46153846,415,298.15,0.71301556,0.17993383,0.10705061,0.018597215,0.46419418,0.51720864
no,1-(3-hydroxypropyl)-3-methylimidazolium dicyanamide,C[n+]1ccn(CCCO)c1.N#CN=C=[N-],[OHC3MIm][N(CN)2],styrene,C=Cc1ccccc1,aromatic,ethylbenzene,CCc1ccccc1,aromatic,0.831,0.105,0.064,0.0,0.416,0.584,101.325,0.61538464,415,298.15,0.6780811,0.20209718,0.11982178,0.0193646,0.47600925,0.50462615
no,1-(3-hydroxypropyl)-3-methylimidazolium dicyanamide,C[n+]1ccn(CCCO)c1.N#CN=C=[N-],[OHC3MIm][N(CN)2],styrene,C=Cc1ccccc1,aromatic,ethylbenzene,CCc1ccccc1,aromatic,0.848,0.081,0.071,0.0,0.318,0.682,101.325,0.6923077,415,298.15,0.6602079,0.21340601,0.12638605,0.01972785,0.4817387,0.49853352
no,1-(3-hydroxypropyl)-3-methylimidazolium dicyanamide,C[n+]1ccn(CCCO)c1.N#CN=C=[N-],[OHC3MIm][N(CN)2],styrene,C=Cc1ccccc1,aromatic,ethylbenzene,CCc1ccccc1,aromatic,0.864,0.054,0.082,0.0,0.223,0.777,101.325,0.7692308,415,298.15,0.62117773,0.23659118,0.14223105,0.02662853,0.48547304,0.48789835
no,1-(3-hydroxypropyl)-3-methylimidazolium dicyanamide,C[n+]1ccn(CCCO)c1.N#CN=C=[N-],[OHC3MIm][N(CN)2],styrene,C=Cc1ccccc1,aromatic,ethylbenzene,CCc1ccccc1,aromatic,0.87700003,0.030000001,0.09300001,0.0,0.132,0.868,101.325,0.84615386,415,298.15,0.60268813,0.24823712,0.14907469,0.02709041,0.4909227,0.48198682
no,1-(3-hydroxypropyl)-3-methylimidazolium dicyanamide,C[n+]1ccn(CCCO)c1.N#CN=C=[N-],[OHC3MIm][N(CN)2],styrene,C=Cc1ccccc1,aromatic,ethylbenzene,CCc1ccccc1,aromatic,0.887,0.019,0.094,0.0,0.075,0.925,101.325,0.9230769,415,298.15,0.5840514,0.2600044,0.15594424,0.027546585,0.49636418,0.4760893
no,1-(3-hydroxypropyl)-3-methylimidazolium dicyanamide,C[n+]1ccn(CCCO)c1.N#CN=C=[N-],[OHC3MIm][N(CN)2],styrene,C=Cc1ccccc1,aromatic,ethylbenzene,CCc1ccccc1,aromatic,0.813,0.13,0.057,0.0,0.507,0.493,101.325,0.53846157,415,298.15,0.70410126,0.18604021,0.10985848,0.014954082,0.49176997,0.49327594
no,1-(3-hydroxypropyl)-3-methylimidazolium dicyanamide,C[n+]1ccn(CCCO)c1.N#CN=C=[N-],[OHC3MIm][N(CN)2],styrene,C=Cc1ccccc1,aromatic,ethylbenzene,CCc1ccccc1,aromatic,0.898,0.0,0.102,0.0,0.0,1.0,101.325,1.0,415,298.15,0.5908801,0.25797734,0.15114257,0.016620947,0.5264798,0.45689923
no,"1-hexyl-3,5-dimethylpyridinium bis(trifluoromethylsulfonyl)imide",CCCCCC[n+]1cc(C)cc(C)c1.O=S(=O)([N-]S(=O)(=O)C(F)(F)F)C(F)(F)F,"[C63,5MMPy][NTf2]",thiophene,c1ccsc1,S-compound,n-hexane,CCCCCC,alkane,0.691,0.112,0.197,0.0,0.032,0.968,101.325,0.0,442,298.15,0.6376275,0.33266336,0.029709183,0.0067752735,0.18617722,0.8070475
no,"1-hexyl-3,5-dimethylpyridinium bis(trifluoromethylsulfonyl)imide",CCCCCC[n+]1cc(C)cc(C)c1.O=S(=O)([N-]S(=O)(=O)C(F)(F)F)C(F)(F)F,"[C63,5MMPy][NTf2]",thiophene,c1ccsc1,S-compound,n-hexane,CCCCCC,alkane,0.58000004,0.24300002,0.17700002,0.0,0.079,0.921,101.325,0.1,442,298.15,0.6023884,0.365246,0.032365557,0.0071781445,0.20495485,0.78786707
no,"1-hexyl-3,5-dimethylpyridinium bis(trifluoromethylsulfonyl)imide",CCCCCC[n+]1cc(C)cc(C)c1.O=S(=O)([N-]S(=O)(=O)C(F)(F)F)C(F)(F)F,"[C63,5MMPy][NTf2]",thiophene,c1ccsc1,S-compound,n-hexane,CCCCCC,alkane,0.453,0.399,0.148,0.0,0.173,0.827,101.325,0.2,442,298.15,0.56804615,0.39701203,0.034941796,0.007611151,0.22134706,0.7710418
no,"1-hexyl-3,5-dimethylpyridinium bis(trifluoromethylsulfonyl)imide",CCCCCC[n+]1cc(C)cc(C)c1.O=S(=O)([N-]S(=O)(=O)C(F)(F)F)C(F)(F)F,"[C63,5MMPy][NTf2]",thiophene,c1ccsc1,S-compound,n-hexane,CCCCCC,alkane,0.314,0.553,0.133,0.0,0.357,0.643,101.325,0.3,442,298.15,0.53580713,0.42681184,0.03738106,0.008011731,0.23436768,0.75762063
no,"1-hexyl-3,5-dimethylpyridinium bis(trifluoromethylsulfonyl)imide",CCCCCC[n+]1cc(C)cc(C)c1.O=S(=O)([N-]S(=O)(=O)C(F)(F)F)C(F)(F)F,"[C63,5MMPy][NTf2]",thiophene,c1ccsc1,S-compound,n-hexane,CCCCCC,alkane,0.262,0.615,0.123,0.0,0.456,0.544,101.325,0.4,442,298.15,0.4985373,0.46137345,0.040089235,0.008432301,0.2564971,0.7350706
no,"1-hexyl-3,5-dimethylpyridinium bis(trifluoromethylsulfonyl)imide",CCCCCC[n+]1cc(C)cc(C)c1.O=S(=O)([N-]S(=O)(=O)C(F)(F)F)C(F)(F)F,"[C63,5MMPy][NTf2]",thiophene,c1ccsc1,S-compound,n-hexane,CCCCCC,alkane,0.244,0.638,0.118,0.0,0.495,0.505,101.325,0.5,442,298.15,0.46131092,0.49593806,0.042750955,0.0088490695,0.2800054,0.7111455
no,"1-hexyl-3,5-dimethylpyridinium bis(trifluoromethylsulfonyl)imide",CCCCCC[n+]1cc(C)cc(C)c1.O=S(=O)([N-]S(=O)(=O)C(F)(F)F)C(F)(F)F,"[C63,5MMPy][NTf2]",thiophene,c1ccsc1,S-compound,n-hexane,CCCCCC,alkane,0.216,0.674,0.11,0.0,0.598,0.402,101.325,0.6,442,298.15,0.424512,0.53015554,0.045332454,0.009256238,0.3047394,0.6860044
no,"1-hexyl-3,5-dimethylpyridinium bis(trifluoromethylsulfonyl)imide",CCCCCC[n+]1cc(C)cc(C)c1.O=S(=O)([N-]S(=O)(=O)C(F)(F)F)C(F)(F)F,"[C63,5MMPy][NTf2]",thiophene,c1ccsc1,S-compound,n-hexane,CCCCCC,alkane,0.215,0.68,0.105,0.0,0.637,0.363,101.325,0.7,442,298.15,0.3906065,0.56137854,0.048014916,0.010205436,0.33230695,0.6574876
no,"1-hexyl-3,5-dimethylpyridinium bis(trifluoromethylsulfonyl)imide",CCCCCC[n+]1cc(C)cc(C)c1.O=S(=O)([N-]S(=O)(=O)C(F)(F)F)C(F)(F)F,"[C63,5MMPy][NTf2]",thiophene,c1ccsc1,S-compound,n-hexane,CCCCCC,alkane,0.168,0.746,0.086,0.0,0.78,0.22,101.325,0.8,442,298.15,0.35709813,0.5924357,0.050466176,0.010882954,0.35980085,0.62931615
no,"1-hexyl-3,5-dimethylpyridinium bis(trifluoromethylsulfonyl)imide",CCCCCC[n+]1cc(C)cc(C)c1.O=S(=O)([N-]S(=O)(=O)C(F)(F)F)C(F)(F)F,"[C63,5MMPy][NTf2]",thiophene,c1ccsc1,S-compound,n-hexane,CCCCCC,alkane,0.138,0.805,0.057,0.0,0.887,0.113,101.325,0.9,442,298.15,0.32424727,0.62308276,0.052669976,0.011260365,0.38726225,0.6014774
no,"1-hexyl-3,5-dimethylpyridinium bis(trifluoromethylsulfonyl)imide",CCCCCC[n+]1cc(C)cc(C)c1.O=S(=O)([N-]S(=O)(=O)C(F)(F)F)C(F)(F)F,"[C63,5MMPy][NTf2]",thiophene,c1ccsc1,S-compound,n-hexane,CCCCCC,alkane,0.133,0.828,0.039,0.0,0.931,0.069,101.325,1.0,442,298.15,0.2937081,0.651405,0.054886945,0.011862699,0.4227571,0.56538016
,1-methyl-3-octyl-imidazolium tetrafluoroborate,CCCCCCCC[n+]1ccn(C)c1.F[B-](F)(F)F,[C8MIm][BF4],thiophene,c1ccsc1,S-compound,n-hexane,CCCCCC,alkane,0.855,0.0,0.145,0.0,0.0,1.0,101.325,0.0,446,298.15,0.7060803,0.26363018,0.030289508,0.0073377513,0.16079229,0.83187
,1-methyl-3-octyl-imidazolium tetrafluoroborate,CCCCCCCC[n+]1ccn(C)c1.F[B-](F)(F)F,[C8MIm][BF4],thiophene,c1ccsc1,S-compound,n-hexane,CCCCCC,alkane,0.677,0.182,0.141,0.0,0.065,0.935,101.325,0.09090909,446,298.15,0.67812604,0.28889483,0.03297914,0.007738964,0.17426065,0.8180004
,1-methyl-3-octyl-imidazolium tetrafluoroborate,CCCCCCCC[n+]1ccn(C)c1.F[B-](F)(F)F,[C8MIm][BF4],thiophene,c1ccsc1,S-compound,n-hexane,CCCCCC,alkane,0.524,0.339,0.137,0.0,0.218,0.782,101.325,0.18181819,446,298.15,0.6489555,0.31528544,0.035759028,0.008147757,0.18856737,0.8032848
,1-methyl-3-octyl-imidazolium tetrafluoroborate,CCCCCCCC[n+]1ccn(C)c1.F[B-](F)(F)F,[C8MIm][BF4],thiophene,c1ccsc1,S-compound,n-hexane,CCCCCC,alkane,0.432,0.433,0.135,0.0,0.302,0.698,101.325,0.27272728,446,298.15,0.61924064,0.34219986,0.038559504,0.008609948,0.20449343,0.78689665
,1-methyl-3-octyl-imidazolium tetrafluoroborate,CCCCCCCC[n+]1ccn(C)c1.F[B-](F)(F)F,[C8MIm][BF4],thiophene,c1ccsc1,S-compound,n-hexane,CCCCCC,alkane,0.379,0.491,0.13,0.0,0.36,0.64,101.325,0.36363637,446,298.15,0.5884518,0.37010908,0.041439153,0.009061043,0.22094536,0.76999366
,1-methyl-3-octyl-imidazolium tetrafluoroborate,CCCCCCCC[n+]1ccn(C)c1.F[B-](F)(F)F,[C8MIm][BF4],thiophene,c1ccsc1,S-compound,n-hexane,CCCCCC,alkane,0.319,0.55,0.131,0.0,0.444,0.556,101.325,0.45454547,446,298.15,0.55652994,0.39909214,0.044377923,0.009489369,0.23793991,0.75257075
,1-methyl-3-octyl-imidazolium tetrafluoroborate,CCCCCCCC[n+]1ccn(C)c1.F[B-](F)(F)F,[C8MIm][BF4],thiophene,c1ccsc1,S-compound,n-hexane,CCCCCC,alkane,0.275,0.595,0.13,0.0,0.518,0.482,101.325,0.54545456,446,298.15,0.5244664,0.42867845,0.04685517,0.009369498,0.25689533,0.7337352
,1-methyl-3-octyl-imidazolium tetrafluoroborate,CCCCCCCC[n+]1ccn(C)c1.F[B-](F)(F)F,[C8MIm][BF4],thiophene,c1ccsc1,S-compound,n-hexane,CCCCCC,alkane,0.231,0.646,0.123,0.0,0.607,0.393,101.325,0.6363636,446,298.15,0.49187636,0.4583725,0.04975112,0.009775638,0.27570444,0.7145199
,1-methyl-3-octyl-imidazolium tetrafluoroborate,CCCCCCCC[n+]1ccn(C)c1.F[B-](F)(F)F,[C8MIm][BF4],thiophene,c1ccsc1,S-compound,n-hexane,CCCCCC,alkane,0.215,0.667,0.118,0.0,0.666,0.334,101.325,0.72727275,446,298.15,0.45950022,0.48791572,0.052584063,0.010177013,0.29525512,0.6945679
,1-methyl-3-octyl-imidazolium tetrafluoroborate,CCCCCCCC[n+]1ccn(C)c1.F[B-](F)(F)F,[C8MIm][BF4],thiophene,c1ccsc1,S-compound,n-hexane,CCCCCC,alkane,0.18300001,0.70600003,0.11100001,0.0,0.725,0.275,101.325,0.8181818,446,298.15,0.42773154,0.5163101,0.055958357,0.011216868,0.31396064,0.6748225
,1-methyl-3-octyl-imidazolium tetrafluoroborate,CCCCCCCC[n+]1ccn(C)c1.F[B-](F)(F)F,[C8MIm][BF4],thiophene,c1ccsc1,S-compound,n-hexane,CCCCCC,alkane,0.135,0.775,0.09,0.0,0.826,0.174,101.325,0.90909094,446,298.15,0.3967711,0.5442619,0.058967024,0.011974798,0.33381042,0.65421474
,1-methyl-3-octyl-imidazolium tetrafluoroborate,CCCCCCCC[n+]1ccn(C)c1.F[B-](F)(F)F,[C8MIm][BF4],thiophene,c1ccsc1,S-compound,n-hexane,CCCCCC,alkane,0.112,0.827,0.061,0.0,0.912,0.088,101.325,1.0,446,298.15,0.36560425,0.5732571,0.061138667,0.011910141,0.35599005,0.6320998
,1-butyl-3-methylimidazolium thiocyanate,CCCCn1cc[n+](C)c1.N#C[S-],[C4MIm][SCN],thiophene,c1ccsc1,S-compound,n-hexane,CCCCCC,alkane,0.958,0.029,0.013,0.0,0.012,0.988,101.325,0.0,449,298.15,0.90517557,0.087795876,0.0070285164,0.0030918461,0.09947222,0.897436
,1-butyl-3-methylimidazolium thiocyanate,CCCCn1cc[n+](C)c1.N#C[S-],[C4MIm][SCN],thiophene,c1ccsc1,S-compound,n-hexane,CCCCCC,alkane,0.904,0.083,0.013,0.0,0.038,0.962,101.325,0.125,449,298.15,0.8879243,0.103856124,0.008219569,0.0033707225,0.11230789,0.88432145
,1-butyl-3-methylimidazolium thiocyanate,CCCCn1cc[n+](C)c1.N#C[S-],[C4MIm][SCN],thiophene,c1ccsc1,S-compound,n-hexane,CCCCCC,alkane,0.883,0.105,0.012,0.0,0.054,0.946,101.325,0.25,449,298.15,0.867774,0.12257971,0.00964626,0.0037769733,0.12673211,0.86949086
,1-butyl-3-methylimidazolium thiocyanate,CCCCn1cc[n+](C)c1.N#C[S-],[C4MIm][SCN],thiophene,c1ccsc1,S-compound,n-hexane,CCCCCC,alkane,0.829,0.158,0.013,0.0,0.078,0.922,101.325,0.375,449,298.15,0.8445869,0.1440685,0.011344585,0.0043466296,0.14276925,0.8528841
,1-butyl-3-methylimidazolium thiocyanate,CCCCn1cc[n+](C)c1.N#C[S-],[C4MIm][SCN],thiophene,c1ccsc1,S-compound,n-hexane,CCCCCC,alkane,0.795,0.192,0.013,0.0,0.11,0.89,101.325,0.5,449,298.15,0.8186239,0.16827902,0.013096989,0.004704856,0.16024408,0.8350511
,1-butyl-3-methylimidazolium thiocyanate,CCCCn1cc[n+](C)c1.N#C[S-],[C4MIm][SCN],thiophene,c1ccsc1,S-compound,n-hexane,CCCCCC,alkane,0.71500003,0.27100003,0.014000001,0.0,0.175,0.825,101.325,0.625,449,298.15,0.78969526,0.19554217,0.014762575,0.0046739536,0.17907375,0.81625235
,1-butyl-3-methylimidazolium thiocyanate,CCCCn1cc[n+](C)c1.N#C[S-],[C4MIm][SCN],thiophene,c1ccsc1,S-compound,n-hexane,CCCCCC,alkane,0.66400003,0.32500002,0.011000001,0.0,0.245,0.755,101.325,0.75,449,298.15,0.7570938,0.22604123,0.016864944,0.0050317678,0.20007753,0.7948907
,1-butyl-3-methylimidazolium thiocyanate,CCCCn1cc[n+](C)c1.N#C[S-],[C4MIm][SCN],thiophene,c1ccsc1,S-compound,n-hexane,CCCCCC,alkane,0.604,0.383,0.013,0.0,0.294,0.706,101.325,0.875,449,298.15,0.72021526,0.26030713,0.019477503,0.0057719657,0.22224022,0.7719878
,1-butyl-3-methylimidazolium thiocyanate,CCCCn1cc[n+](C)c1.N#C[S-],[C4MIm][SCN],thiophene,c1ccsc1,S-compound,n-hexane,CCCCCC,alkane,0.52000004,0.46600002,0.014000001,0.0,0.386,0.614,101.325,1.0,449,298.15,0.6809875,0.29689097,0.022121588,0.0063787946,0.2462398,0.7473814
,1-ethyl-3-methylimidazolium tricyanomethanide,CCn1cc[n+](C)c1.N#CC(=C=[N-])C#N,[C2MIm][C(CN)3],benzothiophene,c1ccc2sccc2c1,S-compound,n-heptane,CCCCCCC,alkane,0.99,0.0,0.01,0.0,0.0,1.0,101.325,0.0,479,308.15,0.807005,0.18085623,0.012138738,0.0057916944,0.1618685,0.83233976
,1-ethyl-3-methylimidazolium tricyanomethanide,CCn1cc[n+](C)c1.N#CC(=C=[N-])C#N,[C2MIm][C(CN)3],benzothiophene,c1ccc2sccc2c1,S-compound,n-heptane,CCCCCCC,alkane,0.95100003,0.039000005,0.010000001,0.0,0.012,0.988,101.325,0.2,479,308.15,0.75461364,0.23015833,0.015228029,0.0066102054,0.20022374,0.79316604
,1-ethyl-3-methylimidazolium tricyanomethanide,CCn1cc[n+](C)c1.N#CC(=C=[N-])C#N,[C2MIm][C(CN)3],benzothiophene,c1ccc2sccc2c1,S-compound,n-heptane,CCCCCCC,alkane,0.864,0.124,0.012,0.0,0.041,0.959,101.325,0.4,479,308.15,0.69358134,0.2876259,0.018792761,0.0075016324,0.2449122,0.7475862
,1-ethyl-3-methylimidazolium tricyanomethanide,CCn1cc[n+](C)c1.N#CC(=C=[N-])C#N,[C2MIm][C(CN)3],benzothiophene,c1ccc2sccc2c1,S-compound,n-heptane,CCCCCCC,alkane,0.805,0.181,0.014,0.0,0.064,0.936,101.325,0.6,479,308.15,0.62501574,0.35233155,0.02265269,0.008294392,0.2961041,0.6956015
,1-ethyl-3-methylimidazolium tricyanomethanide,CCn1cc[n+](C)c1.N#CC(=C=[N-])C#N,[C2MIm][C(CN)3],benzothiophene,c1ccc2sccc2c1,S-compound,n-heptane,CCCCCCC,alkane,0.649,0.336,0.015,0.0,0.131,0.869,101.325,0.8,479,308.15,0.55154073,0.4217724,0.026686873,0.009027632,0.35265172,0.6383206
,1-ethyl-3-methylimidazolium tricyanomethanide,CCn1cc[n+](C)c1.N#CC(=C=[N-])C#N,[C2MIm][C(CN)3],benzothiophene,c1ccc2sccc2c1,S-compound,n-heptane,CCCCCCC,alkane,0.605,0.378,0.017,0.0,0.154,0.846,101.325,1.0,479,308.15,0.47550207,0.49385086,0.030647092,0.009582397,0.414039,0.5763786
,1-butyl-1-methylpyrrolidinium tricyanomethanide,CCCC[N+]1(C)CCCC1.N#CC(=C=[N-])C#N,[C4MPyr][C(CN)3],thiophene,c1ccsc1,S-compound,n-heptane,CCCCCCC,alkane,0.923,0.051,0.026,0.0,0.015,0.985,101.325,0.0,480,298.15,0.71966106,0.25916657,0.021172443,0.0064415773,0.26151735,0.7320411
,1-butyl-1-methylpyrrolidinium tricyanomethanide,CCCC[N+]1(C)CCCC1.N#CC(=C=[N-])C#N,[C4MPyr][C(CN)3],thiophene,c1ccsc1,S-compound,n-heptane,CCCCCCC,alkane,0.796,0.178,0.026,0.0,0.057,0.943,101.325,0.1,480,298.15,0.688768,0.28788856,0.023343397,0.006769457,0.283971,0.7092595
,1-butyl-1-methylpyrrolidinium tricyanomethanide,CCCC[N+]1(C)CCCC1.N#CC(=C=[N-])C#N,[C4MPyr][C(CN)3],thiophene,c1ccsc1,S-compound,n-heptane,CCCCCCC,alkane,0.62100005,0.35000002,0.029000001,0.0,0.129,0.871,101.325,0.2,480,298.15,0.6562272,0.31817806,0.025594749,0.007090438,0.3074754,0.6854341
,1-butyl-1-methylpyrrolidinium tricyanomethanide,CCCC[N+]1(C)CCCC1.N#CC(=C=[N-])C#N,[C4MPyr][C(CN)3],thiophene,c1ccsc1,S-compound,n-heptane,CCCCCCC,alkane,0.539,0.435,0.026,0.0,0.189,0.811,101.325,0.3,480,298.15,0.6220591,0.35000324,0.027937634,0.007406908,0.33212095,0.66047215
,1-butyl-1-methylpyrrolidinium tricyanomethanide,CCCC[N+]1(C)CCCC1.N#CC(=C=[N-])C#N,[C4MPyr][C(CN)3],thiophene,c1ccsc1,S-compound,n-heptane,CCCCCCC,alkane,0.469,0.506,0.025,0.0,0.245,0.755,101.325,0.4,480,298.15,0.58681697,0.38285995,0.030323086,0.0077126212,0.35758063,0.63470674
,1-butyl-1-methylpyrrolidinium tricyanomethanide,CCCC[N+]1(C)CCCC1.N#CC(=C=[N-])C#N,[C4MPyr][C(CN)3],thiophene,c1ccsc1,S-compound,n-heptane,CCCCCCC,alkane,0.37600002,0.59900004,0.025000002,0.0,0.352,0.648,101.325,0.5,480,298.15,0.55069953,0.41657257,0.03272787,0.008004734,0.38387161,0.6081237
,1-butyl-1-methylpyrrolidinium tricyanomethanide,CCCC[N+]1(C)CCCC1.N#CC(=C=[N-])C#N,[C4MPyr][C(CN)3],thiophene,c1ccsc1,S-compound,n-heptane,CCCCCCC,alkane,0.325,0.651,0.024,0.0,0.445,0.555,101.325,0.6,480,298.15,0.514063,0.45078707,0.035149936,0.008282406,0.41080832,0.5809093
,1-butyl-1-methylpyrrolidinium tricyanomethanide,CCCC[N+]1(C)CCCC1.N#CC(=C=[N-])C#N,[C4MPyr][C(CN)3],thiophene,c1ccsc1,S-compound,n-heptane,CCCCCCC,alkane,0.274,0.703,0.023,0.0,0.551,0.449,101.325,0.7,480,298.15,0.47741592,0.48506275,0.037521325,0.008539881,0.43823996,0.55322015
,1-butyl-1-methylpyrrolidinium tricyanomethanide,CCCC[N+]1(C)CCCC1.N#CC(=C=[N-])C#N,[C4MPyr][C(CN)3],thiophene,c1ccsc1,S-compound,n-heptane,CCCCCCC,alkane,0.245,0.734,0.021,0.0,0.667,0.333,101.325,0.8,480,298.15,0.44213933,0.51879823,0.039062478,0.007907434,0.46818468,0.52390784
,1-butyl-1-methylpyrrolidinium tricyanomethanide,CCCC[N+]1(C)CCCC1.N#CC(=C=[N-])C#N,[C4MPyr][C(CN)3],thiophene,c1ccsc1,S-compound,n-heptane,CCCCCCC,alkane,0.191,0.782,0.027,0.0,0.807,0.193,101.325,0.9,480,298.15,0.40631858,0.5527846,0.040896878,0.007690028,0.4975799,0.49473
,1-butyl-1-methylpyrrolidinium tricyanomethanide,CCCC[N+]1(C)CCCC1.N#CC(=C=[N-])C#N,[C4MPyr][C(CN)3],thiophene,c1ccsc1,S-compound,n-heptane,CCCCCCC,alkane,0.172,0.815,0.013,0.0,0.893,0.107,101.325,1.0,480,298.15,0.37143683,0.5855861,0.042977083,0.007850329,0.5255414,0.46660823
,1-ethyl-3-methylimidazolium acetate,CC(=O)[O-].CCn1cc[n+](C)c1,[C2MIm][OAc],benzothiophene,c1ccc2sccc2c1,S-compound,n-hexane,CCCCCC,alkane,0.90540004,0.08320001,0.011400001,0.0,0.0346,0.9654,101.325,0.0,484,308.15,0.93388987,0.062309872,0.0038002236,0.002933331,0.20676552,0.7903011
,1-ethyl-3-methylimidazolium acetate,CC(=O)[O-].CCn1cc[n+](C)c1,[C2MIm][OAc],benzothiophene,c1ccc2sccc2c1,S-compound,n-hexane,CCCCCC,alkane,0.8542,0.1253,0.0205,0.0,0.0672,0.9328,101.325,0.14285715,484,308.15,0.91770285,0.07758842,0.0047087176,0.0033481878,0.2385437,0.75810814
,1-ethyl-3-methylimidazolium acetate,CC(=O)[O-].CCn1cc[n+](C)c1,[C2MIm][OAc],benzothiophene,c1ccc2sccc2c1,S-compound,n-hexane,CCCCCC,alkane,0.8133,0.1498,0.0369,0.0,0.0959,0.9041,101.325,0.2857143,484,308.15,0.8987079,0.09554243,0.005749736,0.003711106,0.27334598,0.7229429
,1-ethyl-3-methylimidazolium acetate,CC(=O)[O-].CCn1cc[n+](C)c1,[C2MIm][OAc],benzothiophene,c1ccc2sccc2c1,S-compound,n-hexane,CCCCCC,alkane,0.7077,0.2234,0.0689,0.0,0.1671,0.8329,101.325,0.42857143,484,308.15,0.876485,0.11657992,0.006935057,0.0039968644,0.3114036,0.6845996
,1-ethyl-3-methylimidazolium acetate,CC(=O)[O-].CCn1cc[n+](C)c1,[C2MIm][OAc],benzothiophene,c1ccc2sccc2c1,S-compound,n-hexane,CCCCCC,alkane,0.6542,0.2733,0.0725,0.0,0.2278,0.7722,101.325,0.5714286,484,308.15,0.8509903,0.14079462,0.008215078,0.004134998,0.35280383,0.6430612
,1-ethyl-3-methylimidazolium acetate,CC(=O)[O-].CCn1cc[n+](C)c1,[C2MIm][OAc],benzothiophene,c1ccc2sccc2c1,S-compound,n-hexane,CCCCCC,alkane,0.60400003,0.31590003,0.08010001,0.0,0.2851,0.7149,101.325,0.71428573,484,308.15,0.8207529,0.16950944,0.009737702,0.004313362,0.3963962,0.5992904
,1-ethyl-3-methylimidazolium acetate,CC(=O)[O-].CCn1cc[n+](C)c1,[C2MIm][OAc],benzothiophene,c1ccc2sccc2c1,S-compound,n-hexane,CCCCCC,alkane,0.5288,0.3844,0.0868,0.0,0.425,0.575,101.325,0.85714287,484,308.15,0.78574085,0.20274982,0.01150929,0.004531095,0.4410718,0.5543971
,1-ethyl-3-methylimidazolium acetate,CC(=O)[O-].CCn1cc[n+](C)c1,[C2MIm][OAc],benzothiophene,c1ccc2sccc2c1,S-compound,n-hexane,CCCCCC,alkane,0.3824,0.4702,0.1474,0.0,0.5495,0.4505,101.325,1.0,484,308.15,0.7458839,0.24061884,0.013497237,0.0047178827,0.48692077,0.50836134
,1-butyl-3-methylimidazolium nitrate,CCCCn1cc[n+](C)c1.O=[N+]([O-])[O-],[C4MIm][NO3],thiophene,c1ccsc1,S-compound,n-heptane,CCCCCCC,alkane,0.892,0.079,0.029,0.0,0.036,0.964,101.325,0.0,489,298.15,0.8788814,0.11335643,0.007762301,0.0031984495,0.09983481,0.89696664
,1-butyl-3-methylimidazolium nitrate,CCCCn1cc[n+](C)c1.O=[N+]([O-])[O-],[C4MIm][NO3],thiophene,c1ccsc1,S-compound,n-heptane,CCCCCCC,alkane,0.823,0.148,0.029,0.0,0.072,0.928,101.325,0.11111111,489,298.15,0.8592275,0.13180554,0.008966985,0.0035359764,0.11183937,0.88462466
,1-butyl-3-methylimidazolium nitrate,CCCCn1cc[n+](C)c1.O=[N+]([O-])[O-],[C4MIm][NO3],thiophene,c1ccsc1,S-compound,n-heptane,CCCCCCC,alkane,0.762,0.211,0.027,0.0,0.112,0.888,101.325,0.22222222,489,298.15,0.83739245,0.15235294,0.010254653,0.0038181567,0.12522736,0.87095445
,1-butyl-3-methylimidazolium nitrate,CCCCn1cc[n+](C)c1.O=[N+]([O-])[O-],[C4MIm][NO3],thiophene,c1ccsc1,S-compound,n-heptane,CCCCCCC,alkane,0.709,0.263,0.028,0.0,0.151,0.849,101.325,0.33333334,489,298.15,0.8128294,0.17544463,0.011725937,0.00418701,0.14008033,0.8557326
,1-butyl-3-methylimidazolium nitrate,CCCCn1cc[n+](C)c1.O=[N+]([O-])[O-],[C4MIm][NO3],thiophene,c1ccsc1,S-compound,n-heptane,CCCCCCC,alkane,0.656,0.311,0.033,0.0,0.189,0.811,101.325,0.44444445,489,298.15,0.7855923,0.20101975,0.013388045,0.004661494,0.15647073,0.8388678
,1-butyl-3-methylimidazolium nitrate,CCCCn1cc[n+](C)c1.O=[N+]([O-])[O-],[C4MIm][NO3],thiophene,c1ccsc1,S-compound,n-heptane,CCCCCCC,alkane,0.606,0.36,0.034,0.0,0.228,0.772,101.325,0.5555556,489,298.15,0.75565916,0.2292327,0.015108118,0.005000865,0.17418712,0.82081205
,1-butyl-3-methylimidazolium nitrate,CCCCn1cc[n+](C)c1.O=[N+]([O-])[O-],[C4MIm][NO3],thiophene,c1ccsc1,S-compound,n-heptane,CCCCCCC,alkane,0.564,0.403,0.033,0.0,0.272,0.728,101.325,0.6666667,489,298.15,0.7231694,0.2598779,0.01695271,0.0053505837,0.19337797,0.8012715
,1-butyl-3-methylimidazolium nitrate,CCCCn1cc[n+](C)c1.O=[N+]([O-])[O-],[C4MIm][NO3],thiophene,c1ccsc1,S-compound,n-heptane,CCCCCCC,alkane,0.527,0.439,0.034,0.0,0.328,0.672,101.325,0.7777778,489,298.15,0.68917143,0.29230806,0.018520512,0.0051776296,0.21493477,0.7798876
,1-butyl-3-methylimidazolium nitrate,CCCCn1cc[n+](C)c1.O=[N+]([O-])[O-],[C4MIm][NO3],thiophene,c1ccsc1,S-compound,n-heptane,CCCCCCC,alkane,0.504,0.461,0.035,0.0,0.401,0.599,101.325,0.8888889,489,298.15,0.6516789,0.32777688,0.020544186,0.005508241,0.23748332,0.75700843
,1-butyl-3-methylimidazolium nitrate,CCCCn1cc[n+](C)c1.O=[N+]([O-])[O-],[C4MIm][NO3],thiophene,c1ccsc1,S-compound,n-heptane,CCCCCCC,alkane,0.474,0.491,0.035,0.0,0.464,0.536,101.325,1.0,489,298.15,0.61209697,0.3652539,0.022649135,0.0058426964,0.2617208,0.73243654
,1-butyl-3-methylimidazolium nitrate,CCCCn1cc[n+](C)c1.O=[N+]([O-])[O-],[C4MIm][NO3],thiophene,c1ccsc1,S-compound,n-octane,CCCCCCCC,alkane,0.893,0.082,0.025,0.0,0.04,0.96,101.325,0.0,490,298.15,0.88284063,0.10981868,0.007340634,0.003004222,0.09686341,0.90013236
,1-butyl-3-methylimidazolium nitrate,CCCCn1cc[n+](C)c1.O=[N+]([O-])[O-],[C4MIm][NO3],thiophene,c1ccsc1,S-compound,n-octane,CCCCCCCC,alkane,0.82500005,0.15100001,0.024000002,0.0,0.077,0.923,101.325,0.11111111,490,298.15,0.8631829,0.12832087,0.008496335,0.0032916476,0.10860932,0.88809896
,1-butyl-3-methylimidazolium nitrate,CCCCn1cc[n+](C)c1.O=[N+]([O-])[O-],[C4MIm][NO3],thiophene,c1ccsc1,S-compound,n-octane,CCCCCCCC,alkane,0.767,0.211,0.022,0.0,0.126,0.874,101.325,0.22222222,490,298.15,0.8417014,0.14856729,0.009731389,0.003557559,0.12175482,0.8746877
,1-butyl-3-methylimidazolium nitrate,CCCCn1cc[n+](C)c1.O=[N+]([O-])[O-],[C4MIm][NO3],thiophene,c1ccsc1,S-compound,n-octane,CCCCCCCC,alkane,0.705,0.268,0.027,0.0,0.162,0.838,101.325,0.33333334,490,298.15,0.8175233,0.17137082,0.011105954,0.0038387233,0.13630913,0.8598522
,1-butyl-3-methylimidazolium nitrate,CCCCn1cc[n+](C)c1.O=[N+]([O-])[O-],[C4MIm][NO3],thiophene,c1ccsc1,S-compound,n-octane,CCCCCCCC,alkane,0.652,0.32,0.028,0.0,0.204,0.796,101.325,0.44444445,490,298.15,0.7907582,0.19664823,0.012593606,0.0041161124,0.15248756,0.84339625
,1-butyl-3-methylimidazolium nitrate,CCCCn1cc[n+](C)c1.O=[N+]([O-])[O-],[C4MIm][NO3],thiophene,c1ccsc1,S-compound,n-octane,CCCCCCCC,alkane,0.605,0.368,0.027,0.0,0.249,0.751,101.325,0.5555556,490,298.15,0.7614171,0.2243967,0.014186237,0.004386624,0.17040287,0.8252105
,1-butyl-3-methylimidazolium nitrate,CCCCn1cc[n+](C)c1.O=[N+]([O-])[O-],[C4MIm][NO3],thiophene,c1ccsc1,S-compound,n-octane,CCCCCCCC,alkane,0.567,0.405,0.028,0.0,0.299,0.701,101.325,0.6666667,490,298.15,0.7290553,0.25499815,0.01594658,0.004698446,0.18954147,0.80576
,1-butyl-3-methylimidazolium nitrate,CCCCn1cc[n+](C)c1.O=[N+]([O-])[O-],[C4MIm][NO3],thiophene,c1ccsc1,S-compound,n-octane,CCCCCCCC,alkane,0.528,0.444,0.028,0.0,0.349,0.651,101.325,0.7777778,490,298.15,0.69321537,0.2887446,0.0180401,0.0052347276,0.20986266,0.7849026
,1-butyl-3-methylimidazolium nitrate,CCCCn1cc[n+](C)c1.O=[N+]([O-])[O-],[C4MIm][NO3],thiophene,c1ccsc1,S-compound,n-octane,CCCCCCCC,alkane,0.512,0.465,0.023,0.0,0.431,0.569,101.325,0.8888889,490,298.15,0.6556104,0.32424846,0.020141203,0.0056902515,0.23181336,0.7624964
,1-butyl-3-methylimidazolium nitrate,CCCCn1cc[n+](C)c1.O=[N+]([O-])[O-],[C4MIm][NO3],thiophene,c1ccsc1,S-compound,n-octane,CCCCCCCC,alkane,0.478,0.499,0.023,0.0,0.49,0.51,101.325,1.0,490,298.15,0.61600125,0.36185655,0.022142222,0.005930029,0.2557428,0.73832715
,1-butyl-3-methylimidazolium nitrate,CCCCn1cc[n+](C)c1.O=[N+]([O-])[O-],[C4MIm][NO3],thiophene,c1ccsc1,S-compound,n-decane,CCCCCCCCCC,alkane,0.484,0.514,0.002,0.0,0.619,0.381,101.325,0.0,492,298.15,0.8872505,0.10595544,0.0067941095,0.002813228,0.090927504,0.9062593
,1-butyl-3-methylimidazolium nitrate,CCCCn1cc[n+](C)c1.O=[N+]([O-])[O-],[C4MIm][NO3],thiophene,c1ccsc1,S-compound,n-decane,CCCCCCCCCC,alkane,0.52500004,0.47300002,0.0020000003,0.0,0.539,0.461,101.325,0.1,492,298.15,0.87076825,0.12151487,0.007716823,0.0030261856,0.101110466,0.8958634
,1-butyl-3-methylimidazolium nitrate,CCCCn1cc[n+](C)c1.O=[N+]([O-])[O-],[C4MIm][NO3],thiophene,c1ccsc1,S-compound,n-decane,CCCCCCCCCC,alkane,0.584,0.414,0.002,0.0,0.466,0.534,101.325,0.2,492,298.15,0.85251033,0.13873605,0.008753552,0.0032935974,0.112422496,0.8842839
,1-butyl-3-methylimidazolium nitrate,CCCCn1cc[n+](C)c1.O=[N+]([O-])[O-],[C4MIm][NO3],thiophene,c1ccsc1,S-compound,n-decane,CCCCCCCCCC,alkane,0.626,0.372,0.002,0.0,0.379,0.621,101.325,0.3,492,298.15,0.83204764,0.15806107,0.009891322,0.0035560548,0.12478411,0.8716599
,1-butyl-3-methylimidazolium nitrate,CCCCn1cc[n+](C)c1.O=[N+]([O-])[O-],[C4MIm][NO3],thiophene,c1ccsc1,S-compound,n-decane,CCCCCCCCCC,alkane,0.652,0.346,0.002,0.0,0.343,0.657,101.325,0.4,492,298.15,0.80928624,0.17958352,0.011130223,0.0038080614,0.13821615,0.85797584
,1-butyl-3-methylimidazolium nitrate,CCCCn1cc[n+](C)c1.O=[N+]([O-])[O-],[C4MIm][NO3],thiophene,c1ccsc1,S-compound,n-decane,CCCCCCCCCC,alkane,0.681,0.317,0.002,0.0,0.307,0.693,101.325,0.5,492,298.15,0.7842211,0.20325266,0.012526279,0.0041455724,0.15306857,0.84278584
,1-butyl-3-methylimidazolium nitrate,CCCCn1cc[n+](C)c1.O=[N+]([O-])[O-],[C4MIm][NO3],thiophene,c1ccsc1,S-compound,n-decane,CCCCCCCCCC,alkane,0.76100004,0.23700002,0.0020000003,0.0,0.242,0.758,101.325,0.6,492,298.15,0.7568335,0.22917923,0.01398724,0.004423129,0.169051,0.82652587
,1-butyl-3-methylimidazolium nitrate,CCCCn1cc[n+](C)c1.O=[N+]([O-])[O-],[C4MIm][NO3],thiophene,c1ccsc1,S-compound,n-decane,CCCCCCCCCC,alkane,0.795,0.203,0.002,0.0,0.171,0.829,101.325,0.7,492,298.15,0.7269137,0.25753134,0.015555007,0.004705303,0.1862798,0.80901486
,1-butyl-3-methylimidazolium nitrate,CCCCn1cc[n+](C)c1.O=[N+]([O-])[O-],[C4MIm][NO3],thiophene,c1ccsc1,S-compound,n-decane,CCCCCCCCCC,alkane,0.869,0.129,0.002,0.0,0.098,0.902,101.325,0.8,492,298.15,0.69475025,0.28804487,0.017204886,0.0049857236,0.20468792,0.79032636
,1-butyl-3-methylimidazolium nitrate,CCCCn1cc[n+](C)c1.O=[N+]([O-])[O-],[C4MIm][NO3],thiophene,c1ccsc1,S-compound,n-decane,CCCCCCCCCC,alkane,0.91400003,0.08400001,0.0020000003,0.0,0.071,0.929,101.325,0.9,492,298.15,0.66103125,0.32003883,0.018930022,0.0052833105,0.22459131,0.7701253
,1-butyl-3-methylimidazolium nitrate,CCCCn1cc[n+](C)c1.O=[N+]([O-])[O-],[C4MIm][NO3],thiophene,c1ccsc1,S-compound,n-decane,CCCCCCCCCC,alkane,0.93200004,0.06600001,0.0020000003,0.0,0.057,0.943,101.325,1.0,492,298.15,0.62310755,0.35612026,0.020772133,0.00536206,0.2410123,0.7536257
,1-butyl-3-methylimidazolium nitrate,CCCCn1cc[n+](C)c1.O=[N+]([O-])[O-],[C4MIm][NO3],thiophene,c1ccsc1,S-compound,n-decane,CCCCCCCCCC,alkane,0.487,0.51,0.003,0.0,0.627,0.373,101.325,0.0,493,313.15,0.8956918,0.09806616,0.006242015,0.0023281614,0.07607843,0.92159337
,1-butyl-3-methylimidazolium nitrate,CCCCn1cc[n+](C)c1.O=[N+]([O-])[O-],[C4MIm][NO3],thiophene,c1ccsc1,S-compound,n-decane,CCCCCCCCCC,alkane,0.578,0.419,0.003,0.0,0.493,0.507,101.325,0.11111111,493,313.15,0.8781526,0.11463298,0.007214357,0.0025336063,0.08594467,0.91152173
,1-butyl-3-methylimidazolium nitrate,CCCCn1cc[n+](C)c1.O=[N+]([O-])[O-],[C4MIm][NO3],thiophene,c1ccsc1,S-compound,n-decane,CCCCCCCCCC,alkane,0.628,0.37,0.002,0.0,0.421,0.579,101.325,0.22222222,493,313.15,0.85847497,0.13318293,0.008342068,0.0029160504,0.098389104,0.8986948
,1-butyl-3-methylimidazolium nitrate,CCCCn1cc[n+](C)c1.O=[N+]([O-])[O-],[C4MIm][NO3],thiophene,c1ccsc1,S-compound,n-decane,CCCCCCCCCC,alkane,0.713,0.285,0.002,0.0,0.343,0.657,101.325,0.33333334,493,313.15,0.8365623,0.15380213,0.009635579,0.0034957863,0.11379387,0.8827104
,1-butyl-3-methylimidazolium nitrate,CCCCn1cc[n+](C)c1.O=[N+]([O-])[O-],[C4MIm][NO3],thiophene,c1ccsc1,S-compound,n-decane,CCCCCCCCCC,alkane,0.774,0.223,0.003,0.0,0.231,0.769,101.325,0.44444445,493,313.15,0.8114526,0.17754678,0.011000638,0.0037788777,0.12782766,0.86839336
,1-butyl-3-methylimidazolium nitrate,CCCCn1cc[n+](C)c1.O=[N+]([O-])[O-],[C4MIm][NO3],thiophene,c1ccsc1,S-compound,n-decane,CCCCCCCCCC,alkane,0.78800005,0.21000001,0.0020000003,0.0,0.212,0.788,101.325,0.5555556,493,313.15,0.7834316,0.20406508,0.012503273,0.0040778853,0.1433819,0.85254014
,1-butyl-3-methylimidazolium nitrate,CCCCn1cc[n+](C)c1.O=[N+]([O-])[O-],[C4MIm][NO3],thiophene,c1ccsc1,S-compound,n-decane,CCCCCCCCCC,alkane,0.842,0.156,0.002,0.0,0.142,0.858,101.325,0.6666667,493,313.15,0.7528578,0.23305957,0.014082685,0.0043061604,0.16028099,0.83541286
,1-butyl-3-methylimidazolium nitrate,CCCCn1cc[n+](C)c1.O=[N+]([O-])[O-],[C4MIm][NO3],thiophene,c1ccsc1,S-compound,n-decane,CCCCCCCCCC,alkane,0.902,0.096,0.002,0.0,0.091,0.909,101.325,0.7777778,493,313.15,0.7192558,0.2649357,0.01580852,0.0045799413,0.17889449,0.8165256
,1-butyl-3-methylimidazolium nitrate,CCCCn1cc[n+](C)c1.O=[N+]([O-])[O-],[C4MIm][NO3],thiophene,c1ccsc1,S-compound,n-decane,CCCCCCCCCC,alkane,0.91300005,0.08500001,0.0020000003,0.0,0.08,0.92,101.325,0.8888889,493,313.15,0.68299896,0.29933795,0.01766315,0.004902435,0.19926812,0.7958295
,1-butyl-3-methylimidazolium nitrate,CCCCn1cc[n+](C)c1.O=[N+]([O-])[O-],[C4MIm][NO3],thiophene,c1ccsc1,S-compound,n-decane,CCCCCCCCCC,alkane,0.94,0.058,0.002,0.0,0.05,0.95,101.325,1.0,493,313.15,0.64440936,0.3359898,0.019600838,0.0052217646,0.22115652,0.77362174
,1-ethyl-3-methylimidazolium ethylsulfate,CCOS(=O)(=O)[O-].CCn1cc[n+](C)c1,[C2MIm][EtSO4],thiophene,c1ccsc1,S-compound,n-hexadecane,CCCCCCCCCCCCCCCC,alkane,0.918,0.06,0.022,0.0,0.074,0.926,101.325,0.0,507,298.15,0.87364143,0.11932764,0.007030957,0.0029376426,0.22197784,0.77508444
,1-ethyl-3-methylimidazolium ethylsulfate,CCOS(=O)(=O)[O-].CCn1cc[n+](C)c1,[C2MIm][EtSO4],thiophene,c1ccsc1,S-compound,n-hexadecane,CCCCCCCCCCCCCCCC,alkane,0.868,0.111,0.021,0.0,0.134,0.866,101.325,0.11111111,507,298.15,0.85197204,0.1398883,0.008139621,0.0031406966,0.24782796,0.7490313
,1-ethyl-3-methylimidazolium ethylsulfate,CCOS(=O)(=O)[O-].CCn1cc[n+](C)c1,[C2MIm][EtSO4],thiophene,c1ccsc1,S-compound,n-hexadecane,CCCCCCCCCCCCCCCC,alkane,0.814,0.168,0.018,0.0,0.193,0.807,101.325,0.22222222,507,298.15,0.82735616,0.16325945,0.0093843825,0.0033434771,0.2755982,0.7210583
,1-ethyl-3-methylimidazolium ethylsulfate,CCOS(=O)(=O)[O-].CCn1cc[n+](C)c1,[C2MIm][EtSO4],thiophene,c1ccsc1,S-compound,n-hexadecane,CCCCCCCCCCCCCCCC,alkane,0.781,0.207,0.012,0.0,0.25,0.75,101.325,0.33333334,507,298.15,0.8002045,0.1890568,0.010738691,0.0035789483,0.30638728,0.69003373
,1-ethyl-3-methylimidazolium ethylsulfate,CCOS(=O)(=O)[O-].CCn1cc[n+](C)c1,[C2MIm][EtSO4],thiophene,c1ccsc1,S-compound,n-hexadecane,CCCCCCCCCCCCCCCC,alkane,0.73600006,0.24800001,0.016000003,0.0,0.304,0.696,101.325,0.44444445,507,298.15,0.7693822,0.21836117,0.012256696,0.0037761147,0.33775222,0.65847164
,1-ethyl-3-methylimidazolium ethylsulfate,CCOS(=O)(=O)[O-].CCn1cc[n+](C)c1,[C2MIm][EtSO4],thiophene,c1ccsc1,S-compound,n-hexadecane,CCCCCCCCCCCCCCCC,alkane,0.688,0.305,0.007,0.0,0.356,0.644,101.325,0.5555556,507,298.15,0.7353017,0.25078782,0.013910531,0.00397404,0.37072748,0.6252985
,1-ethyl-3-methylimidazolium ethylsulfate,CCOS(=O)(=O)[O-].CCn1cc[n+](C)c1,[C2MIm][EtSO4],thiophene,c1ccsc1,S-compound,n-hexadecane,CCCCCCCCCCCCCCCC,alkane,0.65400004,0.33000004,0.016000003,0.0,0.409,0.591,101.325,0.6666667,507,298.15,0.69840163,0.28591374,0.015684715,0.004172165,0.40466958,0.5911582
,1-ethyl-3-methylimidazolium ethylsulfate,CCOS(=O)(=O)[O-].CCn1cc[n+](C)c1,[C2MIm][EtSO4],thiophene,c1ccsc1,S-compound,n-hexadecane,CCCCCCCCCCCCCCCC,alkane,0.624,0.37,0.006,0.0,0.455,0.545,101.325,0.7777778,507,298.15,0.6587177,0.3237409,0.017541392,0.0043344195,0.4397447,0.55592084
,1-ethyl-3-methylimidazolium ethylsulfate,CCOS(=O)(=O)[O-].CCn1cc[n+](C)c1,[C2MIm][EtSO4],thiophene,c1ccsc1,S-compound,n-hexadecane,CCCCCCCCCCCCCCCC,alkane,0.589,0.404,0.007,0.0,0.505,0.495,101.325,0.8888889,507,298.15,0.6165782,0.3640135,0.01940834,0.004388317,0.47579724,0.5198145
,1-ethyl-3-methylimidazolium ethylsulfate,CCOS(=O)(=O)[O-].CCn1cc[n+](C)c1,[C2MIm][EtSO4],thiophene,c1ccsc1,S-compound,n-hexadecane,CCCCCCCCCCCCCCCC,alkane,0.566,0.424,0.01,0.0,0.555,0.445,101.325,1.0,507,298.15,0.5726024,0.4060519,0.021345727,0.004465416,0.5119222,0.4836124
,1-methyl-3-octyl-imidazolium bis(trifluoromethylsulfonyl)imide,CCCCCCCC[n+]1ccn(C)c1.O=S(=O)([N-]S(=O)(=O)C(F)(F)F)C(F)(F)F,[C8MIm][NTf2],pyridine,c1ccncc1,N-compound,n-hexane,CCCCCC,alkane,0.711,0.0,0.289,0.0,0.0,1.0,101.325,0.0,530,298.15,0.57213134,0.36830205,0.059566643,0.010702882,0.17615655,0.8131406
,1-methyl-3-octyl-imidazolium bis(trifluoromethylsulfonyl)imide,CCCCCCCC[n+]1ccn(C)c1.O=S(=O)([N-]S(=O)(=O)C(F)(F)F)C(F)(F)F,[C8MIm][NTf2],pyridine,c1ccncc1,N-compound,n-hexane,CCCCCC,alkane,0.597,0.16,0.243,0.006,0.018,0.976,101.325,0.125,530,298.15,0.52717,0.40742862,0.06540133,0.011492116,0.1966031,0.7919048
,1-methyl-3-octyl-imidazolium bis(trifluoromethylsulfonyl)imide,CCCCCCCC[n+]1ccn(C)c1.O=S(=O)([N-]S(=O)(=O)C(F)(F)F)C(F)(F)F,[C8MIm][NTf2],pyridine,c1ccncc1,N-compound,n-hexane,CCCCCC,alkane,0.5,0.276,0.224,0.0,0.047,0.953,101.325,0.25,530,298.15,0.48197168,0.44681,0.07121831,0.012336541,0.21860246,0.76906097
,1-methyl-3-octyl-imidazolium bis(trifluoromethylsulfonyl)imide,CCCCCCCC[n+]1ccn(C)c1.O=S(=O)([N-]S(=O)(=O)C(F)(F)F)C(F)(F)F,[C8MIm][NTf2],pyridine,c1ccncc1,N-compound,n-hexane,CCCCCC,alkane,0.408,0.381,0.211,0.004,0.061,0.935,101.325,0.375,530,298.15,0.43157077,0.49062166,0.077807635,0.0135751385,0.24293375,0.74349105
,1-methyl-3-octyl-imidazolium bis(trifluoromethylsulfonyl)imide,CCCCCCCC[n+]1ccn(C)c1.O=S(=O)([N-]S(=O)(=O)C(F)(F)F)C(F)(F)F,[C8MIm][NTf2],pyridine,c1ccncc1,N-compound,n-hexane,CCCCCC,alkane,0.35300002,0.44200003,0.20500001,0.006,0.08,0.914,101.325,0.5,530,298.15,0.37250566,0.5421967,0.085297644,0.014838502,0.27183115,0.71333027
,1-methyl-3-octyl-imidazolium bis(trifluoromethylsulfonyl)imide,CCCCCCCC[n+]1ccn(C)c1.O=S(=O)([N-]S(=O)(=O)C(F)(F)F)C(F)(F)F,[C8MIm][NTf2],pyridine,c1ccncc1,N-compound,n-hexane,CCCCCC,alkane,0.278,0.52,0.202,0.005,0.119,0.876,101.325,0.625,530,298.15,0.33231068,0.57753474,0.0901546,0.01563525,0.29902595,0.68533874
,1-methyl-3-octyl-imidazolium bis(trifluoromethylsulfonyl)imide,CCCCCCCC[n+]1ccn(C)c1.O=S(=O)([N-]S(=O)(=O)C(F)(F)F)C(F)(F)F,[C8MIm][NTf2],pyridine,c1ccncc1,N-compound,n-hexane,CCCCCC,alkane,0.213,0.584,0.203,0.003,0.149,0.848,101.325,0.75,530,298.15,0.29456985,0.61083454,0.09459559,0.016400013,0.32757774,0.65602225
,1-methyl-3-octyl-imidazolium bis(trifluoromethylsulfonyl)imide,CCCCCCCC[n+]1ccn(C)c1.O=S(=O)([N-]S(=O)(=O)C(F)(F)F)C(F)(F)F,[C8MIm][NTf2],pyridine,c1ccncc1,N-compound,n-hexane,CCCCCC,alkane,0.126,0.635,0.239,0.004,0.297,0.699,101.325,0.875,530,298.15,0.25960958,0.6417899,0.09860053,0.017129226,0.35725117,0.6256196
,1-methyl-3-octyl-imidazolium bis(trifluoromethylsulfonyl)imide,CCCCCCCC[n+]1ccn(C)c1.O=S(=O)([N-]S(=O)(=O)C(F)(F)F)C(F)(F)F,[C8MIm][NTf2],pyridine,c1ccncc1,N-compound,n-hexane,CCCCCC,alkane,0.066,0.642,0.292,0.001,0.425,0.574,101.325,1.0,530,298.15,0.22845165,0.66917515,0.102373265,0.019077742,0.3899887,0.5909336
,1-ethyl-3-methylimidazolium methanesulfonate,CCn1cc[n+](C)c1.CS(=O)(=O)[O-],[C2MIm][CH3SO3],pyridine,c1ccncc1,N-compound,n-hexadecane,CCCCCCCCCCCCCCCC,alkane,0.8805,0.1159,0.0036,0.0,0.018,0.982,101.325,0.0,555,298.15,0.79874253,0.19197506,0.009282494,0.0037953896,0.18517539,0.81102926
,1-ethyl-3-methylimidazolium methanesulfonate,CCn1cc[n+](C)c1.CS(=O)(=O)[O-],[C2MIm][CH3SO3],pyridine,c1ccncc1,N-compound,n-hexadecane,CCCCCCCCCCCCCCCC,alkane,0.8194,0.1787,0.0019,0.0,0.0694,0.9306,101.325,0.11111111,555,298.15,0.7679273,0.22148128,0.0105914995,0.004080906,0.20938969,0.78652936
,1-ethyl-3-methylimidazolium methanesulfonate,CCn1cc[n+](C)c1.CS(=O)(=O)[O-],[C2MIm][CH3SO3],pyridine,c1ccncc1,N-compound,n-hexadecane,CCCCCCCCCCCCCCCC,alkane,0.7537,0.2445,0.0018,0.0,0.105,0.895,101.325,0.22222222,555,298.15,0.7339958,0.2539933,0.012010896,0.0043703597,0.23580036,0.7598293
,1-ethyl-3-methylimidazolium methanesulfonate,CCn1cc[n+](C)c1.CS(=O)(=O)[O-],[C2MIm][CH3SO3],pyridine,c1ccncc1,N-compound,n-hexadecane,CCCCCCCCCCCCCCCC,alkane,0.6919,0.307,0.0011,0.0,0.1363,0.8637,101.325,0.33333334,555,298.15,0.7085334,0.27844253,0.01302407,0.004624285,0.2633197,0.73205596
,1-ethyl-3-methylimidazolium methanesulfonate,CCn1cc[n+](C)c1.CS(=O)(=O)[O-],[C2MIm][CH3SO3],pyridine,c1ccncc1,N-compound,n-hexadecane,CCCCCCCCCCCCCCCC,alkane,0.6431,0.3558,0.0011,0.0,0.1703,0.8297,101.325,0.44444445,555,298.15,0.6864706,0.29983717,0.013692205,0.0045925514,0.29574877,0.6996587
,1-ethyl-3-methylimidazolium methanesulfonate,CCn1cc[n+](C)c1.CS(=O)(=O)[O-],[C2MIm][CH3SO3],pyridine,c1ccncc1,N-compound,n-hexadecane,CCCCCCCCCCCCCCCC,alkane,0.5917,0.4074,0.0009,0.0,0.2042,0.7958,101.325,0.5555556,555,298.15,0.64562476,0.3390626,0.01531262,0.0048470874,0.32873583,0.6664171
,1-ethyl-3-methylimidazolium methanesulfonate,CCn1cc[n+](C)c1.CS(=O)(=O)[O-],[C2MIm][CH3SO3],pyridine,c1ccncc1,N-compound,n-hexadecane,CCCCCCCCCCCCCCCC,alkane,0.558,0.4413,0.0007,0.0,0.2291,0.7709,101.325,0.6666667,555,298.15,0.6027981,0.3802223,0.016979601,0.005085235,0.3633084,0.63160634
,1-ethyl-3-methylimidazolium methanesulfonate,CCn1cc[n+](C)c1.CS(=O)(=O)[O-],[C2MIm][CH3SO3],pyridine,c1ccncc1,N-compound,n-hexadecane,CCCCCCCCCCCCCCCC,alkane,0.5264,0.4728,0.0008,0.0,0.2548,0.7452,101.325,0.7777778,555,298.15,0.55838513,0.42293966,0.018675197,0.005335065,0.39956352,0.5951014
,1-ethyl-3-methylimidazolium methanesulfonate,CCn1cc[n+](C)c1.CS(=O)(=O)[O-],[C2MIm][CH3SO3],pyridine,c1ccncc1,N-compound,n-hexadecane,CCCCCCCCCCCCCCCC,alkane,0.5082,0.4905,0.0013,0.0,0.2885,0.7115,101.325,0.8888889,555,298.15,0.51332396,0.46631128,0.020364773,0.0055471477,0.43659258,0.55786026
,1-ethyl-3-methylimidazolium methanesulfonate,CCn1cc[n+](C)c1.CS(=O)(=O)[O-],[C2MIm][CH3SO3],pyridine,c1ccncc1,N-compound,n-hexadecane,CCCCCCCCCCCCCCCC,alkane,0.4727,0.5265,0.0008,0.0,0.3202,0.6798,101.325,1.0,555,298.15,0.46794224,0.5100244,0.022033323,0.005717374,0.4743275,0.51995516
,1-ethyl-3-methylimidazolium ethylsulfate,CCOS(=O)(=O)[O-].CCn1cc[n+](C)c1,[C2MIm][EtSO4],pyridine,c1ccncc1,N-compound,n-hexane,CCCCCC,alkane,0.993,0.0,0.007,0.0,0.0,1.0,101.325,0.0,557,298.15,0.79120684,0.1948078,0.013985341,0.0049334727,0.21521246,0.77985406
,1-ethyl-3-methylimidazolium ethylsulfate,CCOS(=O)(=O)[O-].CCn1cc[n+](C)c1,[C2MIm][EtSO4],pyridine,c1ccncc1,N-compound,n-hexane,CCCCCC,alkane,0.869,0.123,0.008,0.002,0.048,0.95,101.325,0.14285715,557,298.15,0.75231373,0.23137459,0.016311698,0.0052148276,0.24649006,0.74829507
,1-ethyl-3-methylimidazolium ethylsulfate,CCOS(=O)(=O)[O-].CCn1cc[n+](C)c1,[C2MIm][EtSO4],pyridine,c1ccncc1,N-compound,n-hexane,CCCCCC,alkane,0.705,0.286,0.009,0.0,0.094,0.906,101.325,0.2857143,557,298.15,0.70824766,0.27281728,0.018935068,0.005553964,0.2809624,0.7134837
,1-ethyl-3-methylimidazolium ethylsulfate,CCOS(=O)(=O)[O-].CCn1cc[n+](C)c1,[C2MIm][EtSO4],pyridine,c1ccncc1,N-compound,n-hexane,CCCCCC,alkane,0.54,0.447,0.013,0.0,0.206,0.794,101.325,0.42857143,557,298.15,0.6597347,0.3184585,0.021806778,0.0059511694,0.31821057,0.6758383
,1-ethyl-3-methylimidazolium ethylsulfate,CCOS(=O)(=O)[O-].CCn1cc[n+](C)c1,[C2MIm][EtSO4],pyridine,c1ccncc1,N-compound,n-hexane,CCCCCC,alkane,0.39499995,0.58599997,0.018999998,0.0,0.341,0.659,101.325,0.5714286,557,298.15,0.6077929,0.3673519,0.024855174,0.006354707,0.3580509,0.63559437
,1-ethyl-3-methylimidazolium ethylsulfate,CCOS(=O)(=O)[O-].CCn1cc[n+](C)c1,[C2MIm][EtSO4],pyridine,c1ccncc1,N-compound,n-hexane,CCCCCC,alkane,0.32,0.657,0.023,0.0,0.515,0.485,101.325,0.71428573,557,298.15,0.5532803,0.4187451,0.027974598,0.0067207343,0.39984265,0.59343654
,1-ethyl-3-methylimidazolium ethylsulfate,CCOS(=O)(=O)[O-].CCn1cc[n+](C)c1,[C2MIm][EtSO4],pyridine,c1ccncc1,N-compound,n-hexane,CCCCCC,alkane,0.248,0.725,0.027,0.0,0.625,0.375,101.325,0.85714287,557,298.15,0.49727944,0.47152415,0.031196417,0.0071395067,0.4414252,0.5514353
,1-ethyl-3-methylimidazolium ethylsulfate,CCOS(=O)(=O)[O-].CCn1cc[n+](C)c1,[C2MIm][EtSO4],pyridine,c1ccncc1,N-compound,n-hexane,CCCCCC,alkane,0.168,0.786,0.046,0.0,0.771,0.229,101.325,1.0,557,298.15,0.4417181,0.52400917,0.034272697,0.007469081,0.48446387,0.508067
,1-butyl-3-methylimidazolium hydrogensulfate,CCCCn1cc[n+](C)c1.O=S(=O)([O-])O,[C4MIm][HSO4],pyridine,c1ccncc1,N-compound,toluene,Cc1ccccc1,aromatic,0.8914,0.0,0.1086,0.0,0.0,1.0,101.325,0.0,564,298.15,0.6472582,0.18465868,0.16808306,0.021338793,0.26651862,0.7121426
,1-butyl-3-methylimidazolium hydrogensulfate,CCCCn1cc[n+](C)c1.O=S(=O)([O-])O,[C4MIm][HSO4],pyridine,c1ccncc1,N-compound,toluene,Cc1ccccc1,aromatic,0.7414,0.1519,0.1067,0.0,0.2153,0.7847,101.325,0.125,564,298.15,0.617109,0.2007417,0.18214929,0.02191795,0.26747197,0.7106101
,1-butyl-3-methylimidazolium hydrogensulfate,CCCCn1cc[n+](C)c1.O=S(=O)([O-])O,[C4MIm][HSO4],pyridine,c1ccncc1,N-compound,toluene,Cc1ccccc1,aromatic,0.6399,0.2521,0.108,0.0,0.3059,0.6941,101.325,0.25,564,298.15,0.59101194,0.21482089,0.1941672,0.021107957,0.26903722,0.70985484
,1-butyl-3-methylimidazolium hydrogensulfate,CCCCn1cc[n+](C)c1.O=S(=O)([O-])O,[C4MIm][HSO4],pyridine,c1ccncc1,N-compound,toluene,Cc1ccccc1,aromatic,0.5122,0.3779,0.1099,0.0,0.4112,0.5888,101.325,0.375,564,298.15,0.55923724,0.23191054,0.20885216,0.02167902,0.27010053,0.7082204
,1-butyl-3-methylimidazolium hydrogensulfate,CCCCn1cc[n+](C)c1.O=S(=O)([O-])O,[C4MIm][HSO4],pyridine,c1ccncc1,N-compound,toluene,Cc1ccccc1,aromatic,0.4545,0.4407,0.1048,0.0006,0.5098,0.4896,101.325,0.5,564,298.15,0.5264431,0.24958427,0.22397256,0.022691574,0.27143028,0.70587814
,1-butyl-3-methylimidazolium hydrogensulfate,CCCCn1cc[n+](C)c1.O=S(=O)([O-])O,[C4MIm][HSO4],pyridine,c1ccncc1,N-compound,toluene,Cc1ccccc1,aromatic,0.3906,0.5217,0.0877,0.0012,0.6236,0.3752,101.325,0.625,564,298.15,0.49304265,0.26762655,0.23933075,0.024182217,0.27296686,0.7028509
,1-butyl-3-methylimidazolium hydrogensulfate,CCCCn1cc[n+](C)c1.O=S(=O)([O-])O,[C4MIm][HSO4],pyridine,c1ccncc1,N-compound,toluene,Cc1ccccc1,aromatic,0.3189,0.6032,0.0779,0.0027,0.7298,0.2675,101.325,0.75,564,298.15,0.46107092,0.2850717,0.25385746,0.024816366,0.2741298,0.70105386
,1-butyl-3-methylimidazolium hydrogensulfate,CCCCn1cc[n+](C)c1.O=S(=O)([O-])O,[C4MIm][HSO4],pyridine,c1ccncc1,N-compound,toluene,Cc1ccccc1,aromatic,0.2301,0.7015,0.0684,0.0129,0.818,0.1691,101.325,0.875,564,298.15,0.42952427,0.30238837,0.26808742,0.025456673,0.27531245,0.6992309
,1-butyl-3-methylimidazolium hydrogensulfate,CCCCn1cc[n+](C)c1.O=S(=O)([O-])O,[C4MIm][HSO4],pyridine,c1ccncc1,N-compound,toluene,Cc1ccccc1,aromatic,0.2076,0.7271,0.0653,0.0135,0.8477,0.1388,101.325,1.0,564,298.15,0.39802283,0.31965014,0.282327,0.026614591,0.27649307,0.6968923
,1-(3-hydroxypropyl)pyridinium dicyanamide,N#CN=C=[N-].OCCC[n+]1ccccc1,[OHC3Py][N(CN)2],hex-1-ene,C=CCCCC,alkene,hexane,CCCCCC,alkane,0.993,0.007,0.0,0.0,1.0,0.0,101.325,0.0,571,298.15,0.9972677,0.0019382687,0.00079400407,0.00068532093,0.44325486,0.5560598
,1-(3-hydroxypropyl)pyridinium dicyanamide,N#CN=C=[N-].OCCC[n+]1ccccc1,[OHC3Py][N(CN)2],hex-1-ene,C=CCCCC,alkene,hexane,CCCCCC,alkane,0.993,0.007,0.0,0.0,0.935,0.065,101.325,0.07692308,571,298.15,0.99697447,0.0021476042,0.0008779514,0.0007059178,0.44950503,0.549789
,1-(3-hydroxypropyl)pyridinium dicyanamide,N#CN=C=[N-].OCCC[n+]1ccccc1,[OHC3Py][N(CN)2],hex-1-ene,C=CCCCC,alkene,hexane,CCCCCC,alkane,0.993,0.007,0.0,0.0,0.871,0.129,101.325,0.15384616,571,298.15,0.99662495,0.0023953863,0.0009797309,0.0007423207,0.4560365,0.54322124
,1-(3-hydroxypropyl)pyridinium dicyanamide,N#CN=C=[N-].OCCC[n+]1ccccc1,[OHC3Py][N(CN)2],hex-1-ene,C=CCCCC,alkene,hexane,CCCCCC,alkane,0.99300003,0.0060000005,0.0010000002,0.0,0.784,0.216,101.325,0.23076923,571,298.15,0.9962469,0.0026646764,0.0010884956,0.0007724952,0.46253222,0.53669524
,1-(3-hydroxypropyl)pyridinium dicyanamide,N#CN=C=[N-].OCCC[n+]1ccccc1,[OHC3Py][N(CN)2],hex-1-ene,C=CCCCC,alkene,hexane,CCCCCC,alkane,0.99300003,0.0060000005,0.0010000002,0.0,0.71,0.29,101.325,0.30769232,571,298.15,0.9958436,0.0029528318,0.0012034773,0.00079530315,0.46897858,0.5302261
,1-(3-hydroxypropyl)pyridinium dicyanamide,N#CN=C=[N-].OCCC[n+]1ccccc1,[OHC3Py][N(CN)2],hex-1-ene,C=CCCCC,alkene,hexane,CCCCCC,alkane,0.994,0.005,0.001,0.0,0.626,0.374,101.325,0.3846154,571,298.15,0.9953955,0.0032734298,0.0013310631,0.0008188764,0.47550124,0.52368
,1-(3-hydroxypropyl)pyridinium dicyanamide,N#CN=C=[N-].OCCC[n+]1ccccc1,[OHC3Py][N(CN)2],hex-1-ene,C=CCCCC,alkene,hexane,CCCCCC,alkane,0.994,0.005,0.001,0.0,0.529,0.471,101.325,0.46153846,571,298.15,0.9948972,0.003629964,0.0014727421,0.00084315654,0.4821118,0.517045
,1-(3-hydroxypropyl)pyridinium dicyanamide,N#CN=C=[N-].OCCC[n+]1ccccc1,[OHC3Py][N(CN)2],hex-1-ene,C=CCCCC,alkene,hexane,CCCCCC,alkane,0.994,0.004,0.002,0.0,0.47,0.53,101.325,0.53846157,571,298.15,0.9943441,0.0040263776,0.001629555,0.000867919,0.4887599,0.5103722
,1-(3-hydroxypropyl)pyridinium dicyanamide,N#CN=C=[N-].OCCC[n+]1ccccc1,[OHC3Py][N(CN)2],hex-1-ene,C=CCCCC,alkene,hexane,CCCCCC,alkane,0.995,0.002,0.003,0.0,0.376,0.624,101.325,0.61538464,571,298.15,0.99373204,0.004465304,0.0018026064,0.00089318625,0.4954873,0.5036195
,1-(3-hydroxypropyl)pyridinium dicyanamide,N#CN=C=[N-].OCCC[n+]1ccccc1,[OHC3Py][N(CN)2],hex-1-ene,C=CCCCC,alkene,hexane,CCCCCC,alkane,0.995,0.002,0.003,0.0,0.295,0.705,101.325,0.6923077,571,298.15,0.9929705,0.0050046844,0.002024775,0.0009490346,0.502613,0.49643794
,1-(3-hydroxypropyl)pyridinium dicyanamide,N#CN=C=[N-].OCCC[n+]1ccccc1,[OHC3Py][N(CN)2],hex-1-ene,C=CCCCC,alkene,hexane,CCCCCC,alkane,0.99600005,0.0020000003,0.0020000003,0.0,0.219,0.781,101.325,0.7692308,571,298.15,0.99217165,0.0055742953,0.0022540034,0.0009917975,0.5095178,0.48949042
,1-(3-hydroxypropyl)pyridinium dicyanamide,N#CN=C=[N-].OCCC[n+]1ccccc1,[OHC3Py][N(CN)2],hex-1-ene,C=CCCCC,alkene,hexane,CCCCCC,alkane,0.996,0.001,0.003,0.0,0.12,0.88,101.325,0.84615386,571,298.15,0.99131846,0.0061863996,0.002495117,0.0010205812,0.51638365,0.4825957
,1-(3-hydroxypropyl)pyridinium dicyanamide,N#CN=C=[N-].OCCC[n+]1ccccc1,[OHC3Py][N(CN)2],hex-1-ene,C=CCCCC,alkene,hexane,CCCCCC,alkane,0.996,0.0,0.004,0.0,0.049,0.951,101.325,0.9230769,571,298.15,0.99044305,0.0068232846,0.0027337035,0.0010229428,0.5232228,0.47575426
,1-(3-hydroxypropyl)pyridinium dicyanamide,N#CN=C=[N-].OCCC[n+]1ccccc1,[OHC3Py][N(CN)2],hex-1-ene,C=CCCCC,alkene,hexane,CCCCCC,alkane,0.997,0.0,0.003,0.0,0.0,1.0,101.325,1.0,571,298.15,0.98952407,0.00750092,0.0029751188,0.0009997053,0.5302683,0.46873203
no,1-(3-hydroxypropyl)-3-methylimidazolium dicyanamide,C[n+]1ccn(CCCO)c1.N#CN=C=[N-],[OHC3MIm][N(CN)2],cyclohexene,C1=CCCCC1,alkene,cyclohexane,C1CCCCC1,cycloalkane,0.972,0.028,0.0,0.0,1.0,0.0,101.325,0.0,596,298.15,0.99388427,0.0041391845,0.001976524,0.0012266012,0.46029902,0.5384743
no,1-(3-hydroxypropyl)-3-methylimidazolium dicyanamide,C[n+]1ccn(CCCO)c1.N#CN=C=[N-],[OHC3MIm][N(CN)2],cyclohexene,C1=CCCCC1,alkene,cyclohexane,C1CCCCC1,cycloalkane,0.973,0.027,0.0,0.0,0.962,0.038,101.325,0.07692308,596,298.15,0.99321544,0.004590466,0.002194082,0.0012887814,0.46609297,0.5326183
no,1-(3-hydroxypropyl)-3-methylimidazolium dicyanamide,C[n+]1ccn(CCCO)c1.N#CN=C=[N-],[OHC3MIm][N(CN)2],cyclohexene,C1=CCCCC1,alkene,cyclohexane,C1CCCCC1,cycloalkane,0.973,0.026,0.001,0.0,0.878,0.122,101.325,0.15384616,596,298.15,0.99243414,0.005111849,0.0024540618,0.001381211,0.47205222,0.52656657
no,1-(3-hydroxypropyl)-3-methylimidazolium dicyanamide,C[n+]1ccn(CCCO)c1.N#CN=C=[N-],[OHC3MIm][N(CN)2],cyclohexene,C1=CCCCC1,alkene,cyclohexane,C1CCCCC1,cycloalkane,0.973,0.024,0.003,0.0,0.758,0.242,101.325,0.23076923,596,298.15,0.9916494,0.005646851,0.0027037438,0.0014218262,0.477777,0.5208011
no,1-(3-hydroxypropyl)-3-methylimidazolium dicyanamide,C[n+]1ccn(CCCO)c1.N#CN=C=[N-],[OHC3MIm][N(CN)2],cyclohexene,C1=CCCCC1,alkene,cyclohexane,C1CCCCC1,cycloalkane,0.974,0.022,0.004,0.0,0.677,0.323,101.325,0.30769232,596,298.15,0.99077976,0.0062398664,0.0029804246,0.0014641102,0.48356432,0.51497155
no,1-(3-hydroxypropyl)-3-methylimidazolium dicyanamide,C[n+]1ccn(CCCO)c1.N#CN=C=[N-],[OHC3MIm][N(CN)2],cyclohexene,C1=CCCCC1,alkene,cyclohexane,C1CCCCC1,cycloalkane,0.976,0.019,0.005,0.0,0.588,0.412,101.325,0.3846154,596,298.15,0.9902892,0.0066026766,0.0031081466,0.0013171639,0.48895502,0.5097278
no,1-(3-hydroxypropyl)-3-methylimidazolium dicyanamide,C[n+]1ccn(CCCO)c1.N#CN=C=[N-],[OHC3MIm][N(CN)2],cyclohexene,C1=CCCCC1,alkene,cyclohexane,C1CCCCC1,cycloalkane,0.977,0.017,0.006,0.0,0.541,0.459,101.325,0.46153846,596,298.15,0.98926836,0.007302972,0.0034286985,0.0013560391,0.4949262,0.5037177
no,1-(3-hydroxypropyl)-3-methylimidazolium dicyanamide,C[n+]1ccn(CCCO)c1.N#CN=C=[N-],[OHC3MIm][N(CN)2],cyclohexene,C1=CCCCC1,alkene,cyclohexane,C1CCCCC1,cycloalkane,0.98,0.013,0.007,0.0,0.434,0.566,101.325,0.53846157,596,298.15,0.98723245,0.00872139,0.0040461645,0.0016006064,0.4928943,0.5055051
no,1-(3-hydroxypropyl)-3-methylimidazolium dicyanamide,C[n+]1ccn(CCCO)c1.N#CN=C=[N-],[OHC3MIm][N(CN)2],cyclohexene,C1=CCCCC1,alkene,cyclohexane,C1CCCCC1,cycloalkane,0.98,0.012,0.008,0.0,0.355,0.645,101.325,0.61538464,596,298.15,0.98341066,0.011427848,0.00516147,0.002077714,0.4835393,0.51438296
no,1-(3-hydroxypropyl)-3-methylimidazolium dicyanamide,C[n+]1ccn(CCCO)c1.N#CN=C=[N-],[OHC3MIm][N(CN)2],cyclohexene,C1=CCCCC1,alkene,cyclohexane,C1CCCCC1,cycloalkane,0.982,0.009,0.009,0.0,0.29,0.71,101.325,0.6923077,596,298.15,0.9817084,0.012610736,0.005680825,0.0021402892,0.48965326,0.5082065
no,1-(3-hydroxypropyl)-3-methylimidazolium dicyanamide,C[n+]1ccn(CCCO)c1.N#CN=C=[N-],[OHC3MIm][N(CN)2],cyclohexene,C1=CCCCC1,alkene,cyclohexane,C1CCCCC1,cycloalkane,0.984,0.006,0.01,0.0,0.211,0.789,101.325,0.7692308,596,298.15,0.98116034,0.012943463,0.0058962186,0.002049199,0.5028105,0.4951404
no,1-(3-hydroxypropyl)-3-methylimidazolium dicyanamide,C[n+]1ccn(CCCO)c1.N#CN=C=[N-],[OHC3MIm][N(CN)2],cyclohexene,C1=CCCCC1,alkene,cyclohexane,C1CCCCC1,cycloalkane,0.984,0.005,0.011,0.0,0.153,0.847,101.325,0.84615386,596,298.15,0.9815119,0.012625947,0.005862183,0.0017231082,0.524117,0.47415993
no,1-(3-hydroxypropyl)-3-methylimidazolium dicyanamide,C[n+]1ccn(CCCO)c1.N#CN=C=[N-],[OHC3MIm][N(CN)2],cyclohexene,C1=CCCCC1,alkene,cyclohexane,C1CCCCC1,cycloalkane,0.986,0.001,0.013,0.0,0.063,0.937,101.325,0.9230769,596,298.15,0.9795893,0.013952844,0.0064578666,0.001772555,0.53012526,0.46810222
no,1-(3-hydroxypropyl)-3-methylimidazolium dicyanamide,C[n+]1ccn(CCCO)c1.N#CN=C=[N-],[OHC3MIm][N(CN)2],cyclohexene,C1=CCCCC1,alkene,cyclohexane,C1CCCCC1,cycloalkane,0.987,0.0,0.013,0.0,0.0,1.0,101.325,1.0,596,298.15,0.977466,0.015419397,0.0071146544,0.001823107,0.53621036,0.46196657
no,N-ethyl-N-methylmorpholinium dicyanamide,CC[N+]1(C)CCOCC1.N#CN=C=[N-],[C2MMor][N(CN)2],cyclohexane,C1CCCCC1,cycloalkane,cyclohexene,C1=CCCCC1,alkene,0.977,0.0,0.023,0.0,0.0,1.0,101.325,0.0,604,298.15,0.9956863,0.0014832816,0.002830389,0.0010032405,0.51810074,0.48089603
no,N-ethyl-N-methylmorpholinium dicyanamide,CC[N+]1(C)CCOCC1.N#CN=C=[N-],[C2MMor][N(CN)2],cyclohexane,C1CCCCC1,cycloalkane,cyclohexene,C1=CCCCC1,alkene,0.977,0.0,0.023,0.0,0.076,0.924,101.325,0.09090909,604,298.15,0.9952506,0.0016235054,0.003125863,0.0010246292,0.509538,0.48943737
no,N-ethyl-N-methylmorpholinium dicyanamide,CC[N+]1(C)CCOCC1.N#CN=C=[N-],[C2MMor][N(CN)2],cyclohexane,C1CCCCC1,cycloalkane,cyclohexene,C1=CCCCC1,alkene,0.977,0.001,0.022,0.0,0.135,0.865,101.325,0.18181819,604,298.15,0.9947239,0.001795043,0.0034810728,0.0010517078,0.50271165,0.4962366
no,N-ethyl-N-methylmorpholinium dicyanamide,CC[N+]1(C)CCOCC1.N#CN=C=[N-],[C2MMor][N(CN)2],cyclohexane,C1CCCCC1,cycloalkane,cyclohexene,C1=CCCCC1,alkene,0.978,0.001,0.021,0.0,0.226,0.774,101.325,0.27272728,604,298.15,0.9940911,0.0020023906,0.0039064554,0.0010909814,0.49765408,0.501255
no,N-ethyl-N-methylmorpholinium dicyanamide,CC[N+]1(C)CCOCC1.N#CN=C=[N-],[C2MMor][N(CN)2],cyclohexane,C1CCCCC1,cycloalkane,cyclohexene,C1=CCCCC1,alkene,0.979,0.003,0.018,0.0,0.341,0.659,101.325,0.36363637,604,298.15,0.9933822,0.002234378,0.0043834066,0.001131883,0.49260244,0.50626564
no,N-ethyl-N-methylmorpholinium dicyanamide,CC[N+]1(C)CCOCC1.N#CN=C=[N-],[C2MMor][N(CN)2],cyclohexane,C1CCCCC1,cycloalkane,cyclohexene,C1=CCCCC1,alkene,0.98,0.004,0.016,0.0,0.446,0.554,101.325,0.45454547,604,298.15,0.9925844,0.0024945228,0.0049210866,0.0011746301,0.48756072,0.5112646
no,N-ethyl-N-methylmorpholinium dicyanamide,CC[N+]1(C)CCOCC1.N#CN=C=[N-],[C2MMor][N(CN)2],cyclohexane,C1CCCCC1,cycloalkane,cyclohexene,C1=CCCCC1,alkene,0.983,0.004,0.013,0.0,0.547,0.453,101.325,0.54545456,604,298.15,0.99161184,0.0028216122,0.0055664633,0.0011615271,0.4735454,0.5252931
no,N-ethyl-N-methylmorpholinium dicyanamide,CC[N+]1(C)CCOCC1.N#CN=C=[N-],[C2MMor][N(CN)2],cyclohexane,C1CCCCC1,cycloalkane,cyclohexene,C1=CCCCC1,alkene,0.985,0.006,0.009,0.0,0.662,0.338,101.325,0.6363636,604,298.15,0.99059653,0.0031510254,0.0062524327,0.0012046762,0.46851984,0.5302755
no,N-ethyl-N-methylmorpholinium dicyanamide,CC[N+]1(C)CCOCC1.N#CN=C=[N-],[C2MMor][N(CN)2],cyclohexane,C1CCCCC1,cycloalkane,cyclohexene,C1=CCCCC1,alkene,0.987,0.007,0.006,0.0,0.771,0.229,101.325,0.72727275,604,298.15,0.9894573,0.0035189793,0.007023714,0.0012495602,0.46352845,0.53522193
no,N-ethyl-N-methylmorpholinium dicyanamide,CC[N+]1(C)CCOCC1.N#CN=C=[N-],[C2MMor][N(CN)2],cyclohexane,C1CCCCC1,cycloalkane,cyclohexene,C1=CCCCC1,alkene,0.989,0.008,0.003,0.0,0.871,0.129,101.325,0.8181818,604,298.15,0.9879497,0.004043324,0.008006935,0.0011183518,0.44791058,0.55097103
no,N-ethyl-N-methylmorpholinium dicyanamide,CC[N+]1(C)CCOCC1.N#CN=C=[N-],[C2MMor][N(CN)2],cyclohexane,C1CCCCC1,cycloalkane,cyclohexene,C1=CCCCC1,alkene,0.99,0.009,0.001,0.0,0.942,0.058,101.325,0.90909094,604,298.15,0.986909,0.0043481574,0.008742791,0.0012925987,0.46299425,0.53571314
no,N-ethyl-N-methylmorpholinium dicyanamide,CC[N+]1(C)CCOCC1.N#CN=C=[N-],[C2MMor][N(CN)2],cyclohexane,C1CCCCC1,cycloalkane,cyclohexene,C1=CCCCC1,alkene,0.991,0.009,0.0,0.0,1.0,0.0,101.325,1.0,604,298.15,0.9853338,0.0048539923,0.009812261,0.0013401419,0.45821062,0.54044926
,1-hexyl-3-methylimidazolium bis(trifluoromethylsulfonyl)imide,CCCCCCn1cc[n+](C)c1.O=S(=O)([N-]S(=O)(=O)C(F)(F)F)C(F)(F)F,[C6MIm][NTf2],cyclohexane,C1CCCCC1,cycloalkane,n-heptane,CCCCCCC,alkane,0.968,0.0,0.032,0.0,0.0,1.0,101.325,0.0,610,298.15,0.9628777,0.024885822,0.012236382,0.0022311418,0.409145,0.58862394
,1-hexyl-3-methylimidazolium bis(trifluoromethylsulfonyl)imide,CCCCCCn1cc[n+](C)c1.O=S(=O)([N-]S(=O)(=O)C(F)(F)F)C(F)(F)F,[C6MIm][NTf2],cyclohexane,C1CCCCC1,cycloalkane,n-heptane,CCCCCCC,alkane,0.961,0.012,0.027,0.0,0.165,0.835,101.325,0.125,610,298.15,0.9513443,0.03281457,0.015841099,0.002646066,0.40874445,0.58860946
,1-hexyl-3-methylimidazolium bis(trifluoromethylsulfonyl)imide,CCCCCCn1cc[n+](C)c1.O=S(=O)([N-]S(=O)(=O)C(F)(F)F)C(F)(F)F,[C6MIm][NTf2],cyclohexane,C1CCCCC1,cycloalkane,n-heptane,CCCCCCC,alkane,0.959,0.017,0.024,0.0,0.245,0.755,101.325,0.25,610,298.15,0.9430306,0.038450755,0.018518563,0.0027736095,0.41806173,0.5791646
,1-hexyl-3-methylimidazolium bis(trifluoromethylsulfonyl)imide,CCCCCCn1cc[n+](C)c1.O=S(=O)([N-]S(=O)(=O)C(F)(F)F)C(F)(F)F,[C6MIm][NTf2],cyclohexane,C1CCCCC1,cycloalkane,n-heptane,CCCCCCC,alkane,0.957,0.02,0.023,0.0,0.326,0.674,101.325,0.375,610,298.15,0.93757653,0.042325,0.020098412,0.0022160816,0.43492696,0.5628569
,1-hexyl-3-methylimidazolium bis(trifluoromethylsulfonyl)imide,CCCCCCn1cc[n+](C)c1.O=S(=O)([N-]S(=O)(=O)C(F)(F)F)C(F)(F)F,[C6MIm][NTf2],cyclohexane,C1CCCCC1,cycloalkane,n-heptane,CCCCCCC,alkane,0.956,0.023,0.021,0.0,0.422,0.578,101.325,0.5,610,298.15,0.9268885,0.049605645,0.023505902,0.0023204526,0.4445644,0.5531151
,1-hexyl-3-methylimidazolium bis(trifluoromethylsulfonyl)imide,CCCCCCn1cc[n+](C)c1.O=S(=O)([N-]S(=O)(=O)C(F)(F)F)C(F)(F)F,[C6MIm][NTf2],cyclohexane,C1CCCCC1,cycloalkane,n-heptane,CCCCCCC,alkane,0.953,0.027,0.02,0.0,0.519,0.481,101.325,0.625,610,298.15,0.9145364,0.058029674,0.027433842,0.0024317126,0.45435095,0.5432173
,1-hexyl-3-methylimidazolium bis(trifluoromethylsulfonyl)imide,CCCCCCn1cc[n+](C)c1.O=S(=O)([N-]S(=O)(=O)C(F)(F)F)C(F)(F)F,[C6MIm][NTf2],cyclohexane,C1CCCCC1,cycloalkane,n-heptane,CCCCCCC,alkane,0.95100003,0.033000004,0.016000003,0.0,0.615,0.385,101.325,0.75,610,298.15,0.9003972,0.067685194,0.031917643,0.0025450145,0.4642234,0.5332316
,1-hexyl-3-methylimidazolium bis(trifluoromethylsulfonyl)imide,CCCCCCn1cc[n+](C)c1.O=S(=O)([N-]S(=O)(=O)C(F)(F)F)C(F)(F)F,[C6MIm][NTf2],cyclohexane,C1CCCCC1,cycloalkane,n-heptane,CCCCCCC,alkane,0.947,0.041,0.012,0.0,0.707,0.293,101.325,0.875,610,298.15,0.8847595,0.07816807,0.037072424,0.0027970015,0.4738965,0.5233065
,1-hexyl-3-methylimidazolium bis(trifluoromethylsulfonyl)imide,CCCCCCn1cc[n+](C)c1.O=S(=O)([N-]S(=O)(=O)C(F)(F)F)C(F)(F)F,[C6MIm][NTf2],cyclohexane,C1CCCCC1,cycloalkane,n-heptane,CCCCCCC,alkane,0.944,0.047,0.009,0.0,0.807,0.193,101.325,1.0,610,298.15,0.86829406,0.08894837,0.042757593,0.0032016474,0.483603,0.51319534
,1-ethyl-3-methylimidazolium bis(trifluoromethylsulfonyl)imide,CCn1cc[n+](C)c1.O=S(=O)([N-]S(=O)(=O)C(F)(F)F)C(F)(F)F,[C2MIm][NTf2],vinyl butyrate,C=COC(=O)CCC,ester,n-hexane,CCCCCC,alkane,0.374,0.626,0.0,0.0,0.866,0.134,101.325,0.0,619,303.15,0.86590475,0.10665904,0.027436184,0.0046610534,0.23026067,0.76507825
,1-ethyl-3-methylimidazolium bis(trifluoromethylsulfonyl)imide,CCn1cc[n+](C)c1.O=S(=O)([N-]S(=O)(=O)C(F)(F)F)C(F)(F)F,[C2MIm][NTf2],vinyl butyrate,C=COC(=O)CCC,ester,n-hexane,CCCCCC,alkane,0.433,0.567,0.0,0.0,0.731,0.269,101.325,0.2,619,303.15,0.829592,0.1363032,0.034104783,0.004766774,0.26160958,0.7336237
,1-ethyl-3-methylimidazolium bis(trifluoromethylsulfonyl)imide,CCn1cc[n+](C)c1.O=S(=O)([N-]S(=O)(=O)C(F)(F)F)C(F)(F)F,[C2MIm][NTf2],vinyl butyrate,C=COC(=O)CCC,ester,n-hexane,CCCCCC,alkane,0.482,0.518,0.0,0.0,0.571,0.429,101.325,0.4,619,303.15,0.7883394,0.17068212,0.04097858,0.0044825813,0.29558942,0.699928
,1-ethyl-3-methylimidazolium bis(trifluoromethylsulfonyl)imide,CCn1cc[n+](C)c1.O=S(=O)([N-]S(=O)(=O)C(F)(F)F)C(F)(F)F,[C2MIm][NTf2],vinyl butyrate,C=COC(=O)CCC,ester,n-hexane,CCCCCC,alkane,0.639,0.361,0.0,0.0,0.407,0.593,101.325,0.6,619,303.15,0.73378336,0.21531756,0.050899066,0.004889752,0.3327674,0.66234285
,1-ethyl-3-methylimidazolium bis(trifluoromethylsulfonyl)imide,CCn1cc[n+](C)c1.O=S(=O)([N-]S(=O)(=O)C(F)(F)F)C(F)(F)F,[C2MIm][NTf2],vinyl butyrate,C=COC(=O)CCC,ester,n-hexane,CCCCCC,alkane,0.735,0.265,0.0,0.0,0.236,0.764,101.325,0.8,619,303.15,0.67134327,0.26662448,0.06203225,0.0052955206,0.37202838,0.6226761
,1-ethyl-3-methylimidazolium bis(trifluoromethylsulfonyl)imide,CCn1cc[n+](C)c1.O=S(=O)([N-]S(=O)(=O)C(F)(F)F)C(F)(F)F,[C2MIm][NTf2],vinyl butyrate,C=COC(=O)CCC,ester,n-hexane,CCCCCC,alkane,0.877,0.123,0.0,0.0,0.098,0.902,101.325,1.0,619,303.15,0.5886223,0.3344804,0.07689732,0.00561258,0.40686342,0.587524
,1-methyl-3-octyl-imidazolium tetrafluoroborate,CCCCCCCC[n+]1ccn(C)c1.F[B-](F)(F)F,[C8MIm][BF4],ethyl acetate,CCOC(C)=O,ester,n-hexane,CCCCCC,alkane,0.899,0.0,0.101,0.0,0.0,1.0,101.325,0.0,624,298.15,0.7797108,0.18834916,0.03193997,0.0054461136,0.23426616,0.76028764
,1-methyl-3-octyl-imidazolium tetrafluoroborate,CCCCCCCC[n+]1ccn(C)c1.F[B-](F)(F)F,[C8MIm][BF4],ethyl acetate,CCOC(C)=O,ester,n-hexane,CCCCCC,alkane,0.836,0.056,0.108,0.0,0.046,0.954,101.325,0.16666667,624,298.15,0.7351144,0.22677892,0.038106583,0.005910903,0.26398277,0.7301063
,1-methyl-3-octyl-imidazolium tetrafluoroborate,CCCCCCCC[n+]1ccn(C)c1.F[B-](F)(F)F,[C8MIm][BF4],ethyl acetate,CCOC(C)=O,ester,n-hexane,CCCCCC,alkane,0.662,0.224,0.114,0.0,0.15,0.85,101.325,0.33333334,624,298.15,0.6875091,0.2663768,0.046114106,0.008551888,0.30528086,0.6861672
,1-methyl-3-octyl-imidazolium tetrafluoroborate,CCCCCCCC[n+]1ccn(C)c1.F[B-](F)(F)F,[C8MIm][BF4],ethyl acetate,CCOC(C)=O,ester,n-hexane,CCCCCC,alkane,0.561,0.31,0.129,0.0,0.254,0.746,101.325,0.5,624,298.15,0.63465685,0.3118598,0.053483386,0.009153224,0.33901757,0.65182924
,1-methyl-3-octyl-imidazolium tetrafluoroborate,CCCCCCCC[n+]1ccn(C)c1.F[B-](F)(F)F,[C8MIm][BF4],ethyl acetate,CCOC(C)=O,ester,n-hexane,CCCCCC,alkane,0.459,0.408,0.133,0.001,0.413,0.586,101.325,0.6666667,624,298.15,0.5806051,0.35650042,0.062894545,0.012211134,0.36728522,0.6205036
,1-methyl-3-octyl-imidazolium tetrafluoroborate,CCCCCCCC[n+]1ccn(C)c1.F[B-](F)(F)F,[C8MIm][BF4],ethyl acetate,CCOC(C)=O,ester,n-hexane,CCCCCC,alkane,0.385,0.485,0.13,0.001,0.462,0.537,101.325,0.8333333,624,298.15,0.5264076,0.40203485,0.07155757,0.014398908,0.40008372,0.58551735
,1-methyl-3-octyl-imidazolium tetrafluoroborate,CCCCCCCC[n+]1ccn(C)c1.F[B-](F)(F)F,[C8MIm][BF4],ethyl acetate,CCOC(C)=O,ester,n-hexane,CCCCCC,alkane,0.341,0.529,0.13,0.0,0.573,0.427,101.325,1.0,624,298.15,0.4698981,0.45070937,0.07939244,0.0151373595,0.43628275,0.5485799
,1-octyl-3-methylimidazolium tetrafluoroborate,CCCCCCCCn1cc[n+](C)c1.F[B-](F)(F)F,[C8MIm][BF4],ethyl acetate,CCOC(C)=O,ester,hexane,CCCCCC,alkane,0.899,0.0,0.101,0.0,0.0,1.0,101.325,0.0,633,298.2,0.7781291,0.18691966,0.03495134,0.010197147,0.23890771,0.75089514
,1-octyl-3-methylimidazolium tetrafluoroborate,CCCCCCCCn1cc[n+](C)c1.F[B-](F)(F)F,[C8MIm][BF4],ethyl acetate,CCOC(C)=O,ester,hexane,CCCCCC,alkane,0.836,0.056,0.108,0.0,0.046,0.954,101.325,0.16666667,633,298.2,0.73615366,0.22261108,0.041235235,0.010991642,0.26748958,0.72151875
,1-octyl-3-methylimidazolium tetrafluoroborate,CCCCCCCCn1cc[n+](C)c1.F[B-](F)(F)F,[C8MIm][BF4],ethyl acetate,CCOC(C)=O,ester,hexane,CCCCCC,alkane,0.662,0.224,0.114,0.0,0.15,0.85,101.325,0.33333334,633,298.2,0.68904954,0.26274508,0.04820534,0.0118270535,0.29813522,0.6900377
,1-octyl-3-methylimidazolium tetrafluoroborate,CCCCCCCCn1cc[n+](C)c1.F[B-](F)(F)F,[C8MIm][BF4],ethyl acetate,CCOC(C)=O,ester,hexane,CCCCCC,alkane,0.561,0.31,0.129,0.0,0.254,0.746,101.325,0.5,633,298.2,0.6263387,0.3166835,0.056977734,0.011904946,0.3294529,0.6586422
,1-octyl-3-methylimidazolium tetrafluoroborate,CCCCCCCCn1cc[n+](C)c1.F[B-](F)(F)F,[C8MIm][BF4],ethyl acetate,CCOC(C)=O,ester,hexane,CCCCCC,alkane,0.459,0.408,0.133,0.001,0.413,0.586,101.325,0.6666667,633,298.2,0.57118326,0.36397764,0.06483907,0.0126797985,0.36388826,0.623432
,1-octyl-3-methylimidazolium tetrafluoroborate,CCCCCCCCn1cc[n+](C)c1.F[B-](F)(F)F,[C8MIm][BF4],ethyl acetate,CCOC(C)=O,ester,hexane,CCCCCC,alkane,0.385,0.485,0.13,0.001,0.462,0.537,101.325,0.8333333,633,298.2,0.51426065,0.4129198,0.072819546,0.013423886,0.3997415,0.5868346
,1-octyl-3-methylimidazolium tetrafluoroborate,CCCCCCCCn1cc[n+](C)c1.F[B-](F)(F)F,[C8MIm][BF4],ethyl acetate,CCOC(C)=O,ester,hexane,CCCCCC,alkane,0.341,0.529,0.13,0.0,0.573,0.427,101.325,1.0,633,298.2,0.45737362,0.46199378,0.080632515,0.014122439,0.436364,0.54951364
,1-hexyl-3-methylimidazolium bis(trifluoromethylsulfonyl)imide,CCCCCCn1cc[n+](C)c1.O=S(=O)([N-]S(=O)(=O)C(F)(F)F)C(F)(F)F,[C6MIm][NTf2],ethanol,CCO,alcohol,n-hexane,CCCCCC,alkane,0.818,0.0,0.182,0.0,0.0,1.0,101.325,0.0,642,298.15,0.64679384,0.29436222,0.05884393,0.0056674597,0.03994445,0.95438814
,1-hexyl-3-methylimidazolium bis(trifluoromethylsulfonyl)imide,CCCCCCn1cc[n+](C)c1.O=S(=O)([N-]S(=O)(=O)C(F)(F)F)C(F)(F)F,[C6MIm][NTf2],ethanol,CCO,alcohol,n-hexane,CCCCCC,alkane,0.613,0.226,0.161,0.0,0.012,0.988,101.325,0.125,642,298.15,0.6057406,0.32889766,0.06536172,0.00610392,0.044236302,0.9496597
,1-hexyl-3-methylimidazolium bis(trifluoromethylsulfonyl)imide,CCCCCCn1cc[n+](C)c1.O=S(=O)([N-]S(=O)(=O)C(F)(F)F)C(F)(F)F,[C6MIm][NTf2],ethanol,CCO,alcohol,n-hexane,CCCCCC,alkane,0.508,0.339,0.153,0.0,0.025,0.975,101.325,0.25,642,298.15,0.5632254,0.36472932,0.07204535,0.0065695248,0.048996232,0.94443417
,1-hexyl-3-methylimidazolium bis(trifluoromethylsulfonyl)imide,CCCCCCn1cc[n+](C)c1.O=S(=O)([N-]S(=O)(=O)C(F)(F)F)C(F)(F)F,[C6MIm][NTf2],ethanol,CCO,alcohol,n-hexane,CCCCCC,alkane,0.446,0.403,0.151,0.0,0.038,0.962,101.325,0.375,642,298.15,0.51981336,0.40137905,0.07880763,0.0070657074,0.054239374,0.93869495
,1-hexyl-3-methylimidazolium bis(trifluoromethylsulfonyl)imide,CCCCCCn1cc[n+](C)c1.O=S(=O)([N-]S(=O)(=O)C(F)(F)F)C(F)(F)F,[C6MIm][NTf2],ethanol,CCO,alcohol,n-hexane,CCCCCC,alkane,0.387,0.463,0.15,0.0,0.051,0.949,101.325,0.5,642,298.15,0.47614962,0.4383238,0.085526496,0.007595653,0.060055923,0.9323485
,1-hexyl-3-methylimidazolium bis(trifluoromethylsulfonyl)imide,CCCCCCn1cc[n+](C)c1.O=S(=O)([N-]S(=O)(=O)C(F)(F)F)C(F)(F)F,[C6MIm][NTf2],ethanol,CCO,alcohol,n-hexane,CCCCCC,alkane,0.323,0.524,0.153,0.0,0.069,0.931,101.325,0.625,642,298.15,0.4329676,0.47495803,0.09207444,0.00815645,0.066456206,0.9253874
,1-hexyl-3-methylimidazolium bis(trifluoromethylsulfonyl)imide,CCCCCCn1cc[n+](C)c1.O=S(=O)([N-]S(=O)(=O)C(F)(F)F)C(F)(F)F,[C6MIm][NTf2],ethanol,CCO,alcohol,n-hexane,CCCCCC,alkane,0.28,0.563,0.157,0.0,0.082,0.918,101.325,0.75,642,298.15,0.3908466,0.5107858,0.09836759,0.0087513905,0.073507875,0.9177407
,1-hexyl-3-methylimidazolium bis(trifluoromethylsulfonyl)imide,CCCCCCn1cc[n+](C)c1.O=S(=O)([N-]S(=O)(=O)C(F)(F)F)C(F)(F)F,[C6MIm][NTf2],ethanol,CCO,alcohol,n-hexane,CCCCCC,alkane,0.231,0.604,0.165,0.0,0.097,0.903,101.325,0.875,642,298.15,0.35038745,0.5452904,0.10432211,0.009379673,0.08126575,0.9093545
,1-hexyl-3-methylimidazolium bis(trifluoromethylsulfonyl)imide,CCCCCCn1cc[n+](C)c1.O=S(=O)([N-]S(=O)(=O)C(F)(F)F)C(F)(F)F,[C6MIm][NTf2],ethanol,CCO,alcohol,n-hexane,CCCCCC,alkane,0.193,0.632,0.175,0.0,0.127,0.873,101.325,1.0,642,298.15,0.312324,0.57709056,0.110585414,0.011263748,0.090539426,0.8981969
no,1-hexyl-3-methylimidazolium dicyanamide,CCCCCCn1cc[n+](C)c1.N#CN=C=[N-],[C6MIm][N(CN)2],ethanol,CCO,alcohol,n-hexane,CCCCCC,alkane,0.965,0.0,0.035,0.0,0.0,1.0,101.325,0.0,669,298.15,0.6045947,0.34763888,0.04776641,0.003249617,0.016225547,0.9805249
no,1-hexyl-3-methylimidazolium dicyanamide,CCCCCCn1cc[n+](C)c1.N#CN=C=[N-],[C6MIm][N(CN)2],ethanol,CCO,alcohol,n-hexane,CCCCCC,alkane,0.78000003,0.16300002,0.057000004,0.0,0.001,0.999,101.325,0.11111111,669,298.15,0.56616455,0.38167077,0.05216462,0.0034832326,0.01789253,0.97862417
no,1-hexyl-3-methylimidazolium dicyanamide,CCCCCCn1cc[n+](C)c1.N#CN=C=[N-],[C6MIm][N(CN)2],ethanol,CCO,alcohol,n-hexane,CCCCCC,alkane,0.593,0.333,0.074,0.0,0.005,0.995,101.325,0.22222222,669,298.15,0.529777,0.41437817,0.055844773,0.0035581817,0.01952036,0.9769215
no,1-hexyl-3-methylimidazolium dicyanamide,CCCCCCn1cc[n+](C)c1.N#CN=C=[N-],[C6MIm][N(CN)2],ethanol,CCO,alcohol,n-hexane,CCCCCC,alkane,0.458,0.472,0.07,0.0,0.009,0.991,101.325,0.33333334,669,298.15,0.4937296,0.44744018,0.058830228,0.0034578273,0.021702114,0.97484004
no,1-hexyl-3-methylimidazolium dicyanamide,CCCCCCn1cc[n+](C)c1.N#CN=C=[N-],[C6MIm][N(CN)2],ethanol,CCO,alcohol,n-hexane,CCCCCC,alkane,0.404,0.523,0.073,0.0,0.012,0.988,101.325,0.44444445,669,298.15,0.45430264,0.48259437,0.063102975,0.003708184,0.023968007,0.97232383
no,1-hexyl-3-methylimidazolium dicyanamide,CCCCCCn1cc[n+](C)c1.N#CN=C=[N-],[C6MIm][N(CN)2],ethanol,CCO,alcohol,n-hexane,CCCCCC,alkane,0.329,0.583,0.088,0.0,0.016,0.984,101.325,0.5555556,669,298.15,0.41530642,0.5174378,0.06725577,0.0039758673,0.026492193,0.969532
no,1-hexyl-3-methylimidazolium dicyanamide,CCCCCCn1cc[n+](C)c1.N#CN=C=[N-],[C6MIm][N(CN)2],ethanol,CCO,alcohol,n-hexane,CCCCCC,alkane,0.273,0.624,0.103,0.0,0.032,0.968,101.325,0.6666667,669,298.15,0.37748256,0.5503966,0.07212077,0.0045533176,0.029244253,0.96620244
no,1-hexyl-3-methylimidazolium dicyanamide,CCCCCCn1cc[n+](C)c1.N#CN=C=[N-],[C6MIm][N(CN)2],ethanol,CCO,alcohol,n-hexane,CCCCCC,alkane,0.225,0.661,0.114,0.0,0.049,0.951,101.325,0.7777778,669,298.15,0.34101248,0.5811787,0.07780884,0.0055559133,0.032435082,0.962009
no,1-hexyl-3-methylimidazolium dicyanamide,CCCCCCn1cc[n+](C)c1.N#CN=C=[N-],[C6MIm][N(CN)2],ethanol,CCO,alcohol,n-hexane,CCCCCC,alkane,0.201,0.679,0.12,0.0,0.065,0.935,101.325,0.8888889,669,298.15,0.30709183,0.61151147,0.081396654,0.005941992,0.035789434,0.9582685
no,1-hexyl-3-methylimidazolium dicyanamide,CCCCCCn1cc[n+](C)c1.N#CN=C=[N-],[C6MIm][N(CN)2],ethanol,CCO,alcohol,n-hexane,CCCCCC,alkane,0.115,0.727,0.158,0.0,0.086,0.914,101.325,1.0,669,298.15,0.2750385,0.64024407,0.08471745,0.0063529783,0.039515674,0.9541313
,1-butyl-1-methylpyrrolidinium trifluoromethanesulfonate,CCCC[N+]1(C)CCCC1.O=S(=O)([O-])C(F)(F)F,[C4MPyr][CF3SO3],ethanol,CCO,alcohol,n-heptane,CCCCCCC,alkane,0.956,0.0,0.044,0.0,0.0,1.0,101.325,0.0,685,298.15,0.6536914,0.30672657,0.039582,0.003414486,0.03150957,0.96507597
,1-butyl-1-methylpyrrolidinium trifluoromethanesulfonate,CCCC[N+]1(C)CCCC1.O=S(=O)([O-])C(F)(F)F,[C4MPyr][CF3SO3],ethanol,CCO,alcohol,n-heptane,CCCCCCC,alkane,0.81,0.15,0.04,0.0,0.014,0.986,101.325,0.125,685,298.15,0.612286,0.34365186,0.04406221,0.0036999534,0.035141353,0.96115863
,1-butyl-1-methylpyrrolidinium trifluoromethanesulfonate,CCCC[N+]1(C)CCCC1.O=S(=O)([O-])C(F)(F)F,[C4MPyr][CF3SO3],ethanol,CCO,alcohol,n-heptane,CCCCCCC,alkane,0.666,0.3,0.034,0.0,0.017,0.983,101.325,0.25,685,298.15,0.5691826,0.3821388,0.04867859,0.0040055485,0.039182007,0.95681244
,1-butyl-1-methylpyrrolidinium trifluoromethanesulfonate,CCCC[N+]1(C)CCCC1.O=S(=O)([O-])C(F)(F)F,[C4MPyr][CF3SO3],ethanol,CCO,alcohol,n-heptane,CCCCCCC,alkane,0.535,0.43,0.035,0.0,0.022,0.978,101.325,0.375,685,298.15,0.5251154,0.42155206,0.053332508,0.0043332516,0.043690827,0.9519759
,1-butyl-1-methylpyrrolidinium trifluoromethanesulfonate,CCCC[N+]1(C)CCCC1.O=S(=O)([O-])C(F)(F)F,[C4MPyr][CF3SO3],ethanol,CCO,alcohol,n-heptane,CCCCCCC,alkane,0.442,0.52,0.038,0.0,0.036,0.964,101.325,0.5,685,298.15,0.48071107,0.46131715,0.057971843,0.0046863137,0.048710983,0.94660276
,1-butyl-1-methylpyrrolidinium trifluoromethanesulfonate,CCCC[N+]1(C)CCCC1.O=S(=O)([O-])C(F)(F)F,[C4MPyr][CF3SO3],ethanol,CCO,alcohol,n-heptane,CCCCCCC,alkane,0.388,0.563,0.049,0.0,0.051,0.949,101.325,0.625,685,298.15,0.41754943,0.5201608,0.062289763,0.0045947996,0.05272583,0.9426793
,1-butyl-1-methylpyrrolidinium trifluoromethanesulfonate,CCCC[N+]1(C)CCCC1.O=S(=O)([O-])C(F)(F)F,[C4MPyr][CF3SO3],ethanol,CCO,alcohol,n-heptane,CCCCCCC,alkane,0.329,0.614,0.057,0.0,0.076,0.924,101.325,0.75,685,298.15,0.36609912,0.56776434,0.06613655,0.0047133174,0.058473077,0.93681353
,1-butyl-1-methylpyrrolidinium trifluoromethanesulfonate,CCCC[N+]1(C)CCCC1.O=S(=O)([O-])C(F)(F)F,[C4MPyr][CF3SO3],ethanol,CCO,alcohol,n-heptane,CCCCCCC,alkane,0.274,0.674,0.052,0.0,0.109,0.891,101.325,0.875,685,298.15,0.33755565,0.59378785,0.06865653,0.004894492,0.065324515,0.929781
,1-butyl-1-methylpyrrolidinium trifluoromethanesulfonate,CCCC[N+]1(C)CCCC1.O=S(=O)([O-])C(F)(F)F,[C4MPyr][CF3SO3],ethanol,CCO,alcohol,n-heptane,CCCCCCC,alkane,0.211,0.723,0.066,0.0,0.172,0.828,101.325,1.0,685,298.15,0.30464196,0.62376803,0.07159002,0.0051796534,0.07288148,0.92193884
,1-methyl-3-octyl-imidazolium hexafluorophosphate,CCCCCCCCn1cc[n+](C)c1.F[P-](F)(F)(F)(F)F,[C8MIm][PF6],ethanol,CCO,alcohol,n-heptane,CCCCCCC,alkane,0.649,0.252,0.099,0.0,0.011,0.989,101.325,0.0,694,298.15,0.5510796,0.36041954,0.08850085,0.013312919,0.15958288,0.82710415
,1-methyl-3-octyl-imidazolium hexafluorophosphate,CCCCCCCCn1cc[n+](C)c1.F[P-](F)(F)(F)(F)F,[C8MIm][PF6],ethanol,CCO,alcohol,n-heptane,CCCCCCC,alkane,0.57600003,0.32500002,0.09900001,0.0,0.046,0.954,101.325,0.16666667,694,298.15,0.4937669,0.40455857,0.1016745,0.016593095,0.177924,0.80548286
,1-methyl-3-octyl-imidazolium hexafluorophosphate,CCCCCCCCn1cc[n+](C)c1.F[P-](F)(F)(F)(F)F,[C8MIm][PF6],ethanol,CCO,alcohol,n-heptane,CCCCCCC,alkane,0.51600003,0.38500002,0.09900001,0.001,0.084,0.915,101.325,0.33333334,694,298.15,0.43906644,0.44750667,0.1134269,0.01906433,0.19760357,0.7833321
,1-methyl-3-octyl-imidazolium hexafluorophosphate,CCCCCCCCn1cc[n+](C)c1.F[P-](F)(F)(F)(F)F,[C8MIm][PF6],ethanol,CCO,alcohol,n-heptane,CCCCCCC,alkane,0.459,0.441,0.1,0.0,0.124,0.876,101.325,0.5,694,298.15,0.38674074,0.48993412,0.12332515,0.020307647,0.21889226,0.76080006
,1-methyl-3-octyl-imidazolium hexafluorophosphate,CCCCCCCCn1cc[n+](C)c1.F[P-](F)(F)(F)(F)F,[C8MIm][PF6],ethanol,CCO,alcohol,n-heptane,CCCCCCC,alkane,0.407,0.493,0.1,0.001,0.193,0.806,101.325,0.6666667,694,298.15,0.33994916,0.5319209,0.12812996,0.01711307,0.2289604,0.75392646
,1-methyl-3-octyl-imidazolium hexafluorophosphate,CCCCCCCCn1cc[n+](C)c1.F[P-](F)(F)(F)(F)F,[C8MIm][PF6],ethanol,CCO,alcohol,n-heptane,CCCCCCC,alkane,0.368,0.532,0.1,0.0,0.266,0.734,101.325,0.8333333,694,298.15,0.2946591,0.570901,0.13443993,0.016589392,0.25390172,0.7295089
,1-methyl-3-octyl-imidazolium hexafluorophosphate,CCCCCCCCn1cc[n+](C)c1.F[P-](F)(F)(F)(F)F,[C8MIm][PF6],ethanol,CCO,alcohol,n-heptane,CCCCCCC,alkane,0.334,0.564,0.102,0.001,0.336,0.663,101.325,1.0,694,298.15,0.25130206,0.6066733,0.14202465,0.01791317,0.28124657,0.70084023
,1-methyl-3-octyl-imidazolium bis(trifluoromethylsulfonyl)imide,CCCCCCCC[n+]1ccn(C)c1.O=S(=O)([N-]S(=O)(=O)C(F)(F)F)C(F)(F)F,[C8MIm][NTf2],2-propanol,CC(C)O,alcohol,water,O,water,0.659,0.0,0.341,0.0,0.0,1.0,101.325,0.0,737,298.15,0.44640547,0.2036926,0.3499019,0.010633218,0.022982469,0.9663843
,1-methyl-3-octyl-imidazolium bis(trifluoromethylsulfonyl)imide,CCCCCCCC[n+]1ccn(C)c1.O=S(=O)([N-]S(=O)(=O)C(F)(F)F)C(F)(F)F,[C8MIm][NTf2],2-propanol,CC(C)O,alcohol,water,O,water,0.447,0.152,0.401,0.0,0.022,0.978,101.325,0.125,737,298.15,0.382593,0.22229451,0.39511248,0.00838092,0.022805678,0.9688135
,1-methyl-3-octyl-imidazolium bis(trifluoromethylsulfonyl)imide,CCCCCCCC[n+]1ccn(C)c1.O=S(=O)([N-]S(=O)(=O)C(F)(F)F)C(F)(F)F,[C8MIm][NTf2],2-propanol,CC(C)O,alcohol,water,O,water,0.298,0.245,0.457,0.0,0.037,0.963,101.325,0.25,737,298.15,0.32711786,0.2400601,0.43282205,0.007371404,0.022744697,0.96988386
,1-methyl-3-octyl-imidazolium bis(trifluoromethylsulfonyl)imide,CCCCCCCC[n+]1ccn(C)c1.O=S(=O)([N-]S(=O)(=O)C(F)(F)F)C(F)(F)F,[C8MIm][NTf2],2-propanol,CC(C)O,alcohol,water,O,water,0.242,0.269,0.489,0.001,0.042,0.957,101.325,0.375,737,298.15,0.28533047,0.25238684,0.46228272,0.007135463,0.022012463,0.970852
,1-methyl-3-octyl-imidazolium bis(trifluoromethylsulfonyl)imide,CCCCCCCC[n+]1ccn(C)c1.O=S(=O)([N-]S(=O)(=O)C(F)(F)F)C(F)(F)F,[C8MIm][NTf2],2-propanol,CC(C)O,alcohol,water,O,water,0.181,0.284,0.535,0.0,0.055,0.945,101.325,0.5,737,298.15,0.24834065,0.26409954,0.48755983,0.0070825373,0.02149601,0.9714216
,1-methyl-3-octyl-imidazolium bis(trifluoromethylsulfonyl)imide,CCCCCCCC[n+]1ccn(C)c1.O=S(=O)([N-]S(=O)(=O)C(F)(F)F)C(F)(F)F,[C8MIm][NTf2],2-propanol,CC(C)O,alcohol,water,O,water,0.146,0.291,0.563,0.001,0.066,0.933,101.325,0.625,737,298.15,0.21610759,0.27537405,0.50851834,0.0072068507,0.021141829,0.9716513
,1-methyl-3-octyl-imidazolium bis(trifluoromethylsulfonyl)imide,CCCCCCCC[n+]1ccn(C)c1.O=S(=O)([N-]S(=O)(=O)C(F)(F)F)C(F)(F)F,[C8MIm][NTf2],2-propanol,CC(C)O,alcohol,water,O,water,0.11,0.287,0.603,0.001,0.076,0.923,101.325,0.75,737,298.15,0.18714926,0.28553203,0.5273187,0.0073325983,0.020806517,0.97186095
,1-methyl-3-octyl-imidazolium bis(trifluoromethylsulfonyl)imide,CCCCCCCC[n+]1ccn(C)c1.O=S(=O)([N-]S(=O)(=O)C(F)(F)F)C(F)(F)F,[C8MIm][NTf2],2-propanol,CC(C)O,alcohol,water,O,water,0.09,0.277,0.633,0.003,0.09,0.907,101.325,0.875,737,298.15,0.16137308,0.2946391,0.5439878,0.0074647563,0.020501807,0.9720334
,1-methyl-3-octyl-imidazolium bis(trifluoromethylsulfonyl)imide,CCCCCCCC[n+]1ccn(C)c1.O=S(=O)([N-]S(=O)(=O)C(F)(F)F)C(F)(F)F,[C8MIm][NTf2],2-propanol,CC(C)O,alcohol,water,O,water,0.069,0.262,0.669,0.004,0.103,0.893,101.325,1.0,737,298.15,0.1632446,0.29357553,0.54317987,0.009773522,0.020715345,0.96951103
,1-methyl-3-octyl-imidazolium bis(trifluoromethylsulfonyl)imide,CCCCCCCC[n+]1ccn(C)c1.O=S(=O)([N-]S(=O)(=O)C(F)(F)F)C(F)(F)F,[C8MIm][NTf2],1-butanol,CCCCO,alcohol,water,O,water,0.0262,0.6549,0.3189,0.000100009995,0.0,0.9999,101.325,0.14285715,738,298.15,0.36050186,0.2195257,0.41997245,0.008433585,0.029286055,0.9622804
,1-methyl-3-octyl-imidazolium bis(trifluoromethylsulfonyl)imide,CCCCCCCC[n+]1ccn(C)c1.O=S(=O)([N-]S(=O)(=O)C(F)(F)F)C(F)(F)F,[C8MIm][NTf2],1-butanol,CCCCO,alcohol,water,O,water,0.0512,0.7381,0.2107,0.00030003002,0.0,0.99969995,101.325,0.0,738,298.15,0.40967616,0.20276572,0.38755813,0.008318824,0.030214142,0.9614671
,1-methyl-3-octyl-imidazolium bis(trifluoromethylsulfonyl)imide,CCCCCCCC[n+]1ccn(C)c1.O=S(=O)([N-]S(=O)(=O)C(F)(F)F)C(F)(F)F,[C8MIm][NTf2],1-butanol,CCCCO,alcohol,water,O,water,0.095109515,0.7359736,0.1689169,0.0003,0.0,0.9997,101.325,0.2857143,738,298.15,0.31503433,0.23482046,0.45014516,0.008265368,0.02847714,0.9632574
,1-methyl-3-octyl-imidazolium bis(trifluoromethylsulfonyl)imide,CCCCCCCC[n+]1ccn(C)c1.O=S(=O)([N-]S(=O)(=O)C(F)(F)F)C(F)(F)F,[C8MIm][NTf2],1-butanol,CCCCO,alcohol,water,O,water,0.1172,0.6447,0.2381,0.0004,0.0,0.9996,101.325,0.42857143,738,298.15,0.27240115,0.24939544,0.47820342,0.008383532,0.02766372,0.9639528
,1-methyl-3-octyl-imidazolium bis(trifluoromethylsulfonyl)imide,CCCCCCCC[n+]1ccn(C)c1.O=S(=O)([N-]S(=O)(=O)C(F)(F)F)C(F)(F)F,[C8MIm][NTf2],1-butanol,CCCCO,alcohol,water,O,water,0.1568,0.5553,0.2879,0.0005,0.0,0.9995,101.325,0.5714286,738,298.15,0.23379445,0.26262116,0.5035843,0.008505808,0.026917726,0.9645765
,1-methyl-3-octyl-imidazolium bis(trifluoromethylsulfonyl)imide,CCCCCCCC[n+]1ccn(C)c1.O=S(=O)([N-]S(=O)(=O)C(F)(F)F)C(F)(F)F,[C8MIm][NTf2],1-butanol,CCCCO,alcohol,water,O,water,0.23037696,0.5432456,0.22637737,0.0005,0.0,0.9995,101.325,0.71428573,738,298.15,0.19748446,0.27521065,0.5273048,0.008551602,0.025954029,0.9654944
,1-methyl-3-octyl-imidazolium bis(trifluoromethylsulfonyl)imide,CCCCCCCC[n+]1ccn(C)c1.O=S(=O)([N-]S(=O)(=O)C(F)(F)F)C(F)(F)F,[C8MIm][NTf2],1-butanol,CCCCO,alcohol,water,O,water,0.3011,0.4894,0.2095,0.0005,0.0,0.9995,101.325,0.85714287,738,298.15,0.16656673,0.28598905,0.5474442,0.008637824,0.02518045,0.9661817
,1-methyl-3-octyl-imidazolium bis(trifluoromethylsulfonyl)imide,CCCCCCCC[n+]1ccn(C)c1.O=S(=O)([N-]S(=O)(=O)C(F)(F)F)C(F)(F)F,[C8MIm][NTf2],1-butanol,CCCCO,alcohol,water,O,water,0.375,0.4147,0.2103,0.0006,0.0,0.9994,101.325,1.0,738,298.15,0.14044675,0.29516557,0.56438774,0.008773156,0.024598997,0.96662796
,N-N-diethyl-N-methyl-N-(2-methoxyethyl)ammonium bis(trifluoromethylsulfonyl)imide,CC[N+](C)(CC)CCOC.O=S(=O)([N-]S(=O)(=O)C(F)(F)F)C(F)(F)F,"[N2,2,1,C2OC1][NTf2]",2-phenylethanol,OCCc1ccccc1,alcohol,water,O,water,0.62,0.0,0.38,0.0,0.0,1.0,101.325,0.0,756,308.15,0.44789636,0.25152352,0.30058014,0.004415,0.010935455,0.9846496
,N-N-diethyl-N-methyl-N-(2-methoxyethyl)ammonium bis(trifluoromethylsulfonyl)imide,CC[N+](C)(CC)CCOC.O=S(=O)([N-]S(=O)(=O)C(F)(F)F)C(F)(F)F,"[N2,2,1,C2OC1][NTf2]",2-phenylethanol,OCCc1ccccc1,alcohol,water,O,water,0.539,0.074,0.387,0.0,0.001,0.999,101.325,0.09090909,756,308.15,0.41672847,0.26595286,0.3173187,0.0046847286,0.011274256,0.984041
,N-N-diethyl-N-methyl-N-(2-methoxyethyl)ammonium bis(trifluoromethylsulfonyl)imide,CC[N+](C)(CC)CCOC.O=S(=O)([N-]S(=O)(=O)C(F)(F)F)C(F)(F)F,"[N2,2,1,C2OC1][NTf2]",2-phenylethanol,OCCc1ccccc1,alcohol,water,O,water,0.486,0.125,0.389,0.0,0.001,0.999,101.325,0.18181819,756,308.15,0.3904341,0.27767324,0.3318927,0.005194142,0.011652181,0.98315376
,N-N-diethyl-N-methyl-N-(2-methoxyethyl)ammonium bis(trifluoromethylsulfonyl)imide,CC[N+](C)(CC)CCOC.O=S(=O)([N-]S(=O)(=O)C(F)(F)F)C(F)(F)F,"[N2,2,1,C2OC1][NTf2]",2-phenylethanol,OCCc1ccccc1,alcohol,water,O,water,0.43,0.187,0.383,0.0,0.002,0.998,101.325,0.27272728,756,308.15,0.37079546,0.28600097,0.34320363,0.006156379,0.012187329,0.9816564
,N-N-diethyl-N-methyl-N-(2-methoxyethyl)ammonium bis(trifluoromethylsulfonyl)imide,CC[N+](C)(CC)CCOC.O=S(=O)([N-]S(=O)(=O)C(F)(F)F)C(F)(F)F,"[N2,2,1,C2OC1][NTf2]",2-phenylethanol,OCCc1ccccc1,alcohol,water,O,water,0.362,0.244,0.394,0.0,0.002,0.998,101.325,0.36363637,756,308.15,0.3418,0.29952115,0.35867885,0.006359022,0.012508755,0.9811322
,N-N-diethyl-N-methyl-N-(2-methoxyethyl)ammonium bis(trifluoromethylsulfonyl)imide,CC[N+](C)(CC)CCOC.O=S(=O)([N-]S(=O)(=O)C(F)(F)F)C(F)(F)F,"[N2,2,1,C2OC1][NTf2]",2-phenylethanol,OCCc1ccccc1,alcohol,water,O,water,0.311,0.31,0.379,0.0,0.003,0.997,101.325,0.45454547,756,308.15,0.31391564,0.31295583,0.37312853,0.0065525277,0.012834948,0.9806126
,N-N-diethyl-N-methyl-N-(2-methoxyethyl)ammonium bis(trifluoromethylsulfonyl)imide,CC[N+](C)(CC)CCOC.O=S(=O)([N-]S(=O)(=O)C(F)(F)F)C(F)(F)F,"[N2,2,1,C2OC1][NTf2]",2-phenylethanol,OCCc1ccccc1,alcohol,water,O,water,0.26,0.363,0.377,0.0,0.003,0.997,101.325,0.54545456,756,308.15,0.28731582,0.32628828,0.3863959,0.0067421617,0.013185213,0.98007274
,N-N-diethyl-N-methyl-N-(2-methoxyethyl)ammonium bis(trifluoromethylsulfonyl)imide,CC[N+](C)(CC)CCOC.O=S(=O)([N-]S(=O)(=O)C(F)(F)F)C(F)(F)F,"[N2,2,1,C2OC1][NTf2]",2-phenylethanol,OCCc1ccccc1,alcohol,water,O,water,0.199,0.413,0.388,0.0,0.003,0.997,101.325,0.6363636,756,308.15,0.2622336,0.3382263,0.3995402,0.006962118,0.013547699,0.9794902
,N-N-diethyl-N-methyl-N-(2-methoxyethyl)ammonium bis(trifluoromethylsulfonyl)imide,CC[N+](C)(CC)CCOC.O=S(=O)([N-]S(=O)(=O)C(F)(F)F)C(F)(F)F,"[N2,2,1,C2OC1][NTf2]",2-phenylethanol,OCCc1ccccc1,alcohol,water,O,water,0.117,0.471,0.412,0.0,0.004,0.996,101.325,0.72727275,756,308.15,0.22664885,0.35988742,0.41346374,0.0076634735,0.013543001,0.9787935
,N-N-diethyl-N-methyl-N-(2-methoxyethyl)ammonium bis(trifluoromethylsulfonyl)imide,CC[N+](C)(CC)CCOC.O=S(=O)([N-]S(=O)(=O)C(F)(F)F)C(F)(F)F,"[N2,2,1,C2OC1][NTf2]",2-phenylethanol,OCCc1ccccc1,alcohol,water,O,water,0.077,0.524,0.399,0.0,0.004,0.996,101.325,0.8181818,756,308.15,0.20043096,0.37551305,0.42405596,0.008087715,0.013989567,0.9779228
,N-N-diethyl-N-methyl-N-(2-methoxyethyl)ammonium bis(trifluoromethylsulfonyl)imide,CC[N+](C)(CC)CCOC.O=S(=O)([N-]S(=O)(=O)C(F)(F)F)C(F)(F)F,"[N2,2,1,C2OC1][NTf2]",2-phenylethanol,OCCc1ccccc1,alcohol,water,O,water,0.025,0.564,0.411,0.0,0.004,0.996,101.325,0.90909094,756,308.15,0.18128599,0.3850622,0.4336518,0.008353531,0.014388955,0.97725755
,N-N-diethyl-N-methyl-N-(2-methoxyethyl)ammonium bis(trifluoromethylsulfonyl)imide,CC[N+](C)(CC)CCOC.O=S(=O)([N-]S(=O)(=O)C(F)(F)F)C(F)(F)F,"[N2,2,1,C2OC1][NTf2]",2-phenylethanol,OCCc1ccccc1,alcohol,water,O,water,0.0,0.582,0.418,0.0,0.004,0.996,101.325,1.0,756,308.15,0.16367137,0.39393052,0.44239813,0.008628288,0.014801889,0.97656983
,triethyl(octyl)ammonium bis(trifluoromethylsulfonyl)imide,CCCCCCCC[N+](CC)(CC)CC.O=S(=O)([N-]S(=O)(=O)C(F)(F)F)C(F)(F)F,[N8222][NTf2],1-butanol,CCCCO,alcohol,water,O,water,0.641,0.0,0.359,0.0,0.0,1.0,101.325,0.0,764,298.15,0.46848175,0.23270896,0.29880932,0.0073442617,0.011818318,0.9808374
,triethyl(octyl)ammonium bis(trifluoromethylsulfonyl)imide,CCCCCCCC[N+](CC)(CC)CC.O=S(=O)([N-]S(=O)(=O)C(F)(F)F)C(F)(F)F,[N8222][NTf2],1-butanol,CCCCO,alcohol,water,O,water,0.634,0.009,0.357,0.0,0.001,0.999,101.325,0.04347826,764,298.15,0.4612075,0.23475888,0.3040337,0.0071759447,0.011962389,0.9808616
,triethyl(octyl)ammonium bis(trifluoromethylsulfonyl)imide,CCCCCCCC[N+](CC)(CC)CC.O=S(=O)([N-]S(=O)(=O)C(F)(F)F)C(F)(F)F,[N8222][NTf2],1-butanol,CCCCO,alcohol,water,O,water,0.62,0.029,0.351,0.0,0.002,0.998,101.325,0.08695652,764,298.15,0.4463301,0.24132042,0.31234944,0.007222792,0.011929901,0.98084736
,triethyl(octyl)ammonium bis(trifluoromethylsulfonyl)imide,CCCCCCCC[N+](CC)(CC)CC.O=S(=O)([N-]S(=O)(=O)C(F)(F)F)C(F)(F)F,[N8222][NTf2],1-butanol,CCCCO,alcohol,water,O,water,0.603,0.051,0.346,0.0,0.004,0.996,101.325,0.13043478,764,298.15,0.4315488,0.24785464,0.32059655,0.007272026,0.011901342,0.9808266
,triethyl(octyl)ammonium bis(trifluoromethylsulfonyl)imide,CCCCCCCC[N+](CC)(CC)CC.O=S(=O)([N-]S(=O)(=O)C(F)(F)F)C(F)(F)F,[N8222][NTf2],1-butanol,CCCCO,alcohol,water,O,water,0.585,0.071,0.344,0.0,0.004,0.996,101.325,0.17391305,764,298.15,0.41695765,0.25430745,0.32873487,0.00732237,0.011876442,0.98080117
,triethyl(octyl)ammonium bis(trifluoromethylsulfonyl)imide,CCCCCCCC[N+](CC)(CC)CC.O=S(=O)([N-]S(=O)(=O)C(F)(F)F)C(F)(F)F,[N8222][NTf2],1-butanol,CCCCO,alcohol,water,O,water,0.544,0.119,0.337,0.0,0.007,0.993,101.325,0.2173913,764,298.15,0.40255958,0.2606747,0.3367657,0.007372289,0.011850335,0.98077744
,triethyl(octyl)ammonium bis(trifluoromethylsulfonyl)imide,CCCCCCCC[N+](CC)(CC)CC.O=S(=O)([N-]S(=O)(=O)C(F)(F)F)C(F)(F)F,[N8222][NTf2],1-butanol,CCCCO,alcohol,water,O,water,0.53,0.135,0.335,0.0,0.008,0.992,101.325,0.26086956,764,298.15,0.3882515,0.26703817,0.34471035,0.007421459,0.011827291,0.98075116
,triethyl(octyl)ammonium bis(trifluoromethylsulfonyl)imide,CCCCCCCC[N+](CC)(CC)CC.O=S(=O)([N-]S(=O)(=O)C(F)(F)F)C(F)(F)F,[N8222][NTf2],1-butanol,CCCCO,alcohol,water,O,water,0.491,0.174,0.335,0.0,0.009,0.991,101.325,0.3043478,764,298.15,0.3741976,0.2732646,0.35253772,0.007472604,0.011803352,0.980724
,triethyl(octyl)ammonium bis(trifluoromethylsulfonyl)imide,CCCCCCCC[N+](CC)(CC)CC.O=S(=O)([N-]S(=O)(=O)C(F)(F)F)C(F)(F)F,[N8222][NTf2],1-butanol,CCCCO,alcohol,water,O,water,0.481,0.186,0.333,0.0,0.01,0.99,101.325,0.3478261,764,298.15,0.35574958,0.2817447,0.36250576,0.006999038,0.011479905,0.98152107
,triethyl(octyl)ammonium bis(trifluoromethylsulfonyl)imide,CCCCCCCC[N+](CC)(CC)CC.O=S(=O)([N-]S(=O)(=O)C(F)(F)F)C(F)(F)F,[N8222][NTf2],1-butanol,CCCCO,alcohol,water,O,water,0.431,0.234,0.335,0.0,0.011,0.989,101.325,0.39130434,764,298.15,0.34046412,0.288663,0.3708729,0.006728057,0.01147329,0.9817987
,triethyl(octyl)ammonium bis(trifluoromethylsulfonyl)imide,CCCCCCCC[N+](CC)(CC)CC.O=S(=O)([N-]S(=O)(=O)C(F)(F)F)C(F)(F)F,[N8222][NTf2],1-butanol,CCCCO,alcohol,water,O,water,0.408,0.256,0.336,0.0,0.012,0.988,101.325,0.4347826,764,298.15,0.3270526,0.2946063,0.37834114,0.0067749396,0.011456882,0.98176813
,triethyl(octyl)ammonium bis(trifluoromethylsulfonyl)imide,CCCCCCCC[N+](CC)(CC)CC.O=S(=O)([N-]S(=O)(=O)C(F)(F)F)C(F)(F)F,[N8222][NTf2],1-butanol,CCCCO,alcohol,water,O,water,0.363,0.297,0.34,0.0,0.014,0.986,101.325,0.47826087,764,298.15,0.31395254,0.30046174,0.38558576,0.0068253777,0.0114368405,0.9817378
,triethyl(octyl)ammonium bis(trifluoromethylsulfonyl)imide,CCCCCCCC[N+](CC)(CC)CC.O=S(=O)([N-]S(=O)(=O)C(F)(F)F)C(F)(F)F,[N8222][NTf2],1-butanol,CCCCO,alcohol,water,O,water,0.32000002,0.33200002,0.34800002,0.0,0.014,0.986,101.325,0.5217391,764,298.15,0.2934068,0.31406114,0.39253205,0.007988874,0.011720547,0.98029053
,triethyl(octyl)ammonium bis(trifluoromethylsulfonyl)imide,CCCCCCCC[N+](CC)(CC)CC.O=S(=O)([N-]S(=O)(=O)C(F)(F)F)C(F)(F)F,[N8222][NTf2],1-butanol,CCCCO,alcohol,water,O,water,0.275,0.367,0.358,0.0,0.015,0.985,101.325,0.5652174,764,298.15,0.28141138,0.31949848,0.39909008,0.008046583,0.011709245,0.98024416
,triethyl(octyl)ammonium bis(trifluoromethylsulfonyl)imide,CCCCCCCC[N+](CC)(CC)CC.O=S(=O)([N-]S(=O)(=O)C(F)(F)F)C(F)(F)F,[N8222][NTf2],1-butanol,CCCCO,alcohol,water,O,water,0.248,0.385,0.367,0.0,0.015,0.985,101.325,0.6086956,764,298.15,0.2696488,0.32484403,0.40550715,0.008102911,0.0116949715,0.98020214
,triethyl(octyl)ammonium bis(trifluoromethylsulfonyl)imide,CCCCCCCC[N+](CC)(CC)CC.O=S(=O)([N-]S(=O)(=O)C(F)(F)F)C(F)(F)F,[N8222][NTf2],1-butanol,CCCCO,alcohol,water,O,water,0.224,0.398,0.378,0.0,0.016,0.984,101.325,0.65217394,764,298.15,0.25826102,0.33004507,0.41169384,0.008159141,0.011684054,0.9801569
,triethyl(octyl)ammonium bis(trifluoromethylsulfonyl)imide,CCCCCCCC[N+](CC)(CC)CC.O=S(=O)([N-]S(=O)(=O)C(F)(F)F)C(F)(F)F,[N8222][NTf2],1-butanol,CCCCO,alcohol,water,O,water,0.174,0.423,0.403,0.0,0.017,0.983,101.325,0.6956522,764,298.15,0.26137456,0.32418543,0.41443998,0.00814703,0.01173272,0.98012036
,triethyl(octyl)ammonium bis(trifluoromethylsulfonyl)imide,CCCCCCCC[N+](CC)(CC)CC.O=S(=O)([N-]S(=O)(=O)C(F)(F)F)C(F)(F)F,[N8222][NTf2],1-butanol,CCCCO,alcohol,water,O,water,0.141,0.434,0.425,0.0,0.018,0.982,101.325,0.73913044,764,298.15,0.25026405,0.32925165,0.42048433,0.008206044,0.011725047,0.9800689
,triethyl(octyl)ammonium bis(trifluoromethylsulfonyl)imide,CCCCCCCC[N+](CC)(CC)CC.O=S(=O)([N-]S(=O)(=O)C(F)(F)F)C(F)(F)F,[N8222][NTf2],1-butanol,CCCCO,alcohol,water,O,water,0.095,0.45,0.455,0.0,0.019,0.981,101.325,0.7826087,764,298.15,0.23943648,0.33417878,0.42638484,0.008264286,0.01171826,0.98001754
,triethyl(octyl)ammonium bis(trifluoromethylsulfonyl)imide,CCCCCCCC[N+](CC)(CC)CC.O=S(=O)([N-]S(=O)(=O)C(F)(F)F)C(F)(F)F,[N8222][NTf2],1-butanol,CCCCO,alcohol,water,O,water,0.063,0.455,0.482,0.0,0.019,0.981,101.325,0.82608694,764,298.15,0.22893965,0.33899766,0.43206263,0.0083220415,0.011710374,0.9799676
,triethyl(octyl)ammonium bis(trifluoromethylsulfonyl)imide,CCCCCCCC[N+](CC)(CC)CC.O=S(=O)([N-]S(=O)(=O)C(F)(F)F)C(F)(F)F,[N8222][NTf2],1-butanol,CCCCO,alcohol,water,O,water,0.04,0.455,0.505,0.0,0.02,0.98,101.325,0.8695652,764,298.15,0.21883209,0.34361607,0.43755183,0.008383227,0.011712515,0.9799042
,triethyl(octyl)ammonium bis(trifluoromethylsulfonyl)imide,CCCCCCCC[N+](CC)(CC)CC.O=S(=O)([N-]S(=O)(=O)C(F)(F)F)C(F)(F)F,[N8222][NTf2],1-butanol,CCCCO,alcohol,water,O,water,0.036,0.451,0.513,0.0,0.02,0.98,101.325,0.9130435,764,298.15,0.20903146,0.3481388,0.4428298,0.0084428815,0.01170978,0.9798473
,triethyl(octyl)ammonium bis(trifluoromethylsulfonyl)imide,CCCCCCCC[N+](CC)(CC)CC.O=S(=O)([N-]S(=O)(=O)C(F)(F)F)C(F)(F)F,[N8222][NTf2],1-butanol,CCCCO,alcohol,water,O,water,0.01,0.458,0.532,0.0,0.02,0.98,101.325,0.95652175,764,298.15,0.19961543,0.35247475,0.4479098,0.0085038375,0.011709282,0.9797869
,triethyl(octyl)ammonium bis(trifluoromethylsulfonyl)imide,CCCCCCCC[N+](CC)(CC)CC.O=S(=O)([N-]S(=O)(=O)C(F)(F)F)C(F)(F)F,[N8222][NTf2],1-butanol,CCCCO,alcohol,water,O,water,0.0,0.486,0.514,0.0,0.02,0.98,101.325,1.0,764,298.15,0.19047911,0.35671946,0.4528014,0.008565564,0.01170981,0.97972465
,methyltrioctylammonium bis(trifluoromethylsulfonyl)imide,CCCCCCCC[N+](C)(CCCCCCCC)CCCCCCCC.O=S(=O)([N-]S(=O)(=O)C(F)(F)F)C(F)(F)F,[N8881][NTf2],2-phenylethanol,OCCc1ccccc1,alcohol,water,O,water,0.922,0.0,0.078,0.0,0.0,1.0,101.325,0.0,767,308.15,0.26016244,0.37706998,0.36276758,0.0037435591,0.008183929,0.98807263
,methyltrioctylammonium bis(trifluoromethylsulfonyl)imide,CCCCCCCC[N+](C)(CCCCCCCC)CCCCCCCC.O=S(=O)([N-]S(=O)(=O)C(F)(F)F)C(F)(F)F,[N8881][NTf2],2-phenylethanol,OCCc1ccccc1,alcohol,water,O,water,0.731,0.137,0.132,0.0,0.001,0.999,101.325,0.1,767,308.15,0.22105584,0.39287966,0.3860645,0.0028910276,0.008192335,0.98891675
,methyltrioctylammonium bis(trifluoromethylsulfonyl)imide,CCCCCCCC[N+](C)(CCCCCCCC)CCCCCCCC.O=S(=O)([N-]S(=O)(=O)C(F)(F)F)C(F)(F)F,[N8881][NTf2],2-phenylethanol,OCCc1ccccc1,alcohol,water,O,water,0.66,0.19,0.15,0.0,0.001,0.999,101.325,0.2,767,308.15,0.20680413,0.40322766,0.38996825,0.0038517262,0.008565291,0.987583
,methyltrioctylammonium bis(trifluoromethylsulfonyl)imide,CCCCCCCC[N+](C)(CCCCCCCC)CCCCCCCC.O=S(=O)([N-]S(=O)(=O)C(F)(F)F)C(F)(F)F,[N8881][NTf2],2-phenylethanol,OCCc1ccccc1,alcohol,water,O,water,0.386,0.41,0.204,0.0,0.002,0.998,101.325,0.3,767,308.15,0.20478249,0.41096404,0.3842534,0.006757657,0.009331327,0.98391104
,methyltrioctylammonium bis(trifluoromethylsulfonyl)imide,CCCCCCCC[N+](C)(CCCCCCCC)CCCCCCCC.O=S(=O)([N-]S(=O)(=O)C(F)(F)F)C(F)(F)F,[N8881][NTf2],2-phenylethanol,OCCc1ccccc1,alcohol,water,O,water,0.212,0.555,0.233,0.0,0.003,0.997,101.325,0.4,767,308.15,0.18413788,0.42229486,0.3935673,0.0069673937,0.009594926,0.98343766
,methyltrioctylammonium bis(trifluoromethylsulfonyl)imide,CCCCCCCC[N+](C)(CCCCCCCC)CCCCCCCC.O=S(=O)([N-]S(=O)(=O)C(F)(F)F)C(F)(F)F,[N8881][NTf2],2-phenylethanol,OCCc1ccccc1,alcohol,water,O,water,0.2,0.562,0.238,0.0,0.003,0.997,101.325,0.5,767,308.15,0.15903072,0.43627948,0.40468982,0.007045318,0.00986907,0.98308563
,methyltrioctylammonium bis(trifluoromethylsulfonyl)imide,CCCCCCCC[N+](C)(CCCCCCCC)CCCCCCCC.O=S(=O)([N-]S(=O)(=O)C(F)(F)F)C(F)(F)F,[N8881][NTf2],2-phenylethanol,OCCc1ccccc1,alcohol,water,O,water,0.192,0.564,0.244,0.0,0.003,0.997,101.325,0.6,767,308.15,0.13180386,0.45214027,0.41605592,0.006990303,0.010232015,0.9827776
,methyltrioctylammonium bis(trifluoromethylsulfonyl)imide,CCCCCCCC[N+](C)(CCCCCCCC)CCCCCCCC.O=S(=O)([N-]S(=O)(=O)C(F)(F)F)C(F)(F)F,[N8881][NTf2],2-phenylethanol,OCCc1ccccc1,alcohol,water,O,water,0.13,0.596,0.274,0.0,0.003,0.997,101.325,0.7,767,308.15,0.11744051,0.46039653,0.42216298,0.007212436,0.010539738,0.98224777
,methyltrioctylammonium bis(trifluoromethylsulfonyl)imide,CCCCCCCC[N+](C)(CCCCCCCC)CCCCCCCC.O=S(=O)([N-]S(=O)(=O)C(F)(F)F)C(F)(F)F,[N8881][NTf2],2-phenylethanol,OCCc1ccccc1,alcohol,water,O,water,0.105,0.605,0.29,0.0,0.003,0.997,101.325,0.8,767,308.15,0.09960231,0.4729955,0.4274022,0.0065180385,0.010139782,0.98334205
,methyltrioctylammonium bis(trifluoromethylsulfonyl)imide,CCCCCCCC[N+](C)(CCCCCCCC)CCCCCCCC.O=S(=O)([N-]S(=O)(=O)C(F)(F)F)C(F)(F)F,[N8881][NTf2],2-phenylethanol,OCCc1ccccc1,alcohol,water,O,water,0.042,0.627,0.331,0.0,0.003,0.997,101.325,0.9,767,308.15,0.08421142,0.48596206,0.4298265,0.005311364,0.010012093,0.98467654
,methyltrioctylammonium bis(trifluoromethylsulfonyl)imide,CCCCCCCC[N+](C)(CCCCCCCC)CCCCCCCC.O=S(=O)([N-]S(=O)(=O)C(F)(F)F)C(F)(F)F,[N8881][NTf2],2-phenylethanol,OCCc1ccccc1,alcohol,water,O,water,0.0,0.582,0.418,0.0,0.004,0.996,101.325,1.0,767,308.15,0.07852489,0.48931804,0.43215704,0.0062464825,0.011054083,0.9826994
,1-decyl-3-methylimidazolium tetracyanoborate,CCCCCCCCCCn1cc[n+](C)c1.N#C[B-](C#N)(C#N)C#N,[C10MIm][B(CN)4],2-phenylethanol,OCCc1ccccc1,alcohol,water,O,water,0.627,0.0,0.373,0.0,0.0,1.0,101.325,0.0,778,308.15,0.32239726,0.30485052,0.37275228,0.0053205104,0.006318091,0.9883614
,1-decyl-3-methylimidazolium tetracyanoborate,CCCCCCCCCCn1cc[n+](C)c1.N#C[B-](C#N)(C#N)C#N,[C10MIm][B(CN)4],2-phenylethanol,OCCc1ccccc1,alcohol,water,O,water,0.586,0.069,0.345,0.0,0.0,1.0,101.325,0.09090909,778,308.15,0.2958053,0.31674504,0.38744965,0.0053158943,0.006464613,0.9882194
,1-decyl-3-methylimidazolium tetracyanoborate,CCCCCCCCCCn1cc[n+](C)c1.N#C[B-](C#N)(C#N)C#N,[C10MIm][B(CN)4],2-phenylethanol,OCCc1ccccc1,alcohol,water,O,water,0.536,0.131,0.333,0.0,0.0,1.0,101.325,0.18181819,778,308.15,0.2697984,0.3280784,0.40212318,0.0051811235,0.006615325,0.9882036
,1-decyl-3-methylimidazolium tetracyanoborate,CCCCCCCCCCn1cc[n+](C)c1.N#C[B-](C#N)(C#N)C#N,[C10MIm][B(CN)4],2-phenylethanol,OCCc1ccccc1,alcohol,water,O,water,0.495,0.179,0.326,0.0,0.001,0.999,101.325,0.27272728,778,308.15,0.24616721,0.3391049,0.4147279,0.0053371526,0.006786492,0.9878763
,1-decyl-3-methylimidazolium tetracyanoborate,CCCCCCCCCCn1cc[n+](C)c1.N#C[B-](C#N)(C#N)C#N,[C10MIm][B(CN)4],2-phenylethanol,OCCc1ccccc1,alcohol,water,O,water,0.448,0.236,0.316,0.0,0.001,0.999,101.325,0.36363637,778,308.15,0.22396013,0.34951556,0.4265243,0.0055069225,0.0069692475,0.9875238
,1-decyl-3-methylimidazolium tetracyanoborate,CCCCCCCCCCn1cc[n+](C)c1.N#C[B-](C#N)(C#N)C#N,[C10MIm][B(CN)4],2-phenylethanol,OCCc1ccccc1,alcohol,water,O,water,0.387,0.289,0.324,0.0,0.002,0.998,101.325,0.45454547,778,308.15,0.20339654,0.3592232,0.4373803,0.0056616473,0.007149727,0.9871885
,1-decyl-3-methylimidazolium tetracyanoborate,CCCCCCCCCCn1cc[n+](C)c1.N#C[B-](C#N)(C#N)C#N,[C10MIm][B(CN)4],2-phenylethanol,OCCc1ccccc1,alcohol,water,O,water,0.326,0.349,0.325,0.0,0.002,0.998,101.325,0.54545456,778,308.15,0.184394,0.3683005,0.4473055,0.0058203298,0.0073368466,0.98684293
,1-decyl-3-methylimidazolium tetracyanoborate,CCCCCCCCCCn1cc[n+](C)c1.N#C[B-](C#N)(C#N)C#N,[C10MIm][B(CN)4],2-phenylethanol,OCCc1ccccc1,alcohol,water,O,water,0.255,0.411,0.334,0.0,0.003,0.997,101.325,0.6363636,778,308.15,0.16683234,0.3767372,0.45643038,0.005986746,0.00753876,0.98647445
,1-decyl-3-methylimidazolium tetracyanoborate,CCCCCCCCCCn1cc[n+](C)c1.N#C[B-](C#N)(C#N)C#N,[C10MIm][B(CN)4],2-phenylethanol,OCCc1ccccc1,alcohol,water,O,water,0.188,0.462,0.35,0.0,0.004,0.996,101.325,0.72727275,778,308.15,0.15204707,0.38375515,0.4641978,0.006290142,0.0077733067,0.98593664
,1-decyl-3-methylimidazolium tetracyanoborate,CCCCCCCCCCn1cc[n+](C)c1.N#C[B-](C#N)(C#N)C#N,[C10MIm][B(CN)4],2-phenylethanol,OCCc1ccccc1,alcohol,water,O,water,0.118,0.521,0.361,0.0,0.004,0.996,101.325,0.8181818,778,308.15,0.13773595,0.3906985,0.47156554,0.006539032,0.008006218,0.9854548
,1-decyl-3-methylimidazolium tetracyanoborate,CCCCCCCCCCn1cc[n+](C)c1.N#C[B-](C#N)(C#N)C#N,[C10MIm][B(CN)4],2-phenylethanol,OCCc1ccccc1,alcohol,water,O,water,0.068,0.56,0.372,0.0,0.004,0.996,101.325,0.90909094,778,308.15,0.12414655,0.39749566,0.47835788,0.0067231986,0.008232515,0.98504424
,1-decyl-3-methylimidazolium tetracyanoborate,CCCCCCCCCCn1cc[n+](C)c1.N#C[B-](C#N)(C#N)C#N,[C10MIm][B(CN)4],2-phenylethanol,OCCc1ccccc1,alcohol,water,O,water,0.029000001,0.58100003,0.39000002,0.0,0.004,0.996,101.325,1.0,778,308.15,0.11179337,0.40393043,0.48427624,0.0068708463,0.008470566,0.9846586
,1-dodecyl-3-methylimidazolium bis(trifluoromethylsulfonyl)imide,CCCCCCCCCCCCn1cc[n+](C)c1.O=S(=O)([N-]S(=O)(=O)C(F)(F)F)C(F)(F)F,[C12MIm]][NTf2],butan-1-ol,CCCCO,alcohol,water,O,water,0.5899,0.0,0.4101,0.0,0.0,1.0,101.325,0.0,786,298.15,0.4538645,0.22986558,0.3162699,0.008935474,0.016359057,0.9747055
,1-dodecyl-3-methylimidazolium bis(trifluoromethylsulfonyl)imide,CCCCCCCCCCCCn1cc[n+](C)c1.O=S(=O)([N-]S(=O)(=O)C(F)(F)F)C(F)(F)F,[C12MIm]][NTf2],butan-1-ol,CCCCO,alcohol,water,O,water,0.5788,0.0171,0.4041,0.0,0.001,0.999,101.325,0.04,786,298.15,0.44010976,0.23567155,0.32421866,0.008978805,0.016284443,0.97473675
,1-dodecyl-3-methylimidazolium bis(trifluoromethylsulfonyl)imide,CCCCCCCCCCCCn1cc[n+](C)c1.O=S(=O)([N-]S(=O)(=O)C(F)(F)F)C(F)(F)F,[C12MIm]][NTf2],butan-1-ol,CCCCO,alcohol,water,O,water,0.5708,0.0295,0.3997,0.0,0.0017,0.9983,101.325,0.08,786,298.15,0.42586848,0.24170749,0.332424,0.009047582,0.016196743,0.9747557
,1-dodecyl-3-methylimidazolium bis(trifluoromethylsulfonyl)imide,CCCCCCCCCCCCn1cc[n+](C)c1.O=S(=O)([N-]S(=O)(=O)C(F)(F)F)C(F)(F)F,[C12MIm]][NTf2],butan-1-ol,CCCCO,alcohol,water,O,water,0.5501,0.0615,0.3884,0.0,0.0032,0.9968,101.325,0.12,786,298.15,0.41141796,0.24786903,0.34071305,0.009133072,0.016077396,0.97478956
,1-dodecyl-3-methylimidazolium bis(trifluoromethylsulfonyl)imide,CCCCCCCCCCCCn1cc[n+](C)c1.O=S(=O)([N-]S(=O)(=O)C(F)(F)F)C(F)(F)F,[C12MIm]][NTf2],butan-1-ol,CCCCO,alcohol,water,O,water,0.52635264,0.0830083,0.39063907,0.0,0.0042,0.9958,101.325,0.16,786,298.15,0.39796713,0.25356603,0.34846684,0.009178534,0.016008908,0.97481257
,1-dodecyl-3-methylimidazolium bis(trifluoromethylsulfonyl)imide,CCCCCCCCCCCCn1cc[n+](C)c1.O=S(=O)([N-]S(=O)(=O)C(F)(F)F)C(F)(F)F,[C12MIm]][NTf2],butan-1-ol,CCCCO,alcohol,water,O,water,0.51710004,0.097500004,0.38540003,0.0,0.0047,0.9953,101.325,0.2,786,298.15,0.3852055,0.25904998,0.35574445,0.0093198065,0.015982712,0.9746975
,1-dodecyl-3-methylimidazolium bis(trifluoromethylsulfonyl)imide,CCCCCCCCCCCCn1cc[n+](C)c1.O=S(=O)([N-]S(=O)(=O)C(F)(F)F)C(F)(F)F,[C12MIm]][NTf2],butan-1-ol,CCCCO,alcohol,water,O,water,0.5166,0.1133,0.3701,0.0,0.0052,0.9948,101.325,0.24,786,298.15,0.3729895,0.2644199,0.36259058,0.009558905,0.015991116,0.97445005
,1-dodecyl-3-methylimidazolium bis(trifluoromethylsulfonyl)imide,CCCCCCCCCCCCn1cc[n+](C)c1.O=S(=O)([N-]S(=O)(=O)C(F)(F)F)C(F)(F)F,[C12MIm]][NTf2],butan-1-ol,CCCCO,alcohol,water,O,water,0.475,0.1495,0.3755,0.0,0.0069,0.9931,101.325,0.28,786,298.15,0.36011472,0.26989308,0.3699922,0.009608776,0.01593188,0.97445935
,1-dodecyl-3-methylimidazolium bis(trifluoromethylsulfonyl)imide,CCCCCCCCCCCCn1cc[n+](C)c1.O=S(=O)([N-]S(=O)(=O)C(F)(F)F)C(F)(F)F,[C12MIm]][NTf2],butan-1-ol,CCCCO,alcohol,water,O,water,0.4409,0.2037,0.3554,0.0,0.009,0.991,101.325,0.32,786,298.15,0.36887813,0.26343077,0.3676911,0.013603652,0.016960885,0.9694354
,1-dodecyl-3-methylimidazolium bis(trifluoromethylsulfonyl)imide,CCCCCCCCCCCCn1cc[n+](C)c1.O=S(=O)([N-]S(=O)(=O)C(F)(F)F)C(F)(F)F,[C12MIm]][NTf2],butan-1-ol,CCCCO,alcohol,water,O,water,0.41914192,0.22562256,0.35523552,0.0,0.0098,0.9902,101.325,0.36,786,298.15,0.35669553,0.26859444,0.37471002,0.01366411,0.01689234,0.9694435
,1-dodecyl-3-methylimidazolium bis(trifluoromethylsulfonyl)imide,CCCCCCCCCCCCn1cc[n+](C)c1.O=S(=O)([N-]S(=O)(=O)C(F)(F)F)C(F)(F)F,[C12MIm]][NTf2],butan-1-ol,CCCCO,alcohol,water,O,water,0.4094,0.2414,0.3492,0.0,0.0103,0.9897,101.325,0.4,786,298.15,0.3446959,0.27367118,0.38163298,0.013730399,0.01683741,0.9694322
,1-dodecyl-3-methylimidazolium bis(trifluoromethylsulfonyl)imide,CCCCCCCCCCCCn1cc[n+](C)c1.O=S(=O)([N-]S(=O)(=O)C(F)(F)F)C(F)(F)F,[C12MIm]][NTf2],butan-1-ol,CCCCO,alcohol,water,O,water,0.3975,0.2484,0.3541,0.0,0.0108,0.9892,101.325,0.44,786,298.15,0.33341998,0.2783972,0.38818285,0.013771043,0.01676317,0.9694658
,1-dodecyl-3-methylimidazolium bis(trifluoromethylsulfonyl)imide,CCCCCCCCCCCCn1cc[n+](C)c1.O=S(=O)([N-]S(=O)(=O)C(F)(F)F)C(F)(F)F,[C12MIm]][NTf2],butan-1-ol,CCCCO,alcohol,water,O,water,0.3616,0.2845,0.3539,0.0,0.0113,0.9887,101.325,0.48,786,298.15,0.32177478,0.28335243,0.39487278,0.013833767,0.016706787,0.9694594
,1-dodecyl-3-methylimidazolium bis(trifluoromethylsulfonyl)imide,CCCCCCCCCCCCn1cc[n+](C)c1.O=S(=O)([N-]S(=O)(=O)C(F)(F)F)C(F)(F)F,[C12MIm]][NTf2],butan-1-ol,CCCCO,alcohol,water,O,water,0.3417,0.3071,0.3512,0.0,0.0126,0.9874,101.325,0.52,786,298.15,0.3094191,0.28877485,0.40180606,0.013901339,0.016645366,0.96945333
,1-dodecyl-3-methylimidazolium bis(trifluoromethylsulfonyl)imide,CCCCCCCCCCCCn1cc[n+](C)c1.O=S(=O)([N-]S(=O)(=O)C(F)(F)F)C(F)(F)F,[C12MIm]][NTf2],butan-1-ol,CCCCO,alcohol,water,O,water,0.31403142,0.3339334,0.3520352,0.0,0.0131,0.9869,101.325,0.56,786,298.15,0.2964079,0.2946474,0.4089447,0.013968713,0.01659953,0.9694317
,1-dodecyl-3-methylimidazolium bis(trifluoromethylsulfonyl)imide,CCCCCCCCCCCCn1cc[n+](C)c1.O=S(=O)([N-]S(=O)(=O)C(F)(F)F)C(F)(F)F,[C12MIm]][NTf2],butan-1-ol,CCCCO,alcohol,water,O,water,0.2872,0.3525,0.3603,0.0,0.0131,0.9869,101.325,0.6,786,298.15,0.28552553,0.29930592,0.41516858,0.014036574,0.01654763,0.9694158
,1-dodecyl-3-methylimidazolium bis(trifluoromethylsulfonyl)imide,CCCCCCCCCCCCn1cc[n+](C)c1.O=S(=O)([N-]S(=O)(=O)C(F)(F)F)C(F)(F)F,[C12MIm]][NTf2],butan-1-ol,CCCCO,alcohol,water,O,water,0.2484,0.3806,0.371,0.0,0.0142,0.9858,101.325,0.64,786,298.15,0.27496478,0.3038238,0.42121145,0.014101959,0.016496832,0.9694011
,1-dodecyl-3-methylimidazolium bis(trifluoromethylsulfonyl)imide,CCCCCCCCCCCCn1cc[n+](C)c1.O=S(=O)([N-]S(=O)(=O)C(F)(F)F)C(F)(F)F,[C12MIm]][NTf2],butan-1-ol,CCCCO,alcohol,water,O,water,0.1988,0.4046,0.3966,0.0,0.0174,0.9826,101.325,0.68,786,298.15,0.26564163,0.307447,0.4269114,0.014086205,0.016422192,0.96949166
,1-dodecyl-3-methylimidazolium bis(trifluoromethylsulfonyl)imide,CCCCCCCCCCCCn1cc[n+](C)c1.O=S(=O)([N-]S(=O)(=O)C(F)(F)F)C(F)(F)F,[C12MIm]][NTf2],butan-1-ol,CCCCO,alcohol,water,O,water,0.1706,0.4202,0.4092,0.0,0.0169,0.9831,101.325,0.72,786,298.15,0.25749582,0.31022102,0.43228316,0.0139843365,0.01634095,0.96967465
,1-dodecyl-3-methylimidazolium bis(trifluoromethylsulfonyl)imide,CCCCCCCCCCCCn1cc[n+](C)c1.O=S(=O)([N-]S(=O)(=O)C(F)(F)F)C(F)(F)F,[C12MIm]][NTf2],butan-1-ol,CCCCO,alcohol,water,O,water,0.1312,0.4356,0.4332,0.0,0.0185,0.9815,101.325,0.76,786,298.15,0.24777311,0.31438178,0.43784508,0.014050979,0.016296957,0.9696521
,1-dodecyl-3-methylimidazolium bis(trifluoromethylsulfonyl)imide,CCCCCCCCCCCCn1cc[n+](C)c1.O=S(=O)([N-]S(=O)(=O)C(F)(F)F)C(F)(F)F,[C12MIm]][NTf2],butan-1-ol,CCCCO,alcohol,water,O,water,0.1131,0.4481,0.4388,0.0,0.019,0.981,101.325,0.8,786,298.15,0.23815213,0.31853142,0.44331646,0.014121262,0.016264195,0.96961457
,1-dodecyl-3-methylimidazolium bis(trifluoromethylsulfonyl)imide,CCCCCCCCCCCCn1cc[n+](C)c1.O=S(=O)([N-]S(=O)(=O)C(F)(F)F)C(F)(F)F,[C12MIm]][NTf2],butan-1-ol,CCCCO,alcohol,water,O,water,0.0954,0.4489,0.4557,0.0,0.0193,0.9807,101.325,0.84,786,298.15,0.22883283,0.32255748,0.44860968,0.014190835,0.016221464,0.9695877
,1-dodecyl-3-methylimidazolium bis(trifluoromethylsulfonyl)imide,CCCCCCCCCCCCn1cc[n+](C)c1.O=S(=O)([N-]S(=O)(=O)C(F)(F)F)C(F)(F)F,[C12MIm]][NTf2],butan-1-ol,CCCCO,alcohol,water,O,water,0.085408546,0.45364535,0.4609461,0.0,0.0201,0.9799,101.325,0.88,786,298.15,0.21973117,0.32650787,0.453761,0.01426123,0.016181866,0.96955687
,1-dodecyl-3-methylimidazolium bis(trifluoromethylsulfonyl)imide,CCCCCCCCCCCCn1cc[n+](C)c1.O=S(=O)([N-]S(=O)(=O)C(F)(F)F)C(F)(F)F,[C12MIm]][NTf2],butan-1-ol,CCCCO,alcohol,water,O,water,0.0567,0.4578,0.4855,0.0,0.0201,0.9799,101.325,0.92,786,298.15,0.21098234,0.33030948,0.4587081,0.014330379,0.016145825,0.9695237
,1-dodecyl-3-methylimidazolium bis(trifluoromethylsulfonyl)imide,CCCCCCCCCCCCn1cc[n+](C)c1.O=S(=O)([N-]S(=O)(=O)C(F)(F)F)C(F)(F)F,[C12MIm]][NTf2],butan-1-ol,CCCCO,alcohol,water,O,water,0.0263,0.4544,0.5193,0.0,0.0204,0.9796,101.325,0.96,786,298.15,0.20246795,0.3340257,0.46350637,0.014398923,0.016110212,0.9694909
,1-dodecyl-3-methylimidazolium bis(trifluoromethylsulfonyl)imide,CCCCCCCCCCCCn1cc[n+](C)c1.O=S(=O)([N-]S(=O)(=O)C(F)(F)F)C(F)(F)F,[C12MIm]][NTf2],butan-1-ol,CCCCO,alcohol,water,O,water,0.0,0.485,0.515,0.0,0.0204,0.9796,101.325,1.0,786,298.15,0.19428058,0.3378149,0.4679045,0.014527334,0.016077317,0.9693954
,"1,3-dimethylimidazolium methylsulfate",COS(=O)(=O)[O-].Cn1cc[n+](C)c1,[C1MIm][MeSO4],ethanol,CCO,alcohol,butanone,CCC(C)=O,ketone,0.667,0.03,0.303,0.005,0.02,0.975,101.325,0.0,831,298.15,0.6621184,0.23945923,0.09842241,0.009383159,0.08854661,0.9020702
,"1,3-dimethylimidazolium methylsulfate",COS(=O)(=O)[O-].Cn1cc[n+](C)c1,[C1MIm][MeSO4],ethanol,CCO,alcohol,butanone,CCC(C)=O,ketone,0.645,0.047,0.308,0.006,0.024,0.97,101.325,0.2,831,298.15,0.5995474,0.28404912,0.11640345,0.010100794,0.09388216,0.896017
,"1,3-dimethylimidazolium methylsulfate",COS(=O)(=O)[O-].Cn1cc[n+](C)c1,[C1MIm][MeSO4],ethanol,CCO,alcohol,butanone,CCC(C)=O,ketone,0.619,0.065,0.316,0.007,0.03,0.963,101.325,0.4,831,298.15,0.53379714,0.33103323,0.13516963,0.010866835,0.09962691,0.8895063
,"1,3-dimethylimidazolium methylsulfate",COS(=O)(=O)[O-].Cn1cc[n+](C)c1,[C1MIm][MeSO4],ethanol,CCO,alcohol,butanone,CCC(C)=O,ketone,0.573,0.093,0.334,0.01,0.059,0.931,101.325,0.6,831,298.15,0.46545383,0.38026205,0.15428415,0.011790833,0.10577528,0.8824339
,"1,3-dimethylimidazolium methylsulfate",COS(=O)(=O)[O-].Cn1cc[n+](C)c1,[C1MIm][MeSO4],ethanol,CCO,alcohol,butanone,CCC(C)=O,ketone,0.517,0.124,0.359,0.022,0.107,0.871,101.325,0.8,831,298.15,0.39971176,0.42776465,0.17252359,0.012730292,0.112421766,0.874848
,"1,3-dimethylimidazolium methylsulfate",COS(=O)(=O)[O-].Cn1cc[n+](C)c1,[C1MIm][MeSO4],ethanol,CCO,alcohol,butanone,CCC(C)=O,ketone,0.453,0.157,0.39,0.031,0.126,0.843,101.325,1.0,831,298.15,0.33822864,0.47226772,0.18950361,0.013677161,0.11953626,0.8667866
,1-ethyl-3-methylimidazolium,CCn1cc[n+](C)c1,[C2MIm][EtSO4],water,O,water,di-iso-propyl ether,CC(C)OC(C)C,ether,0.785,0.195,0.02,0.007,0.006,0.987,101.325,0.0,850,313.15,0.47998542,0.49789572,0.022118852,0.0016466349,0.007328515,0.99102485
,1-ethyl-3-methylimidazolium,CCn1cc[n+](C)c1,[C2MIm][EtSO4],water,O,water,di-iso-propyl ether,CC(C)OC(C)C,ether,0.591,0.388,0.021,0.003,0.014,0.983,101.325,0.125,850,313.15,0.43465638,0.5414452,0.023898458,0.0017820258,0.008133775,0.9900843
,1-ethyl-3-methylimidazolium,CCn1cc[n+](C)c1,[C2MIm][EtSO4],water,O,water,di-iso-propyl ether,CC(C)OC(C)C,ether,0.512,0.461,0.027,0.005,0.017,0.978,101.325,0.25,850,313.15,0.3899279,0.5844343,0.025637839,0.0019283933,0.009018537,0.9890531
,1-ethyl-3-methylimidazolium,CCn1cc[n+](C)c1,[C2MIm][EtSO4],water,O,water,di-iso-propyl ether,CC(C)OC(C)C,ether,0.43400002,0.53700006,0.029000001,0.006,0.021,0.973,101.325,0.375,850,313.15,0.34652346,0.62616676,0.02730984,0.0020862771,0.009992736,0.987921
,1-ethyl-3-methylimidazolium,CCn1cc[n+](C)c1,[C2MIm][EtSO4],water,O,water,di-iso-propyl ether,CC(C)OC(C)C,ether,0.27100003,0.71300006,0.016000003,0.004,0.029,0.967,101.325,0.5,850,313.15,0.3055299,0.66560566,0.028864501,0.0022583527,0.011087957,0.9866536
,1-ethyl-3-methylimidazolium,CCn1cc[n+](C)c1,[C2MIm][EtSO4],water,O,water,di-iso-propyl ether,CC(C)OC(C)C,ether,0.233,0.745,0.022,0.005,0.032,0.963,101.325,0.625,850,313.15,0.2675368,0.702177,0.030286249,0.0024438333,0.012300397,0.98525584
,1-ethyl-3-methylimidazolium,CCn1cc[n+](C)c1,[C2MIm][EtSO4],water,O,water,di-iso-propyl ether,CC(C)OC(C)C,ether,0.164,0.823,0.013,0.005,0.038,0.957,101.325,0.75,850,313.15,0.23272915,0.73571014,0.03156072,0.002643877,0.013651494,0.9837046
,1-ethyl-3-methylimidazolium,CCn1cc[n+](C)c1,[C2MIm][EtSO4],water,O,water,di-iso-propyl ether,CC(C)OC(C)C,ether,0.118,0.873,0.009,0.006,0.041,0.953,101.325,0.875,850,313.15,0.2013388,0.76596886,0.032692358,0.0028597177,0.015157353,0.98198295
,1-ethyl-3-methylimidazolium,CCn1cc[n+](C)c1,[C2MIm][EtSO4],water,O,water,di-iso-propyl ether,CC(C)OC(C)C,ether,0.0,0.997,0.003,0.0,0.039,0.961,101.325,1.0,850,313.15,0.17321563,0.79311025,0.03367417,0.0030922198,0.016831316,0.9800764
,butyltrimethylammonium bis(trifluoromethylsulfonyl)imide,CCCC[N+](C)(C)C.O=S(=O)([N-]S(=O)(=O)C(F)(F)F)C(F)(F)F,[N4111][NTf2],acetic acid,CC(=O)O,acid,water,O,water,0.77,0.0,0.23,0.0,0.0,1.0,101.325,0.0,861,293.15,0.70195866,0.11806083,0.17998053,0.016932439,0.046825055,0.9362426
,butyltrimethylammonium bis(trifluoromethylsulfonyl)imide,CCCC[N+](C)(C)C.O=S(=O)([N-]S(=O)(=O)C(F)(F)F)C(F)(F)F,[N4111][NTf2],acetic acid,CC(=O)O,acid,water,O,water,0.675,0.042,0.283,0.0,0.011,0.989,101.325,0.125,861,293.15,0.6379311,0.14507598,0.21699288,0.006777165,0.044118013,0.9491047
,butyltrimethylammonium bis(trifluoromethylsulfonyl)imide,CCCC[N+](C)(C)C.O=S(=O)([N-]S(=O)(=O)C(F)(F)F)C(F)(F)F,[N4111][NTf2],acetic acid,CC(=O)O,acid,water,O,water,0.658,0.046,0.296,0.0,0.022,0.978,101.325,0.25,861,293.15,0.59549063,0.16201475,0.24249467,0.0070921653,0.04521964,0.9476882
,butyltrimethylammonium bis(trifluoromethylsulfonyl)imide,CCCC[N+](C)(C)C.O=S(=O)([N-]S(=O)(=O)C(F)(F)F)C(F)(F)F,[N4111][NTf2],acetic acid,CC(=O)O,acid,water,O,water,0.643,0.061,0.296,0.0,0.031,0.969,101.325,0.375,861,293.15,0.60347134,0.15621834,0.24031036,0.010402412,0.04870854,0.940889
,butyltrimethylammonium bis(trifluoromethylsulfonyl)imide,CCCC[N+](C)(C)C.O=S(=O)([N-]S(=O)(=O)C(F)(F)F)C(F)(F)F,[N4111][NTf2],acetic acid,CC(=O)O,acid,water,O,water,0.603,0.078,0.319,0.0,0.043,0.957,101.325,0.5,861,293.15,0.5612052,0.17298912,0.26580566,0.010867792,0.049920853,0.9392114
,butyltrimethylammonium bis(trifluoromethylsulfonyl)imide,CCCC[N+](C)(C)C.O=S(=O)([N-]S(=O)(=O)C(F)(F)F)C(F)(F)F,[N4111][NTf2],acetic acid,CC(=O)O,acid,water,O,water,0.598,0.085,0.317,0.0,0.046,0.954,101.325,0.625,861,293.15,0.5181206,0.19013348,0.29174593,0.011352135,0.051175807,0.9374721
,butyltrimethylammonium bis(trifluoromethylsulfonyl)imide,CCCC[N+](C)(C)C.O=S(=O)([N-]S(=O)(=O)C(F)(F)F)C(F)(F)F,[N4111][NTf2],acetic acid,CC(=O)O,acid,water,O,water,0.564,0.092,0.344,0.0,0.049,0.951,101.325,0.75,861,293.15,0.4618091,0.21496142,0.3232295,0.022009924,0.053780567,0.92420954
,butyltrimethylammonium bis(trifluoromethylsulfonyl)imide,CCCC[N+](C)(C)C.O=S(=O)([N-]S(=O)(=O)C(F)(F)F)C(F)(F)F,[N4111][NTf2],acetic acid,CC(=O)O,acid,water,O,water,0.452,0.145,0.403,0.0,0.089,0.911,101.325,0.875,861,293.15,0.42191377,0.23124479,0.3468414,0.022904892,0.05508586,0.9220092
,butyltrimethylammonium bis(trifluoromethylsulfonyl)imide,CCCC[N+](C)(C)C.O=S(=O)([N-]S(=O)(=O)C(F)(F)F)C(F)(F)F,[N4111][NTf2],acetic acid,CC(=O)O,acid,water,O,water,0.35,0.199,0.451,0.0,0.125,0.875,101.325,1.0,861,293.15,0.38320944,0.24715786,0.36963272,0.023829905,0.056437224,0.9197329
