system_id,n,component_1,component_2,component_3,smiles1,smiles2,smiles3,mse,rmse,r2,mae,rmse_E,rmse_R,r2_E,r2_R,mae_E,mae_R
1,10,Water,Diethoxymethane,p-Xylene,O,CCOCOCC,Cc1ccc(C)cc1,0.005178260861048195,0.07196013383150558,0.9717562766689151,0.04109182216624497,0.0023127015729833603,0.10174071522026328,0.9999755487629235,0.9300307545123404,0.0018337232997346013,0.08034992103275534
2,11,n-Heptane,Toluene,Sulfolane,CCCCCCC,Cc1ccccc1,O=S1(=O)CCCC1,0.006590739949005213,0.08118337236777746,0.9451862780458122,0.06036790354879517,0.07098714222158671,0.09023472467527481,0.9645545462376122,0.9171778494473142,0.053325886317816644,0.06740992077977369
