{
  "overall": {
    "mse": 0.005918130859501871,
    "rmse": 0.07692938878934286,
    "r2": 0.9606213963268225,
    "mae": 0.05118881717615222,
    "rmse_E": 0.051401502597233924,
    "rmse_R": 0.09588611604268,
    "r2_E": 0.9852092401911619,
    "r2_R": 0.9246030269887859,
    "mae_E": 0.028805808690158523,
    "mae_R": 0.07357182566214589
  }
}