Involved in the gama database,IL (Component 1) full name,smiles1,IL abbreviation,Component 2,smiles2,Family of component 2,Component 3,smiles3,Family of component 3,Ex1,Ex2,Ex3,Rx1,Rx2,Rx3,P,t,system_id,T,distance_from_training_range_k,temperature_side,distance_bin,pred_Ex1,pred_Ex2,pred_Ex3,pred_Rx1,pred_Rx2,pred_Rx3
no,1-butyl-4-methylpyridinium tetrafluoroborate,CCCC[n+]1ccc(C)cc1.F[B-](F)(F)F,[C4MPy][BF4],benzene,c1ccccc1,aromatic,n-hexane,CCCCCC,alkane,0.983,0.0,0.017,0.022,0.0,0.978,101.325,0.0,83,333.2,10.0,above,5–10 K,0.87530535,0.115933076,0.008761638,0.003494233,0.2693454,0.7271604
no,1-butyl-4-methylpyridinium tetrafluoroborate,CCCC[n+]1ccc(C)cc1.F[B-](F)(F)F,[C4MPy][BF4],benzene,c1ccccc1,aromatic,n-hexane,CCCCCC,alkane,0.922,0.061,0.017,0.007,0.049,0.944,101.325,0.16666667,83,333.2,10.0,above,5–10 K,0.8474016,0.1422021,0.010396239,0.0038552324,0.31037784,0.68576694
no,1-butyl-4-methylpyridinium tetrafluoroborate,CCCC[n+]1ccc(C)cc1.F[B-](F)(F)F,[C4MPy][BF4],benzene,c1ccccc1,aromatic,n-hexane,CCCCCC,alkane,0.896,0.088,0.016,0.01,0.084,0.906,101.325,0.33333334,83,333.2,10.0,above,5–10 K,0.8145893,0.17324206,0.012168626,0.0040670875,0.35491934,0.6410135
no,1-butyl-4-methylpyridinium tetrafluoroborate,CCCC[n+]1ccc(C)cc1.F[B-](F)(F)F,[C4MPy][BF4],benzene,c1ccccc1,aromatic,n-hexane,CCCCCC,alkane,0.877,0.106,0.017,0.011,0.115,0.874,101.325,0.5,83,333.2,10.0,above,5–10 K,0.77654743,0.20927751,0.014175027,0.004329648,0.40222254,0.5934478
no,1-butyl-4-methylpyridinium tetrafluoroborate,CCCC[n+]1ccc(C)cc1.F[B-](F)(F)F,[C4MPy][BF4],benzene,c1ccccc1,aromatic,n-hexane,CCCCCC,alkane,0.817,0.166,0.017,0.005,0.21,0.785,101.325,0.6666667,83,333.2,10.0,above,5–10 K,0.7333771,0.2502169,0.01640596,0.0046469313,0.4511917,0.5441613
no,1-butyl-4-methylpyridinium tetrafluoroborate,CCCC[n+]1ccc(C)cc1.F[B-](F)(F)F,[C4MPy][BF4],benzene,c1ccccc1,aromatic,n-hexane,CCCCCC,alkane,0.754,0.229,0.017,0.008,0.313,0.679,101.325,0.8333333,83,333.2,10.0,above,5–10 K,0.68524545,0.29596505,0.01878954,0.0049397405,0.50119114,0.49386913
no,1-butyl-4-methylpyridinium tetrafluoroborate,CCCC[n+]1ccc(C)cc1.F[B-](F)(F)F,[C4MPy][BF4],benzene,c1ccccc1,aromatic,n-hexane,CCCCCC,alkane,0.688,0.295,0.017,0.006,0.43,0.564,101.325,1.0,83,333.2,10.0,above,5–10 K,0.63289136,0.34595352,0.021155136,0.0050743017,0.55164397,0.4432817
no,1-butyl-4-methylpyridinium tetrafluoroborate,CCCC[n+]1ccc(C)cc1.F[B-](F)(F)F,[C4MPy][BF4],toluene,Cc1ccccc1,aromatic,n-heptane,CCCCCCC,alkane,0.9882,0.0,0.0118,0.0049,0.0,0.9951,101.325,0.0,86,348.2,25.0,above,>20 K,0.9343081,0.06128962,0.0044022235,0.002468069,0.2777931,0.7197388
no,1-butyl-4-methylpyridinium tetrafluoroborate,CCCC[n+]1ccc(C)cc1.F[B-](F)(F)F,[C4MPy][BF4],toluene,Cc1ccccc1,aromatic,n-heptane,CCCCCCC,alkane,0.9678,0.0166,0.0156,0.0,0.0402,0.9598,101.325,0.083333336,86,348.2,25.0,above,>20 K,0.9265641,0.06859753,0.004838338,0.002596877,0.29796866,0.69943446
no,1-butyl-4-methylpyridinium tetrafluoroborate,CCCC[n+]1ccc(C)cc1.F[B-](F)(F)F,[C4MPy][BF4],toluene,Cc1ccccc1,aromatic,n-heptane,CCCCCCC,alkane,0.9692,0.0182,0.0126,0.0065,0.0404,0.9531,101.325,0.16666667,86,348.2,25.0,above,>20 K,0.91796684,0.07669335,0.005339772,0.0027791357,0.31833765,0.6788832
no,1-butyl-4-methylpyridinium tetrafluoroborate,CCCC[n+]1ccc(C)cc1.F[B-](F)(F)F,[C4MPy][BF4],toluene,Cc1ccccc1,aromatic,n-heptane,CCCCCCC,alkane,0.9553,0.0334,0.0113,0.0,0.0701,0.9299,101.325,0.25,86,348.2,25.0,above,>20 K,0.9084697,0.08565809,0.0058722314,0.002940024,0.33983466,0.6572254
no,1-butyl-4-methylpyridinium tetrafluoroborate,CCCC[n+]1ccc(C)cc1.F[B-](F)(F)F,[C4MPy][BF4],toluene,Cc1ccccc1,aromatic,n-heptane,CCCCCCC,alkane,0.941,0.0483,0.0107,0.0,0.1077,0.8923,101.325,0.33333334,86,348.2,25.0,above,>20 K,0.8980087,0.09555782,0.0064335978,0.0030743466,0.36234376,0.6345819
no,1-butyl-4-methylpyridinium tetrafluoroborate,CCCC[n+]1ccc(C)cc1.F[B-](F)(F)F,[C4MPy][BF4],toluene,Cc1ccccc1,aromatic,n-heptane,CCCCCCC,alkane,0.9219,0.0669,0.0112,0.0,0.1478,0.8522,101.325,0.41666666,86,348.2,25.0,above,>20 K,0.8865038,0.10650542,0.0069908197,0.0031214543,0.38703686,0.6098417
no,1-butyl-4-methylpyridinium tetrafluoroborate,CCCC[n+]1ccc(C)cc1.F[B-](F)(F)F,[C4MPy][BF4],toluene,Cc1ccccc1,aromatic,n-heptane,CCCCCCC,alkane,0.89500004,0.09290001,0.012100001,0.0127,0.2069,0.7804,101.325,0.5,86,348.2,25.0,above,>20 K,0.8740036,0.11847418,0.0075221225,0.0030652324,0.41390792,0.5830269
no,1-butyl-4-methylpyridinium tetrafluoroborate,CCCC[n+]1ccc(C)cc1.F[B-](F)(F)F,[C4MPy][BF4],toluene,Cc1ccccc1,aromatic,n-heptane,CCCCCCC,alkane,0.88820004,0.10080001,0.011000001,0.0,0.2771,0.7229,101.325,0.5833333,86,348.2,25.0,above,>20 K,0.86010444,0.13168514,0.008210407,0.0031828464,0.4382384,0.5585787
no,1-butyl-4-methylpyridinium tetrafluoroborate,CCCC[n+]1ccc(C)cc1.F[B-](F)(F)F,[C4MPy][BF4],toluene,Cc1ccccc1,aromatic,n-heptane,CCCCCCC,alkane,0.8431,0.1455,0.0114,0.0097,0.3303,0.66,101.325,0.6666667,86,348.2,25.0,above,>20 K,0.84510773,0.14595933,0.00893298,0.0032903422,0.46292895,0.5337807
no,1-butyl-4-methylpyridinium tetrafluoroborate,CCCC[n+]1ccc(C)cc1.F[B-](F)(F)F,[C4MPy][BF4],toluene,Cc1ccccc1,aromatic,n-heptane,CCCCCCC,alkane,0.8051,0.1836,0.0113,0.007,0.4211,0.5719,101.325,0.75,86,348.2,25.0,above,>20 K,0.82874,0.16155498,0.009705122,0.0033896742,0.48825246,0.5083579
no,1-butyl-4-methylpyridinium tetrafluoroborate,CCCC[n+]1ccc(C)cc1.F[B-](F)(F)F,[C4MPy][BF4],toluene,Cc1ccccc1,aromatic,n-heptane,CCCCCCC,alkane,0.7587,0.2307,0.0106,0.003,0.5302,0.4668,101.325,0.8333333,86,348.2,25.0,above,>20 K,0.8109444,0.17852457,0.0105311135,0.003493161,0.51314473,0.4833621
no,1-butyl-4-methylpyridinium tetrafluoroborate,CCCC[n+]1ccc(C)cc1.F[B-](F)(F)F,[C4MPy][BF4],toluene,Cc1ccccc1,aromatic,n-heptane,CCCCCCC,alkane,0.74810004,0.24200001,0.009900001,0.0,0.592,0.408,101.325,0.9166667,86,348.2,25.0,above,>20 K,0.79190457,0.19669202,0.011403435,0.0035913663,0.537759,0.45864964
no,1-butyl-4-methylpyridinium tetrafluoroborate,CCCC[n+]1ccc(C)cc1.F[B-](F)(F)F,[C4MPy][BF4],toluene,Cc1ccccc1,aromatic,n-heptane,CCCCCCC,alkane,0.5089,0.4911,0.0,0.0,1.0,0.0,101.325,1.0,86,348.2,25.0,above,>20 K,0.7715543,0.21614715,0.0122986445,0.0036694326,0.56296486,0.43336567
no,1-butyl-4-methylpyridinium tetrafluoroborate,CCCC[n+]1ccc(C)cc1.F[B-](F)(F)F,[C4MPy][BF4],ethylbenzene,CCc1ccccc1,aromatic,n-octane,CCCCCCCC,alkane,0.992,0.0,0.008,0.018,0.0,0.982,101.325,0.0,88,348.2,25.0,above,>20 K,0.9427134,0.052299853,0.004986785,0.0023799269,0.2782494,0.7193707
no,1-butyl-4-methylpyridinium tetrafluoroborate,CCCC[n+]1ccc(C)cc1.F[B-](F)(F)F,[C4MPy][BF4],ethylbenzene,CCc1ccccc1,aromatic,n-octane,CCCCCCCC,alkane,0.957,0.035,0.008,0.007,0.079,0.914,101.325,0.14285715,88,348.2,25.0,above,>20 K,0.930975,0.06317426,0.005850652,0.002584494,0.30961105,0.68780446
no,1-butyl-4-methylpyridinium tetrafluoroborate,CCCC[n+]1ccc(C)cc1.F[B-](F)(F)F,[C4MPy][BF4],ethylbenzene,CCc1ccccc1,aromatic,n-octane,CCCCCCCC,alkane,0.947,0.045,0.008,0.013,0.121,0.866,101.325,0.2857143,88,348.2,25.0,above,>20 K,0.9170782,0.076078005,0.006843817,0.0027905654,0.34311786,0.6540916
no,1-butyl-4-methylpyridinium tetrafluoroborate,CCCC[n+]1ccc(C)cc1.F[B-](F)(F)F,[C4MPy][BF4],ethylbenzene,CCc1ccccc1,aromatic,n-octane,CCCCCCCC,alkane,0.937,0.055,0.008,0.011,0.164,0.825,101.325,0.42857143,88,348.2,25.0,above,>20 K,0.9006383,0.09137677,0.007984925,0.0029987975,0.3781569,0.6188443
no,1-butyl-4-methylpyridinium tetrafluoroborate,CCCC[n+]1ccc(C)cc1.F[B-](F)(F)F,[C4MPy][BF4],ethylbenzene,CCc1ccccc1,aromatic,n-octane,CCCCCCCC,alkane,0.912,0.081,0.007,0.016,0.294,0.69,101.325,0.5714286,88,348.2,25.0,above,>20 K,0.88134676,0.109364174,0.009289109,0.003207527,0.41448298,0.5823095
no,1-butyl-4-methylpyridinium tetrafluoroborate,CCCC[n+]1ccc(C)cc1.F[B-](F)(F)F,[C4MPy][BF4],ethylbenzene,CCc1ccccc1,aromatic,n-octane,CCCCCCCC,alkane,0.884,0.11,0.006,0.013,0.437,0.55,101.325,0.71428573,88,348.2,25.0,above,>20 K,0.8583619,0.1308689,0.010769114,0.003374288,0.4520972,0.54452854
no,1-butyl-4-methylpyridinium tetrafluoroborate,CCCC[n+]1ccc(C)cc1.F[B-](F)(F)F,[C4MPy][BF4],ethylbenzene,CCc1ccccc1,aromatic,n-octane,CCCCCCCC,alkane,0.856,0.139,0.005,0.015,0.572,0.413,101.325,0.85714287,88,348.2,25.0,above,>20 K,0.83217114,0.15541527,0.0124136,0.003549193,0.49002713,0.5064237
no,1-butyl-4-methylpyridinium tetrafluoroborate,CCCC[n+]1ccc(C)cc1.F[B-](F)(F)F,[C4MPy][BF4],ethylbenzene,CCc1ccccc1,aromatic,n-octane,CCCCCCCC,alkane,0.75,0.25,0.0,0.013,0.987,0.0,101.325,1.0,88,348.2,25.0,above,>20 K,0.80255806,0.18321216,0.01422986,0.0037319364,0.5280204,0.4682477
no,1-butyl-4-methylpyridinium tetrafluoroborate,CCCC[n+]1ccc(C)cc1.F[B-](F)(F)F,[C4MPy][BF4],m-xylene,Cc1cccc(C)c1,aromatic,n-octane,CCCCCCCC,alkane,0.992,0.0,0.008,0.018,0.0,0.982,101.325,0.0,90,348.2,25.0,above,>20 K,0.9424531,0.05378091,0.0037660368,0.0021704305,0.29180953,0.70602
no,1-butyl-4-methylpyridinium tetrafluoroborate,CCCC[n+]1ccc(C)cc1.F[B-](F)(F)F,[C4MPy][BF4],m-xylene,Cc1cccc(C)c1,aromatic,n-octane,CCCCCCCC,alkane,0.966,0.027,0.007,0.022,0.082,0.896,101.325,0.11111111,90,348.2,25.0,above,>20 K,0.9331119,0.06261215,0.004275933,0.0023173685,0.3192782,0.6784044
no,1-butyl-4-methylpyridinium tetrafluoroborate,CCCC[n+]1ccc(C)cc1.F[B-](F)(F)F,[C4MPy][BF4],m-xylene,Cc1cccc(C)c1,aromatic,n-octane,CCCCCCCC,alkane,0.956,0.037,0.007,0.015,0.124,0.861,101.325,0.22222222,90,348.2,25.0,above,>20 K,0.9215572,0.07306328,0.0053795385,0.004072836,0.3315359,0.6643913
no,1-butyl-4-methylpyridinium tetrafluoroborate,CCCC[n+]1ccc(C)cc1.F[B-](F)(F)F,[C4MPy][BF4],m-xylene,Cc1cccc(C)c1,aromatic,n-octane,CCCCCCCC,alkane,0.947,0.046,0.007,0.02,0.17,0.81,101.325,0.33333334,90,348.2,25.0,above,>20 K,0.90966564,0.08426754,0.0060668606,0.0043202103,0.35965812,0.6360217
no,1-butyl-4-methylpyridinium tetrafluoroborate,CCCC[n+]1ccc(C)cc1.F[B-](F)(F)F,[C4MPy][BF4],m-xylene,Cc1cccc(C)c1,aromatic,n-octane,CCCCCCCC,alkane,0.936,0.057,0.007,0.016,0.212,0.772,101.325,0.44444445,90,348.2,25.0,above,>20 K,0.89650184,0.09682497,0.0066731283,0.0041203755,0.3935865,0.6022931
no,1-butyl-4-methylpyridinium tetrafluoroborate,CCCC[n+]1ccc(C)cc1.F[B-](F)(F)F,[C4MPy][BF4],m-xylene,Cc1cccc(C)c1,aromatic,n-octane,CCCCCCCC,alkane,0.928,0.065,0.007,0.014,0.257,0.729,101.325,0.5555556,90,348.2,25.0,above,>20 K,0.88158596,0.11100969,0.007404325,0.0041047363,0.42611006,0.5697852
no,1-butyl-4-methylpyridinium tetrafluoroborate,CCCC[n+]1ccc(C)cc1.F[B-](F)(F)F,[C4MPy][BF4],m-xylene,Cc1cccc(C)c1,aromatic,n-octane,CCCCCCCC,alkane,0.918,0.075,0.007,0.018,0.297,0.685,101.325,0.6666667,90,348.2,25.0,above,>20 K,0.864269,0.12742531,0.008305722,0.0043030824,0.4574914,0.5382055
no,1-butyl-4-methylpyridinium tetrafluoroborate,CCCC[n+]1ccc(C)cc1.F[B-](F)(F)F,[C4MPy][BF4],m-xylene,Cc1cccc(C)c1,aromatic,n-octane,CCCCCCCC,alkane,0.903,0.091,0.006,0.026,0.375,0.599,101.325,0.7777778,90,348.2,25.0,above,>20 K,0.8449737,0.14577319,0.009253146,0.00440457,0.4894402,0.5061552
no,1-butyl-4-methylpyridinium tetrafluoroborate,CCCC[n+]1ccc(C)cc1.F[B-](F)(F)F,[C4MPy][BF4],m-xylene,Cc1cccc(C)c1,aromatic,n-octane,CCCCCCCC,alkane,0.882,0.112,0.006,0.013,0.473,0.514,101.325,0.8888889,90,348.2,25.0,above,>20 K,0.82366866,0.16609849,0.010232867,0.004402201,0.52165306,0.4739447
no,1-butyl-4-methylpyridinium tetrafluoroborate,CCCC[n+]1ccc(C)cc1.F[B-](F)(F)F,[C4MPy][BF4],m-xylene,Cc1cccc(C)c1,aromatic,n-octane,CCCCCCCC,alkane,0.854,0.141,0.005,0.022,0.573,0.405,101.325,1.0,90,348.2,25.0,above,>20 K,0.7997209,0.18892764,0.011351494,0.0044941916,0.5534959,0.44200993
no,1-butyl-4-methylpyridinium tetrafluoroborate,CCCC[n+]1ccc(C)cc1.F[B-](F)(F)F,[C4MPy][BF4],n-propylbenzene,CCCc1ccccc1,aromatic,n-dodecane,CCCCCCCCCCCC,alkane,0.95640004,0.037600003,0.0060000005,0.0,0.1067,0.8933,101.325,0.0,93,333.0,9.800000000000011,above,5–10 K,0.94849616,0.046738937,0.004764941,0.002784911,0.294829,0.7023861
no,1-butyl-4-methylpyridinium tetrafluoroborate,CCCC[n+]1ccc(C)cc1.F[B-](F)(F)F,[C4MPy][BF4],n-propylbenzene,CCCc1ccccc1,aromatic,n-dodecane,CCCCCCCCCCCC,alkane,0.9236,0.07,0.0064,0.0,0.1942,0.8058,101.325,0.125,93,333.0,9.800000000000011,above,5–10 K,0.9396273,0.054903656,0.005469122,0.0029827508,0.32122287,0.6757943
no,1-butyl-4-methylpyridinium tetrafluoroborate,CCCC[n+]1ccc(C)cc1.F[B-](F)(F)F,[C4MPy][BF4],n-propylbenzene,CCCc1ccccc1,aromatic,n-dodecane,CCCCCCCCCCCC,alkane,0.8944,0.0988,0.0068,0.0,0.2669,0.7331,101.325,0.25,93,333.0,9.800000000000011,above,5–10 K,0.929335,0.064396106,0.0062689083,0.0031838801,0.34887224,0.64794385
no,1-butyl-4-methylpyridinium tetrafluoroborate,CCCC[n+]1ccc(C)cc1.F[B-](F)(F)F,[C4MPy][BF4],n-propylbenzene,CCCc1ccccc1,aromatic,n-dodecane,CCCCCCCCCCCC,alkane,0.8672,0.1256,0.0072,0.0,0.3277,0.6723,101.325,0.375,93,333.0,9.800000000000011,above,5–10 K,0.9181467,0.07482487,0.007028458,0.0031960753,0.37957394,0.61723
no,1-butyl-4-methylpyridinium tetrafluoroborate,CCCC[n+]1ccc(C)cc1.F[B-](F)(F)F,[C4MPy][BF4],n-propylbenzene,CCCc1ccccc1,aromatic,n-dodecane,CCCCCCCCCCCC,alkane,0.8425,0.1499,0.0076,0.0,0.3796,0.6204,101.325,0.5,93,333.0,9.800000000000011,above,5–10 K,0.9049305,0.08712073,0.007948752,0.0032871389,0.41033855,0.58637434
no,1-butyl-4-methylpyridinium tetrafluoroborate,CCCC[n+]1ccc(C)cc1.F[B-](F)(F)F,[C4MPy][BF4],n-propylbenzene,CCCc1ccccc1,aromatic,n-dodecane,CCCCCCCCCCCC,alkane,0.8194,0.1726,0.008,0.0,0.4242,0.5758,101.325,0.625,93,333.0,9.800000000000011,above,5–10 K,0.8892973,0.10163744,0.009065267,0.0034729973,0.44085693,0.5556701
no,1-butyl-4-methylpyridinium tetrafluoroborate,CCCC[n+]1ccc(C)cc1.F[B-](F)(F)F,[C4MPy][BF4],n-propylbenzene,CCCc1ccccc1,aromatic,n-dodecane,CCCCCCCCCCCC,alkane,0.7953,0.1964,0.0083,0.0,0.4621,0.5379,101.325,0.75,93,333.0,9.800000000000011,above,5–10 K,0.8708196,0.11872945,0.010450952,0.003832604,0.47059712,0.5255703
no,1-butyl-4-methylpyridinium tetrafluoroborate,CCCC[n+]1ccc(C)cc1.F[B-](F)(F)F,[C4MPy][BF4],n-propylbenzene,CCCc1ccccc1,aromatic,n-dodecane,CCCCCCCCCCCC,alkane,0.7718,0.2196,0.0086,0.0,0.4951,0.5049,101.325,0.875,93,333.0,9.800000000000011,above,5–10 K,0.8496425,0.13823102,0.012126436,0.0044060037,0.4986965,0.49689752
no,1-butyl-4-methylpyridinium tetrafluoroborate,CCCC[n+]1ccc(C)cc1.F[B-](F)(F)F,[C4MPy][BF4],n-propylbenzene,CCCc1ccccc1,aromatic,n-dodecane,CCCCCCCCCCCC,alkane,0.7383,0.2528,0.0089,0.0,0.5528,0.4472,101.325,1.0,93,333.0,9.800000000000011,above,5–10 K,0.82700545,0.159317,0.013677549,0.0046007647,0.5294903,0.46590897
no,1-butyl-4-methylpyridinium tetrafluoroborate,CCCC[n+]1ccc(C)cc1.F[B-](F)(F)F,[C4MPy][BF4],n-propylbenzene,CCCc1ccccc1,aromatic,n-tetradecane,CCCCCCCCCCCCCC,alkane,0.9581,0.0382,0.0037,0.0,0.1211,0.8789,101.325,0.0,96,333.0,9.800000000000011,above,5–10 K,0.95053864,0.045035876,0.0044253985,0.0023843616,0.2903146,0.70730096
no,1-butyl-4-methylpyridinium tetrafluoroborate,CCCC[n+]1ccc(C)cc1.F[B-](F)(F)F,[C4MPy][BF4],n-propylbenzene,CCCc1ccccc1,aromatic,n-tetradecane,CCCCCCCCCCCCCC,alkane,0.92550004,0.07060001,0.0039000001,0.0,0.2179,0.7821,101.325,0.11111111,96,333.0,9.800000000000011,above,5–10 K,0.9428797,0.05210793,0.0050123115,0.0025383506,0.31393847,0.6835232
no,1-butyl-4-methylpyridinium tetrafluoroborate,CCCC[n+]1ccc(C)cc1.F[B-](F)(F)F,[C4MPy][BF4],n-propylbenzene,CCCc1ccccc1,aromatic,n-tetradecane,CCCCCCCCCCCCCC,alkane,0.8952,0.1005,0.0043,0.0,0.2957,0.7043,101.325,0.22222222,96,333.0,9.800000000000011,above,5–10 K,0.93412095,0.060207132,0.005671958,0.0026953937,0.3386294,0.6586752
no,1-butyl-4-methylpyridinium tetrafluoroborate,CCCC[n+]1ccc(C)cc1.F[B-](F)(F)F,[C4MPy][BF4],n-propylbenzene,CCCc1ccccc1,aromatic,n-tetradecane,CCCCCCCCCCCCCC,alkane,0.8725,0.1231,0.0044,0.0,0.3619,0.6381,101.325,0.33333334,96,333.0,9.800000000000011,above,5–10 K,0.9241466,0.06944683,0.006406561,0.0028536282,0.36420244,0.6329439
no,1-butyl-4-methylpyridinium tetrafluoroborate,CCCC[n+]1ccc(C)cc1.F[B-](F)(F)F,[C4MPy][BF4],n-propylbenzene,CCCc1ccccc1,aromatic,n-tetradecane,CCCCCCCCCCCCCC,alkane,0.84790003,0.14750001,0.0046000006,0.0,0.4156,0.5844,101.325,0.44444445,96,333.0,9.800000000000011,above,5–10 K,0.9127647,0.08000777,0.0072275135,0.0030136055,0.39066866,0.6063177
no,1-butyl-4-methylpyridinium tetrafluoroborate,CCCC[n+]1ccc(C)cc1.F[B-](F)(F)F,[C4MPy][BF4],n-propylbenzene,CCCc1ccccc1,aromatic,n-tetradecane,CCCCCCCCCCCCCC,alkane,0.8259,0.1694,0.0047,0.0,0.4614,0.5386,101.325,0.5555556,96,333.0,9.800000000000011,above,5–10 K,0.8999944,0.09194777,0.008057854,0.0029847065,0.41803446,0.57898086
no,1-butyl-4-methylpyridinium tetrafluoroborate,CCCC[n+]1ccc(C)cc1.F[B-](F)(F)F,[C4MPy][BF4],n-propylbenzene,CCCc1ccccc1,aromatic,n-tetradecane,CCCCCCCCCCCCCC,alkane,0.8028,0.1923,0.0049,0.0,0.4999,0.5001,101.325,0.6666667,96,333.0,9.800000000000011,above,5–10 K,0.8854667,0.105479494,0.009053767,0.0031321528,0.4456798,0.551188
no,1-butyl-4-methylpyridinium tetrafluoroborate,CCCC[n+]1ccc(C)cc1.F[B-](F)(F)F,[C4MPy][BF4],n-propylbenzene,CCCc1ccccc1,aromatic,n-tetradecane,CCCCCCCCCCCCCC,alkane,0.7753,0.2192,0.0055,0.0,0.5318,0.4682,101.325,0.7777778,96,333.0,9.800000000000011,above,5–10 K,0.86903626,0.12080755,0.010156158,0.003276897,0.47384644,0.5228766
no,1-butyl-4-methylpyridinium tetrafluoroborate,CCCC[n+]1ccc(C)cc1.F[B-](F)(F)F,[C4MPy][BF4],n-propylbenzene,CCCc1ccccc1,aromatic,n-tetradecane,CCCCCCCCCCCCCC,alkane,0.7445,0.2496,0.0059,0.0,0.5895,0.4105,101.325,0.8888889,96,333.0,9.800000000000011,above,5–10 K,0.85078627,0.13785581,0.011357872,0.0034182735,0.5020217,0.49456006
no,1-butyl-4-methylpyridinium tetrafluoroborate,CCCC[n+]1ccc(C)cc1.F[B-](F)(F)F,[C4MPy][BF4],n-propylbenzene,CCCc1ccccc1,aromatic,n-tetradecane,CCCCCCCCCCCCCC,alkane,0.7109,0.2825,0.0066,0.0,0.6336,0.3664,101.325,1.0,96,333.0,9.800000000000011,above,5–10 K,0.8304489,0.15695162,0.012599453,0.0034393293,0.5308121,0.46574855
no,1-butyl-4-methylpyridinium tetrafluoroborate,CCCC[n+]1ccc(C)cc1.F[B-](F)(F)F,[C4MPy][BF4],n-propylbenzene,CCCc1ccccc1,aromatic,n-hexadecane,CCCCCCCCCCCCCCCC,alkane,0.9565,0.0407,0.0028,0.0,0.1342,0.8658,101.325,0.0,99,333.0,9.800000000000011,above,5–10 K,0.9518452,0.04400705,0.0041477485,0.0020227104,0.28461322,0.713364
no,1-butyl-4-methylpyridinium tetrafluoroborate,CCCC[n+]1ccc(C)cc1.F[B-](F)(F)F,[C4MPy][BF4],n-propylbenzene,CCCc1ccccc1,aromatic,n-hexadecane,CCCCCCCCCCCCCCCC,alkane,0.9228,0.0744,0.0028,0.0,0.2392,0.7608,101.325,0.11111111,99,333.0,9.800000000000011,above,5–10 K,0.94428533,0.051009536,0.0047051483,0.0021557298,0.30842134,0.6894229
no,1-butyl-4-methylpyridinium tetrafluoroborate,CCCC[n+]1ccc(C)cc1.F[B-](F)(F)F,[C4MPy][BF4],n-propylbenzene,CCCc1ccccc1,aromatic,n-hexadecane,CCCCCCCCCCCCCCCC,alkane,0.8951,0.102,0.0029,0.0,0.3236,0.6764,101.325,0.22222222,99,333.0,9.800000000000011,above,5–10 K,0.93561906,0.05904917,0.0053318,0.002291433,0.33335778,0.66435087
no,1-butyl-4-methylpyridinium tetrafluoroborate,CCCC[n+]1ccc(C)cc1.F[B-](F)(F)F,[C4MPy][BF4],n-propylbenzene,CCCc1ccccc1,aromatic,n-hexadecane,CCCCCCCCCCCCCCCC,alkane,0.8698,0.1272,0.003,0.0,0.3915,0.6085,101.325,0.33333334,99,333.0,9.800000000000011,above,5–10 K,0.92570424,0.0682647,0.0060309954,0.002428675,0.35929015,0.63828117
no,1-butyl-4-methylpyridinium tetrafluoroborate,CCCC[n+]1ccc(C)cc1.F[B-](F)(F)F,[C4MPy][BF4],n-propylbenzene,CCCc1ccccc1,aromatic,n-hexadecane,CCCCCCCCCCCCCCCC,alkane,0.8454,0.1513,0.0033,0.0,0.447,0.553,101.325,0.44444445,99,333.0,9.800000000000011,above,5–10 K,0.91230816,0.08055407,0.007137788,0.0031346583,0.38348827,0.6133771
no,1-butyl-4-methylpyridinium tetrafluoroborate,CCCC[n+]1ccc(C)cc1.F[B-](F)(F)F,[C4MPy][BF4],n-propylbenzene,CCCc1ccccc1,aromatic,n-hexadecane,CCCCCCCCCCCCCCCC,alkane,0.8225,0.1741,0.0034,0.0,0.4932,0.5068,101.325,0.5555556,99,333.0,9.800000000000011,above,5–10 K,0.898418,0.093371816,0.0082101375,0.0036363003,0.40926367,0.5871001
no,1-butyl-4-methylpyridinium tetrafluoroborate,CCCC[n+]1ccc(C)cc1.F[B-](F)(F)F,[C4MPy][BF4],n-propylbenzene,CCCc1ccccc1,aromatic,n-hexadecane,CCCCCCCCCCCCCCCC,alkane,0.8025,0.1939,0.0036,0.0,0.5329,0.4671,101.325,0.6666667,99,333.0,9.800000000000011,above,5–10 K,0.88373137,0.10705108,0.009217483,0.0038181972,0.4371659,0.5590159
no,1-butyl-4-methylpyridinium tetrafluoroborate,CCCC[n+]1ccc(C)cc1.F[B-](F)(F)F,[C4MPy][BF4],n-propylbenzene,CCCc1ccccc1,aromatic,n-hexadecane,CCCCCCCCCCCCCCCC,alkane,0.7867,0.2095,0.0038,0.0,0.5678,0.4322,101.325,0.7777778,99,333.0,9.800000000000011,above,5–10 K,0.8672018,0.12249425,0.010303904,0.003933087,0.46561104,0.5304558
no,1-butyl-4-methylpyridinium tetrafluoroborate,CCCC[n+]1ccc(C)cc1.F[B-](F)(F)F,[C4MPy][BF4],n-propylbenzene,CCCc1ccccc1,aromatic,n-hexadecane,CCCCCCCCCCCCCCCC,alkane,0.7517,0.2443,0.004,0.0,0.6227,0.3773,101.325,0.8888889,99,333.0,9.800000000000011,above,5–10 K,0.84880525,0.13974586,0.011448908,0.0039695976,0.49426588,0.5017645
no,1-butyl-4-methylpyridinium tetrafluoroborate,CCCC[n+]1ccc(C)cc1.F[B-](F)(F)F,[C4MPy][BF4],n-propylbenzene,CCCc1ccccc1,aromatic,n-hexadecane,CCCCCCCCCCCCCCCC,alkane,0.7135,0.2823,0.0042,0.0,0.664,0.336,101.325,1.0,99,333.0,9.800000000000011,above,5–10 K,0.8282201,0.15901728,0.012762546,0.0041291644,0.5229858,0.47288504
no,1-butyl-4-methylpyridinium tetrafluoroborate,CCCC[n+]1ccc(C)cc1.F[B-](F)(F)F,[C4MPy][BF4],n-propylbenzene,CCCc1ccccc1,aromatic,n-heptadecane,CCCCCCCCCCCCCCCCC,alkane,0.9572,0.0405,0.0023,0.0,0.1409,0.8591,101.325,0.0,102,333.0,9.800000000000011,above,5–10 K,0.9504385,0.04522876,0.0043327115,0.002517189,0.27780047,0.7196824
no,1-butyl-4-methylpyridinium tetrafluoroborate,CCCC[n+]1ccc(C)cc1.F[B-](F)(F)F,[C4MPy][BF4],n-propylbenzene,CCCc1ccccc1,aromatic,n-heptadecane,CCCCCCCCCCCCCCCCC,alkane,0.9243,0.0733,0.0024,0.0,0.25,0.75,101.325,0.125,102,333.0,9.800000000000011,above,5–10 K,0.94184285,0.05320534,0.0049518184,0.0026301327,0.30441755,0.69295233
no,1-butyl-4-methylpyridinium tetrafluoroborate,CCCC[n+]1ccc(C)cc1.F[B-](F)(F)F,[C4MPy][BF4],n-propylbenzene,CCCc1ccccc1,aromatic,n-heptadecane,CCCCCCCCCCCCCCCCC,alkane,0.8963,0.1012,0.0025,0.0,0.3361,0.6639,101.325,0.25,102,333.0,9.800000000000011,above,5–10 K,0.9317397,0.06258751,0.005672729,0.0027786994,0.3326003,0.664621
no,1-butyl-4-methylpyridinium tetrafluoroborate,CCCC[n+]1ccc(C)cc1.F[B-](F)(F)F,[C4MPy][BF4],n-propylbenzene,CCCc1ccccc1,aromatic,n-heptadecane,CCCCCCCCCCCCCCCCC,alkane,0.8717,0.1257,0.0026,0.0,0.4053,0.5947,101.325,0.375,102,333.0,9.800000000000011,above,5–10 K,0.9199088,0.073581174,0.0065099234,0.0029660643,0.36212495,0.634909
no,1-butyl-4-methylpyridinium tetrafluoroborate,CCCC[n+]1ccc(C)cc1.F[B-](F)(F)F,[C4MPy][BF4],n-propylbenzene,CCCc1ccccc1,aromatic,n-heptadecane,CCCCCCCCCCCCCCCCC,alkane,0.8485,0.1488,0.0027,0.0,0.4615,0.5385,101.325,0.5,102,333.0,9.800000000000011,above,5–10 K,0.90566325,0.08690238,0.0074344017,0.0029358107,0.40186098,0.5952032
no,1-butyl-4-methylpyridinium tetrafluoroborate,CCCC[n+]1ccc(C)cc1.F[B-](F)(F)F,[C4MPy][BF4],n-propylbenzene,CCCc1ccccc1,aromatic,n-heptadecane,CCCCCCCCCCCCCCCCC,alkane,0.8261,0.1711,0.0028,0.0,0.5079,0.4921,101.325,0.625,102,333.0,9.800000000000011,above,5–10 K,0.89059967,0.10096718,0.008433109,0.0029460993,0.4364975,0.5605564
no,1-butyl-4-methylpyridinium tetrafluoroborate,CCCC[n+]1ccc(C)cc1.F[B-](F)(F)F,[C4MPy][BF4],n-propylbenzene,CCCc1ccccc1,aromatic,n-heptadecane,CCCCCCCCCCCCCCCCC,alkane,0.8032,0.1939,0.0029,0.0,0.5464,0.4536,101.325,0.75,102,333.0,9.800000000000011,above,5–10 K,0.87262046,0.117768295,0.009611246,0.0031050078,0.46828002,0.52861506
no,1-butyl-4-methylpyridinium tetrafluoroborate,CCCC[n+]1ccc(C)cc1.F[B-](F)(F)F,[C4MPy][BF4],n-propylbenzene,CCCc1ccccc1,aromatic,n-heptadecane,CCCCCCCCCCCCCCCCC,alkane,0.7873,0.2097,0.003,0.0,0.581,0.419,101.325,0.875,102,333.0,9.800000000000011,above,5–10 K,0.85217977,0.13690352,0.010916751,0.0032596954,0.5006351,0.49610528
no,1-butyl-4-methylpyridinium tetrafluoroborate,CCCC[n+]1ccc(C)cc1.F[B-](F)(F)F,[C4MPy][BF4],n-propylbenzene,CCCc1ccccc1,aromatic,n-heptadecane,CCCCCCCCCCCCCCCCC,alkane,0.75890005,0.23800002,0.0031000003,0.0,0.6368,0.3632,101.325,1.0,102,333.0,9.800000000000011,above,5–10 K,0.8291585,0.15848565,0.012355921,0.0034106402,0.5331579,0.4634315
no,1-butyl-4-methylpyridinium tetrafluoroborate,CCCC[n+]1ccc(C)cc1.F[B-](F)(F)F,[C4MPy][BF4],n-butylbenzene,CCCCc1ccccc1,aromatic,n-dodecane,CCCCCCCCCCCC,alkane,0.9648,0.0274,0.0078,0.0,0.0956,0.9044,101.325,0.0,105,333.0,9.800000000000011,above,5–10 K,0.95538807,0.040128488,0.0044834455,0.002309169,0.32864657,0.66904426
no,1-butyl-4-methylpyridinium tetrafluoroborate,CCCC[n+]1ccc(C)cc1.F[B-](F)(F)F,[C4MPy][BF4],n-butylbenzene,CCCCc1ccccc1,aromatic,n-dodecane,CCCCCCCCCCCC,alkane,0.94,0.0524,0.0076,1e-04,0.1755,0.8244,101.325,0.07692308,105,333.0,9.800000000000011,above,5–10 K,0.95075625,0.044355985,0.004887721,0.0023939202,0.34454587,0.6530602
no,1-butyl-4-methylpyridinium tetrafluoroborate,CCCC[n+]1ccc(C)cc1.F[B-](F)(F)F,[C4MPy][BF4],n-butylbenzene,CCCCc1ccccc1,aromatic,n-dodecane,CCCCCCCCCCCC,alkane,0.9172,0.0754,0.0074,1e-04,0.2436,0.7563,101.325,0.15384616,105,333.0,9.800000000000011,above,5–10 K,0.9456104,0.049061224,0.0053284154,0.0024681722,0.3612652,0.6362666
no,1-butyl-4-methylpyridinium tetrafluoroborate,CCCC[n+]1ccc(C)cc1.F[B-](F)(F)F,[C4MPy][BF4],n-butylbenzene,CCCCc1ccccc1,aromatic,n-dodecane,CCCCCCCCCCCC,alkane,0.8963,0.0964,0.0073,0.0002,0.3015,0.6983,101.325,0.23076923,105,333.0,9.800000000000011,above,5–10 K,0.94012946,0.05407252,0.0057979072,0.002563529,0.37746456,0.61997193
no,1-butyl-4-methylpyridinium tetrafluoroborate,CCCC[n+]1ccc(C)cc1.F[B-](F)(F)F,[C4MPy][BF4],n-butylbenzene,CCCCc1ccccc1,aromatic,n-dodecane,CCCCCCCCCCCC,alkane,0.8772,0.1157,0.0071,0.0003,0.3515,0.6482,101.325,0.30769232,105,333.0,9.800000000000011,above,5–10 K,0.934129,0.059566937,0.006304126,0.0026592624,0.39400092,0.60333985
no,1-butyl-4-methylpyridinium tetrafluoroborate,CCCC[n+]1ccc(C)cc1.F[B-](F)(F)F,[C4MPy][BF4],n-butylbenzene,CCCCc1ccccc1,aromatic,n-dodecane,CCCCCCCCCCCC,alkane,0.8595,0.1335,0.007,0.0003,0.3949,0.6048,101.325,0.3846154,105,333.0,9.800000000000011,above,5–10 K,0.9253865,0.06754691,0.0070666326,0.0029181687,0.41460103,0.58248085
no,1-butyl-4-methylpyridinium tetrafluoroborate,CCCC[n+]1ccc(C)cc1.F[B-](F)(F)F,[C4MPy][BF4],n-butylbenzene,CCCCc1ccccc1,aromatic,n-dodecane,CCCCCCCCCCCC,alkane,0.8431,0.15,0.0069,0.0005,0.433,0.5665,101.325,0.46153846,105,333.0,9.800000000000011,above,5–10 K,0.9135444,0.078346044,0.008109524,0.003337609,0.43945414,0.55720824
no,1-butyl-4-methylpyridinium tetrafluoroborate,CCCC[n+]1ccc(C)cc1.F[B-](F)(F)F,[C4MPy][BF4],n-butylbenzene,CCCCc1ccccc1,aromatic,n-dodecane,CCCCCCCCCCCC,alkane,0.828,0.1652,0.0068,0.0006,0.4666,0.5328,101.325,0.53846157,105,333.0,9.800000000000011,above,5–10 K,0.9051575,0.086052775,0.008789711,0.0034471396,0.45686263,0.53969026
no,1-butyl-4-methylpyridinium tetrafluoroborate,CCCC[n+]1ccc(C)cc1.F[B-](F)(F)F,[C4MPy][BF4],n-butylbenzene,CCCCc1ccccc1,aromatic,n-dodecane,CCCCCCCCCCCC,alkane,0.8138,0.1796,0.0066,0.0009,0.4967,0.5024,101.325,0.61538464,105,333.0,9.800000000000011,above,5–10 K,0.896096,0.09438959,0.009514433,0.0035555344,0.4743323,0.52211213
no,1-butyl-4-methylpyridinium tetrafluoroborate,CCCC[n+]1ccc(C)cc1.F[B-](F)(F)F,[C4MPy][BF4],n-butylbenzene,CCCCc1ccccc1,aromatic,n-dodecane,CCCCCCCCCCCC,alkane,0.8005,0.193,0.0065,0.0009,0.5238,0.4753,101.325,0.6923077,105,333.0,9.800000000000011,above,5–10 K,0.8829626,0.10636016,0.010677339,0.0040388964,0.49360627,0.5023548
no,1-butyl-4-methylpyridinium tetrafluoroborate,CCCC[n+]1ccc(C)cc1.F[B-](F)(F)F,[C4MPy][BF4],n-butylbenzene,CCCCc1ccccc1,aromatic,n-dodecane,CCCCCCCCCCCC,alkane,0.7877,0.2059,0.0064,0.0011,0.5487,0.4502,101.325,0.7692308,105,333.0,9.800000000000011,above,5–10 K,0.86515474,0.122466736,0.012378536,0.0050317766,0.5137204,0.48124784
no,1-butyl-4-methylpyridinium tetrafluoroborate,CCCC[n+]1ccc(C)cc1.F[B-](F)(F)F,[C4MPy][BF4],n-butylbenzene,CCCCc1ccccc1,aromatic,n-dodecane,CCCCCCCCCCCC,alkane,0.776,0.2177,0.0063,0.0014,0.5706,0.428,101.325,0.84615386,105,333.0,9.800000000000011,above,5–10 K,0.8530086,0.13365982,0.013331501,0.0051696133,0.531211,0.4636194
no,1-butyl-4-methylpyridinium tetrafluoroborate,CCCC[n+]1ccc(C)cc1.F[B-](F)(F)F,[C4MPy][BF4],n-butylbenzene,CCCCc1ccccc1,aromatic,n-dodecane,CCCCCCCCCCCC,alkane,0.7649,0.2289,0.0062,0.0016,0.5908,0.4076,101.325,0.9230769,105,333.0,9.800000000000011,above,5–10 K,0.84004474,0.14561443,0.014340783,0.0053027896,0.5485941,0.4461031
no,1-butyl-4-methylpyridinium tetrafluoroborate,CCCC[n+]1ccc(C)cc1.F[B-](F)(F)F,[C4MPy][BF4],n-butylbenzene,CCCCc1ccccc1,aromatic,n-dodecane,CCCCCCCCCCCC,alkane,0.7544,0.2395,0.0061,0.0019,0.6092,0.3889,101.325,1.0,105,333.0,9.800000000000011,above,5–10 K,0.84279233,0.14288655,0.014321061,0.005323879,0.5426233,0.45205283
,1-butyl-3-methylimidazolium dicyanamide,CCCCn1cc[n+](C)c1.N#CN=C=[N-],[BMIm][N(CN)2],toluene,Cc1ccccc1,aromatic,n-heptane,CCCCCCC,alkane,0.981,0.0,0.019,0.001,0.0,0.999,101.325,0.0,120,328.15,4.949999999999989,above,0–5 K,0.936774,0.05885867,0.004367325,0.0032895312,0.25037345,0.746337
,1-butyl-3-methylimidazolium dicyanamide,CCCCn1cc[n+](C)c1.N#CN=C=[N-],[BMIm][N(CN)2],toluene,Cc1ccccc1,aromatic,n-heptane,CCCCCCC,alkane,0.944,0.039,0.017,0.001,0.07,0.929,101.325,0.16666667,120,328.15,4.949999999999989,above,0–5 K,0.9213945,0.07334347,0.005262075,0.003650531,0.28854933,0.70780015
,1-butyl-3-methylimidazolium dicyanamide,CCCCn1cc[n+](C)c1.N#CN=C=[N-],[BMIm][N(CN)2],toluene,Cc1ccccc1,aromatic,n-heptane,CCCCCCC,alkane,0.901,0.084,0.015,0.001,0.163,0.836,101.325,0.33333334,120,328.15,4.949999999999989,above,0–5 K,0.9027103,0.09097626,0.0063134404,0.0040182485,0.3300995,0.66588223
,1-butyl-3-methylimidazolium dicyanamide,CCCCn1cc[n+](C)c1.N#CN=C=[N-],[BMIm][N(CN)2],toluene,Cc1ccccc1,aromatic,n-heptane,CCCCCCC,alkane,0.838,0.15,0.012,0.001,0.318,0.681,101.325,0.5,120,328.15,4.949999999999989,above,0–5 K,0.880207,0.112257086,0.0075358558,0.004381698,0.37476102,0.62085724
,1-butyl-3-methylimidazolium dicyanamide,CCCCn1cc[n+](C)c1.N#CN=C=[N-],[BMIm][N(CN)2],toluene,Cc1ccccc1,aromatic,n-heptane,CCCCCCC,alkane,0.778,0.213,0.009,0.001,0.492,0.507,101.325,0.6666667,120,328.15,4.949999999999989,above,0–5 K,0.85325766,0.13779263,0.008949699,0.004741643,0.42142585,0.57383245
,1-butyl-3-methylimidazolium dicyanamide,CCCCn1cc[n+](C)c1.N#CN=C=[N-],[BMIm][N(CN)2],toluene,Cc1ccccc1,aromatic,n-heptane,CCCCCCC,alkane,0.698,0.295,0.007,0.001,0.705,0.294,101.325,0.8333333,120,328.15,4.949999999999989,above,0–5 K,0.8213834,0.16805182,0.010564841,0.005086623,0.46965826,0.52525514
,1-butyl-3-methylimidazolium dicyanamide,CCCCn1cc[n+](C)c1.N#CN=C=[N-],[BMIm][N(CN)2],toluene,Cc1ccccc1,aromatic,n-heptane,CCCCCCC,alkane,0.533,0.467,0.0,0.001,0.999,0.0,101.325,1.0,120,328.15,4.949999999999989,above,0–5 K,0.78343207,0.20437351,0.01219439,0.005153068,0.52225274,0.4725942
,3-methyl-N-butylpyridinium dicyanamide,CCCC[n+]1cccc(C)c1.N#CN=C=[N-],[C4MPy][N(CN)2],benzene,c1ccccc1,aromatic,n-hexane,CCCCCC,alkane,0.97,0.0,0.03,0.001,0.0,0.999,101.325,0.0,122,328.15,4.949999999999989,above,0–5 K,0.81866306,0.1694766,0.011860388,0.00521796,0.24747674,0.74730533
,3-methyl-N-butylpyridinium dicyanamide,CCCC[n+]1cccc(C)c1.N#CN=C=[N-],[C4MPy][N(CN)2],benzene,c1ccccc1,aromatic,n-hexane,CCCCCC,alkane,0.885,0.09,0.025,0.001,0.081,0.918,101.325,0.11111111,122,328.15,4.949999999999989,above,0–5 K,0.79474634,0.19213243,0.013121302,0.0054939035,0.2739554,0.72055066
,3-methyl-N-butylpyridinium dicyanamide,CCCC[n+]1cccc(C)c1.N#CN=C=[N-],[C4MPy][N(CN)2],benzene,c1ccccc1,aromatic,n-hexane,CCCCCC,alkane,0.829,0.147,0.024,0.001,0.148,0.851,101.325,0.22222222,122,328.15,4.949999999999989,above,0–5 K,0.76860917,0.21697268,0.014418205,0.005668168,0.30233914,0.6919927
,3-methyl-N-butylpyridinium dicyanamide,CCCC[n+]1cccc(C)c1.N#CN=C=[N-],[C4MPy][N(CN)2],benzene,c1ccccc1,aromatic,n-hexane,CCCCCC,alkane,0.752,0.222,0.026,0.0,0.237,0.763,101.325,0.33333334,122,328.15,4.949999999999989,above,0–5 K,0.7400878,0.24403158,0.015880661,0.0060256696,0.3319974,0.6619769
,3-methyl-N-butylpyridinium dicyanamide,CCCC[n+]1cccc(C)c1.N#CN=C=[N-],[C4MPy][N(CN)2],benzene,c1ccccc1,aromatic,n-hexane,CCCCCC,alkane,0.694,0.283,0.023,0.0,0.331,0.669,101.325,0.44444445,122,328.15,4.949999999999989,above,0–5 K,0.7094846,0.2731065,0.017408945,0.0063781952,0.36297393,0.63064784
,3-methyl-N-butylpyridinium dicyanamide,CCCC[n+]1cccc(C)c1.N#CN=C=[N-],[C4MPy][N(CN)2],benzene,c1ccccc1,aromatic,n-hexane,CCCCCC,alkane,0.633,0.345,0.022,0.001,0.432,0.567,101.325,0.5555556,122,328.15,4.949999999999989,above,0–5 K,0.67758936,0.3027795,0.01963117,0.0077463184,0.38974112,0.60251254
,3-methyl-N-butylpyridinium dicyanamide,CCCC[n+]1cccc(C)c1.N#CN=C=[N-],[C4MPy][N(CN)2],benzene,c1ccccc1,aromatic,n-hexane,CCCCCC,alkane,0.565,0.414,0.021,0.001,0.545,0.454,101.325,0.6666667,122,328.15,4.949999999999989,above,0–5 K,0.64418626,0.33416873,0.021644952,0.008791718,0.41978824,0.5714201
,3-methyl-N-butylpyridinium dicyanamide,CCCC[n+]1cccc(C)c1.N#CN=C=[N-],[C4MPy][N(CN)2],benzene,c1ccccc1,aromatic,n-hexane,CCCCCC,alkane,0.56,0.42,0.02,0.001,0.641,0.358,101.325,0.7777778,122,328.15,4.949999999999989,above,0–5 K,0.6089169,0.3677283,0.02335475,0.009182247,0.45298845,0.5378293
,3-methyl-N-butylpyridinium dicyanamide,CCCC[n+]1cccc(C)c1.N#CN=C=[N-],[C4MPy][N(CN)2],benzene,c1ccccc1,aromatic,n-hexane,CCCCCC,alkane,0.448,0.536,0.016,0.0,0.761,0.239,101.325,0.8888889,122,328.15,4.949999999999989,above,0–5 K,0.5727258,0.40221983,0.025054382,0.009545817,0.48638025,0.5040739
,3-methyl-N-butylpyridinium dicyanamide,CCCC[n+]1cccc(C)c1.N#CN=C=[N-],[C4MPy][N(CN)2],benzene,c1ccccc1,aromatic,n-hexane,CCCCCC,alkane,0.3,0.7,0.0,0.001,0.999,0.0,101.325,1.0,122,328.15,4.949999999999989,above,0–5 K,0.53558004,0.43767813,0.026741806,0.009874455,0.52005434,0.4700712
,3-methyl-N-butylpyridinium dicyanamide,CCCC[n+]1cccc(C)c1.N#CN=C=[N-],[C4MPy][N(CN)2],toluene,Cc1ccccc1,aromatic,n-heptane,CCCCCCC,alkane,0.978,0.0,0.022,0.001,0.0,0.999,101.325,0.0,124,328.15,4.949999999999989,above,0–5 K,0.9115087,0.08262508,0.005866222,0.004475032,0.25628537,0.73923963
,3-methyl-N-butylpyridinium dicyanamide,CCCC[n+]1cccc(C)c1.N#CN=C=[N-],[C4MPy][N(CN)2],toluene,Cc1ccccc1,aromatic,n-heptane,CCCCCCC,alkane,0.927,0.051,0.022,0.001,0.071,0.928,101.325,0.2,124,328.15,4.949999999999989,above,0–5 K,0.8862764,0.10646563,0.007258042,0.005052507,0.303692,0.6912555
,3-methyl-N-butylpyridinium dicyanamide,CCCC[n+]1cccc(C)c1.N#CN=C=[N-],[C4MPy][N(CN)2],toluene,Cc1ccccc1,aromatic,n-heptane,CCCCCCC,alkane,0.886,0.093,0.021,0.001,0.141,0.858,101.325,0.4,124,328.15,4.949999999999989,above,0–5 K,0.8551679,0.13595217,0.008879906,0.005559909,0.35677257,0.63766754
,3-methyl-N-butylpyridinium dicyanamide,CCCC[n+]1cccc(C)c1.N#CN=C=[N-],[C4MPy][N(CN)2],toluene,Cc1ccccc1,aromatic,n-heptane,CCCCCCC,alkane,0.802,0.177,0.021,0.001,0.291,0.708,101.325,0.6,124,328.15,4.949999999999989,above,0–5 K,0.8171793,0.17203604,0.010784668,0.0060811294,0.4131185,0.5808003
,3-methyl-N-butylpyridinium dicyanamide,CCCC[n+]1cccc(C)c1.N#CN=C=[N-],[C4MPy][N(CN)2],toluene,Cc1ccccc1,aromatic,n-heptane,CCCCCCC,alkane,0.70100003,0.28000003,0.019000001,0.001,0.445,0.554,101.325,0.8,124,328.15,4.949999999999989,above,0–5 K,0.77196693,0.21506305,0.012969982,0.0066070603,0.47111133,0.5222816
,3-methyl-N-butylpyridinium dicyanamide,CCCC[n+]1cccc(C)c1.N#CN=C=[N-],[C4MPy][N(CN)2],toluene,Cc1ccccc1,aromatic,n-heptane,CCCCCCC,alkane,0.57500005,0.40600002,0.019000001,0.001,0.734,0.265,101.325,1.0,124,328.15,4.949999999999989,above,0–5 K,0.7195178,0.26509458,0.015387632,0.00707753,0.52982426,0.46309826
,3-methyl-N-butylpyridinium dicyanamide,CCCC[n+]1cccc(C)c1.N#CN=C=[N-],[C4MPy][N(CN)2],p-xylene,Cc1ccc(C)cc1,aromatic,n-hexane,CCCCCC,alkane,0.974,0.0,0.026,0.0,0.0,1.0,101.325,0.0,126,328.15,4.949999999999989,above,0–5 K,0.9203457,0.07428956,0.0053646667,0.004317658,0.2749497,0.7207326
,3-methyl-N-butylpyridinium dicyanamide,CCCC[n+]1cccc(C)c1.N#CN=C=[N-],[C4MPy][N(CN)2],p-xylene,Cc1ccc(C)cc1,aromatic,n-hexane,CCCCCC,alkane,0.939,0.034,0.027,0.0,0.071,0.929,101.325,0.1,126,328.15,4.949999999999989,above,0–5 K,0.90961987,0.0844053,0.0059748692,0.004582425,0.29814425,0.6972733
,3-methyl-N-butylpyridinium dicyanamide,CCCC[n+]1cccc(C)c1.N#CN=C=[N-],[C4MPy][N(CN)2],p-xylene,Cc1ccc(C)cc1,aromatic,n-hexane,CCCCCC,alkane,0.901,0.071,0.028,0.0,0.145,0.855,101.325,0.2,126,328.15,4.949999999999989,above,0–5 K,0.89762396,0.09573008,0.006645953,0.0048509524,0.32242575,0.67272323
,3-methyl-N-butylpyridinium dicyanamide,CCCC[n+]1cccc(C)c1.N#CN=C=[N-],[C4MPy][N(CN)2],p-xylene,Cc1ccc(C)cc1,aromatic,n-hexane,CCCCCC,alkane,0.87600005,0.09900001,0.025000002,0.0,0.226,0.774,101.325,0.3,126,328.15,4.949999999999989,above,0–5 K,0.8845295,0.10821901,0.0072515495,0.0047882944,0.3489345,0.6462772
,3-methyl-N-butylpyridinium dicyanamide,CCCC[n+]1cccc(C)c1.N#CN=C=[N-],[C4MPy][N(CN)2],p-xylene,Cc1ccc(C)cc1,aromatic,n-hexane,CCCCCC,alkane,0.841,0.135,0.024,0.0,0.322,0.678,101.325,0.4,126,328.15,4.949999999999989,above,0–5 K,0.8698116,0.12222103,0.007967397,0.0048735966,0.37583923,0.6192872
,3-methyl-N-butylpyridinium dicyanamide,CCCC[n+]1cccc(C)c1.N#CN=C=[N-],[C4MPy][N(CN)2],p-xylene,Cc1ccc(C)cc1,aromatic,n-hexane,CCCCCC,alkane,0.816,0.162,0.022,0.0,0.395,0.605,101.325,0.5,126,328.15,4.949999999999989,above,0–5 K,0.8532541,0.13793123,0.008814641,0.005112455,0.4031763,0.5917112
,3-methyl-N-butylpyridinium dicyanamide,CCCC[n+]1cccc(C)c1.N#CN=C=[N-],[C4MPy][N(CN)2],p-xylene,Cc1ccc(C)cc1,aromatic,n-hexane,CCCCCC,alkane,0.761,0.216,0.023,0.0,0.504,0.496,101.325,0.6,126,328.15,4.949999999999989,above,0–5 K,0.8353026,0.15504529,0.0096521275,0.005138923,0.43149245,0.5633686
,3-methyl-N-butylpyridinium dicyanamide,CCCC[n+]1cccc(C)c1.N#CN=C=[N-],[C4MPy][N(CN)2],p-xylene,Cc1ccc(C)cc1,aromatic,n-hexane,CCCCCC,alkane,0.723,0.259,0.018,0.0,0.639,0.361,101.325,0.7,126,328.15,4.949999999999989,above,0–5 K,0.8153351,0.1740407,0.010624121,0.0053552715,0.45991448,0.53473026
,3-methyl-N-butylpyridinium dicyanamide,CCCC[n+]1cccc(C)c1.N#CN=C=[N-],[C4MPy][N(CN)2],p-xylene,Cc1ccc(C)cc1,aromatic,n-hexane,CCCCCC,alkane,0.712,0.274,0.014,0.0,0.735,0.265,101.325,0.8,126,328.15,4.949999999999989,above,0–5 K,0.7936189,0.19472007,0.011661065,0.005564517,0.488468,0.5059675
,3-methyl-N-butylpyridinium dicyanamide,CCCC[n+]1cccc(C)c1.N#CN=C=[N-],[C4MPy][N(CN)2],p-xylene,Cc1ccc(C)cc1,aromatic,n-hexane,CCCCCC,alkane,0.68200004,0.30700004,0.011000001,0.0,0.802,0.198,101.325,0.9,126,328.15,4.949999999999989,above,0–5 K,0.7700395,0.21719848,0.012762023,0.005761756,0.5171212,0.47711703
,3-methyl-N-butylpyridinium dicyanamide,CCCC[n+]1cccc(C)c1.N#CN=C=[N-],[C4MPy][N(CN)2],p-xylene,Cc1ccc(C)cc1,aromatic,n-hexane,CCCCCC,alkane,0.619,0.381,0.0,0.0,1.0,0.0,101.325,1.0,126,328.15,4.949999999999989,above,0–5 K,0.7446475,0.24143782,0.013914702,0.00594449,0.5456917,0.44836375
,3-methyl-N-butylpyridinium dicyanamide,CCCC[n+]1cccc(C)c1.N#CN=C=[N-],[C4MPy][N(CN)2],cumene,CC(C)c1ccccc1,aromatic,n-nonane,CCCCCCCCC,alkane,0.9922,0.0,0.0078,0.001,0.0,0.999,101.325,0.0,128,328.15,4.949999999999989,above,0–5 K,0.94145435,0.053041812,0.005503749,0.0036558781,0.27923033,0.71711373
,3-methyl-N-butylpyridinium dicyanamide,CCCC[n+]1cccc(C)c1.N#CN=C=[N-],[C4MPy][N(CN)2],cumene,CC(C)c1ccccc1,aromatic,n-nonane,CCCCCCCCC,alkane,0.9685,0.024,0.0075,0.002,0.082,0.916,101.325,0.11111111,128,328.15,4.949999999999989,above,0–5 K,0.932888,0.060911886,0.0062001715,0.0038894129,0.3012239,0.6948867
,3-methyl-N-butylpyridinium dicyanamide,CCCC[n+]1cccc(C)c1.N#CN=C=[N-],[C4MPy][N(CN)2],cumene,CC(C)c1ccccc1,aromatic,n-nonane,CCCCCCCCC,alkane,0.9447,0.048,0.0073,0.001,0.178,0.821,101.325,0.22222222,128,328.15,4.949999999999989,above,0–5 K,0.92415637,0.06909524,0.0067484425,0.0035864413,0.32700267,0.6694109
,3-methyl-N-butylpyridinium dicyanamide,CCCC[n+]1cccc(C)c1.N#CN=C=[N-],[C4MPy][N(CN)2],cumene,CC(C)c1ccccc1,aromatic,n-nonane,CCCCCCCCC,alkane,0.9242,0.069,0.0068,0.002,0.267,0.731,101.325,0.33333334,128,328.15,4.949999999999989,above,0–5 K,0.9131362,0.07927356,0.0075901966,0.0037966145,0.35143656,0.6447668
,3-methyl-N-butylpyridinium dicyanamide,CCCC[n+]1cccc(C)c1.N#CN=C=[N-],[C4MPy][N(CN)2],cumene,CC(C)c1ccccc1,aromatic,n-nonane,CCCCCCCCC,alkane,0.90430003,0.08900001,0.0067000003,0.002,0.358,0.64,101.325,0.44444445,128,328.15,4.949999999999989,above,0–5 K,0.900695,0.09078095,0.00852404,0.0040095756,0.37665603,0.6193344
,3-methyl-N-butylpyridinium dicyanamide,CCCC[n+]1cccc(C)c1.N#CN=C=[N-],[C4MPy][N(CN)2],cumene,CC(C)c1ccccc1,aromatic,n-nonane,CCCCCCCCC,alkane,0.8837,0.11,0.0063,0.002,0.454,0.544,101.325,0.5555556,128,328.15,4.949999999999989,above,0–5 K,0.8867783,0.10367538,0.009546388,0.0042139813,0.402852,0.5929341
,3-methyl-N-butylpyridinium dicyanamide,CCCC[n+]1cccc(C)c1.N#CN=C=[N-],[C4MPy][N(CN)2],cumene,CC(C)c1ccccc1,aromatic,n-nonane,CCCCCCCCC,alkane,0.8597,0.135,0.0053,0.001,0.56,0.439,101.325,0.6666667,128,328.15,4.949999999999989,above,0–5 K,0.8712113,0.118123405,0.010665257,0.0044188164,0.42940578,0.5661754
,3-methyl-N-butylpyridinium dicyanamide,CCCC[n+]1cccc(C)c1.N#CN=C=[N-],[C4MPy][N(CN)2],cumene,CC(C)c1ccccc1,aromatic,n-nonane,CCCCCCCCC,alkane,0.8344,0.161,0.0046,0.001,0.655,0.344,101.325,0.7777778,128,328.15,4.949999999999989,above,0–5 K,0.85370207,0.13439408,0.011903879,0.004627174,0.45639518,0.5389776
,3-methyl-N-butylpyridinium dicyanamide,CCCC[n+]1cccc(C)c1.N#CN=C=[N-],[C4MPy][N(CN)2],cumene,CC(C)c1ccccc1,aromatic,n-nonane,CCCCCCCCC,alkane,0.8218,0.175,0.0032,0.002,0.778,0.22,101.325,0.8888889,128,328.15,4.949999999999989,above,0–5 K,0.83455104,0.1522225,0.013226476,0.004817727,0.48363015,0.51155216
,3-methyl-N-butylpyridinium dicyanamide,CCCC[n+]1cccc(C)c1.N#CN=C=[N-],[C4MPy][N(CN)2],cumene,CC(C)c1ccccc1,aromatic,n-nonane,CCCCCCCCC,alkane,0.81560004,0.18200001,0.0024000003,0.001,0.841,0.158,101.325,1.0,128,328.15,4.949999999999989,above,0–5 K,0.81322914,0.1721012,0.014669679,0.005008823,0.5110515,0.48393968
,1-butyl-3-methylimidazolium thiocyanate,CCCCn1cc[n+](C)c1.N#C[S-],[C4MIm][SCN],toluene,Cc1ccccc1,aromatic,n-heptane,CCCCCCC,alkane,0.991,0.0,0.009,0.001,0.0,0.999,101.325,0.0,137,328.15,4.949999999999989,above,0–5 K,0.94164926,0.053833406,0.0045173215,0.0032589086,0.28310832,0.71363276
,1-butyl-3-methylimidazolium thiocyanate,CCCCn1cc[n+](C)c1.N#C[S-],[C4MIm][SCN],toluene,Cc1ccccc1,aromatic,n-heptane,CCCCCCC,alkane,0.953,0.035,0.012,0.001,0.077,0.922,101.325,0.16666667,137,328.15,4.949999999999989,above,0–5 K,0.9276599,0.06690863,0.0054313773,0.0035794333,0.32257536,0.67384523
,1-butyl-3-methylimidazolium thiocyanate,CCCCn1cc[n+](C)c1.N#C[S-],[C4MIm][SCN],toluene,Cc1ccccc1,aromatic,n-heptane,CCCCCCC,alkane,0.932,0.059,0.009,0.001,0.153,0.846,101.325,0.33333334,137,328.15,4.949999999999989,above,0–5 K,0.910575,0.08291145,0.006513627,0.003908866,0.3647957,0.63129544
,1-butyl-3-methylimidazolium thiocyanate,CCCCn1cc[n+](C)c1.N#C[S-],[C4MIm][SCN],toluene,Cc1ccccc1,aromatic,n-heptane,CCCCCCC,alkane,0.86800003,0.12200001,0.010000001,0.001,0.335,0.664,101.325,0.5,137,328.15,4.949999999999989,above,0–5 K,0.8898754,0.102339104,0.0077855056,0.0042381976,0.40929785,0.5864639
,1-butyl-3-methylimidazolium thiocyanate,CCCCn1cc[n+](C)c1.N#C[S-],[C4MIm][SCN],toluene,Cc1ccccc1,aromatic,n-heptane,CCCCCCC,alkane,0.81,0.183,0.007,0.001,0.548,0.451,101.325,0.6666667,137,328.15,4.949999999999989,above,0–5 K,0.8645035,0.12610242,0.009394018,0.0048280414,0.45374063,0.54143125
,1-butyl-3-methylimidazolium thiocyanate,CCCCn1cc[n+](C)c1.N#C[S-],[C4MIm][SCN],toluene,Cc1ccccc1,aromatic,n-heptane,CCCCCCC,alkane,0.744,0.251,0.005,0.001,0.747,0.252,101.325,0.8333333,137,328.15,4.949999999999989,above,0–5 K,0.83494824,0.15388547,0.01116629,0.00529515,0.4995198,0.49518508
,1-butyl-3-methylimidazolium thiocyanate,CCCCn1cc[n+](C)c1.N#C[S-],[C4MIm][SCN],toluene,Cc1ccccc1,aromatic,n-heptane,CCCCCCC,alkane,0.622,0.378,0.0,0.001,0.999,0.0,101.325,1.0,137,328.15,4.949999999999989,above,0–5 K,0.8010022,0.18591698,0.013080735,0.005594694,0.5459782,0.44842708
,3-methyl-N-butylpyridinium trifluoromethanesulfonate,CCCC[n+]1cccc(C)c1.O=S(=O)([O-])C(F)(F)F,[C4MPy][B(CN)4],benzene,c1ccccc1,aromatic,n-hexane,CCCCCC,alkane,0.9104,0.0,0.0896,0.001,0.0,0.999,101.325,0.0,157,328.2,5.0,above,0–5 K,0.73823106,0.24408565,0.017683392,0.0064735543,0.2903521,0.7031743
,3-methyl-N-butylpyridinium trifluoromethanesulfonate,CCCC[n+]1cccc(C)c1.O=S(=O)([O-])C(F)(F)F,[C4MPy][B(CN)4],benzene,c1ccccc1,aromatic,n-hexane,CCCCCC,alkane,0.79937994,0.10521052,0.09540954,0.0013,0.0506,0.9481,101.325,0.071428575,157,328.2,5.0,above,0–5 K,0.7187403,0.26249555,0.018764213,0.0067345356,0.30926004,0.68400544
,3-methyl-N-butylpyridinium trifluoromethanesulfonate,CCCC[n+]1cccc(C)c1.O=S(=O)([O-])C(F)(F)F,[C4MPy][B(CN)4],benzene,c1ccccc1,aromatic,n-hexane,CCCCCC,alkane,0.7309,0.1766,0.0925,0.001,0.0964,0.9026,101.325,0.14285715,157,328.2,5.0,above,0–5 K,0.6982936,0.2818197,0.01988671,0.0070015197,0.32876348,0.664235
,3-methyl-N-butylpyridinium trifluoromethanesulfonate,CCCC[n+]1cccc(C)c1.O=S(=O)([O-])C(F)(F)F,[C4MPy][B(CN)4],benzene,c1ccccc1,aromatic,n-hexane,CCCCCC,alkane,0.6695,0.2429,0.0876,0.001,0.1407,0.8583,101.325,0.21428572,157,328.2,5.0,above,0–5 K,0.67722857,0.30176648,0.021004887,0.0072514224,0.3490503,0.6436983
,3-methyl-N-butylpyridinium trifluoromethanesulfonate,CCCC[n+]1cccc(C)c1.O=S(=O)([O-])C(F)(F)F,[C4MPy][B(CN)4],benzene,c1ccccc1,aromatic,n-hexane,CCCCCC,alkane,0.6042,0.3045,0.0913,0.001,0.1836,0.8154,101.325,0.2857143,157,328.2,5.0,above,0–5 K,0.655405,0.32244027,0.022154815,0.007504809,0.36974463,0.6227505
,3-methyl-N-butylpyridinium trifluoromethanesulfonate,CCCC[n+]1cccc(C)c1.O=S(=O)([O-])C(F)(F)F,[C4MPy][B(CN)4],benzene,c1ccccc1,aromatic,n-hexane,CCCCCC,alkane,0.5062,0.4173,0.0765,0.001,0.2935,0.7055,101.325,0.35714287,157,328.2,5.0,above,0–5 K,0.63273776,0.34393454,0.023327693,0.007757077,0.39096004,0.6012829
,3-methyl-N-butylpyridinium trifluoromethanesulfonate,CCCC[n+]1cccc(C)c1.O=S(=O)([O-])C(F)(F)F,[C4MPy][B(CN)4],benzene,c1ccccc1,aromatic,n-hexane,CCCCCC,alkane,0.4418,0.4833,0.0749,0.00090009003,0.37443745,0.62466246,101.325,0.42857143,157,328.2,5.0,above,0–5 K,0.6097481,0.36576262,0.024489295,0.007992471,0.41246745,0.57954
,3-methyl-N-butylpyridinium trifluoromethanesulfonate,CCCC[n+]1cccc(C)c1.O=S(=O)([O-])C(F)(F)F,[C4MPy][B(CN)4],benzene,c1ccccc1,aromatic,n-hexane,CCCCCC,alkane,0.3641,0.5729,0.063,0.0012001201,0.5028503,0.4959496,101.325,0.5,157,328.2,5.0,above,0–5 K,0.5862051,0.38815197,0.025642904,0.008213343,0.4345211,0.5572655
,3-methyl-N-butylpyridinium trifluoromethanesulfonate,CCCC[n+]1cccc(C)c1.O=S(=O)([O-])C(F)(F)F,[C4MPy][B(CN)4],benzene,c1ccccc1,aromatic,n-hexane,CCCCCC,alkane,0.35296467,0.58324164,0.06379362,0.00090009003,0.5275527,0.4715472,101.325,0.5714286,157,328.2,5.0,above,0–5 K,0.5623071,0.41088575,0.026807144,0.008436898,0.45652926,0.5350339
,3-methyl-N-butylpyridinium trifluoromethanesulfonate,CCCC[n+]1cccc(C)c1.O=S(=O)([O-])C(F)(F)F,[C4MPy][B(CN)4],benzene,c1ccccc1,aromatic,n-hexane,CCCCCC,alkane,0.30290002,0.64220005,0.054900005,0.00090000004,0.63530004,0.36380002,101.325,0.64285713,157,328.2,5.0,above,0–5 K,0.53702825,0.43527249,0.027699236,0.008479433,0.4761952,0.5153253
,3-methyl-N-butylpyridinium trifluoromethanesulfonate,CCCC[n+]1cccc(C)c1.O=S(=O)([O-])C(F)(F)F,[C4MPy][B(CN)4],benzene,c1ccccc1,aromatic,n-hexane,CCCCCC,alkane,0.23797621,0.7163284,0.045695428,0.0009,0.7846,0.2145,101.325,0.71428573,157,328.2,5.0,above,0–5 K,0.5117604,0.45999202,0.028247543,0.008332303,0.49261203,0.49905574
,3-methyl-N-butylpyridinium trifluoromethanesulfonate,CCCC[n+]1cccc(C)c1.O=S(=O)([O-])C(F)(F)F,[C4MPy][B(CN)4],benzene,c1ccccc1,aromatic,n-hexane,CCCCCC,alkane,0.2391,0.7266,0.0343,0.0012,0.838,0.1608,101.325,0.78571427,157,328.2,5.0,above,0–5 K,0.4873194,0.48336866,0.02931192,0.00851293,0.515079,0.476408
,3-methyl-N-butylpyridinium trifluoromethanesulfonate,CCCC[n+]1cccc(C)c1.O=S(=O)([O-])C(F)(F)F,[C4MPy][B(CN)4],benzene,c1ccccc1,aromatic,n-hexane,CCCCCC,alkane,0.211,0.763,0.026,0.0009,0.8916,0.1075,101.325,0.85714287,157,328.2,5.0,above,0–5 K,0.46095502,0.5091817,0.02986333,0.0081631215,0.54059964,0.4512372
,3-methyl-N-butylpyridinium trifluoromethanesulfonate,CCCC[n+]1cccc(C)c1.O=S(=O)([O-])C(F)(F)F,[C4MPy][B(CN)4],benzene,c1ccccc1,aromatic,n-hexane,CCCCCC,alkane,0.1958,0.7882,0.016,0.0009,0.9397,0.0594,101.325,0.9285714,157,328.2,5.0,above,0–5 K,0.4333691,0.53685594,0.029774955,0.007308116,0.5691092,0.42358264
,3-methyl-N-butylpyridinium trifluoromethanesulfonate,CCCC[n+]1cccc(C)c1.O=S(=O)([O-])C(F)(F)F,[C4MPy][B(CN)4],benzene,c1ccccc1,aromatic,n-hexane,CCCCCC,alkane,0.1647,0.8353,0.0,0.0009,0.9991,0.0,101.325,1.0,157,328.2,5.0,above,0–5 K,0.40934467,0.55997515,0.03068017,0.007419212,0.59109557,0.40148523
,3-methyl-N-butylpyridinium trifluoromethanesulfonate,CCCC[n+]1cccc(C)c1.O=S(=O)([O-])C(F)(F)F,[C4MPy][B(CN)4],toluene,Cc1ccccc1,aromatic,n-heptane,CCCCCCC,alkane,0.9498,0.0195,0.0307,0.0011,0.0,0.9989,101.325,0.0,159,328.2,5.0,above,0–5 K,0.8517301,0.13927351,0.008996414,0.004187091,0.2528575,0.7429554
,3-methyl-N-butylpyridinium trifluoromethanesulfonate,CCCC[n+]1cccc(C)c1.O=S(=O)([O-])C(F)(F)F,[C4MPy][B(CN)4],toluene,Cc1ccccc1,aromatic,n-heptane,CCCCCCC,alkane,0.7669,0.1882,0.0449,0.0011,0.1528,0.8461,101.325,0.083333336,159,328.2,5.0,above,0–5 K,0.8359142,0.15413359,0.00995223,0.0046779304,0.27486417,0.72045785
,3-methyl-N-butylpyridinium trifluoromethanesulfonate,CCCC[n+]1cccc(C)c1.O=S(=O)([O-])C(F)(F)F,[C4MPy][B(CN)4],toluene,Cc1ccccc1,aromatic,n-heptane,CCCCCCC,alkane,0.7326,0.2236,0.0438,0.0011,0.1941,0.8048,101.325,0.16666667,159,328.2,5.0,above,0–5 K,0.8190504,0.17014651,0.010803064,0.0049190084,0.2960172,0.6990638
,3-methyl-N-butylpyridinium trifluoromethanesulfonate,CCCC[n+]1cccc(C)c1.O=S(=O)([O-])C(F)(F)F,[C4MPy][B(CN)4],toluene,Cc1ccccc1,aromatic,n-heptane,CCCCCCC,alkane,0.7019,0.2554,0.0427,0.0011,0.2226,0.7763,101.325,0.25,159,328.2,5.0,above,0–5 K,0.79918176,0.18862204,0.012196128,0.005946123,0.3127388,0.681315
,3-methyl-N-butylpyridinium trifluoromethanesulfonate,CCCC[n+]1cccc(C)c1.O=S(=O)([O-])C(F)(F)F,[C4MPy][B(CN)4],toluene,Cc1ccccc1,aromatic,n-heptane,CCCCCCC,alkane,0.6606,0.294,0.0454,0.0011,0.2603,0.7386,101.325,0.33333334,159,328.2,5.0,above,0–5 K,0.7762613,0.20935954,0.014379144,0.00845529,0.32528353,0.6662612
,3-methyl-N-butylpyridinium trifluoromethanesulfonate,CCCC[n+]1cccc(C)c1.O=S(=O)([O-])C(F)(F)F,[C4MPy][B(CN)4],toluene,Cc1ccccc1,aromatic,n-heptane,CCCCCCC,alkane,0.59765977,0.36133614,0.041004103,0.0011,0.3433,0.6556,101.325,0.41666666,159,328.2,5.0,above,0–5 K,0.755603,0.22892568,0.015471331,0.008834005,0.3484015,0.6427645
,3-methyl-N-butylpyridinium trifluoromethanesulfonate,CCCC[n+]1cccc(C)c1.O=S(=O)([O-])C(F)(F)F,[C4MPy][B(CN)4],toluene,Cc1ccccc1,aromatic,n-heptane,CCCCCCC,alkane,0.5912409,0.369863,0.03889611,0.0011,0.3546,0.6443,101.325,0.5,159,328.2,5.0,above,0–5 K,0.73384255,0.24956024,0.016597183,0.0092056645,0.37205046,0.61874384
,3-methyl-N-butylpyridinium trifluoromethanesulfonate,CCCC[n+]1cccc(C)c1.O=S(=O)([O-])C(F)(F)F,[C4MPy][B(CN)4],toluene,Cc1ccccc1,aromatic,n-heptane,CCCCCCC,alkane,0.54234576,0.42045796,0.03719628,0.0011,0.3986,0.6003,101.325,0.5833333,159,328.2,5.0,above,0–5 K,0.71085936,0.27137786,0.017762778,0.009568225,0.39638582,0.594046
,3-methyl-N-butylpyridinium trifluoromethanesulfonate,CCCC[n+]1cccc(C)c1.O=S(=O)([O-])C(F)(F)F,[C4MPy][B(CN)4],toluene,Cc1ccccc1,aromatic,n-heptane,CCCCCCC,alkane,0.4758,0.4893,0.0349,0.00070007,0.49154916,0.5077508,101.325,0.6666667,159,328.2,5.0,above,0–5 K,0.68682295,0.29422012,0.018956939,0.009920274,0.42114544,0.56893426
,3-methyl-N-butylpyridinium trifluoromethanesulfonate,CCCC[n+]1cccc(C)c1.O=S(=O)([O-])C(F)(F)F,[C4MPy][B(CN)4],toluene,Cc1ccccc1,aromatic,n-heptane,CCCCCCC,alkane,0.3637,0.61,0.0263,0.00109989,0.64653534,0.35236475,101.325,0.75,159,328.2,5.0,above,0–5 K,0.66164607,0.31817904,0.020174878,0.010253777,0.4464161,0.5433301
,3-methyl-N-butylpyridinium trifluoromethanesulfonate,CCCC[n+]1cccc(C)c1.O=S(=O)([O-])C(F)(F)F,[C4MPy][B(CN)4],toluene,Cc1ccccc1,aromatic,n-heptane,CCCCCCC,alkane,0.30476952,0.66913307,0.02609739,0.00109989,0.7465253,0.25237477,101.325,0.8333333,159,328.2,5.0,above,0–5 K,0.63647217,0.34241185,0.02111604,0.010177161,0.47698092,0.5128419
,3-methyl-N-butylpyridinium trifluoromethanesulfonate,CCCC[n+]1cccc(C)c1.O=S(=O)([O-])C(F)(F)F,[C4MPy][B(CN)4],toluene,Cc1ccccc1,aromatic,n-heptane,CCCCCCC,alkane,0.2723,0.711,0.0167,0.0011,0.842,0.1569,101.325,0.9166667,159,328.2,5.0,above,0–5 K,0.61319584,0.36502236,0.021781797,0.009744327,0.5113633,0.47889233
,3-methyl-N-butylpyridinium trifluoromethanesulfonate,CCCC[n+]1cccc(C)c1.O=S(=O)([O-])C(F)(F)F,[C4MPy][B(CN)4],toluene,Cc1ccccc1,aromatic,n-heptane,CCCCCCC,alkane,0.2195,0.7714,0.0091,0.0011,0.9266,0.0723,101.325,1.0,159,328.2,5.0,above,0–5 K,0.5856981,0.39130855,0.022993315,0.009982789,0.5365485,0.4534687
,3-methyl-N-butylpyridinium trifluoromethanesulfonate,CCCC[n+]1cccc(C)c1.O=S(=O)([O-])C(F)(F)F,[C4MPy][B(CN)4],p-xylene,Cc1ccc(C)cc1,aromatic,n-octane,CCCCCCCC,alkane,0.9636,0.0,0.0364,0.0009,0.0,0.9991,101.325,0.0,161,328.2,5.0,above,0–5 K,0.8640841,0.12705973,0.008856236,0.006029952,0.2652446,0.72872543
,3-methyl-N-butylpyridinium trifluoromethanesulfonate,CCCC[n+]1cccc(C)c1.O=S(=O)([O-])C(F)(F)F,[C4MPy][B(CN)4],p-xylene,Cc1ccc(C)cc1,aromatic,n-octane,CCCCCCCC,alkane,0.92390764,0.04059594,0.03549645,0.00129987,0.03659634,0.9621038,101.325,0.071428575,161,328.2,5.0,above,0–5 K,0.84557843,0.14507522,0.009346303,0.00539617,0.30337843,0.6912254
,3-methyl-N-butylpyridinium trifluoromethanesulfonate,CCCC[n+]1cccc(C)c1.O=S(=O)([O-])C(F)(F)F,[C4MPy][B(CN)4],p-xylene,Cc1ccc(C)cc1,aromatic,n-octane,CCCCCCCC,alkane,0.8884111,0.074692525,0.036896307,0.0009,0.075,0.9241,101.325,0.14285715,161,328.2,5.0,above,0–5 K,0.8381756,0.15187252,0.009951849,0.005459038,0.3014761,0.69306487
,3-methyl-N-butylpyridinium trifluoromethanesulfonate,CCCC[n+]1cccc(C)c1.O=S(=O)([O-])C(F)(F)F,[C4MPy][B(CN)4],p-xylene,Cc1ccc(C)cc1,aromatic,n-octane,CCCCCCCC,alkane,0.8485,0.1114,0.0401,0.00089991,0.11328867,0.88581145,101.325,0.21428572,161,328.2,5.0,above,0–5 K,0.823933,0.16539116,0.010675815,0.0056892503,0.32048625,0.6738245
,3-methyl-N-butylpyridinium trifluoromethanesulfonate,CCCC[n+]1cccc(C)c1.O=S(=O)([O-])C(F)(F)F,[C4MPy][B(CN)4],p-xylene,Cc1ccc(C)cc1,aromatic,n-octane,CCCCCCCC,alkane,0.8239,0.1387,0.0374,0.00129987,0.15248476,0.84621537,101.325,0.2857143,161,328.2,5.0,above,0–5 K,0.8080939,0.1806874,0.011218658,0.0052290494,0.3405164,0.65425456
,3-methyl-N-butylpyridinium trifluoromethanesulfonate,CCCC[n+]1cccc(C)c1.O=S(=O)([O-])C(F)(F)F,[C4MPy][B(CN)4],p-xylene,Cc1ccc(C)cc1,aromatic,n-octane,CCCCCCCC,alkane,0.7679,0.2001,0.032,0.00080008,0.2320232,0.7671767,101.325,0.35714287,161,328.2,5.0,above,0–5 K,0.79175925,0.19623671,0.012004031,0.0054313894,0.36088663,0.63368195
,3-methyl-N-butylpyridinium trifluoromethanesulfonate,CCCC[n+]1cccc(C)c1.O=S(=O)([O-])C(F)(F)F,[C4MPy][B(CN)4],p-xylene,Cc1ccc(C)cc1,aromatic,n-octane,CCCCCCCC,alkane,0.6990301,0.27047294,0.03049695,0.0008,0.3314,0.6678,101.325,0.42857143,161,328.2,5.0,above,0–5 K,0.77446645,0.21271479,0.012818719,0.0056295246,0.3817409,0.6126296
,3-methyl-N-butylpyridinium trifluoromethanesulfonate,CCCC[n+]1cccc(C)c1.O=S(=O)([O-])C(F)(F)F,[C4MPy][B(CN)4],p-xylene,Cc1ccc(C)cc1,aromatic,n-octane,CCCCCCCC,alkane,0.6520652,0.31853187,0.029402941,0.00080008,0.4039404,0.59525955,101.325,0.5,161,328.2,5.0,above,0–5 K,0.75618136,0.23015302,0.013665592,0.0058241705,0.40302542,0.59115034
,3-methyl-N-butylpyridinium trifluoromethanesulfonate,CCCC[n+]1cccc(C)c1.O=S(=O)([O-])C(F)(F)F,[C4MPy][B(CN)4],p-xylene,Cc1ccc(C)cc1,aromatic,n-octane,CCCCCCCC,alkane,0.5952,0.3749,0.0299,0.00080008,0.4938494,0.50535053,101.325,0.5714286,161,328.2,5.0,above,0–5 K,0.7339397,0.2517427,0.014317626,0.00548806,0.4288578,0.5656541
,3-methyl-N-butylpyridinium trifluoromethanesulfonate,CCCC[n+]1cccc(C)c1.O=S(=O)([O-])C(F)(F)F,[C4MPy][B(CN)4],p-xylene,Cc1ccc(C)cc1,aromatic,n-octane,CCCCCCCC,alkane,0.535,0.4399,0.0251,0.0012,0.6175,0.3813,101.325,0.64285713,161,328.2,5.0,above,0–5 K,0.71202856,0.27289876,0.015072674,0.0053892485,0.4532081,0.5414027
,3-methyl-N-butylpyridinium trifluoromethanesulfonate,CCCC[n+]1cccc(C)c1.O=S(=O)([O-])C(F)(F)F,[C4MPy][B(CN)4],p-xylene,Cc1ccc(C)cc1,aromatic,n-octane,CCCCCCCC,alkane,0.46510002,0.51280004,0.022100002,0.0012,0.7483,0.2505,101.325,0.71428573,161,328.2,5.0,above,0–5 K,0.6906105,0.29341954,0.015969938,0.005541356,0.47552046,0.5189382
,3-methyl-N-butylpyridinium trifluoromethanesulfonate,CCCC[n+]1cccc(C)c1.O=S(=O)([O-])C(F)(F)F,[C4MPy][B(CN)4],p-xylene,Cc1ccc(C)cc1,aromatic,n-octane,CCCCCCCC,alkane,0.4304,0.5497,0.0199,0.00080008,0.79127914,0.2079208,101.325,0.78571427,161,328.2,5.0,above,0–5 K,0.67214966,0.31080577,0.017044572,0.0059381737,0.49277076,0.5012911
,3-methyl-N-butylpyridinium trifluoromethanesulfonate,CCCC[n+]1cccc(C)c1.O=S(=O)([O-])C(F)(F)F,[C4MPy][B(CN)4],p-xylene,Cc1ccc(C)cc1,aromatic,n-octane,CCCCCCCC,alkane,0.4227,0.5621,0.0152,0.0008,0.8496,0.1496,101.325,0.85714287,161,328.2,5.0,above,0–5 K,0.6494272,0.33259434,0.017978491,0.0060818247,0.51507795,0.47884026
,3-methyl-N-butylpyridinium trifluoromethanesulfonate,CCCC[n+]1cccc(C)c1.O=S(=O)([O-])C(F)(F)F,[C4MPy][B(CN)4],p-xylene,Cc1ccc(C)cc1,aromatic,n-octane,CCCCCCCC,alkane,0.38946104,0.5987401,0.01179882,0.0008,0.9083,0.0909,101.325,0.9285714,161,328.2,5.0,above,0–5 K,0.62585837,0.3552128,0.018928848,0.006217754,0.5373907,0.4563915
,3-methyl-N-butylpyridinium trifluoromethanesulfonate,CCCC[n+]1cccc(C)c1.O=S(=O)([O-])C(F)(F)F,[C4MPy][B(CN)4],p-xylene,Cc1ccc(C)cc1,aromatic,n-octane,CCCCCCCC,alkane,0.3358,0.6642,0.0,0.0008,0.9992,0.0,101.325,1.0,161,328.2,5.0,above,0–5 K,0.59197444,0.3882295,0.019796057,0.0061227563,0.56975716,0.4241201
no,3-methyl-N-butylpyridinium tricyanomethanide,CCCC[n+]1cccc(C)c1.N#CC(=C=[N-])C#N,[C4MPy][C(CN)3],benzene,c1ccccc1,aromatic,n-hexane,CCCCCC,alkane,0.9333,0.0,0.0667,0.0011,0.0,0.9989,101.325,0.0,168,328.2,5.0,above,0–5 K,0.7738882,0.21103722,0.015074601,0.0038054087,0.14334983,0.85284483
no,3-methyl-N-butylpyridinium tricyanomethanide,CCCC[n+]1cccc(C)c1.N#CC(=C=[N-])C#N,[C4MPy][C(CN)3],benzene,c1ccccc1,aromatic,n-hexane,CCCCCC,alkane,0.8846885,0.048304833,0.0670067,0.00109989,0.03309669,0.9658034,101.325,0.11111111,168,328.2,5.0,above,0–5 K,0.74484074,0.23852204,0.016637223,0.004145236,0.16244538,0.8334093
no,3-methyl-N-butylpyridinium tricyanomethanide,CCCC[n+]1cccc(C)c1.N#CC(=C=[N-])C#N,[C4MPy][C(CN)3],benzene,c1ccccc1,aromatic,n-hexane,CCCCCC,alkane,0.82710004,0.10620001,0.066700004,0.0007,0.0746,0.9247,101.325,0.22222222,168,328.2,5.0,above,0–5 K,0.7134217,0.26829383,0.018284377,0.0045224703,0.18392293,0.8115546
no,3-methyl-N-butylpyridinium tricyanomethanide,CCCC[n+]1cccc(C)c1.N#CC(=C=[N-])C#N,[C4MPy][C(CN)3],benzene,c1ccccc1,aromatic,n-hexane,CCCCCC,alkane,0.7551,0.1725,0.0724,0.0007,0.1158,0.8835,101.325,0.33333334,168,328.2,5.0,above,0–5 K,0.6797958,0.30021033,0.01999389,0.0049075927,0.20736602,0.78772634
no,3-methyl-N-butylpyridinium tricyanomethanide,CCCC[n+]1cccc(C)c1.N#CC(=C=[N-])C#N,[C4MPy][C(CN)3],benzene,c1ccccc1,aromatic,n-hexane,CCCCCC,alkane,0.72150004,0.21040002,0.068100005,0.0011,0.1504,0.8485,101.325,0.44444445,168,328.2,5.0,above,0–5 K,0.64430237,0.33396655,0.021731054,0.005293372,0.2327132,0.76199335
no,3-methyl-N-butylpyridinium tricyanomethanide,CCCC[n+]1cccc(C)c1.N#CC(=C=[N-])C#N,[C4MPy][C(CN)3],benzene,c1ccccc1,aromatic,n-hexane,CCCCCC,alkane,0.56560004,0.37510002,0.059300005,0.001,0.3102,0.6888,101.325,0.5555556,168,328.2,5.0,above,0–5 K,0.607173,0.36933738,0.023489635,0.005698744,0.26040214,0.7338991
no,3-methyl-N-butylpyridinium tricyanomethanide,CCCC[n+]1cccc(C)c1.N#CC(=C=[N-])C#N,[C4MPy][C(CN)3],benzene,c1ccccc1,aromatic,n-hexane,CCCCCC,alkane,0.4449445,0.49034905,0.064706475,0.001,0.4682,0.5308,101.325,0.6666667,168,328.2,5.0,above,0–5 K,0.56880367,0.4059489,0.0252474,0.0061212503,0.2903115,0.70356727
no,3-methyl-N-butylpyridinium tricyanomethanide,CCCC[n+]1cccc(C)c1.N#CC(=C=[N-])C#N,[C4MPy][C(CN)3],benzene,c1ccccc1,aromatic,n-hexane,CCCCCC,alkane,0.2991,0.6552,0.0457,0.0007,0.7124,0.2869,101.325,0.7777778,168,328.2,5.0,above,0–5 K,0.5296692,0.44337127,0.026959544,0.006518245,0.3217138,0.67176795
no,3-methyl-N-butylpyridinium tricyanomethanide,CCCC[n+]1cccc(C)c1.N#CC(=C=[N-])C#N,[C4MPy][C(CN)3],benzene,c1ccccc1,aromatic,n-hexane,CCCCCC,alkane,0.2462,0.7195,0.0343,0.0007,0.8528,0.1465,101.325,0.8888889,168,328.2,5.0,above,0–5 K,0.49039853,0.48100492,0.028596489,0.0069040935,0.3546307,0.6384652
no,3-methyl-N-butylpyridinium tricyanomethanide,CCCC[n+]1cccc(C)c1.N#CC(=C=[N-])C#N,[C4MPy][C(CN)3],benzene,c1ccccc1,aromatic,n-hexane,CCCCCC,alkane,0.1995,0.8005,0.0,0.0007,0.9993,0.0,101.325,1.0,168,328.2,5.0,above,0–5 K,0.45118597,0.51865256,0.030161457,0.007296846,0.3893753,0.6033279
no,3-methyl-N-butylpyridinium tricyanomethanide,CCCC[n+]1cccc(C)c1.N#CC(=C=[N-])C#N,[C4MPy][C(CN)3],toluene,Cc1ccccc1,aromatic,n-heptane,CCCCCCC,alkane,0.9579,0.0,0.0421,0.0008,0.0,0.9992,101.325,0.0,170,328.2,5.0,above,0–5 K,0.84850717,0.1426338,0.008859131,0.00363715,0.21906668,0.77729625
no,3-methyl-N-butylpyridinium tricyanomethanide,CCCC[n+]1cccc(C)c1.N#CC(=C=[N-])C#N,[C4MPy][C(CN)3],toluene,Cc1ccccc1,aromatic,n-heptane,CCCCCCC,alkane,0.91230875,0.04449555,0.04319568,0.0012,0.0413,0.9575,101.325,0.1,170,328.2,5.0,above,0–5 K,0.82880694,0.16139443,0.00979864,0.003895355,0.24204329,0.75406134
no,3-methyl-N-butylpyridinium tricyanomethanide,CCCC[n+]1cccc(C)c1.N#CC(=C=[N-])C#N,[C4MPy][C(CN)3],toluene,Cc1ccccc1,aromatic,n-heptane,CCCCCCC,alkane,0.8734126,0.08669133,0.03989601,0.00120012,0.08330833,0.9154915,101.325,0.2,170,328.2,5.0,above,0–5 K,0.8006741,0.18806855,0.011257283,0.0045616874,0.27135214,0.72408617
no,3-methyl-N-butylpyridinium tricyanomethanide,CCCC[n+]1cccc(C)c1.N#CC(=C=[N-])C#N,[C4MPy][C(CN)3],toluene,Cc1ccccc1,aromatic,n-heptane,CCCCCCC,alkane,0.8345,0.1267,0.0388,0.0012,0.1283,0.8705,101.325,0.3,170,328.2,5.0,above,0–5 K,0.7764986,0.21114202,0.012359317,0.004852302,0.29768285,0.6974649
no,3-methyl-N-butylpyridinium tricyanomethanide,CCCC[n+]1cccc(C)c1.N#CC(=C=[N-])C#N,[C4MPy][C(CN)3],toluene,Cc1ccccc1,aromatic,n-heptane,CCCCCCC,alkane,0.7996,0.1625,0.0379,0.0012,0.1751,0.8237,101.325,0.4,170,328.2,5.0,above,0–5 K,0.7503261,0.23615289,0.013521038,0.005142604,0.32542047,0.66943693
no,3-methyl-N-butylpyridinium tricyanomethanide,CCCC[n+]1cccc(C)c1.N#CC(=C=[N-])C#N,[C4MPy][C(CN)3],toluene,Cc1ccccc1,aromatic,n-heptane,CCCCCCC,alkane,0.6557,0.3046,0.0397,0.0012,0.3422,0.6566,101.325,0.5,170,328.2,5.0,above,0–5 K,0.7222457,0.26302475,0.014729541,0.005428625,0.35437503,0.6401963
no,3-methyl-N-butylpyridinium tricyanomethanide,CCCC[n+]1cccc(C)c1.N#CC(=C=[N-])C#N,[C4MPy][C(CN)3],toluene,Cc1ccccc1,aromatic,n-heptane,CCCCCCC,alkane,0.5525,0.4179,0.0296,0.0008,0.5205,0.4787,101.325,0.6,170,328.2,5.0,above,0–5 K,0.69893193,0.2851324,0.015935706,0.0059332936,0.3769352,0.6171315
no,3-methyl-N-butylpyridinium tricyanomethanide,CCCC[n+]1cccc(C)c1.N#CC(=C=[N-])C#N,[C4MPy][C(CN)3],toluene,Cc1ccccc1,aromatic,n-heptane,CCCCCCC,alkane,0.44875512,0.5274472,0.02379762,0.0012,0.7272,0.2716,101.325,0.7,170,328.2,5.0,above,0–5 K,0.6865505,0.2966205,0.016829021,0.0064034914,0.39075306,0.60284346
no,3-methyl-N-butylpyridinium tricyanomethanide,CCCC[n+]1cccc(C)c1.N#CC(=C=[N-])C#N,[C4MPy][C(CN)3],toluene,Cc1ccccc1,aromatic,n-heptane,CCCCCCC,alkane,0.3997,0.5837,0.0166,0.0012,0.8296,0.1692,101.325,0.8,170,328.2,5.0,above,0–5 K,0.65524656,0.32660285,0.018150635,0.006695875,0.4214292,0.5718749
no,3-methyl-N-butylpyridinium tricyanomethanide,CCCC[n+]1cccc(C)c1.N#CC(=C=[N-])C#N,[C4MPy][C(CN)3],toluene,Cc1ccccc1,aromatic,n-heptane,CCCCCCC,alkane,0.3559,0.6325,0.0116,0.0008,0.9344,0.0648,101.325,0.9,170,328.2,5.0,above,0–5 K,0.6231614,0.35693568,0.019902974,0.007874797,0.45202747,0.5400977
no,3-methyl-N-butylpyridinium tricyanomethanide,CCCC[n+]1cccc(C)c1.N#CC(=C=[N-])C#N,[C4MPy][C(CN)3],toluene,Cc1ccccc1,aromatic,n-heptane,CCCCCCC,alkane,0.3518,0.6482,0.0,0.0008,0.9992,0.0,101.325,1.0,170,328.2,5.0,above,0–5 K,0.5894436,0.38928914,0.021267224,0.008166708,0.4835956,0.50823766
no,3-methyl-N-butylpyridinium tricyanomethanide,CCCC[n+]1cccc(C)c1.N#CC(=C=[N-])C#N,[C4MPy][C(CN)3],p-xylene,Cc1ccc(C)cc1,aromatic,n-octane,CCCCCCCC,alkane,0.9669,0.0,0.0331,0.0,0.0,1.0,101.325,0.0,172,328.2,5.0,above,0–5 K,0.868308,0.12352363,0.008168418,0.004643352,0.221516,0.77384067
no,3-methyl-N-butylpyridinium tricyanomethanide,CCCC[n+]1cccc(C)c1.N#CC(=C=[N-])C#N,[C4MPy][C(CN)3],p-xylene,Cc1ccc(C)cc1,aromatic,n-octane,CCCCCCCC,alkane,0.92840713,0.03919608,0.03239676,0.0,0.0418,0.9582,101.325,0.125,172,328.2,5.0,above,0–5 K,0.84613305,0.14469774,0.009169209,0.0046432605,0.24965218,0.74570453
no,3-methyl-N-butylpyridinium tricyanomethanide,CCCC[n+]1cccc(C)c1.N#CC(=C=[N-])C#N,[C4MPy][C(CN)3],p-xylene,Cc1ccc(C)cc1,aromatic,n-octane,CCCCCCCC,alkane,0.8957,0.0726,0.0317,0.0,0.0898,0.9102,101.325,0.25,172,328.2,5.0,above,0–5 K,0.8212611,0.16843195,0.010306936,0.0048174895,0.28021765,0.71496487
no,3-methyl-N-butylpyridinium tricyanomethanide,CCCC[n+]1cccc(C)c1.N#CC(=C=[N-])C#N,[C4MPy][C(CN)3],p-xylene,Cc1ccc(C)cc1,aromatic,n-octane,CCCCCCCC,alkane,0.8858886,0.080608055,0.03350335,0.0,0.1025,0.8975,101.325,0.375,172,328.2,5.0,above,0–5 K,0.7926773,0.195813,0.011509751,0.004860507,0.31340942,0.6817301
no,3-methyl-N-butylpyridinium tricyanomethanide,CCCC[n+]1cccc(C)c1.N#CC(=C=[N-])C#N,[C4MPy][C(CN)3],p-xylene,Cc1ccc(C)cc1,aromatic,n-octane,CCCCCCCC,alkane,0.85660005,0.11050001,0.032900006,0.0,0.1448,0.8552,101.325,0.5,172,328.2,5.0,above,0–5 K,0.76131487,0.22584763,0.0128375,0.005037935,0.3485606,0.64640146
no,3-methyl-N-butylpyridinium tricyanomethanide,CCCC[n+]1cccc(C)c1.N#CC(=C=[N-])C#N,[C4MPy][C(CN)3],p-xylene,Cc1ccc(C)cc1,aromatic,n-octane,CCCCCCCC,alkane,0.75560004,0.21530001,0.029100003,0.0,0.3115,0.6885,101.325,0.625,172,328.2,5.0,above,0–5 K,0.72725815,0.25843635,0.014305548,0.005366184,0.38531744,0.60931635
no,3-methyl-N-butylpyridinium tricyanomethanide,CCCC[n+]1cccc(C)c1.N#CC(=C=[N-])C#N,[C4MPy][C(CN)3],p-xylene,Cc1ccc(C)cc1,aromatic,n-octane,CCCCCCCC,alkane,0.6649335,0.30766922,0.02739726,0.0,0.4873,0.5127,101.325,0.75,172,328.2,5.0,above,0–5 K,0.6904108,0.293752,0.015837159,0.0056809904,0.42343286,0.5708861
no,3-methyl-N-butylpyridinium tricyanomethanide,CCCC[n+]1cccc(C)c1.N#CC(=C=[N-])C#N,[C4MPy][C(CN)3],p-xylene,Cc1ccc(C)cc1,aromatic,n-octane,CCCCCCCC,alkane,0.5722,0.407,0.0208,0.0,0.7122,0.2878,101.325,0.875,172,328.2,5.0,above,0–5 K,0.6379768,0.3447148,0.017308405,0.005574057,0.47775528,0.51667064
no,3-methyl-N-butylpyridinium tricyanomethanide,CCCC[n+]1cccc(C)c1.N#CC(=C=[N-])C#N,[C4MPy][C(CN)3],p-xylene,Cc1ccc(C)cc1,aromatic,n-octane,CCCCCCCC,alkane,0.4551,0.5449,0.0,0.0,1.0,0.0,101.325,1.0,172,328.2,5.0,above,0–5 K,0.5956406,0.38550302,0.018856382,0.005815602,0.5173236,0.47686082
,1-butyl-3-methylimidazolium hexafluorophosphate,CCCCn1cc[n+](C)c1.F[P-](F)(F)(F)(F)F,[C4MIm][PF6],n-propylbenzene,CCCc1ccccc1,aromatic,n-dodecane,CCCCCCCCCCCC,alkane,0.9351,0.0478,0.0171,0.0,0.1128,0.8872,101.325,0.0,224,333.0,9.800000000000011,above,5–10 K,0.91700214,0.074177295,0.008820489,0.0033535708,0.3130782,0.68356824
,1-butyl-3-methylimidazolium hexafluorophosphate,CCCCn1cc[n+](C)c1.F[P-](F)(F)(F)(F)F,[C4MIm][PF6],n-propylbenzene,CCCc1ccccc1,aromatic,n-dodecane,CCCCCCCCCCCC,alkane,0.8913,0.0912,0.0175,0.0,0.2029,0.7971,101.325,0.11111111,224,333.0,9.800000000000011,above,5–10 K,0.90646577,0.083405465,0.010128841,0.0040247305,0.33262765,0.66334766
,1-butyl-3-methylimidazolium hexafluorophosphate,CCCCn1cc[n+](C)c1.F[P-](F)(F)(F)(F)F,[C4MIm][PF6],n-propylbenzene,CCCc1ccccc1,aromatic,n-dodecane,CCCCCCCCCCCC,alkane,0.8507,0.1312,0.0181,0.0,0.2762,0.7238,101.325,0.22222222,224,333.0,9.800000000000011,above,5–10 K,0.89452034,0.094057485,0.011422076,0.0044755773,0.35520297,0.64032143
,1-butyl-3-methylimidazolium hexafluorophosphate,CCCCn1cc[n+](C)c1.F[P-](F)(F)(F)(F)F,[C4MIm][PF6],n-propylbenzene,CCCc1ccccc1,aromatic,n-dodecane,CCCCCCCCCCCC,alkane,0.8093,0.1722,0.0185,0.0,0.3352,0.6648,101.325,0.33333334,224,333.0,9.800000000000011,above,5–10 K,0.8796207,0.10751163,0.012867662,0.0048865713,0.38162982,0.6134836
,1-butyl-3-methylimidazolium hexafluorophosphate,CCCCn1cc[n+](C)c1.F[P-](F)(F)(F)(F)F,[C4MIm][PF6],n-propylbenzene,CCCc1ccccc1,aromatic,n-dodecane,CCCCCCCCCCCC,alkane,0.7746,0.2068,0.0186,0.0,0.3865,0.6135,101.325,0.44444445,224,333.0,9.800000000000011,above,5–10 K,0.8631536,0.122322634,0.01452375,0.0054986114,0.40856457,0.58593684
,1-butyl-3-methylimidazolium hexafluorophosphate,CCCCn1cc[n+](C)c1.F[P-](F)(F)(F)(F)F,[C4MIm][PF6],n-propylbenzene,CCCc1ccccc1,aromatic,n-dodecane,CCCCCCCCCCCC,alkane,0.741,0.2402,0.0188,0.0,0.4299,0.5701,101.325,0.5555556,224,333.0,9.800000000000011,above,5–10 K,0.8446127,0.1391792,0.016208082,0.0057689757,0.43610752,0.5581235
,1-butyl-3-methylimidazolium hexafluorophosphate,CCCCn1cc[n+](C)c1.F[P-](F)(F)(F)(F)F,[C4MIm][PF6],n-propylbenzene,CCCc1ccccc1,aromatic,n-dodecane,CCCCCCCCCCCC,alkane,0.7123,0.2687,0.019,0.0,0.4684,0.5316,101.325,0.6666667,224,333.0,9.800000000000011,above,5–10 K,0.82420486,0.1577776,0.018017493,0.006032245,0.46385768,0.53011006
,1-butyl-3-methylimidazolium hexafluorophosphate,CCCCn1cc[n+](C)c1.F[P-](F)(F)(F)(F)F,[C4MIm][PF6],n-propylbenzene,CCCc1ccccc1,aromatic,n-dodecane,CCCCCCCCCCCC,alkane,0.6816,0.2991,0.0193,0.0,0.5006,0.4994,101.325,0.7777778,224,333.0,9.800000000000011,above,5–10 K,0.8016909,0.17833513,0.019974014,0.0062874923,0.49192816,0.5017843
,1-butyl-3-methylimidazolium hexafluorophosphate,CCCCn1cc[n+](C)c1.F[P-](F)(F)(F)(F)F,[C4MIm][PF6],n-propylbenzene,CCCc1ccccc1,aromatic,n-dodecane,CCCCCCCCCCCC,alkane,0.65340006,0.32700002,0.019600002,0.0,0.5292,0.4708,101.325,0.8888889,224,333.0,9.800000000000011,above,5–10 K,0.77692556,0.20113811,0.02193637,0.0062547796,0.5203883,0.4733569
,1-butyl-3-methylimidazolium hexafluorophosphate,CCCCn1cc[n+](C)c1.F[P-](F)(F)(F)(F)F,[C4MIm][PF6],n-propylbenzene,CCCc1ccccc1,aromatic,n-dodecane,CCCCCCCCCCCC,alkane,0.6276,0.3528,0.0196,0.0,0.5547,0.4453,101.325,1.0,224,333.0,9.800000000000011,above,5–10 K,0.74980736,0.22634593,0.023846656,0.0059301206,0.54929006,0.4447799
,1-butyl-3-methylimidazolium hexafluorophosphate,CCCCn1cc[n+](C)c1.F[P-](F)(F)(F)(F)F,[C4MIm][PF6],n-propylbenzene,CCCc1ccccc1,aromatic,n-tetradecane,CCCCCCCCCCCCCC,alkane,0.929,0.061,0.01,0.0,0.117,0.883,101.325,0.0,226,333.0,9.800000000000011,above,5–10 K,0.9218992,0.06955778,0.008543033,0.0036491123,0.2992388,0.69711214
,1-butyl-3-methylimidazolium hexafluorophosphate,CCCCn1cc[n+](C)c1.F[P-](F)(F)(F)(F)F,[C4MIm][PF6],n-propylbenzene,CCCc1ccccc1,aromatic,n-tetradecane,CCCCCCCCCCCCCC,alkane,0.87700003,0.11200001,0.011000001,0.0,0.211,0.789,101.325,0.125,226,333.0,9.800000000000011,above,5–10 K,0.908797,0.08142877,0.009774276,0.0039073704,0.32703963,0.669053
,1-butyl-3-methylimidazolium hexafluorophosphate,CCCCn1cc[n+](C)c1.F[P-](F)(F)(F)(F)F,[C4MIm][PF6],n-propylbenzene,CCCc1ccccc1,aromatic,n-tetradecane,CCCCCCCCCCCCCC,alkane,0.829,0.159,0.012,0.0,0.287,0.713,101.325,0.25,226,333.0,9.800000000000011,above,5–10 K,0.8937513,0.09509481,0.011153804,0.0041683065,0.35612422,0.63970745
,1-butyl-3-methylimidazolium hexafluorophosphate,CCCCn1cc[n+](C)c1.F[P-](F)(F)(F)(F)F,[C4MIm][PF6],n-propylbenzene,CCCc1ccccc1,aromatic,n-tetradecane,CCCCCCCCCCCCCC,alkane,0.788,0.2,0.012,0.0,0.35,0.65,101.325,0.375,226,333.0,9.800000000000011,above,5–10 K,0.8766444,0.110878326,0.012477357,0.0039888364,0.38680568,0.6092054
,1-butyl-3-methylimidazolium hexafluorophosphate,CCCCn1cc[n+](C)c1.F[P-](F)(F)(F)(F)F,[C4MIm][PF6],n-propylbenzene,CCCc1ccccc1,aromatic,n-tetradecane,CCCCCCCCCCCCCC,alkane,0.751,0.237,0.012,0.0,0.403,0.597,101.325,0.5,226,333.0,9.800000000000011,above,5–10 K,0.8570667,0.12876841,0.014164863,0.004222973,0.41808066,0.5776963
,1-butyl-3-methylimidazolium hexafluorophosphate,CCCCn1cc[n+](C)c1.F[P-](F)(F)(F)(F)F,[C4MIm][PF6],n-propylbenzene,CCCc1ccccc1,aromatic,n-tetradecane,CCCCCCCCCCCCCC,alkane,0.716,0.272,0.012,0.0,0.448,0.552,101.325,0.625,226,333.0,9.800000000000011,above,5–10 K,0.8349114,0.14905894,0.0160297,0.0044545135,0.45012477,0.5454207
,1-butyl-3-methylimidazolium hexafluorophosphate,CCCCn1cc[n+](C)c1.F[P-](F)(F)(F)(F)F,[C4MIm][PF6],n-propylbenzene,CCCc1ccccc1,aromatic,n-tetradecane,CCCCCCCCCCCCCC,alkane,0.684,0.303,0.013,0.0,0.487,0.513,101.325,0.75,226,333.0,9.800000000000011,above,5–10 K,0.8101171,0.17182027,0.01806259,0.0046768202,0.48253116,0.512792
,1-butyl-3-methylimidazolium hexafluorophosphate,CCCCn1cc[n+](C)c1.F[P-](F)(F)(F)(F)F,[C4MIm][PF6],n-propylbenzene,CCCc1ccccc1,aromatic,n-tetradecane,CCCCCCCCCCCCCC,alkane,0.653,0.334,0.013,0.0,0.519,0.481,101.325,0.875,226,333.0,9.800000000000011,above,5–10 K,0.7826803,0.19705775,0.020262022,0.0048893765,0.5149992,0.48011145
,1-butyl-3-methylimidazolium hexafluorophosphate,CCCCn1cc[n+](C)c1.F[P-](F)(F)(F)(F)F,[C4MIm][PF6],n-propylbenzene,CCCc1ccccc1,aromatic,n-tetradecane,CCCCCCCCCCCCCC,alkane,0.623,0.364,0.013,0.0,0.547,0.453,101.325,1.0,226,333.0,9.800000000000011,above,5–10 K,0.75284445,0.22359312,0.023562383,0.00666037,0.54385513,0.4494845
,1-butyl-3-methylimidazolium hexafluorophosphate,CCCCn1cc[n+](C)c1.F[P-](F)(F)(F)(F)F,[C4MIm][PF6],n-butylbenzene,CCCCc1ccccc1,aromatic,n-dodecane,CCCCCCCCCCCC,alkane,0.942,0.0379,0.0201,0.0,0.1059,0.8941,101.325,0.0,228,333.0,9.800000000000011,above,5–10 K,0.9293978,0.06189154,0.008710662,0.004364041,0.32530487,0.6703311
,1-butyl-3-methylimidazolium hexafluorophosphate,CCCCn1cc[n+](C)c1.F[P-](F)(F)(F)(F)F,[C4MIm][PF6],n-butylbenzene,CCCCc1ccccc1,aromatic,n-dodecane,CCCCCCCCCCCC,alkane,0.908,0.0715,0.0205,0.0,0.1926,0.8074,101.325,0.09090909,228,333.0,9.800000000000011,above,5–10 K,0.92125446,0.069158755,0.009586851,0.004569975,0.34419554,0.6512345
,1-butyl-3-methylimidazolium hexafluorophosphate,CCCCn1cc[n+](C)c1.F[P-](F)(F)(F)(F)F,[C4MIm][PF6],n-butylbenzene,CCCCc1ccccc1,aromatic,n-dodecane,CCCCCCCCCCCC,alkane,0.87810004,0.10080001,0.021100001,0.0,0.2651,0.7349,101.325,0.18181819,228,333.0,9.800000000000011,above,5–10 K,0.91241026,0.07718715,0.010402592,0.004402286,0.36349794,0.63209975
,1-butyl-3-methylimidazolium hexafluorophosphate,CCCCn1cc[n+](C)c1.F[P-](F)(F)(F)(F)F,[C4MIm][PF6],n-butylbenzene,CCCCc1ccccc1,aromatic,n-dodecane,CCCCCCCCCCCC,alkane,0.8505,0.128,0.0215,0.0,0.3259,0.6741,101.325,0.27272728,228,333.0,9.800000000000011,above,5–10 K,0.9025511,0.08609437,0.011354477,0.0044096466,0.38346872,0.61212164
,1-butyl-3-methylimidazolium hexafluorophosphate,CCCCn1cc[n+](C)c1.F[P-](F)(F)(F)(F)F,[C4MIm][PF6],n-butylbenzene,CCCCc1ccccc1,aromatic,n-dodecane,CCCCCCCCCCCC,alkane,0.8261,0.1523,0.0216,0.0,0.3779,0.6221,101.325,0.36363637,228,333.0,9.800000000000011,above,5–10 K,0.89157027,0.095963314,0.012466367,0.004596263,0.40395588,0.59144783
,1-butyl-3-methylimidazolium hexafluorophosphate,CCCCn1cc[n+](C)c1.F[P-](F)(F)(F)(F)F,[C4MIm][PF6],n-butylbenzene,CCCCc1ccccc1,aromatic,n-dodecane,CCCCCCCCCCCC,alkane,0.80420005,0.17400001,0.021800002,0.0,0.423,0.577,101.325,0.45454547,228,333.0,9.800000000000011,above,5–10 K,0.87950426,0.1068229,0.013672813,0.0047844085,0.42482874,0.5703868
,1-butyl-3-methylimidazolium hexafluorophosphate,CCCCn1cc[n+](C)c1.F[P-](F)(F)(F)(F)F,[C4MIm][PF6],n-butylbenzene,CCCCc1ccccc1,aromatic,n-dodecane,CCCCCCCCCCCC,alkane,0.7832,0.1948,0.022,0.0,0.462,0.538,101.325,0.54545456,228,333.0,9.800000000000011,above,5–10 K,0.866388,0.11888073,0.014731251,0.0045020245,0.44657215,0.5489259
,1-butyl-3-methylimidazolium hexafluorophosphate,CCCCn1cc[n+](C)c1.F[P-](F)(F)(F)(F)F,[C4MIm][PF6],n-butylbenzene,CCCCc1ccccc1,aromatic,n-dodecane,CCCCCCCCCCCC,alkane,0.7638,0.2139,0.0223,0.0,0.4963,0.5037,101.325,0.6363636,228,333.0,9.800000000000011,above,5–10 K,0.85195726,0.13193773,0.016104918,0.004667271,0.46799213,0.5273406
,1-butyl-3-methylimidazolium hexafluorophosphate,CCCCn1cc[n+](C)c1.F[P-](F)(F)(F)(F)F,[C4MIm][PF6],n-butylbenzene,CCCCc1ccccc1,aromatic,n-dodecane,CCCCCCCCCCCC,alkane,0.7458,0.2316,0.0226,0.0,0.5267,0.4733,101.325,0.72727275,228,333.0,9.800000000000011,above,5–10 K,0.8362935,0.14613117,0.017575221,0.004829994,0.48951274,0.50565726
,1-butyl-3-methylimidazolium hexafluorophosphate,CCCCn1cc[n+](C)c1.F[P-](F)(F)(F)(F)F,[C4MIm][PF6],n-butylbenzene,CCCCc1ccccc1,aromatic,n-dodecane,CCCCCCCCCCCC,alkane,0.7291,0.2483,0.0226,0.0,0.5537,0.4463,101.325,0.8181818,228,333.0,9.800000000000011,above,5–10 K,0.8148093,0.166542,0.01864859,0.0042827716,0.5233092,0.47240806
,1-butyl-3-methylimidazolium hexafluorophosphate,CCCCn1cc[n+](C)c1.F[P-](F)(F)(F)(F)F,[C4MIm][PF6],n-butylbenzene,CCCCc1ccccc1,aromatic,n-dodecane,CCCCCCCCCCCC,alkane,0.7127,0.2644,0.0229,0.0,0.5778,0.4222,101.325,0.90909094,228,333.0,9.800000000000011,above,5–10 K,0.79592186,0.18380703,0.020271113,0.0044128904,0.5449764,0.4506107
,1-butyl-3-methylimidazolium hexafluorophosphate,CCCCn1cc[n+](C)c1.F[P-](F)(F)(F)(F)F,[C4MIm][PF6],n-butylbenzene,CCCCc1ccccc1,aromatic,n-dodecane,CCCCCCCCCCCC,alkane,0.67350006,0.30330002,0.023200002,0.0,0.6379,0.3621,101.325,1.0,228,333.0,9.800000000000011,above,5–10 K,0.77561325,0.20239575,0.021991022,0.0045382506,0.5664205,0.42904127
,1-hexyl-3-methylimidazolium hexafluorophosphate,CCCCCCn1cc[n+](C)c1.F[P-](F)(F)(F)(F)F,[C6MIm][PF6],n-butylbenzene,CCCCc1ccccc1,aromatic,n-dodecane,CCCCCCCCCCCC,alkane,0.9336,0.0453,0.0211,0.0,0.1029,0.8971,101.325,0.0,233,333.0,9.800000000000011,above,5–10 K,0.9000722,0.08575864,0.014169253,0.0042676385,0.3135477,0.6821847
,1-hexyl-3-methylimidazolium hexafluorophosphate,CCCCCCn1cc[n+](C)c1.F[P-](F)(F)(F)(F)F,[C6MIm][PF6],n-butylbenzene,CCCCc1ccccc1,aromatic,n-dodecane,CCCCCCCCCCCC,alkane,0.8931,0.0854,0.0215,0.0,0.1873,0.8127,101.325,0.09090909,233,333.0,9.800000000000011,above,5–10 K,0.8888589,0.095582336,0.015558818,0.0044828225,0.33232564,0.66319144
,1-hexyl-3-methylimidazolium hexafluorophosphate,CCCCCCn1cc[n+](C)c1.F[P-](F)(F)(F)(F)F,[C6MIm][PF6],n-butylbenzene,CCCCc1ccccc1,aromatic,n-dodecane,CCCCCCCCCCCC,alkane,0.8579,0.12,0.0221,0.0,0.2585,0.7415,101.325,0.18181819,233,333.0,9.800000000000011,above,5–10 K,0.8766505,0.10630165,0.01704785,0.004689626,0.35146648,0.6438438
,1-hexyl-3-methylimidazolium hexafluorophosphate,CCCCCCn1cc[n+](C)c1.F[P-](F)(F)(F)(F)F,[C6MIm][PF6],n-butylbenzene,CCCCc1ccccc1,aromatic,n-dodecane,CCCCCCCCCCCC,alkane,0.8262,0.1513,0.0225,0.0,0.3187,0.6813,101.325,0.27272728,233,333.0,9.800000000000011,above,5–10 K,0.85920274,0.12151715,0.019280087,0.0052938135,0.3744831,0.620223
,1-hexyl-3-methylimidazolium hexafluorophosphate,CCCCCCn1cc[n+](C)c1.F[P-](F)(F)(F)(F)F,[C6MIm][PF6],n-butylbenzene,CCCCc1ccccc1,aromatic,n-dodecane,CCCCCCCCCCCC,alkane,0.7992,0.1782,0.0226,0.0,0.3708,0.6292,101.325,0.36363637,233,333.0,9.800000000000011,above,5–10 K,0.84225047,0.13638134,0.021368174,0.0057274452,0.39612198,0.59815055
,1-hexyl-3-methylimidazolium hexafluorophosphate,CCCCCCn1cc[n+](C)c1.F[P-](F)(F)(F)(F)F,[C6MIm][PF6],n-butylbenzene,CCCCc1ccccc1,aromatic,n-dodecane,CCCCCCCCCCCC,alkane,0.7744,0.2028,0.0228,0.0,0.4158,0.5842,101.325,0.45454547,233,333.0,9.800000000000011,above,5–10 K,0.82597965,0.15074095,0.023279464,0.0059586144,0.4166533,0.57738805
,1-hexyl-3-methylimidazolium hexafluorophosphate,CCCCCCn1cc[n+](C)c1.F[P-](F)(F)(F)(F)F,[C6MIm][PF6],n-butylbenzene,CCCCc1ccccc1,aromatic,n-dodecane,CCCCCCCCCCCC,alkane,0.7502,0.2268,0.023,0.0,0.4546,0.5454,101.325,0.54545456,233,333.0,9.800000000000011,above,5–10 K,0.808492,0.16621606,0.025291953,0.006186809,0.43739033,0.5564229
,1-hexyl-3-methylimidazolium hexafluorophosphate,CCCCCCn1cc[n+](C)c1.F[P-](F)(F)(F)(F)F,[C6MIm][PF6],n-butylbenzene,CCCCc1ccccc1,aromatic,n-dodecane,CCCCCCCCCCCC,alkane,0.7302,0.2465,0.0233,0.0,0.4895,0.5105,101.325,0.6363636,233,333.0,9.800000000000011,above,5–10 K,0.78726673,0.18487653,0.027856791,0.006737748,0.4591555,0.53410673
,1-hexyl-3-methylimidazolium hexafluorophosphate,CCCCCCn1cc[n+](C)c1.F[P-](F)(F)(F)(F)F,[C6MIm][PF6],n-butylbenzene,CCCCc1ccccc1,aromatic,n-dodecane,CCCCCCCCCCCC,alkane,0.709,0.2674,0.0236,0.0,0.5196,0.4804,101.325,0.72727275,233,333.0,9.800000000000011,above,5–10 K,0.76578873,0.20386466,0.030346634,0.007142952,0.48061523,0.5122418
,1-hexyl-3-methylimidazolium hexafluorophosphate,CCCCCCn1cc[n+](C)c1.F[P-](F)(F)(F)(F)F,[C6MIm][PF6],n-butylbenzene,CCCCc1ccccc1,aromatic,n-dodecane,CCCCCCCCCCCC,alkane,0.6925,0.2839,0.0236,0.0,0.5473,0.4527,101.325,0.8181818,233,333.0,9.800000000000011,above,5–10 K,0.74413127,0.22313502,0.032733697,0.007375973,0.5018238,0.49080026
,1-hexyl-3-methylimidazolium hexafluorophosphate,CCCCCCn1cc[n+](C)c1.F[P-](F)(F)(F)(F)F,[C6MIm][PF6],n-butylbenzene,CCCCc1ccccc1,aromatic,n-dodecane,CCCCCCCCCCCC,alkane,0.67570007,0.30040002,0.023900002,0.0,0.5718,0.4282,101.325,0.90909094,233,333.0,9.800000000000011,above,5–10 K,0.7214017,0.24339455,0.035203755,0.007603173,0.5228299,0.46956697
,1-hexyl-3-methylimidazolium hexafluorophosphate,CCCCCCn1cc[n+](C)c1.F[P-](F)(F)(F)(F)F,[C6MIm][PF6],n-butylbenzene,CCCCc1ccccc1,aromatic,n-dodecane,CCCCCCCCCCCC,alkane,0.6291,0.3467,0.0242,0.0,0.6315,0.3685,101.325,1.0,233,333.0,9.800000000000011,above,5–10 K,0.69537836,0.2664504,0.038171224,0.008138075,0.54433143,0.44753054
,1-methyl-3-octyl-imidazolium hexafluorophosphate,CCCCCCCCn1cc[n+](C)c1.F[P-](F)(F)(F)(F)F,[C8MIm][PF6],n-butylbenzene,CCCCc1ccccc1,aromatic,n-dodecane,CCCCCCCCCCCC,alkane,0.9006,0.0723,0.0271,0.0,0.1006,0.8994,101.325,0.0,240,333.0,9.800000000000011,above,5–10 K,0.85481745,0.11942233,0.02576024,0.0071050227,0.30390072,0.6889942
,1-methyl-3-octyl-imidazolium hexafluorophosphate,CCCCCCCCn1cc[n+](C)c1.F[P-](F)(F)(F)(F)F,[C8MIm][PF6],n-butylbenzene,CCCCc1ccccc1,aromatic,n-dodecane,CCCCCCCCCCCC,alkane,0.83910006,0.13340001,0.027500002,0.0,0.1836,0.8164,101.325,0.1,240,333.0,9.800000000000011,above,5–10 K,0.83857745,0.1331371,0.028285468,0.0074698953,0.32321492,0.6693152
,1-methyl-3-octyl-imidazolium hexafluorophosphate,CCCCCCCCn1cc[n+](C)c1.F[P-](F)(F)(F)(F)F,[C8MIm][PF6],n-butylbenzene,CCCCc1ccccc1,aromatic,n-dodecane,CCCCCCCCCCCC,alkane,0.7855,0.1864,0.0281,0.0,0.2528,0.7472,101.325,0.2,240,333.0,9.800000000000011,above,5–10 K,0.820978,0.14804345,0.03097851,0.0078388415,0.34305185,0.64910936
,1-methyl-3-octyl-imidazolium hexafluorophosphate,CCCCCCCCn1cc[n+](C)c1.F[P-](F)(F)(F)(F)F,[C8MIm][PF6],n-butylbenzene,CCCCc1ccccc1,aromatic,n-dodecane,CCCCCCCCCCCC,alkane,0.7398,0.2317,0.0285,0.0,0.3118,0.6882,101.325,0.3,240,333.0,9.800000000000011,above,5–10 K,0.8225024,0.14755934,0.029938227,0.00580834,0.35269767,0.641494
,1-methyl-3-octyl-imidazolium hexafluorophosphate,CCCCCCCCn1cc[n+](C)c1.F[P-](F)(F)(F)(F)F,[C8MIm][PF6],n-butylbenzene,CCCCc1ccccc1,aromatic,n-dodecane,CCCCCCCCCCCC,alkane,0.6993,0.2721,0.0286,0.0,0.3622,0.6378,101.325,0.4,240,333.0,9.800000000000011,above,5–10 K,0.80323863,0.16398259,0.032778773,0.006082292,0.37355936,0.6203583
,1-methyl-3-octyl-imidazolium hexafluorophosphate,CCCCCCCCn1cc[n+](C)c1.F[P-](F)(F)(F)(F)F,[C8MIm][PF6],n-butylbenzene,CCCCc1ccccc1,aromatic,n-dodecane,CCCCCCCCCCCC,alkane,0.6629,0.3083,0.0288,0.0,0.4059,0.5941,101.325,0.5,240,333.0,9.800000000000011,above,5–10 K,0.7824738,0.18173447,0.035791785,0.00635409,0.39482144,0.5988245
,1-methyl-3-octyl-imidazolium hexafluorophosphate,CCCCCCCCn1cc[n+](C)c1.F[P-](F)(F)(F)(F)F,[C8MIm][PF6],n-butylbenzene,CCCCc1ccccc1,aromatic,n-dodecane,CCCCCCCCCCCC,alkane,0.63030005,0.34070003,0.029000001,0.0,0.4441,0.5559,101.325,0.6,240,333.0,9.800000000000011,above,5–10 K,0.7600037,0.20100778,0.038988564,0.006632331,0.41695833,0.5764093
,1-methyl-3-octyl-imidazolium hexafluorophosphate,CCCCCCCCn1cc[n+](C)c1.F[P-](F)(F)(F)(F)F,[C8MIm][PF6],n-butylbenzene,CCCCc1ccccc1,aromatic,n-dodecane,CCCCCCCCCCCC,alkane,0.6007,0.37,0.0293,0.0,0.4778,0.5222,101.325,0.7,240,333.0,9.800000000000011,above,5–10 K,0.73607415,0.22157677,0.042349134,0.0069053588,0.43922046,0.55387414
,1-methyl-3-octyl-imidazolium hexafluorophosphate,CCCCCCCCn1cc[n+](C)c1.F[P-](F)(F)(F)(F)F,[C8MIm][PF6],n-butylbenzene,CCCCc1ccccc1,aromatic,n-dodecane,CCCCCCCCCCCC,alkane,0.5707,0.3997,0.0296,0.0,0.5068,0.4932,101.325,0.8,240,333.0,9.800000000000011,above,5–10 K,0.71094984,0.24324208,0.045808107,0.0071688876,0.46137962,0.5314515
,1-methyl-3-octyl-imidazolium hexafluorophosphate,CCCCCCCCn1cc[n+](C)c1.F[P-](F)(F)(F)(F)F,[C8MIm][PF6],n-butylbenzene,CCCCc1ccccc1,aromatic,n-dodecane,CCCCCCCCCCCC,alkane,0.5466,0.4238,0.0296,0.0,0.5336,0.4664,101.325,0.9,240,333.0,9.800000000000011,above,5–10 K,0.68392986,0.26535368,0.050716363,0.008677643,0.48000208,0.51132023
,1-methyl-3-octyl-imidazolium hexafluorophosphate,CCCCCCCCn1cc[n+](C)c1.F[P-](F)(F)(F)(F)F,[C8MIm][PF6],n-butylbenzene,CCCCc1ccccc1,aromatic,n-dodecane,CCCCCCCCCCCC,alkane,0.5232,0.4469,0.0299,0.0,0.5574,0.4426,101.325,1.0,240,333.0,9.800000000000011,above,5–10 K,0.6597727,0.28368577,0.056541506,0.011866745,0.4935676,0.49456573
,1-ethyl-3-methylimidazolium methylsulfate,CCn1cc[n+](C)c1.COS(=O)(=O)[O-],[C2MIm][MeSO4],n-propylbenzene,CCCc1ccccc1,aromatic,n-dodecane,CCCCCCCCCCCC,alkane,0.9721,0.0252,0.0027,0.0,0.1234,0.8766,101.325,0.0,244,333.0,9.800000000000011,above,5–10 K,0.98388296,0.014900061,0.0012169515,0.0012711105,0.2944688,0.7042602
,1-ethyl-3-methylimidazolium methylsulfate,CCn1cc[n+](C)c1.COS(=O)(=O)[O-],[C2MIm][MeSO4],n-propylbenzene,CCCc1ccccc1,aromatic,n-dodecane,CCCCCCCCCCCC,alkane,0.9483,0.0487,0.003,0.0,0.22,0.78,101.325,0.11111111,244,333.0,9.800000000000011,above,5–10 K,0.98142266,0.017220618,0.0013567334,0.001230483,0.3172252,0.68154436
,1-ethyl-3-methylimidazolium methylsulfate,CCn1cc[n+](C)c1.COS(=O)(=O)[O-],[C2MIm][MeSO4],n-propylbenzene,CCCc1ccccc1,aromatic,n-dodecane,CCCCCCCCCCCC,alkane,0.9226,0.074,0.0034,0.0,0.2961,0.7039,101.325,0.22222222,244,333.0,9.800000000000011,above,5–10 K,0.9784837,0.019986557,0.0015297624,0.0012466873,0.34123927,0.6575141
,1-ethyl-3-methylimidazolium methylsulfate,CCn1cc[n+](C)c1.COS(=O)(=O)[O-],[C2MIm][MeSO4],n-propylbenzene,CCCc1ccccc1,aromatic,n-dodecane,CCCCCCCCCCCC,alkane,0.8985,0.0978,0.0037,0.0,0.3587,0.6413,101.325,0.33333334,244,333.0,9.800000000000011,above,5–10 K,0.97498363,0.023274295,0.001742083,0.0013218513,0.3662887,0.6323894
,1-ethyl-3-methylimidazolium methylsulfate,CCn1cc[n+](C)c1.COS(=O)(=O)[O-],[C2MIm][MeSO4],n-propylbenzene,CCCc1ccccc1,aromatic,n-dodecane,CCCCCCCCCCCC,alkane,0.8752,0.1207,0.0041,0.0,0.4111,0.5889,101.325,0.44444445,244,333.0,9.800000000000011,above,5–10 K,0.97093564,0.0270809,0.0019835108,0.0013980622,0.39208233,0.60651964
,1-ethyl-3-methylimidazolium methylsulfate,CCn1cc[n+](C)c1.COS(=O)(=O)[O-],[C2MIm][MeSO4],n-propylbenzene,CCCc1ccccc1,aromatic,n-dodecane,CCCCCCCCCCCC,alkane,0.8535,0.142,0.0045,0.0,0.4557,0.5443,101.325,0.5555556,244,333.0,9.800000000000011,above,5–10 K,0.966606,0.031141117,0.0022528518,0.0015253285,0.41646922,0.5820055
,1-ethyl-3-methylimidazolium methylsulfate,CCn1cc[n+](C)c1.COS(=O)(=O)[O-],[C2MIm][MeSO4],n-propylbenzene,CCCc1ccccc1,aromatic,n-dodecane,CCCCCCCCCCCC,alkane,0.8324,0.1627,0.0049,0.0,0.4939,0.5061,101.325,0.6666667,244,333.0,9.800000000000011,above,5–10 K,0.9612688,0.036169812,0.002561433,0.0016043268,0.4432628,0.55513287
,1-ethyl-3-methylimidazolium methylsulfate,CCn1cc[n+](C)c1.COS(=O)(=O)[O-],[C2MIm][MeSO4],n-propylbenzene,CCCc1ccccc1,aromatic,n-dodecane,CCCCCCCCCCCC,alkane,0.8133,0.1814,0.0053,0.0,0.5275,0.4725,101.325,0.7777778,244,333.0,9.800000000000011,above,5–10 K,0.95508194,0.042007558,0.0029104764,0.0016827717,0.47056794,0.52774924
,1-ethyl-3-methylimidazolium methylsulfate,CCn1cc[n+](C)c1.COS(=O)(=O)[O-],[C2MIm][MeSO4],n-propylbenzene,CCCc1ccccc1,aromatic,n-dodecane,CCCCCCCCCCCC,alkane,0.792,0.2024,0.0056,0.0,0.556,0.444,101.325,0.8888889,244,333.0,9.800000000000011,above,5–10 K,0.94800115,0.048695873,0.003303002,0.0017599906,0.4978839,0.5003561
,1-ethyl-3-methylimidazolium methylsulfate,CCn1cc[n+](C)c1.COS(=O)(=O)[O-],[C2MIm][MeSO4],n-propylbenzene,CCCc1ccccc1,aromatic,n-dodecane,CCCCCCCCCCCC,alkane,0.7707,0.2234,0.0059,0.0,0.5811,0.4189,101.325,1.0,244,333.0,9.800000000000011,above,5–10 K,0.93981063,0.05644225,0.0037470425,0.0018356179,0.5254524,0.47271198
,1-ethyl-3-methylimidazolium methylsulfate,CCn1cc[n+](C)c1.COS(=O)(=O)[O-],[C2MIm][MeSO4],n-propylbenzene,CCCc1ccccc1,aromatic,n-tetradecane,CCCCCCCCCCCCCC,alkane,0.9662,0.0317,0.0021,0.0,0.1335,0.8665,101.325,0.0,246,333.0,9.800000000000011,above,5–10 K,0.98443246,0.0144387,0.001128857,0.0010879302,0.28834775,0.7105643
,1-ethyl-3-methylimidazolium methylsulfate,CCn1cc[n+](C)c1.COS(=O)(=O)[O-],[C2MIm][MeSO4],n-propylbenzene,CCCc1ccccc1,aromatic,n-tetradecane,CCCCCCCCCCCCCC,alkane,0.9366,0.061,0.0024,0.0,0.236,0.764,101.325,0.11111111,246,333.0,9.800000000000011,above,5–10 K,0.98189354,0.016820017,0.0012864503,0.0011595003,0.3113248,0.6875157
,1-ethyl-3-methylimidazolium methylsulfate,CCn1cc[n+](C)c1.COS(=O)(=O)[O-],[C2MIm][MeSO4],n-propylbenzene,CCCc1ccccc1,aromatic,n-tetradecane,CCCCCCCCCCCCCC,alkane,0.906,0.0913,0.0027,0.0,0.3153,0.6847,101.325,0.22222222,246,333.0,9.800000000000011,above,5–10 K,0.9799256,0.018767403,0.0013069967,0.0008610823,0.3430814,0.65605754
,1-ethyl-3-methylimidazolium methylsulfate,CCn1cc[n+](C)c1.COS(=O)(=O)[O-],[C2MIm][MeSO4],n-propylbenzene,CCCc1ccccc1,aromatic,n-tetradecane,CCCCCCCCCCCCCC,alkane,0.8772,0.1197,0.0031,0.0,0.3797,0.6203,101.325,0.33333334,246,333.0,9.800000000000011,above,5–10 K,0.9765816,0.021925887,0.0014925587,0.0009132477,0.3687787,0.63030803
,1-ethyl-3-methylimidazolium methylsulfate,CCn1cc[n+](C)c1.COS(=O)(=O)[O-],[C2MIm][MeSO4],n-propylbenzene,CCCc1ccccc1,aromatic,n-tetradecane,CCCCCCCCCCCCCC,alkane,0.853,0.1437,0.0033,0.0,0.4343,0.5657,101.325,0.44444445,246,333.0,9.800000000000011,above,5–10 K,0.97267747,0.025617456,0.0017050625,0.00096628413,0.3953243,0.6037094
,1-ethyl-3-methylimidazolium methylsulfate,CCn1cc[n+](C)c1.COS(=O)(=O)[O-],[C2MIm][MeSO4],n-propylbenzene,CCCc1ccccc1,aromatic,n-tetradecane,CCCCCCCCCCCCCC,alkane,0.8262,0.1701,0.0037,0.0,0.4786,0.5214,101.325,0.5555556,246,333.0,9.800000000000011,above,5–10 K,0.9681552,0.029899783,0.0019449467,0.0010185755,0.42275667,0.5762248
,1-ethyl-3-methylimidazolium methylsulfate,CCn1cc[n+](C)c1.COS(=O)(=O)[O-],[C2MIm][MeSO4],n-propylbenzene,CCCc1ccccc1,aromatic,n-tetradecane,CCCCCCCCCCCCCC,alkane,0.8044,0.1916,0.004,0.0,0.5177,0.4823,101.325,0.6666667,246,333.0,9.800000000000011,above,5–10 K,0.9629678,0.034818333,0.002213848,0.0010695661,0.45075083,0.54817957
,1-ethyl-3-methylimidazolium methylsulfate,CCn1cc[n+](C)c1.COS(=O)(=O)[O-],[C2MIm][MeSO4],n-propylbenzene,CCCc1ccccc1,aromatic,n-tetradecane,CCCCCCCCCCCCCC,alkane,0.78,0.2157,0.0043,0.0,0.5502,0.4498,101.325,0.7777778,246,333.0,9.800000000000011,above,5–10 K,0.9568465,0.04062775,0.002525747,0.0011218895,0.47898498,0.5198931
,1-ethyl-3-methylimidazolium methylsulfate,CCn1cc[n+](C)c1.COS(=O)(=O)[O-],[C2MIm][MeSO4],n-propylbenzene,CCCc1ccccc1,aromatic,n-tetradecane,CCCCCCCCCCCCCC,alkane,0.755,0.2403,0.0047,0.0,0.578,0.422,101.325,0.8888889,246,333.0,9.800000000000011,above,5–10 K,0.94980955,0.047314703,0.002875744,0.0011724912,0.5072467,0.49158087
,1-ethyl-3-methylimidazolium methylsulfate,CCn1cc[n+](C)c1.COS(=O)(=O)[O-],[C2MIm][MeSO4],n-propylbenzene,CCCc1ccccc1,aromatic,n-tetradecane,CCCCCCCCCCCCCC,alkane,0.7336,0.2614,0.005,0.0,0.6032,0.3968,101.325,1.0,246,333.0,9.800000000000011,above,5–10 K,0.93920594,0.05707831,0.00371577,0.0019740504,0.52383083,0.47419515
,1-butyl-3-methylimidazolium methylsulfate,CCCCn1cc[n+](C)c1.COS(=O)(=O)[O-],[C4MIm][MeSO4],benzene,c1ccccc1,aromatic,n-hexane,CCCCCC,alkane,0.9174,0.0635,0.0191,0.0,0.0706,0.9294,101.325,0.0,249,328.2,5.0,above,0–5 K,0.9202169,0.07312351,0.0066595823,0.0033949285,0.168609,0.827996
,1-butyl-3-methylimidazolium methylsulfate,CCCCn1cc[n+](C)c1.COS(=O)(=O)[O-],[C4MIm][MeSO4],benzene,c1ccccc1,aromatic,n-hexane,CCCCCC,alkane,0.8787,0.1026,0.0187,0.0,0.1189,0.8811,101.325,0.14285715,249,328.2,5.0,above,0–5 K,0.90439665,0.087883145,0.0077202553,0.003587282,0.19343476,0.802978
,1-butyl-3-methylimidazolium methylsulfate,CCCCn1cc[n+](C)c1.COS(=O)(=O)[O-],[C4MIm][MeSO4],benzene,c1ccccc1,aromatic,n-hexane,CCCCCC,alkane,0.8445,0.1374,0.0181,0.0,0.1704,0.8296,101.325,0.2857143,249,328.2,5.0,above,0–5 K,0.885889,0.105255485,0.00885552,0.00360228,0.22082259,0.7755751
,1-butyl-3-methylimidazolium methylsulfate,CCCCn1cc[n+](C)c1.COS(=O)(=O)[O-],[C4MIm][MeSO4],benzene,c1ccccc1,aromatic,n-hexane,CCCCCC,alkane,0.8096,0.1728,0.0176,0.0,0.2289,0.7711,101.325,0.42857143,249,328.2,5.0,above,0–5 K,0.86393034,0.12578484,0.010284867,0.0039565605,0.25181293,0.74423057
,1-butyl-3-methylimidazolium methylsulfate,CCCCn1cc[n+](C)c1.COS(=O)(=O)[O-],[C4MIm][MeSO4],benzene,c1ccccc1,aromatic,n-hexane,CCCCCC,alkane,0.7758,0.2069,0.0173,0.0,0.2825,0.7175,101.325,0.5714286,249,328.2,5.0,above,0–5 K,0.8385189,0.14959115,0.011889966,0.004321773,0.28562844,0.71004975
,1-butyl-3-methylimidazolium methylsulfate,CCCCn1cc[n+](C)c1.COS(=O)(=O)[O-],[C4MIm][MeSO4],benzene,c1ccccc1,aromatic,n-hexane,CCCCCC,alkane,0.7575,0.2258,0.0167,0.0,0.3314,0.6686,101.325,0.71428573,249,328.2,5.0,above,0–5 K,0.8093592,0.1769636,0.01367726,0.0046935384,0.3221065,0.67319995
,1-butyl-3-methylimidazolium methylsulfate,CCCCn1cc[n+](C)c1.COS(=O)(=O)[O-],[C4MIm][MeSO4],benzene,c1ccccc1,aromatic,n-hexane,CCCCCC,alkane,0.7281,0.2554,0.0165,0.0,0.388,0.612,101.325,0.85714287,249,328.2,5.0,above,0–5 K,0.7765114,0.20786467,0.015623943,0.0050611086,0.36074355,0.6341953
,1-butyl-3-methylimidazolium methylsulfate,CCCCn1cc[n+](C)c1.COS(=O)(=O)[O-],[C4MIm][MeSO4],benzene,c1ccccc1,aromatic,n-hexane,CCCCCC,alkane,0.7052,0.2786,0.0162,0.0,0.4502,0.5498,101.325,1.0,249,328.2,5.0,above,0–5 K,0.739751,0.24251299,0.017736059,0.0054228976,0.4014089,0.5931682
,1-butyl-3-methylimidazolium methylsulfate,CCCCn1cc[n+](C)c1.COS(=O)(=O)[O-],[C4MIm][MeSO4],toluene,Cc1ccccc1,aromatic,n-heptane,CCCCCCC,alkane,0.9843,0.0041,0.0116,0.0,0.0178,0.9822,101.325,0.0,254,348.2,25.0,above,>20 K,0.96948427,0.028230751,0.0022849573,0.0020028818,0.25377694,0.7442202
,1-butyl-3-methylimidazolium methylsulfate,CCCCn1cc[n+](C)c1.COS(=O)(=O)[O-],[C4MIm][MeSO4],toluene,Cc1ccccc1,aromatic,n-heptane,CCCCCCC,alkane,0.97040004,0.018900001,0.010700001,1e-04,0.0562,0.9437,101.325,0.1,254,348.2,25.0,above,>20 K,0.96450204,0.032858476,0.002639426,0.0023350448,0.27663422,0.7210308
,1-butyl-3-methylimidazolium methylsulfate,CCCCn1cc[n+](C)c1.COS(=O)(=O)[O-],[C4MIm][MeSO4],toluene,Cc1ccccc1,aromatic,n-heptane,CCCCCCC,alkane,0.96070004,0.029000001,0.010300001,0.0,0.0918,0.9082,101.325,0.2,254,348.2,25.0,above,>20 K,0.9593064,0.037728205,0.0029654098,0.0024814105,0.2998181,0.69770044
,1-butyl-3-methylimidazolium methylsulfate,CCCCn1cc[n+](C)c1.COS(=O)(=O)[O-],[C4MIm][MeSO4],toluene,Cc1ccccc1,aromatic,n-heptane,CCCCCCC,alkane,0.94640005,0.042600002,0.011000001,0.0026,0.1359,0.8615,101.325,0.3,254,348.2,25.0,above,>20 K,0.95336324,0.043305814,0.0033309157,0.002631377,0.32423252,0.6731361
,1-butyl-3-methylimidazolium methylsulfate,CCCCn1cc[n+](C)c1.COS(=O)(=O)[O-],[C4MIm][MeSO4],toluene,Cc1ccccc1,aromatic,n-heptane,CCCCCCC,alkane,0.9423,0.0476,0.0101,0.0,0.1528,0.8472,101.325,0.4,254,348.2,25.0,above,>20 K,0.94666,0.04960607,0.0037338948,0.0027802845,0.34972414,0.64749557
,1-butyl-3-methylimidazolium methylsulfate,CCCCn1cc[n+](C)c1.COS(=O)(=O)[O-],[C4MIm][MeSO4],toluene,Cc1ccccc1,aromatic,n-heptane,CCCCCCC,alkane,0.89750004,0.09260001,0.009900001,0.0,0.3008,0.6992,101.325,0.5,254,348.2,25.0,above,>20 K,0.9389802,0.056832135,0.0041876114,0.00293079,0.37605324,0.62101597
,1-butyl-3-methylimidazolium methylsulfate,CCCCn1cc[n+](C)c1.COS(=O)(=O)[O-],[C4MIm][MeSO4],toluene,Cc1ccccc1,aromatic,n-heptane,CCCCCCC,alkane,0.8595,0.1313,0.0092,0.0,0.4366,0.5634,101.325,0.6,254,348.2,25.0,above,>20 K,0.93025625,0.065052055,0.004691704,0.0030817513,0.4032168,0.5937014
,1-butyl-3-methylimidazolium methylsulfate,CCCCn1cc[n+](C)c1.COS(=O)(=O)[O-],[C4MIm][MeSO4],toluene,Cc1ccccc1,aromatic,n-heptane,CCCCCCC,alkane,0.822,0.1684,0.0096,0.0065,0.5494,0.4441,101.325,0.7,254,348.2,25.0,above,>20 K,0.9204762,0.07427952,0.0052442523,0.0032256139,0.4311086,0.5656658
,1-butyl-3-methylimidazolium methylsulfate,CCCCn1cc[n+](C)c1.COS(=O)(=O)[O-],[C4MIm][MeSO4],toluene,Cc1ccccc1,aromatic,n-heptane,CCCCCCC,alkane,0.7684,0.2245,0.0071,0.0039,0.7075,0.2886,101.325,0.8,254,348.2,25.0,above,>20 K,0.9094148,0.08472942,0.0058556637,0.0033687782,0.45920175,0.5374295
,1-butyl-3-methylimidazolium methylsulfate,CCCCn1cc[n+](C)c1.COS(=O)(=O)[O-],[C4MIm][MeSO4],toluene,Cc1ccccc1,aromatic,n-heptane,CCCCCCC,alkane,0.7569,0.2387,0.0044,0.0003,0.8243,0.1754,101.325,0.9,254,348.2,25.0,above,>20 K,0.89696145,0.09650834,0.0065301587,0.0035075226,0.4876671,0.50882536
,1-butyl-3-methylimidazolium methylsulfate,CCCCn1cc[n+](C)c1.COS(=O)(=O)[O-],[C4MIm][MeSO4],toluene,Cc1ccccc1,aromatic,n-heptane,CCCCCCC,alkane,0.6568,0.3431,1e-04,0.0,0.9967,0.0033,101.325,1.0,254,348.2,25.0,above,>20 K,0.8830871,0.1096487,0.007264194,0.0036350787,0.51637673,0.47998822
,"1,3-dimethylimidazolium methylsulfate",COS(=O)(=O)[O-].Cn1cc[n+](C)c1,[C1MIm][MeSO4],toluene,Cc1ccccc1,aromatic,n-heptane,CCCCCCC,alkane,0.9988,0.0,0.0012,0.0053,0.0,0.9947,101.325,0.0,259,348.2,25.0,above,>20 K,0.9833454,0.015828233,0.0008262947,0.0010342833,0.27140668,0.72755903
,"1,3-dimethylimidazolium methylsulfate",COS(=O)(=O)[O-].Cn1cc[n+](C)c1,[C1MIm][MeSO4],toluene,Cc1ccccc1,aromatic,n-heptane,CCCCCCC,alkane,0.99480003,0.0039000001,0.0013000001,0.0369,0.0595,0.9036,101.325,0.05,259,348.2,25.0,above,>20 K,0.982104,0.017018437,0.0008776505,0.0010673498,0.28288653,0.71604615
,"1,3-dimethylimidazolium methylsulfate",COS(=O)(=O)[O-].Cn1cc[n+](C)c1,[C1MIm][MeSO4],toluene,Cc1ccccc1,aromatic,n-heptane,CCCCCCC,alkane,0.9887,0.0101,0.0012,0.0187,0.1242,0.8571,101.325,0.1,259,348.2,25.0,above,>20 K,0.9806991,0.018363241,0.0009375815,0.0011143455,0.29419646,0.7046892
,"1,3-dimethylimidazolium methylsulfate",COS(=O)(=O)[O-].Cn1cc[n+](C)c1,[C1MIm][MeSO4],toluene,Cc1ccccc1,aromatic,n-heptane,CCCCCCC,alkane,0.986,0.0126,0.0014,0.0203,0.1725,0.8072,101.325,0.15,259,348.2,25.0,above,>20 K,0.9792615,0.01974254,0.0009958714,0.0011488377,0.3062729,0.6925783
,"1,3-dimethylimidazolium methylsulfate",COS(=O)(=O)[O-].Cn1cc[n+](C)c1,[C1MIm][MeSO4],toluene,Cc1ccccc1,aromatic,n-heptane,CCCCCCC,alkane,0.9805,0.0184,0.0011,0.0198,0.2326,0.7476,101.325,0.2,259,348.2,25.0,above,>20 K,0.9777188,0.02122327,0.0010579814,0.0011835002,0.31860948,0.680207
,"1,3-dimethylimidazolium methylsulfate",COS(=O)(=O)[O-].Cn1cc[n+](C)c1,[C1MIm][MeSO4],toluene,Cc1ccccc1,aromatic,n-heptane,CCCCCCC,alkane,0.9768,0.0219,0.0013,0.014,0.2727,0.7133,101.325,0.25,259,348.2,25.0,above,>20 K,0.97608984,0.022787673,0.0011224651,0.0012176045,0.331325,0.66745734
,"1,3-dimethylimidazolium methylsulfate",COS(=O)(=O)[O-].Cn1cc[n+](C)c1,[C1MIm][MeSO4],toluene,Cc1ccccc1,aromatic,n-heptane,CCCCCCC,alkane,0.9722,0.0266,0.0012,0.0155,0.3349,0.6496,101.325,0.3,259,348.2,25.0,above,>20 K,0.9743086,0.024498645,0.0011926792,0.0012528612,0.3442663,0.6544809
,"1,3-dimethylimidazolium methylsulfate",COS(=O)(=O)[O-].Cn1cc[n+](C)c1,[C1MIm][MeSO4],toluene,Cc1ccccc1,aromatic,n-heptane,CCCCCCC,alkane,0.9713,0.0278,0.0009,0.0143,0.3885,0.5972,101.325,0.35,259,348.2,25.0,above,>20 K,0.9724063,0.026326923,0.0012667186,0.0012883528,0.35737488,0.6413368
,"1,3-dimethylimidazolium methylsulfate",COS(=O)(=O)[O-].Cn1cc[n+](C)c1,[C1MIm][MeSO4],toluene,Cc1ccccc1,aromatic,n-heptane,CCCCCCC,alkane,0.9643,0.0346,0.0011,0.016,0.4367,0.5473,101.325,0.4,259,348.2,25.0,above,>20 K,0.97041065,0.028246019,0.0013432512,0.0013218984,0.37076643,0.6279116
,"1,3-dimethylimidazolium methylsulfate",COS(=O)(=O)[O-].Cn1cc[n+](C)c1,[C1MIm][MeSO4],toluene,Cc1ccccc1,aromatic,n-heptane,CCCCCCC,alkane,0.95860004,0.040400002,0.0010000002,0.0332,0.4806,0.4862,101.325,0.45,259,348.2,25.0,above,>20 K,0.9682086,0.030364405,0.0014269573,0.0013574056,0.38442057,0.6142221
,"1,3-dimethylimidazolium methylsulfate",COS(=O)(=O)[O-].Cn1cc[n+](C)c1,[C1MIm][MeSO4],toluene,Cc1ccccc1,aromatic,n-heptane,CCCCCCC,alkane,0.9558,0.0434,0.0008,0.0125,0.5356,0.4519,101.325,0.5,259,348.2,25.0,above,>20 K,0.9658641,0.032620862,0.0015150151,0.0013925732,0.39818382,0.6004236
,"1,3-dimethylimidazolium methylsulfate",COS(=O)(=O)[O-].Cn1cc[n+](C)c1,[C1MIm][MeSO4],toluene,Cc1ccccc1,aromatic,n-heptane,CCCCCCC,alkane,0.95680004,0.042300005,0.00090000004,0.021,0.5901,0.3889,101.325,0.55,259,348.2,25.0,above,>20 K,0.9633796,0.035013147,0.0016072681,0.0014258963,0.41218263,0.58639145
,"1,3-dimethylimidazolium methylsulfate",COS(=O)(=O)[O-].Cn1cc[n+](C)c1,[C1MIm][MeSO4],toluene,Cc1ccccc1,aromatic,n-heptane,CCCCCCC,alkane,0.9495,0.0499,0.0006,0.0,0.6651,0.3349,101.325,0.6,259,348.2,25.0,above,>20 K,0.9606905,0.037603844,0.0017057217,0.0014602304,0.42640308,0.5721367
,"1,3-dimethylimidazolium methylsulfate",COS(=O)(=O)[O-].Cn1cc[n+](C)c1,[C1MIm][MeSO4],toluene,Cc1ccccc1,aromatic,n-heptane,CCCCCCC,alkane,0.9377,0.0616,0.0007,0.0058,0.6977,0.2965,101.325,0.65,259,348.2,25.0,above,>20 K,0.95781815,0.04037195,0.0018098728,0.0014941134,0.44059882,0.55790704
,"1,3-dimethylimidazolium methylsulfate",COS(=O)(=O)[O-].Cn1cc[n+](C)c1,[C1MIm][MeSO4],toluene,Cc1ccccc1,aromatic,n-heptane,CCCCCCC,alkane,0.9372,0.0622,0.0006,0.0008,0.7452,0.254,101.325,0.7,259,348.2,25.0,above,>20 K,0.95430434,0.043802902,0.0018927461,0.001401496,0.45486325,0.5437352
,"1,3-dimethylimidazolium methylsulfate",COS(=O)(=O)[O-].Cn1cc[n+](C)c1,[C1MIm][MeSO4],toluene,Cc1ccccc1,aromatic,n-heptane,CCCCCCC,alkane,0.9336,0.0659,0.0005,0.0004,0.7853,0.2143,101.325,0.75,259,348.2,25.0,above,>20 K,0.95079535,0.047212847,0.001991784,0.0013699883,0.46919593,0.5294341
,"1,3-dimethylimidazolium methylsulfate",COS(=O)(=O)[O-].Cn1cc[n+](C)c1,[C1MIm][MeSO4],toluene,Cc1ccccc1,aromatic,n-heptane,CCCCCCC,alkane,0.9277,0.0716,0.0007,0.0,0.8285,0.1715,101.325,0.8,259,348.2,25.0,above,>20 K,0.94721454,0.050671957,0.0021134275,0.0013991217,0.48376873,0.51483214
,"1,3-dimethylimidazolium methylsulfate",COS(=O)(=O)[O-].Cn1cc[n+](C)c1,[C1MIm][MeSO4],toluene,Cc1ccccc1,aromatic,n-heptane,CCCCCCC,alkane,0.9227,0.0768,0.0005,0.0,0.876,0.124,101.325,0.85,259,348.2,25.0,above,>20 K,0.94327617,0.054485776,0.0022379893,0.0014104887,0.49945164,0.4991379
,"1,3-dimethylimidazolium methylsulfate",COS(=O)(=O)[O-].Cn1cc[n+](C)c1,[C1MIm][MeSO4],toluene,Cc1ccccc1,aromatic,n-heptane,CCCCCCC,alkane,0.9209,0.0787,0.0004,0.0,0.9242,0.0758,101.325,0.9,259,348.2,25.0,above,>20 K,0.9391363,0.058494236,0.0023693927,0.0014286804,0.51457936,0.48399198
,"1,3-dimethylimidazolium methylsulfate",COS(=O)(=O)[O-].Cn1cc[n+](C)c1,[C1MIm][MeSO4],toluene,Cc1ccccc1,aromatic,n-heptane,CCCCCCC,alkane,0.9171,0.0826,0.0003,0.0,0.9611,0.0389,101.325,0.95,259,348.2,25.0,above,>20 K,0.9347451,0.062742665,0.0025121614,0.0014550413,0.52928084,0.46926415
,"1,3-dimethylimidazolium methylsulfate",COS(=O)(=O)[O-].Cn1cc[n+](C)c1,[C1MIm][MeSO4],toluene,Cc1ccccc1,aromatic,n-heptane,CCCCCCC,alkane,0.8953,0.1047,0.0,0.0,1.0,0.0,101.325,1.0,259,348.2,25.0,above,>20 K,0.93042827,0.06685816,0.0027135555,0.001665224,0.5424502,0.45588458
,"1,3-dimethylimidazolium methylsulfate",COS(=O)(=O)[O-].Cn1cc[n+](C)c1,[C1MIm][MeSO4],n-propylbenzene,CCCc1ccccc1,aromatic,n-dodecane,CCCCCCCCCCCC,alkane,0.9695,0.0268,0.0037,0.0,0.1204,0.8796,101.325,0.0,261,333.0,9.800000000000011,above,5–10 K,0.9847333,0.014221091,0.0010455479,0.0010514766,0.3134356,0.6855129
,"1,3-dimethylimidazolium methylsulfate",COS(=O)(=O)[O-].Cn1cc[n+](C)c1,[C1MIm][MeSO4],n-propylbenzene,CCCc1ccccc1,aromatic,n-dodecane,CCCCCCCCCCCC,alkane,0.9427,0.0531,0.0042,0.0,0.2143,0.7857,101.325,0.1,261,333.0,9.800000000000011,above,5–10 K,0.9825163,0.01630804,0.0011756449,0.001111206,0.33464757,0.6642412
,"1,3-dimethylimidazolium methylsulfate",COS(=O)(=O)[O-].Cn1cc[n+](C)c1,[C1MIm][MeSO4],n-propylbenzene,CCCc1ccccc1,aromatic,n-dodecane,CCCCCCCCCCCC,alkane,0.91770005,0.077800006,0.0045000003,0.0,0.2904,0.7096,101.325,0.2,261,333.0,9.800000000000011,above,5–10 K,0.9785477,0.020023996,0.0014282533,0.0013380363,0.35410854,0.6445535
,"1,3-dimethylimidazolium methylsulfate",COS(=O)(=O)[O-].Cn1cc[n+](C)c1,[C1MIm][MeSO4],n-propylbenzene,CCCc1ccccc1,aromatic,n-dodecane,CCCCCCCCCCCC,alkane,0.8934,0.1014,0.0052,0.0,0.353,0.647,101.325,0.3,261,333.0,9.800000000000011,above,5–10 K,0.9746314,0.023701297,0.0016672347,0.0015039083,0.37536207,0.62313396
,"1,3-dimethylimidazolium methylsulfate",COS(=O)(=O)[O-].Cn1cc[n+](C)c1,[C1MIm][MeSO4],n-propylbenzene,CCCc1ccccc1,aromatic,n-dodecane,CCCCCCCCCCCC,alkane,0.8687,0.1256,0.0057,0.0,0.4047,0.5953,101.325,0.4,261,333.0,9.800000000000011,above,5–10 K,0.97102284,0.027106935,0.0018702027,0.0015800559,0.39851156,0.5999084
,"1,3-dimethylimidazolium methylsulfate",COS(=O)(=O)[O-].Cn1cc[n+](C)c1,[C1MIm][MeSO4],n-propylbenzene,CCCc1ccccc1,aromatic,n-dodecane,CCCCCCCCCCCC,alkane,0.8462,0.1477,0.0061,0.0,0.4491,0.5509,101.325,0.5,261,333.0,9.800000000000011,above,5–10 K,0.9669043,0.030997604,0.0020981121,0.0016567723,0.4221581,0.57618517
,"1,3-dimethylimidazolium methylsulfate",COS(=O)(=O)[O-].Cn1cc[n+](C)c1,[C1MIm][MeSO4],n-propylbenzene,CCCc1ccccc1,aromatic,n-dodecane,CCCCCCCCCCCC,alkane,0.8236,0.1699,0.0065,0.0,0.4869,0.5131,101.325,0.6,261,333.0,9.800000000000011,above,5–10 K,0.9622055,0.035442237,0.002352197,0.0017325352,0.44629464,0.55197287
,"1,3-dimethylimidazolium methylsulfate",COS(=O)(=O)[O-].Cn1cc[n+](C)c1,[C1MIm][MeSO4],n-propylbenzene,CCCc1ccccc1,aromatic,n-dodecane,CCCCCCCCCCCC,alkane,0.8025,0.1907,0.0068,0.0,0.52,0.48,101.325,0.7,261,333.0,9.800000000000011,above,5–10 K,0.95689297,0.040472355,0.0026347402,0.0018082845,0.47062683,0.5275649
,"1,3-dimethylimidazolium methylsulfate",COS(=O)(=O)[O-].Cn1cc[n+](C)c1,[C1MIm][MeSO4],n-propylbenzene,CCCc1ccccc1,aromatic,n-dodecane,CCCCCCCCCCCC,alkane,0.7823,0.2106,0.0071,0.0,0.5491,0.4509,101.325,0.8,261,333.0,9.800000000000011,above,5–10 K,0.95087826,0.04617277,0.0029489943,0.0018829114,0.49508375,0.50303334
,"1,3-dimethylimidazolium methylsulfate",COS(=O)(=O)[O-].Cn1cc[n+](C)c1,[C1MIm][MeSO4],n-propylbenzene,CCCc1ccccc1,aromatic,n-dodecane,CCCCCCCCCCCC,alkane,0.762,0.2305,0.0075,0.0,0.5746,0.4254,101.325,0.9,261,333.0,9.800000000000011,above,5–10 K,0.94755536,0.049337912,0.0031068206,0.0018144585,0.5217205,0.476465
,"1,3-dimethylimidazolium methylsulfate",COS(=O)(=O)[O-].Cn1cc[n+](C)c1,[C1MIm][MeSO4],n-propylbenzene,CCCc1ccccc1,aromatic,n-dodecane,CCCCCCCCCCCC,alkane,0.7436,0.2486,0.0078,0.0,0.5976,0.4024,101.325,1.0,261,333.0,9.800000000000011,above,5–10 K,0.94215584,0.054470077,0.003374147,0.0018093566,0.5469313,0.45125932
,"1,3-dimethylimidazolium methylsulfate",COS(=O)(=O)[O-].Cn1cc[n+](C)c1,[C1MIm][MeSO4],n-propylbenzene,CCCc1ccccc1,aromatic,n-tetradecane,CCCCCCCCCCCCCC,alkane,0.9641,0.0334,0.0025,0.0,0.1294,0.8706,101.325,0.0,263,333.0,9.800000000000011,above,5–10 K,0.98504436,0.013939072,0.0010166003,0.0010927821,0.3085677,0.6903395
,"1,3-dimethylimidazolium methylsulfate",COS(=O)(=O)[O-].Cn1cc[n+](C)c1,[C1MIm][MeSO4],n-propylbenzene,CCCc1ccccc1,aromatic,n-tetradecane,CCCCCCCCCCCCCC,alkane,0.9342,0.063,0.0028,0.0,0.2305,0.7695,101.325,0.11111111,263,333.0,9.800000000000011,above,5–10 K,0.9826079,0.01623689,0.0011552422,0.0011478299,0.3329676,0.6658845
,"1,3-dimethylimidazolium methylsulfate",COS(=O)(=O)[O-].Cn1cc[n+](C)c1,[C1MIm][MeSO4],n-propylbenzene,CCCc1ccccc1,aromatic,n-tetradecane,CCCCCCCCCCCCCC,alkane,0.90610003,0.09080001,0.0031000003,0.0,0.3105,0.6895,101.325,0.22222222,263,333.0,9.800000000000011,above,5–10 K,0.9771369,0.021363096,0.0014999341,0.001402018,0.37480694,0.62379104
,"1,3-dimethylimidazolium methylsulfate",COS(=O)(=O)[O-].Cn1cc[n+](C)c1,[C1MIm][MeSO4],n-propylbenzene,CCCc1ccccc1,aromatic,n-tetradecane,CCCCCCCCCCCCCC,alkane,0.8794,0.1171,0.0035,0.0,0.3756,0.6244,101.325,0.33333334,263,333.0,9.800000000000011,above,5–10 K,0.9722473,0.025949065,0.0018037008,0.0015319414,0.40847605,0.58999205
,"1,3-dimethylimidazolium methylsulfate",COS(=O)(=O)[O-].Cn1cc[n+](C)c1,[C1MIm][MeSO4],n-propylbenzene,CCCc1ccccc1,aromatic,n-tetradecane,CCCCCCCCCCCCCC,alkane,0.8517,0.1445,0.0038,0.0,0.4281,0.5719,101.325,0.44444445,263,333.0,9.800000000000011,above,5–10 K,0.96766883,0.030272862,0.0020582413,0.0016240582,0.43499306,0.5633829
,"1,3-dimethylimidazolium methylsulfate",COS(=O)(=O)[O-].Cn1cc[n+](C)c1,[C1MIm][MeSO4],n-propylbenzene,CCCc1ccccc1,aromatic,n-tetradecane,CCCCCCCCCCCCCC,alkane,0.8291,0.1668,0.0041,0.0,0.4741,0.5259,101.325,0.5555556,263,333.0,9.800000000000011,above,5–10 K,0.96222246,0.035421435,0.0023561863,0.0017281633,0.46199915,0.5362727
,"1,3-dimethylimidazolium methylsulfate",COS(=O)(=O)[O-].Cn1cc[n+](C)c1,[C1MIm][MeSO4],n-propylbenzene,CCCc1ccccc1,aromatic,n-tetradecane,CCCCCCCCCCCCCC,alkane,0.8033,0.1923,0.0044,0.0,0.5115,0.4885,101.325,0.6666667,263,333.0,9.800000000000011,above,5–10 K,0.95620036,0.04112416,0.0026755696,0.0018110598,0.48926637,0.50892264
,"1,3-dimethylimidazolium methylsulfate",COS(=O)(=O)[O-].Cn1cc[n+](C)c1,[C1MIm][MeSO4],n-propylbenzene,CCCc1ccccc1,aromatic,n-tetradecane,CCCCCCCCCCCCCC,alkane,0.7778,0.2174,0.0048,0.0,0.5436,0.4564,101.325,0.7777778,263,333.0,9.800000000000011,above,5–10 K,0.9492176,0.047743827,0.0030385638,0.0018926595,0.5167956,0.48131174
,"1,3-dimethylimidazolium methylsulfate",COS(=O)(=O)[O-].Cn1cc[n+](C)c1,[C1MIm][MeSO4],n-propylbenzene,CCCc1ccccc1,aromatic,n-tetradecane,CCCCCCCCCCCCCC,alkane,0.7546,0.2403,0.0051,0.0,0.572,0.428,101.325,0.8888889,263,333.0,9.800000000000011,above,5–10 K,0.94122905,0.05532601,0.003445009,0.0019715594,0.54409665,0.45393178
,"1,3-dimethylimidazolium methylsulfate",COS(=O)(=O)[O-].Cn1cc[n+](C)c1,[C1MIm][MeSO4],n-propylbenzene,CCCc1ccccc1,aromatic,n-tetradecane,CCCCCCCCCCCCCC,alkane,0.7316,0.2629,0.0055,0.0,0.5968,0.4032,101.325,1.0,263,333.0,9.800000000000011,above,5–10 K,0.931089,0.06494248,0.003968483,0.0021319047,0.57106537,0.42680266
,1-ethyl-3-methylimidazolium ethylsulfate,CCOS(=O)(=O)[O-].CCn1cc[n+](C)c1,[C2MIm][EtSO4],benzene,c1ccccc1,aromatic,n-hexane,CCCCCC,alkane,0.959,0.032,0.009,0.0,0.067,0.933,101.325,0.0,271,328.2,5.0,above,0–5 K,0.92405784,0.07041205,0.0055301758,0.00357026,0.18894665,0.80748314
,1-ethyl-3-methylimidazolium ethylsulfate,CCOS(=O)(=O)[O-].CCn1cc[n+](C)c1,[C2MIm][EtSO4],benzene,c1ccccc1,aromatic,n-hexane,CCCCCC,alkane,0.925,0.066,0.009,0.0,0.135,0.865,101.325,0.14285715,271,328.2,5.0,above,0–5 K,0.90878457,0.08476172,0.0064536263,0.0039212704,0.21660796,0.7794708
,1-ethyl-3-methylimidazolium ethylsulfate,CCOS(=O)(=O)[O-].CCn1cc[n+](C)c1,[C2MIm][EtSO4],benzene,c1ccccc1,aromatic,n-hexane,CCCCCC,alkane,0.905,0.086,0.009,0.0,0.18,0.82,101.325,0.2857143,271,328.2,5.0,above,0–5 K,0.8909715,0.10154319,0.007485322,0.0042471136,0.24720074,0.74855214
,1-ethyl-3-methylimidazolium ethylsulfate,CCOS(=O)(=O)[O-].CCn1cc[n+](C)c1,[C2MIm][EtSO4],benzene,c1ccccc1,aromatic,n-hexane,CCCCCC,alkane,0.875,0.116,0.009,0.0,0.244,0.756,101.325,0.42857143,271,328.2,5.0,above,0–5 K,0.8696768,0.121621005,0.008702185,0.0046524922,0.28062895,0.7147186
,1-ethyl-3-methylimidazolium ethylsulfate,CCOS(=O)(=O)[O-].CCn1cc[n+](C)c1,[C2MIm][EtSO4],benzene,c1ccccc1,aromatic,n-hexane,CCCCCC,alkane,0.852,0.139,0.009,0.0,0.303,0.697,101.325,0.5714286,271,328.2,5.0,above,0–5 K,0.84486234,0.14506204,0.010075556,0.005065882,0.3168543,0.6780798
,1-ethyl-3-methylimidazolium ethylsulfate,CCOS(=O)(=O)[O-].CCn1cc[n+](C)c1,[C2MIm][EtSO4],benzene,c1ccccc1,aromatic,n-hexane,CCCCCC,alkane,0.831,0.161,0.008,0.0,0.36,0.64,101.325,0.71428573,271,328.2,5.0,above,0–5 K,0.8145878,0.17354757,0.011864673,0.005946816,0.35502014,0.639033
,1-ethyl-3-methylimidazolium ethylsulfate,CCOS(=O)(=O)[O-].CCn1cc[n+](C)c1,[C2MIm][EtSO4],benzene,c1ccccc1,aromatic,n-hexane,CCCCCC,alkane,0.803,0.189,0.008,0.0,0.429,0.571,101.325,0.85714287,271,328.2,5.0,above,0–5 K,0.7822808,0.2041568,0.013562334,0.006385579,0.39532506,0.5982894
,1-ethyl-3-methylimidazolium ethylsulfate,CCOS(=O)(=O)[O-].CCn1cc[n+](C)c1,[C2MIm][EtSO4],benzene,c1ccccc1,aromatic,n-hexane,CCCCCC,alkane,0.787,0.205,0.008,0.0,0.474,0.526,101.325,1.0,271,328.2,5.0,above,0–5 K,0.7460481,0.23855522,0.015396674,0.0068092067,0.4371843,0.5560065
,1-ethyl-3-methylimidazolium ethylsulfate,CCOS(=O)(=O)[O-].CCn1cc[n+](C)c1,[C2MIm][EtSO4],toluene,Cc1ccccc1,aromatic,n-heptane,CCCCCCC,alkane,0.9948,0.0,0.0052,0.0087,0.0,0.9913,101.325,0.0,279,348.2,25.0,above,>20 K,0.9708462,0.027168214,0.0019857031,0.0023991705,0.2754476,0.7221532
,1-ethyl-3-methylimidazolium ethylsulfate,CCOS(=O)(=O)[O-].CCn1cc[n+](C)c1,[C2MIm][EtSO4],toluene,Cc1ccccc1,aromatic,n-heptane,CCCCCCC,alkane,0.9822,0.0124,0.0054,0.0035,0.0601,0.9364,101.325,0.05,279,348.2,25.0,above,>20 K,0.96877354,0.029121954,0.0021044943,0.0024749208,0.28679943,0.71072567
,1-ethyl-3-methylimidazolium ethylsulfate,CCOS(=O)(=O)[O-].CCn1cc[n+](C)c1,[C2MIm][EtSO4],toluene,Cc1ccccc1,aromatic,n-heptane,CCCCCCC,alkane,0.9713,0.0229,0.0058,0.0266,0.1059,0.8675,101.325,0.1,279,348.2,25.0,above,>20 K,0.966535,0.03123303,0.0022320584,0.002553239,0.29849038,0.6989564
,1-ethyl-3-methylimidazolium ethylsulfate,CCOS(=O)(=O)[O-].CCn1cc[n+](C)c1,[C2MIm][EtSO4],toluene,Cc1ccccc1,aromatic,n-heptane,CCCCCCC,alkane,0.96110004,0.033300005,0.0056000003,0.0374,0.1395,0.8231,101.325,0.15,279,348.2,25.0,above,>20 K,0.9641128,0.03351498,0.002372123,0.002654443,0.31043768,0.68690795
,1-ethyl-3-methylimidazolium ethylsulfate,CCOS(=O)(=O)[O-].CCn1cc[n+](C)c1,[C2MIm][EtSO4],toluene,Cc1ccccc1,aromatic,n-heptane,CCCCCCC,alkane,0.9476,0.0465,0.0059,0.0357,0.2096,0.7547,101.325,0.2,279,348.2,25.0,above,>20 K,0.96156275,0.035922077,0.0025151186,0.0027445725,0.32257375,0.6746817
,1-ethyl-3-methylimidazolium ethylsulfate,CCOS(=O)(=O)[O-].CCn1cc[n+](C)c1,[C2MIm][EtSO4],toluene,Cc1ccccc1,aromatic,n-heptane,CCCCCCC,alkane,0.941,0.0536,0.0054,0.0415,0.2456,0.7129,101.325,0.25,279,348.2,25.0,above,>20 K,0.9588141,0.038518462,0.0026674254,0.002825834,0.335161,0.6620132
,1-ethyl-3-methylimidazolium ethylsulfate,CCOS(=O)(=O)[O-].CCn1cc[n+](C)c1,[C2MIm][EtSO4],toluene,Cc1ccccc1,aromatic,n-heptane,CCCCCCC,alkane,0.9263,0.0682,0.0055,0.0204,0.3102,0.6694,101.325,0.3,279,348.2,25.0,above,>20 K,0.95589286,0.041279618,0.0028274762,0.00291226,0.3478727,0.64921504
,1-ethyl-3-methylimidazolium ethylsulfate,CCOS(=O)(=O)[O-].CCn1cc[n+](C)c1,[C2MIm][EtSO4],toluene,Cc1ccccc1,aromatic,n-heptane,CCCCCCC,alkane,0.9224,0.0721,0.0055,0.0292,0.3504,0.6204,101.325,0.35,279,348.2,25.0,above,>20 K,0.9527585,0.044242438,0.0029989884,0.0030049828,0.36083853,0.63615644
,1-ethyl-3-methylimidazolium ethylsulfate,CCOS(=O)(=O)[O-].CCn1cc[n+](C)c1,[C2MIm][EtSO4],toluene,Cc1ccccc1,aromatic,n-heptane,CCCCCCC,alkane,0.9122,0.0826,0.0052,0.0329,0.3829,0.5842,101.325,0.4,279,348.2,25.0,above,>20 K,0.9494542,0.04737007,0.0031757057,0.0030859944,0.37392417,0.62298983
,1-ethyl-3-methylimidazolium ethylsulfate,CCOS(=O)(=O)[O-].CCn1cc[n+](C)c1,[C2MIm][EtSO4],toluene,Cc1ccccc1,aromatic,n-heptane,CCCCCCC,alkane,0.9016,0.0943,0.0041,0.0289,0.4482,0.5229,101.325,0.45,279,348.2,25.0,above,>20 K,0.94588107,0.050758373,0.003360484,0.0031448484,0.3874473,0.6094079
,1-ethyl-3-methylimidazolium ethylsulfate,CCOS(=O)(=O)[O-].CCn1cc[n+](C)c1,[C2MIm][EtSO4],toluene,Cc1ccccc1,aromatic,n-heptane,CCCCCCC,alkane,0.88530004,0.11010001,0.0046000006,0.0274,0.5033,0.4693,101.325,0.5,279,348.2,25.0,above,>20 K,0.94205123,0.05439818,0.0035506608,0.0031785637,0.40126967,0.5955518
,1-ethyl-3-methylimidazolium ethylsulfate,CCOS(=O)(=O)[O-].CCn1cc[n+](C)c1,[C2MIm][EtSO4],toluene,Cc1ccccc1,aromatic,n-heptane,CCCCCCC,alkane,0.87380004,0.12200001,0.0042000003,0.0274,0.5391,0.4335,101.325,0.55,279,348.2,25.0,above,>20 K,0.938023,0.0582189,0.0037581814,0.0032571133,0.41497996,0.5817629
,1-ethyl-3-methylimidazolium ethylsulfate,CCOS(=O)(=O)[O-].CCn1cc[n+](C)c1,[C2MIm][EtSO4],toluene,Cc1ccccc1,aromatic,n-heptane,CCCCCCC,alkane,0.8771,0.119,0.0039,0.0274,0.5876,0.385,101.325,0.6,279,348.2,25.0,above,>20 K,0.93372554,0.062296923,0.0039774985,0.003334727,0.42890245,0.5677628
,1-ethyl-3-methylimidazolium ethylsulfate,CCOS(=O)(=O)[O-].CCn1cc[n+](C)c1,[C2MIm][EtSO4],toluene,Cc1ccccc1,aromatic,n-heptane,CCCCCCC,alkane,0.8631,0.1335,0.0034,0.0213,0.6401,0.3386,101.325,0.65,279,348.2,25.0,above,>20 K,0.9291741,0.06662008,0.0042058304,0.003411641,0.44286284,0.5537255
,1-ethyl-3-methylimidazolium ethylsulfate,CCOS(=O)(=O)[O-].CCn1cc[n+](C)c1,[C2MIm][EtSO4],toluene,Cc1ccccc1,aromatic,n-heptane,CCCCCCC,alkane,0.85410005,0.14210002,0.0038000003,0.0254,0.6766,0.298,101.325,0.7,279,348.2,25.0,above,>20 K,0.92568403,0.069980256,0.0043356754,0.0032768259,0.4571595,0.5395637
,1-ethyl-3-methylimidazolium ethylsulfate,CCOS(=O)(=O)[O-].CCn1cc[n+](C)c1,[C2MIm][EtSO4],toluene,Cc1ccccc1,aromatic,n-heptane,CCCCCCC,alkane,0.8429,0.1543,0.0028,0.0185,0.7399,0.2416,101.325,0.75,279,348.2,25.0,above,>20 K,0.9213214,0.07415099,0.004527666,0.003245771,0.471314,0.5254402
,1-ethyl-3-methylimidazolium ethylsulfate,CCOS(=O)(=O)[O-].CCn1cc[n+](C)c1,[C2MIm][EtSO4],toluene,Cc1ccccc1,aromatic,n-heptane,CCCCCCC,alkane,0.8362,0.1612,0.0026,0.0204,0.7922,0.1874,101.325,0.8,279,348.2,25.0,above,>20 K,0.91610885,0.0791209,0.0047702603,0.0032860874,0.4856961,0.51101774
,1-ethyl-3-methylimidazolium ethylsulfate,CCOS(=O)(=O)[O-].CCn1cc[n+](C)c1,[C2MIm][EtSO4],toluene,Cc1ccccc1,aromatic,n-heptane,CCCCCCC,alkane,0.8203,0.1775,0.0022,0.0319,0.815,0.1531,101.325,0.85,279,348.2,25.0,above,>20 K,0.9106502,0.08433512,0.0050147627,0.003299132,0.50040823,0.4962927
,1-ethyl-3-methylimidazolium ethylsulfate,CCOS(=O)(=O)[O-].CCn1cc[n+](C)c1,[C2MIm][EtSO4],toluene,Cc1ccccc1,aromatic,n-heptane,CCCCCCC,alkane,0.8159,0.1826,0.0015,0.0262,0.8888,0.085,101.325,0.9,279,348.2,25.0,above,>20 K,0.9046058,0.09009556,0.005298636,0.0033619187,0.51472026,0.4819178
,1-ethyl-3-methylimidazolium ethylsulfate,CCOS(=O)(=O)[O-].CCn1cc[n+](C)c1,[C2MIm][EtSO4],toluene,Cc1ccccc1,aromatic,n-heptane,CCCCCCC,alkane,0.8145,0.1844,0.0011,0.0143,0.9417,0.044,101.325,0.95,279,348.2,25.0,above,>20 K,0.8981817,0.09622296,0.0055953474,0.0034228489,0.52907073,0.46750638
,1-ethyl-3-methylimidazolium ethylsulfate,CCOS(=O)(=O)[O-].CCn1cc[n+](C)c1,[C2MIm][EtSO4],toluene,Cc1ccccc1,aromatic,n-heptane,CCCCCCC,alkane,0.8192,0.1808,0.0,0.0373,0.9627,0.0,101.325,1.0,279,348.2,25.0,above,>20 K,0.890835,0.10321575,0.005949315,0.0035433157,0.54287416,0.45358256
,3-methyl-N-ethylpyridinium ethylsulfate,CCOS(=O)(=O)[O-].CC[n+]1cccc(C)c1,[C2MPy][EtSO4],benzene,c1ccccc1,aromatic,n-hexane,CCCCCC,alkane,0.924,0.051,0.025,0.0,0.051,0.949,101.325,0.0,285,283.15,10.0,below,5–10 K,0.87476957,0.11848873,0.0067417137,0.0040779333,0.28002474,0.71589726
,3-methyl-N-ethylpyridinium ethylsulfate,CCOS(=O)(=O)[O-].CC[n+]1cccc(C)c1,[C2MPy][EtSO4],benzene,c1ccccc1,aromatic,n-hexane,CCCCCC,alkane,0.874,0.102,0.024,0.0,0.108,0.892,101.325,0.11111111,285,283.15,10.0,below,5–10 K,0.8562899,0.13616787,0.0075422316,0.0042811898,0.30852205,0.68719673
,3-methyl-N-ethylpyridinium ethylsulfate,CCOS(=O)(=O)[O-].CC[n+]1cccc(C)c1,[C2MPy][EtSO4],benzene,c1ccccc1,aromatic,n-hexane,CCCCCC,alkane,0.82600003,0.15000002,0.024000002,0.0,0.16983019,0.83016986,101.325,0.22222222,285,283.15,10.0,below,5–10 K,0.83559096,0.15597235,0.0084367115,0.0045614573,0.33884102,0.6565975
,3-methyl-N-ethylpyridinium ethylsulfate,CCOS(=O)(=O)[O-].CC[n+]1cccc(C)c1,[C2MPy][EtSO4],benzene,c1ccccc1,aromatic,n-hexane,CCCCCC,alkane,0.781,0.196,0.023,0.0,0.235,0.765,101.325,0.33333334,285,283.15,10.0,below,5–10 K,0.8125795,0.17801407,0.009406411,0.0048396504,0.37056684,0.6245935
,3-methyl-N-ethylpyridinium ethylsulfate,CCOS(=O)(=O)[O-].CC[n+]1cccc(C)c1,[C2MPy][EtSO4],benzene,c1ccccc1,aromatic,n-hexane,CCCCCC,alkane,0.762,0.215,0.023,0.0,0.263,0.737,101.325,0.44444445,285,283.15,10.0,below,5–10 K,0.7864391,0.20302449,0.010536381,0.005264916,0.4032576,0.5914775
,3-methyl-N-ethylpyridinium ethylsulfate,CCOS(=O)(=O)[O-].CC[n+]1cccc(C)c1,[C2MPy][EtSO4],benzene,c1ccccc1,aromatic,n-hexane,CCCCCC,alkane,0.702,0.277,0.021,0.0,0.367,0.633,101.325,0.5555556,285,283.15,10.0,below,5–10 K,0.75689846,0.23125233,0.01184923,0.0058686333,0.43670902,0.55742234
,3-methyl-N-ethylpyridinium ethylsulfate,CCOS(=O)(=O)[O-].CC[n+]1cccc(C)c1,[C2MPy][EtSO4],benzene,c1ccccc1,aromatic,n-hexane,CCCCCC,alkane,0.676,0.303,0.021,0.0,0.425,0.575,101.325,0.6666667,285,283.15,10.0,below,5–10 K,0.7268805,0.26008922,0.013030267,0.006138473,0.4707875,0.52307403
,3-methyl-N-ethylpyridinium ethylsulfate,CCOS(=O)(=O)[O-].CC[n+]1cccc(C)c1,[C2MPy][EtSO4],benzene,c1ccccc1,aromatic,n-hexane,CCCCCC,alkane,0.639,0.342,0.019,0.0,0.493,0.507,101.325,0.7777778,285,283.15,10.0,below,5–10 K,0.694536,0.29119855,0.014265522,0.0063888365,0.5053372,0.48827398
,3-methyl-N-ethylpyridinium ethylsulfate,CCOS(=O)(=O)[O-].CC[n+]1cccc(C)c1,[C2MPy][EtSO4],benzene,c1ccccc1,aromatic,n-hexane,CCCCCC,alkane,0.583,0.403,0.014,0.0,0.626,0.374,101.325,0.8888889,285,283.15,10.0,below,5–10 K,0.66282266,0.32192448,0.0152528975,0.006196759,0.54055357,0.45324966
,3-methyl-N-ethylpyridinium ethylsulfate,CCOS(=O)(=O)[O-].CC[n+]1cccc(C)c1,[C2MPy][EtSO4],benzene,c1ccccc1,aromatic,n-hexane,CCCCCC,alkane,0.519,0.472,0.009,0.0,0.769,0.231,101.325,1.0,285,283.15,10.0,below,5–10 K,0.62674206,0.3567226,0.01653533,0.006390392,0.57462376,0.41898587
,3-methyl-N-ethylpyridinium ethylsulfate,CCOS(=O)(=O)[O-].CC[n+]1cccc(C)c1,[C2MPy][EtSO4],benzene,c1ccccc1,aromatic,n-heptane,CCCCCCC,alkane,0.947,0.045,0.008,0.0,0.052,0.948,101.325,0.0,289,283.15,10.0,below,5–10 K,0.8762553,0.117193244,0.006551511,0.003954557,0.2774296,0.71861583
,3-methyl-N-ethylpyridinium ethylsulfate,CCOS(=O)(=O)[O-].CC[n+]1cccc(C)c1,[C2MPy][EtSO4],benzene,c1ccccc1,aromatic,n-heptane,CCCCCCC,alkane,0.864,0.128,0.008,0.0,0.163,0.837,101.325,0.125,289,283.15,10.0,below,5–10 K,0.8556306,0.13693072,0.007438719,0.0042301724,0.31011808,0.6856518
,3-methyl-N-ethylpyridinium ethylsulfate,CCOS(=O)(=O)[O-].CC[n+]1cccc(C)c1,[C2MPy][EtSO4],benzene,c1ccccc1,aromatic,n-heptane,CCCCCCC,alkane,0.827,0.164,0.009,0.0,0.214,0.786,101.325,0.25,289,283.15,10.0,below,5–10 K,0.8320291,0.15953094,0.008440016,0.00454181,0.34457102,0.65088713
,3-methyl-N-ethylpyridinium ethylsulfate,CCOS(=O)(=O)[O-].CC[n+]1cccc(C)c1,[C2MPy][EtSO4],benzene,c1ccccc1,aromatic,n-heptane,CCCCCCC,alkane,0.791,0.199,0.01,0.0,0.271,0.729,101.325,0.375,289,283.15,10.0,below,5–10 K,0.80538684,0.18507929,0.009533829,0.00484974,0.38088092,0.6142693
,3-methyl-N-ethylpyridinium ethylsulfate,CCOS(=O)(=O)[O-].CC[n+]1cccc(C)c1,[C2MPy][EtSO4],benzene,c1ccccc1,aromatic,n-heptane,CCCCCCC,alkane,0.759,0.231,0.01,0.0,0.324,0.676,101.325,0.5,289,283.15,10.0,below,5–10 K,0.775758,0.21352667,0.010715399,0.005148255,0.4185019,0.5763499
,3-methyl-N-ethylpyridinium ethylsulfate,CCOS(=O)(=O)[O-].CC[n+]1cccc(C)c1,[C2MPy][EtSO4],benzene,c1ccccc1,aromatic,n-heptane,CCCCCCC,alkane,0.69100004,0.29800004,0.011000001,0.0,0.442,0.558,101.325,0.625,289,283.15,10.0,below,5–10 K,0.74249643,0.24547657,0.012026984,0.005496568,0.45685363,0.53764987
,3-methyl-N-ethylpyridinium ethylsulfate,CCOS(=O)(=O)[O-].CC[n+]1cccc(C)c1,[C2MPy][EtSO4],benzene,c1ccccc1,aromatic,n-heptane,CCCCCCC,alkane,0.62700003,0.36400002,0.009000001,0.0,0.567,0.433,101.325,0.75,289,283.15,10.0,below,5–10 K,0.7067107,0.2799077,0.013381609,0.0057967873,0.4956927,0.4985105
,3-methyl-N-ethylpyridinium ethylsulfate,CCOS(=O)(=O)[O-].CC[n+]1cccc(C)c1,[C2MPy][EtSO4],benzene,c1ccccc1,aromatic,n-heptane,CCCCCCC,alkane,0.562,0.431,0.007,0.0,0.697,0.303,101.325,0.875,289,283.15,10.0,below,5–10 K,0.66851234,0.31672534,0.0147623075,0.00604042,0.5347722,0.45918733
,3-methyl-N-ethylpyridinium ethylsulfate,CCOS(=O)(=O)[O-].CC[n+]1cccc(C)c1,[C2MPy][EtSO4],benzene,c1ccccc1,aromatic,n-heptane,CCCCCCC,alkane,0.491,0.509,0.0,0.0,0.841,0.159,101.325,1.0,289,283.15,10.0,below,5–10 K,0.6281504,0.35567617,0.016173428,0.006255461,0.5732216,0.42052293
,3-methyl-N-ethylpyridinium ethylsulfate,CCOS(=O)(=O)[O-].CC[n+]1cccc(C)c1,[C2MPy][EtSO4],benzene,c1ccccc1,aromatic,n-octane,CCCCCCCC,alkane,0.91400003,0.080000006,0.0060000005,0.0,0.102,0.898,101.325,0.0,292,283.15,10.0,below,5–10 K,0.8768341,0.11671699,0.006448832,0.0039465195,0.2741852,0.72186834
,3-methyl-N-ethylpyridinium ethylsulfate,CCOS(=O)(=O)[O-].CC[n+]1cccc(C)c1,[C2MPy][EtSO4],benzene,c1ccccc1,aromatic,n-octane,CCCCCCCC,alkane,0.864,0.13,0.006,0.0,0.167,0.833,101.325,0.125,292,283.15,10.0,below,5–10 K,0.855722,0.13690671,0.007371222,0.004303866,0.3064869,0.6892092
,3-methyl-N-ethylpyridinium ethylsulfate,CCOS(=O)(=O)[O-].CC[n+]1cccc(C)c1,[C2MPy][EtSO4],benzene,c1ccccc1,aromatic,n-octane,CCCCCCCC,alkane,0.83,0.165,0.005,0.0,0.217,0.783,101.325,0.25,292,283.15,10.0,below,5–10 K,0.8320583,0.15957701,0.008364743,0.00462482,0.3409817,0.65439355
,3-methyl-N-ethylpyridinium ethylsulfate,CCOS(=O)(=O)[O-].CC[n+]1cccc(C)c1,[C2MPy][EtSO4],benzene,c1ccccc1,aromatic,n-octane,CCCCCCCC,alkane,0.791,0.204,0.005,0.0,0.275,0.725,101.325,0.375,292,283.15,10.0,below,5–10 K,0.8054362,0.18511367,0.009450149,0.004941202,0.37726864,0.61779016
,3-methyl-N-ethylpyridinium ethylsulfate,CCOS(=O)(=O)[O-].CC[n+]1cccc(C)c1,[C2MPy][EtSO4],benzene,c1ccccc1,aromatic,n-octane,CCCCCCCC,alkane,0.74,0.256,0.004,0.0,0.373,0.627,101.325,0.5,292,283.15,10.0,below,5–10 K,0.7757712,0.21360752,0.010621206,0.00524853,0.4149985,0.57975304
,3-methyl-N-ethylpyridinium ethylsulfate,CCOS(=O)(=O)[O-].CC[n+]1cccc(C)c1,[C2MPy][EtSO4],benzene,c1ccccc1,aromatic,n-octane,CCCCCCCC,alkane,0.725,0.271,0.004,0.0,0.389,0.611,101.325,0.625,292,283.15,10.0,below,5–10 K,0.7436425,0.24453188,0.011825637,0.005484841,0.45371455,0.54080063
,3-methyl-N-ethylpyridinium ethylsulfate,CCOS(=O)(=O)[O-].CC[n+]1cccc(C)c1,[C2MPy][EtSO4],benzene,c1ccccc1,aromatic,n-octane,CCCCCCCC,alkane,0.693,0.303,0.004,0.0,0.451,0.549,101.325,0.75,292,283.15,10.0,below,5–10 K,0.70932204,0.2776411,0.013036877,0.005634916,0.49294868,0.50141644
,3-methyl-N-ethylpyridinium ethylsulfate,CCOS(=O)(=O)[O-].CC[n+]1cccc(C)c1,[C2MPy][EtSO4],benzene,c1ccccc1,aromatic,n-octane,CCCCCCCC,alkane,0.632,0.365,0.003,0.0,0.574,0.426,101.325,0.875,292,283.15,10.0,below,5–10 K,0.6711037,0.31449988,0.014396433,0.005875196,0.53228045,0.46184438
,3-methyl-N-ethylpyridinium ethylsulfate,CCOS(=O)(=O)[O-].CC[n+]1cccc(C)c1,[C2MPy][EtSO4],benzene,c1ccccc1,aromatic,n-octane,CCCCCCCC,alkane,0.55,0.448,0.002,0.0,0.698,0.302,101.325,1.0,292,283.15,10.0,below,5–10 K,0.6306021,0.35361427,0.015783604,0.0060864384,0.5711658,0.42274773
,3-methyl-N-ethylpyridinium ethylsulfate,CCOS(=O)(=O)[O-].CC[n+]1cccc(C)c1,[C2MPy][EtSO4],benzene,c1ccccc1,aromatic,n-nonane,CCCCCCCCC,alkane,0.915,0.081,0.004,0.0,0.116,0.884,101.325,0.0,294,283.15,10.0,below,5–10 K,0.8782484,0.11546116,0.0062904004,0.0038655072,0.27059796,0.7255365
,3-methyl-N-ethylpyridinium ethylsulfate,CCOS(=O)(=O)[O-].CC[n+]1cccc(C)c1,[C2MPy][EtSO4],benzene,c1ccccc1,aromatic,n-nonane,CCCCCCCCC,alkane,0.893,0.103,0.004,0.0,0.172,0.828,101.325,0.125,294,283.15,10.0,below,5–10 K,0.85750484,0.13532352,0.0071715806,0.004179284,0.30307016,0.6927505
,3-methyl-N-ethylpyridinium ethylsulfate,CCOS(=O)(=O)[O-].CC[n+]1cccc(C)c1,[C2MPy][EtSO4],benzene,c1ccccc1,aromatic,n-nonane,CCCCCCCCC,alkane,0.856,0.14,0.004,0.0,0.232,0.768,101.325,0.25,294,283.15,10.0,below,5–10 K,0.83399725,0.15785734,0.00814541,0.0044943416,0.33757266,0.65793294
,3-methyl-N-ethylpyridinium ethylsulfate,CCOS(=O)(=O)[O-].CC[n+]1cccc(C)c1,[C2MPy][EtSO4],benzene,c1ccccc1,aromatic,n-nonane,CCCCCCCCC,alkane,0.816,0.18,0.004,0.0,0.287,0.713,101.325,0.375,294,283.15,10.0,below,5–10 K,0.8073031,0.18347242,0.00922455,0.004828648,0.3738098,0.62136155
,3-methyl-N-ethylpyridinium ethylsulfate,CCOS(=O)(=O)[O-].CC[n+]1cccc(C)c1,[C2MPy][EtSO4],benzene,c1ccccc1,aromatic,n-nonane,CCCCCCCCC,alkane,0.781,0.215,0.004,0.0,0.344,0.656,101.325,0.5,294,283.15,10.0,below,5–10 K,0.77727914,0.21230996,0.010410845,0.0051844935,0.41158077,0.5832347
,3-methyl-N-ethylpyridinium ethylsulfate,CCOS(=O)(=O)[O-].CC[n+]1cccc(C)c1,[C2MPy][EtSO4],benzene,c1ccccc1,aromatic,n-nonane,CCCCCCCCC,alkane,0.718,0.278,0.004,0.0,0.46,0.54,101.325,0.625,294,283.15,10.0,below,5–10 K,0.74463755,0.24372141,0.011640988,0.005475249,0.4504659,0.5440589
,3-methyl-N-ethylpyridinium ethylsulfate,CCOS(=O)(=O)[O-].CC[n+]1cccc(C)c1,[C2MPy][EtSO4],benzene,c1ccccc1,aromatic,n-nonane,CCCCCCCCC,alkane,0.652,0.345,0.003,0.0,0.584,0.416,101.325,0.75,294,283.15,10.0,below,5–10 K,0.70810986,0.27883953,0.013050607,0.005913788,0.4900045,0.50408167
,3-methyl-N-ethylpyridinium ethylsulfate,CCOS(=O)(=O)[O-].CC[n+]1cccc(C)c1,[C2MPy][EtSO4],benzene,c1ccccc1,aromatic,n-nonane,CCCCCCCCC,alkane,0.589,0.409,0.002,0.0,0.715,0.285,101.325,0.875,294,283.15,10.0,below,5–10 K,0.66798574,0.31737673,0.0146375615,0.0065304292,0.5295867,0.4638829
,3-methyl-N-ethylpyridinium ethylsulfate,CCOS(=O)(=O)[O-].CC[n+]1cccc(C)c1,[C2MPy][EtSO4],benzene,c1ccccc1,aromatic,n-nonane,CCCCCCCCC,alkane,0.52900004,0.47000003,0.0010000002,0.0,0.842,0.158,101.325,1.0,294,283.15,10.0,below,5–10 K,0.6274554,0.35650983,0.016034815,0.006765113,0.5685337,0.42470115
no,1-ethylpyridinium ethylsulfate,CCOS(=O)(=O)[O-].CC[n+]1ccccc1,[C2Py][EtSO4],benzene,c1ccccc1,aromatic,n-hexane,CCCCCC,alkane,0.933,0.061,0.006,0.0,0.111,0.889,101.325,0.0,307,283.15,10.0,below,5–10 K,0.93735015,0.05890249,0.0037473664,0.0032720675,0.22633564,0.77039224
no,1-ethylpyridinium ethylsulfate,CCOS(=O)(=O)[O-].CC[n+]1ccccc1,[C2Py][EtSO4],benzene,c1ccccc1,aromatic,n-hexane,CCCCCC,alkane,0.90000004,0.094000004,0.0060000005,0.0,0.184,0.816,101.325,0.125,307,283.15,10.0,below,5–10 K,0.92612666,0.06955127,0.0043220185,0.0036097358,0.2529542,0.74343604
no,1-ethylpyridinium ethylsulfate,CCOS(=O)(=O)[O-].CC[n+]1ccccc1,[C2Py][EtSO4],benzene,c1ccccc1,aromatic,n-hexane,CCCCCC,alkane,0.873,0.122,0.005,0.0,0.252,0.748,101.325,0.25,307,283.15,10.0,below,5–10 K,0.9131691,0.08187539,0.0049554575,0.003907594,0.28164902,0.7144433
no,1-ethylpyridinium ethylsulfate,CCOS(=O)(=O)[O-].CC[n+]1ccccc1,[C2Py][EtSO4],benzene,c1ccccc1,aromatic,n-hexane,CCCCCC,alkane,0.848,0.147,0.005,0.0,0.314,0.686,101.325,0.375,307,283.15,10.0,below,5–10 K,0.89817876,0.096150935,0.005670271,0.004211724,0.31232652,0.6834618
no,1-ethylpyridinium ethylsulfate,CCOS(=O)(=O)[O-].CC[n+]1ccccc1,[C2Py][EtSO4],benzene,c1ccccc1,aromatic,n-hexane,CCCCCC,alkane,0.822,0.173,0.005,0.0,0.382,0.618,101.325,0.5,307,283.15,10.0,below,5–10 K,0.88065785,0.11286317,0.006479036,0.0045063384,0.3448291,0.65066457
no,1-ethylpyridinium ethylsulfate,CCOS(=O)(=O)[O-].CC[n+]1ccccc1,[C2Py][EtSO4],benzene,c1ccccc1,aromatic,n-hexane,CCCCCC,alkane,0.797,0.198,0.005,0.0,0.454,0.546,101.325,0.625,307,283.15,10.0,below,5–10 K,0.86091185,0.13171847,0.0073696203,0.004810256,0.37882423,0.61636543
no,1-ethylpyridinium ethylsulfate,CCOS(=O)(=O)[O-].CC[n+]1ccccc1,[C2Py][EtSO4],benzene,c1ccccc1,aromatic,n-hexane,CCCCCC,alkane,0.776,0.22,0.004,0.0,0.53,0.47,101.325,0.75,307,283.15,10.0,below,5–10 K,0.8385539,0.15309536,0.008350755,0.0051106038,0.41407365,0.58081585
no,1-ethylpyridinium ethylsulfate,CCOS(=O)(=O)[O-].CC[n+]1ccccc1,[C2Py][EtSO4],benzene,c1ccccc1,aromatic,n-hexane,CCCCCC,alkane,0.756,0.24,0.004,0.0,0.596,0.404,101.325,0.875,307,283.15,10.0,below,5–10 K,0.8134155,0.17716129,0.009423258,0.005398741,0.45021936,0.544382
no,1-ethylpyridinium ethylsulfate,CCOS(=O)(=O)[O-].CC[n+]1ccccc1,[C2Py][EtSO4],benzene,c1ccccc1,aromatic,n-hexane,CCCCCC,alkane,0.733,0.263,0.004,0.0,0.668,0.332,101.325,1.0,307,283.15,10.0,below,5–10 K,0.7847002,0.20466012,0.010639678,0.005761598,0.48664272,0.50759566
no,1-ethylpyridinium ethylsulfate,CCOS(=O)(=O)[O-].CC[n+]1ccccc1,[C2Py][EtSO4],benzene,c1ccccc1,aromatic,n-heptane,CCCCCCC,alkane,0.966,0.029,0.005,0.0,0.058,0.942,101.325,0.0,309,283.15,10.0,below,5–10 K,0.9374443,0.058855526,0.00370014,0.0033061514,0.22318599,0.7735079
no,1-ethylpyridinium ethylsulfate,CCOS(=O)(=O)[O-].CC[n+]1ccccc1,[C2Py][EtSO4],benzene,c1ccccc1,aromatic,n-heptane,CCCCCCC,alkane,0.93,0.065,0.005,0.0,0.134,0.866,101.325,0.125,309,283.15,10.0,below,5–10 K,0.9262768,0.06947054,0.004252646,0.0035959473,0.24977915,0.7466248
no,1-ethylpyridinium ethylsulfate,CCOS(=O)(=O)[O-].CC[n+]1ccccc1,[C2Py][EtSO4],benzene,c1ccccc1,aromatic,n-heptane,CCCCCCC,alkane,0.905,0.09,0.005,0.0,0.192,0.808,101.325,0.25,309,283.15,10.0,below,5–10 K,0.9133045,0.0818173,0.004878279,0.0038954362,0.2784355,0.717669
no,1-ethylpyridinium ethylsulfate,CCOS(=O)(=O)[O-].CC[n+]1ccccc1,[C2Py][EtSO4],benzene,c1ccccc1,aromatic,n-heptane,CCCCCCC,alkane,0.879,0.116,0.005,0.0,0.255,0.745,101.325,0.375,309,283.15,10.0,below,5–10 K,0.8979814,0.096409574,0.0056091007,0.0042537977,0.3090206,0.6867256
no,1-ethylpyridinium ethylsulfate,CCOS(=O)(=O)[O-].CC[n+]1ccccc1,[C2Py][EtSO4],benzene,c1ccccc1,aromatic,n-heptane,CCCCCCC,alkane,0.837,0.159,0.004,0.0,0.368,0.632,101.325,0.5,309,283.15,10.0,below,5–10 K,0.88067394,0.112925045,0.006400968,0.0045666858,0.3415156,0.65391773
no,1-ethylpyridinium ethylsulfate,CCOS(=O)(=O)[O-].CC[n+]1ccccc1,[C2Py][EtSO4],benzene,c1ccccc1,aromatic,n-heptane,CCCCCCC,alkane,0.802,0.194,0.004,0.0,0.462,0.538,101.325,0.625,309,283.15,10.0,below,5–10 K,0.8609304,0.13178869,0.0072809816,0.0048793713,0.37554708,0.6195736
no,1-ethylpyridinium ethylsulfate,CCOS(=O)(=O)[O-].CC[n+]1ccccc1,[C2Py][EtSO4],benzene,c1ccccc1,aromatic,n-heptane,CCCCCCC,alkane,0.781,0.215,0.004,0.0,0.522,0.478,101.325,0.75,309,283.15,10.0,below,5–10 K,0.83949023,0.1523309,0.008178854,0.005073236,0.41128513,0.58364165
no,1-ethylpyridinium ethylsulfate,CCOS(=O)(=O)[O-].CC[n+]1ccccc1,[C2Py][EtSO4],benzene,c1ccccc1,aromatic,n-heptane,CCCCCCC,alkane,0.761,0.235,0.004,0.0,0.585,0.415,101.325,0.875,309,283.15,10.0,below,5–10 K,0.8164983,0.17442447,0.009077153,0.005132859,0.4482342,0.54663295
no,1-ethylpyridinium ethylsulfate,CCOS(=O)(=O)[O-].CC[n+]1ccccc1,[C2Py][EtSO4],benzene,c1ccccc1,aromatic,n-heptane,CCCCCCC,alkane,0.743,0.254,0.003,0.0,0.649,0.351,101.325,1.0,309,283.15,10.0,below,5–10 K,0.78862166,0.20116933,0.010209026,0.005395452,0.48518372,0.5094208
no,1-ethylpyridinium ethylsulfate,CCOS(=O)(=O)[O-].CC[n+]1ccccc1,[C2Py][EtSO4],benzene,c1ccccc1,aromatic,n-octane,CCCCCCCC,alkane,0.966,0.029,0.005,0.0,0.062,0.938,101.325,0.0,311,283.15,10.0,below,5–10 K,0.9393307,0.057150103,0.0035192512,0.0030806928,0.22081983,0.7760995
no,1-ethylpyridinium ethylsulfate,CCOS(=O)(=O)[O-].CC[n+]1ccccc1,[C2Py][EtSO4],benzene,c1ccccc1,aromatic,n-octane,CCCCCCCC,alkane,0.939,0.057,0.004,0.0,0.126,0.874,101.325,0.11111111,311,283.15,10.0,below,5–10 K,0.9295833,0.06641129,0.0040053963,0.003378409,0.24431664,0.752305
no,1-ethylpyridinium ethylsulfate,CCOS(=O)(=O)[O-].CC[n+]1ccccc1,[C2Py][EtSO4],benzene,c1ccccc1,aromatic,n-octane,CCCCCCCC,alkane,0.906,0.09,0.004,0.0,0.2,0.8,101.325,0.22222222,311,283.15,10.0,below,5–10 K,0.918528,0.076940216,0.0045317146,0.0036314924,0.26948074,0.7268878
no,1-ethylpyridinium ethylsulfate,CCOS(=O)(=O)[O-].CC[n+]1ccccc1,[C2Py][EtSO4],benzene,c1ccccc1,aromatic,n-octane,CCCCCCCC,alkane,0.882,0.114,0.004,0.0,0.256,0.744,101.325,0.33333334,311,283.15,10.0,below,5–10 K,0.90593016,0.088952355,0.005117471,0.0038916955,0.2963042,0.6998041
no,1-ethylpyridinium ethylsulfate,CCOS(=O)(=O)[O-].CC[n+]1ccccc1,[C2Py][EtSO4],benzene,c1ccccc1,aromatic,n-octane,CCCCCCCC,alkane,0.856,0.14,0.004,0.0,0.32,0.68,101.325,0.44444445,311,283.15,10.0,below,5–10 K,0.8928814,0.101488926,0.0056296834,0.0038569164,0.3251807,0.6709623
no,1-ethylpyridinium ethylsulfate,CCOS(=O)(=O)[O-].CC[n+]1ccccc1,[C2Py][EtSO4],benzene,c1ccccc1,aromatic,n-octane,CCCCCCCC,alkane,0.833,0.163,0.004,0.0,0.382,0.618,101.325,0.5555556,311,283.15,10.0,below,5–10 K,0.87738454,0.11635146,0.0062638875,0.0039538047,0.3553376,0.6407086
no,1-ethylpyridinium ethylsulfate,CCOS(=O)(=O)[O-].CC[n+]1ccccc1,[C2Py][EtSO4],benzene,c1ccccc1,aromatic,n-octane,CCCCCCCC,alkane,0.806,0.19,0.004,0.0,0.451,0.549,101.325,0.6666667,311,283.15,10.0,below,5–10 K,0.8593508,0.13362208,0.00702706,0.0041867257,0.3862972,0.6095161
no,1-ethylpyridinium ethylsulfate,CCOS(=O)(=O)[O-].CC[n+]1ccccc1,[C2Py][EtSO4],benzene,c1ccccc1,aromatic,n-octane,CCCCCCCC,alkane,0.778,0.218,0.004,0.0,0.533,0.467,101.325,0.7777778,311,283.15,10.0,below,5–10 K,0.8382682,0.15380721,0.007924591,0.004498601,0.41791666,0.5775847
no,1-ethylpyridinium ethylsulfate,CCOS(=O)(=O)[O-].CC[n+]1ccccc1,[C2Py][EtSO4],benzene,c1ccccc1,aromatic,n-octane,CCCCCCCC,alkane,0.754,0.242,0.004,0.0,0.6,0.4,101.325,0.8888889,311,283.15,10.0,below,5–10 K,0.81575996,0.1754075,0.008832606,0.004724031,0.4505356,0.5447403
no,1-ethylpyridinium ethylsulfate,CCOS(=O)(=O)[O-].CC[n+]1ccccc1,[C2Py][EtSO4],benzene,c1ccccc1,aromatic,n-octane,CCCCCCCC,alkane,0.735,0.261,0.004,0.0,0.66,0.34,101.325,1.0,311,283.15,10.0,below,5–10 K,0.7908148,0.19936976,0.009815388,0.004941802,0.4837102,0.511348
no,1-ethylpyridinium ethylsulfate,CCOS(=O)(=O)[O-].CC[n+]1ccccc1,[C2Py][EtSO4],benzene,c1ccccc1,aromatic,n-nonane,CCCCCCCCC,alkane,0.94,0.056,0.004,0.0,0.129,0.871,101.325,0.0,313,283.15,10.0,below,5–10 K,0.94098634,0.05567837,0.003335259,0.0027699196,0.21809831,0.7791317
no,1-ethylpyridinium ethylsulfate,CCOS(=O)(=O)[O-].CC[n+]1ccccc1,[C2Py][EtSO4],benzene,c1ccccc1,aromatic,n-nonane,CCCCCCCCC,alkane,0.915,0.082,0.003,0.0,0.19,0.81,101.325,0.125,313,283.15,10.0,below,5–10 K,0.9309842,0.065220416,0.0037953283,0.0029479403,0.24492352,0.7521285
no,1-ethylpyridinium ethylsulfate,CCOS(=O)(=O)[O-].CC[n+]1ccccc1,[C2Py][EtSO4],benzene,c1ccccc1,aromatic,n-nonane,CCCCCCCCC,alkane,0.89,0.107,0.003,0.0,0.249,0.751,101.325,0.25,313,283.15,10.0,below,5–10 K,0.9185451,0.07708906,0.004365892,0.0031987228,0.27368993,0.72311133
no,1-ethylpyridinium ethylsulfate,CCOS(=O)(=O)[O-].CC[n+]1ccccc1,[C2Py][EtSO4],benzene,c1ccccc1,aromatic,n-nonane,CCCCCCCCC,alkane,0.864,0.133,0.003,0.0,0.314,0.686,101.325,0.375,313,283.15,10.0,below,5–10 K,0.9040817,0.090906225,0.005012024,0.0034564978,0.30452135,0.6920222
no,1-ethylpyridinium ethylsulfate,CCOS(=O)(=O)[O-].CC[n+]1ccccc1,[C2Py][EtSO4],benzene,c1ccccc1,aromatic,n-nonane,CCCCCCCCC,alkane,0.841,0.156,0.003,0.0,0.372,0.628,101.325,0.5,313,283.15,10.0,below,5–10 K,0.8873875,0.10687488,0.0057376414,0.0037157543,0.33726487,0.65901935
no,1-ethylpyridinium ethylsulfate,CCOS(=O)(=O)[O-].CC[n+]1ccccc1,[C2Py][EtSO4],benzene,c1ccccc1,aromatic,n-nonane,CCCCCCCCC,alkane,0.792,0.205,0.003,0.0,0.502,0.498,101.325,0.625,313,283.15,10.0,below,5–10 K,0.86820614,0.12524599,0.006547804,0.003975286,0.37171963,0.6243051
no,1-ethylpyridinium ethylsulfate,CCOS(=O)(=O)[O-].CC[n+]1ccccc1,[C2Py][EtSO4],benzene,c1ccccc1,aromatic,n-nonane,CCCCCCCCC,alkane,0.749,0.248,0.003,0.0,0.625,0.375,101.325,0.75,313,283.15,10.0,below,5–10 K,0.8463516,0.14620349,0.007444932,0.0042305244,0.4075226,0.5882468
no,1-ethylpyridinium ethylsulfate,CCOS(=O)(=O)[O-].CC[n+]1ccccc1,[C2Py][EtSO4],benzene,c1ccccc1,aromatic,n-nonane,CCCCCCCCC,alkane,0.705,0.292,0.003,0.0,0.751,0.249,101.325,0.875,313,283.15,10.0,below,5–10 K,0.82060736,0.17086662,0.008525955,0.004641779,0.44404495,0.5513133
no,1-ethylpyridinium ethylsulfate,CCOS(=O)(=O)[O-].CC[n+]1ccccc1,[C2Py][EtSO4],benzene,c1ccccc1,aromatic,n-nonane,CCCCCCCCC,alkane,0.661,0.336,0.003,0.0,0.88,0.12,101.325,1.0,313,283.15,10.0,below,5–10 K,0.79064476,0.19953366,0.009821572,0.0052529434,0.4806902,0.5140568
no,1-butyl-3-methylimidazolium tetracyanoborate,CCCCn1cc[n+](C)c1.N#C[B-](C#N)(C#N)C#N,[C4MIm][B(CN)4],toluene,Cc1ccccc1,aromatic,methylcyclohexane,CC1CCCCC1,cycloalkane,0.8292,0.0921,0.0787,0.0,0.1024,0.8976,101.325,0.0,352,333.15,9.949999999999989,above,5–10 K,0.7609651,0.2210078,0.018027032,0.008265511,0.30812642,0.68360806
no,1-butyl-3-methylimidazolium tetracyanoborate,CCCCn1cc[n+](C)c1.N#C[B-](C#N)(C#N)C#N,[C4MIm][B(CN)4],toluene,Cc1ccccc1,aromatic,methylcyclohexane,CC1CCCCC1,cycloalkane,0.7083,0.2035,0.0882,0.0,0.2499,0.7501,101.325,0.125,352,333.15,9.949999999999989,above,5–10 K,0.72755414,0.25237757,0.020068267,0.008847592,0.34217814,0.6489742
no,1-butyl-3-methylimidazolium tetracyanoborate,CCCCn1cc[n+](C)c1.N#C[B-](C#N)(C#N)C#N,[C4MIm][B(CN)4],toluene,Cc1ccccc1,aromatic,methylcyclohexane,CC1CCCCC1,cycloalkane,0.6494,0.2834,0.0672,0.0,0.3212,0.6788,101.325,0.25,352,333.15,9.949999999999989,above,5–10 K,0.69154215,0.28622377,0.022234123,0.0095211435,0.37770528,0.6127736
no,1-butyl-3-methylimidazolium tetracyanoborate,CCCCn1cc[n+](C)c1.N#C[B-](C#N)(C#N)C#N,[C4MIm][B(CN)4],toluene,Cc1ccccc1,aromatic,methylcyclohexane,CC1CCCCC1,cycloalkane,0.569,0.3688,0.0622,0.0,0.444,0.556,101.325,0.375,352,333.15,9.949999999999989,above,5–10 K,0.6531069,0.32244527,0.024447786,0.010125169,0.41462198,0.57525283
no,1-butyl-3-methylimidazolium tetracyanoborate,CCCCn1cc[n+](C)c1.N#C[B-](C#N)(C#N)C#N,[C4MIm][B(CN)4],toluene,Cc1ccccc1,aromatic,methylcyclohexane,CC1CCCCC1,cycloalkane,0.49550003,0.43670002,0.06780001,0.0,0.5698,0.4302,101.325,0.5,352,333.15,9.949999999999989,above,5–10 K,0.61247754,0.36083856,0.026683891,0.0106480615,0.45266026,0.53669167
no,1-butyl-3-methylimidazolium tetracyanoborate,CCCCn1cc[n+](C)c1.N#C[B-](C#N)(C#N)C#N,[C4MIm][B(CN)4],toluene,Cc1ccccc1,aromatic,methylcyclohexane,CC1CCCCC1,cycloalkane,0.4336,0.5085,0.0579,0.0,0.6667,0.3333,101.325,0.625,352,333.15,9.949999999999989,above,5–10 K,0.5709379,0.40040487,0.028657243,0.010679515,0.49184114,0.49747935
no,1-butyl-3-methylimidazolium tetracyanoborate,CCCCn1cc[n+](C)c1.N#C[B-](C#N)(C#N)C#N,[C4MIm][B(CN)4],toluene,Cc1ccccc1,aromatic,methylcyclohexane,CC1CCCCC1,cycloalkane,0.3851,0.569,0.0459,0.0,0.778,0.222,101.325,0.75,352,333.15,9.949999999999989,above,5–10 K,0.52830607,0.441362,0.030331967,0.010219041,0.53220797,0.45757297
no,1-butyl-3-methylimidazolium tetracyanoborate,CCCCn1cc[n+](C)c1.N#C[B-](C#N)(C#N)C#N,[C4MIm][B(CN)4],toluene,Cc1ccccc1,aromatic,methylcyclohexane,CC1CCCCC1,cycloalkane,0.3473,0.6193,0.0334,0.0,0.8563,0.1437,101.325,0.875,352,333.15,9.949999999999989,above,5–10 K,0.4847911,0.4828283,0.0323806,0.010548542,0.57027084,0.41918063
no,1-butyl-3-methylimidazolium tetracyanoborate,CCCCn1cc[n+](C)c1.N#C[B-](C#N)(C#N)C#N,[C4MIm][B(CN)4],toluene,Cc1ccccc1,aromatic,methylcyclohexane,CC1CCCCC1,cycloalkane,0.3092,0.6656,0.0252,0.0,0.9346,0.0654,101.325,1.0,352,333.15,9.949999999999989,above,5–10 K,0.4413183,0.5242929,0.034388795,0.010952504,0.6069628,0.38208467
,1-hexyl-3-methylimidazolium tetracyanoborate,CCCCCCn1cc[n+](C)c1.N#C[B-](C#N)(C#N)C#N,[C6MIm][B(CN)4],toluene,Cc1ccccc1,aromatic,methylcyclohexane,CC1CCCCC1,cycloalkane,0.77110004,0.11050001,0.11840001,0.0,0.0964,0.9036,101.325,0.0,355,333.15,9.949999999999989,above,5–10 K,0.6933557,0.2772152,0.029429138,0.010254924,0.32211652,0.6676285
,1-hexyl-3-methylimidazolium tetracyanoborate,CCCCCCn1cc[n+](C)c1.N#C[B-](C#N)(C#N)C#N,[C6MIm][B(CN)4],toluene,Cc1ccccc1,aromatic,methylcyclohexane,CC1CCCCC1,cycloalkane,0.6698,0.211,0.1192,1e-04,0.2093,0.7906,101.325,0.14285715,355,333.15,9.949999999999989,above,5–10 K,0.6502454,0.3170122,0.032742385,0.011019188,0.36073294,0.6282479
,1-hexyl-3-methylimidazolium tetracyanoborate,CCCCCCn1cc[n+](C)c1.N#C[B-](C#N)(C#N)C#N,[C6MIm][B(CN)4],toluene,Cc1ccccc1,aromatic,methylcyclohexane,CC1CCCCC1,cycloalkane,0.5736,0.3259,0.1005,0.0,0.3165,0.6835,101.325,0.2857143,355,333.15,9.949999999999989,above,5–10 K,0.6046384,0.35925686,0.03610477,0.011760746,0.40118444,0.5870548
,1-hexyl-3-methylimidazolium tetracyanoborate,CCCCCCn1cc[n+](C)c1.N#C[B-](C#N)(C#N)C#N,[C6MIm][B(CN)4],toluene,Cc1ccccc1,aromatic,methylcyclohexane,CC1CCCCC1,cycloalkane,0.4944,0.4178,0.0878,1e-04,0.4389,0.561,101.325,0.42857143,355,333.15,9.949999999999989,above,5–10 K,0.55734503,0.40321228,0.039442662,0.012455373,0.44284707,0.5446975
,1-hexyl-3-methylimidazolium tetracyanoborate,CCCCCCn1cc[n+](C)c1.N#C[B-](C#N)(C#N)C#N,[C6MIm][B(CN)4],toluene,Cc1ccccc1,aromatic,methylcyclohexane,CC1CCCCC1,cycloalkane,0.4602,0.4489,0.0909,0.0,0.4946,0.5054,101.325,0.5714286,355,333.15,9.949999999999989,above,5–10 K,0.5090373,0.4482667,0.042695962,0.013090171,0.48523703,0.5016728
,1-hexyl-3-methylimidazolium tetracyanoborate,CCCCCCn1cc[n+](C)c1.N#C[B-](C#N)(C#N)C#N,[C6MIm][B(CN)4],toluene,Cc1ccccc1,aromatic,methylcyclohexane,CC1CCCCC1,cycloalkane,0.3646,0.5693,0.0661,0.0,0.6666,0.3334,101.325,0.71428573,355,333.15,9.949999999999989,above,5–10 K,0.46069667,0.49353614,0.045767136,0.013653878,0.5277444,0.45860174
,1-hexyl-3-methylimidazolium tetracyanoborate,CCCCCCn1cc[n+](C)c1.N#C[B-](C#N)(C#N)C#N,[C6MIm][B(CN)4],toluene,Cc1ccccc1,aromatic,methylcyclohexane,CC1CCCCC1,cycloalkane,0.3149,0.6354,0.0497,1e-04,0.7973,0.2026,101.325,0.85714287,355,333.15,9.949999999999989,above,5–10 K,0.41326788,0.53826255,0.048469514,0.013946318,0.5699276,0.4161261
,1-hexyl-3-methylimidazolium tetracyanoborate,CCCCCCn1cc[n+](C)c1.N#C[B-](C#N)(C#N)C#N,[C6MIm][B(CN)4],toluene,Cc1ccccc1,aromatic,methylcyclohexane,CC1CCCCC1,cycloalkane,0.2903,0.6789,0.0308,0.0,0.8611,0.1389,101.325,1.0,355,333.15,9.949999999999989,above,5–10 K,0.36746514,0.58159786,0.050937008,0.01423372,0.6107991,0.37496725
,1-butyl-3-methylimidazolium chloride,CCCCn1cc[n+](C)c1.[Cl-],[C4MIm][Cl],benzene,c1ccccc1,aromatic,cyclohexane,C1CCCCC1,cycloalkane,0.884,0.025,0.091,0.0,0.065,0.935,101.325,0.0,357,339.15,15.949999999999989,above,10–20 K,0.86678576,0.10812238,0.025091918,0.009135154,0.30622536,0.6846395
,1-butyl-3-methylimidazolium chloride,CCCCn1cc[n+](C)c1.[Cl-],[C4MIm][Cl],benzene,c1ccccc1,aromatic,cyclohexane,C1CCCCC1,cycloalkane,0.87200004,0.043000005,0.08500001,0.0,0.112,0.888,101.325,0.11111111,357,339.15,15.949999999999989,above,10–20 K,0.8494435,0.12258556,0.027970992,0.009718425,0.32929,0.66099155
,1-butyl-3-methylimidazolium chloride,CCCCn1cc[n+](C)c1.[Cl-],[C4MIm][Cl],benzene,c1ccccc1,aromatic,cyclohexane,C1CCCCC1,cycloalkane,0.844,0.073,0.083,0.0,0.188,0.812,101.325,0.22222222,357,339.15,15.949999999999989,above,10–20 K,0.83014905,0.13870844,0.03114248,0.010376571,0.3532159,0.6364075
,1-butyl-3-methylimidazolium chloride,CCCCn1cc[n+](C)c1.[Cl-],[C4MIm][Cl],benzene,c1ccccc1,aromatic,cyclohexane,C1CCCCC1,cycloalkane,0.81,0.109,0.081,0.0,0.278,0.722,101.325,0.33333334,357,339.15,15.949999999999989,above,10–20 K,0.80935276,0.15618531,0.03446192,0.010906888,0.37788475,0.6112084
,1-butyl-3-methylimidazolium chloride,CCCCn1cc[n+](C)c1.[Cl-],[C4MIm][Cl],benzene,c1ccccc1,aromatic,cyclohexane,C1CCCCC1,cycloalkane,0.78400004,0.14100002,0.07500001,0.0,0.366,0.634,101.325,0.44444445,357,339.15,15.949999999999989,above,10–20 K,0.7864851,0.17545052,0.03806437,0.0114951655,0.4032008,0.585304
,1-butyl-3-methylimidazolium chloride,CCCCn1cc[n+](C)c1.[Cl-],[C4MIm][Cl],benzene,c1ccccc1,aromatic,cyclohexane,C1CCCCC1,cycloalkane,0.745,0.179,0.076,0.0,0.46,0.54,101.325,0.5555556,357,339.15,15.949999999999989,above,10–20 K,0.76153505,0.19652134,0.041943546,0.012147387,0.42905936,0.55879325
,1-butyl-3-methylimidazolium chloride,CCCCn1cc[n+](C)c1.[Cl-],[C4MIm][Cl],benzene,c1ccccc1,aromatic,cyclohexane,C1CCCCC1,cycloalkane,0.72,0.211,0.069,0.0,0.555,0.445,101.325,0.6666667,357,339.15,15.949999999999989,above,10–20 K,0.7351654,0.21892114,0.045913473,0.012653808,0.45520654,0.5321396
,1-butyl-3-methylimidazolium chloride,CCCCn1cc[n+](C)c1.[Cl-],[C4MIm][Cl],benzene,c1ccccc1,aromatic,cyclohexane,C1CCCCC1,cycloalkane,0.693,0.242,0.065,0.0,0.654,0.346,101.325,0.7777778,357,339.15,15.949999999999989,above,10–20 K,0.7067701,0.24309774,0.05013213,0.013208266,0.4816341,0.50515765
,1-butyl-3-methylimidazolium chloride,CCCCn1cc[n+](C)c1.[Cl-],[C4MIm][Cl],benzene,c1ccccc1,aromatic,cyclohexane,C1CCCCC1,cycloalkane,0.653,0.284,0.063,0.0,0.75,0.25,101.325,0.8888889,357,339.15,15.949999999999989,above,10–20 K,0.67682266,0.26866192,0.0545154,0.013803948,0.5078716,0.47832438
,1-butyl-3-methylimidazolium chloride,CCCCn1cc[n+](C)c1.[Cl-],[C4MIm][Cl],benzene,c1ccccc1,aromatic,cyclohexane,C1CCCCC1,cycloalkane,0.615,0.326,0.059,0.0,0.857,0.143,101.325,1.0,357,339.15,15.949999999999989,above,10–20 K,0.6454615,0.29559064,0.05894786,0.014256477,0.53423876,0.45150477
,1-ethyl-3-methylimidazolium thiocyanate,CCn1cc[n+](C)c1.N#C[S-],[C2MIm][SCN],ethylbenzene,CCc1ccccc1,aromatic,styrene,C=Cc1ccccc1,aromatic,0.672,0.019,0.309,0.0,0.118,0.882,101.325,0.0,409,333.2,10.0,above,5–10 K,0.871999,0.04223483,0.08576616,0.0117159635,0.5433861,0.44489795
,1-ethyl-3-methylimidazolium thiocyanate,CCn1cc[n+](C)c1.N#C[S-],[C2MIm][SCN],ethylbenzene,CCc1ccccc1,aromatic,styrene,C=Cc1ccccc1,aromatic,0.703,0.035,0.262,0.0,0.23,0.77,101.325,0.11111111,409,333.2,10.0,above,5–10 K,0.86276704,0.0452039,0.092029005,0.011618391,0.5384692,0.44991246
,1-ethyl-3-methylimidazolium thiocyanate,CCn1cc[n+](C)c1.N#C[S-],[C2MIm][SCN],ethylbenzene,CCc1ccccc1,aromatic,styrene,C=Cc1ccccc1,aromatic,0.732,0.049,0.219,0.0,0.332,0.668,101.325,0.22222222,409,333.2,10.0,above,5–10 K,0.8515081,0.04882195,0.09966993,0.011937717,0.5330315,0.45503077
,1-ethyl-3-methylimidazolium thiocyanate,CCn1cc[n+](C)c1.N#C[S-],[C2MIm][SCN],ethylbenzene,CCc1ccccc1,aromatic,styrene,C=Cc1ccccc1,aromatic,0.766,0.06,0.174,0.0,0.437,0.563,101.325,0.33333334,409,333.2,10.0,above,5–10 K,0.8392157,0.052761506,0.10802278,0.012348884,0.52753985,0.46011126
,1-ethyl-3-methylimidazolium thiocyanate,CCn1cc[n+](C)c1.N#C[S-],[C2MIm][SCN],ethylbenzene,CCc1ccccc1,aromatic,styrene,C=Cc1ccccc1,aromatic,0.788,0.07,0.142,0.0,0.529,0.471,101.325,0.44444445,409,333.2,10.0,above,5–10 K,0.82586735,0.057036903,0.11709576,0.012863568,0.5219837,0.46515274
,1-ethyl-3-methylimidazolium thiocyanate,CCn1cc[n+](C)c1.N#C[S-],[C2MIm][SCN],ethylbenzene,CCc1ccccc1,aromatic,styrene,C=Cc1ccccc1,aromatic,0.806,0.08,0.114,0.0,0.62,0.38,101.325,0.5555556,409,333.2,10.0,above,5–10 K,0.81230664,0.061370116,0.12632324,0.013207787,0.51664466,0.47014755
,1-ethyl-3-methylimidazolium thiocyanate,CCn1cc[n+](C)c1.N#C[S-],[C2MIm][SCN],ethylbenzene,CCc1ccccc1,aromatic,styrene,C=Cc1ccccc1,aromatic,0.82500005,0.09000001,0.08500001,0.0,0.714,0.286,101.325,0.6666667,409,333.2,10.0,above,5–10 K,0.79778856,0.06600698,0.13620439,0.013636748,0.51132274,0.47504056
,1-ethyl-3-methylimidazolium thiocyanate,CCn1cc[n+](C)c1.N#C[S-],[C2MIm][SCN],ethylbenzene,CCc1ccccc1,aromatic,styrene,C=Cc1ccccc1,aromatic,0.847,0.098,0.055,0.0,0.809,0.191,101.325,0.7777778,409,333.2,10.0,above,5–10 K,0.78217113,0.070985,0.14684387,0.01415559,0.5059587,0.47988573
,1-ethyl-3-methylimidazolium thiocyanate,CCn1cc[n+](C)c1.N#C[S-],[C2MIm][SCN],ethylbenzene,CCc1ccccc1,aromatic,styrene,C=Cc1ccccc1,aromatic,0.869,0.105,0.026,0.0,0.906,0.094,101.325,0.8888889,409,333.2,10.0,above,5–10 K,0.76636887,0.07601354,0.15761751,0.014523647,0.50078887,0.48468748
,1-ethyl-3-methylimidazolium thiocyanate,CCn1cc[n+](C)c1.N#C[S-],[C2MIm][SCN],ethylbenzene,CCc1ccccc1,aromatic,styrene,C=Cc1ccccc1,aromatic,0.887,0.113,0.0,0.0,1.0,0.0,101.325,1.0,409,333.2,10.0,above,5–10 K,0.7497424,0.0813012,0.16895644,0.014894354,0.49564832,0.48945734
,1-ethyl-3-methylimidazolium thiocyanate,CCn1cc[n+](C)c1.N#C[S-],[C2MIm][SCN],ethylbenzene,CCc1ccccc1,aromatic,styrene,C=Cc1ccccc1,aromatic,0.65,0.0,0.35,0.0,0.0,1.0,101.325,0.0,410,353.2,30.0,above,>20 K,0.8833983,0.037913814,0.07868799,0.011422542,0.54260164,0.4459758
,1-ethyl-3-methylimidazolium thiocyanate,CCn1cc[n+](C)c1.N#C[S-],[C2MIm][SCN],ethylbenzene,CCc1ccccc1,aromatic,styrene,C=Cc1ccccc1,aromatic,0.687,0.018,0.295,0.0,0.114,0.886,101.325,0.1,410,353.2,30.0,above,>20 K,0.8746022,0.040709723,0.08468808,0.011707897,0.537752,0.45054013
,1-ethyl-3-methylimidazolium thiocyanate,CCn1cc[n+](C)c1.N#C[S-],[C2MIm][SCN],ethylbenzene,CCc1ccccc1,aromatic,styrene,C=Cc1ccccc1,aromatic,0.716,0.034,0.25,0.0,0.224,0.776,101.325,0.2,410,353.2,30.0,above,>20 K,0.8652698,0.043666143,0.091064095,0.011995547,0.5328927,0.45511174
,1-ethyl-3-methylimidazolium thiocyanate,CCn1cc[n+](C)c1.N#C[S-],[C2MIm][SCN],ethylbenzene,CCc1ccccc1,aromatic,styrene,C=Cc1ccccc1,aromatic,0.744,0.047,0.209,0.0,0.326,0.674,101.325,0.3,410,353.2,30.0,above,>20 K,0.8580134,0.04600201,0.095984615,0.010562344,0.5233448,0.46609285
,1-ethyl-3-methylimidazolium thiocyanate,CCn1cc[n+](C)c1.N#C[S-],[C2MIm][SCN],ethylbenzene,CCc1ccccc1,aromatic,styrene,C=Cc1ccccc1,aromatic,0.769,0.06,0.171,0.0,0.431,0.569,101.325,0.4,410,353.2,30.0,above,>20 K,0.8475702,0.04930213,0.10312773,0.01082015,0.51857036,0.47060952
,1-ethyl-3-methylimidazolium thiocyanate,CCn1cc[n+](C)c1.N#C[S-],[C2MIm][SCN],ethylbenzene,CCc1ccccc1,aromatic,styrene,C=Cc1ccccc1,aromatic,0.793,0.069,0.138,0.0,0.522,0.478,101.325,0.5,410,353.2,30.0,above,>20 K,0.8365231,0.052785013,0.11069186,0.011082213,0.5138486,0.47506917
,1-ethyl-3-methylimidazolium thiocyanate,CCn1cc[n+](C)c1.N#C[S-],[C2MIm][SCN],ethylbenzene,CCc1ccccc1,aromatic,styrene,C=Cc1ccccc1,aromatic,0.807,0.081,0.112,0.0,0.614,0.386,101.325,0.6,410,353.2,30.0,above,>20 K,0.8238788,0.05681043,0.11931077,0.011576085,0.50912184,0.47930208
,1-ethyl-3-methylimidazolium thiocyanate,CCn1cc[n+](C)c1.N#C[S-],[C2MIm][SCN],ethylbenzene,CCc1ccccc1,aromatic,styrene,C=Cc1ccccc1,aromatic,0.828,0.09,0.082,0.0,0.709,0.291,101.325,0.7,410,353.2,30.0,above,>20 K,0.8115933,0.06067551,0.12773114,0.011850727,0.5044641,0.48368523
,1-ethyl-3-methylimidazolium thiocyanate,CCn1cc[n+](C)c1.N#C[S-],[C2MIm][SCN],ethylbenzene,CCc1ccccc1,aromatic,styrene,C=Cc1ccccc1,aromatic,0.84900004,0.098000005,0.053000003,0.0,0.807,0.193,101.325,0.8,410,353.2,30.0,above,>20 K,0.7991749,0.06453383,0.13629127,0.0120071415,0.49943358,0.48855937
,1-ethyl-3-methylimidazolium thiocyanate,CCn1cc[n+](C)c1.N#C[S-],[C2MIm][SCN],ethylbenzene,CCc1ccccc1,aromatic,styrene,C=Cc1ccccc1,aromatic,0.867,0.107,0.026,0.0,0.905,0.095,101.325,0.9,410,353.2,30.0,above,>20 K,0.78659433,0.0683816,0.14502403,0.012044721,0.49398312,0.4939721
,1-ethyl-3-methylimidazolium thiocyanate,CCn1cc[n+](C)c1.N#C[S-],[C2MIm][SCN],ethylbenzene,CCc1ccccc1,aromatic,styrene,C=Cc1ccccc1,aromatic,0.885,0.115,0.0,0.0,1.0,0.0,101.325,1.0,410,353.2,30.0,above,>20 K,0.77242386,0.07280761,0.15476847,0.012322712,0.48943204,0.4982452
,1-butyl-3-methylimidazolium nitrate,CCCCn1cc[n+](C)c1.O=[N+]([O-])[O-],[C4MIm][NO3],thiophene,c1ccsc1,S-compound,n-decane,CCCCCCCCCC,alkane,0.481,0.516,0.003,0.0,0.566,0.434,101.325,0.0,491,288.15,5.0,below,0–5 K,0.8411573,0.14757238,0.0112703005,0.0040072436,0.11726106,0.8787318
,1-butyl-3-methylimidazolium nitrate,CCCCn1cc[n+](C)c1.O=[N+]([O-])[O-],[C4MIm][NO3],thiophene,c1ccsc1,S-compound,n-decane,CCCCCCCCCC,alkane,0.537,0.461,0.002,0.0,0.516,0.484,101.325,0.11111111,491,288.15,5.0,below,0–5 K,0.8360231,0.15183029,0.012146623,0.004669009,0.11062514,0.88470584
,1-butyl-3-methylimidazolium nitrate,CCCCn1cc[n+](C)c1.O=[N+]([O-])[O-],[C4MIm][NO3],thiophene,c1ccsc1,S-compound,n-decane,CCCCCCCCCC,alkane,0.582,0.416,0.002,0.0,0.453,0.547,101.325,0.22222222,491,288.15,5.0,below,0–5 K,0.81397015,0.1725207,0.013509086,0.005080134,0.12390162,0.8710183
,1-butyl-3-methylimidazolium nitrate,CCCCn1cc[n+](C)c1.O=[N+]([O-])[O-],[C4MIm][NO3],thiophene,c1ccsc1,S-compound,n-decane,CCCCCCCCCC,alkane,0.625,0.373,0.002,0.0,0.37,0.63,101.325,0.33333334,491,288.15,5.0,below,0–5 K,0.78971314,0.19531162,0.014975217,0.005519548,0.1385459,0.8559346
,1-butyl-3-methylimidazolium nitrate,CCCCn1cc[n+](C)c1.O=[N+]([O-])[O-],[C4MIm][NO3],thiophene,c1ccsc1,S-compound,n-decane,CCCCCCCCCC,alkane,0.65500003,0.34300002,0.0020000003,0.0,0.348,0.652,101.325,0.44444445,491,288.15,5.0,below,0–5 K,0.76323324,0.22023493,0.01653192,0.005983541,0.15464477,0.83937174
,1-butyl-3-methylimidazolium nitrate,CCCCn1cc[n+](C)c1.O=[N+]([O-])[O-],[C4MIm][NO3],thiophene,c1ccsc1,S-compound,n-decane,CCCCCCCCCC,alkane,0.689,0.309,0.002,0.0,0.32,0.68,101.325,0.5555556,491,288.15,5.0,below,0–5 K,0.7345397,0.24727866,0.018181628,0.0064743613,0.1722366,0.821289
,1-butyl-3-methylimidazolium nitrate,CCCCn1cc[n+](C)c1.O=[N+]([O-])[O-],[C4MIm][NO3],thiophene,c1ccsc1,S-compound,n-decane,CCCCCCCCCC,alkane,0.778,0.22,0.002,0.0,0.199,0.801,101.325,0.6666667,491,288.15,5.0,below,0–5 K,0.70384127,0.2762639,0.019894848,0.0069840057,0.19131498,0.801701
,1-butyl-3-methylimidazolium nitrate,CCCCn1cc[n+](C)c1.O=[N+]([O-])[O-],[C4MIm][NO3],thiophene,c1ccsc1,S-compound,n-decane,CCCCCCCCCC,alkane,0.8,0.198,0.002,0.0,0.161,0.839,101.325,0.7777778,491,288.15,5.0,below,0–5 K,0.6711395,0.3071848,0.02167576,0.007517649,0.21209297,0.78038937
,1-butyl-3-methylimidazolium nitrate,CCCCn1cc[n+](C)c1.O=[N+]([O-])[O-],[C4MIm][NO3],thiophene,c1ccsc1,S-compound,n-decane,CCCCCCCCCC,alkane,0.866,0.132,0.002,0.0,0.105,0.895,101.325,0.8888889,491,288.15,5.0,below,0–5 K,0.6032547,0.37117177,0.025573518,0.009188927,0.28341562,0.70739543
,1-butyl-3-methylimidazolium nitrate,CCCCn1cc[n+](C)c1.O=[N+]([O-])[O-],[C4MIm][NO3],thiophene,c1ccsc1,S-compound,n-decane,CCCCCCCCCC,alkane,0.93600005,0.062000003,0.0020000003,0.0,0.049,0.951,101.325,1.0,491,288.15,5.0,below,0–5 K,0.5658497,0.4067054,0.02744488,0.009778354,0.31026843,0.6799532
,1-methyl-3-octyl-imidazolium nitrate,CCCCCCCC[n+]1ccn(C)c1.O=[N+]([O-])[O-],[C8MIm][NO3],thiophene,c1ccsc1,S-compound,n-decane,CCCCCCCCCC,alkane,0.544,0.42,0.036,0.0,0.298,0.702,101.325,0.0,497,288.15,5.0,below,0–5 K,0.7138083,0.24358444,0.042607315,0.009797974,0.12877087,0.86143106
,1-methyl-3-octyl-imidazolium nitrate,CCCCCCCC[n+]1ccn(C)c1.O=[N+]([O-])[O-],[C8MIm][NO3],thiophene,c1ccsc1,S-compound,n-decane,CCCCCCCCCC,alkane,0.616,0.352,0.032,0.0,0.237,0.763,101.325,0.125,497,288.15,5.0,below,0–5 K,0.6786668,0.27421847,0.047114763,0.010873298,0.14330931,0.8458174
,1-methyl-3-octyl-imidazolium nitrate,CCCCCCCC[n+]1ccn(C)c1.O=[N+]([O-])[O-],[C8MIm][NO3],thiophene,c1ccsc1,S-compound,n-decane,CCCCCCCCCC,alkane,0.679,0.288,0.033,0.0,0.184,0.816,101.325,0.25,497,288.15,5.0,below,0–5 K,0.66618836,0.28852564,0.04528601,0.00881193,0.17315014,0.818038
,1-methyl-3-octyl-imidazolium nitrate,CCCCCCCC[n+]1ccn(C)c1.O=[N+]([O-])[O-],[C8MIm][NO3],thiophene,c1ccsc1,S-compound,n-decane,CCCCCCCCCC,alkane,0.70900005,0.25700003,0.034000006,0.0,0.154,0.846,101.325,0.375,497,288.15,5.0,below,0–5 K,0.6290376,0.32147217,0.04949013,0.009529783,0.19255914,0.79791105
,1-methyl-3-octyl-imidazolium nitrate,CCCCCCCC[n+]1ccn(C)c1.O=[N+]([O-])[O-],[C8MIm][NO3],thiophene,c1ccsc1,S-compound,n-decane,CCCCCCCCCC,alkane,0.751,0.217,0.032,0.0,0.138,0.862,101.325,0.5,497,288.15,5.0,below,0–5 K,0.57225186,0.36949337,0.05825483,0.012186534,0.20286535,0.7849481
,1-methyl-3-octyl-imidazolium nitrate,CCCCCCCC[n+]1ccn(C)c1.O=[N+]([O-])[O-],[C8MIm][NO3],thiophene,c1ccsc1,S-compound,n-decane,CCCCCCCCCC,alkane,0.811,0.158,0.031,0.0,0.1,0.9,101.325,0.625,497,288.15,5.0,below,0–5 K,0.5234848,0.4117728,0.06474239,0.013671019,0.21779016,0.7685389
,1-methyl-3-octyl-imidazolium nitrate,CCCCCCCC[n+]1ccn(C)c1.O=[N+]([O-])[O-],[C8MIm][NO3],thiophene,c1ccsc1,S-compound,n-decane,CCCCCCCCCC,alkane,0.824,0.139,0.037,0.0,0.072,0.928,101.325,0.75,497,288.15,5.0,below,0–5 K,0.48591852,0.4457958,0.06828559,0.014612051,0.2406247,0.74476326
,1-methyl-3-octyl-imidazolium nitrate,CCCCCCCC[n+]1ccn(C)c1.O=[N+]([O-])[O-],[C8MIm][NO3],thiophene,c1ccsc1,S-compound,n-decane,CCCCCCCCCC,alkane,0.851,0.112,0.037,0.0,0.057,0.943,101.325,0.875,497,288.15,5.0,below,0–5 K,0.447362,0.48066446,0.071973555,0.015596018,0.26501843,0.71938556
,1-methyl-3-octyl-imidazolium nitrate,CCCCCCCC[n+]1ccn(C)c1.O=[N+]([O-])[O-],[C8MIm][NO3],thiophene,c1ccsc1,S-compound,n-decane,CCCCCCCCCC,alkane,0.92,0.045,0.035,0.0,0.023,0.977,101.325,1.0,497,288.15,5.0,below,0–5 K,0.4160252,0.5086737,0.07530109,0.01676119,0.28092524,0.70231354
no,tetrabutylammonium methanesulfonate,CCCC[N+](CCCC)(CCCC)CCCC.CS(=O)(=O)[O-],"[P4,4,4,4][CH3SO3]",benzothiophene,c1ccc2sccc2c1,S-compound,n-hexadecane,CCCCCCCCCCCCCCCC,alkane,0.5068,0.4309,0.0623,0.0,0.2033,0.7967,101.325,0.0,502,333.15,9.949999999999989,above,5–10 K,0.7941667,0.14084928,0.064983994,0.008529287,0.259857,0.7316137
no,tetrabutylammonium methanesulfonate,CCCC[N+](CCCC)(CCCC)CCCC.CS(=O)(=O)[O-],"[P4,4,4,4][CH3SO3]",benzothiophene,c1ccc2sccc2c1,S-compound,n-hexadecane,CCCCCCCCCCCCCCCC,alkane,0.58140004,0.37530002,0.043300003,0.0,0.1227,0.8773,101.325,0.2,502,333.15,9.949999999999989,above,5–10 K,0.75367916,0.16953154,0.07678928,0.009362608,0.28959358,0.7010438
no,tetrabutylammonium methanesulfonate,CCCC[N+](CCCC)(CCCC)CCCC.CS(=O)(=O)[O-],"[P4,4,4,4][CH3SO3]",benzothiophene,c1ccc2sccc2c1,S-compound,n-hexadecane,CCCCCCCCCCCCCCCC,alkane,0.6673,0.2611,0.0716,0.0,0.1106,0.8894,101.325,0.4,502,333.15,9.949999999999989,above,5–10 K,0.7059813,0.2036919,0.09032682,0.01038093,0.32227716,0.6673419
no,tetrabutylammonium methanesulfonate,CCCC[N+](CCCC)(CCCC)CCCC.CS(=O)(=O)[O-],"[P4,4,4,4][CH3SO3]",benzothiophene,c1ccc2sccc2c1,S-compound,n-hexadecane,CCCCCCCCCCCCCCCC,alkane,0.7675,0.1429,0.0896,0.0,0.0567,0.9433,101.325,0.6,502,333.15,9.949999999999989,above,5–10 K,0.65485567,0.240596,0.10454836,0.011361491,0.3562977,0.6323408
no,tetrabutylammonium methanesulfonate,CCCC[N+](CCCC)(CCCC)CCCC.CS(=O)(=O)[O-],"[P4,4,4,4][CH3SO3]",benzothiophene,c1ccc2sccc2c1,S-compound,n-hexadecane,CCCCCCCCCCCCCCCC,alkane,0.8468,0.0726,0.0806,0.0,0.036,0.964,101.325,0.8,502,333.15,9.949999999999989,above,5–10 K,0.60158455,0.27931347,0.11910194,0.0122719025,0.3910536,0.5966745
no,tetrabutylammonium methanesulfonate,CCCC[N+](CCCC)(CCCC)CCCC.CS(=O)(=O)[O-],"[P4,4,4,4][CH3SO3]",benzothiophene,c1ccc2sccc2c1,S-compound,n-hexadecane,CCCCCCCCCCCCCCCC,alkane,0.9022,0.0,0.0978,0.0,0.0,1.0,101.325,1.0,502,333.15,9.949999999999989,above,5–10 K,0.54587734,0.32018346,0.1339392,0.013177869,0.42697513,0.55984706
,methyltris(2-methylpropyl)phosphonium tosylate,CC(C)C[P+](C)(CC(C)C)CC(C)C.Cc1ccc(S(=O)(=O)[O-])cc1,"[Pi4,i4,i4,1][Tos]",benzothiophene,c1ccc2sccc2c1,S-compound,n-hexadecane,CCCCCCCCCCCCCCCC,alkane,0.44950002,0.53810006,0.012400001,0.0,0.2435,0.7565,101.325,0.0,513,333.15,9.949999999999989,above,5–10 K,0.5508943,0.31104207,0.13806355,0.014942685,0.20845751,0.7765997
,methyltris(2-methylpropyl)phosphonium tosylate,CC(C)C[P+](C)(CC(C)C)CC(C)C.Cc1ccc(S(=O)(=O)[O-])cc1,"[Pi4,i4,i4,1][Tos]",benzothiophene,c1ccc2sccc2c1,S-compound,n-hexadecane,CCCCCCCCCCCCCCCC,alkane,0.5367,0.4459,0.0174,0.0,0.1716,0.8284,101.325,0.16666667,513,333.15,9.949999999999989,above,5–10 K,0.50321585,0.3460875,0.15069672,0.01622864,0.23412156,0.74964976
,methyltris(2-methylpropyl)phosphonium tosylate,CC(C)C[P+](C)(CC(C)C)CC(C)C.Cc1ccc(S(=O)(=O)[O-])cc1,"[Pi4,i4,i4,1][Tos]",benzothiophene,c1ccc2sccc2c1,S-compound,n-hexadecane,CCCCCCCCCCCCCCCC,alkane,0.5904,0.3811,0.0285,0.0,0.1668,0.8332,101.325,0.33333334,513,333.15,9.949999999999989,above,5–10 K,0.45567912,0.38142133,0.16289957,0.017548181,0.26187268,0.72057915
,methyltris(2-methylpropyl)phosphonium tosylate,CC(C)C[P+](C)(CC(C)C)CC(C)C.Cc1ccc(S(=O)(=O)[O-])cc1,"[Pi4,i4,i4,1][Tos]",benzothiophene,c1ccc2sccc2c1,S-compound,n-hexadecane,CCCCCCCCCCCCCCCC,alkane,0.68,0.2891,0.0309,0.0,0.1051,0.8949,101.325,0.5,513,333.15,9.949999999999989,above,5–10 K,0.40868875,0.41681477,0.17449647,0.018689267,0.29318833,0.68812245
,methyltris(2-methylpropyl)phosphonium tosylate,CC(C)C[P+](C)(CC(C)C)CC(C)C.Cc1ccc(S(=O)(=O)[O-])cc1,"[Pi4,i4,i4,1][Tos]",benzothiophene,c1ccc2sccc2c1,S-compound,n-hexadecane,CCCCCCCCCCCCCCCC,alkane,0.7918,0.1594,0.0488,0.0,0.0574,0.9426,101.325,0.6666667,513,333.15,9.949999999999989,above,5–10 K,0.36363584,0.45118377,0.18518041,0.019906906,0.32563388,0.65445924
,methyltris(2-methylpropyl)phosphonium tosylate,CC(C)C[P+](C)(CC(C)C)CC(C)C.Cc1ccc(S(=O)(=O)[O-])cc1,"[Pi4,i4,i4,1][Tos]",benzothiophene,c1ccc2sccc2c1,S-compound,n-hexadecane,CCCCCCCCCCCCCCCC,alkane,0.84790003,0.08280001,0.06930001,0.0,0.03,0.97,101.325,0.8333333,513,333.15,9.949999999999989,above,5–10 K,0.3211112,0.4840732,0.1948156,0.021201663,0.35887983,0.6199186
,methyltris(2-methylpropyl)phosphonium tosylate,CC(C)C[P+](C)(CC(C)C)CC(C)C.Cc1ccc(S(=O)(=O)[O-])cc1,"[Pi4,i4,i4,1][Tos]",benzothiophene,c1ccc2sccc2c1,S-compound,n-hexadecane,CCCCCCCCCCCCCCCC,alkane,0.92,0.0,0.08,0.0,0.0,1.0,101.325,1.0,513,333.15,9.949999999999989,above,5–10 K,0.27655783,0.5208826,0.20255955,0.01969154,0.39486387,0.5854446
,1-ethyl-3-methylimidazolium bis(trifluoromethylsulfonyl)imide,CCn1cc[n+](C)c1.O=S(=O)([N-]S(=O)(=O)C(F)(F)F)C(F)(F)F,[C2MIm][NTf2],1-propanol,CCCO,alcohol,water,O,water,0.76,0.0,0.24,0.001,0.0,0.999,101.325,0.0,724,283.2,9.949999999999989,below,5–10 K,0.33853766,0.18486936,0.47659302,0.007851125,0.044631016,0.9475179
,1-ethyl-3-methylimidazolium bis(trifluoromethylsulfonyl)imide,CCn1cc[n+](C)c1.O=S(=O)([N-]S(=O)(=O)C(F)(F)F)C(F)(F)F,[C2MIm][NTf2],1-propanol,CCCO,alcohol,water,O,water,0.604,0.1,0.296,0.001,0.025,0.974,101.325,0.14285715,724,283.2,9.949999999999989,below,5–10 K,0.30109933,0.19516604,0.50373465,0.007944775,0.04371233,0.9483429
,1-ethyl-3-methylimidazolium bis(trifluoromethylsulfonyl)imide,CCn1cc[n+](C)c1.O=S(=O)([N-]S(=O)(=O)C(F)(F)F)C(F)(F)F,[C2MIm][NTf2],1-propanol,CCCO,alcohol,water,O,water,0.446,0.199,0.355,0.001,0.053,0.946,101.325,0.2857143,724,283.2,9.949999999999989,below,5–10 K,0.26627612,0.2047319,0.528992,0.0080366265,0.042822137,0.94914126
,1-ethyl-3-methylimidazolium bis(trifluoromethylsulfonyl)imide,CCn1cc[n+](C)c1.O=S(=O)([N-]S(=O)(=O)C(F)(F)F)C(F)(F)F,[C2MIm][NTf2],1-propanol,CCCO,alcohol,water,O,water,0.314,0.261,0.425,0.002,0.071,0.927,101.325,0.42857143,724,283.2,9.949999999999989,below,5–10 K,0.23437776,0.21346824,0.55215406,0.008134066,0.04201939,0.94984657
,1-ethyl-3-methylimidazolium bis(trifluoromethylsulfonyl)imide,CCn1cc[n+](C)c1.O=S(=O)([N-]S(=O)(=O)C(F)(F)F)C(F)(F)F,[C2MIm][NTf2],1-propanol,CCCO,alcohol,water,O,water,0.243,0.294,0.463,0.004,0.092,0.904,101.325,0.5714286,724,283.2,9.949999999999989,below,5–10 K,0.2053643,0.22144239,0.57319325,0.008232639,0.04125809,0.9505093
,1-ethyl-3-methylimidazolium bis(trifluoromethylsulfonyl)imide,CCn1cc[n+](C)c1.O=S(=O)([N-]S(=O)(=O)C(F)(F)F)C(F)(F)F,[C2MIm][NTf2],1-propanol,CCCO,alcohol,water,O,water,0.203,0.313,0.484,0.007,0.111,0.882,101.325,0.71428573,724,283.2,9.949999999999989,below,5–10 K,0.18289131,0.22793287,0.58917576,0.01020709,0.04303608,0.9467568
,1-ethyl-3-methylimidazolium bis(trifluoromethylsulfonyl)imide,CCn1cc[n+](C)c1.O=S(=O)([N-]S(=O)(=O)C(F)(F)F)C(F)(F)F,[C2MIm][NTf2],1-propanol,CCCO,alcohol,water,O,water,0.145,0.296,0.559,0.013,0.146,0.841,101.325,0.85714287,724,283.2,9.949999999999989,below,5–10 K,0.16160944,0.23395441,0.60443616,0.011405556,0.043728754,0.94486564
,1-ethyl-3-methylimidazolium bis(trifluoromethylsulfonyl)imide,CCn1cc[n+](C)c1.O=S(=O)([N-]S(=O)(=O)C(F)(F)F)C(F)(F)F,[C2MIm][NTf2],1-propanol,CCCO,alcohol,water,O,water,0.12,0.285,0.595,0.019,0.164,0.817,101.325,1.0,724,283.2,9.949999999999989,below,5–10 K,0.14058629,0.23973824,0.6196755,0.011536729,0.043042395,0.94542086
,1-butyl-3-methylimidazolium bis(trifluoromethylsulfonyl)imide,CCCCn1cc[n+](C)c1.O=S(=O)([N-]S(=O)(=O)C(F)(F)F)C(F)(F)F,[C4MIm][NTf2],ethanol,CCO,alcohol,water,O,water,0.804,0.0,0.196,0.001,0.0,0.999,101.325,0.0,727,283.2,9.949999999999989,below,5–10 K,0.42931357,0.19122481,0.3794616,0.008035927,0.013262582,0.9787015
,1-butyl-3-methylimidazolium bis(trifluoromethylsulfonyl)imide,CCCCn1cc[n+](C)c1.O=S(=O)([N-]S(=O)(=O)C(F)(F)F)C(F)(F)F,[C4MIm][NTf2],ethanol,CCO,alcohol,water,O,water,0.74700004,0.039000005,0.21400002,0.0,0.028,0.972,101.325,0.083333336,727,283.2,9.949999999999989,below,5–10 K,0.4057946,0.19936077,0.39484468,0.008158923,0.013335836,0.97850525
,1-butyl-3-methylimidazolium bis(trifluoromethylsulfonyl)imide,CCCCn1cc[n+](C)c1.O=S(=O)([N-]S(=O)(=O)C(F)(F)F)C(F)(F)F,[C4MIm][NTf2],ethanol,CCO,alcohol,water,O,water,0.679,0.094,0.227,0.001,0.061,0.938,101.325,0.16666667,727,283.2,9.949999999999989,below,5–10 K,0.38366958,0.20772253,0.40860784,0.007985687,0.012922436,0.97909194
,1-butyl-3-methylimidazolium bis(trifluoromethylsulfonyl)imide,CCCCn1cc[n+](C)c1.O=S(=O)([N-]S(=O)(=O)C(F)(F)F)C(F)(F)F,[C4MIm][NTf2],ethanol,CCO,alcohol,water,O,water,0.601,0.155,0.244,0.0,0.095,0.905,101.325,0.25,727,283.2,9.949999999999989,below,5–10 K,0.36435303,0.21578792,0.41985902,0.007601721,0.012202203,0.98019606
,1-butyl-3-methylimidazolium bis(trifluoromethylsulfonyl)imide,CCCCn1cc[n+](C)c1.O=S(=O)([N-]S(=O)(=O)C(F)(F)F)C(F)(F)F,[C4MIm][NTf2],ethanol,CCO,alcohol,water,O,water,0.531,0.207,0.262,0.001,0.12,0.879,101.325,0.33333334,727,283.2,9.949999999999989,below,5–10 K,0.3424057,0.22356264,0.43403167,0.007721288,0.012288785,0.97998995
,1-butyl-3-methylimidazolium bis(trifluoromethylsulfonyl)imide,CCCCn1cc[n+](C)c1.O=S(=O)([N-]S(=O)(=O)C(F)(F)F)C(F)(F)F,[C4MIm][NTf2],ethanol,CCO,alcohol,water,O,water,0.465,0.257,0.278,0.001,0.144,0.855,101.325,0.41666666,727,283.2,9.949999999999989,below,5–10 K,0.32111123,0.23113872,0.44775,0.007842354,0.012377387,0.97978026
,1-butyl-3-methylimidazolium bis(trifluoromethylsulfonyl)imide,CCCCn1cc[n+](C)c1.O=S(=O)([N-]S(=O)(=O)C(F)(F)F)C(F)(F)F,[C4MIm][NTf2],ethanol,CCO,alcohol,water,O,water,0.395,0.302,0.303,0.001,0.173,0.826,101.325,0.5,727,283.2,9.949999999999989,below,5–10 K,0.3006416,0.23843354,0.46092483,0.007964728,0.01246935,0.97956586
,1-butyl-3-methylimidazolium bis(trifluoromethylsulfonyl)imide,CCCCn1cc[n+](C)c1.O=S(=O)([N-]S(=O)(=O)C(F)(F)F)C(F)(F)F,[C4MIm][NTf2],ethanol,CCO,alcohol,water,O,water,0.299,0.349,0.352,0.005,0.22,0.775,101.325,0.6666667,727,283.2,9.949999999999989,below,5–10 K,0.26212433,0.25231686,0.48555887,0.008222338,0.012680242,0.97909755
,1-butyl-3-methylimidazolium bis(trifluoromethylsulfonyl)imide,CCCCn1cc[n+](C)c1.O=S(=O)([N-]S(=O)(=O)C(F)(F)F)C(F)(F)F,[C4MIm][NTf2],ethanol,CCO,alcohol,water,O,water,0.277,0.359,0.364,0.006,0.23,0.764,101.325,0.75,727,283.2,9.949999999999989,below,5–10 K,0.24418518,0.2588457,0.49696916,0.008350813,0.012785172,0.978864
,1-butyl-3-methylimidazolium bis(trifluoromethylsulfonyl)imide,CCCCn1cc[n+](C)c1.O=S(=O)([N-]S(=O)(=O)C(F)(F)F)C(F)(F)F,[C4MIm][NTf2],ethanol,CCO,alcohol,water,O,water,0.229,0.38,0.391,0.01,0.263,0.727,101.325,0.8333333,727,283.2,9.949999999999989,below,5–10 K,0.22937666,0.26394048,0.5066829,0.008491423,0.01280299,0.9787056
,1-butyl-3-methylimidazolium bis(trifluoromethylsulfonyl)imide,CCCCn1cc[n+](C)c1.O=S(=O)([N-]S(=O)(=O)C(F)(F)F)C(F)(F)F,[C4MIm][NTf2],ethanol,CCO,alcohol,water,O,water,0.368,0.316,0.316,0.002,0.181,0.817,101.325,0.5833333,727,283.2,9.949999999999989,below,5–10 K,0.2848416,0.24365808,0.47150037,0.008112475,0.012424029,0.97946346
,1-butyl-3-methylimidazolium bis(trifluoromethylsulfonyl)imide,CCCCn1cc[n+](C)c1.O=S(=O)([N-]S(=O)(=O)C(F)(F)F)C(F)(F)F,[C4MIm][NTf2],ethanol,CCO,alcohol,water,O,water,0.224,0.379,0.397,0.01,0.264,0.726,101.325,0.9166667,727,283.2,9.949999999999989,below,5–10 K,0.21429874,0.26935044,0.51635087,0.008642352,0.012875587,0.97848207
,1-butyl-3-methylimidazolium bis(trifluoromethylsulfonyl)imide,CCCCn1cc[n+](C)c1.O=S(=O)([N-]S(=O)(=O)C(F)(F)F)C(F)(F)F,[C4MIm][NTf2],ethanol,CCO,alcohol,water,O,water,0.178,0.387,0.435,0.017,0.292,0.691,101.325,1.0,727,283.2,9.949999999999989,below,5–10 K,0.19889155,0.2750631,0.5260454,0.008780908,0.012997349,0.9782218
,1-butyl-3-methylimidazolium bis(trifluoromethylsulfonyl)imide,CCCCn1cc[n+](C)c1.O=S(=O)([N-]S(=O)(=O)C(F)(F)F)C(F)(F)F,[C4MIm][NTf2],ethanol,CCO,alcohol,water,O,water,0.65,0.0,0.35,0.001,0.0,0.999,101.325,0.0,729,283.2,9.949999999999989,below,5–10 K,0.43861648,0.18940686,0.37197658,0.007273855,0.011827262,0.98089886
,1-butyl-3-methylimidazolium bis(trifluoromethylsulfonyl)imide,CCCCn1cc[n+](C)c1.O=S(=O)([N-]S(=O)(=O)C(F)(F)F)C(F)(F)F,[C4MIm][NTf2],ethanol,CCO,alcohol,water,O,water,0.572,0.078,0.35,0.0,0.021,0.979,101.325,0.14285715,729,283.2,9.949999999999989,below,5–10 K,0.39726427,0.20374918,0.3989865,0.0075023794,0.012222021,0.9802756
,1-butyl-3-methylimidazolium bis(trifluoromethylsulfonyl)imide,CCCCn1cc[n+](C)c1.O=S(=O)([N-]S(=O)(=O)C(F)(F)F)C(F)(F)F,[C4MIm][NTf2],ethanol,CCO,alcohol,water,O,water,0.48,0.137,0.383,0.001,0.043,0.956,101.325,0.2857143,729,283.2,9.949999999999989,below,5–10 K,0.35797757,0.21747248,0.42454997,0.007747699,0.012522442,0.9797299
,1-butyl-3-methylimidazolium bis(trifluoromethylsulfonyl)imide,CCCCn1cc[n+](C)c1.O=S(=O)([N-]S(=O)(=O)C(F)(F)F)C(F)(F)F,[C4MIm][NTf2],ethanol,CCO,alcohol,water,O,water,0.367,0.215,0.418,0.001,0.075,0.924,101.325,0.42857143,729,283.2,9.949999999999989,below,5–10 K,0.321075,0.23052984,0.44839516,0.007956788,0.012678173,0.979365
,1-butyl-3-methylimidazolium bis(trifluoromethylsulfonyl)imide,CCCCn1cc[n+](C)c1.O=S(=O)([N-]S(=O)(=O)C(F)(F)F)C(F)(F)F,[C4MIm][NTf2],ethanol,CCO,alcohol,water,O,water,0.31,0.256,0.434,0.002,0.096,0.902,101.325,0.5714286,729,283.2,9.949999999999989,below,5–10 K,0.27429911,0.24448645,0.48121443,0.0063199657,0.012607222,0.9810728
,1-butyl-3-methylimidazolium bis(trifluoromethylsulfonyl)imide,CCCCn1cc[n+](C)c1.O=S(=O)([N-]S(=O)(=O)C(F)(F)F)C(F)(F)F,[C4MIm][NTf2],ethanol,CCO,alcohol,water,O,water,0.27,0.281,0.449,0.003,0.12,0.877,101.325,0.71428573,729,283.2,9.949999999999989,below,5–10 K,0.242528,0.2557888,0.5016832,0.0065002213,0.012792697,0.98070705
,1-butyl-3-methylimidazolium bis(trifluoromethylsulfonyl)imide,CCCCn1cc[n+](C)c1.O=S(=O)([N-]S(=O)(=O)C(F)(F)F)C(F)(F)F,[C4MIm][NTf2],ethanol,CCO,alcohol,water,O,water,0.186,0.321,0.493,0.005,0.146,0.849,101.325,0.85714287,729,283.2,9.949999999999989,below,5–10 K,0.22089054,0.26573303,0.51337636,0.007913361,0.013095126,0.9789915
,1-butyl-3-methylimidazolium bis(trifluoromethylsulfonyl)imide,CCCCn1cc[n+](C)c1.O=S(=O)([N-]S(=O)(=O)C(F)(F)F)C(F)(F)F,[C4MIm][NTf2],ethanol,CCO,alcohol,water,O,water,0.139,0.305,0.556,0.007,0.166,0.827,101.325,1.0,729,283.2,9.949999999999989,below,5–10 K,0.19794948,0.275294,0.52675647,0.008890138,0.013410004,0.9776999
,1-butyl-3-methylimidazolium bis(trifluoromethylsulfonyl)imide,CCCCn1cc[n+](C)c1.O=S(=O)([N-]S(=O)(=O)C(F)(F)F)C(F)(F)F,[C4MIm][NTf2],2-propanol,CC(C)O,alcohol,water,O,water,0.812,0.0,0.188,0.0,0.0,1.0,101.325,0.0,730,283.2,9.949999999999989,below,5–10 K,0.362093,0.20042029,0.4374867,0.010488149,0.039302103,0.9502098
,1-butyl-3-methylimidazolium bis(trifluoromethylsulfonyl)imide,CCCCn1cc[n+](C)c1.O=S(=O)([N-]S(=O)(=O)C(F)(F)F)C(F)(F)F,[C4MIm][NTf2],2-propanol,CC(C)O,alcohol,water,O,water,0.728,0.068,0.204,0.001,0.024,0.975,101.325,0.125,730,283.2,9.949999999999989,below,5–10 K,0.3174939,0.21358134,0.4689248,0.010354826,0.035979435,0.95366573
,1-butyl-3-methylimidazolium bis(trifluoromethylsulfonyl)imide,CCCCn1cc[n+](C)c1.O=S(=O)([N-]S(=O)(=O)C(F)(F)F)C(F)(F)F,[C4MIm][NTf2],2-propanol,CC(C)O,alcohol,water,O,water,0.623,0.145,0.232,0.001,0.052,0.947,101.325,0.25,730,283.2,9.949999999999989,below,5–10 K,0.28673288,0.22322764,0.4900395,0.010467692,0.035510108,0.9540222
,1-butyl-3-methylimidazolium bis(trifluoromethylsulfonyl)imide,CCCCn1cc[n+](C)c1.O=S(=O)([N-]S(=O)(=O)C(F)(F)F)C(F)(F)F,[C4MIm][NTf2],2-propanol,CC(C)O,alcohol,water,O,water,0.471,0.24,0.289,0.0,0.075,0.925,101.325,0.375,730,283.2,9.949999999999989,below,5–10 K,0.2646719,0.23057747,0.50475067,0.010950301,0.035709273,0.9533404
,1-butyl-3-methylimidazolium bis(trifluoromethylsulfonyl)imide,CCCCn1cc[n+](C)c1.O=S(=O)([N-]S(=O)(=O)C(F)(F)F)C(F)(F)F,[C4MIm][NTf2],2-propanol,CC(C)O,alcohol,water,O,water,0.33900002,0.30800003,0.35300002,0.001,0.101,0.898,101.325,0.5,730,283.2,9.949999999999989,below,5–10 K,0.23750989,0.23910575,0.52338433,0.011069677,0.03529041,0.9536399
,1-butyl-3-methylimidazolium bis(trifluoromethylsulfonyl)imide,CCCCn1cc[n+](C)c1.O=S(=O)([N-]S(=O)(=O)C(F)(F)F)C(F)(F)F,[C4MIm][NTf2],2-propanol,CC(C)O,alcohol,water,O,water,0.224,0.34,0.436,0.005,0.137,0.858,101.325,0.625,730,283.2,9.949999999999989,below,5–10 K,0.21251267,0.24696092,0.54052645,0.011187915,0.034888692,0.9539234
,1-butyl-3-methylimidazolium bis(trifluoromethylsulfonyl)imide,CCCCn1cc[n+](C)c1.O=S(=O)([N-]S(=O)(=O)C(F)(F)F)C(F)(F)F,[C4MIm][NTf2],2-propanol,CC(C)O,alcohol,water,O,water,0.184,0.342,0.474,0.007,0.158,0.835,101.325,0.75,730,283.2,9.949999999999989,below,5–10 K,0.18147542,0.25324917,0.56527543,0.010453914,0.03491225,0.95463383
,1-butyl-3-methylimidazolium bis(trifluoromethylsulfonyl)imide,CCCCn1cc[n+](C)c1.O=S(=O)([N-]S(=O)(=O)C(F)(F)F)C(F)(F)F,[C4MIm][NTf2],2-propanol,CC(C)O,alcohol,water,O,water,0.15,0.337,0.513,0.01,0.179,0.811,101.325,0.875,730,283.2,9.949999999999989,below,5–10 K,0.15209098,0.25182608,0.596083,0.009012008,0.03835459,0.95263344
,1-butyl-3-methylimidazolium bis(trifluoromethylsulfonyl)imide,CCCCn1cc[n+](C)c1.O=S(=O)([N-]S(=O)(=O)C(F)(F)F)C(F)(F)F,[C4MIm][NTf2],2-propanol,CC(C)O,alcohol,water,O,water,0.118,0.323,0.559,0.016,0.202,0.782,101.325,1.0,730,283.2,9.949999999999989,below,5–10 K,0.1341464,0.25717598,0.60867757,0.0091258,0.037976306,0.9528979
,1-butyl-1-methylpyrrolidinium bis(trifluoromethylsulfonyl)imide,CCCC[N+]1(C)CCCC1.O=S(=O)([N-]S(=O)(=O)C(F)(F)F)C(F)(F)F,[C4MPyr][NTf2],ethanol,CCO,alcohol,water,O,water,0.831,0.0,0.169,0.001,0.0,0.999,101.325,0.0,739,283.0,10.149999999999977,below,10–20 K,0.4349972,0.1865618,0.37844098,0.0037401991,0.008832483,0.98742723
,1-butyl-1-methylpyrrolidinium bis(trifluoromethylsulfonyl)imide,CCCC[N+]1(C)CCCC1.O=S(=O)([N-]S(=O)(=O)C(F)(F)F)C(F)(F)F,[C4MPyr][NTf2],ethanol,CCO,alcohol,water,O,water,0.788,0.029,0.183,0.0,0.023,0.977,101.325,0.1,739,283.0,10.149999999999977,below,10–20 K,0.40542507,0.19667286,0.39790204,0.00382696,0.008930875,0.9872421
,1-butyl-1-methylpyrrolidinium bis(trifluoromethylsulfonyl)imide,CCCC[N+]1(C)CCCC1.O=S(=O)([N-]S(=O)(=O)C(F)(F)F)C(F)(F)F,[C4MPyr][NTf2],ethanol,CCO,alcohol,water,O,water,0.732,0.073,0.195,0.0,0.052,0.948,101.325,0.2,739,283.0,10.149999999999977,below,10–20 K,0.38257775,0.2085732,0.40884906,0.0040386305,0.00835251,0.9876088
,1-butyl-1-methylpyrrolidinium bis(trifluoromethylsulfonyl)imide,CCCC[N+]1(C)CCCC1.O=S(=O)([N-]S(=O)(=O)C(F)(F)F)C(F)(F)F,[C4MPyr][NTf2],ethanol,CCO,alcohol,water,O,water,0.682,0.114,0.204,0.0,0.078,0.922,101.325,0.3,739,283.0,10.149999999999977,below,10–20 K,0.37705883,0.21708408,0.40585712,0.0043005715,0.007787315,0.9879121
,1-butyl-1-methylpyrrolidinium bis(trifluoromethylsulfonyl)imide,CCCC[N+]1(C)CCCC1.O=S(=O)([N-]S(=O)(=O)C(F)(F)F)C(F)(F)F,[C4MPyr][NTf2],ethanol,CCO,alcohol,water,O,water,0.585,0.19,0.225,0.001,0.118,0.881,101.325,0.4,739,283.0,10.149999999999977,below,10–20 K,0.34935918,0.22753298,0.42310783,0.0043333936,0.007898416,0.98776823
,1-butyl-1-methylpyrrolidinium bis(trifluoromethylsulfonyl)imide,CCCC[N+]1(C)CCCC1.O=S(=O)([N-]S(=O)(=O)C(F)(F)F)C(F)(F)F,[C4MPyr][NTf2],ethanol,CCO,alcohol,water,O,water,0.482,0.262,0.256,0.001,0.164,0.835,101.325,0.5,739,283.0,10.149999999999977,below,10–20 K,0.30842578,0.23753452,0.45403966,0.0060793213,0.009069184,0.98485154
,1-butyl-1-methylpyrrolidinium bis(trifluoromethylsulfonyl)imide,CCCC[N+]1(C)CCCC1.O=S(=O)([N-]S(=O)(=O)C(F)(F)F)C(F)(F)F,[C4MPyr][NTf2],ethanol,CCO,alcohol,water,O,water,0.379,0.324,0.297,0.004,0.217,0.779,101.325,0.6,739,283.0,10.149999999999977,below,10–20 K,0.28184927,0.24395856,0.47419214,0.0069761467,0.009959594,0.98306435
,1-butyl-1-methylpyrrolidinium bis(trifluoromethylsulfonyl)imide,CCCC[N+]1(C)CCCC1.O=S(=O)([N-]S(=O)(=O)C(F)(F)F)C(F)(F)F,[C4MPyr][NTf2],ethanol,CCO,alcohol,water,O,water,0.297,0.366,0.337,0.008,0.271,0.721,101.325,0.7,739,283.0,10.149999999999977,below,10–20 K,0.25919187,0.25225574,0.48855245,0.0071339556,0.010098618,0.98276746
,1-butyl-1-methylpyrrolidinium bis(trifluoromethylsulfonyl)imide,CCCC[N+]1(C)CCCC1.O=S(=O)([N-]S(=O)(=O)C(F)(F)F)C(F)(F)F,[C4MPyr][NTf2],ethanol,CCO,alcohol,water,O,water,0.285,0.372,0.343,0.009,0.281,0.71,101.325,0.8,739,283.0,10.149999999999977,below,10–20 K,0.23485193,0.26207685,0.5030712,0.006158818,0.009059211,0.9847819
,1-butyl-1-methylpyrrolidinium bis(trifluoromethylsulfonyl)imide,CCCC[N+]1(C)CCCC1.O=S(=O)([N-]S(=O)(=O)C(F)(F)F)C(F)(F)F,[C4MPyr][NTf2],ethanol,CCO,alcohol,water,O,water,0.284,0.369,0.347,0.009,0.283,0.708,101.325,0.9,739,283.0,10.149999999999977,below,10–20 K,0.2142642,0.26960245,0.5161333,0.0041909674,0.0073926663,0.98841643
,1-butyl-1-methylpyrrolidinium bis(trifluoromethylsulfonyl)imide,CCCC[N+]1(C)CCCC1.O=S(=O)([N-]S(=O)(=O)C(F)(F)F)C(F)(F)F,[C4MPyr][NTf2],ethanol,CCO,alcohol,water,O,water,0.199,0.4,0.401,0.021,0.338,0.641,101.325,1.0,739,283.0,10.149999999999977,below,10–20 K,0.19522549,0.27684304,0.5279315,0.00429162,0.0075167962,0.98819155
,1-butyl-1-methylpyrrolidinium bis(trifluoromethylsulfonyl)imide,CCCC[N+]1(C)CCCC1.O=S(=O)([N-]S(=O)(=O)C(F)(F)F)C(F)(F)F,[C4MPyr][NTf2],ethanol,CCO,alcohol,water,O,water,0.64,0.0,0.36,0.001,0.0,0.999,101.325,0.0,742,333.0,9.800000000000011,above,5–10 K,0.4516106,0.17120959,0.37717977,0.0030089675,0.0065440633,0.9904469
,1-butyl-1-methylpyrrolidinium bis(trifluoromethylsulfonyl)imide,CCCC[N+]1(C)CCCC1.O=S(=O)([N-]S(=O)(=O)C(F)(F)F)C(F)(F)F,[C4MPyr][NTf2],ethanol,CCO,alcohol,water,O,water,0.563,0.06,0.377,0.001,0.017,0.982,101.325,0.16666667,742,333.0,9.800000000000011,above,5–10 K,0.40178314,0.18753879,0.41067803,0.00312457,0.006665053,0.9902104
,1-butyl-1-methylpyrrolidinium bis(trifluoromethylsulfonyl)imide,CCCC[N+]1(C)CCCC1.O=S(=O)([N-]S(=O)(=O)C(F)(F)F)C(F)(F)F,[C4MPyr][NTf2],ethanol,CCO,alcohol,water,O,water,0.474,0.134,0.392,0.001,0.041,0.958,101.325,0.33333334,742,333.0,9.800000000000011,above,5–10 K,0.3553684,0.20378596,0.4408456,0.003365701,0.006764506,0.9898698
,1-butyl-1-methylpyrrolidinium bis(trifluoromethylsulfonyl)imide,CCCC[N+]1(C)CCCC1.O=S(=O)([N-]S(=O)(=O)C(F)(F)F)C(F)(F)F,[C4MPyr][NTf2],ethanol,CCO,alcohol,water,O,water,0.391,0.193,0.416,0.001,0.064,0.935,101.325,0.5,742,333.0,9.800000000000011,above,5–10 K,0.31077093,0.21885428,0.47037482,0.0034976588,0.006911384,0.98959094
,1-butyl-1-methylpyrrolidinium bis(trifluoromethylsulfonyl)imide,CCCC[N+]1(C)CCCC1.O=S(=O)([N-]S(=O)(=O)C(F)(F)F)C(F)(F)F,[C4MPyr][NTf2],ethanol,CCO,alcohol,water,O,water,0.211,0.288,0.501,0.004,0.14,0.856,101.325,0.8333333,742,333.0,9.800000000000011,above,5–10 K,0.22896433,0.24955365,0.521482,0.004302723,0.008638546,0.9870588
,1-butyl-1-methylpyrrolidinium bis(trifluoromethylsulfonyl)imide,CCCC[N+]1(C)CCCC1.O=S(=O)([N-]S(=O)(=O)C(F)(F)F)C(F)(F)F,[C4MPyr][NTf2],ethanol,CCO,alcohol,water,O,water,0.221,0.284,0.495,0.004,0.134,0.862,101.325,0.6666667,742,333.0,9.800000000000011,above,5–10 K,0.2683938,0.23600829,0.4955979,0.0043077627,0.0093805725,0.9863116
,1-butyl-1-methylpyrrolidinium bis(trifluoromethylsulfonyl)imide,CCCC[N+]1(C)CCCC1.O=S(=O)([N-]S(=O)(=O)C(F)(F)F)C(F)(F)F,[C4MPyr][NTf2],ethanol,CCO,alcohol,water,O,water,0.141,0.273,0.586,0.014,0.179,0.807,101.325,1.0,742,333.0,9.800000000000011,above,5–10 K,0.19963016,0.26020172,0.5401681,0.0046435464,0.009809921,0.9855466
no,1-decyl-3-methylimidazolium bis(trifluoromethylsulfonyl)imide,CCCCCCCCCCn1cc[n+](C)c1.O=S(=O)([N-]S(=O)(=O)C(F)(F)F)C(F)(F)F,[C10MIm][NTf2],2-propanol,CC(C)O,alcohol,water,O,water,0.895,0.0,0.105,0.0,0.0,1.0,101.325,0.0,748,278.15,15.0,below,10–20 K,0.37822315,0.25169095,0.37008592,0.0068996404,0.0149266785,0.9781737
no,1-decyl-3-methylimidazolium bis(trifluoromethylsulfonyl)imide,CCCCCCCCCCn1cc[n+](C)c1.O=S(=O)([N-]S(=O)(=O)C(F)(F)F)C(F)(F)F,[C10MIm][NTf2],2-propanol,CC(C)O,alcohol,water,O,water,0.74,0.144,0.116,0.0,0.052947048,0.9470529,101.325,0.14285715,748,278.15,15.0,below,10–20 K,0.3407798,0.26737913,0.3918411,0.0070491666,0.015020535,0.9779303
no,1-decyl-3-methylimidazolium bis(trifluoromethylsulfonyl)imide,CCCCCCCCCCn1cc[n+](C)c1.O=S(=O)([N-]S(=O)(=O)C(F)(F)F)C(F)(F)F,[C10MIm][NTf2],2-propanol,CC(C)O,alcohol,water,O,water,0.642,0.217,0.141,0.0,0.071,0.929,101.325,0.2857143,748,278.15,15.0,below,10–20 K,0.30529326,0.28231642,0.41239035,0.007201099,0.01512043,0.97767854
no,1-decyl-3-methylimidazolium bis(trifluoromethylsulfonyl)imide,CCCCCCCCCCn1cc[n+](C)c1.O=S(=O)([N-]S(=O)(=O)C(F)(F)F)C(F)(F)F,[C10MIm][NTf2],2-propanol,CC(C)O,alcohol,water,O,water,0.519,0.321,0.16,0.0,0.1,0.9,101.325,0.42857143,748,278.15,15.0,below,10–20 K,0.27216658,0.29638967,0.43144372,0.0073587773,0.015248569,0.9773926
no,1-decyl-3-methylimidazolium bis(trifluoromethylsulfonyl)imide,CCCCCCCCCCn1cc[n+](C)c1.O=S(=O)([N-]S(=O)(=O)C(F)(F)F)C(F)(F)F,[C10MIm][NTf2],2-propanol,CC(C)O,alcohol,water,O,water,0.356,0.393,0.251,0.0,0.127,0.873,101.325,0.5714286,748,278.15,15.0,below,10–20 K,0.24153878,0.3094782,0.44898304,0.0075225863,0.015388393,0.977089
no,1-decyl-3-methylimidazolium bis(trifluoromethylsulfonyl)imide,CCCCCCCCCCn1cc[n+](C)c1.O=S(=O)([N-]S(=O)(=O)C(F)(F)F)C(F)(F)F,[C10MIm][NTf2],2-propanol,CC(C)O,alcohol,water,O,water,0.259,0.416,0.325,0.0,0.139,0.861,101.325,0.71428573,748,278.15,15.0,below,10–20 K,0.21352883,0.32155922,0.46491194,0.0076911426,0.0155432485,0.9767655
no,1-decyl-3-methylimidazolium bis(trifluoromethylsulfonyl)imide,CCCCCCCCCCn1cc[n+](C)c1.O=S(=O)([N-]S(=O)(=O)C(F)(F)F)C(F)(F)F,[C10MIm][NTf2],2-propanol,CC(C)O,alcohol,water,O,water,0.208,0.418,0.374,0.001,0.157,0.842,101.325,0.85714287,748,278.15,15.0,below,10–20 K,0.18809073,0.33263743,0.4792718,0.007863058,0.015714115,0.9764227
no,1-decyl-3-methylimidazolium bis(trifluoromethylsulfonyl)imide,CCCCCCCCCCn1cc[n+](C)c1.O=S(=O)([N-]S(=O)(=O)C(F)(F)F)C(F)(F)F,[C10MIm][NTf2],2-propanol,CC(C)O,alcohol,water,O,water,0.17,0.411,0.419,0.001,0.176,0.823,101.325,1.0,748,278.15,15.0,below,10–20 K,0.1596974,0.33971345,0.5005892,0.008454899,0.017128594,0.97441643
no,1-decyl-3-methylimidazolium bis(trifluoromethylsulfonyl)imide,CCCCCCCCCCn1cc[n+](C)c1.O=S(=O)([N-]S(=O)(=O)C(F)(F)F)C(F)(F)F,[C10MIm][NTf2],2-propanol,CC(C)O,alcohol,water,O,water,0.812,0.0,0.188,0.0,0.0,1.0,101.325,0.0,749,288.15,5.0,below,0–5 K,0.3699583,0.24938238,0.3806593,0.0072455225,0.016058324,0.9766962
no,1-decyl-3-methylimidazolium bis(trifluoromethylsulfonyl)imide,CCCCCCCCCCn1cc[n+](C)c1.O=S(=O)([N-]S(=O)(=O)C(F)(F)F)C(F)(F)F,[C10MIm][NTf2],2-propanol,CC(C)O,alcohol,water,O,water,0.607,0.165,0.228,0.0,0.029,0.971,101.325,0.14285715,749,288.15,5.0,below,0–5 K,0.3325921,0.26468837,0.40271953,0.0074031,0.01614074,0.97645617
no,1-decyl-3-methylimidazolium bis(trifluoromethylsulfonyl)imide,CCCCCCCCCCn1cc[n+](C)c1.O=S(=O)([N-]S(=O)(=O)C(F)(F)F)C(F)(F)F,[C10MIm][NTf2],2-propanol,CC(C)O,alcohol,water,O,water,0.485,0.247,0.268,0.0,0.043,0.957,101.325,0.2857143,749,288.15,5.0,below,0–5 K,0.30063522,0.2815722,0.41779256,0.006807173,0.015059134,0.97813374
no,1-decyl-3-methylimidazolium bis(trifluoromethylsulfonyl)imide,CCCCCCCCCCn1cc[n+](C)c1.O=S(=O)([N-]S(=O)(=O)C(F)(F)F)C(F)(F)F,[C10MIm][NTf2],2-propanol,CC(C)O,alcohol,water,O,water,0.384,0.312,0.304,0.0,0.06,0.94,101.325,0.42857143,749,288.15,5.0,below,0–5 K,0.2677333,0.29540557,0.43686113,0.0069556697,0.015179691,0.9778646
no,1-decyl-3-methylimidazolium bis(trifluoromethylsulfonyl)imide,CCCCCCCCCCn1cc[n+](C)c1.O=S(=O)([N-]S(=O)(=O)C(F)(F)F)C(F)(F)F,[C10MIm][NTf2],2-propanol,CC(C)O,alcohol,water,O,water,0.26,0.358,0.382,0.001,0.079,0.92,101.325,0.5714286,749,288.15,5.0,below,0–5 K,0.23739897,0.30826885,0.4543322,0.0071110292,0.015314464,0.9775745
no,1-decyl-3-methylimidazolium bis(trifluoromethylsulfonyl)imide,CCCCCCCCCCn1cc[n+](C)c1.O=S(=O)([N-]S(=O)(=O)C(F)(F)F)C(F)(F)F,[C10MIm][NTf2],2-propanol,CC(C)O,alcohol,water,O,water,0.189,0.368,0.443,0.001,0.09,0.909,101.325,0.71428573,749,288.15,5.0,below,0–5 K,0.20958418,0.32017756,0.47023824,0.00727103,0.015468646,0.9772603
no,1-decyl-3-methylimidazolium bis(trifluoromethylsulfonyl)imide,CCCCCCCCCCn1cc[n+](C)c1.O=S(=O)([N-]S(=O)(=O)C(F)(F)F)C(F)(F)F,[C10MIm][NTf2],2-propanol,CC(C)O,alcohol,water,O,water,0.145,0.391,0.464,0.001,0.111,0.888,101.325,0.85714287,749,288.15,5.0,below,0–5 K,0.18448944,0.33105373,0.48445687,0.0074338904,0.015638132,0.976928
no,1-decyl-3-methylimidazolium bis(trifluoromethylsulfonyl)imide,CCCCCCCCCCn1cc[n+](C)c1.O=S(=O)([N-]S(=O)(=O)C(F)(F)F)C(F)(F)F,[C10MIm][NTf2],2-propanol,CC(C)O,alcohol,water,O,water,0.114,0.353,0.533,0.003,0.127,0.87,101.325,1.0,749,288.15,5.0,below,0–5 K,0.16182971,0.34098107,0.4971892,0.0076053096,0.015832637,0.9765621
,1-butyl-3-methylimidazolium hexafluorophosphate,CCCCn1cc[n+](C)c1.F[P-](F)(F)(F)(F)F,[C4MIm][PF6],ethanol,CCO,alcohol,water,O,water,0.795,0.0,0.205,0.001,0.0,0.999,101.325,0.0,781,283.2,9.949999999999989,below,5–10 K,0.38341466,0.21552558,0.40105975,0.0066994485,0.017111262,0.97618926
,1-butyl-3-methylimidazolium hexafluorophosphate,CCCCn1cc[n+](C)c1.F[P-](F)(F)(F)(F)F,[C4MIm][PF6],ethanol,CCO,alcohol,water,O,water,0.76,0.019,0.221,0.001,0.025,0.974,101.325,0.05263158,781,283.2,9.949999999999989,below,5–10 K,0.368638,0.22087526,0.41048673,0.0067577,0.017156411,0.9760859
,1-butyl-3-methylimidazolium hexafluorophosphate,CCCCn1cc[n+](C)c1.F[P-](F)(F)(F)(F)F,[C4MIm][PF6],ethanol,CCO,alcohol,water,O,water,0.736,0.043,0.221,0.001,0.056,0.943,101.325,0.10526316,781,283.2,9.949999999999989,below,5–10 K,0.35423675,0.22611363,0.41964954,0.006815212,0.017204007,0.9759808
,1-butyl-3-methylimidazolium hexafluorophosphate,CCCCn1cc[n+](C)c1.F[P-](F)(F)(F)(F)F,[C4MIm][PF6],ethanol,CCO,alcohol,water,O,water,0.695,0.087,0.218,0.001,0.094,0.905,101.325,0.15789473,781,283.2,9.949999999999989,below,5–10 K,0.34009948,0.23126322,0.42863727,0.006872147,0.017243834,0.9758841
,1-butyl-3-methylimidazolium hexafluorophosphate,CCCCn1cc[n+](C)c1.F[P-](F)(F)(F)(F)F,[C4MIm][PF6],ethanol,CCO,alcohol,water,O,water,0.649,0.122,0.229,0.002,0.127,0.871,101.325,0.21052632,781,283.2,9.949999999999989,below,5–10 K,0.3262178,0.23633254,0.43744966,0.0069323056,0.017287599,0.9757801
,1-butyl-3-methylimidazolium hexafluorophosphate,CCCCn1cc[n+](C)c1.F[P-](F)(F)(F)(F)F,[C4MIm][PF6],ethanol,CCO,alcohol,water,O,water,0.607,0.156,0.237,0.003,0.159,0.838,101.325,0.2631579,781,283.2,9.949999999999989,below,5–10 K,0.31861225,0.24201919,0.43936852,0.0065498096,0.016465522,0.9769846
,1-butyl-3-methylimidazolium hexafluorophosphate,CCCCn1cc[n+](C)c1.F[P-](F)(F)(F)(F)F,[C4MIm][PF6],ethanol,CCO,alcohol,water,O,water,0.572,0.18,0.248,0.003,0.19,0.807,101.325,0.31578946,781,283.2,9.949999999999989,below,5–10 K,0.3087776,0.24701975,0.4442026,0.0063706273,0.01618706,0.97744226
,1-butyl-3-methylimidazolium hexafluorophosphate,CCCCn1cc[n+](C)c1.F[P-](F)(F)(F)(F)F,[C4MIm][PF6],ethanol,CCO,alcohol,water,O,water,0.545,0.197,0.258,0.004,0.222,0.774,101.325,0.36842105,781,283.2,9.949999999999989,below,5–10 K,0.29573426,0.2518994,0.45236632,0.0064274683,0.016249286,0.9773232
,1-butyl-3-methylimidazolium hexafluorophosphate,CCCCn1cc[n+](C)c1.F[P-](F)(F)(F)(F)F,[C4MIm][PF6],ethanol,CCO,alcohol,water,O,water,0.51100004,0.22000001,0.26900002,0.007,0.261,0.732,101.325,0.42105263,781,283.2,9.949999999999989,below,5–10 K,0.28298104,0.2566867,0.46033224,0.006481248,0.016301261,0.9772175
,1-butyl-3-methylimidazolium hexafluorophosphate,CCCCn1cc[n+](C)c1.F[P-](F)(F)(F)(F)F,[C4MIm][PF6],ethanol,CCO,alcohol,water,O,water,0.493,0.234,0.273,0.008,0.285,0.707,101.325,0.47368422,781,283.2,9.949999999999989,below,5–10 K,0.27064306,0.26133975,0.46801722,0.0065346253,0.01634766,0.97711766
,1-butyl-3-methylimidazolium hexafluorophosphate,CCCCn1cc[n+](C)c1.F[P-](F)(F)(F)(F)F,[C4MIm][PF6],ethanol,CCO,alcohol,water,O,water,0.469,0.253,0.278,0.011,0.315,0.674,101.325,0.5263158,781,283.2,9.949999999999989,below,5–10 K,0.25868887,0.26587093,0.4754402,0.00659523,0.016419232,0.9769856
,1-butyl-3-methylimidazolium hexafluorophosphate,CCCCn1cc[n+](C)c1.F[P-](F)(F)(F)(F)F,[C4MIm][PF6],ethanol,CCO,alcohol,water,O,water,0.462,0.26,0.278,0.013,0.336,0.651,101.325,0.57894737,781,283.2,9.949999999999989,below,5–10 K,0.24709359,0.2702674,0.482639,0.006651328,0.016475387,0.9768734
,1-butyl-3-methylimidazolium hexafluorophosphate,CCCCn1cc[n+](C)c1.F[P-](F)(F)(F)(F)F,[C4MIm][PF6],ethanol,CCO,alcohol,water,O,water,0.446,0.268,0.286,0.015,0.36,0.625,101.325,0.6315789,781,283.2,9.949999999999989,below,5–10 K,0.23796466,0.27377883,0.48825654,0.0067370804,0.016455641,0.9768073
,1-butyl-3-methylimidazolium hexafluorophosphate,CCCCn1cc[n+](C)c1.F[P-](F)(F)(F)(F)F,[C4MIm][PF6],ethanol,CCO,alcohol,water,O,water,0.43,0.282,0.288,0.016,0.381,0.603,101.325,0.68421054,781,283.2,9.949999999999989,below,5–10 K,0.22700056,0.27798948,0.49500996,0.006796115,0.0165244,0.97667944
,1-butyl-3-methylimidazolium hexafluorophosphate,CCCCn1cc[n+](C)c1.F[P-](F)(F)(F)(F)F,[C4MIm][PF6],ethanol,CCO,alcohol,water,O,water,0.407,0.298,0.295,0.02,0.419,0.561,101.325,0.7368421,781,283.2,9.949999999999989,below,5–10 K,0.21648613,0.2820452,0.50146866,0.0068565365,0.016593693,0.97654974
,1-butyl-3-methylimidazolium hexafluorophosphate,CCCCn1cc[n+](C)c1.F[P-](F)(F)(F)(F)F,[C4MIm][PF6],ethanol,CCO,alcohol,water,O,water,0.386,0.326,0.288,0.023,0.458,0.519,101.325,0.7894737,781,283.2,9.949999999999989,below,5–10 K,0.20632423,0.28596273,0.5077131,0.0069152857,0.016659522,0.97642523
,1-butyl-3-methylimidazolium hexafluorophosphate,CCCCn1cc[n+](C)c1.F[P-](F)(F)(F)(F)F,[C4MIm][PF6],ethanol,CCO,alcohol,water,O,water,0.371,0.349,0.28,0.027,0.485,0.488,101.325,0.84210527,781,283.2,9.949999999999989,below,5–10 K,0.1965039,0.28978115,0.51371497,0.006975983,0.016737139,0.9762868
,1-butyl-3-methylimidazolium hexafluorophosphate,CCCCn1cc[n+](C)c1.F[P-](F)(F)(F)(F)F,[C4MIm][PF6],ethanol,CCO,alcohol,water,O,water,0.36200002,0.36400002,0.27400002,0.029,0.517,0.454,101.325,0.8947368,781,283.2,9.949999999999989,below,5–10 K,0.18013865,0.29097784,0.52888346,0.007365701,0.018001862,0.97463244
,1-butyl-3-methylimidazolium hexafluorophosphate,CCCCn1cc[n+](C)c1.F[P-](F)(F)(F)(F)F,[C4MIm][PF6],ethanol,CCO,alcohol,water,O,water,0.349,0.397,0.254,0.03,0.575,0.395,101.325,0.94736844,781,283.2,9.949999999999989,below,5–10 K,0.17128576,0.29441804,0.5342962,0.007431821,0.018086407,0.97448176
,1-butyl-3-methylimidazolium hexafluorophosphate,CCCCn1cc[n+](C)c1.F[P-](F)(F)(F)(F)F,[C4MIm][PF6],ethanol,CCO,alcohol,water,O,water,0.35400003,0.41300002,0.23300001,0.027,0.621,0.352,101.325,1.0,781,283.2,9.949999999999989,below,5–10 K,0.16180323,0.2978904,0.5403063,0.007394358,0.018153569,0.974452
,1-ethyl-3-methylimidazolium bis(trifluoromethylsulfonyl)imide,CCn1cc[n+](C)c1.O=S(=O)([N-]S(=O)(=O)C(F)(F)F)C(F)(F)F,[C2MIm][NTf2],ethanol,CCO,alcohol,water,O,water,0.673,0.061,0.266,0.0,0.044,0.956,101.325,0.0,788,283.2,9.949999999999989,below,5–10 K,0.39026582,0.18064162,0.42909253,0.005805099,0.018227993,0.9759669
,1-ethyl-3-methylimidazolium bis(trifluoromethylsulfonyl)imide,CCn1cc[n+](C)c1.O=S(=O)([N-]S(=O)(=O)C(F)(F)F)C(F)(F)F,[C2MIm][NTf2],ethanol,CCO,alcohol,water,O,water,0.603,0.108,0.289,0.001,0.072,0.927,101.325,0.16666667,788,283.2,9.949999999999989,below,5–10 K,0.34363693,0.19484667,0.4615164,0.0059747044,0.018274974,0.9757504
,1-ethyl-3-methylimidazolium bis(trifluoromethylsulfonyl)imide,CCn1cc[n+](C)c1.O=S(=O)([N-]S(=O)(=O)C(F)(F)F)C(F)(F)F,[C2MIm][NTf2],ethanol,CCO,alcohol,water,O,water,0.457,0.209,0.334,0.002,0.122,0.876,101.325,0.33333334,788,283.2,9.949999999999989,below,5–10 K,0.30493286,0.20774116,0.48732597,0.00631344,0.018334087,0.9753525
,1-ethyl-3-methylimidazolium bis(trifluoromethylsulfonyl)imide,CCn1cc[n+](C)c1.O=S(=O)([N-]S(=O)(=O)C(F)(F)F)C(F)(F)F,[C2MIm][NTf2],ethanol,CCO,alcohol,water,O,water,0.373,0.254,0.373,0.004,0.156,0.84,101.325,0.5,788,283.2,9.949999999999989,below,5–10 K,0.2645081,0.22029738,0.51519454,0.0064990125,0.018421292,0.9750797
,1-ethyl-3-methylimidazolium bis(trifluoromethylsulfonyl)imide,CCn1cc[n+](C)c1.O=S(=O)([N-]S(=O)(=O)C(F)(F)F)C(F)(F)F,[C2MIm][NTf2],ethanol,CCO,alcohol,water,O,water,0.31,0.284,0.406,0.007,0.185,0.808,101.325,0.6666667,788,283.2,9.949999999999989,below,5–10 K,0.22554567,0.23343498,0.5410194,0.006111834,0.017740313,0.9761478
,1-ethyl-3-methylimidazolium bis(trifluoromethylsulfonyl)imide,CCn1cc[n+](C)c1.O=S(=O)([N-]S(=O)(=O)C(F)(F)F)C(F)(F)F,[C2MIm][NTf2],ethanol,CCO,alcohol,water,O,water,0.235,0.315,0.45,0.016,0.224,0.76,101.325,0.8333333,788,283.2,9.949999999999989,below,5–10 K,0.1897105,0.24664903,0.5636405,0.005203837,0.016556334,0.97823983
,1-ethyl-3-methylimidazolium bis(trifluoromethylsulfonyl)imide,CCn1cc[n+](C)c1.O=S(=O)([N-]S(=O)(=O)C(F)(F)F)C(F)(F)F,[C2MIm][NTf2],ethanol,CCO,alcohol,water,O,water,0.174,0.318,0.508,0.027,0.25,0.723,101.325,1.0,788,283.2,9.949999999999989,below,5–10 K,0.16672891,0.25550812,0.577763,0.005853044,0.01641785,0.97772914
,1-ethyl-3-methylimidazolium bis(trifluoromethylsulfonyl)imide,CCn1cc[n+](C)c1.O=S(=O)([N-]S(=O)(=O)C(F)(F)F)C(F)(F)F,[C2MIm][NTf2],ethanol,CCO,alcohol,water,O,water,0.729,0.068,0.203,0.001,0.041,0.958,101.325,0.0,791,283.2,9.949999999999989,below,5–10 K,0.4134329,0.17916237,0.40740478,0.006207875,0.015681626,0.9781105
,1-ethyl-3-methylimidazolium bis(trifluoromethylsulfonyl)imide,CCn1cc[n+](C)c1.O=S(=O)([N-]S(=O)(=O)C(F)(F)F)C(F)(F)F,[C2MIm][NTf2],ethanol,CCO,alcohol,water,O,water,0.652,0.144,0.204,0.0,0.081,0.919,101.325,0.14285715,791,283.2,9.949999999999989,below,5–10 K,0.3727443,0.19194245,0.43531328,0.00635899,0.015728,0.97791296
,1-ethyl-3-methylimidazolium bis(trifluoromethylsulfonyl)imide,CCn1cc[n+](C)c1.O=S(=O)([N-]S(=O)(=O)C(F)(F)F)C(F)(F)F,[C2MIm][NTf2],ethanol,CCO,alcohol,water,O,water,0.522,0.248,0.23,0.0,0.129,0.871,101.325,0.2857143,791,283.2,9.949999999999989,below,5–10 K,0.33407333,0.2041939,0.46173283,0.006516028,0.01579662,0.9776873
,1-ethyl-3-methylimidazolium bis(trifluoromethylsulfonyl)imide,CCn1cc[n+](C)c1.O=S(=O)([N-]S(=O)(=O)C(F)(F)F)C(F)(F)F,[C2MIm][NTf2],ethanol,CCO,alcohol,water,O,water,0.422,0.318,0.26,0.001,0.168,0.831,101.325,0.42857143,791,283.2,9.949999999999989,below,5–10 K,0.30572352,0.21218804,0.4820885,0.007395707,0.016778493,0.9758257
,1-ethyl-3-methylimidazolium bis(trifluoromethylsulfonyl)imide,CCn1cc[n+](C)c1.O=S(=O)([N-]S(=O)(=O)C(F)(F)F)C(F)(F)F,[C2MIm][NTf2],ethanol,CCO,alcohol,water,O,water,0.342,0.365,0.293,0.002,0.207,0.791,101.325,0.5714286,791,283.2,9.949999999999989,below,5–10 K,0.27594152,0.22121564,0.50284284,0.008047841,0.01748142,0.9744707
,1-ethyl-3-methylimidazolium bis(trifluoromethylsulfonyl)imide,CCn1cc[n+](C)c1.O=S(=O)([N-]S(=O)(=O)C(F)(F)F)C(F)(F)F,[C2MIm][NTf2],ethanol,CCO,alcohol,water,O,water,0.259,0.405,0.336,0.004,0.258,0.738,101.325,0.71428573,791,283.2,9.949999999999989,below,5–10 K,0.24382593,0.2314977,0.5246764,0.008246752,0.01759136,0.97416186
,1-ethyl-3-methylimidazolium bis(trifluoromethylsulfonyl)imide,CCn1cc[n+](C)c1.O=S(=O)([N-]S(=O)(=O)C(F)(F)F)C(F)(F)F,[C2MIm][NTf2],ethanol,CCO,alcohol,water,O,water,0.216,0.417,0.367,0.007,0.285,0.708,101.325,0.85714287,791,283.2,9.949999999999989,below,5–10 K,0.21466444,0.24093506,0.5444005,0.008451582,0.017720582,0.9738279
,1-ethyl-3-methylimidazolium bis(trifluoromethylsulfonyl)imide,CCn1cc[n+](C)c1.O=S(=O)([N-]S(=O)(=O)C(F)(F)F)C(F)(F)F,[C2MIm][NTf2],ethanol,CCO,alcohol,water,O,water,0.138,0.428,0.434,0.028,0.33,0.642,101.325,1.0,791,283.2,9.949999999999989,below,5–10 K,0.18814419,0.24960247,0.56225336,0.008663859,0.017871723,0.9734644
,1-butyl-3-methylimidazolium bis(trifluoromethylsulfonyl)imide,CCCCn1cc[n+](C)c1.O=S(=O)([N-]S(=O)(=O)C(F)(F)F)C(F)(F)F,[C4MIm][NTf2],2-propanol,CC(C)O,alcohol,water,O,water,0.728,0.068,0.204,0.001,0.024,0.975,101.325,0.0,794,283.2,9.949999999999989,below,5–10 K,0.36655155,0.19646361,0.43698484,0.01022011,0.039942153,0.94983774
,1-butyl-3-methylimidazolium bis(trifluoromethylsulfonyl)imide,CCCCn1cc[n+](C)c1.O=S(=O)([N-]S(=O)(=O)C(F)(F)F)C(F)(F)F,[C4MIm][NTf2],2-propanol,CC(C)O,alcohol,water,O,water,0.623,0.145,0.232,0.001,0.052,0.947,101.325,0.14285715,794,283.2,9.949999999999989,below,5–10 K,0.32827058,0.20854147,0.46318796,0.010224419,0.0390144,0.9507612
,1-butyl-3-methylimidazolium bis(trifluoromethylsulfonyl)imide,CCCCn1cc[n+](C)c1.O=S(=O)([N-]S(=O)(=O)C(F)(F)F)C(F)(F)F,[C4MIm][NTf2],2-propanol,CC(C)O,alcohol,water,O,water,0.471,0.24,0.289,0.0,0.075,0.925,101.325,0.2857143,794,283.2,9.949999999999989,below,5–10 K,0.29215786,0.2197963,0.4880459,0.0103891315,0.038516175,0.9510946
,1-butyl-3-methylimidazolium bis(trifluoromethylsulfonyl)imide,CCCCn1cc[n+](C)c1.O=S(=O)([N-]S(=O)(=O)C(F)(F)F)C(F)(F)F,[C4MIm][NTf2],2-propanol,CC(C)O,alcohol,water,O,water,0.33900002,0.30800003,0.35300002,0.001,0.101,0.898,101.325,0.42857143,794,283.2,9.949999999999989,below,5–10 K,0.23768562,0.23111941,0.531195,0.012007014,0.04013857,0.9478545
,1-butyl-3-methylimidazolium bis(trifluoromethylsulfonyl)imide,CCCCn1cc[n+](C)c1.O=S(=O)([N-]S(=O)(=O)C(F)(F)F)C(F)(F)F,[C4MIm][NTf2],2-propanol,CC(C)O,alcohol,water,O,water,0.224,0.34,0.436,0.005,0.137,0.858,101.325,0.5714286,794,283.2,9.949999999999989,below,5–10 K,0.20883518,0.23993076,0.55123407,0.012162395,0.039584577,0.9482531
,1-butyl-3-methylimidazolium bis(trifluoromethylsulfonyl)imide,CCCCn1cc[n+](C)c1.O=S(=O)([N-]S(=O)(=O)C(F)(F)F)C(F)(F)F,[C4MIm][NTf2],2-propanol,CC(C)O,alcohol,water,O,water,0.184,0.342,0.474,0.007,0.158,0.835,101.325,0.71428573,794,283.2,9.949999999999989,below,5–10 K,0.18280154,0.24795306,0.5692454,0.012327163,0.03911492,0.9485579
,1-butyl-3-methylimidazolium bis(trifluoromethylsulfonyl)imide,CCCCn1cc[n+](C)c1.O=S(=O)([N-]S(=O)(=O)C(F)(F)F)C(F)(F)F,[C4MIm][NTf2],2-propanol,CC(C)O,alcohol,water,O,water,0.15,0.337,0.513,0.01,0.179,0.811,101.325,0.85714287,794,283.2,9.949999999999989,below,5–10 K,0.15617988,0.25698426,0.58683586,0.011720123,0.0375021,0.9507778
,1-butyl-3-methylimidazolium bis(trifluoromethylsulfonyl)imide,CCCCn1cc[n+](C)c1.O=S(=O)([N-]S(=O)(=O)C(F)(F)F)C(F)(F)F,[C4MIm][NTf2],2-propanol,CC(C)O,alcohol,water,O,water,0.118,0.323,0.559,0.016,0.202,0.782,101.325,1.0,794,283.2,9.949999999999989,below,5–10 K,0.13430142,0.26431748,0.60138106,0.0115344385,0.036608364,0.9518572
,1-butyl-1-methylpyrrolidinium bis(trifluoromethylsulfonyl)imide,CCCC[N+]1(C)CCCC1.O=S(=O)([N-]S(=O)(=O)C(F)(F)F)C(F)(F)F,[C4MPyr][NTf2],2-propanol,CC(C)O,alcohol,water,O,water,0.65000004,0.14500001,0.20500001,0.0,0.055,0.945,101.325,0.0,797,282.2,10.949999999999989,below,10–20 K,0.3383294,0.20559126,0.4560793,0.0066215144,0.023593184,0.96978533
,1-butyl-1-methylpyrrolidinium bis(trifluoromethylsulfonyl)imide,CCCC[N+]1(C)CCCC1.O=S(=O)([N-]S(=O)(=O)C(F)(F)F)C(F)(F)F,[C4MPyr][NTf2],2-propanol,CC(C)O,alcohol,water,O,water,0.52,0.227,0.253,0.001,0.08,0.919,101.325,0.16666667,797,282.2,10.949999999999989,below,10–20 K,0.29600137,0.21919155,0.48480707,0.006979411,0.023379035,0.9696415
,1-butyl-1-methylpyrrolidinium bis(trifluoromethylsulfonyl)imide,CCCC[N+]1(C)CCCC1.O=S(=O)([N-]S(=O)(=O)C(F)(F)F)C(F)(F)F,[C4MPyr][NTf2],2-propanol,CC(C)O,alcohol,water,O,water,0.396,0.292,0.312,0.001,0.108,0.891,101.325,0.33333334,797,282.2,10.949999999999989,below,10–20 K,0.25690106,0.23165116,0.5114478,0.0071297153,0.023178529,0.9696917
,1-butyl-1-methylpyrrolidinium bis(trifluoromethylsulfonyl)imide,CCCC[N+]1(C)CCCC1.O=S(=O)([N-]S(=O)(=O)C(F)(F)F)C(F)(F)F,[C4MPyr][NTf2],2-propanol,CC(C)O,alcohol,water,O,water,0.295,0.333,0.372,0.004,0.151,0.845,101.325,0.5,797,282.2,10.949999999999989,below,10–20 K,0.22165635,0.2429871,0.5353565,0.0072892783,0.023010798,0.96969986
,1-butyl-1-methylpyrrolidinium bis(trifluoromethylsulfonyl)imide,CCCC[N+]1(C)CCCC1.O=S(=O)([N-]S(=O)(=O)C(F)(F)F)C(F)(F)F,[C4MPyr][NTf2],2-propanol,CC(C)O,alcohol,water,O,water,0.234,0.349,0.417,0.008,0.189,0.803,101.325,0.6666667,797,282.2,10.949999999999989,below,10–20 K,0.19008815,0.2531649,0.55674696,0.007447896,0.022886615,0.96966547
,1-butyl-1-methylpyrrolidinium bis(trifluoromethylsulfonyl)imide,CCCC[N+]1(C)CCCC1.O=S(=O)([N-]S(=O)(=O)C(F)(F)F)C(F)(F)F,[C4MPyr][NTf2],2-propanol,CC(C)O,alcohol,water,O,water,0.161,0.351,0.488,0.021,0.244,0.735,101.325,1.0,797,282.2,10.949999999999989,below,10–20 K,0.15716672,0.26997435,0.5728589,0.0076531256,0.022537215,0.96980965
,1-butyl-1-methylpyrrolidinium bis(trifluoromethylsulfonyl)imide,CCCC[N+]1(C)CCCC1.O=S(=O)([N-]S(=O)(=O)C(F)(F)F)C(F)(F)F,[C4MPyr][NTf2],2-propanol,CC(C)O,alcohol,water,O,water,0.161,0.352,0.487,0.02,0.244,0.736,101.325,0.8333333,797,282.2,10.949999999999989,below,10–20 K,0.18364173,0.26128793,0.5550703,0.0074906945,0.022605976,0.96990335
,1-butyl-3-methylimidazolium bis(trifluoromethylsulfonyl)imide,CCCCn1cc[n+](C)c1.O=S(=O)([N-]S(=O)(=O)C(F)(F)F)C(F)(F)F,[C4MIm][NTf2],1-propanol,CCCO,alcohol,water,O,water,0.804,0.0,0.196,0.001,0.0,0.999,101.325,0.0,800,283.15,10.0,below,5–10 K,0.3686269,0.19940615,0.43196693,0.010272176,0.03315964,0.9565681
,1-butyl-3-methylimidazolium bis(trifluoromethylsulfonyl)imide,CCCCn1cc[n+](C)c1.O=S(=O)([N-]S(=O)(=O)C(F)(F)F)C(F)(F)F,[C4MIm][NTf2],1-propanol,CCCO,alcohol,water,O,water,0.67300004,0.117000006,0.21000001,0.0,0.024,0.976,101.325,0.14285715,800,283.15,10.0,below,5–10 K,0.33037668,0.21177587,0.45784748,0.010424337,0.032623306,0.95695233
,1-butyl-3-methylimidazolium bis(trifluoromethylsulfonyl)imide,CCCCn1cc[n+](C)c1.O=S(=O)([N-]S(=O)(=O)C(F)(F)F)C(F)(F)F,[C4MIm][NTf2],1-propanol,CCCO,alcohol,water,O,water,0.524,0.242,0.234,0.0,0.046,0.954,101.325,0.2857143,800,283.15,10.0,below,5–10 K,0.2947769,0.22310916,0.48211393,0.010570979,0.032247797,0.9571812
,1-butyl-3-methylimidazolium bis(trifluoromethylsulfonyl)imide,CCCCn1cc[n+](C)c1.O=S(=O)([N-]S(=O)(=O)C(F)(F)F)C(F)(F)F,[C4MIm][NTf2],1-propanol,CCCO,alcohol,water,O,water,0.424,0.304,0.272,0.001,0.057,0.942,101.325,0.42857143,800,283.15,10.0,below,5–10 K,0.26167133,0.2336623,0.5046663,0.010722063,0.0319087,0.9573692
,1-butyl-3-methylimidazolium bis(trifluoromethylsulfonyl)imide,CCCCn1cc[n+](C)c1.O=S(=O)([N-]S(=O)(=O)C(F)(F)F)C(F)(F)F,[C4MIm][NTf2],1-propanol,CCCO,alcohol,water,O,water,0.27,0.357,0.373,0.001,0.076,0.923,101.325,0.5714286,800,283.15,10.0,below,5–10 K,0.23129345,0.24337462,0.525332,0.010875028,0.031598523,0.9575265
,1-butyl-3-methylimidazolium bis(trifluoromethylsulfonyl)imide,CCCCn1cc[n+](C)c1.O=S(=O)([N-]S(=O)(=O)C(F)(F)F)C(F)(F)F,[C4MIm][NTf2],1-propanol,CCCO,alcohol,water,O,water,0.179,0.372,0.449,0.002,0.099,0.899,101.325,0.71428573,800,283.15,10.0,below,5–10 K,0.20354627,0.25227058,0.5441832,0.011034885,0.03132781,0.9576373
,1-butyl-3-methylimidazolium bis(trifluoromethylsulfonyl)imide,CCCCn1cc[n+](C)c1.O=S(=O)([N-]S(=O)(=O)C(F)(F)F)C(F)(F)F,[C4MIm][NTf2],1-propanol,CCCO,alcohol,water,O,water,0.132,0.37,0.498,0.003,0.118,0.879,101.325,0.85714287,800,283.15,10.0,below,5–10 K,0.17859018,0.26031694,0.5610929,0.011190336,0.031069642,0.95774007
,1-butyl-3-methylimidazolium bis(trifluoromethylsulfonyl)imide,CCCCn1cc[n+](C)c1.O=S(=O)([N-]S(=O)(=O)C(F)(F)F)C(F)(F)F,[C4MIm][NTf2],1-propanol,CCCO,alcohol,water,O,water,0.089,0.346,0.565,0.007,0.148,0.845,101.325,1.0,800,283.15,10.0,below,5–10 K,0.15613006,0.2673831,0.5764869,0.01136764,0.030952225,0.95768005
,1-ethyl-3-methylimidazolium acetate,CC(=O)[O-].CCn1cc[n+](C)c1,[C2MIm][OAc],ethanol,CCO,alcohol,ethyl acetate,CCOC(C)=O,ester,0.794,0.0,0.206,0.03,0.0,0.97,101.325,0.0,807,288.15,5.0,below,0–5 K,0.61264426,0.20029636,0.18705943,0.017130993,0.13276856,0.8501004
,1-ethyl-3-methylimidazolium acetate,CC(=O)[O-].CCn1cc[n+](C)c1,[C2MIm][OAc],ethanol,CCO,alcohol,ethyl acetate,CCOC(C)=O,ester,0.67,0.098,0.232,0.03,0.01,0.96,101.325,0.2,807,288.15,5.0,below,0–5 K,0.5653522,0.22465661,0.20999116,0.017693507,0.13270847,0.849598
,1-ethyl-3-methylimidazolium acetate,CC(=O)[O-].CCn1cc[n+](C)c1,[C2MIm][OAc],ethanol,CCO,alcohol,ethyl acetate,CCOC(C)=O,ester,0.537,0.202,0.261,0.029,0.027,0.944,101.325,0.4,807,288.15,5.0,below,0–5 K,0.5167306,0.2497752,0.23349415,0.018130334,0.13230069,0.849569
,1-ethyl-3-methylimidazolium acetate,CC(=O)[O-].CCn1cc[n+](C)c1,[C2MIm][OAc],ethanol,CCO,alcohol,ethyl acetate,CCOC(C)=O,ester,0.401,0.301,0.298,0.029,0.059,0.912,101.325,0.6,807,288.15,5.0,below,0–5 K,0.46762893,0.27523655,0.25713453,0.018439423,0.13164014,0.8499204
,1-ethyl-3-methylimidazolium acetate,CC(=O)[O-].CCn1cc[n+](C)c1,[C2MIm][OAc],ethanol,CCO,alcohol,ethyl acetate,CCOC(C)=O,ester,0.225,0.401,0.374,0.03,0.149,0.821,101.325,0.8,807,288.15,5.0,below,0–5 K,0.42018393,0.2996592,0.28015688,0.019041253,0.13194814,0.84901065
,1-ethyl-3-methylimidazolium acetate,CC(=O)[O-].CCn1cc[n+](C)c1,[C2MIm][OAc],ethanol,CCO,alcohol,ethyl acetate,CCOC(C)=O,ester,0.177,0.412,0.411,0.034,0.196,0.77,101.325,1.0,807,288.15,5.0,below,0–5 K,0.3743366,0.32326138,0.30240196,0.019662611,0.13238804,0.84794927
,"1,3-dimethylimidazolium dimethylphosphate",COP(=O)([O-])OC.Cn1cc[n+](C)c1,[C1MIm][DMP],methanol,CO,alcohol,methyl acetate,COC(C)=O,ester,0.758,0.0,0.242,0.031,0.0,0.969,101.325,0.0,814,328.2,5.0,above,0–5 K,0.56009465,0.23468398,0.2052214,0.015022117,0.037717294,0.94726056
,"1,3-dimethylimidazolium dimethylphosphate",COP(=O)([O-])OC.Cn1cc[n+](C)c1,[C1MIm][DMP],methanol,CO,alcohol,methyl acetate,COC(C)=O,ester,0.702,0.039,0.259,0.035,0.012,0.953,101.325,0.1,814,328.2,5.0,above,0–5 K,0.53702456,0.2473632,0.21561225,0.015355411,0.03848871,0.9461558
,"1,3-dimethylimidazolium dimethylphosphate",COP(=O)([O-])OC.Cn1cc[n+](C)c1,[C1MIm][DMP],methanol,CO,alcohol,methyl acetate,COC(C)=O,ester,0.65,0.075,0.275,0.038,0.027,0.935,101.325,0.2,814,328.2,5.0,above,0–5 K,0.51353943,0.2601839,0.22627667,0.015900385,0.03957613,0.9445235
,"1,3-dimethylimidazolium dimethylphosphate",COP(=O)([O-])OC.Cn1cc[n+](C)c1,[C1MIm][DMP],methanol,CO,alcohol,methyl acetate,COC(C)=O,ester,0.613,0.1,0.287,0.04,0.038,0.922,101.325,0.3,814,328.2,5.0,above,0–5 K,0.48970434,0.27307138,0.23722422,0.01667172,0.040963482,0.94236475
,"1,3-dimethylimidazolium dimethylphosphate",COP(=O)([O-])OC.Cn1cc[n+](C)c1,[C1MIm][DMP],methanol,CO,alcohol,methyl acetate,COC(C)=O,ester,0.581,0.121,0.298,0.041,0.05,0.909,101.325,0.4,814,328.2,5.0,above,0–5 K,0.4666186,0.2858897,0.24749172,0.017043233,0.041835204,0.9411216
,"1,3-dimethylimidazolium dimethylphosphate",COP(=O)([O-])OC.Cn1cc[n+](C)c1,[C1MIm][DMP],methanol,CO,alcohol,methyl acetate,COC(C)=O,ester,0.542,0.147,0.311,0.043,0.066,0.891,101.325,0.5,814,328.2,5.0,above,0–5 K,0.44362336,0.29871795,0.25765866,0.017420903,0.042749118,0.93983
,"1,3-dimethylimidazolium dimethylphosphate",COP(=O)([O-])OC.Cn1cc[n+](C)c1,[C1MIm][DMP],methanol,CO,alcohol,methyl acetate,COC(C)=O,ester,0.51,0.156,0.334,0.043,0.072,0.885,101.325,0.6,814,328.2,5.0,above,0–5 K,0.42093658,0.31141967,0.26764372,0.017817657,0.043694813,0.9384875
,"1,3-dimethylimidazolium dimethylphosphate",COP(=O)([O-])OC.Cn1cc[n+](C)c1,[C1MIm][DMP],methanol,CO,alcohol,methyl acetate,COC(C)=O,ester,0.466,0.178,0.356,0.044,0.085,0.871,101.325,0.7,814,328.2,5.0,above,0–5 K,0.39857814,0.32397878,0.27744314,0.018208927,0.044658042,0.93713295
,"1,3-dimethylimidazolium dimethylphosphate",COP(=O)([O-])OC.Cn1cc[n+](C)c1,[C1MIm][DMP],methanol,CO,alcohol,methyl acetate,COC(C)=O,ester,0.428,0.193,0.379,0.047,0.093,0.86,101.325,0.8,814,328.2,5.0,above,0–5 K,0.37772775,0.3362472,0.286025,0.018274333,0.044788223,0.93693745
,"1,3-dimethylimidazolium dimethylphosphate",COP(=O)([O-])OC.Cn1cc[n+](C)c1,[C1MIm][DMP],methanol,CO,alcohol,methyl acetate,COC(C)=O,ester,0.381,0.202,0.417,0.048,0.099,0.853,101.325,0.9,814,328.2,5.0,above,0–5 K,0.3563658,0.34841028,0.29522392,0.018685777,0.045829963,0.93548423
,"1,3-dimethylimidazolium dimethylphosphate",COP(=O)([O-])OC.Cn1cc[n+](C)c1,[C1MIm][DMP],methanol,CO,alcohol,methyl acetate,COC(C)=O,ester,0.332,0.225,0.443,0.052,0.114,0.834,101.325,1.0,814,328.2,5.0,above,0–5 K,0.33554286,0.360305,0.30415216,0.01910267,0.046881687,0.9340157
no,Tetrabutylammonium,CCCC[N+](CCCC)(CCCC)CCCC,[N4444][Br],water,O,water,benzene,c1ccccc1,aromatic,0.027,0.96,0.013,0.001,0.011,0.988,101.325,0.0,839,328.15,4.949999999999989,above,0–5 K,0.20523591,0.63694996,0.15781412,0.002208318,0.023540016,0.9742517
no,Tetrabutylammonium,CCCC[N+](CCCC)(CCCC)CCCC,[N4444][Br],water,O,water,benzene,c1ccccc1,aromatic,0.043,0.924,0.033,0.004,0.013,0.983,101.325,0.16666667,839,328.15,4.949999999999989,above,0–5 K,0.17818157,0.65756345,0.16425493,0.0022829457,0.023602534,0.9741145
no,Tetrabutylammonium,CCCC[N+](CCCC)(CCCC)CCCC,[N4444][Br],water,O,water,benzene,c1ccccc1,aromatic,0.043,0.922,0.035,0.001,0.011,0.988,101.325,0.33333334,839,328.15,4.949999999999989,above,0–5 K,0.15420657,0.67561746,0.17017594,0.002362118,0.023695566,0.97394234
no,Tetrabutylammonium,CCCC[N+](CCCC)(CCCC)CCCC,[N4444][Br],water,O,water,benzene,c1ccccc1,aromatic,0.061,0.864,0.075,0.001,0.009,0.99,101.325,0.5,839,328.15,4.949999999999989,above,0–5 K,0.13320912,0.69119996,0.17559092,0.0024441732,0.02382863,0.9737273
no,Tetrabutylammonium,CCCC[N+](CCCC)(CCCC)CCCC,[N4444][Br],water,O,water,benzene,c1ccccc1,aromatic,0.07,0.829,0.101,0.0,0.01,0.99,101.325,0.6666667,839,328.15,4.949999999999989,above,0–5 K,0.11495946,0.70451885,0.1805217,0.002528521,0.023973336,0.9734981
no,Tetrabutylammonium,CCCC[N+](CCCC)(CCCC)CCCC,[N4444][Br],water,O,water,benzene,c1ccccc1,aromatic,0.092,0.716,0.192,0.001,0.009,0.99,101.325,0.8333333,839,328.15,4.949999999999989,above,0–5 K,0.0988534,0.71607405,0.18507251,0.0026198819,0.024191182,0.9731889
no,Tetrabutylammonium,CCCC[N+](CCCC)(CCCC)CCCC,[N4444][Br],water,O,water,benzene,c1ccccc1,aromatic,0.108,0.605,0.287,0.001,0.009,0.99,101.325,1.0,839,328.15,4.949999999999989,above,0–5 K,0.08495279,0.725846,0.18920124,0.0027165627,0.024455957,0.9728274
no,Tetrabutylammonium,CCCC[N+](CCCC)(CCCC)CCCC,[N4444][Br],water,O,water,benzene,c1ccccc1,aromatic,0.016,0.977,0.007,0.002,0.02,0.978,101.325,0.0,840,338.0,14.800000000000011,above,10–20 K,0.20832564,0.63365793,0.15801644,0.0021962372,0.023413308,0.97439045
no,Tetrabutylammonium,CCCC[N+](CCCC)(CCCC)CCCC,[N4444][Br],water,O,water,benzene,c1ccccc1,aromatic,0.027,0.959,0.014,0.001,0.015,0.984,101.325,0.14285715,840,338.0,14.800000000000011,above,10–20 K,0.18480533,0.6515178,0.16367683,0.0022666045,0.02356619,0.97416717
no,Tetrabutylammonium,CCCC[N+](CCCC)(CCCC)CCCC,[N4444][Br],water,O,water,benzene,c1ccccc1,aromatic,0.041,0.927,0.032,0.001,0.015,0.984,101.325,0.2857143,840,338.0,14.800000000000011,above,10–20 K,0.16361399,0.6673864,0.16899961,0.0023499744,0.023881076,0.973769
no,Tetrabutylammonium,CCCC[N+](CCCC)(CCCC)CCCC,[N4444][Br],water,O,water,benzene,c1ccccc1,aromatic,0.053,0.888,0.059,0.004,0.014,0.982,101.325,0.42857143,840,338.0,14.800000000000011,above,10–20 K,0.14436543,0.68176395,0.17387061,0.0024197618,0.02397861,0.97360164
no,Tetrabutylammonium,CCCC[N+](CCCC)(CCCC)CCCC,[N4444][Br],water,O,water,benzene,c1ccccc1,aromatic,0.063,0.852,0.085,0.002,0.015,0.983,101.325,0.5714286,840,338.0,14.800000000000011,above,10–20 K,0.12687919,0.69473016,0.17839071,0.0024609072,0.024127476,0.9734117
no,Tetrabutylammonium,CCCC[N+](CCCC)(CCCC)CCCC,[N4444][Br],water,O,water,benzene,c1ccccc1,aromatic,0.079,0.777,0.144,0.001,0.014,0.985,101.325,0.71428573,840,338.0,14.800000000000011,above,10–20 K,0.111385696,0.70604104,0.18257326,0.002519083,0.024281934,0.97319895
no,Tetrabutylammonium,CCCC[N+](CCCC)(CCCC)CCCC,[N4444][Br],water,O,water,benzene,c1ccccc1,aromatic,0.095,0.712,0.193,0.001,0.012,0.987,101.325,0.85714287,840,338.0,14.800000000000011,above,10–20 K,0.098027356,0.7155575,0.18641517,0.0026156702,0.024457557,0.9729268
no,Tetrabutylammonium,CCCC[N+](CCCC)(CCCC)CCCC,[N4444][Br],water,O,water,benzene,c1ccccc1,aromatic,0.113,0.577,0.31,0.001,0.012,0.987,101.325,1.0,840,338.0,14.800000000000011,above,10–20 K,0.08630696,0.72372746,0.1899656,0.0027336997,0.02464028,0.9726261
,1-ethyl-3-methylimidazolium tetrafluoroborate,CCn1cc[n+](C)c1.F[B-](F)(F)F,[C2MIm][BF4],water,O,water,tetrahydrofuran,C1CCOC1,ether,0.303,0.399,0.298,0.002,0.079,0.919,101.325,0.2857143,841,337.15,13.949999999999989,above,10–20 K,0.2525582,0.6082547,0.13918713,0.008480784,0.38299814,0.60852104
,1-ethyl-3-methylimidazolium tetrafluoroborate,CCn1cc[n+](C)c1.F[B-](F)(F)F,[C2MIm][BF4],water,O,water,tetrahydrofuran,C1CCOC1,ether,0.129,0.567,0.304,0.007,0.199,0.794,101.325,0.0,841,337.15,13.949999999999989,above,10–20 K,0.31905913,0.5535592,0.12738174,0.0064981948,0.34678954,0.64671224
,1-ethyl-3-methylimidazolium tetrafluoroborate,CCn1cc[n+](C)c1.F[B-](F)(F)F,[C2MIm][BF4],water,O,water,tetrahydrofuran,C1CCOC1,ether,0.378,0.316,0.306,0.002,0.053,0.945,101.325,0.42857143,841,337.15,13.949999999999989,above,10–20 K,0.20907018,0.64369696,0.14723288,0.00717356,0.39708087,0.5957456
,1-ethyl-3-methylimidazolium tetrafluoroborate,CCn1cc[n+](C)c1.F[B-](F)(F)F,[C2MIm][BF4],water,O,water,tetrahydrofuran,C1CCOC1,ether,0.174,0.53,0.296,0.005,0.139,0.856,101.325,0.14285715,841,337.15,13.949999999999989,above,10–20 K,0.2834088,0.5810955,0.13549569,0.007163601,0.36137208,0.6314643
,1-ethyl-3-methylimidazolium tetrafluoroborate,CCn1cc[n+](C)c1.F[B-](F)(F)F,[C2MIm][BF4],water,O,water,tetrahydrofuran,C1CCOC1,ether,0.549,0.117,0.334,0.002,0.031,0.967,101.325,0.71428573,841,337.15,13.949999999999989,above,10–20 K,0.16193284,0.68050486,0.15756226,0.008986361,0.4273173,0.5636964
,1-ethyl-3-methylimidazolium tetrafluoroborate,CCn1cc[n+](C)c1.F[B-](F)(F)F,[C2MIm][BF4],water,O,water,tetrahydrofuran,C1CCOC1,ether,0.492,0.18,0.328,0.002,0.042,0.956,101.325,0.5714286,841,337.15,13.949999999999989,above,10–20 K,0.18810321,0.65886015,0.15303665,0.008616879,0.41014746,0.58123565
,1-butyl-3-methylimidazolium tetrafluoroborate,CCCCn1cc[n+](C)c1.F[B-](F)(F)F,[C4MIm][BF4],water,O,water,tetrahydrofuran,C1CCOC1,ether,0.27,0.053,0.677,0.005,0.015,0.98,101.325,1.0,841,337.15,13.949999999999989,above,10–20 K,0.116396695,0.6644569,0.21914645,0.013719037,0.56811285,0.41816813
,1-butyl-3-methylimidazolium tetrafluoroborate,CCCCn1cc[n+](C)c1.F[B-](F)(F)F,[C4MIm][BF4],water,O,water,tetrahydrofuran,C1CCOC1,ether,0.192,0.126,0.682,0.01,0.046,0.944,101.325,0.85714287,841,337.15,13.949999999999989,above,10–20 K,0.13490431,0.65604883,0.20904686,0.01088882,0.55692255,0.4321886
,trihexyltetradecylphosphonium bis(trifluoromethylsulfonyl)imide,CCCCCCCCCCCCCC[P+](CCCCCC)(CCCCCC)CCCCCC.O=S(=O)([N-]S(=O)(=O)C(F)(F)F)C(F)(F)F,"[P6,6,6,14][NTf2]",n-dodecane,CCCCCCCCCCCC,alkane,water,O,water,0.823,0.0,0.177,0.0,0.0,1.0,101.325,0.0,852,348.15,24.94999999999999,above,>20 K,0.7885094,0.1464516,0.06503894,0.00092909427,0.02743055,0.9716404
,trihexyltetradecylphosphonium bis(trifluoromethylsulfonyl)imide,CCCCCCCCCCCCCC[P+](CCCCCC)(CCCCCC)CCCCCC.O=S(=O)([N-]S(=O)(=O)C(F)(F)F)C(F)(F)F,"[P6,6,6,14][NTf2]",n-dodecane,CCCCCCCCCCCC,alkane,water,O,water,0.774,0.063,0.163,0.0,0.0,1.0,101.325,0.11111111,852,348.15,24.94999999999999,above,>20 K,0.7666042,0.16195768,0.07143812,0.00095302594,0.027702836,0.9713442
,trihexyltetradecylphosphonium bis(trifluoromethylsulfonyl)imide,CCCCCCCCCCCCCC[P+](CCCCCC)(CCCCCC)CCCCCC.O=S(=O)([N-]S(=O)(=O)C(F)(F)F)C(F)(F)F,"[P6,6,6,14][NTf2]",n-dodecane,CCCCCCCCCCCC,alkane,water,O,water,0.72900003,0.12200001,0.14900002,0.0,0.0,1.0,101.325,0.22222222,852,348.15,24.94999999999999,above,>20 K,0.7432734,0.17851624,0.07821036,0.0009778198,0.027985254,0.971037
,trihexyltetradecylphosphonium bis(trifluoromethylsulfonyl)imide,CCCCCCCCCCCCCC[P+](CCCCCC)(CCCCCC)CCCCCC.O=S(=O)([N-]S(=O)(=O)C(F)(F)F)C(F)(F)F,"[P6,6,6,14][NTf2]",n-dodecane,CCCCCCCCCCCC,alkane,water,O,water,0.679,0.201,0.12,0.0,0.0,1.0,101.325,0.33333334,852,348.15,24.94999999999999,above,>20 K,0.71845,0.19617441,0.08537551,0.0010035873,0.028294848,0.9707016
,trihexyltetradecylphosphonium bis(trifluoromethylsulfonyl)imide,CCCCCCCCCCCCCC[P+](CCCCCC)(CCCCCC)CCCCCC.O=S(=O)([N-]S(=O)(=O)C(F)(F)F)C(F)(F)F,"[P6,6,6,14][NTf2]",n-dodecane,CCCCCCCCCCCC,alkane,water,O,water,0.624,0.277,0.099,0.0,0.0,1.0,101.325,0.44444445,852,348.15,24.94999999999999,above,>20 K,0.6871893,0.22374497,0.08906573,0.0003753027,0.027877599,0.9717471
,trihexyltetradecylphosphonium bis(trifluoromethylsulfonyl)imide,CCCCCCCCCCCCCC[P+](CCCCCC)(CCCCCC)CCCCCC.O=S(=O)([N-]S(=O)(=O)C(F)(F)F)C(F)(F)F,"[P6,6,6,14][NTf2]",n-dodecane,CCCCCCCCCCCC,alkane,water,O,water,0.542,0.387,0.071,0.0,0.0,1.0,101.325,0.5555556,852,348.15,24.94999999999999,above,>20 K,0.6585956,0.24458574,0.096818596,0.00038586583,0.028208375,0.9714058
,trihexyltetradecylphosphonium bis(trifluoromethylsulfonyl)imide,CCCCCCCCCCCCCC[P+](CCCCCC)(CCCCCC)CCCCCC.O=S(=O)([N-]S(=O)(=O)C(F)(F)F)C(F)(F)F,"[P6,6,6,14][NTf2]",n-dodecane,CCCCCCCCCCCC,alkane,water,O,water,0.502,0.439,0.059,0.0,0.0,1.0,101.325,0.6666667,852,348.15,24.94999999999999,above,>20 K,0.62933373,0.26383564,0.10683063,0.0006249597,0.030095056,0.96927994
,trihexyltetradecylphosphonium bis(trifluoromethylsulfonyl)imide,CCCCCCCCCCCCCC[P+](CCCCCC)(CCCCCC)CCCCCC.O=S(=O)([N-]S(=O)(=O)C(F)(F)F)C(F)(F)F,"[P6,6,6,14][NTf2]",n-dodecane,CCCCCCCCCCCC,alkane,water,O,water,0.453,0.495,0.052,0.0,0.0,1.0,101.325,0.7777778,852,348.15,24.94999999999999,above,>20 K,0.60874563,0.27310655,0.11814783,0.0015513528,0.03572802,0.9627206
,trihexyltetradecylphosphonium bis(trifluoromethylsulfonyl)imide,CCCCCCCCCCCCCC[P+](CCCCCC)(CCCCCC)CCCCCC.O=S(=O)([N-]S(=O)(=O)C(F)(F)F)C(F)(F)F,"[P6,6,6,14][NTf2]",n-dodecane,CCCCCCCCCCCC,alkane,water,O,water,0.422,0.528,0.05,0.0,0.0,1.0,101.325,0.8888889,852,348.15,24.94999999999999,above,>20 K,0.579157,0.2942915,0.12655155,0.0015932437,0.036188677,0.962218
,trihexyltetradecylphosphonium bis(trifluoromethylsulfonyl)imide,CCCCCCCCCCCCCC[P+](CCCCCC)(CCCCCC)CCCCCC.O=S(=O)([N-]S(=O)(=O)C(F)(F)F)C(F)(F)F,"[P6,6,6,14][NTf2]",n-dodecane,CCCCCCCCCCCC,alkane,water,O,water,0.282,0.671,0.047,0.0,0.0,1.0,101.325,1.0,852,348.15,24.94999999999999,above,>20 K,0.54894406,0.31599152,0.1350644,0.0016370253,0.03667797,0.9616851
