Involved in the gama database,IL (Component 1) full name,smiles1,IL abbreviation,Component 2,smiles2,Family of component 2,Component 3,smiles3,Family of component 3,Ex1,Ex2,Ex3,Rx1,Rx2,Rx3,P,t,system_id,T,pred_Ex1,pred_Ex2,pred_Ex3,pred_Rx1,pred_Rx2,pred_Rx3
,1-ethyl-3-methylimidazolium bis(trifluoromethylsulfonyl)imide,CCn1cc[n+](C)c1.O=S(=O)([N-]S(=O)(=O)C(F)(F)F)C(F)(F)F,[C2MIm][NTf2],benzene,c1ccccc1,aromatic,n-hexane,CCCCCC,alkane,0.959,0.0,0.041,0.0,0.0,1.0,101.325,0.0,2,313.15,0.7921967,0.19286199,0.0149413245,0.005819047,0.19722898,0.7969519
,1-ethyl-3-methylimidazolium bis(trifluoromethylsulfonyl)imide,CCn1cc[n+](C)c1.O=S(=O)([N-]S(=O)(=O)C(F)(F)F)C(F)(F)F,[C2MIm][NTf2],benzene,c1ccccc1,aromatic,n-hexane,CCCCCC,alkane,0.814,0.148,0.038,0.0,0.123,0.877,101.325,0.14285715,2,313.15,0.75756586,0.22542514,0.017008968,0.006414165,0.22764134,0.7659445
,1-ethyl-3-methylimidazolium bis(trifluoromethylsulfonyl)imide,CCn1cc[n+](C)c1.O=S(=O)([N-]S(=O)(=O)C(F)(F)F)C(F)(F)F,[C2MIm][NTf2],benzene,c1ccccc1,aromatic,n-hexane,CCCCCC,alkane,0.67,0.291,0.039,0.0,0.267,0.733,101.325,0.2857143,2,313.15,0.7189091,0.26196155,0.019129295,0.0068387487,0.26191467,0.73124653
,1-ethyl-3-methylimidazolium bis(trifluoromethylsulfonyl)imide,CCn1cc[n+](C)c1.O=S(=O)([N-]S(=O)(=O)C(F)(F)F)C(F)(F)F,[C2MIm][NTf2],benzene,c1ccccc1,aromatic,n-hexane,CCCCCC,alkane,0.543,0.419,0.038,0.0,0.41,0.59,101.325,0.42857143,2,313.15,0.6763346,0.30241922,0.021246172,0.007049865,0.30032584,0.6926243
,1-ethyl-3-methylimidazolium bis(trifluoromethylsulfonyl)imide,CCn1cc[n+](C)c1.O=S(=O)([N-]S(=O)(=O)C(F)(F)F)C(F)(F)F,[C2MIm][NTf2],benzene,c1ccccc1,aromatic,n-hexane,CCCCCC,alkane,0.461,0.503,0.036,0.0,0.551,0.449,101.325,0.5714286,2,313.15,0.63145614,0.34493065,0.023613209,0.0076183095,0.33998388,0.6523978
,1-ethyl-3-methylimidazolium bis(trifluoromethylsulfonyl)imide,CCn1cc[n+](C)c1.O=S(=O)([N-]S(=O)(=O)C(F)(F)F)C(F)(F)F,[C2MIm][NTf2],benzene,c1ccccc1,aromatic,n-hexane,CCCCCC,alkane,0.39,0.578,0.032,0.0,0.697,0.303,101.325,0.71428573,2,313.15,0.58422416,0.3897635,0.026012324,0.008171079,0.38199267,0.6098363
,1-ethyl-3-methylimidazolium bis(trifluoromethylsulfonyl)imide,CCn1cc[n+](C)c1.O=S(=O)([N-]S(=O)(=O)C(F)(F)F)C(F)(F)F,[C2MIm][NTf2],benzene,c1ccccc1,aromatic,n-hexane,CCCCCC,alkane,0.35200003,0.61800003,0.030000001,0.0,0.767,0.233,101.325,0.85714287,2,313.15,0.53552675,0.43621805,0.028255202,0.008443782,0.42587927,0.56567687
,1-ethyl-3-methylimidazolium bis(trifluoromethylsulfonyl)imide,CCn1cc[n+](C)c1.O=S(=O)([N-]S(=O)(=O)C(F)(F)F)C(F)(F)F,[C2MIm][NTf2],benzene,c1ccccc1,aromatic,n-hexane,CCCCCC,alkane,0.283,0.699,0.018,0.0,0.894,0.106,101.325,1.0,2,313.15,0.4862162,0.4835281,0.030255772,0.008381045,0.4709955,0.52062345
,1-ethyl-3-methylimidazolium bis(trifluoromethylsulfonyl)imide,CCn1cc[n+](C)c1.O=S(=O)([N-]S(=O)(=O)C(F)(F)F)C(F)(F)F,[C2MIm][NTf2],ethylbenzene,CCc1ccccc1,aromatic,n-octane,CCCCCCCC,alkane,0.985,0.0,0.015,0.0,0.0,1.0,101.325,0.0,6,298.15,0.8922426,0.099782676,0.007974765,0.003620383,0.27175277,0.72462684
,1-ethyl-3-methylimidazolium bis(trifluoromethylsulfonyl)imide,CCn1cc[n+](C)c1.O=S(=O)([N-]S(=O)(=O)C(F)(F)F)C(F)(F)F,[C2MIm][NTf2],ethylbenzene,CCc1ccccc1,aromatic,n-octane,CCCCCCCC,alkane,0.963,0.022,0.015,0.0,0.046,0.954,101.325,0.09090909,6,298.15,0.8794328,0.11178222,0.008784998,0.0038225432,0.29263124,0.7035462
,1-ethyl-3-methylimidazolium bis(trifluoromethylsulfonyl)imide,CCn1cc[n+](C)c1.O=S(=O)([N-]S(=O)(=O)C(F)(F)F)C(F)(F)F,[C2MIm][NTf2],ethylbenzene,CCc1ccccc1,aromatic,n-octane,CCCCCCCC,alkane,0.89400005,0.09000001,0.016000003,0.0,0.184,0.816,101.325,0.18181819,6,298.15,0.865535,0.12512954,0.009335417,0.0034934517,0.32061946,0.6758871
,1-ethyl-3-methylimidazolium bis(trifluoromethylsulfonyl)imide,CCn1cc[n+](C)c1.O=S(=O)([N-]S(=O)(=O)C(F)(F)F)C(F)(F)F,[C2MIm][NTf2],ethylbenzene,CCc1ccccc1,aromatic,n-octane,CCCCCCCC,alkane,0.838,0.141,0.021,0.002,0.282,0.716,101.325,0.27272728,6,298.15,0.84994537,0.13980332,0.0102513,0.0036712424,0.34366283,0.6526659
,1-ethyl-3-methylimidazolium bis(trifluoromethylsulfonyl)imide,CCn1cc[n+](C)c1.O=S(=O)([N-]S(=O)(=O)C(F)(F)F)C(F)(F)F,[C2MIm][NTf2],ethylbenzene,CCc1ccccc1,aromatic,n-octane,CCCCCCCC,alkane,0.772,0.209,0.019,0.0,0.442,0.558,101.325,0.36363637,6,298.15,0.8328532,0.15590613,0.01124073,0.0038493962,0.36753353,0.62861705
,1-ethyl-3-methylimidazolium bis(trifluoromethylsulfonyl)imide,CCn1cc[n+](C)c1.O=S(=O)([N-]S(=O)(=O)C(F)(F)F)C(F)(F)F,[C2MIm][NTf2],ethylbenzene,CCc1ccccc1,aromatic,n-octane,CCCCCCCC,alkane,0.726,0.252,0.022,0.0,0.529,0.471,101.325,0.45454547,6,298.15,0.81428945,0.17341705,0.012293505,0.004026684,0.39206624,0.60390705
,1-ethyl-3-methylimidazolium bis(trifluoromethylsulfonyl)imide,CCn1cc[n+](C)c1.O=S(=O)([N-]S(=O)(=O)C(F)(F)F)C(F)(F)F,[C2MIm][NTf2],ethylbenzene,CCc1ccccc1,aromatic,n-octane,CCCCCCCC,alkane,0.677,0.297,0.026,0.0,0.617,0.383,101.325,0.54545456,6,298.15,0.7953572,0.19040534,0.014237494,0.006011551,0.40730986,0.58667856
,1-ethyl-3-methylimidazolium bis(trifluoromethylsulfonyl)imide,CCn1cc[n+](C)c1.O=S(=O)([N-]S(=O)(=O)C(F)(F)F)C(F)(F)F,[C2MIm][NTf2],ethylbenzene,CCc1ccccc1,aromatic,n-octane,CCCCCCCC,alkane,0.628,0.35,0.022,0.0,0.714,0.286,101.325,0.6363636,6,298.15,0.77431464,0.21021587,0.015469479,0.0062562376,0.4321273,0.5616164
,1-ethyl-3-methylimidazolium bis(trifluoromethylsulfonyl)imide,CCn1cc[n+](C)c1.O=S(=O)([N-]S(=O)(=O)C(F)(F)F)C(F)(F)F,[C2MIm][NTf2],ethylbenzene,CCc1ccccc1,aromatic,n-octane,CCCCCCCC,alkane,0.586,0.397,0.017,0.001,0.797,0.202,101.325,0.72727275,6,298.15,0.7518415,0.2313972,0.016761338,0.006494179,0.45723996,0.5362659
,1-ethyl-3-methylimidazolium bis(trifluoromethylsulfonyl)imide,CCn1cc[n+](C)c1.O=S(=O)([N-]S(=O)(=O)C(F)(F)F)C(F)(F)F,[C2MIm][NTf2],ethylbenzene,CCc1ccccc1,aromatic,n-octane,CCCCCCCC,alkane,0.554,0.436,0.01,0.0,0.887,0.113,101.325,0.8181818,6,298.15,0.72550035,0.25687453,0.017625106,0.0054932027,0.487323,0.50718385
,1-ethyl-3-methylimidazolium bis(trifluoromethylsulfonyl)imide,CCn1cc[n+](C)c1.O=S(=O)([N-]S(=O)(=O)C(F)(F)F)C(F)(F)F,[C2MIm][NTf2],ethylbenzene,CCc1ccccc1,aromatic,n-octane,CCCCCCCC,alkane,0.501,0.492,0.007,0.0,0.95,0.05,101.325,0.90909094,6,298.15,0.6998778,0.28113258,0.018989602,0.0056704693,0.51286227,0.48146722
,1-ethyl-3-methylimidazolium bis(trifluoromethylsulfonyl)imide,CCn1cc[n+](C)c1.O=S(=O)([N-]S(=O)(=O)C(F)(F)F)C(F)(F)F,[C2MIm][NTf2],ethylbenzene,CCc1ccccc1,aromatic,n-octane,CCCCCCCC,alkane,0.49,0.51,0.0,0.0,1.0,0.0,101.325,1.0,6,298.15,0.67297316,0.30663502,0.020391831,0.00583906,0.53830695,0.455854
no,1-ethyl-3-methylpyridinium bis(trifluoromethylsulfonyl)imide,CC[n+]1cccc(C)c1.O=S(=O)([N-]S(=O)(=O)C(F)(F)F)C(F)(F)F,[C2MPy][NTf2],toluene,Cc1ccccc1,aromatic,n-heptane,CCCCCCC,alkane,0.9366,0.0305,0.0329,0.0,0.0244,0.9756,101.325,0.0,27,313.2,0.8336897,0.15754472,0.008765615,0.003777277,0.22166894,0.7745538
no,1-ethyl-3-methylpyridinium bis(trifluoromethylsulfonyl)imide,CC[n+]1cccc(C)c1.O=S(=O)([N-]S(=O)(=O)C(F)(F)F)C(F)(F)F,[C2MPy][NTf2],toluene,Cc1ccccc1,aromatic,n-heptane,CCCCCCC,alkane,0.90650004,0.059500005,0.034000006,0.0,0.0515,0.9485,101.325,0.11111111,27,313.2,0.8082126,0.18217169,0.009615769,0.0035373445,0.25432286,0.7421398
no,1-ethyl-3-methylpyridinium bis(trifluoromethylsulfonyl)imide,CC[n+]1cccc(C)c1.O=S(=O)([N-]S(=O)(=O)C(F)(F)F)C(F)(F)F,[C2MPy][NTf2],toluene,Cc1ccccc1,aromatic,n-heptane,CCCCCCC,alkane,0.8434,0.1243,0.0323,0.0,0.1131,0.8869,101.325,0.22222222,27,313.2,0.7815652,0.20773426,0.010700579,0.0038011083,0.28338334,0.7128156
no,1-ethyl-3-methylpyridinium bis(trifluoromethylsulfonyl)imide,CC[n+]1cccc(C)c1.O=S(=O)([N-]S(=O)(=O)C(F)(F)F)C(F)(F)F,[C2MPy][NTf2],toluene,Cc1ccccc1,aromatic,n-heptane,CCCCCCC,alkane,0.7962,0.1724,0.0314,0.0,0.1537,0.8463,101.325,0.33333334,27,313.2,0.7525184,0.23562986,0.011851756,0.0040659434,0.31420636,0.6817277
no,1-ethyl-3-methylpyridinium bis(trifluoromethylsulfonyl)imide,CC[n+]1cccc(C)c1.O=S(=O)([N-]S(=O)(=O)C(F)(F)F)C(F)(F)F,[C2MPy][NTf2],toluene,Cc1ccccc1,aromatic,n-heptane,CCCCCCC,alkane,0.75780004,0.21110001,0.031100001,0.0,0.2081,0.7919,101.325,0.44444445,27,313.2,0.72100216,0.26597494,0.01302289,0.0043042405,0.34912425,0.6465715
no,1-ethyl-3-methylpyridinium bis(trifluoromethylsulfonyl)imide,CC[n+]1cccc(C)c1.O=S(=O)([N-]S(=O)(=O)C(F)(F)F)C(F)(F)F,[C2MPy][NTf2],toluene,Cc1ccccc1,aromatic,n-heptane,CCCCCCC,alkane,0.6931,0.2701,0.0368,0.0,0.2515,0.7485,101.325,0.5555556,27,313.2,0.6869483,0.2987671,0.014284601,0.004559771,0.3834677,0.6119725
no,1-ethyl-3-methylpyridinium bis(trifluoromethylsulfonyl)imide,CC[n+]1cccc(C)c1.O=S(=O)([N-]S(=O)(=O)C(F)(F)F)C(F)(F)F,[C2MPy][NTf2],toluene,Cc1ccccc1,aromatic,n-heptane,CCCCCCC,alkane,0.6709,0.2992,0.0299,0.0,0.3353,0.6647,101.325,0.6666667,27,313.2,0.65103143,0.333398,0.015570546,0.004803009,0.4187983,0.57639873
no,1-ethyl-3-methylpyridinium bis(trifluoromethylsulfonyl)imide,CC[n+]1cccc(C)c1.O=S(=O)([N-]S(=O)(=O)C(F)(F)F)C(F)(F)F,[C2MPy][NTf2],toluene,Cc1ccccc1,aromatic,n-heptane,CCCCCCC,alkane,0.5856,0.3801,0.0343,0.0,0.4072,0.5928,101.325,0.7777778,27,313.2,0.6022228,0.3805744,0.017202841,0.0050653014,0.4586145,0.5363202
no,1-ethyl-3-methylpyridinium bis(trifluoromethylsulfonyl)imide,CC[n+]1cccc(C)c1.O=S(=O)([N-]S(=O)(=O)C(F)(F)F)C(F)(F)F,[C2MPy][NTf2],toluene,Cc1ccccc1,aromatic,n-heptane,CCCCCCC,alkane,0.4897,0.4745,0.0358,0.0,0.544,0.456,101.325,0.8888889,27,313.2,0.5576802,0.42369398,0.01862584,0.0052499557,0.49681485,0.4979352
no,1-ethyl-3-methylpyridinium bis(trifluoromethylsulfonyl)imide,CC[n+]1cccc(C)c1.O=S(=O)([N-]S(=O)(=O)C(F)(F)F)C(F)(F)F,[C2MPy][NTf2],toluene,Cc1ccccc1,aromatic,n-heptane,CCCCCCC,alkane,0.3941,0.5693,0.0366,0.0,0.6422,0.3578,101.325,1.0,27,313.2,0.51732105,0.46279705,0.019881876,0.005436529,0.5338088,0.46075463
,1-butyl-4-methylpyridinium bis(trifluoromethylsulfonyl)imide,CCCC[n+]1ccc(C)cc1.O=S(=O)([N-]S(=O)(=O)C(F)(F)F)C(F)(F)F,[C4MPy][NTf2],toluene,Cc1ccccc1,aromatic,n-heptane,CCCCCCC,alkane,0.8887,0.0339,0.0774,0.0,0.0186,0.9814,101.325,0.0,31,313.2,0.7711131,0.21338858,0.015498374,0.0056351623,0.24452554,0.7498393
,1-butyl-4-methylpyridinium bis(trifluoromethylsulfonyl)imide,CCCC[n+]1ccc(C)cc1.O=S(=O)([N-]S(=O)(=O)C(F)(F)F)C(F)(F)F,[C4MPy][NTf2],toluene,Cc1ccccc1,aromatic,n-heptane,CCCCCCC,alkane,0.86560005,0.06880001,0.06560001,0.0,0.0399,0.9601,101.325,0.09090909,31,313.2,0.7442677,0.23846047,0.017271843,0.006761616,0.27148077,0.7217576
,1-butyl-4-methylpyridinium bis(trifluoromethylsulfonyl)imide,CCCC[n+]1ccc(C)cc1.O=S(=O)([N-]S(=O)(=O)C(F)(F)F)C(F)(F)F,[C4MPy][NTf2],toluene,Cc1ccccc1,aromatic,n-heptane,CCCCCCC,alkane,0.7934,0.1366,0.07,0.0,0.0903,0.9097,101.325,0.18181819,31,313.2,0.7189663,0.26238382,0.018649826,0.0071434006,0.2951187,0.69773793
,1-butyl-4-methylpyridinium bis(trifluoromethylsulfonyl)imide,CCCC[n+]1ccc(C)cc1.O=S(=O)([N-]S(=O)(=O)C(F)(F)F)C(F)(F)F,[C4MPy][NTf2],toluene,Cc1ccccc1,aromatic,n-heptane,CCCCCCC,alkane,0.7346,0.1969,0.0685,0.0,0.1291,0.8709,101.325,0.27272728,31,313.2,0.69936645,0.2811475,0.01948607,0.007266753,0.3235235,0.66920984
,1-butyl-4-methylpyridinium bis(trifluoromethylsulfonyl)imide,CCCC[n+]1ccc(C)cc1.O=S(=O)([N-]S(=O)(=O)C(F)(F)F)C(F)(F)F,[C4MPy][NTf2],toluene,Cc1ccccc1,aromatic,n-heptane,CCCCCCC,alkane,0.6908,0.2412,0.068,0.0,0.175,0.825,101.325,0.36363637,31,313.2,0.67668074,0.30276948,0.020549752,0.007401628,0.3502911,0.64230734
,1-butyl-4-methylpyridinium bis(trifluoromethylsulfonyl)imide,CCCC[n+]1ccc(C)cc1.O=S(=O)([N-]S(=O)(=O)C(F)(F)F)C(F)(F)F,[C4MPy][NTf2],toluene,Cc1ccccc1,aromatic,n-heptane,CCCCCCC,alkane,0.6478,0.2873,0.0649,0.0,0.2205,0.7795,101.325,0.45454547,31,313.2,0.6481226,0.3298805,0.02199684,0.0077448315,0.376818,0.61543715
,1-butyl-4-methylpyridinium bis(trifluoromethylsulfonyl)imide,CCCC[n+]1ccc(C)cc1.O=S(=O)([N-]S(=O)(=O)C(F)(F)F)C(F)(F)F,[C4MPy][NTf2],toluene,Cc1ccccc1,aromatic,n-heptane,CCCCCCC,alkane,0.5992,0.3388,0.062,0.0,0.2775,0.7225,101.325,0.54545456,31,313.2,0.6239557,0.35237983,0.023664458,0.008582923,0.391649,0.59976804
,1-butyl-4-methylpyridinium bis(trifluoromethylsulfonyl)imide,CCCC[n+]1ccc(C)cc1.O=S(=O)([N-]S(=O)(=O)C(F)(F)F)C(F)(F)F,[C4MPy][NTf2],toluene,Cc1ccccc1,aromatic,n-heptane,CCCCCCC,alkane,0.5248,0.4057,0.0695,0.0,0.3756,0.6244,101.325,0.6363636,31,313.2,0.6128217,0.36198407,0.02519419,0.009762224,0.39303833,0.59719944
,1-butyl-4-methylpyridinium bis(trifluoromethylsulfonyl)imide,CCCC[n+]1ccc(C)cc1.O=S(=O)([N-]S(=O)(=O)C(F)(F)F)C(F)(F)F,[C4MPy][NTf2],toluene,Cc1ccccc1,aromatic,n-heptane,CCCCCCC,alkane,0.41180003,0.52190006,0.066300005,0.0,0.4941,0.5059,101.325,0.72727275,31,313.2,0.5826848,0.39058647,0.026728759,0.010151723,0.4204045,0.5694438
,1-butyl-4-methylpyridinium bis(trifluoromethylsulfonyl)imide,CCCC[n+]1ccc(C)cc1.O=S(=O)([N-]S(=O)(=O)C(F)(F)F)C(F)(F)F,[C4MPy][NTf2],toluene,Cc1ccccc1,aromatic,n-heptane,CCCCCCC,alkane,0.3268,0.6056,0.0676,0.0,0.6068,0.3932,101.325,0.8181818,31,313.2,0.54366827,0.42834452,0.027987251,0.009394119,0.45804012,0.5325657
,1-butyl-4-methylpyridinium bis(trifluoromethylsulfonyl)imide,CCCC[n+]1ccc(C)cc1.O=S(=O)([N-]S(=O)(=O)C(F)(F)F)C(F)(F)F,[C4MPy][NTf2],toluene,Cc1ccccc1,aromatic,n-heptane,CCCCCCC,alkane,0.2778,0.6715,0.0507,0.0,0.7237,0.2763,101.325,0.90909094,31,313.2,0.5016516,0.46984115,0.02850728,0.007500338,0.5033948,0.48910493
,1-butyl-4-methylpyridinium bis(trifluoromethylsulfonyl)imide,CCCC[n+]1ccc(C)cc1.O=S(=O)([N-]S(=O)(=O)C(F)(F)F)C(F)(F)F,[C4MPy][NTf2],toluene,Cc1ccccc1,aromatic,n-heptane,CCCCCCC,alkane,0.2683,0.6866,0.0451,0.0,0.8059,0.1941,101.325,1.0,31,313.2,0.46983445,0.5003198,0.029845791,0.007706694,0.53209186,0.46020144
,1-benzyl-3-methylimidazolium bis(trifluoromethylsulfonyl)imide,C[n+]1ccn(Cc2ccccc2)c1.O=S(=O)([N-]S(=O)(=O)C(F)(F)F)C(F)(F)F,[BzMIM][NTf2],benzene,c1ccccc1,aromatic,n-hexane,CCCCCC,alkane,0.826,0.105,0.069,0.0,0.047,0.953,101.325,0.0,34,298.2,0.72420543,0.26094937,0.014845226,0.0048968038,0.25976357,0.73533964
,1-benzyl-3-methylimidazolium bis(trifluoromethylsulfonyl)imide,C[n+]1ccn(Cc2ccccc2)c1.O=S(=O)([N-]S(=O)(=O)C(F)(F)F)C(F)(F)F,[BzMIM][NTf2],benzene,c1ccccc1,aromatic,n-hexane,CCCCCC,alkane,0.751,0.189,0.06,0.0,0.114,0.886,101.325,0.125,34,298.2,0.69065547,0.29283455,0.016510006,0.0054459753,0.2858928,0.70866126
,1-benzyl-3-methylimidazolium bis(trifluoromethylsulfonyl)imide,C[n+]1ccn(Cc2ccccc2)c1.O=S(=O)([N-]S(=O)(=O)C(F)(F)F)C(F)(F)F,[BzMIM][NTf2],benzene,c1ccccc1,aromatic,n-hexane,CCCCCC,alkane,0.673,0.273,0.054,0.0,0.186,0.814,101.325,0.25,34,298.2,0.66225606,0.3195703,0.018173633,0.0060640043,0.3051599,0.6887761
,1-benzyl-3-methylimidazolium bis(trifluoromethylsulfonyl)imide,C[n+]1ccn(Cc2ccccc2)c1.O=S(=O)([N-]S(=O)(=O)C(F)(F)F)C(F)(F)F,[BzMIM][NTf2],benzene,c1ccccc1,aromatic,n-hexane,CCCCCC,alkane,0.608,0.336,0.056,0.0,0.246,0.754,101.325,0.375,34,298.2,0.6218902,0.35821587,0.019893965,0.006491032,0.34149286,0.6520161
,1-benzyl-3-methylimidazolium bis(trifluoromethylsulfonyl)imide,C[n+]1ccn(Cc2ccccc2)c1.O=S(=O)([N-]S(=O)(=O)C(F)(F)F)C(F)(F)F,[BzMIM][NTf2],benzene,c1ccccc1,aromatic,n-hexane,CCCCCC,alkane,0.536,0.412,0.052,0.0,0.342,0.658,101.325,0.5,34,298.2,0.58055687,0.3976237,0.021819506,0.0072994553,0.3787152,0.61398536
,1-benzyl-3-methylimidazolium bis(trifluoromethylsulfonyl)imide,C[n+]1ccn(Cc2ccccc2)c1.O=S(=O)([N-]S(=O)(=O)C(F)(F)F)C(F)(F)F,[BzMIM][NTf2],benzene,c1ccccc1,aromatic,n-hexane,CCCCCC,alkane,0.462,0.488,0.05,0.0,0.445,0.555,101.325,0.625,34,298.2,0.539761,0.43628335,0.023955632,0.008615769,0.4155767,0.5758076
,1-benzyl-3-methylimidazolium bis(trifluoromethylsulfonyl)imide,C[n+]1ccn(Cc2ccccc2)c1.O=S(=O)([N-]S(=O)(=O)C(F)(F)F)C(F)(F)F,[BzMIM][NTf2],benzene,c1ccccc1,aromatic,n-hexane,CCCCCC,alkane,0.40500003,0.54800004,0.047000002,0.0,0.536,0.464,101.325,0.75,34,298.2,0.49668562,0.47767502,0.025639392,0.009041661,0.45580393,0.5351544
,1-benzyl-3-methylimidazolium bis(trifluoromethylsulfonyl)imide,C[n+]1ccn(Cc2ccccc2)c1.O=S(=O)([N-]S(=O)(=O)C(F)(F)F)C(F)(F)F,[BzMIM][NTf2],benzene,c1ccccc1,aromatic,n-hexane,CCCCCC,alkane,0.331,0.624,0.045,0.0,0.66,0.34,101.325,0.875,34,298.2,0.4518556,0.52109075,0.02705372,0.009366824,0.49485067,0.4957825
,1-benzyl-3-methylimidazolium bis(trifluoromethylsulfonyl)imide,C[n+]1ccn(Cc2ccccc2)c1.O=S(=O)([N-]S(=O)(=O)C(F)(F)F)C(F)(F)F,[BzMIM][NTf2],benzene,c1ccccc1,aromatic,n-hexane,CCCCCC,alkane,0.249,0.713,0.038,0.0,0.817,0.183,101.325,1.0,34,298.2,0.40728036,0.56464124,0.028078413,0.00955333,0.53125304,0.45919362
no,"1,2-dimethyl-3-propylimidazolium bis(trifluoromethylsulfonyl)imide",CCCn1cc[n+](C)c1C.O=S(=O)([N-]S(=O)(=O)C(F)(F)F)C(F)(F)F,[C3MMIm][NTf2],toluene,Cc1ccccc1,aromatic,n-heptane,CCCCCCC,alkane,0.9705,0.0,0.0295,0.0,0.0,1.0,101.325,0.0,50,313.2,0.84309477,0.14684364,0.010061647,0.004841264,0.25826034,0.7368984
no,"1,2-dimethyl-3-propylimidazolium bis(trifluoromethylsulfonyl)imide",CCCn1cc[n+](C)c1C.O=S(=O)([N-]S(=O)(=O)C(F)(F)F)C(F)(F)F,[C3MMIm][NTf2],toluene,Cc1ccccc1,aromatic,n-heptane,CCCCCCC,alkane,0.9328,0.0297,0.0375,0.0,0.026,0.974,101.325,0.1,50,313.2,0.8236037,0.16528882,0.011107432,0.005151639,0.28286394,0.7119844
no,"1,2-dimethyl-3-propylimidazolium bis(trifluoromethylsulfonyl)imide",CCCn1cc[n+](C)c1C.O=S(=O)([N-]S(=O)(=O)C(F)(F)F)C(F)(F)F,[C3MMIm][NTf2],toluene,Cc1ccccc1,aromatic,n-heptane,CCCCCCC,alkane,0.9129,0.0558,0.0313,0.0,0.0555,0.9445,101.325,0.2,50,313.2,0.80516726,0.18285955,0.011973199,0.005151042,0.31015602,0.68469286
no,"1,2-dimethyl-3-propylimidazolium bis(trifluoromethylsulfonyl)imide",CCCn1cc[n+](C)c1C.O=S(=O)([N-]S(=O)(=O)C(F)(F)F)C(F)(F)F,[C3MMIm][NTf2],toluene,Cc1ccccc1,aromatic,n-heptane,CCCCCCC,alkane,0.8574,0.1125,0.0301,0.0,0.1187,0.8813,101.325,0.3,50,313.2,0.7835725,0.20340854,0.013018953,0.0052795517,0.33822238,0.6564981
no,"1,2-dimethyl-3-propylimidazolium bis(trifluoromethylsulfonyl)imide",CCCn1cc[n+](C)c1C.O=S(=O)([N-]S(=O)(=O)C(F)(F)F)C(F)(F)F,[C3MMIm][NTf2],toluene,Cc1ccccc1,aromatic,n-heptane,CCCCCCC,alkane,0.7936,0.1768,0.0296,0.0,0.2014,0.7986,101.325,0.4,50,313.2,0.7585908,0.22714445,0.01426468,0.0055641336,0.3668333,0.62760264
no,"1,2-dimethyl-3-propylimidazolium bis(trifluoromethylsulfonyl)imide",CCCn1cc[n+](C)c1C.O=S(=O)([N-]S(=O)(=O)C(F)(F)F)C(F)(F)F,[C3MMIm][NTf2],toluene,Cc1ccccc1,aromatic,n-heptane,CCCCCCC,alkane,0.7048,0.2646,0.0306,0.0,0.3202,0.6798,101.325,0.5,50,313.2,0.7306265,0.25407165,0.0153017705,0.0054178922,0.39970642,0.59487563
no,"1,2-dimethyl-3-propylimidazolium bis(trifluoromethylsulfonyl)imide",CCCn1cc[n+](C)c1C.O=S(=O)([N-]S(=O)(=O)C(F)(F)F)C(F)(F)F,[C3MMIm][NTf2],toluene,Cc1ccccc1,aromatic,n-heptane,CCCCCCC,alkane,0.646,0.3284,0.0256,0.0,0.4196,0.5804,101.325,0.6,50,313.2,0.6997898,0.2841971,0.016013082,0.004843783,0.43733388,0.55782235
no,"1,2-dimethyl-3-propylimidazolium bis(trifluoromethylsulfonyl)imide",CCCn1cc[n+](C)c1C.O=S(=O)([N-]S(=O)(=O)C(F)(F)F)C(F)(F)F,[C3MMIm][NTf2],toluene,Cc1ccccc1,aromatic,n-heptane,CCCCCCC,alkane,0.59590006,0.37870002,0.025400002,0.0,0.5002,0.4998,101.325,0.7,50,313.2,0.6689377,0.31371832,0.017344005,0.0050454335,0.46869665,0.52625793
no,"1,2-dimethyl-3-propylimidazolium bis(trifluoromethylsulfonyl)imide",CCCn1cc[n+](C)c1C.O=S(=O)([N-]S(=O)(=O)C(F)(F)F)C(F)(F)F,[C3MMIm][NTf2],toluene,Cc1ccccc1,aromatic,n-heptane,CCCCCCC,alkane,0.541,0.4346,0.0244,0.0,0.608,0.392,101.325,0.8,50,313.2,0.636663,0.344641,0.018696038,0.005231632,0.5001823,0.4945861
no,"1,2-dimethyl-3-propylimidazolium bis(trifluoromethylsulfonyl)imide",CCCn1cc[n+](C)c1C.O=S(=O)([N-]S(=O)(=O)C(F)(F)F)C(F)(F)F,[C3MMIm][NTf2],toluene,Cc1ccccc1,aromatic,n-heptane,CCCCCCC,alkane,0.4695,0.5086,0.0219,0.0,0.7244,0.2756,101.325,0.9,50,313.2,0.6054825,0.37352493,0.020992504,0.0065143486,0.5213512,0.47213444
no,"1,2-dimethyl-3-propylimidazolium bis(trifluoromethylsulfonyl)imide",CCCn1cc[n+](C)c1C.O=S(=O)([N-]S(=O)(=O)C(F)(F)F)C(F)(F)F,[C3MMIm][NTf2],toluene,Cc1ccccc1,aromatic,n-heptane,CCCCCCC,alkane,0.4274,0.5522,0.0204,0.0,0.8314,0.1686,101.325,1.0,50,313.2,0.5741396,0.4029733,0.022887118,0.0073157665,0.54654264,0.4461416
no,1-butyl-4-methylpyridinium tetrafluoroborate,CCCC[n+]1ccc(C)cc1.F[B-](F)(F)F,[C4MPy][BF4],n-propylbenzene,CCCc1ccccc1,aromatic,n-dodecane,CCCCCCCCCCCC,alkane,0.9592,0.0356,0.0052,0.0,0.1079,0.8921,101.325,0.0,92,323.0,0.94517493,0.04986697,0.004958106,0.0029589906,0.29255417,0.70448685
no,1-butyl-4-methylpyridinium tetrafluoroborate,CCCC[n+]1ccc(C)cc1.F[B-](F)(F)F,[C4MPy][BF4],n-propylbenzene,CCCc1ccccc1,aromatic,n-dodecane,CCCCCCCCCCCC,alkane,0.9285,0.066,0.0055,0.0,0.1963,0.8037,101.325,0.11111111,92,323.0,0.93710274,0.05722112,0.0056761773,0.003332559,0.3191577,0.6775097
no,1-butyl-4-methylpyridinium tetrafluoroborate,CCCC[n+]1ccc(C)cc1.F[B-](F)(F)F,[C4MPy][BF4],n-propylbenzene,CCCc1ccccc1,aromatic,n-dodecane,CCCCCCCCCCCC,alkane,0.9001,0.094,0.0059,0.0,0.2691,0.7309,101.325,0.22222222,92,323.0,0.928008,0.06555696,0.006434962,0.003635161,0.34452835,0.65183645
no,1-butyl-4-methylpyridinium tetrafluoroborate,CCCC[n+]1ccc(C)cc1.F[B-](F)(F)F,[C4MPy][BF4],n-propylbenzene,CCCc1ccccc1,aromatic,n-dodecane,CCCCCCCCCCCC,alkane,0.8748,0.1191,0.0061,0.0,0.3303,0.6697,101.325,0.33333334,92,323.0,0.91751045,0.0752448,0.0072447374,0.0038434376,0.36931628,0.62684035
no,1-butyl-4-methylpyridinium tetrafluoroborate,CCCC[n+]1ccc(C)cc1.F[B-](F)(F)F,[C4MPy][BF4],n-propylbenzene,CCCc1ccccc1,aromatic,n-dodecane,CCCCCCCCCCCC,alkane,0.85190004,0.14180002,0.0063000005,0.0,0.3825,0.6175,101.325,0.44444445,92,323.0,0.9057973,0.08621975,0.007982868,0.0036407392,0.39817014,0.5981892
no,1-butyl-4-methylpyridinium tetrafluoroborate,CCCC[n+]1ccc(C)cc1.F[B-](F)(F)F,[C4MPy][BF4],n-propylbenzene,CCCc1ccccc1,aromatic,n-dodecane,CCCCCCCCCCCC,alkane,0.82820004,0.16510001,0.0067000003,0.0,0.4266,0.5734,101.325,0.5555556,92,323.0,0.89253026,0.098601975,0.008867697,0.0036186583,0.42618722,0.5701941
no,1-butyl-4-methylpyridinium tetrafluoroborate,CCCC[n+]1ccc(C)cc1.F[B-](F)(F)F,[C4MPy][BF4],n-propylbenzene,CCCc1ccccc1,aromatic,n-dodecane,CCCCCCCCCCCC,alkane,0.8067,0.1863,0.007,0.0,0.4651,0.5349,101.325,0.6666667,92,323.0,0.8773706,0.112690955,0.009938441,0.0037922226,0.4533116,0.54289615
no,1-butyl-4-methylpyridinium tetrafluoroborate,CCCC[n+]1ccc(C)cc1.F[B-](F)(F)F,[C4MPy][BF4],n-propylbenzene,CCCc1ccccc1,aromatic,n-dodecane,CCCCCCCCCCCC,alkane,0.78410006,0.20850001,0.0074000005,0.0,0.4982,0.5018,101.325,0.7777778,92,323.0,0.86018,0.12865125,0.011168753,0.0040186285,0.48087868,0.5151026
no,1-butyl-4-methylpyridinium tetrafluoroborate,CCCC[n+]1ccc(C)cc1.F[B-](F)(F)F,[C4MPy][BF4],n-propylbenzene,CCCc1ccccc1,aromatic,n-dodecane,CCCCCCCCCCCC,alkane,0.7566,0.2355,0.0079,0.0,0.557,0.443,101.325,0.8888889,92,323.0,0.8412103,0.14630435,0.012485369,0.0042162337,0.5083516,0.48743212
no,1-butyl-4-methylpyridinium tetrafluoroborate,CCCC[n+]1ccc(C)cc1.F[B-](F)(F)F,[C4MPy][BF4],n-propylbenzene,CCCc1ccccc1,aromatic,n-dodecane,CCCCCCCCCCCC,alkane,0.73270005,0.25910002,0.008200001,0.0,0.6038,0.3962,101.325,1.0,92,323.0,0.82028097,0.1658378,0.013881272,0.004378012,0.535862,0.45975995
no,1-butyl-4-methylpyridinium tetrafluoroborate,CCCC[n+]1ccc(C)cc1.F[B-](F)(F)F,[C4MPy][BF4],n-propylbenzene,CCCc1ccccc1,aromatic,n-hexadecane,CCCCCCCCCCCCCCCC,alkane,0.96330005,0.034700003,0.0020000003,0.0,0.1388,0.8612,101.325,0.0,97,313.0,0.9455078,0.0498528,0.004639382,0.0025099535,0.29447103,0.7030191
no,1-butyl-4-methylpyridinium tetrafluoroborate,CCCC[n+]1ccc(C)cc1.F[B-](F)(F)F,[C4MPy][BF4],n-propylbenzene,CCCc1ccccc1,aromatic,n-hexadecane,CCCCCCCCCCCCCCCC,alkane,0.93410003,0.06380001,0.0021000002,0.0,0.2458,0.7542,101.325,0.11111111,97,313.0,0.9372442,0.057522293,0.005233556,0.0026476176,0.31851247,0.67884
no,1-butyl-4-methylpyridinium tetrafluoroborate,CCCC[n+]1ccc(C)cc1.F[B-](F)(F)F,[C4MPy][BF4],n-propylbenzene,CCCc1ccccc1,aromatic,n-hexadecane,CCCCCCCCCCCCCCCC,alkane,0.9095,0.0883,0.0022,0.0,0.3307,0.6693,101.325,0.22222222,97,313.0,0.92770135,0.066382214,0.005916352,0.0028097553,0.34361273,0.65357745
no,1-butyl-4-methylpyridinium tetrafluoroborate,CCCC[n+]1ccc(C)cc1.F[B-](F)(F)F,[C4MPy][BF4],n-propylbenzene,CCCc1ccccc1,aromatic,n-hexadecane,CCCCCCCCCCCCCCCC,alkane,0.889,0.1087,0.0023,0.0,0.3997,0.6003,101.325,0.33333334,97,313.0,0.916891,0.076449126,0.006659841,0.0029260041,0.36958236,0.62749165
no,1-butyl-4-methylpyridinium tetrafluoroborate,CCCC[n+]1ccc(C)cc1.F[B-](F)(F)F,[C4MPy][BF4],n-propylbenzene,CCCc1ccccc1,aromatic,n-hexadecane,CCCCCCCCCCCCCCCC,alkane,0.8657,0.1319,0.0024,0.0,0.4544,0.5456,101.325,0.44444445,97,313.0,0.90468156,0.08786004,0.007458492,0.0029889634,0.39636782,0.6006432
no,1-butyl-4-methylpyridinium tetrafluoroborate,CCCC[n+]1ccc(C)cc1.F[B-](F)(F)F,[C4MPy][BF4],n-propylbenzene,CCCc1ccccc1,aromatic,n-hexadecane,CCCCCCCCCCCCCCCC,alkane,0.8452,0.1524,0.0024,0.0,0.5005,0.4995,101.325,0.5555556,97,313.0,0.8906868,0.10091577,0.008397382,0.00314581,0.42397574,0.5728785
no,1-butyl-4-methylpyridinium tetrafluoroborate,CCCC[n+]1ccc(C)cc1.F[B-](F)(F)F,[C4MPy][BF4],n-propylbenzene,CCCc1ccccc1,aromatic,n-hexadecane,CCCCCCCCCCCCCCCC,alkane,0.8282,0.1693,0.0025,0.0,0.5402,0.4598,101.325,0.6666667,97,313.0,0.87502486,0.11555025,0.009424815,0.003299759,0.4519808,0.54471946
no,1-butyl-4-methylpyridinium tetrafluoroborate,CCCC[n+]1ccc(C)cc1.F[B-](F)(F)F,[C4MPy][BF4],n-propylbenzene,CCCc1ccccc1,aromatic,n-hexadecane,CCCCCCCCCCCCCCCC,alkane,0.80990005,0.18740001,0.0027000003,0.0,0.5736,0.4264,101.325,0.7777778,97,313.0,0.85593385,0.13274358,0.011322543,0.004846578,0.4715519,0.5236015
no,1-butyl-4-methylpyridinium tetrafluoroborate,CCCC[n+]1ccc(C)cc1.F[B-](F)(F)F,[C4MPy][BF4],n-propylbenzene,CCCc1ccccc1,aromatic,n-hexadecane,CCCCCCCCCCCCCCCC,alkane,0.778,0.2193,0.0027,0.0,0.6281,0.3719,101.325,0.8888889,97,313.0,0.83673304,0.15065716,0.012609784,0.0050521474,0.49914292,0.49580497
no,1-butyl-4-methylpyridinium tetrafluoroborate,CCCC[n+]1ccc(C)cc1.F[B-](F)(F)F,[C4MPy][BF4],n-propylbenzene,CCCc1ccccc1,aromatic,n-hexadecane,CCCCCCCCCCCCCCCC,alkane,0.757,0.2402,0.0028,0.0,0.6718,0.3282,101.325,1.0,97,313.0,0.815446,0.1705454,0.014008584,0.0052520735,0.52681667,0.4679313
,1-butyl-1-methylpyrrolidinium dicyanamide,CCCC[N+]1(C)CCCC1.N#CN=C=[N-],[C4MPyr][N(CN)2],benzene,c1ccccc1,aromatic,n-dodecane,CCCCCCCCCCCC,alkane,0.948,0.051,0.001,0.0,0.046,0.954,101.325,0.0,131,298.15,0.829698,0.15933064,0.010971353,0.003974789,0.23830473,0.7577205
,1-butyl-1-methylpyrrolidinium dicyanamide,CCCC[N+]1(C)CCCC1.N#CN=C=[N-],[C4MPyr][N(CN)2],benzene,c1ccccc1,aromatic,n-dodecane,CCCCCCCCCCCC,alkane,0.91,0.089,0.001,0.0,0.09,0.91,101.325,0.125,131,298.15,0.80355823,0.18405463,0.012387132,0.0043019205,0.26671958,0.7289785
,1-butyl-1-methylpyrrolidinium dicyanamide,CCCC[N+]1(C)CCCC1.N#CN=C=[N-],[C4MPyr][N(CN)2],benzene,c1ccccc1,aromatic,n-dodecane,CCCCCCCCCCCC,alkane,0.85,0.149,0.001,0.0,0.193,0.807,101.325,0.25,131,298.15,0.7745163,0.21156737,0.013916398,0.0046342504,0.29724455,0.69812125
,1-butyl-1-methylpyrrolidinium dicyanamide,CCCC[N+]1(C)CCCC1.N#CN=C=[N-],[C4MPyr][N(CN)2],benzene,c1ccccc1,aromatic,n-dodecane,CCCCCCCCCCCC,alkane,0.778,0.221,0.001,0.0,0.298,0.702,101.325,0.375,131,298.15,0.7426737,0.2417741,0.015552159,0.0049699554,0.32963705,0.665393
,1-butyl-1-methylpyrrolidinium dicyanamide,CCCC[N+]1(C)CCCC1.N#CN=C=[N-],[C4MPyr][N(CN)2],benzene,c1ccccc1,aromatic,n-dodecane,CCCCCCCCCCCC,alkane,0.662,0.337,0.001,0.0,0.41,0.59,101.325,0.5,131,298.15,0.7063841,0.27629018,0.017325666,0.0052269474,0.36240524,0.6323678
,1-butyl-1-methylpyrrolidinium dicyanamide,CCCC[N+]1(C)CCCC1.N#CN=C=[N-],[C4MPyr][N(CN)2],benzene,c1ccccc1,aromatic,n-dodecane,CCCCCCCCCCCC,alkane,0.582,0.416,0.002,0.0,0.573,0.427,101.325,0.625,131,298.15,0.6689317,0.31193826,0.01912998,0.005548431,0.39816618,0.59628534
,1-butyl-1-methylpyrrolidinium dicyanamide,CCCC[N+]1(C)CCCC1.N#CN=C=[N-],[C4MPyr][N(CN)2],benzene,c1ccccc1,aromatic,n-dodecane,CCCCCCCCCCCC,alkane,0.474,0.524,0.002,0.0,0.678,0.322,101.325,0.75,131,298.15,0.624452,0.35312366,0.022424383,0.007802077,0.4232939,0.5689041
,1-butyl-1-methylpyrrolidinium dicyanamide,CCCC[N+]1(C)CCCC1.N#CN=C=[N-],[C4MPyr][N(CN)2],benzene,c1ccccc1,aromatic,n-dodecane,CCCCCCCCCCCC,alkane,0.407,0.592,0.001,0.0,0.787,0.213,101.325,0.875,131,298.15,0.5838025,0.39184386,0.024353644,0.008188005,0.4603856,0.53142637
,1-butyl-1-methylpyrrolidinium dicyanamide,CCCC[N+]1(C)CCCC1.N#CN=C=[N-],[C4MPyr][N(CN)2],benzene,c1ccccc1,aromatic,n-dodecane,CCCCCCCCCCCC,alkane,0.33900002,0.65900004,0.0020000003,0.0,0.927,0.073,101.325,1.0,131,298.15,0.54208535,0.43164963,0.02626501,0.008546664,0.49778217,0.49367115
,1-methyl-3-octyl-imidazolium thiocyanate,CCCCCCCCn1cc[n+](C)c1.N#C[S-],[C8MIm][SCN],ethylbenzene,CCc1ccccc1,aromatic,n-heptane,CCCCCCC,alkane,0.493,0.446,0.061,0.0,0.726,0.274,101.325,0.0,139,298.15,0.8681306,0.10778248,0.024086893,0.010877172,0.3601507,0.6289722
,1-methyl-3-octyl-imidazolium thiocyanate,CCCCCCCCn1cc[n+](C)c1.N#C[S-],[C8MIm][SCN],ethylbenzene,CCc1ccccc1,aromatic,n-heptane,CCCCCCC,alkane,0.624,0.302,0.074,0.0,0.515,0.485,101.325,0.375,139,298.15,0.80681443,0.16005494,0.033130597,0.01098996,0.44028842,0.54872155
,1-methyl-3-octyl-imidazolium thiocyanate,CCCCCCCCn1cc[n+](C)c1.N#C[S-],[C8MIm][SCN],ethylbenzene,CCc1ccccc1,aromatic,n-heptane,CCCCCCC,alkane,0.693,0.236,0.071,0.0,0.424,0.576,101.325,0.5,139,298.15,0.7824759,0.18069196,0.03683207,0.011507446,0.46683538,0.52165717
,1-methyl-3-octyl-imidazolium thiocyanate,CCCCCCCCn1cc[n+](C)c1.N#C[S-],[C8MIm][SCN],ethylbenzene,CCc1ccccc1,aromatic,n-heptane,CCCCCCC,alkane,0.73,0.191,0.079,0.0,0.331,0.669,101.325,0.75,139,298.15,0.7325998,0.22334413,0.04405608,0.012142472,0.51796496,0.4698926
,1-methyl-3-octyl-imidazolium thiocyanate,CCCCCCCCn1cc[n+](C)c1.N#C[S-],[C8MIm][SCN],ethylbenzene,CCc1ccccc1,aromatic,n-heptane,CCCCCCC,alkane,0.841,0.107,0.052,0.0,0.153,0.847,101.325,1.0,139,298.15,0.6859733,0.2635304,0.05049636,0.011955076,0.5634461,0.4245988
,1-methyl-3-octyl-imidazolium thiocyanate,CCCCCCCCn1cc[n+](C)c1.N#C[S-],[C8MIm][SCN],ethylbenzene,CCc1ccccc1,aromatic,n-heptane,CCCCCCC,alkane,0.50000006,0.42000002,0.080000006,0.0,0.701,0.299,101.325,0.125,139,298.15,0.8621893,0.11364376,0.024166916,0.0087388875,0.38269725,0.60856384
,1-methyl-3-octyl-imidazolium thiocyanate,CCCCCCCCn1cc[n+](C)c1.N#C[S-],[C8MIm][SCN],ethylbenzene,CCc1ccccc1,aromatic,n-heptane,CCCCCCC,alkane,0.611,0.322,0.067,0.0,0.529,0.471,101.325,0.25,139,298.15,0.84324837,0.12960221,0.027149383,0.009219254,0.40779164,0.58298916
,1-methyl-3-octyl-imidazolium thiocyanate,CCCCCCCCn1cc[n+](C)c1.N#C[S-],[C8MIm][SCN],ethylbenzene,CCc1ccccc1,aromatic,n-heptane,CCCCCCC,alkane,0.723,0.206,0.071,0.0,0.364,0.636,101.325,0.625,139,298.15,0.7696334,0.19323759,0.03712898,0.009541593,0.50005597,0.4904024
,1-methyl-3-octyl-imidazolium thiocyanate,CCCCCCCCn1cc[n+](C)c1.N#C[S-],[C8MIm][SCN],ethylbenzene,CCc1ccccc1,aromatic,n-heptane,CCCCCCC,alkane,0.787,0.14,0.073,0.0,0.205,0.795,101.325,0.875,139,298.15,0.7103786,0.24505934,0.044562,0.009678001,0.56014323,0.4301788
,1-methyl-3-octyl-imidazolium nitrate,CCCCCCCC[n+]1ccn(C)c1.O=[N+]([O-])[O-],[C8MIm][NO3],p-xylene,Cc1ccc(C)cc1,aromatic,n-hexane,CCCCCC,alkane,0.896,0.046,0.058,0.0,0.133,0.867,101.325,0.0,200,298.15,0.881041,0.10354626,0.015412789,0.0057450375,0.35883218,0.6354227
,1-methyl-3-octyl-imidazolium nitrate,CCCCCCCC[n+]1ccn(C)c1.O=[N+]([O-])[O-],[C8MIm][NO3],p-xylene,Cc1ccc(C)cc1,aromatic,n-hexane,CCCCCC,alkane,0.884,0.055,0.061,0.0,0.145,0.855,101.325,0.11111111,200,298.15,0.8628928,0.11946846,0.017638788,0.00650774,0.38733414,0.60615814
,1-methyl-3-octyl-imidazolium nitrate,CCCCCCCC[n+]1ccn(C)c1.O=[N+]([O-])[O-],[C8MIm][NO3],p-xylene,Cc1ccc(C)cc1,aromatic,n-hexane,CCCCCC,alkane,0.802,0.115,0.083,0.0,0.274,0.726,101.325,0.22222222,200,298.15,0.84374946,0.1363756,0.019874828,0.0070834327,0.4151471,0.57776946
,1-methyl-3-octyl-imidazolium nitrate,CCCCCCCC[n+]1ccn(C)c1.O=[N+]([O-])[O-],[C8MIm][NO3],p-xylene,Cc1ccc(C)cc1,aromatic,n-hexane,CCCCCC,alkane,0.785,0.136,0.079,0.0,0.32,0.68,101.325,0.33333334,200,298.15,0.82734746,0.15141438,0.021238128,0.0058518024,0.4335894,0.56055874
,1-methyl-3-octyl-imidazolium nitrate,CCCCCCCC[n+]1ccn(C)c1.O=[N+]([O-])[O-],[C8MIm][NO3],p-xylene,Cc1ccc(C)cc1,aromatic,n-hexane,CCCCCC,alkane,0.729,0.184,0.087,0.0,0.411,0.589,101.325,0.44444445,200,298.15,0.80880326,0.16819206,0.023004645,0.0053694276,0.4566045,0.5380261
,1-methyl-3-octyl-imidazolium nitrate,CCCCCCCC[n+]1ccn(C)c1.O=[N+]([O-])[O-],[C8MIm][NO3],p-xylene,Cc1ccc(C)cc1,aromatic,n-hexane,CCCCCC,alkane,0.712,0.199,0.089,0.0,0.423,0.577,101.325,0.5555556,200,298.15,0.7849127,0.1895988,0.025488485,0.005603592,0.48507562,0.5093208
,1-methyl-3-octyl-imidazolium nitrate,CCCCCCCC[n+]1ccn(C)c1.O=[N+]([O-])[O-],[C8MIm][NO3],p-xylene,Cc1ccc(C)cc1,aromatic,n-hexane,CCCCCC,alkane,0.681,0.236,0.083,0.0,0.496,0.504,101.325,0.6666667,200,298.15,0.7591137,0.21277206,0.028114181,0.00582723,0.51347184,0.4807009
,1-methyl-3-octyl-imidazolium nitrate,CCCCCCCC[n+]1ccn(C)c1.O=[N+]([O-])[O-],[C8MIm][NO3],p-xylene,Cc1ccc(C)cc1,aromatic,n-hexane,CCCCCC,alkane,0.617,0.301,0.082,0.0,0.589,0.411,101.325,0.7777778,200,298.15,0.7319663,0.23691447,0.031119205,0.006320753,0.53893435,0.4547449
,1-methyl-3-octyl-imidazolium nitrate,CCCCCCCC[n+]1ccn(C)c1.O=[N+]([O-])[O-],[C8MIm][NO3],p-xylene,Cc1ccc(C)cc1,aromatic,n-hexane,CCCCCC,alkane,0.529,0.397,0.074,0.0,0.705,0.295,101.325,0.8888889,200,298.15,0.7029485,0.26290223,0.034149308,0.0066772755,0.56531745,0.42800528
,1-methyl-3-octyl-imidazolium nitrate,CCCCCCCC[n+]1ccn(C)c1.O=[N+]([O-])[O-],[C8MIm][NO3],p-xylene,Cc1ccc(C)cc1,aromatic,n-hexane,CCCCCC,alkane,0.431,0.486,0.083,0.0,0.775,0.225,101.325,1.0,200,298.15,0.67170924,0.29110014,0.03719061,0.006878686,0.59283197,0.40028936
no,N-butylpyridinium nitrate,CCCC[n+]1ccccc1.O=[N+]([O-])[O-],[C4Py][NO3],benzene,c1ccccc1,aromatic,n-heptane,CCCCCCC,alkane,0.963,0.028,0.009,0.0,0.039,0.961,101.325,0.0,205,318.15,0.9352308,0.060086038,0.0046831383,0.0023302499,0.20791978,0.78974986
no,N-butylpyridinium nitrate,CCCC[n+]1ccccc1.O=[N+]([O-])[O-],[C4Py][NO3],benzene,c1ccccc1,aromatic,n-heptane,CCCCCCC,alkane,0.943,0.048,0.009,0.0,0.083,0.917,101.325,0.125,205,318.15,0.92288864,0.071739025,0.0053722933,0.002393962,0.23898366,0.75862235
no,N-butylpyridinium nitrate,CCCC[n+]1ccccc1.O=[N+]([O-])[O-],[C4Py][NO3],benzene,c1ccccc1,aromatic,n-heptane,CCCCCCC,alkane,0.92300004,0.07100001,0.0060000005,0.0,0.176,0.824,101.325,0.25,205,318.15,0.9090429,0.084821045,0.006135978,0.0024933985,0.26999363,0.727513
no,N-butylpyridinium nitrate,CCCC[n+]1ccccc1.O=[N+]([O-])[O-],[C4Py][NO3],benzene,c1ccccc1,aromatic,n-heptane,CCCCCCC,alkane,0.903,0.092,0.005,0.0,0.271,0.729,101.325,0.375,205,318.15,0.89322025,0.09974636,0.0070334603,0.0026895609,0.29990587,0.69740456
no,N-butylpyridinium nitrate,CCCC[n+]1ccccc1.O=[N+]([O-])[O-],[C4Py][NO3],benzene,c1ccccc1,aromatic,n-heptane,CCCCCCC,alkane,0.89,0.105,0.005,0.0,0.37,0.63,101.325,0.5,205,318.15,0.8750518,0.116911165,0.008037035,0.0028890825,0.33168295,0.6654279
no,N-butylpyridinium nitrate,CCCC[n+]1ccccc1.O=[N+]([O-])[O-],[C4Py][NO3],benzene,c1ccccc1,aromatic,n-heptane,CCCCCCC,alkane,0.868,0.127,0.005,0.0,0.467,0.533,101.325,0.625,205,318.15,0.85248494,0.13815765,0.009357342,0.0033272572,0.36814013,0.6285326
no,N-butylpyridinium nitrate,CCCC[n+]1ccccc1.O=[N+]([O-])[O-],[C4Py][NO3],benzene,c1ccccc1,aromatic,n-heptane,CCCCCCC,alkane,0.842,0.153,0.005,0.0,0.567,0.433,101.325,0.75,205,318.15,0.82535756,0.1636031,0.0110393865,0.004082317,0.40858936,0.5873283
no,N-butylpyridinium nitrate,CCCC[n+]1ccccc1.O=[N+]([O-])[O-],[C4Py][NO3],benzene,c1ccccc1,aromatic,n-heptane,CCCCCCC,alkane,0.82,0.175,0.005,0.0,0.675,0.325,101.325,0.875,205,318.15,0.7985139,0.18904157,0.012444468,0.004313785,0.44434914,0.55133706
no,N-butylpyridinium nitrate,CCCC[n+]1ccccc1.O=[N+]([O-])[O-],[C4Py][NO3],benzene,c1ccccc1,aromatic,n-heptane,CCCCCCC,alkane,0.794,0.202,0.004,0.0,0.779,0.221,101.325,1.0,205,318.15,0.77125406,0.21475534,0.013990594,0.0053594173,0.48096654,0.513674
,1-butyl-3-methylimidazolium hexafluorophosphate,CCCCn1cc[n+](C)c1.F[P-](F)(F)(F)(F)F,[C4MIm][PF6],n-butylbenzene,CCCCc1ccccc1,aromatic,n-dodecane,CCCCCCCCCCCC,alkane,0.9468,0.0352,0.018,0.0,0.1076,0.8924,101.325,0.0,227,313.0,0.9197695,0.07102468,0.009205803,0.003952312,0.35568517,0.64036256
,1-butyl-3-methylimidazolium hexafluorophosphate,CCCCn1cc[n+](C)c1.F[P-](F)(F)(F)(F)F,[C4MIm][PF6],n-butylbenzene,CCCCc1ccccc1,aromatic,n-dodecane,CCCCCCCCCCCC,alkane,0.9157,0.066,0.0183,0.0,0.1956,0.8044,101.325,0.09090909,227,313.0,0.9104475,0.07941475,0.010137857,0.004131706,0.3755668,0.6203015
,1-butyl-3-methylimidazolium hexafluorophosphate,CCCCn1cc[n+](C)c1.F[P-](F)(F)(F)(F)F,[C4MIm][PF6],n-butylbenzene,CCCCc1ccccc1,aromatic,n-dodecane,CCCCCCCCCCCC,alkane,0.8891,0.0923,0.0186,0.0,0.2691,0.7309,101.325,0.18181819,227,313.0,0.90248364,0.08645715,0.011059196,0.0043979096,0.3861524,0.6094497
,1-butyl-3-methylimidazolium hexafluorophosphate,CCCCn1cc[n+](C)c1.F[P-](F)(F)(F)(F)F,[C4MIm][PF6],n-butylbenzene,CCCCc1ccccc1,aromatic,n-dodecane,CCCCCCCCCCCC,alkane,0.8635,0.1176,0.0189,0.0,0.3302,0.6698,101.325,0.27272728,227,313.0,0.8991229,0.08925732,0.011619767,0.004521343,0.38675138,0.6087272
,1-butyl-3-methylimidazolium hexafluorophosphate,CCCCn1cc[n+](C)c1.F[P-](F)(F)(F)(F)F,[C4MIm][PF6],n-butylbenzene,CCCCc1ccccc1,aromatic,n-dodecane,CCCCCCCCCCCC,alkane,0.8396,0.1412,0.0192,0.0,0.382,0.618,101.325,0.36363637,227,313.0,0.8879556,0.09929537,0.012748947,0.0047109416,0.40673935,0.5885497
,1-butyl-3-methylimidazolium hexafluorophosphate,CCCCn1cc[n+](C)c1.F[P-](F)(F)(F)(F)F,[C4MIm][PF6],n-butylbenzene,CCCCc1ccccc1,aromatic,n-dodecane,CCCCCCCCCCCC,alkane,0.8164,0.1641,0.0195,0.0,0.4262,0.5738,101.325,0.45454547,227,313.0,0.8756503,0.11037485,0.013974808,0.004902175,0.42713302,0.5679648
,1-butyl-3-methylimidazolium hexafluorophosphate,CCCCn1cc[n+](C)c1.F[P-](F)(F)(F)(F)F,[C4MIm][PF6],n-butylbenzene,CCCCc1ccccc1,aromatic,n-dodecane,CCCCCCCCCCCC,alkane,0.7962,0.184,0.0198,0.0,0.4652,0.5348,101.325,0.54545456,227,313.0,0.85904723,0.12540832,0.015544524,0.0052852803,0.45674118,0.5379735
,1-butyl-3-methylimidazolium hexafluorophosphate,CCCCn1cc[n+](C)c1.F[P-](F)(F)(F)(F)F,[C4MIm][PF6],n-butylbenzene,CCCCc1ccccc1,aromatic,n-dodecane,CCCCCCCCCCCC,alkane,0.7773,0.2026,0.0201,0.0,0.4994,0.5006,101.325,0.6363636,227,313.0,0.8391634,0.14350313,0.017333457,0.005823414,0.4954471,0.4987295
,1-butyl-3-methylimidazolium hexafluorophosphate,CCCCn1cc[n+](C)c1.F[P-](F)(F)(F)(F)F,[C4MIm][PF6],n-butylbenzene,CCCCc1ccccc1,aromatic,n-dodecane,CCCCCCCCCCCC,alkane,0.75920004,0.22040002,0.020400003,0.0,0.5295,0.4705,101.325,0.72727275,227,313.0,0.8226053,0.15851511,0.018879648,0.0060158763,0.5162347,0.47774947
,1-butyl-3-methylimidazolium hexafluorophosphate,CCCCn1cc[n+](C)c1.F[P-](F)(F)(F)(F)F,[C4MIm][PF6],n-butylbenzene,CCCCc1ccccc1,aromatic,n-dodecane,CCCCCCCCCCCC,alkane,0.74160004,0.23770002,0.020700002,0.0,0.5561,0.4439,101.325,0.8181818,227,313.0,0.80466205,0.17481399,0.020523967,0.006203533,0.5370339,0.45676252
,1-butyl-3-methylimidazolium hexafluorophosphate,CCCCn1cc[n+](C)c1.F[P-](F)(F)(F)(F)F,[C4MIm][PF6],n-butylbenzene,CCCCc1ccccc1,aromatic,n-dodecane,CCCCCCCCCCCC,alkane,0.7262,0.2528,0.021,0.0,0.5803,0.4197,101.325,0.90909094,227,313.0,0.79647714,0.18104155,0.022481283,0.007060066,0.5252343,0.46770564
,1-butyl-3-methylimidazolium hexafluorophosphate,CCCCn1cc[n+](C)c1.F[P-](F)(F)(F)(F)F,[C4MIm][PF6],n-butylbenzene,CCCCc1ccccc1,aromatic,n-dodecane,CCCCCCCCCCCC,alkane,0.6895,0.2892,0.0213,0.0,0.6403,0.3597,101.325,1.0,227,313.0,0.77711636,0.19854558,0.024338026,0.007268303,0.5456426,0.44708914
,3-methyl-N-ethylpyridinium ethylsulfate,CCOS(=O)(=O)[O-].CC[n+]1cccc(C)c1,[C2MPy][EtSO4],p-xylene,Cc1ccc(C)cc1,aromatic,n-heptane,CCCCCCC,alkane,0.9743,0.0199,0.0058,0.0,0.0896,0.9104,101.325,0.0,305,313.15,0.95915914,0.03853584,0.0023050266,0.0024508366,0.2805959,0.7169532
,3-methyl-N-ethylpyridinium ethylsulfate,CCOS(=O)(=O)[O-].CC[n+]1cccc(C)c1,[C2MPy][EtSO4],p-xylene,Cc1ccc(C)cc1,aromatic,n-heptane,CCCCCCC,alkane,0.9533,0.0409,0.0058,0.0,0.2008,0.7992,101.325,0.125,305,313.15,0.95135736,0.04598944,0.002653178,0.0026550798,0.31069922,0.6866457
,3-methyl-N-ethylpyridinium ethylsulfate,CCOS(=O)(=O)[O-].CC[n+]1cccc(C)c1,[C2MPy][EtSO4],p-xylene,Cc1ccc(C)cc1,aromatic,n-heptane,CCCCCCC,alkane,0.932,0.0626,0.0054,0.0,0.3127,0.6873,101.325,0.25,305,313.15,0.9422929,0.05465061,0.0030564768,0.0028608567,0.3423143,0.65482485
,3-methyl-N-ethylpyridinium ethylsulfate,CCOS(=O)(=O)[O-].CC[n+]1cccc(C)c1,[C2MPy][EtSO4],p-xylene,Cc1ccc(C)cc1,aromatic,n-heptane,CCCCCCC,alkane,0.9168,0.0772,0.006,0.0,0.406,0.594,101.325,0.375,305,313.15,0.9317426,0.06486831,0.0033891918,0.0026275576,0.38557503,0.6117974
,3-methyl-N-ethylpyridinium ethylsulfate,CCOS(=O)(=O)[O-].CC[n+]1cccc(C)c1,[C2MPy][EtSO4],p-xylene,Cc1ccc(C)cc1,aromatic,n-heptane,CCCCCCC,alkane,0.9006,0.0947,0.0047,0.0,0.4998,0.5002,101.325,0.5,305,313.15,0.919686,0.07650206,0.0038118705,0.0025731733,0.4254,0.57202685
,3-methyl-N-ethylpyridinium ethylsulfate,CCOS(=O)(=O)[O-].CC[n+]1cccc(C)c1,[C2MPy][EtSO4],p-xylene,Cc1ccc(C)cc1,aromatic,n-heptane,CCCCCCC,alkane,0.8817,0.115,0.0033,0.0,0.6129,0.3871,101.325,0.625,305,313.15,0.90521926,0.09039782,0.00438287,0.0027202405,0.4616732,0.53560656
,3-methyl-N-ethylpyridinium ethylsulfate,CCOS(=O)(=O)[O-].CC[n+]1cccc(C)c1,[C2MPy][EtSO4],p-xylene,Cc1ccc(C)cc1,aromatic,n-heptane,CCCCCCC,alkane,0.8582,0.129,0.0128,0.0,0.6987,0.3013,101.325,0.75,305,313.15,0.8884753,0.10650187,0.00502278,0.0028590597,0.49837744,0.49876347
,3-methyl-N-ethylpyridinium ethylsulfate,CCOS(=O)(=O)[O-].CC[n+]1cccc(C)c1,[C2MPy][EtSO4],p-xylene,Cc1ccc(C)cc1,aromatic,n-heptane,CCCCCCC,alkane,0.8453,0.1471,0.0076,0.0,0.8089,0.1911,101.325,0.875,305,313.15,0.8637138,0.13047867,0.0058075604,0.0028259926,0.54706997,0.45010403
,3-methyl-N-ethylpyridinium ethylsulfate,CCOS(=O)(=O)[O-].CC[n+]1cccc(C)c1,[C2MPy][EtSO4],p-xylene,Cc1ccc(C)cc1,aromatic,n-heptane,CCCCCCC,alkane,0.8191,0.1712,0.0097,0.0,0.8879,0.1121,101.325,1.0,305,313.15,0.84083414,0.15255876,0.006607107,0.002934963,0.5834222,0.41364288
no,1-ethylpyridinium ethylsulfate,CCOS(=O)(=O)[O-].CC[n+]1ccccc1,[C2Py][EtSO4],benzene,c1ccccc1,aromatic,n-hexane,CCCCCC,alkane,0.938,0.055,0.007,0.0,0.112,0.888,101.325,0.0,308,298.15,0.95092106,0.046387058,0.0026918924,0.0018652185,0.20480585,0.79332894
no,1-ethylpyridinium ethylsulfate,CCOS(=O)(=O)[O-].CC[n+]1ccccc1,[C2Py][EtSO4],benzene,c1ccccc1,aromatic,n-hexane,CCCCCC,alkane,0.909,0.084,0.007,0.0,0.174,0.826,101.325,0.125,308,298.15,0.9400143,0.056568414,0.0034172507,0.002682435,0.22223146,0.77508616
no,1-ethylpyridinium ethylsulfate,CCOS(=O)(=O)[O-].CC[n+]1ccccc1,[C2Py][EtSO4],benzene,c1ccccc1,aromatic,n-hexane,CCCCCC,alkane,0.843,0.15,0.007,0.0,0.249,0.751,101.325,0.25,308,298.15,0.9295489,0.06640591,0.0040451894,0.0032972228,0.24336107,0.75334173
no,1-ethylpyridinium ethylsulfate,CCOS(=O)(=O)[O-].CC[n+]1ccccc1,[C2Py][EtSO4],benzene,c1ccccc1,aromatic,n-hexane,CCCCCC,alkane,0.852,0.142,0.006,0.0,0.32,0.68,101.325,0.375,308,298.15,0.9173122,0.07804942,0.0046384,0.003568186,0.27089742,0.72553444
no,1-ethylpyridinium ethylsulfate,CCOS(=O)(=O)[O-].CC[n+]1ccccc1,[C2Py][EtSO4],benzene,c1ccccc1,aromatic,n-hexane,CCCCCC,alkane,0.829,0.165,0.006,0.0,0.377,0.623,101.325,0.5,308,298.15,0.90349656,0.091235556,0.0052679027,0.0037575283,0.29994875,0.6962937
no,1-ethylpyridinium ethylsulfate,CCOS(=O)(=O)[O-].CC[n+]1ccccc1,[C2Py][EtSO4],benzene,c1ccccc1,aromatic,n-hexane,CCCCCC,alkane,0.8,0.194,0.006,0.0,0.456,0.544,101.325,0.625,308,298.15,0.88724333,0.10674214,0.006014488,0.0040335194,0.3312166,0.6647499
no,1-ethylpyridinium ethylsulfate,CCOS(=O)(=O)[O-].CC[n+]1ccccc1,[C2Py][EtSO4],benzene,c1ccccc1,aromatic,n-hexane,CCCCCC,alkane,0.773,0.221,0.006,0.0,0.527,0.473,101.325,0.75,308,298.15,0.87118554,0.12229927,0.0065152086,0.003613599,0.3674352,0.62895125
no,1-ethylpyridinium ethylsulfate,CCOS(=O)(=O)[O-].CC[n+]1ccccc1,[C2Py][EtSO4],benzene,c1ccccc1,aromatic,n-hexane,CCCCCC,alkane,0.756,0.239,0.005,0.0,0.591,0.409,101.325,0.875,308,298.15,0.8568136,0.13653591,0.0066504227,0.0026654613,0.41028872,0.58704585
no,1-ethylpyridinium ethylsulfate,CCOS(=O)(=O)[O-].CC[n+]1ccccc1,[C2Py][EtSO4],benzene,c1ccccc1,aromatic,n-hexane,CCCCCC,alkane,0.707,0.289,0.004,0.0,0.75,0.25,101.325,1.0,308,298.15,0.8332147,0.15922372,0.0075615635,0.0028193276,0.44694987,0.55023086
,1-butyl-3-methylimidazolium methylsulfate,CCCCn1cc[n+](C)c1.COS(=O)(=O)[O-],[C4MIm][MeSO4],ethylbenzene,CCc1ccccc1,aromatic,cyclohexene,C1=CCCCC1,alkene,0.929,0.0,0.071,0.0,0.0,1.0,101.325,0.0,323,298.15,0.9428215,0.040813174,0.01636536,0.004279524,0.37169614,0.62402433
,1-butyl-3-methylimidazolium methylsulfate,CCCCn1cc[n+](C)c1.COS(=O)(=O)[O-],[C4MIm][MeSO4],ethylbenzene,CCc1ccccc1,aromatic,cyclohexene,C1=CCCCC1,alkene,0.906,0.038,0.056,0.0,0.099,0.901,101.325,0.1,323,298.15,0.9365458,0.045298718,0.018155508,0.0045078737,0.3854767,0.6100154
,1-butyl-3-methylimidazolium methylsulfate,CCCCn1cc[n+](C)c1.COS(=O)(=O)[O-],[C4MIm][MeSO4],ethylbenzene,CCc1ccccc1,aromatic,cyclohexene,C1=CCCCC1,alkene,0.899,0.047,0.054,0.0,0.147,0.853,101.325,0.2,323,298.15,0.92942923,0.050495274,0.020075489,0.0046862965,0.39805987,0.5972538
,1-butyl-3-methylimidazolium methylsulfate,CCCCn1cc[n+](C)c1.COS(=O)(=O)[O-],[C4MIm][MeSO4],ethylbenzene,CCc1ccccc1,aromatic,cyclohexene,C1=CCCCC1,alkene,0.889,0.062,0.049,0.0,0.2,0.8,101.325,0.3,323,298.15,0.9215655,0.05625282,0.022181703,0.0048675654,0.4108296,0.58430284
,1-butyl-3-methylimidazolium methylsulfate,CCCCn1cc[n+](C)c1.COS(=O)(=O)[O-],[C4MIm][MeSO4],ethylbenzene,CCc1ccccc1,aromatic,cyclohexene,C1=CCCCC1,alkene,0.885,0.067,0.048,0.0,0.258,0.742,101.325,0.4,323,298.15,0.91292334,0.062592834,0.02448379,0.005053723,0.42368898,0.57125735
,1-butyl-3-methylimidazolium methylsulfate,CCCCn1cc[n+](C)c1.COS(=O)(=O)[O-],[C4MIm][MeSO4],ethylbenzene,CCc1ccccc1,aromatic,cyclohexene,C1=CCCCC1,alkene,0.878,0.079,0.043,0.0,0.308,0.692,101.325,0.5,323,298.15,0.9029206,0.070050254,0.027029194,0.0051543773,0.43766502,0.5571806
,1-butyl-3-methylimidazolium methylsulfate,CCCCn1cc[n+](C)c1.COS(=O)(=O)[O-],[C4MIm][MeSO4],ethylbenzene,CCc1ccccc1,aromatic,cyclohexene,C1=CCCCC1,alkene,0.86,0.104,0.036,0.0,0.421,0.579,101.325,0.6,323,298.15,0.89163524,0.07865637,0.029708395,0.005114526,0.45296708,0.54191834
,1-butyl-3-methylimidazolium methylsulfate,CCCCn1cc[n+](C)c1.COS(=O)(=O)[O-],[C4MIm][MeSO4],ethylbenzene,CCc1ccccc1,aromatic,cyclohexene,C1=CCCCC1,alkene,0.85,0.113,0.037,0.0,0.54,0.46,101.325,0.7,323,298.15,0.88002044,0.08728527,0.032694355,0.0052989,0.4664022,0.52829885
,1-butyl-3-methylimidazolium methylsulfate,CCCCn1cc[n+](C)c1.COS(=O)(=O)[O-],[C4MIm][MeSO4],ethylbenzene,CCc1ccccc1,aromatic,cyclohexene,C1=CCCCC1,alkene,0.835,0.137,0.028,0.0,0.673,0.327,101.325,0.8,323,298.15,0.8674144,0.09667682,0.03590878,0.0054841936,0.47983077,0.5146851
,1-butyl-3-methylimidazolium methylsulfate,CCCCn1cc[n+](C)c1.COS(=O)(=O)[O-],[C4MIm][MeSO4],ethylbenzene,CCc1ccccc1,aromatic,cyclohexene,C1=CCCCC1,alkene,0.826,0.156,0.018,0.0,0.82,0.18,101.325,0.9,323,298.15,0.85366005,0.10694824,0.039391704,0.0056732083,0.4933197,0.5010071
,1-butyl-3-methylimidazolium methylsulfate,CCCCn1cc[n+](C)c1.COS(=O)(=O)[O-],[C4MIm][MeSO4],ethylbenzene,CCc1ccccc1,aromatic,cyclohexene,C1=CCCCC1,alkene,0.811,0.189,0.0,0.0,1.0,0.0,101.325,1.0,323,298.15,0.8387198,0.11812583,0.043154307,0.0058656284,0.50682026,0.4873141
,1-ethyl-3-methylimidazolium bis(trifluoromethylsulfonyl)imide,CCn1cc[n+](C)c1.O=S(=O)([N-]S(=O)(=O)C(F)(F)F)C(F)(F)F,[C2MIm][NTf2],toluene,Cc1ccccc1,aromatic,cyclohexane,C1CCCCC1,cycloalkane,0.874,0.0,0.126,0.0,0.0,1.0,101.325,0.0,325,298.15,0.87839425,0.10810942,0.0134963095,0.003970976,0.2962031,0.6998259
,1-ethyl-3-methylimidazolium bis(trifluoromethylsulfonyl)imide,CCn1cc[n+](C)c1.O=S(=O)([N-]S(=O)(=O)C(F)(F)F)C(F)(F)F,[C2MIm][NTf2],toluene,Cc1ccccc1,aromatic,cyclohexane,C1CCCCC1,cycloalkane,0.801,0.085,0.114,0.0,0.08891109,0.9110889,101.325,0.11111111,325,298.15,0.85829246,0.12626188,0.015445668,0.0043271775,0.3288018,0.666871
,1-ethyl-3-methylimidazolium bis(trifluoromethylsulfonyl)imide,CCn1cc[n+](C)c1.O=S(=O)([N-]S(=O)(=O)C(F)(F)F)C(F)(F)F,[C2MIm][NTf2],toluene,Cc1ccccc1,aromatic,cyclohexane,C1CCCCC1,cycloalkane,0.75,0.149,0.101,0.0,0.175,0.825,101.325,0.22222222,325,298.15,0.83772284,0.14489342,0.017383713,0.004600758,0.35881296,0.63658625
,1-ethyl-3-methylimidazolium bis(trifluoromethylsulfonyl)imide,CCn1cc[n+](C)c1.O=S(=O)([N-]S(=O)(=O)C(F)(F)F)C(F)(F)F,[C2MIm][NTf2],toluene,Cc1ccccc1,aromatic,cyclohexane,C1CCCCC1,cycloalkane,0.701,0.208,0.091,0.0,0.259,0.741,101.325,0.33333334,325,298.15,0.81566006,0.16494255,0.019397367,0.004856963,0.38727987,0.6078632
,1-ethyl-3-methylimidazolium bis(trifluoromethylsulfonyl)imide,CCn1cc[n+](C)c1.O=S(=O)([N-]S(=O)(=O)C(F)(F)F)C(F)(F)F,[C2MIm][NTf2],toluene,Cc1ccccc1,aromatic,cyclohexane,C1CCCCC1,cycloalkane,0.647,0.273,0.08,0.0,0.368,0.632,101.325,0.44444445,325,298.15,0.7816955,0.19565019,0.022654328,0.0056007463,0.4202576,0.5741417
,1-ethyl-3-methylimidazolium bis(trifluoromethylsulfonyl)imide,CCn1cc[n+](C)c1.O=S(=O)([N-]S(=O)(=O)C(F)(F)F)C(F)(F)F,[C2MIm][NTf2],toluene,Cc1ccccc1,aromatic,cyclohexane,C1CCCCC1,cycloalkane,0.621,0.305,0.074,0.0,0.429,0.571,101.325,0.5555556,325,298.15,0.7356196,0.237186,0.027194342,0.0067971195,0.45612198,0.53708094
,1-ethyl-3-methylimidazolium bis(trifluoromethylsulfonyl)imide,CCn1cc[n+](C)c1.O=S(=O)([N-]S(=O)(=O)C(F)(F)F)C(F)(F)F,[C2MIm][NTf2],toluene,Cc1ccccc1,aromatic,cyclohexane,C1CCCCC1,cycloalkane,0.562,0.377,0.061,0.0,0.549,0.451,101.325,0.6666667,325,298.15,0.70498276,0.26522452,0.029792773,0.0070816157,0.48671046,0.5062079
,1-ethyl-3-methylimidazolium bis(trifluoromethylsulfonyl)imide,CCn1cc[n+](C)c1.O=S(=O)([N-]S(=O)(=O)C(F)(F)F)C(F)(F)F,[C2MIm][NTf2],toluene,Cc1ccccc1,aromatic,cyclohexane,C1CCCCC1,cycloalkane,0.518,0.431,0.051,0.0,0.652,0.348,101.325,0.7777778,325,298.15,0.67234284,0.2951625,0.032494705,0.007351575,0.51737916,0.4752693
,1-ethyl-3-methylimidazolium bis(trifluoromethylsulfonyl)imide,CCn1cc[n+](C)c1.O=S(=O)([N-]S(=O)(=O)C(F)(F)F)C(F)(F)F,[C2MIm][NTf2],toluene,Cc1ccccc1,aromatic,cyclohexane,C1CCCCC1,cycloalkane,0.449,0.516,0.035,0.0,0.79,0.21,101.325,0.8888889,325,298.15,0.6563787,0.31014162,0.03347969,0.006317484,0.5357452,0.45793733
,1-ethyl-3-methylimidazolium bis(trifluoromethylsulfonyl)imide,CCn1cc[n+](C)c1.O=S(=O)([N-]S(=O)(=O)C(F)(F)F)C(F)(F)F,[C2MIm][NTf2],toluene,Cc1ccccc1,aromatic,cyclohexane,C1CCCCC1,cycloalkane,0.351,0.649,0.0,0.0,1.0,0.0,101.325,1.0,325,298.15,0.6214919,0.3422693,0.036238845,0.006519177,0.56584275,0.42763808
,1-butyl-3-methylimidazolium bis(trifluoromethylsulfonyl)imide,CCCCn1cc[n+](C)c1.O=S(=O)([N-]S(=O)(=O)C(F)(F)F)C(F)(F)F,[C4MIm][NTf2],ethylbenzene,CCc1ccccc1,aromatic,cyclohexane,C1CCCCC1,cycloalkane,0.835,0.0,0.165,0.0,0.0,1.0,101.325,0.0,329,298.15,0.8362512,0.13418518,0.029563652,0.0074636955,0.32125866,0.67127764
,1-butyl-3-methylimidazolium bis(trifluoromethylsulfonyl)imide,CCCCn1cc[n+](C)c1.O=S(=O)([N-]S(=O)(=O)C(F)(F)F)C(F)(F)F,[C4MIm][NTf2],ethylbenzene,CCc1ccccc1,aromatic,cyclohexane,C1CCCCC1,cycloalkane,0.786,0.052,0.162,0.0,0.061,0.939,101.325,0.1,329,298.15,0.8201887,0.14742477,0.03238651,0.009157407,0.3262072,0.6646354
,1-butyl-3-methylimidazolium bis(trifluoromethylsulfonyl)imide,CCCCn1cc[n+](C)c1.O=S(=O)([N-]S(=O)(=O)C(F)(F)F)C(F)(F)F,[C4MIm][NTf2],ethylbenzene,CCc1ccccc1,aromatic,cyclohexane,C1CCCCC1,cycloalkane,0.756,0.086,0.158,0.0,0.104,0.896,101.325,0.2,329,298.15,0.800923,0.16364281,0.035434194,0.009594315,0.34620285,0.6442028
,1-butyl-3-methylimidazolium bis(trifluoromethylsulfonyl)imide,CCCCn1cc[n+](C)c1.O=S(=O)([N-]S(=O)(=O)C(F)(F)F)C(F)(F)F,[C4MIm][NTf2],ethylbenzene,CCc1ccccc1,aromatic,cyclohexane,C1CCCCC1,cycloalkane,0.726,0.122,0.152,0.0,0.166,0.834,101.325,0.3,329,298.15,0.7796604,0.18263704,0.03770258,0.008046384,0.3687183,0.62323534
,1-butyl-3-methylimidazolium bis(trifluoromethylsulfonyl)imide,CCCCn1cc[n+](C)c1.O=S(=O)([N-]S(=O)(=O)C(F)(F)F)C(F)(F)F,[C4MIm][NTf2],ethylbenzene,CCc1ccccc1,aromatic,cyclohexane,C1CCCCC1,cycloalkane,0.698,0.156,0.146,0.0,0.224,0.776,101.325,0.4,329,298.15,0.7573654,0.20219283,0.04044177,0.0074959965,0.39082327,0.6016807
,1-butyl-3-methylimidazolium bis(trifluoromethylsulfonyl)imide,CCCCn1cc[n+](C)c1.O=S(=O)([N-]S(=O)(=O)C(F)(F)F)C(F)(F)F,[C4MIm][NTf2],ethylbenzene,CCc1ccccc1,aromatic,cyclohexane,C1CCCCC1,cycloalkane,0.67,0.19,0.14,0.0,0.279,0.721,101.325,0.5,329,298.15,0.7330109,0.22303595,0.0439532,0.00781437,0.41285768,0.57932794
,1-butyl-3-methylimidazolium bis(trifluoromethylsulfonyl)imide,CCCCn1cc[n+](C)c1.O=S(=O)([N-]S(=O)(=O)C(F)(F)F)C(F)(F)F,[C4MIm][NTf2],ethylbenzene,CCc1ccccc1,aromatic,cyclohexane,C1CCCCC1,cycloalkane,0.645,0.222,0.133,0.0,0.335,0.665,101.325,0.6,329,298.15,0.70727575,0.24510786,0.04761639,0.008128174,0.43509316,0.55677867
,1-butyl-3-methylimidazolium bis(trifluoromethylsulfonyl)imide,CCCCn1cc[n+](C)c1.O=S(=O)([N-]S(=O)(=O)C(F)(F)F)C(F)(F)F,[C4MIm][NTf2],ethylbenzene,CCc1ccccc1,aromatic,cyclohexane,C1CCCCC1,cycloalkane,0.543,0.36,0.097,0.0,0.581,0.419,101.325,0.7,329,298.15,0.679908,0.26764292,0.052449126,0.00963018,0.45496428,0.5354056
,1-butyl-3-methylimidazolium bis(trifluoromethylsulfonyl)imide,CCCCn1cc[n+](C)c1.O=S(=O)([N-]S(=O)(=O)C(F)(F)F)C(F)(F)F,[C4MIm][NTf2],ethylbenzene,CCc1ccccc1,aromatic,cyclohexane,C1CCCCC1,cycloalkane,0.486,0.441,0.073,0.0,0.706,0.294,101.325,0.8,329,298.15,0.65225786,0.29088867,0.056853484,0.0106341075,0.4757588,0.5136071
,1-butyl-3-methylimidazolium bis(trifluoromethylsulfonyl)imide,CCCCn1cc[n+](C)c1.O=S(=O)([N-]S(=O)(=O)C(F)(F)F)C(F)(F)F,[C4MIm][NTf2],ethylbenzene,CCc1ccccc1,aromatic,cyclohexane,C1CCCCC1,cycloalkane,0.433,0.521,0.046,0.0,0.831,0.169,101.325,0.9,329,298.15,0.62329,0.31583712,0.060872838,0.010986495,0.49806926,0.4909442
,1-butyl-3-methylimidazolium bis(trifluoromethylsulfonyl)imide,CCCCn1cc[n+](C)c1.O=S(=O)([N-]S(=O)(=O)C(F)(F)F)C(F)(F)F,[C4MIm][NTf2],ethylbenzene,CCc1ccccc1,aromatic,cyclohexane,C1CCCCC1,cycloalkane,0.409,0.558,0.033,0.0,0.897,0.103,101.325,1.0,329,298.15,0.5931498,0.34194392,0.06490624,0.011273917,0.5206952,0.46803084
no,1-butyl-3-methylimidazolium tetracyanoborate,CCCCn1cc[n+](C)c1.N#C[B-](C#N)(C#N)C#N,[C4MIm][B(CN)4],toluene,Cc1ccccc1,aromatic,methylcyclohexane,CC1CCCCC1,cycloalkane,0.83290005,0.097200006,0.069900006,0.0,0.0982,0.9018,101.325,0.0,351,313.15,0.7767773,0.20786256,0.015360017,0.0051379064,0.29422033,0.7006417
no,1-butyl-3-methylimidazolium tetracyanoborate,CCCCn1cc[n+](C)c1.N#C[B-](C#N)(C#N)C#N,[C4MIm][B(CN)4],toluene,Cc1ccccc1,aromatic,methylcyclohexane,CC1CCCCC1,cycloalkane,0.7024,0.212,0.0856,0.0,0.2437,0.7563,101.325,0.125,351,313.15,0.744391,0.23843655,0.017172433,0.0055164383,0.3283963,0.66608727
no,1-butyl-3-methylimidazolium tetracyanoborate,CCCCn1cc[n+](C)c1.N#C[B-](C#N)(C#N)C#N,[C4MIm][B(CN)4],toluene,Cc1ccccc1,aromatic,methylcyclohexane,CC1CCCCC1,cycloalkane,0.6455,0.2952,0.0593,0.0,0.3141,0.6859,101.325,0.25,351,313.15,0.70914614,0.27177367,0.01908021,0.0058865966,0.36443415,0.62967926
no,1-butyl-3-methylimidazolium tetracyanoborate,CCCCn1cc[n+](C)c1.N#C[B-](C#N)(C#N)C#N,[C4MIm][B(CN)4],toluene,Cc1ccccc1,aromatic,methylcyclohexane,CC1CCCCC1,cycloalkane,0.5583,0.3865,0.0552,0.0,0.4356,0.5644,101.325,0.375,351,313.15,0.67201096,0.30674216,0.02124687,0.0066223675,0.401078,0.5922997
no,1-butyl-3-methylimidazolium tetracyanoborate,CCCCn1cc[n+](C)c1.N#C[B-](C#N)(C#N)C#N,[C4MIm][B(CN)4],toluene,Cc1ccccc1,aromatic,methylcyclohexane,CC1CCCCC1,cycloalkane,0.4828,0.4529,0.0643,0.0,0.5616,0.4384,101.325,0.5,351,313.15,0.6342174,0.34210214,0.023680488,0.007844695,0.4372618,0.55489355
no,1-butyl-3-methylimidazolium tetracyanoborate,CCCCn1cc[n+](C)c1.N#C[B-](C#N)(C#N)C#N,[C4MIm][B(CN)4],toluene,Cc1ccccc1,aromatic,methylcyclohexane,CC1CCCCC1,cycloalkane,0.4312,0.5271,0.0417,0.0,0.6547,0.3453,101.325,0.625,351,313.15,0.5928185,0.3814135,0.025767975,0.008218343,0.4761668,0.51561487
no,1-butyl-3-methylimidazolium tetracyanoborate,CCCCn1cc[n+](C)c1.N#C[B-](C#N)(C#N)C#N,[C4MIm][B(CN)4],toluene,Cc1ccccc1,aromatic,methylcyclohexane,CC1CCCCC1,cycloalkane,0.3756,0.5804,0.044,0.0,0.7739,0.2261,101.325,0.75,351,313.15,0.5491143,0.42329383,0.027591847,0.008070055,0.51649565,0.4754343
no,1-butyl-3-methylimidazolium tetracyanoborate,CCCCn1cc[n+](C)c1.N#C[B-](C#N)(C#N)C#N,[C4MIm][B(CN)4],toluene,Cc1ccccc1,aromatic,methylcyclohexane,CC1CCCCC1,cycloalkane,0.3396,0.6409,0.0195,0.0,0.8569,0.1431,101.325,0.875,351,313.15,0.50390697,0.46706355,0.029029487,0.007422863,0.5576426,0.4349346
no,1-butyl-3-methylimidazolium tetracyanoborate,CCCCn1cc[n+](C)c1.N#C[B-](C#N)(C#N)C#N,[C4MIm][B(CN)4],toluene,Cc1ccccc1,aromatic,methylcyclohexane,CC1CCCCC1,cycloalkane,0.3079,0.6864,0.0057,0.0,0.9348,0.0652,101.325,1.0,351,313.15,0.46039456,0.5087231,0.030882386,0.0076297275,0.5958562,0.39651406
,1-ethyl-3-methylimidazolium ethylsulfate,CCOS(=O)(=O)[O-].CCn1cc[n+](C)c1,[C2MIm][EtSO4],benzene,c1ccccc1,aromatic,cyclooctane,C1CCCCCCC1,cycloalkane,0.934,0.055,0.011,0.0,0.101,0.899,101.325,0.0,375,298.15,0.9234241,0.06756538,0.009010562,0.0032313722,0.2242034,0.7725652
,1-ethyl-3-methylimidazolium ethylsulfate,CCOS(=O)(=O)[O-].CCn1cc[n+](C)c1,[C2MIm][EtSO4],benzene,c1ccccc1,aromatic,cyclooctane,C1CCCCCCC1,cycloalkane,0.903,0.085,0.012,0.0,0.158,0.842,101.325,0.125,375,298.15,0.90777373,0.08183912,0.010387116,0.003230795,0.2553154,0.74145377
,1-ethyl-3-methylimidazolium ethylsulfate,CCOS(=O)(=O)[O-].CCn1cc[n+](C)c1,[C2MIm][EtSO4],benzene,c1ccccc1,aromatic,cyclooctane,C1CCCCCCC1,cycloalkane,0.903,0.086,0.011,0.0,0.16,0.84,101.325,0.25,375,298.15,0.89127433,0.096893676,0.011832051,0.0032995667,0.28595284,0.7107476
,1-ethyl-3-methylimidazolium ethylsulfate,CCOS(=O)(=O)[O-].CCn1cc[n+](C)c1,[C2MIm][EtSO4],benzene,c1ccccc1,aromatic,cyclooctane,C1CCCCCCC1,cycloalkane,0.87700003,0.11200001,0.011000001,0.0,0.214,0.786,101.325,0.375,375,298.15,0.8730925,0.113386594,0.013520882,0.0035422435,0.31553286,0.68092495
,1-ethyl-3-methylimidazolium ethylsulfate,CCOS(=O)(=O)[O-].CCn1cc[n+](C)c1,[C2MIm][EtSO4],benzene,c1ccccc1,aromatic,cyclooctane,C1CCCCCCC1,cycloalkane,0.81500006,0.17400001,0.011000001,0.0,0.337,0.663,101.325,0.5,375,298.15,0.852435,0.13216709,0.01539792,0.0038012716,0.3471173,0.64908147
,1-ethyl-3-methylimidazolium ethylsulfate,CCOS(=O)(=O)[O-].CCn1cc[n+](C)c1,[C2MIm][EtSO4],benzene,c1ccccc1,aromatic,cyclooctane,C1CCCCCCC1,cycloalkane,0.771,0.219,0.01,0.0,0.465,0.535,101.325,0.625,375,298.15,0.8291311,0.15339173,0.01747714,0.0040763104,0.380391,0.6155327
,1-ethyl-3-methylimidazolium ethylsulfate,CCOS(=O)(=O)[O-].CCn1cc[n+](C)c1,[C2MIm][EtSO4],benzene,c1ccccc1,aromatic,cyclooctane,C1CCCCCCC1,cycloalkane,0.72,0.27,0.01,0.0,0.588,0.412,101.325,0.75,375,298.15,0.8029234,0.17734087,0.019735796,0.0043189493,0.414097,0.58158404
,1-ethyl-3-methylimidazolium ethylsulfate,CCOS(=O)(=O)[O-].CCn1cc[n+](C)c1,[C2MIm][EtSO4],benzene,c1ccccc1,aromatic,cyclooctane,C1CCCCCCC1,cycloalkane,0.67,0.321,0.009,0.0,0.716,0.284,101.325,0.875,375,298.15,0.7738257,0.20399843,0.022175875,0.0045526824,0.4486571,0.54679024
,1-ethyl-3-methylimidazolium ethylsulfate,CCOS(=O)(=O)[O-].CCn1cc[n+](C)c1,[C2MIm][EtSO4],benzene,c1ccccc1,aromatic,cyclooctane,C1CCCCCCC1,cycloalkane,0.61600006,0.37800002,0.0060000005,0.0,0.846,0.154,101.325,1.0,375,298.15,0.7497505,0.224889,0.025360515,0.0060846964,0.47098073,0.52293456
,3-methyl-N-ethylpyridinium ethylsulfate,CCOS(=O)(=O)[O-].CC[n+]1cccc(C)c1,[C2MPy][EtSO4],benzene,c1ccccc1,aromatic,cyclohexane,C1CCCCC1,cycloalkane,0.909,0.07,0.021,0.0,0.11,0.89,101.325,0.0,382,298.15,0.8929794,0.09439993,0.012620703,0.0046756207,0.24681622,0.7485082
,3-methyl-N-ethylpyridinium ethylsulfate,CCOS(=O)(=O)[O-].CC[n+]1cccc(C)c1,[C2MPy][EtSO4],benzene,c1ccccc1,aromatic,cyclohexane,C1CCCCC1,cycloalkane,0.87,0.109,0.021,0.0,0.166,0.834,101.325,0.125,382,298.15,0.87555367,0.11006701,0.014379296,0.0050395792,0.27314836,0.72181207
,3-methyl-N-ethylpyridinium ethylsulfate,CCOS(=O)(=O)[O-].CC[n+]1cccc(C)c1,[C2MPy][EtSO4],benzene,c1ccccc1,aromatic,cyclohexane,C1CCCCC1,cycloalkane,0.835,0.144,0.021,0.0,0.221,0.779,101.325,0.25,382,298.15,0.85422134,0.13000673,0.015771959,0.0042479,0.30384222,0.69190985
,3-methyl-N-ethylpyridinium ethylsulfate,CCOS(=O)(=O)[O-].CC[n+]1cccc(C)c1,[C2MPy][EtSO4],benzene,c1ccccc1,aromatic,cyclohexane,C1CCCCC1,cycloalkane,0.804,0.176,0.02,0.0,0.276,0.724,101.325,0.375,382,298.15,0.83143747,0.15070267,0.017859844,0.00454324,0.33400834,0.6614484
,3-methyl-N-ethylpyridinium ethylsulfate,CCOS(=O)(=O)[O-].CC[n+]1cccc(C)c1,[C2MPy][EtSO4],benzene,c1ccccc1,aromatic,cyclohexane,C1CCCCC1,cycloalkane,0.774,0.207,0.019,0.0,0.333,0.667,101.325,0.5,382,298.15,0.80585486,0.17400016,0.020144973,0.0048395526,0.36569327,0.62946725
,3-methyl-N-ethylpyridinium ethylsulfate,CCOS(=O)(=O)[O-].CC[n+]1cccc(C)c1,[C2MPy][EtSO4],benzene,c1ccccc1,aromatic,cyclohexane,C1CCCCC1,cycloalkane,0.714,0.269,0.017,0.0,0.442,0.558,101.325,0.625,382,298.15,0.7814153,0.19604324,0.022541424,0.005224097,0.39425355,0.6005223
,3-methyl-N-ethylpyridinium ethylsulfate,CCOS(=O)(=O)[O-].CC[n+]1cccc(C)c1,[C2MPy][EtSO4],benzene,c1ccccc1,aromatic,cyclohexane,C1CCCCC1,cycloalkane,0.659,0.326,0.015,0.0,0.565,0.435,101.325,0.75,382,298.15,0.75077623,0.22403969,0.025184121,0.0055162525,0.42770064,0.5667831
,3-methyl-N-ethylpyridinium ethylsulfate,CCOS(=O)(=O)[O-].CC[n+]1cccc(C)c1,[C2MPy][EtSO4],benzene,c1ccccc1,aromatic,cyclohexane,C1CCCCC1,cycloalkane,0.6,0.388,0.012,0.0,0.701,0.299,101.325,0.875,382,298.15,0.71747637,0.25454843,0.027975228,0.0057939184,0.46174788,0.53245825
,3-methyl-N-ethylpyridinium ethylsulfate,CCOS(=O)(=O)[O-].CC[n+]1cccc(C)c1,[C2MPy][EtSO4],benzene,c1ccccc1,aromatic,cyclohexane,C1CCCCC1,cycloalkane,0.538,0.453,0.009,0.0,0.84,0.16,101.325,1.0,382,298.15,0.6827768,0.28546882,0.03175438,0.007432848,0.49346703,0.49910015
,3-methyl-N-ethylpyridinium ethylsulfate,CCOS(=O)(=O)[O-].CC[n+]1cccc(C)c1,[C2MPy][EtSO4],benzene,c1ccccc1,aromatic,methylcyclohexane,CC1CCCCC1,cycloalkane,0.941,0.046,0.013,0.0,0.045,0.955,101.325,0.0,383,298.15,0.9135104,0.08218174,0.0043078763,0.0024785309,0.24071307,0.7568084
,3-methyl-N-ethylpyridinium ethylsulfate,CCOS(=O)(=O)[O-].CC[n+]1cccc(C)c1,[C2MPy][EtSO4],benzene,c1ccccc1,aromatic,methylcyclohexane,CC1CCCCC1,cycloalkane,0.896,0.091,0.013,0.0,0.1,0.9,101.325,0.125,383,298.15,0.8980749,0.09697937,0.0049456507,0.0026901653,0.27042806,0.72688174
,3-methyl-N-ethylpyridinium ethylsulfate,CCOS(=O)(=O)[O-].CC[n+]1cccc(C)c1,[C2MPy][EtSO4],benzene,c1ccccc1,aromatic,methylcyclohexane,CC1CCCCC1,cycloalkane,0.86,0.128,0.012,0.0,0.157,0.843,101.325,0.25,383,298.15,0.87355226,0.12077124,0.005676496,0.0025081579,0.31610486,0.68138695
,3-methyl-N-ethylpyridinium ethylsulfate,CCOS(=O)(=O)[O-].CC[n+]1cccc(C)c1,[C2MPy][EtSO4],benzene,c1ccccc1,aromatic,methylcyclohexane,CC1CCCCC1,cycloalkane,0.825,0.163,0.012,0.0,0.209,0.791,101.325,0.375,383,298.15,0.8497297,0.14387952,0.006390833,0.002428071,0.35846856,0.6391033
,3-methyl-N-ethylpyridinium ethylsulfate,CCOS(=O)(=O)[O-].CC[n+]1cccc(C)c1,[C2MPy][EtSO4],benzene,c1ccccc1,aromatic,methylcyclohexane,CC1CCCCC1,cycloalkane,0.762,0.228,0.01,0.0,0.319,0.681,101.325,0.5,383,298.15,0.82458144,0.16815534,0.007263205,0.002589544,0.39598504,0.6014254
,3-methyl-N-ethylpyridinium ethylsulfate,CCOS(=O)(=O)[O-].CC[n+]1cccc(C)c1,[C2MPy][EtSO4],benzene,c1ccccc1,aromatic,methylcyclohexane,CC1CCCCC1,cycloalkane,0.762,0.228,0.01,0.0,0.319,0.681,101.325,0.625,383,298.15,0.7962223,0.19556464,0.008213079,0.002744987,0.43481514,0.56243986
,3-methyl-N-ethylpyridinium ethylsulfate,CCOS(=O)(=O)[O-].CC[n+]1cccc(C)c1,[C2MPy][EtSO4],benzene,c1ccccc1,aromatic,methylcyclohexane,CC1CCCCC1,cycloalkane,0.699,0.292,0.009,0.0,0.441,0.559,101.325,0.75,383,298.15,0.7737231,0.21717039,0.009106415,0.0029102424,0.45929697,0.53779274
,3-methyl-N-ethylpyridinium ethylsulfate,CCOS(=O)(=O)[O-].CC[n+]1cccc(C)c1,[C2MPy][EtSO4],benzene,c1ccccc1,aromatic,methylcyclohexane,CC1CCCCC1,cycloalkane,0.57600003,0.41800004,0.0060000005,0.0,0.695,0.305,101.325,0.875,383,298.15,0.74661815,0.24332787,0.010053934,0.003001487,0.4910925,0.505906
,3-methyl-N-ethylpyridinium ethylsulfate,CCOS(=O)(=O)[O-].CC[n+]1cccc(C)c1,[C2MPy][EtSO4],benzene,c1ccccc1,aromatic,methylcyclohexane,CC1CCCCC1,cycloalkane,0.507,0.489,0.004,0.0,0.829,0.171,101.325,1.0,383,298.15,0.71055156,0.27824935,0.011199128,0.003132361,0.5308889,0.4659787
,3-methyl-N-ethylpyridinium ethylsulfate,CCOS(=O)(=O)[O-].CC[n+]1cccc(C)c1,[C2MPy][EtSO4],benzene,c1ccccc1,aromatic,cyclooctane,C1CCCCCCC1,cycloalkane,0.922,0.069,0.009,0.0,0.097,0.903,101.325,0.0,384,298.15,0.8941588,0.0935425,0.012298718,0.0044884332,0.24340875,0.7521028
,3-methyl-N-ethylpyridinium ethylsulfate,CCOS(=O)(=O)[O-].CC[n+]1cccc(C)c1,[C2MPy][EtSO4],benzene,c1ccccc1,aromatic,cyclooctane,C1CCCCCCC1,cycloalkane,0.884,0.107,0.009,0.0,0.155,0.845,101.325,0.11111111,384,298.15,0.8789762,0.10706388,0.013959939,0.005210988,0.26666376,0.7281252
,3-methyl-N-ethylpyridinium ethylsulfate,CCOS(=O)(=O)[O-].CC[n+]1cccc(C)c1,[C2MPy][EtSO4],benzene,c1ccccc1,aromatic,cyclooctane,C1CCCCCCC1,cycloalkane,0.849,0.142,0.009,0.0,0.209,0.791,101.325,0.22222222,384,298.15,0.8619645,0.12239717,0.015638229,0.0055548633,0.29120073,0.7032443
,3-methyl-N-ethylpyridinium ethylsulfate,CCOS(=O)(=O)[O-].CC[n+]1cccc(C)c1,[C2MPy][EtSO4],benzene,c1ccccc1,aromatic,cyclooctane,C1CCCCCCC1,cycloalkane,0.813,0.178,0.009,0.0,0.268,0.732,101.325,0.44444445,384,298.15,0.8183519,0.16255923,0.019088829,0.0054195784,0.34228367,0.6522968
,3-methyl-N-ethylpyridinium ethylsulfate,CCOS(=O)(=O)[O-].CC[n+]1cccc(C)c1,[C2MPy][EtSO4],benzene,c1ccccc1,aromatic,cyclooctane,C1CCCCCCC1,cycloalkane,0.813,0.178,0.009,0.0,0.267,0.733,101.325,0.33333334,384,298.15,0.8385333,0.14452119,0.016945574,0.0047421823,0.31378427,0.68147355
,3-methyl-N-ethylpyridinium ethylsulfate,CCOS(=O)(=O)[O-].CC[n+]1cccc(C)c1,[C2MPy][EtSO4],benzene,c1ccccc1,aromatic,cyclooctane,C1CCCCCCC1,cycloalkane,0.774,0.217,0.009,0.0,0.325,0.675,101.325,0.5555556,384,298.15,0.79313177,0.18592441,0.02094388,0.0053124907,0.3694015,0.625286
,3-methyl-N-ethylpyridinium ethylsulfate,CCOS(=O)(=O)[O-].CC[n+]1cccc(C)c1,[C2MPy][EtSO4],benzene,c1ccccc1,aromatic,cyclooctane,C1CCCCCCC1,cycloalkane,0.717,0.274,0.009,0.0,0.447,0.553,101.325,0.6666667,384,298.15,0.76727074,0.20958607,0.023143096,0.0055908756,0.39853874,0.5958704
,3-methyl-N-ethylpyridinium ethylsulfate,CCOS(=O)(=O)[O-].CC[n+]1cccc(C)c1,[C2MPy][EtSO4],benzene,c1ccccc1,aromatic,cyclooctane,C1CCCCCCC1,cycloalkane,0.65500003,0.33600003,0.009000001,0.0,0.566,0.434,101.325,0.7777778,384,298.15,0.7454333,0.22913633,0.025430432,0.0060563306,0.42980152,0.5641421
,3-methyl-N-ethylpyridinium ethylsulfate,CCOS(=O)(=O)[O-].CC[n+]1cccc(C)c1,[C2MPy][EtSO4],benzene,c1ccccc1,aromatic,cyclooctane,C1CCCCCCC1,cycloalkane,0.591,0.401,0.008,0.0,0.698,0.302,101.325,0.8888889,384,298.15,0.7157246,0.25637534,0.02790002,0.006327042,0.4600736,0.5335994
,3-methyl-N-ethylpyridinium ethylsulfate,CCOS(=O)(=O)[O-].CC[n+]1cccc(C)c1,[C2MPy][EtSO4],benzene,c1ccccc1,aromatic,cyclooctane,C1CCCCCCC1,cycloalkane,0.527,0.467,0.006,0.0,0.825,0.175,101.325,1.0,384,298.15,0.68394136,0.28557822,0.030480357,0.0065869354,0.4906876,0.5027255
,3-methyl-N-ethylpyridinium ethylsulfate,CCOS(=O)(=O)[O-].CC[n+]1cccc(C)c1,[C2MPy][EtSO4],toluene,Cc1ccccc1,aromatic,cyclooctane,C1CCCCCCC1,cycloalkane,0.954,0.032,0.014,0.0,0.094,0.906,101.325,0.0,387,298.15,0.950915,0.04359491,0.005490012,0.0027326196,0.30180562,0.69546175
,3-methyl-N-ethylpyridinium ethylsulfate,CCOS(=O)(=O)[O-].CC[n+]1cccc(C)c1,[C2MPy][EtSO4],toluene,Cc1ccccc1,aromatic,cyclooctane,C1CCCCCCC1,cycloalkane,0.933,0.053,0.014,0.0,0.169,0.831,101.325,0.11111111,387,298.15,0.94328225,0.0505707,0.0061470983,0.002737924,0.32770103,0.6695611
,3-methyl-N-ethylpyridinium ethylsulfate,CCOS(=O)(=O)[O-].CC[n+]1cccc(C)c1,[C2MPy][EtSO4],toluene,Cc1ccccc1,aromatic,cyclooctane,C1CCCCCCC1,cycloalkane,0.913,0.075,0.012,0.0,0.233,0.767,101.325,0.22222222,387,298.15,0.9344597,0.058572654,0.006967705,0.0029037131,0.35388395,0.6432123
,3-methyl-N-ethylpyridinium ethylsulfate,CCOS(=O)(=O)[O-].CC[n+]1cccc(C)c1,[C2MPy][EtSO4],toluene,Cc1ccccc1,aromatic,cyclooctane,C1CCCCCCC1,cycloalkane,0.894,0.094,0.012,0.0,0.292,0.708,101.325,0.33333334,387,298.15,0.92435706,0.067754835,0.007888097,0.003071331,0.38105026,0.61587846
,3-methyl-N-ethylpyridinium ethylsulfate,CCOS(=O)(=O)[O-].CC[n+]1cccc(C)c1,[C2MPy][EtSO4],toluene,Cc1ccccc1,aromatic,cyclooctane,C1CCCCCCC1,cycloalkane,0.872,0.118,0.01,0.0,0.348,0.652,101.325,0.44444445,387,298.15,0.9121326,0.07848155,0.009385816,0.004038698,0.40488178,0.59107953
,3-methyl-N-ethylpyridinium ethylsulfate,CCOS(=O)(=O)[O-].CC[n+]1cccc(C)c1,[C2MPy][EtSO4],toluene,Cc1ccccc1,aromatic,cyclooctane,C1CCCCCCC1,cycloalkane,0.83,0.163,0.007,0.0,0.481,0.519,101.325,0.5555556,387,298.15,0.8991041,0.09031933,0.0105766,0.00424384,0.43306017,0.5626959
,3-methyl-N-ethylpyridinium ethylsulfate,CCOS(=O)(=O)[O-].CC[n+]1cccc(C)c1,[C2MPy][EtSO4],toluene,Cc1ccccc1,aromatic,cyclooctane,C1CCCCCCC1,cycloalkane,0.793,0.202,0.005,0.0,0.619,0.381,101.325,0.6666667,387,298.15,0.8844813,0.10363526,0.011883474,0.004444877,0.4614985,0.5340566
,3-methyl-N-ethylpyridinium ethylsulfate,CCOS(=O)(=O)[O-].CC[n+]1cccc(C)c1,[C2MPy][EtSO4],toluene,Cc1ccccc1,aromatic,cyclooctane,C1CCCCCCC1,cycloalkane,0.753,0.244,0.003,0.0,0.745,0.255,101.325,0.8888889,387,298.15,0.8514238,0.13364698,0.014929164,0.005279295,0.51848257,0.47623813
,3-methyl-N-ethylpyridinium ethylsulfate,CCOS(=O)(=O)[O-].CC[n+]1cccc(C)c1,[C2MPy][EtSO4],toluene,Cc1ccccc1,aromatic,cyclooctane,C1CCCCCCC1,cycloalkane,0.754,0.243,0.003,0.0,0.74,0.26,101.325,0.7777778,387,298.15,0.8695119,0.11713497,0.013353128,0.0050740126,0.49002507,0.5049009
,3-methyl-N-ethylpyridinium ethylsulfate,CCOS(=O)(=O)[O-].CC[n+]1cccc(C)c1,[C2MPy][EtSO4],toluene,Cc1ccccc1,aromatic,cyclooctane,C1CCCCCCC1,cycloalkane,0.708,0.291,0.001,0.0,0.877,0.123,101.325,1.0,387,298.15,0.83123744,0.15211621,0.016646331,0.005473707,0.5469196,0.44760668
,"1,3-dimethylimidazolium dimethylphosphate",COP(=O)([O-])OC.Cn1cc[n+](C)c1,[C1MIm][DMP],benzene,c1ccccc1,aromatic,cyclohexane,C1CCCCC1,cycloalkane,0.8684,0.0388,0.0928,0.0,0.0738,0.9262,101.325,0.0,397,298.2,0.9065447,0.08323806,0.010217212,0.003502546,0.21113001,0.7853674
,"1,3-dimethylimidazolium dimethylphosphate",COP(=O)([O-])OC.Cn1cc[n+](C)c1,[C1MIm][DMP],benzene,c1ccccc1,aromatic,cyclohexane,C1CCCCC1,cycloalkane,0.8423,0.0497,0.108,0.0,0.1019,0.8981,101.325,0.071428575,397,298.2,0.89782894,0.091134034,0.011036987,0.0036692,0.2247419,0.7715889
,"1,3-dimethylimidazolium dimethylphosphate",COP(=O)([O-])OC.Cn1cc[n+](C)c1,[C1MIm][DMP],benzene,c1ccccc1,aromatic,cyclohexane,C1CCCCC1,cycloalkane,0.843,0.0522,0.1048,0.0,0.1101,0.8899,101.325,0.14285715,397,298.2,0.8884356,0.09965518,0.01190928,0.0038392865,0.23896499,0.7571957
,"1,3-dimethylimidazolium dimethylphosphate",COP(=O)([O-])OC.Cn1cc[n+](C)c1,[C1MIm][DMP],benzene,c1ccccc1,aromatic,cyclohexane,C1CCCCC1,cycloalkane,0.818,0.0948,0.0872,0.0,0.2331,0.7669,101.325,0.21428572,397,298.2,0.87818617,0.10892718,0.012886704,0.004060125,0.25389943,0.7420404
,"1,3-dimethylimidazolium dimethylphosphate",COP(=O)([O-])OC.Cn1cc[n+](C)c1,[C1MIm][DMP],benzene,c1ccccc1,aromatic,cyclohexane,C1CCCCC1,cycloalkane,0.77860004,0.13100001,0.09040001,0.0,0.309,0.691,101.325,0.2857143,397,298.2,0.86723256,0.11888953,0.013877956,0.0042374036,0.26939473,0.72636783
,"1,3-dimethylimidazolium dimethylphosphate",COP(=O)([O-])OC.Cn1cc[n+](C)c1,[C1MIm][DMP],benzene,c1ccccc1,aromatic,cyclohexane,C1CCCCC1,cycloalkane,0.79200006,0.13380001,0.074200004,0.0,0.4008,0.5992,101.325,0.35714287,397,298.2,0.8554822,0.12958886,0.014928955,0.0044180052,0.28540775,0.71017426
,"1,3-dimethylimidazolium dimethylphosphate",COP(=O)([O-])OC.Cn1cc[n+](C)c1,[C1MIm][DMP],benzene,c1ccccc1,aromatic,cyclohexane,C1CCCCC1,cycloalkane,0.7655,0.1618,0.0727,0.0,0.4839,0.5161,101.325,0.42857143,397,298.2,0.8430423,0.14098048,0.01597728,0.004535191,0.3021146,0.6933502
,"1,3-dimethylimidazolium dimethylphosphate",COP(=O)([O-])OC.Cn1cc[n+](C)c1,[C1MIm][DMP],benzene,c1ccccc1,aromatic,cyclohexane,C1CCCCC1,cycloalkane,0.7576,0.1656,0.0768,0.0,0.4937,0.5063,101.325,0.5,397,298.2,0.8295564,0.15330294,0.017140627,0.0047138575,0.31926468,0.67602146
,"1,3-dimethylimidazolium dimethylphosphate",COP(=O)([O-])OC.Cn1cc[n+](C)c1,[C1MIm][DMP],benzene,c1ccccc1,aromatic,cyclohexane,C1CCCCC1,cycloalkane,0.7357,0.1769,0.0874,0.0,0.5023,0.4977,101.325,0.5714286,397,298.2,0.8152008,0.16642864,0.018370518,0.0048954817,0.33689514,0.6582093
,"1,3-dimethylimidazolium dimethylphosphate",COP(=O)([O-])OC.Cn1cc[n+](C)c1,[C1MIm][DMP],benzene,c1ccccc1,aromatic,cyclohexane,C1CCCCC1,cycloalkane,0.7181,0.2101,0.0718,0.0,0.5954,0.4046,101.325,0.64285713,397,298.2,0.7990527,0.18143588,0.019511407,0.0046733785,0.3551617,0.640165
,"1,3-dimethylimidazolium dimethylphosphate",COP(=O)([O-])OC.Cn1cc[n+](C)c1,[C1MIm][DMP],benzene,c1ccccc1,aromatic,cyclohexane,C1CCCCC1,cycloalkane,0.6926,0.2372,0.0702,0.0,0.6853,0.3147,101.325,0.71428573,397,298.2,0.7824095,0.19683585,0.020754606,0.0046401834,0.37372983,0.62162995
,"1,3-dimethylimidazolium dimethylphosphate",COP(=O)([O-])OC.Cn1cc[n+](C)c1,[C1MIm][DMP],benzene,c1ccccc1,aromatic,cyclohexane,C1CCCCC1,cycloalkane,0.6603,0.2595,0.0802,0.0,0.6976,0.3024,101.325,0.78571427,397,298.2,0.76515675,0.21270616,0.022137018,0.004796207,0.3927658,0.60243803
,"1,3-dimethylimidazolium dimethylphosphate",COP(=O)([O-])OC.Cn1cc[n+](C)c1,[C1MIm][DMP],benzene,c1ccccc1,aromatic,cyclohexane,C1CCCCC1,cycloalkane,0.65870005,0.27850002,0.062800005,0.0,0.8252,0.1748,101.325,0.85714287,397,298.2,0.7481204,0.22824253,0.023637027,0.005196102,0.41158685,0.583217
,"1,3-dimethylimidazolium dimethylphosphate",COP(=O)([O-])OC.Cn1cc[n+](C)c1,[C1MIm][DMP],benzene,c1ccccc1,aromatic,cyclohexane,C1CCCCC1,cycloalkane,0.6718,0.2738,0.0544,0.0,0.877,0.123,101.325,0.9285714,397,298.2,0.7320289,0.24276005,0.02521109,0.00587878,0.42971578,0.56440544
,"1,3-dimethylimidazolium dimethylphosphate",COP(=O)([O-])OC.Cn1cc[n+](C)c1,[C1MIm][DMP],benzene,c1ccccc1,aromatic,cyclohexane,C1CCCCC1,cycloalkane,0.638,0.3027,0.0593,0.0,0.8834,0.1166,101.325,1.0,397,298.2,0.7124221,0.26083383,0.026744144,0.006048508,0.44928765,0.5446638
,"1,3-dimethylimidazolium dimethylphosphate",COP(=O)([O-])OC.Cn1cc[n+](C)c1,[C1MIm][DMP],benzene,c1ccccc1,aromatic,cyclohexane,C1CCCCC1,cycloalkane,0.9065,0.0396,0.0539,0.0079,0.1663,0.8258,101.325,0.0,398,298.2,0.90747774,0.08238556,0.01013662,0.0035559216,0.2108701,0.78557396
,"1,3-dimethylimidazolium dimethylphosphate",COP(=O)([O-])OC.Cn1cc[n+](C)c1,[C1MIm][DMP],benzene,c1ccccc1,aromatic,cyclohexane,C1CCCCC1,cycloalkane,0.871,0.0668,0.0622,0.0049,0.2538,0.7413,101.325,0.2,398,298.2,0.881617,0.10583443,0.012548612,0.0040369825,0.25027686,0.7456861
,"1,3-dimethylimidazolium dimethylphosphate",COP(=O)([O-])OC.Cn1cc[n+](C)c1,[C1MIm][DMP],benzene,c1ccccc1,aromatic,cyclohexane,C1CCCCC1,cycloalkane,0.85440004,0.087900005,0.057700004,0.0,0.3174,0.6826,101.325,0.4,398,298.2,0.84969723,0.13488717,0.015415573,0.0045396173,0.294448,0.7010124
,"1,3-dimethylimidazolium dimethylphosphate",COP(=O)([O-])OC.Cn1cc[n+](C)c1,[C1MIm][DMP],benzene,c1ccccc1,aromatic,cyclohexane,C1CCCCC1,cycloalkane,0.834,0.1057,0.0603,1e-04,0.3463,0.6536,101.325,0.6,398,298.2,0.81098276,0.170261,0.018756233,0.00505473,0.3430096,0.6519357
,"1,3-dimethylimidazolium dimethylphosphate",COP(=O)([O-])OC.Cn1cc[n+](C)c1,[C1MIm][DMP],benzene,c1ccccc1,aromatic,cyclohexane,C1CCCCC1,cycloalkane,0.8194,0.1218,0.0588,0.0131,0.3841,0.6028,101.325,0.8,398,298.2,0.76459825,0.21276216,0.022639493,0.005616339,0.39480734,0.5995763
,"1,3-dimethylimidazolium dimethylphosphate",COP(=O)([O-])OC.Cn1cc[n+](C)c1,[C1MIm][DMP],benzene,c1ccccc1,aromatic,cyclohexane,C1CCCCC1,cycloalkane,0.81850004,0.12990001,0.051600005,0.0109,0.4597,0.5294,101.325,1.0,398,298.2,0.7100619,0.2628734,0.027064664,0.006226274,0.44917792,0.5445958
,1-ethyl-3-methylimidazolium thiocyanate,CCn1cc[n+](C)c1.N#C[S-],[C2MIm][SCN],benzene,c1ccccc1,aromatic,cyclohexane,C1CCCCC1,cycloalkane,0.95204794,0.037962034,0.0099900095,0.0,0.082,0.918,101.325,0.0,402,298.2,0.9160312,0.075202174,0.008766685,0.0047051916,0.28535965,0.7099351
,1-ethyl-3-methylimidazolium thiocyanate,CCn1cc[n+](C)c1.N#C[S-],[C2MIm][SCN],benzene,c1ccccc1,aromatic,cyclohexane,C1CCCCC1,cycloalkane,0.91091084,0.07707707,0.012012011,0.0,0.168,0.832,101.325,0.2,402,298.2,0.8889598,0.09970023,0.0113400165,0.005784077,0.32866755,0.6655483
,1-ethyl-3-methylimidazolium thiocyanate,CCn1cc[n+](C)c1.N#C[S-],[C2MIm][SCN],benzene,c1ccccc1,aromatic,cyclohexane,C1CCCCC1,cycloalkane,0.876,0.114,0.01,0.0,0.259,0.741,101.325,0.4,402,298.2,0.85993207,0.12620541,0.013862448,0.006381488,0.3779319,0.6156867
,1-ethyl-3-methylimidazolium thiocyanate,CCn1cc[n+](C)c1.N#C[S-],[C2MIm][SCN],benzene,c1ccccc1,aromatic,cyclohexane,C1CCCCC1,cycloalkane,0.842,0.149,0.009,0.0,0.351,0.649,101.325,0.6,402,298.2,0.8248486,0.15835434,0.016797105,0.006962845,0.42987382,0.5631633
,1-ethyl-3-methylimidazolium thiocyanate,CCn1cc[n+](C)c1.N#C[S-],[C2MIm][SCN],benzene,c1ccccc1,aromatic,cyclohexane,C1CCCCC1,cycloalkane,0.808,0.184,0.008,0.0,0.45,0.55,101.325,0.8,402,298.2,0.78305566,0.19670188,0.020242516,0.0076902215,0.48355696,0.5087528
,1-ethyl-3-methylimidazolium thiocyanate,CCn1cc[n+](C)c1.N#C[S-],[C2MIm][SCN],benzene,c1ccccc1,aromatic,cyclohexane,C1CCCCC1,cycloalkane,0.771,0.222,0.007,0.0,0.553,0.447,101.325,1.0,402,298.2,0.73475873,0.24120547,0.024035757,0.008292392,0.5373773,0.4543303
,1-ethyl-3-methylimidazolium tricyanomethanide,CCn1cc[n+](C)c1.N#CC(=C=[N-])C#N,[C2MIm][C(CN)3],ethylbenzene,CCc1ccccc1,aromatic,styrene,C=Cc1ccccc1,aromatic,0.6,0.4,0.0,0.0,1.0,0.0,101.325,0.0,411,298.15,0.5056097,0.17795695,0.31643334,0.028602509,0.56570905,0.40568843
,1-ethyl-3-methylimidazolium tricyanomethanide,CCn1cc[n+](C)c1.N#CC(=C=[N-])C#N,[C2MIm][C(CN)3],ethylbenzene,CCc1ccccc1,aromatic,styrene,C=Cc1ccccc1,aromatic,0.573,0.394,0.033,0.0,0.956,0.044,101.325,0.1,411,298.15,0.49575806,0.17992657,0.32431534,0.026099106,0.5631562,0.41074467
,1-ethyl-3-methylimidazolium tricyanomethanide,CCn1cc[n+](C)c1.N#CC(=C=[N-])C#N,[C2MIm][C(CN)3],ethylbenzene,CCc1ccccc1,aromatic,styrene,C=Cc1ccccc1,aromatic,0.529,0.37,0.101,0.0,0.876,0.124,101.325,0.2,411,298.15,0.48075265,0.18433855,0.33490878,0.025168251,0.5591667,0.415665
,1-ethyl-3-methylimidazolium tricyanomethanide,CCn1cc[n+](C)c1.N#CC(=C=[N-])C#N,[C2MIm][C(CN)3],ethylbenzene,CCc1ccccc1,aromatic,styrene,C=Cc1ccccc1,aromatic,0.476,0.336,0.188,0.0,0.775,0.225,101.325,0.3,411,298.15,0.46056786,0.19116497,0.3482672,0.025663389,0.5537497,0.42058688
,1-ethyl-3-methylimidazolium tricyanomethanide,CCn1cc[n+](C)c1.N#CC(=C=[N-])C#N,[C2MIm][C(CN)3],ethylbenzene,CCc1ccccc1,aromatic,styrene,C=Cc1ccccc1,aromatic,0.445,0.311,0.244,0.0,0.708,0.292,101.325,0.4,411,298.15,0.44075987,0.19783673,0.36140338,0.026153395,0.5484107,0.42543584
,1-ethyl-3-methylimidazolium tricyanomethanide,CCn1cc[n+](C)c1.N#CC(=C=[N-])C#N,[C2MIm][C(CN)3],ethylbenzene,CCc1ccccc1,aromatic,styrene,C=Cc1ccccc1,aromatic,0.423,0.29,0.287,0.0,0.655,0.345,101.325,0.5,411,298.15,0.42298955,0.20368147,0.373329,0.025729224,0.5434758,0.43079498
,1-ethyl-3-methylimidazolium tricyanomethanide,CCn1cc[n+](C)c1.N#CC(=C=[N-])C#N,[C2MIm][C(CN)3],ethylbenzene,CCc1ccccc1,aromatic,styrene,C=Cc1ccccc1,aromatic,0.39,0.268,0.342,0.0,0.588,0.412,101.325,0.6,411,298.15,0.4034987,0.21021211,0.3862892,0.026215963,0.5382009,0.4355831
,1-ethyl-3-methylimidazolium tricyanomethanide,CCn1cc[n+](C)c1.N#CC(=C=[N-])C#N,[C2MIm][C(CN)3],ethylbenzene,CCc1ccccc1,aromatic,styrene,C=Cc1ccccc1,aromatic,0.367,0.245,0.388,0.0,0.531,0.469,101.325,0.7,411,298.15,0.38430932,0.21662496,0.39906567,0.026706483,0.53292555,0.44036797
,1-ethyl-3-methylimidazolium tricyanomethanide,CCn1cc[n+](C)c1.N#CC(=C=[N-])C#N,[C2MIm][C(CN)3],ethylbenzene,CCc1ccccc1,aromatic,styrene,C=Cc1ccccc1,aromatic,0.352,0.224,0.424,0.0,0.488,0.512,101.325,0.8,411,298.15,0.36724383,0.22177781,0.41097835,0.026831036,0.5277862,0.44538283
,1-ethyl-3-methylimidazolium tricyanomethanide,CCn1cc[n+](C)c1.N#CC(=C=[N-])C#N,[C2MIm][C(CN)3],ethylbenzene,CCc1ccccc1,aromatic,styrene,C=Cc1ccccc1,aromatic,0.33900002,0.21100001,0.45000002,0.0,0.453,0.547,101.325,0.9,411,298.15,0.34888625,0.22784765,0.4232661,0.027313659,0.52258575,0.45010057
,1-ethyl-3-methylimidazolium tricyanomethanide,CCn1cc[n+](C)c1.N#CC(=C=[N-])C#N,[C2MIm][C(CN)3],ethylbenzene,CCc1ccccc1,aromatic,styrene,C=Cc1ccccc1,aromatic,0.314,0.185,0.501,0.0,0.389,0.611,101.325,1.0,411,298.15,0.3287288,0.23483174,0.43643945,0.027558628,0.5173848,0.45505655
no,(3-cyanopropyl)methylpyrrolidinium dicyanamide,C[N+]1(CCCC#N)CCCC1.N#CN=C=[N-],[C3CNMPyr][N(CN)2],styrene,C=Cc1ccccc1,aromatic,ethylbenzene,CCc1ccccc1,aromatic,0.68,0.32,0.0,0.0,1.0,0.0,101.325,0.0,418,298.15,0.88222677,0.071605295,0.04616801,0.010314296,0.50030863,0.48937708
no,(3-cyanopropyl)methylpyrrolidinium dicyanamide,C[N+]1(CCCC#N)CCCC1.N#CN=C=[N-],[C3CNMPyr][N(CN)2],styrene,C=Cc1ccccc1,aromatic,ethylbenzene,CCc1ccccc1,aromatic,0.686,0.309,0.005,0.0,0.966,0.034,101.325,0.125,418,298.15,0.87033194,0.07892979,0.050738323,0.0106678745,0.5041221,0.48520997
no,(3-cyanopropyl)methylpyrrolidinium dicyanamide,C[N+]1(CCCC#N)CCCC1.N#CN=C=[N-],[C3CNMPyr][N(CN)2],styrene,C=Cc1ccccc1,aromatic,ethylbenzene,CCc1ccccc1,aromatic,0.692,0.295,0.013,0.0,0.911,0.089,101.325,0.25,418,298.15,0.85744005,0.08687625,0.055683684,0.011032965,0.50796276,0.48100424
no,(3-cyanopropyl)methylpyrrolidinium dicyanamide,C[N+]1(CCCC#N)CCCC1.N#CN=C=[N-],[C3CNMPyr][N(CN)2],styrene,C=Cc1ccccc1,aromatic,ethylbenzene,CCc1ccccc1,aromatic,0.712,0.262,0.026,0.0,0.823,0.177,101.325,0.375,418,298.15,0.84331155,0.09557093,0.06111755,0.011483962,0.51174885,0.4767672
no,(3-cyanopropyl)methylpyrrolidinium dicyanamide,C[N+]1(CCCC#N)CCCC1.N#CN=C=[N-],[C3CNMPyr][N(CN)2],styrene,C=Cc1ccccc1,aromatic,ethylbenzene,CCc1ccccc1,aromatic,0.731,0.225,0.044,0.0,0.736,0.264,101.325,0.5,418,298.15,0.82832515,0.1048294,0.06684539,0.011871886,0.5156733,0.4724548
no,(3-cyanopropyl)methylpyrrolidinium dicyanamide,C[N+]1(CCCC#N)CCCC1.N#CN=C=[N-],[C3CNMPyr][N(CN)2],styrene,C=Cc1ccccc1,aromatic,ethylbenzene,CCc1ccccc1,aromatic,0.752,0.185,0.063,0.0,0.649,0.351,101.325,0.625,418,298.15,0.81224203,0.11477871,0.07297932,0.0122711845,0.51963943,0.4680894
no,(3-cyanopropyl)methylpyrrolidinium dicyanamide,C[N+]1(CCCC#N)CCCC1.N#CN=C=[N-],[C3CNMPyr][N(CN)2],styrene,C=Cc1ccccc1,aromatic,ethylbenzene,CCc1ccccc1,aromatic,0.78,0.147,0.073,0.0,0.54,0.46,101.325,0.75,418,298.15,0.7950266,0.12544541,0.07952799,0.012681652,0.5236544,0.463664
no,(3-cyanopropyl)methylpyrrolidinium dicyanamide,C[N+]1(CCCC#N)CCCC1.N#CN=C=[N-],[C3CNMPyr][N(CN)2],styrene,C=Cc1ccccc1,aromatic,ethylbenzene,CCc1ccccc1,aromatic,0.796,0.124,0.08,0.0,0.452,0.548,101.325,0.875,418,298.15,0.77753705,0.13641421,0.086048685,0.012829553,0.5281958,0.45897466
no,(3-cyanopropyl)methylpyrrolidinium dicyanamide,C[N+]1(CCCC#N)CCCC1.N#CN=C=[N-],[C3CNMPyr][N(CN)2],styrene,C=Cc1ccccc1,aromatic,ethylbenzene,CCc1ccccc1,aromatic,0.813,0.1,0.087,0.0,0.348,0.652,101.325,1.0,418,298.15,0.7581215,0.14849505,0.09338344,0.013250308,0.5323369,0.4544128
,1-ethyl-3-methylimidazolium bis(trifluoromethylsulfonyl)imide,CCn1cc[n+](C)c1.O=S(=O)([N-]S(=O)(=O)C(F)(F)F)C(F)(F)F,[C2MIm][NTf2],thiophene,c1ccsc1,S-compound,n-hexane,CCCCCC,alkane,0.961,0.0,0.039,0.0,0.0,1.0,101.325,0.0,419,298.15,0.7532409,0.22605601,0.020703133,0.005737834,0.2114275,0.78283465
,1-ethyl-3-methylimidazolium bis(trifluoromethylsulfonyl)imide,CCn1cc[n+](C)c1.O=S(=O)([N-]S(=O)(=O)C(F)(F)F)C(F)(F)F,[C2MIm][NTf2],thiophene,c1ccsc1,S-compound,n-hexane,CCCCCC,alkane,0.873,0.088,0.039,0.0,0.049,0.951,101.325,0.1,419,298.15,0.72617024,0.2512555,0.022574302,0.0061259703,0.23237398,0.7615
,1-ethyl-3-methylimidazolium bis(trifluoromethylsulfonyl)imide,CCn1cc[n+](C)c1.O=S(=O)([N-]S(=O)(=O)C(F)(F)F)C(F)(F)F,[C2MIm][NTf2],thiophene,c1ccsc1,S-compound,n-hexane,CCCCCC,alkane,0.76900005,0.19200002,0.039000005,0.0,0.113,0.887,101.325,0.2,419,298.15,0.69802874,0.2775743,0.024396937,0.006560474,0.2570808,0.7363587
,1-ethyl-3-methylimidazolium bis(trifluoromethylsulfonyl)imide,CCn1cc[n+](C)c1.O=S(=O)([N-]S(=O)(=O)C(F)(F)F)C(F)(F)F,[C2MIm][NTf2],thiophene,c1ccsc1,S-compound,n-hexane,CCCCCC,alkane,0.673,0.289,0.038,0.0,0.192,0.808,101.325,0.3,419,298.15,0.6678829,0.30579185,0.026325231,0.006982238,0.2822737,0.7107441
,1-ethyl-3-methylimidazolium bis(trifluoromethylsulfonyl)imide,CCn1cc[n+](C)c1.O=S(=O)([N-]S(=O)(=O)C(F)(F)F)C(F)(F)F,[C2MIm][NTf2],thiophene,c1ccsc1,S-compound,n-hexane,CCCCCC,alkane,0.588,0.377,0.035,0.0,0.277,0.723,101.325,0.4,419,298.15,0.6358701,0.33570275,0.028427113,0.0074677602,0.30672374,0.6858085
,1-ethyl-3-methylimidazolium bis(trifluoromethylsulfonyl)imide,CCn1cc[n+](C)c1.O=S(=O)([N-]S(=O)(=O)C(F)(F)F)C(F)(F)F,[C2MIm][NTf2],thiophene,c1ccsc1,S-compound,n-hexane,CCCCCC,alkane,0.499,0.464,0.037,0.0,0.405,0.595,101.325,0.5,419,298.15,0.60281587,0.36657628,0.030607892,0.008036298,0.33133632,0.6606274
,1-ethyl-3-methylimidazolium bis(trifluoromethylsulfonyl)imide,CCn1cc[n+](C)c1.O=S(=O)([N-]S(=O)(=O)C(F)(F)F)C(F)(F)F,[C2MIm][NTf2],thiophene,c1ccsc1,S-compound,n-hexane,CCCCCC,alkane,0.48,0.483,0.037,0.0,0.42,0.58,101.325,0.6,419,298.15,0.5688775,0.39846087,0.03266164,0.008452547,0.35869405,0.63285345
,1-ethyl-3-methylimidazolium bis(trifluoromethylsulfonyl)imide,CCn1cc[n+](C)c1.O=S(=O)([N-]S(=O)(=O)C(F)(F)F)C(F)(F)F,[C2MIm][NTf2],thiophene,c1ccsc1,S-compound,n-hexane,CCCCCC,alkane,0.414,0.551,0.035,0.0,0.549,0.451,101.325,0.7,419,298.15,0.5343128,0.43100622,0.034680985,0.00885518,0.38698456,0.60416025
,1-ethyl-3-methylimidazolium bis(trifluoromethylsulfonyl)imide,CCn1cc[n+](C)c1.O=S(=O)([N-]S(=O)(=O)C(F)(F)F)C(F)(F)F,[C2MIm][NTf2],thiophene,c1ccsc1,S-compound,n-hexane,CCCCCC,alkane,0.364,0.601,0.035,0.0,0.644,0.356,101.325,0.8,419,298.15,0.50171244,0.46161172,0.036675796,0.00933181,0.41347265,0.5771955
,1-ethyl-3-methylimidazolium bis(trifluoromethylsulfonyl)imide,CCn1cc[n+](C)c1.O=S(=O)([N-]S(=O)(=O)C(F)(F)F)C(F)(F)F,[C2MIm][NTf2],thiophene,c1ccsc1,S-compound,n-hexane,CCCCCC,alkane,0.31800002,0.65300006,0.029000001,0.0,0.768,0.232,101.325,0.9,419,298.15,0.46826982,0.49313453,0.038595676,0.009751019,0.44154823,0.54870075
,1-ethyl-3-methylimidazolium bis(trifluoromethylsulfonyl)imide,CCn1cc[n+](C)c1.O=S(=O)([N-]S(=O)(=O)C(F)(F)F)C(F)(F)F,[C2MIm][NTf2],thiophene,c1ccsc1,S-compound,n-hexane,CCCCCC,alkane,0.25700003,0.71900004,0.024000002,0.0,0.897,0.103,101.325,1.0,419,298.15,0.43413082,0.5254635,0.040405612,0.010109201,0.47124895,0.5186418
,1-methyl-3-octyl-imidazolium bis(trifluoromethylsulfonyl)imide,CCCCCCCC[n+]1ccn(C)c1.O=S(=O)([N-]S(=O)(=O)C(F)(F)F)C(F)(F)F,[C8MIm][NTf2],thiophene,c1ccsc1,S-compound,n-hexane,CCCCCC,alkane,0.711,0.0,0.289,0.0,0.0,1.0,101.325,0.0,420,298.15,0.5873119,0.3396971,0.07299098,0.012176817,0.21558712,0.77223605
,1-methyl-3-octyl-imidazolium bis(trifluoromethylsulfonyl)imide,CCCCCCCC[n+]1ccn(C)c1.O=S(=O)([N-]S(=O)(=O)C(F)(F)F)C(F)(F)F,[C8MIm][NTf2],thiophene,c1ccsc1,S-compound,n-hexane,CCCCCC,alkane,0.547,0.19,0.263,0.0,0.087,0.913,101.325,0.125,420,298.15,0.5472747,0.37406424,0.07866104,0.013117692,0.2404466,0.74643564
,1-methyl-3-octyl-imidazolium bis(trifluoromethylsulfonyl)imide,CCCCCCCC[n+]1ccn(C)c1.O=S(=O)([N-]S(=O)(=O)C(F)(F)F)C(F)(F)F,[C8MIm][NTf2],thiophene,c1ccsc1,S-compound,n-hexane,CCCCCC,alkane,0.363,0.412,0.225,0.001,0.267,0.732,101.325,0.25,420,298.15,0.5070045,0.4087427,0.08425278,0.014058505,0.26626775,0.71967375
,1-methyl-3-octyl-imidazolium bis(trifluoromethylsulfonyl)imide,CCCCCCCC[n+]1ccn(C)c1.O=S(=O)([N-]S(=O)(=O)C(F)(F)F)C(F)(F)F,[C8MIm][NTf2],thiophene,c1ccsc1,S-compound,n-hexane,CCCCCC,alkane,0.274,0.518,0.208,0.0,0.399,0.601,101.325,0.375,420,298.15,0.46718046,0.44316006,0.089659445,0.014977571,0.2927281,0.69229436
,1-methyl-3-octyl-imidazolium bis(trifluoromethylsulfonyl)imide,CCCCCCCC[n+]1ccn(C)c1.O=S(=O)([N-]S(=O)(=O)C(F)(F)F)C(F)(F)F,[C8MIm][NTf2],thiophene,c1ccsc1,S-compound,n-hexane,CCCCCC,alkane,0.215,0.593,0.192,0.0,0.545,0.455,101.325,0.5,420,298.15,0.4288994,0.4761773,0.09492331,0.015955338,0.32030565,0.66373897
,1-methyl-3-octyl-imidazolium bis(trifluoromethylsulfonyl)imide,CCCCCCCC[n+]1ccn(C)c1.O=S(=O)([N-]S(=O)(=O)C(F)(F)F)C(F)(F)F,[C8MIm][NTf2],thiophene,c1ccsc1,S-compound,n-hexane,CCCCCC,alkane,0.168,0.66,0.172,0.0,0.62,0.38,101.325,0.625,420,298.15,0.39306042,0.5069701,0.09996948,0.01698889,0.3484832,0.634528
,1-methyl-3-octyl-imidazolium bis(trifluoromethylsulfonyl)imide,CCCCCCCC[n+]1ccn(C)c1.O=S(=O)([N-]S(=O)(=O)C(F)(F)F)C(F)(F)F,[C8MIm][NTf2],thiophene,c1ccsc1,S-compound,n-hexane,CCCCCC,alkane,0.143,0.701,0.156,0.0,0.695,0.305,101.325,0.75,420,298.15,0.35611826,0.5394019,0.10447986,0.01788184,0.3785188,0.60359937
,1-methyl-3-octyl-imidazolium bis(trifluoromethylsulfonyl)imide,CCCCCCCC[n+]1ccn(C)c1.O=S(=O)([N-]S(=O)(=O)C(F)(F)F)C(F)(F)F,[C8MIm][NTf2],thiophene,c1ccsc1,S-compound,n-hexane,CCCCCC,alkane,0.118,0.768,0.114,0.0,0.8,0.2,101.325,0.875,420,298.15,0.3209694,0.570473,0.10855765,0.01874302,0.40929788,0.5719591
,1-methyl-3-octyl-imidazolium bis(trifluoromethylsulfonyl)imide,CCCCCCCC[n+]1ccn(C)c1.O=S(=O)([N-]S(=O)(=O)C(F)(F)F)C(F)(F)F,[C8MIm][NTf2],thiophene,c1ccsc1,S-compound,n-hexane,CCCCCC,alkane,0.1,0.809,0.091,0.0,0.858,0.142,101.325,1.0,420,298.15,0.29488558,0.59030604,0.11480842,0.023400279,0.44308734,0.53351235
,1-methyl-3-octyl-imidazolium bis(trifluoromethylsulfonyl)imide,CCCCCCCC[n+]1ccn(C)c1.O=S(=O)([N-]S(=O)(=O)C(F)(F)F)C(F)(F)F,[C8MIm][NTf2],thiophene,c1ccsc1,S-compound,n-hexadecane,CCCCCCCCCCCCCCCC,alkane,0.953,0.0,0.047,0.009,0.0,0.991,101.325,0.0,424,298.15,0.63799083,0.2997777,0.0622315,0.011638434,0.18832982,0.8000317
,1-methyl-3-octyl-imidazolium bis(trifluoromethylsulfonyl)imide,CCCCCCCC[n+]1ccn(C)c1.O=S(=O)([N-]S(=O)(=O)C(F)(F)F)C(F)(F)F,[C8MIm][NTf2],thiophene,c1ccsc1,S-compound,n-hexadecane,CCCCCCCCCCCCCCCC,alkane,0.845,0.106,0.049,0.004,0.143,0.853,101.325,0.2,424,298.15,0.5744523,0.3545205,0.071027204,0.012876791,0.22517896,0.76194423
,1-methyl-3-octyl-imidazolium bis(trifluoromethylsulfonyl)imide,CCCCCCCC[n+]1ccn(C)c1.O=S(=O)([N-]S(=O)(=O)C(F)(F)F)C(F)(F)F,[C8MIm][NTf2],thiophene,c1ccsc1,S-compound,n-hexadecane,CCCCCCCCCCCCCCCC,alkane,0.697,0.242,0.061,0.007,0.297,0.696,101.325,0.4,424,298.15,0.5099489,0.41030836,0.079742745,0.014399038,0.2658128,0.7197882
,1-methyl-3-octyl-imidazolium bis(trifluoromethylsulfonyl)imide,CCCCCCCC[n+]1ccn(C)c1.O=S(=O)([N-]S(=O)(=O)C(F)(F)F)C(F)(F)F,[C8MIm][NTf2],thiophene,c1ccsc1,S-compound,n-hexadecane,CCCCCCCCCCCCCCCC,alkane,0.592,0.343,0.065,0.008,0.469,0.523,101.325,0.6,424,298.15,0.44529903,0.46668985,0.08801115,0.015941435,0.31071448,0.67334414
,1-methyl-3-octyl-imidazolium bis(trifluoromethylsulfonyl)imide,CCCCCCCC[n+]1ccn(C)c1.O=S(=O)([N-]S(=O)(=O)C(F)(F)F)C(F)(F)F,[C8MIm][NTf2],thiophene,c1ccsc1,S-compound,n-hexadecane,CCCCCCCCCCCCCCCC,alkane,0.471,0.45,0.079,0.001,0.628,0.371,101.325,0.8,424,298.15,0.38066486,0.5243353,0.0949998,0.016316073,0.3595148,0.6241692
,1-methyl-3-octyl-imidazolium bis(trifluoromethylsulfonyl)imide,CCCCCCCC[n+]1ccn(C)c1.O=S(=O)([N-]S(=O)(=O)C(F)(F)F)C(F)(F)F,[C8MIm][NTf2],thiophene,c1ccsc1,S-compound,n-hexadecane,CCCCCCCCCCCCCCCC,alkane,0.407,0.515,0.078,0.009,0.742,0.249,101.325,1.0,424,298.15,0.31810904,0.5816115,0.100279436,0.015456251,0.41178483,0.57275885
,1-(2-methoxyethyl)-1-methylpiperidinium bis(trifluoromethylsulfonyl)imide,COCC[N+]1(C)CCCCC1.O=S(=O)([N-]S(=O)(=O)C(F)(F)F)C(F)(F)F,[COC2mPip][NTf2],thiophene,c1ccsc1,S-compound,n-heptane,CCCCCCC,alkane,0.961,0.0,0.039,0.0,0.0,1.0,101.325,0.0,433,298.15,0.66018516,0.30965048,0.03016441,0.0069941417,0.2981199,0.6948859
,1-(2-methoxyethyl)-1-methylpiperidinium bis(trifluoromethylsulfonyl)imide,COCC[N+]1(C)CCCCC1.O=S(=O)([N-]S(=O)(=O)C(F)(F)F)C(F)(F)F,[COC2mPip][NTf2],thiophene,c1ccsc1,S-compound,n-heptane,CCCCCCC,alkane,0.876,0.084,0.04,0.0,0.032,0.968,101.325,0.09090909,433,298.15,0.6315413,0.3362267,0.032231912,0.00734097,0.3208883,0.67177075
,1-(2-methoxyethyl)-1-methylpiperidinium bis(trifluoromethylsulfonyl)imide,COCC[N+]1(C)CCCCC1.O=S(=O)([N-]S(=O)(=O)C(F)(F)F)C(F)(F)F,[COC2mPip][NTf2],thiophene,c1ccsc1,S-compound,n-heptane,CCCCCCC,alkane,0.739,0.22,0.041,0.0,0.097,0.903,101.325,0.18181819,433,298.15,0.60573655,0.35864285,0.03562063,0.009854117,0.34020162,0.64994425
,1-(2-methoxyethyl)-1-methylpiperidinium bis(trifluoromethylsulfonyl)imide,COCC[N+]1(C)CCCCC1.O=S(=O)([N-]S(=O)(=O)C(F)(F)F)C(F)(F)F,[COC2mPip][NTf2],thiophene,c1ccsc1,S-compound,n-heptane,CCCCCCC,alkane,0.572,0.387,0.041,0.0,0.199,0.801,101.325,0.27272728,433,298.15,0.57616407,0.38606793,0.03776796,0.01028824,0.36404127,0.6256705
,1-(2-methoxyethyl)-1-methylpiperidinium bis(trifluoromethylsulfonyl)imide,COCC[N+]1(C)CCCCC1.O=S(=O)([N-]S(=O)(=O)C(F)(F)F)C(F)(F)F,[COC2mPip][NTf2],thiophene,c1ccsc1,S-compound,n-heptane,CCCCCCC,alkane,0.50100005,0.46000004,0.039000005,0.0,0.273,0.727,101.325,0.36363637,433,298.15,0.5462259,0.4139032,0.03987088,0.010682139,0.38854462,0.6007732
,1-(2-methoxyethyl)-1-methylpiperidinium bis(trifluoromethylsulfonyl)imide,COCC[N+]1(C)CCCCC1.O=S(=O)([N-]S(=O)(=O)C(F)(F)F)C(F)(F)F,[COC2mPip][NTf2],thiophene,c1ccsc1,S-compound,n-heptane,CCCCCCC,alkane,0.441,0.519,0.04,0.0,0.342,0.658,101.325,0.45454547,433,298.15,0.51615363,0.44194084,0.041905563,0.011028948,0.4135785,0.57539254
,1-(2-methoxyethyl)-1-methylpiperidinium bis(trifluoromethylsulfonyl)imide,COCC[N+]1(C)CCCCC1.O=S(=O)([N-]S(=O)(=O)C(F)(F)F)C(F)(F)F,[COC2mPip][NTf2],thiophene,c1ccsc1,S-compound,n-heptane,CCCCCCC,alkane,0.34000003,0.62100005,0.039000005,0.0,0.493,0.507,101.325,0.54545456,433,298.15,0.48576018,0.4702962,0.043943636,0.011423994,0.43898615,0.5495898
,1-(2-methoxyethyl)-1-methylpiperidinium bis(trifluoromethylsulfonyl)imide,COCC[N+]1(C)CCCCC1.O=S(=O)([N-]S(=O)(=O)C(F)(F)F)C(F)(F)F,[COC2mPip][NTf2],thiophene,c1ccsc1,S-compound,n-heptane,CCCCCCC,alkane,0.334,0.629,0.037,0.0,0.521,0.479,101.325,0.6363636,433,298.15,0.4168626,0.53658086,0.04655657,0.011229857,0.48614717,0.50262296
,1-(2-methoxyethyl)-1-methylpiperidinium bis(trifluoromethylsulfonyl)imide,COCC[N+]1(C)CCCCC1.O=S(=O)([N-]S(=O)(=O)C(F)(F)F)C(F)(F)F,[COC2mPip][NTf2],thiophene,c1ccsc1,S-compound,n-heptane,CCCCCCC,alkane,0.277,0.684,0.039,0.0,0.628,0.372,101.325,0.72727275,433,298.15,0.37409392,0.5780296,0.047876548,0.010599198,0.5213752,0.46802562
,1-(2-methoxyethyl)-1-methylpiperidinium bis(trifluoromethylsulfonyl)imide,COCC[N+]1(C)CCCCC1.O=S(=O)([N-]S(=O)(=O)C(F)(F)F)C(F)(F)F,[COC2mPip][NTf2],thiophene,c1ccsc1,S-compound,n-heptane,CCCCCCC,alkane,0.236,0.727,0.037,0.0,0.741,0.259,101.325,0.8181818,433,298.15,0.34555846,0.60509163,0.049349923,0.010856272,0.54770315,0.44144055
,1-(2-methoxyethyl)-1-methylpiperidinium bis(trifluoromethylsulfonyl)imide,COCC[N+]1(C)CCCCC1.O=S(=O)([N-]S(=O)(=O)C(F)(F)F)C(F)(F)F,[COC2mPip][NTf2],thiophene,c1ccsc1,S-compound,n-heptane,CCCCCCC,alkane,0.195,0.774,0.031,0.0,0.855,0.145,101.325,0.90909094,433,298.15,0.31836882,0.63097686,0.05065434,0.011040216,0.5737772,0.41518262
,1-(2-methoxyethyl)-1-methylpiperidinium bis(trifluoromethylsulfonyl)imide,COCC[N+]1(C)CCCCC1.O=S(=O)([N-]S(=O)(=O)C(F)(F)F)C(F)(F)F,[COC2mPip][NTf2],thiophene,c1ccsc1,S-compound,n-heptane,CCCCCCC,alkane,0.176,0.799,0.025,0.0,0.904,0.096,101.325,1.0,433,298.15,0.29250228,0.6556906,0.051807117,0.011144137,0.5996132,0.38924268
,1-(2-methoxyethyl)-1-methylpyrrolidinium bis(trifluoromethylsulfonyl)imide,COCC[N+]1(C)CCCC1.O=S(=O)([N-]S(=O)(=O)C(F)(F)F)C(F)(F)F,[COC2mPyr][NTf2],thiophene,c1ccsc1,S-compound,n-heptane,CCCCCCC,alkane,0.951,0.0,0.049,0.0,0.0,1.0,101.325,0.0,434,298.15,0.6492436,0.32446823,0.026288155,0.0069183586,0.3167257,0.67635596
,1-(2-methoxyethyl)-1-methylpyrrolidinium bis(trifluoromethylsulfonyl)imide,COCC[N+]1(C)CCCC1.O=S(=O)([N-]S(=O)(=O)C(F)(F)F)C(F)(F)F,[COC2mPyr][NTf2],thiophene,c1ccsc1,S-compound,n-heptane,CCCCCCC,alkane,0.88,0.087,0.033,0.0,0.036,0.964,101.325,0.09090909,434,298.15,0.6196337,0.35231265,0.028053645,0.0072577912,0.34088206,0.65186024
,1-(2-methoxyethyl)-1-methylpyrrolidinium bis(trifluoromethylsulfonyl)imide,COCC[N+]1(C)CCCC1.O=S(=O)([N-]S(=O)(=O)C(F)(F)F)C(F)(F)F,[COC2mPyr][NTf2],thiophene,c1ccsc1,S-compound,n-heptane,CCCCCCC,alkane,0.744,0.223,0.033,0.0,0.109,0.891,101.325,0.18181819,434,298.15,0.58912104,0.38105404,0.02982496,0.007591791,0.36591813,0.62649006
,1-(2-methoxyethyl)-1-methylpyrrolidinium bis(trifluoromethylsulfonyl)imide,COCC[N+]1(C)CCCC1.O=S(=O)([N-]S(=O)(=O)C(F)(F)F)C(F)(F)F,[COC2mPyr][NTf2],thiophene,c1ccsc1,S-compound,n-heptane,CCCCCCC,alkane,0.596,0.368,0.036,0.0,0.212,0.788,101.325,0.27272728,434,298.15,0.55716115,0.41113502,0.031703778,0.008065971,0.39105165,0.6008824
,1-(2-methoxyethyl)-1-methylpyrrolidinium bis(trifluoromethylsulfonyl)imide,COCC[N+]1(C)CCCC1.O=S(=O)([N-]S(=O)(=O)C(F)(F)F)C(F)(F)F,[COC2mPyr][NTf2],thiophene,c1ccsc1,S-compound,n-heptane,CCCCCCC,alkane,0.555,0.41,0.035,0.0,0.249,0.751,101.325,0.36363637,434,298.15,0.5253293,0.44117275,0.03349795,0.008467812,0.41690397,0.5746282
,1-(2-methoxyethyl)-1-methylpyrrolidinium bis(trifluoromethylsulfonyl)imide,COCC[N+]1(C)CCCC1.O=S(=O)([N-]S(=O)(=O)C(F)(F)F)C(F)(F)F,[COC2mPyr][NTf2],thiophene,c1ccsc1,S-compound,n-heptane,CCCCCCC,alkane,0.43400002,0.53200006,0.034000006,0.0,0.392,0.608,101.325,0.45454547,434,298.15,0.49364337,0.47117555,0.035181142,0.008781432,0.44366923,0.5475493
,1-(2-methoxyethyl)-1-methylpyrrolidinium bis(trifluoromethylsulfonyl)imide,COCC[N+]1(C)CCCC1.O=S(=O)([N-]S(=O)(=O)C(F)(F)F)C(F)(F)F,[COC2mPyr][NTf2],thiophene,c1ccsc1,S-compound,n-heptane,CCCCCCC,alkane,0.371,0.596,0.033,0.0,0.493,0.507,101.325,0.54545456,434,298.15,0.46217093,0.50103265,0.036796447,0.009078136,0.47057936,0.5203425
,1-(2-methoxyethyl)-1-methylpyrrolidinium bis(trifluoromethylsulfonyl)imide,COCC[N+]1(C)CCCC1.O=S(=O)([N-]S(=O)(=O)C(F)(F)F)C(F)(F)F,[COC2mPyr][NTf2],thiophene,c1ccsc1,S-compound,n-heptane,CCCCCCC,alkane,0.324,0.642,0.034,0.0,0.577,0.423,101.325,0.6363636,434,298.15,0.43108416,0.5305807,0.038335122,0.009356449,0.49762714,0.4930164
,1-(2-methoxyethyl)-1-methylpyrrolidinium bis(trifluoromethylsulfonyl)imide,COCC[N+]1(C)CCCC1.O=S(=O)([N-]S(=O)(=O)C(F)(F)F)C(F)(F)F,[COC2mPyr][NTf2],thiophene,c1ccsc1,S-compound,n-heptane,CCCCCCC,alkane,0.28,0.687,0.033,0.0,0.677,0.323,101.325,0.72727275,434,298.15,0.4006574,0.5595601,0.039782494,0.009613995,0.5245363,0.46584967
,1-(2-methoxyethyl)-1-methylpyrrolidinium bis(trifluoromethylsulfonyl)imide,COCC[N+]1(C)CCCC1.O=S(=O)([N-]S(=O)(=O)C(F)(F)F)C(F)(F)F,[COC2mPyr][NTf2],thiophene,c1ccsc1,S-compound,n-heptane,CCCCCCC,alkane,0.253,0.716,0.031,0.0,0.756,0.244,101.325,0.8181818,434,298.15,0.37084162,0.5880176,0.041140772,0.009848791,0.55146176,0.4386895
,1-(2-methoxyethyl)-1-methylpyrrolidinium bis(trifluoromethylsulfonyl)imide,COCC[N+]1(C)CCCC1.O=S(=O)([N-]S(=O)(=O)C(F)(F)F)C(F)(F)F,[COC2mPyr][NTf2],thiophene,c1ccsc1,S-compound,n-heptane,CCCCCCC,alkane,0.252,0.717,0.031,0.0,0.762,0.238,101.325,0.90909094,434,298.15,0.34261316,0.6146624,0.042724404,0.011090174,0.5761342,0.4127756
,1-(2-methoxyethyl)-1-methylpyrrolidinium bis(trifluoromethylsulfonyl)imide,COCC[N+]1(C)CCCC1.O=S(=O)([N-]S(=O)(=O)C(F)(F)F)C(F)(F)F,[COC2mPyr][NTf2],thiophene,c1ccsc1,S-compound,n-heptane,CCCCCCC,alkane,0.21,0.764,0.026,0.0,0.861,0.139,101.325,1.0,434,298.15,0.31532857,0.64081997,0.04385148,0.011293286,0.60185707,0.38684964
,1-butyl-1-methylpiperidinium bis(trifluoromethylsulfonyl)imide,CCCC[N+]1(C)CCCCC1.O=S(=O)([N-]S(=O)(=O)C(F)(F)F)C(F)(F)F,[C4MPi][NTf2],thiophene,c1ccsc1,S-compound,n-heptane,CCCCCCC,alkane,0.944,0.0,0.056,0.0,0.0,1.0,101.325,0.0,437,298.15,0.64416087,0.32248315,0.033356026,0.008631935,0.27719,0.7141781
,1-butyl-1-methylpiperidinium bis(trifluoromethylsulfonyl)imide,CCCC[N+]1(C)CCCCC1.O=S(=O)([N-]S(=O)(=O)C(F)(F)F)C(F)(F)F,[C4MPi][NTf2],thiophene,c1ccsc1,S-compound,n-heptane,CCCCCCC,alkane,0.86,0.08,0.06,0.0,0.026,0.974,101.325,0.083333336,437,298.15,0.616693,0.3478181,0.035488874,0.009108491,0.2960568,0.6948347
,1-butyl-1-methylpiperidinium bis(trifluoromethylsulfonyl)imide,CCCC[N+]1(C)CCCCC1.O=S(=O)([N-]S(=O)(=O)C(F)(F)F)C(F)(F)F,[C4MPi][NTf2],thiophene,c1ccsc1,S-compound,n-heptane,CCCCCCC,alkane,0.753,0.194,0.053,0.0,0.076,0.924,101.325,0.16666667,437,298.15,0.5891219,0.37331185,0.037566315,0.009557202,0.31596974,0.67447305
,1-butyl-1-methylpiperidinium bis(trifluoromethylsulfonyl)imide,CCCC[N+]1(C)CCCCC1.O=S(=O)([N-]S(=O)(=O)C(F)(F)F)C(F)(F)F,[C4MPi][NTf2],thiophene,c1ccsc1,S-compound,n-heptane,CCCCCCC,alkane,0.691,0.259,0.05,0.0,0.112,0.888,101.325,0.25,437,298.15,0.5616033,0.39882684,0.03956982,0.009971317,0.3369065,0.65312225
,1-butyl-1-methylpiperidinium bis(trifluoromethylsulfonyl)imide,CCCC[N+]1(C)CCCCC1.O=S(=O)([N-]S(=O)(=O)C(F)(F)F)C(F)(F)F,[C4MPi][NTf2],thiophene,c1ccsc1,S-compound,n-heptane,CCCCCCC,alkane,0.61300004,0.33900002,0.048000004,0.0,0.168,0.832,101.325,0.33333334,437,298.15,0.53631115,0.42273828,0.04095059,0.009155589,0.36099854,0.62984586
,1-butyl-1-methylpiperidinium bis(trifluoromethylsulfonyl)imide,CCCC[N+]1(C)CCCCC1.O=S(=O)([N-]S(=O)(=O)C(F)(F)F)C(F)(F)F,[C4MPi][NTf2],thiophene,c1ccsc1,S-compound,n-heptane,CCCCCCC,alkane,0.513,0.44,0.047,0.0,0.254,0.746,101.325,0.41666666,437,298.15,0.5097248,0.44830474,0.041970484,0.006883771,0.38921294,0.6039033
,1-butyl-1-methylpiperidinium bis(trifluoromethylsulfonyl)imide,CCCC[N+]1(C)CCCCC1.O=S(=O)([N-]S(=O)(=O)C(F)(F)F)C(F)(F)F,[C4MPi][NTf2],thiophene,c1ccsc1,S-compound,n-heptane,CCCCCCC,alkane,0.43700004,0.51600003,0.047000002,0.0,0.342,0.658,101.325,0.5,437,298.15,0.4790444,0.47643387,0.044521723,0.00796217,0.4134176,0.57862025
,1-butyl-1-methylpiperidinium bis(trifluoromethylsulfonyl)imide,CCCC[N+]1(C)CCCCC1.O=S(=O)([N-]S(=O)(=O)C(F)(F)F)C(F)(F)F,[C4MPi][NTf2],thiophene,c1ccsc1,S-compound,n-heptane,CCCCCCC,alkane,0.37700003,0.57600003,0.047000002,0.0,0.458,0.542,101.325,0.5833333,437,298.15,0.4516196,0.5007099,0.047670495,0.0109873,0.43629667,0.552716
,1-butyl-1-methylpiperidinium bis(trifluoromethylsulfonyl)imide,CCCC[N+]1(C)CCCCC1.O=S(=O)([N-]S(=O)(=O)C(F)(F)F)C(F)(F)F,[C4MPi][NTf2],thiophene,c1ccsc1,S-compound,n-heptane,CCCCCCC,alkane,0.339,0.614,0.047,0.0,0.529,0.471,101.325,0.6666667,437,298.15,0.4265966,0.52401185,0.049391553,0.011705385,0.45830396,0.5299907
,1-butyl-1-methylpiperidinium bis(trifluoromethylsulfonyl)imide,CCCC[N+]1(C)CCCCC1.O=S(=O)([N-]S(=O)(=O)C(F)(F)F)C(F)(F)F,[C4MPi][NTf2],thiophene,c1ccsc1,S-compound,n-heptane,CCCCCCC,alkane,0.30800003,0.64500004,0.047000002,0.0,0.58,0.42,101.325,0.75,437,298.15,0.3994821,0.549429,0.051088978,0.012042218,0.48169345,0.5062643
,1-butyl-1-methylpiperidinium bis(trifluoromethylsulfonyl)imide,CCCC[N+]1(C)CCCCC1.O=S(=O)([N-]S(=O)(=O)C(F)(F)F)C(F)(F)F,[C4MPi][NTf2],thiophene,c1ccsc1,S-compound,n-heptane,CCCCCCC,alkane,0.269,0.69,0.041,0.0,0.723,0.277,101.325,0.8333333,437,298.15,0.37175575,0.5750316,0.053212684,0.0131019335,0.5035364,0.48336172
,1-butyl-1-methylpiperidinium bis(trifluoromethylsulfonyl)imide,CCCC[N+]1(C)CCCCC1.O=S(=O)([N-]S(=O)(=O)C(F)(F)F)C(F)(F)F,[C4MPi][NTf2],thiophene,c1ccsc1,S-compound,n-heptane,CCCCCCC,alkane,0.25,0.709,0.041,0.0,0.753,0.247,101.325,0.9166667,437,298.15,0.34634936,0.5989693,0.05468132,0.013408492,0.52672154,0.45987
,1-butyl-1-methylpiperidinium bis(trifluoromethylsulfonyl)imide,CCCC[N+]1(C)CCCCC1.O=S(=O)([N-]S(=O)(=O)C(F)(F)F)C(F)(F)F,[C4MPi][NTf2],thiophene,c1ccsc1,S-compound,n-heptane,CCCCCCC,alkane,0.202,0.771,0.027,0.0,0.878,0.122,101.325,1.0,437,298.15,0.32177746,0.62216693,0.05605555,0.013699494,0.54979134,0.43650916
,1-hexyl-1-methylpyrrolidinium bis(trifluoromethylsulfonyl)imide,CCCCCC[N+]1(C)CCCC1.O=S(=O)([N-]S(=O)(=O)C(F)(F)F)C(F)(F)F,[C6MPyr][NTf2],benzothiophene,c1ccc2sccc2c1,S-compound,n-hexadecane,CCCCCCCCCCCCCCCC,alkane,0.4136,0.5852,0.0012,0.0,0.2049,0.7951,101.325,0.0,445,303.15,0.6772083,0.29367876,0.029112926,0.008442144,0.24692126,0.7446366
,1-hexyl-1-methylpyrrolidinium bis(trifluoromethylsulfonyl)imide,CCCCCC[N+]1(C)CCCC1.O=S(=O)([N-]S(=O)(=O)C(F)(F)F)C(F)(F)F,[C6MPyr][NTf2],benzothiophene,c1ccc2sccc2c1,S-compound,n-hexadecane,CCCCCCCCCCCCCCCC,alkane,0.47540003,0.52070004,0.0039000001,0.0,0.1748,0.8252,101.325,0.16666667,445,303.15,0.62607086,0.3413113,0.032617815,0.008966469,0.28698918,0.7040444
,1-hexyl-1-methylpyrrolidinium bis(trifluoromethylsulfonyl)imide,CCCCCC[N+]1(C)CCCC1.O=S(=O)([N-]S(=O)(=O)C(F)(F)F)C(F)(F)F,[C6MPyr][NTf2],benzothiophene,c1ccc2sccc2c1,S-compound,n-hexadecane,CCCCCCCCCCCCCCCC,alkane,0.558,0.4082,0.0338,0.0,0.1698,0.8302,101.325,0.33333334,445,303.15,0.57076895,0.392799,0.036432058,0.009826717,0.33085412,0.6593191
,1-hexyl-1-methylpyrrolidinium bis(trifluoromethylsulfonyl)imide,CCCCCC[N+]1(C)CCCC1.O=S(=O)([N-]S(=O)(=O)C(F)(F)F)C(F)(F)F,[C6MPyr][NTf2],benzothiophene,c1ccc2sccc2c1,S-compound,n-hexadecane,CCCCCCCCCCCCCCCC,alkane,0.6612,0.3085,0.0303,0.0,0.1178,0.8822,101.325,0.5,445,303.15,0.5137613,0.44607535,0.04016333,0.010663199,0.37780988,0.6115269
,1-hexyl-1-methylpyrrolidinium bis(trifluoromethylsulfonyl)imide,CCCCCC[N+]1(C)CCCC1.O=S(=O)([N-]S(=O)(=O)C(F)(F)F)C(F)(F)F,[C6MPyr][NTf2],benzothiophene,c1ccc2sccc2c1,S-compound,n-hexadecane,CCCCCCCCCCCCCCCC,alkane,0.7896,0.1766,0.0338,0.0,0.0604,0.9396,101.325,0.6666667,445,303.15,0.45619884,0.5000145,0.043786727,0.011596729,0.4268198,0.56158346
,1-hexyl-1-methylpyrrolidinium bis(trifluoromethylsulfonyl)imide,CCCCCC[N+]1(C)CCCC1.O=S(=O)([N-]S(=O)(=O)C(F)(F)F)C(F)(F)F,[C6MPyr][NTf2],benzothiophene,c1ccc2sccc2c1,S-compound,n-hexadecane,CCCCCCCCCCCCCCCC,alkane,0.83250004,0.09250001,0.07500001,0.0,0.0313,0.9687,101.325,0.8333333,445,303.15,0.40023854,0.5526943,0.04706708,0.0123994555,0.47719544,0.5104051
,1-hexyl-1-methylpyrrolidinium bis(trifluoromethylsulfonyl)imide,CCCCCC[N+]1(C)CCCC1.O=S(=O)([N-]S(=O)(=O)C(F)(F)F)C(F)(F)F,[C6MPyr][NTf2],benzothiophene,c1ccc2sccc2c1,S-compound,n-hexadecane,CCCCCCCCCCCCCCCC,alkane,0.9185,0.0,0.0815,0.0,0.0,1.0,101.325,1.0,445,303.15,0.34735018,0.6027436,0.049906194,0.0130293965,0.5277145,0.4592561
no,1-methyl-3-octyl-imidazolium thiocyanate,CCCCCCCCn1cc[n+](C)c1.N#C[S-],[C8MIm][SCN],thiophene,c1ccsc1,S-compound,n-decane,CCCCCCCCCC,alkane,0.928,0.022,0.05,0.0,0.012,0.988,101.325,0.0,457,298.15,0.8100593,0.16126966,0.028670972,0.0062664524,0.08387224,0.90986127
no,1-methyl-3-octyl-imidazolium thiocyanate,CCCCCCCCn1cc[n+](C)c1.N#C[S-],[C8MIm][SCN],thiophene,c1ccsc1,S-compound,n-decane,CCCCCCCCCC,alkane,0.90000004,0.053000003,0.047000002,0.0,0.029,0.971,101.325,0.1,457,298.15,0.791005,0.17794846,0.031046603,0.0065835747,0.091882415,0.901534
no,1-methyl-3-octyl-imidazolium thiocyanate,CCCCCCCCn1cc[n+](C)c1.N#C[S-],[C8MIm][SCN],thiophene,c1ccsc1,S-compound,n-decane,CCCCCCCCCC,alkane,0.861,0.09,0.049,0.0,0.048,0.952,101.325,0.2,457,298.15,0.7699187,0.19638781,0.033693563,0.006975718,0.10027499,0.8927493
no,1-methyl-3-octyl-imidazolium thiocyanate,CCCCCCCCn1cc[n+](C)c1.N#C[S-],[C8MIm][SCN],thiophene,c1ccsc1,S-compound,n-decane,CCCCCCCCCC,alkane,0.813,0.144,0.043,0.0,0.09,0.91,101.325,0.3,457,298.15,0.74669343,0.21670547,0.036601067,0.0074573075,0.10907516,0.8834675
no,1-methyl-3-octyl-imidazolium thiocyanate,CCCCCCCCn1cc[n+](C)c1.N#C[S-],[C8MIm][SCN],thiophene,c1ccsc1,S-compound,n-decane,CCCCCCCCCC,alkane,0.762,0.193,0.045,0.0,0.111,0.889,101.325,0.4,457,298.15,0.72102183,0.23911418,0.03986397,0.008078341,0.118220136,0.8737016
no,1-methyl-3-octyl-imidazolium thiocyanate,CCCCCCCCn1cc[n+](C)c1.N#C[S-],[C8MIm][SCN],thiophene,c1ccsc1,S-compound,n-decane,CCCCCCCCCC,alkane,0.695,0.263,0.042,0.0,0.165,0.835,101.325,0.5,457,298.15,0.6943651,0.262497,0.04313788,0.008680776,0.1282168,0.86310244
no,1-methyl-3-octyl-imidazolium thiocyanate,CCCCCCCCn1cc[n+](C)c1.N#C[S-],[C8MIm][SCN],thiophene,c1ccsc1,S-compound,n-decane,CCCCCCCCCC,alkane,0.61200005,0.34600002,0.042000003,0.0,0.224,0.776,101.325,0.6,457,298.15,0.6669846,0.28662288,0.04639245,0.009251613,0.1390632,0.8516852
no,1-methyl-3-octyl-imidazolium thiocyanate,CCCCCCCCn1cc[n+](C)c1.N#C[S-],[C8MIm][SCN],thiophene,c1ccsc1,S-compound,n-decane,CCCCCCCCCC,alkane,0.532,0.427,0.041,0.0,0.305,0.695,101.325,0.7,457,298.15,0.63842916,0.31186065,0.049710147,0.009848043,0.15070958,0.8394424
no,1-methyl-3-octyl-imidazolium thiocyanate,CCCCCCCCn1cc[n+](C)c1.N#C[S-],[C8MIm][SCN],thiophene,c1ccsc1,S-compound,n-decane,CCCCCCCCCC,alkane,0.465,0.495,0.04,0.0,0.37,0.63,101.325,0.8,457,298.15,0.60782874,0.33831555,0.053855676,0.011473802,0.16243695,0.8260893
no,1-methyl-3-octyl-imidazolium thiocyanate,CCCCCCCCn1cc[n+](C)c1.N#C[S-],[C8MIm][SCN],thiophene,c1ccsc1,S-compound,n-decane,CCCCCCCCCC,alkane,0.405,0.557,0.038,0.0,0.461,0.539,101.325,0.9,457,298.15,0.5776797,0.3650701,0.057250246,0.012177654,0.17558421,0.81223816
no,1-methyl-3-octyl-imidazolium thiocyanate,CCCCCCCCn1cc[n+](C)c1.N#C[S-],[C8MIm][SCN],thiophene,c1ccsc1,S-compound,n-decane,CCCCCCCCCC,alkane,0.36400002,0.59700006,0.039000005,0.0,0.523,0.477,101.325,1.0,457,298.15,0.5470757,0.39230648,0.060617857,0.012906465,0.18947332,0.79762024
,1-butyl-3-methylimidazolium trifluoromethanesulfonate,CCCCn1cc[n+](C)c1.O=S(=O)([O-])C(F)(F)F,[C4MIm][CF3SO3],thiophene,c1ccsc1,S-compound,n-heptane,CCCCCCC,alkane,0.9131,0.0577,0.0292,0.0321,0.0402,0.9277,101.325,0.0,472,298.15,0.7027967,0.26976138,0.02744195,0.009620501,0.2599735,0.73040605
,1-butyl-3-methylimidazolium trifluoromethanesulfonate,CCCCn1cc[n+](C)c1.O=S(=O)([O-])C(F)(F)F,[C4MIm][CF3SO3],thiophene,c1ccsc1,S-compound,n-heptane,CCCCCCC,alkane,0.8009,0.176,0.0231,0.0,0.1285,0.8715,101.325,0.09090909,472,298.15,0.6760959,0.29440486,0.029499182,0.010247726,0.2811035,0.70864886
,1-butyl-3-methylimidazolium trifluoromethanesulfonate,CCCCn1cc[n+](C)c1.O=S(=O)([O-])C(F)(F)F,[C4MIm][CF3SO3],thiophene,c1ccsc1,S-compound,n-heptane,CCCCCCC,alkane,0.611,0.3512,0.0378,0.0,0.2142,0.7858,101.325,0.18181819,472,298.15,0.64812887,0.32031903,0.031552136,0.010780912,0.30322018,0.685999
,1-butyl-3-methylimidazolium trifluoromethanesulfonate,CCCCn1cc[n+](C)c1.O=S(=O)([O-])C(F)(F)F,[C4MIm][CF3SO3],thiophene,c1ccsc1,S-compound,n-heptane,CCCCCCC,alkane,0.5773,0.3837,0.039,0.0,0.307,0.693,101.325,0.27272728,472,298.15,0.6192899,0.34720916,0.03350096,0.011099229,0.32652473,0.662376
,1-butyl-3-methylimidazolium trifluoromethanesulfonate,CCCCn1cc[n+](C)c1.O=S(=O)([O-])C(F)(F)F,[C4MIm][CF3SO3],thiophene,c1ccsc1,S-compound,n-heptane,CCCCCCC,alkane,0.5374,0.4363,0.0263,0.0,0.3325,0.6675,101.325,0.36363637,472,298.15,0.58960795,0.3750577,0.035334326,0.01118207,0.3509721,0.6378459
,1-butyl-3-methylimidazolium trifluoromethanesulfonate,CCCCn1cc[n+](C)c1.O=S(=O)([O-])C(F)(F)F,[C4MIm][CF3SO3],thiophene,c1ccsc1,S-compound,n-heptane,CCCCCCC,alkane,0.5238,0.4497,0.0265,0.0,0.3733,0.6267,101.325,0.45454547,472,298.15,0.5589974,0.40360993,0.037392665,0.011673307,0.3757371,0.6125896
,1-butyl-3-methylimidazolium trifluoromethanesulfonate,CCCCn1cc[n+](C)c1.O=S(=O)([O-])C(F)(F)F,[C4MIm][CF3SO3],thiophene,c1ccsc1,S-compound,n-heptane,CCCCCCC,alkane,0.4984,0.4745,0.0271,0.0,0.4053,0.5947,101.325,0.54545456,472,298.15,0.5273807,0.43316546,0.039453868,0.012171944,0.4007047,0.5871234
,1-butyl-3-methylimidazolium trifluoromethanesulfonate,CCCCn1cc[n+](C)c1.O=S(=O)([O-])C(F)(F)F,[C4MIm][CF3SO3],thiophene,c1ccsc1,S-compound,n-heptane,CCCCCCC,alkane,0.4449,0.5216,0.0335,0.0,0.4378,0.5622,101.325,0.6363636,472,298.15,0.49510783,0.4634028,0.04148936,0.012668028,0.4256118,0.5617202
,1-butyl-3-methylimidazolium trifluoromethanesulfonate,CCCCn1cc[n+](C)c1.O=S(=O)([O-])C(F)(F)F,[C4MIm][CF3SO3],thiophene,c1ccsc1,S-compound,n-heptane,CCCCCCC,alkane,0.3432,0.6211,0.0357,0.0,0.6277,0.3723,101.325,0.72727275,472,298.15,0.4641636,0.49246678,0.043369696,0.013109564,0.451722,0.53516847
,1-butyl-3-methylimidazolium trifluoromethanesulfonate,CCCCn1cc[n+](C)c1.O=S(=O)([O-])C(F)(F)F,[C4MIm][CF3SO3],thiophene,c1ccsc1,S-compound,n-heptane,CCCCCCC,alkane,0.285,0.6764,0.0386,0.0,0.7065,0.2935,101.325,0.8181818,472,298.15,0.43373674,0.5211724,0.04509085,0.013382531,0.47853556,0.5080819
,1-butyl-3-methylimidazolium trifluoromethanesulfonate,CCCCn1cc[n+](C)c1.O=S(=O)([O-])C(F)(F)F,[C4MIm][CF3SO3],thiophene,c1ccsc1,S-compound,n-heptane,CCCCCCC,alkane,0.25620002,0.70970005,0.034100004,0.0,0.7652,0.2348,101.325,0.90909094,472,298.15,0.404177,0.5492096,0.046613347,0.013470278,0.5057655,0.48076424
,1-butyl-3-methylimidazolium trifluoromethanesulfonate,CCCCn1cc[n+](C)c1.O=S(=O)([O-])C(F)(F)F,[C4MIm][CF3SO3],thiophene,c1ccsc1,S-compound,n-heptane,CCCCCCC,alkane,0.2397,0.7305,0.0298,0.0,0.8288,0.1712,101.325,1.0,472,298.15,0.3748282,0.5769808,0.048190992,0.013817984,0.5320433,0.45413873
,1-methyl-3-octyl-imidazolium nitrate,CCCCCCCC[n+]1ccn(C)c1.O=[N+]([O-])[O-],[C8MIm][NO3],thiophene,c1ccsc1,S-compound,n-decane,CCCCCCCCCC,alkane,0.563,0.403,0.034,0.0,0.324,0.676,101.325,0.0,499,313.15,0.73017573,0.2287594,0.041064855,0.009100382,0.11725999,0.8736396
,1-methyl-3-octyl-imidazolium nitrate,CCCCCCCC[n+]1ccn(C)c1.O=[N+]([O-])[O-],[C8MIm][NO3],thiophene,c1ccsc1,S-compound,n-decane,CCCCCCCCCC,alkane,0.616,0.352,0.032,0.0,0.249,0.751,101.325,0.11111111,499,313.15,0.70316225,0.25237864,0.04445913,0.009659714,0.13126205,0.8590783
,1-methyl-3-octyl-imidazolium nitrate,CCCCCCCC[n+]1ccn(C)c1.O=[N+]([O-])[O-],[C8MIm][NO3],thiophene,c1ccsc1,S-compound,n-decane,CCCCCCCCCC,alkane,0.675,0.291,0.034,0.0,0.185,0.815,101.325,0.22222222,499,313.15,0.6723048,0.2793657,0.048329536,0.010402325,0.14491875,0.84467894
,1-methyl-3-octyl-imidazolium nitrate,CCCCCCCC[n+]1ccn(C)c1.O=[N+]([O-])[O-],[C8MIm][NO3],thiophene,c1ccsc1,S-compound,n-decane,CCCCCCCCCC,alkane,0.725,0.241,0.034,0.0,0.165,0.835,101.325,0.33333334,499,313.15,0.63982946,0.3078524,0.052318096,0.01118837,0.15979761,0.829014
,1-methyl-3-octyl-imidazolium nitrate,CCCCCCCC[n+]1ccn(C)c1.O=[N+]([O-])[O-],[C8MIm][NO3],thiophene,c1ccsc1,S-compound,n-decane,CCCCCCCCCC,alkane,0.763,0.203,0.034,0.0,0.141,0.859,101.325,0.44444445,499,313.15,0.6039471,0.3386309,0.057421934,0.01319656,0.17455027,0.8122531
,1-methyl-3-octyl-imidazolium nitrate,CCCCCCCC[n+]1ccn(C)c1.O=[N+]([O-])[O-],[C8MIm][NO3],thiophene,c1ccsc1,S-compound,n-decane,CCCCCCCCCC,alkane,0.77,0.194,0.036,0.0,0.125,0.875,101.325,0.5555556,499,313.15,0.5693204,0.3691708,0.061508797,0.01413551,0.19176883,0.79409564
,1-methyl-3-octyl-imidazolium nitrate,CCCCCCCC[n+]1ccn(C)c1.O=[N+]([O-])[O-],[C8MIm][NO3],thiophene,c1ccsc1,S-compound,n-decane,CCCCCCCCCC,alkane,0.817,0.15,0.033,0.0,0.1,0.9,101.325,0.6666667,499,313.15,0.53429747,0.40018994,0.06551258,0.015095466,0.21010825,0.7747963
,1-methyl-3-octyl-imidazolium nitrate,CCCCCCCC[n+]1ccn(C)c1.O=[N+]([O-])[O-],[C8MIm][NO3],thiophene,c1ccsc1,S-compound,n-decane,CCCCCCCCCC,alkane,0.839,0.128,0.033,0.0,0.083,0.917,101.325,0.7777778,499,313.15,0.49883744,0.43172544,0.06943716,0.016087905,0.22978795,0.75412416
,1-methyl-3-octyl-imidazolium nitrate,CCCCCCCC[n+]1ccn(C)c1.O=[N+]([O-])[O-],[C8MIm][NO3],thiophene,c1ccsc1,S-compound,n-decane,CCCCCCCCCC,alkane,0.864,0.104,0.032,0.0,0.068,0.932,101.325,0.8888889,499,313.15,0.46416074,0.46393704,0.071902156,0.015036952,0.25050864,0.73445445
,1-methyl-3-octyl-imidazolium nitrate,CCCCCCCC[n+]1ccn(C)c1.O=[N+]([O-])[O-],[C8MIm][NO3],thiophene,c1ccsc1,S-compound,n-decane,CCCCCCCCCC,alkane,0.91,0.056,0.034,0.0,0.033,0.967,101.325,1.0,499,313.15,0.42898074,0.49554375,0.07547553,0.015951542,0.27265576,0.7113927
,1-ethyl-3-methylimidazolium methanesulfonate,CCn1cc[n+](C)c1.CS(=O)(=O)[O-],[C2MIm][CH3SO3],thiophene,c1ccsc1,S-compound,n-hexadecane,CCCCCCCCCCCCCCCC,alkane,0.898,0.065,0.037,0.0,0.05,0.95,101.325,0.0,500,298.15,0.85104585,0.14216155,0.0067926166,0.0032869454,0.22884484,0.7678683
,1-ethyl-3-methylimidazolium methanesulfonate,CCn1cc[n+](C)c1.CS(=O)(=O)[O-],[C2MIm][CH3SO3],thiophene,c1ccsc1,S-compound,n-hexadecane,CCCCCCCCCCCCCCCC,alkane,0.856,0.123,0.021,0.0,0.102,0.898,101.325,0.11111111,500,298.15,0.8298391,0.16260804,0.0075528063,0.0034809292,0.25636262,0.7401565
,1-ethyl-3-methylimidazolium methanesulfonate,CCn1cc[n+](C)c1.CS(=O)(=O)[O-],[C2MIm][CH3SO3],thiophene,c1ccsc1,S-compound,n-hexadecane,CCCCCCCCCCCCCCCC,alkane,0.819,0.166,0.015,0.0,0.155,0.845,101.325,0.22222222,500,298.15,0.8048612,0.18668789,0.008450864,0.0037430343,0.28463483,0.7116222
,1-ethyl-3-methylimidazolium methanesulfonate,CCn1cc[n+](C)c1.CS(=O)(=O)[O-],[C2MIm][CH3SO3],thiophene,c1ccsc1,S-compound,n-hexadecane,CCCCCCCCCCCCCCCC,alkane,0.763,0.226,0.011,0.0,0.207,0.793,101.325,0.33333334,500,298.15,0.77731675,0.21327111,0.0094122365,0.0040061325,0.31460804,0.6813859
,1-ethyl-3-methylimidazolium methanesulfonate,CCn1cc[n+](C)c1.CS(=O)(=O)[O-],[C2MIm][CH3SO3],thiophene,c1ccsc1,S-compound,n-hexadecane,CCCCCCCCCCCCCCCC,alkane,0.728,0.262,0.01,0.0,0.271,0.729,101.325,0.44444445,500,298.15,0.7552039,0.23616388,0.008632208,0.0024675783,0.32198796,0.67554456
,1-ethyl-3-methylimidazolium methanesulfonate,CCn1cc[n+](C)c1.CS(=O)(=O)[O-],[C2MIm][CH3SO3],thiophene,c1ccsc1,S-compound,n-hexadecane,CCCCCCCCCCCCCCCC,alkane,0.68100005,0.30800003,0.011000001,0.0,0.312,0.688,101.325,0.5555556,500,298.15,0.7224253,0.26802045,0.009554338,0.0026301222,0.3547875,0.64258236
,1-ethyl-3-methylimidazolium methanesulfonate,CCn1cc[n+](C)c1.CS(=O)(=O)[O-],[C2MIm][CH3SO3],thiophene,c1ccsc1,S-compound,n-hexadecane,CCCCCCCCCCCCCCCC,alkane,0.654,0.338,0.008,0.0,0.376,0.624,101.325,0.6666667,500,298.15,0.68741536,0.30208033,0.010504273,0.0027883826,0.38872606,0.6084856
,1-ethyl-3-methylimidazolium methanesulfonate,CCn1cc[n+](C)c1.CS(=O)(=O)[O-],[C2MIm][CH3SO3],thiophene,c1ccsc1,S-compound,n-hexadecane,CCCCCCCCCCCCCCCC,alkane,0.63600004,0.35800004,0.0060000005,0.0,0.432,0.568,101.325,0.7777778,500,298.15,0.6471968,0.34085646,0.011946709,0.0033639178,0.4294062,0.5672299
,1-ethyl-3-methylimidazolium methanesulfonate,CCn1cc[n+](C)c1.CS(=O)(=O)[O-],[C2MIm][CH3SO3],thiophene,c1ccsc1,S-compound,n-hexadecane,CCCCCCCCCCCCCCCC,alkane,0.59000003,0.40100002,0.009000001,0.0,0.485,0.515,101.325,0.8888889,500,298.15,0.60384,0.38209298,0.014067019,0.0046063242,0.47419375,0.52119994
,1-ethyl-3-methylimidazolium methanesulfonate,CCn1cc[n+](C)c1.CS(=O)(=O)[O-],[C2MIm][CH3SO3],thiophene,c1ccsc1,S-compound,n-hexadecane,CCCCCCCCCCCCCCCC,alkane,0.556,0.425,0.019,0.0,0.531,0.469,101.325,1.0,500,298.15,0.5635901,0.421261,0.015148879,0.0047975415,0.5099591,0.48524338
,1-benzyl-3-methylimidazolium bis(trifluoromethylsulfonyl)imide,C[n+]1ccn(Cc2ccccc2)c1.O=S(=O)([N-]S(=O)(=O)C(F)(F)F)C(F)(F)F,[BzMIM][NTf2],pyridine,c1ccncc1,N-compound,n-heptane,CCCCCCC,alkane,0.9563,0.0,0.0437,0.0,0.0,1.0,101.325,0.0,532,298.15,0.6114733,0.36058685,0.027939864,0.0070601045,0.13856569,0.8543742
,1-benzyl-3-methylimidazolium bis(trifluoromethylsulfonyl)imide,C[n+]1ccn(Cc2ccccc2)c1.O=S(=O)([N-]S(=O)(=O)C(F)(F)F)C(F)(F)F,[BzMIM][NTf2],pyridine,c1ccncc1,N-compound,n-heptane,CCCCCCC,alkane,0.6102611,0.31263128,0.07710772,0.0,0.0625,0.9375,101.325,0.2,532,298.15,0.54153466,0.42639086,0.032074533,0.008578432,0.17264251,0.8187791
,1-benzyl-3-methylimidazolium bis(trifluoromethylsulfonyl)imide,C[n+]1ccn(Cc2ccccc2)c1.O=S(=O)([N-]S(=O)(=O)C(F)(F)F)C(F)(F)F,[BzMIM][NTf2],pyridine,c1ccncc1,N-compound,n-heptane,CCCCCCC,alkane,0.4267,0.5013,0.072,0.0,0.1053,0.8947,101.325,0.4,532,298.15,0.47192425,0.4923774,0.035698283,0.009863222,0.21334183,0.77679497
,1-benzyl-3-methylimidazolium bis(trifluoromethylsulfonyl)imide,C[n+]1ccn(Cc2ccccc2)c1.O=S(=O)([N-]S(=O)(=O)C(F)(F)F)C(F)(F)F,[BzMIM][NTf2],pyridine,c1ccncc1,N-compound,n-heptane,CCCCCCC,alkane,0.2416,0.6815,0.0769,0.0,0.206,0.794,101.325,0.6,532,298.15,0.40372422,0.5573191,0.038956683,0.011196982,0.2604974,0.72830564
,1-benzyl-3-methylimidazolium bis(trifluoromethylsulfonyl)imide,C[n+]1ccn(Cc2ccccc2)c1.O=S(=O)([N-]S(=O)(=O)C(F)(F)F)C(F)(F)F,[BzMIM][NTf2],pyridine,c1ccncc1,N-compound,n-heptane,CCCCCCC,alkane,0.1422,0.764,0.0938,0.0,0.341,0.659,101.325,0.8,532,298.15,0.33963776,0.6185915,0.041770708,0.012503385,0.3137489,0.6737478
,1-benzyl-3-methylimidazolium bis(trifluoromethylsulfonyl)imide,C[n+]1ccn(Cc2ccccc2)c1.O=S(=O)([N-]S(=O)(=O)C(F)(F)F)C(F)(F)F,[BzMIM][NTf2],pyridine,c1ccncc1,N-compound,n-heptane,CCCCCCC,alkane,0.0888,0.785,0.1262,0.0,0.4733,0.5267,101.325,1.0,532,298.15,0.28129116,0.67462736,0.044081457,0.013715032,0.37237006,0.6139149
,N-hexylisoquinolinium thiocyanate,CCCCCC[n+]1ccc2ccccc2c1.N#C[S-],[C6iQuin][SCN],pyridine,c1ccncc1,N-compound,n-heptane,CCCCCCC,alkane,0.976,0.0,0.024,0.0,0.0,1.0,101.325,0.0,543,298.15,0.7022238,0.2648337,0.032942493,0.006086095,0.102828205,0.89108574
,N-hexylisoquinolinium thiocyanate,CCCCCC[n+]1ccc2ccccc2c1.N#C[S-],[C6iQuin][SCN],pyridine,c1ccncc1,N-compound,n-heptane,CCCCCCC,alkane,0.825,0.152,0.023,0.0,0.024,0.976,101.325,0.1,543,298.15,0.6743502,0.29021475,0.03543508,0.006476941,0.11379916,0.8797239
,N-hexylisoquinolinium thiocyanate,CCCCCC[n+]1ccc2ccccc2c1.N#C[S-],[C6iQuin][SCN],pyridine,c1ccncc1,N-compound,n-heptane,CCCCCCC,alkane,0.682,0.295,0.023,0.0,0.055,0.945,101.325,0.2,543,298.15,0.6456503,0.3165107,0.03783895,0.006814832,0.12622885,0.86695623
,N-hexylisoquinolinium thiocyanate,CCCCCC[n+]1ccc2ccccc2c1.N#C[S-],[C6iQuin][SCN],pyridine,c1ccncc1,N-compound,n-heptane,CCCCCCC,alkane,0.594,0.383,0.023,0.0,0.084,0.916,101.325,0.3,543,298.15,0.61475855,0.34467754,0.04056386,0.0073100342,0.13896982,0.8537201
,N-hexylisoquinolinium thiocyanate,CCCCCC[n+]1ccc2ccccc2c1.N#C[S-],[C6iQuin][SCN],pyridine,c1ccncc1,N-compound,n-heptane,CCCCCCC,alkane,0.537,0.438,0.025,0.0,0.102,0.898,101.325,0.4,543,298.15,0.58290577,0.37380064,0.043293606,0.007802291,0.15233658,0.83986115
,N-hexylisoquinolinium thiocyanate,CCCCCC[n+]1ccc2ccccc2c1.N#C[S-],[C6iQuin][SCN],pyridine,c1ccncc1,N-compound,n-heptane,CCCCCCC,alkane,0.425,0.548,0.027,0.0,0.153,0.847,101.325,0.5,543,298.15,0.5500796,0.40392223,0.045998204,0.008287422,0.16638893,0.8253236
,N-hexylisoquinolinium thiocyanate,CCCCCC[n+]1ccc2ccccc2c1.N#C[S-],[C6iQuin][SCN],pyridine,c1ccncc1,N-compound,n-heptane,CCCCCCC,alkane,0.38100004,0.59000003,0.029000001,0.0,0.2,0.8,101.325,0.6,543,298.15,0.5171924,0.43411967,0.048687913,0.008848471,0.1823744,0.8087771
,N-hexylisoquinolinium thiocyanate,CCCCCC[n+]1ccc2ccccc2c1.N#C[S-],[C6iQuin][SCN],pyridine,c1ccncc1,N-compound,n-heptane,CCCCCCC,alkane,0.285,0.682,0.033,0.0,0.274,0.726,101.325,0.7,543,298.15,0.48418686,0.46441203,0.051401123,0.009479892,0.19990265,0.7906174
,N-hexylisoquinolinium thiocyanate,CCCCCC[n+]1ccc2ccccc2c1.N#C[S-],[C6iQuin][SCN],pyridine,c1ccncc1,N-compound,n-heptane,CCCCCCC,alkane,0.217,0.741,0.042,0.0,0.359,0.641,101.325,0.8,543,298.15,0.4514228,0.49444088,0.054136276,0.010185996,0.21895738,0.7708566
,N-hexylisoquinolinium thiocyanate,CCCCCC[n+]1ccc2ccccc2c1.N#C[S-],[C6iQuin][SCN],pyridine,c1ccncc1,N-compound,n-heptane,CCCCCCC,alkane,0.175,0.775,0.05,0.0,0.426,0.574,101.325,0.9,543,298.15,0.41919425,0.5242549,0.056550793,0.010802498,0.23846649,0.75073105
,N-hexylisoquinolinium thiocyanate,CCCCCC[n+]1ccc2ccccc2c1.N#C[S-],[C6iQuin][SCN],pyridine,c1ccncc1,N-compound,n-heptane,CCCCCCC,alkane,0.133,0.803,0.064,0.0,0.539,0.461,101.325,1.0,543,298.15,0.38786983,0.55339456,0.058735587,0.011405081,0.258779,0.7298159
no,N-octylisoquinolinium thiocyanate,CCCCCCCC[n+]1ccc2ccccc2c1.N#C[S-],[C8iQuin][SCN],3-methylpyridine,Cc1cccnc1,N-compound,n-heptane,CCCCCCC,alkane,0.824,0.11,0.066,0.0,0.023,0.977,101.325,0.0,545,298.15,0.86234576,0.12250949,0.015144752,0.0060002473,0.27167913,0.7223207
no,N-octylisoquinolinium thiocyanate,CCCCCCCC[n+]1ccc2ccccc2c1.N#C[S-],[C8iQuin][SCN],3-methylpyridine,Cc1cccnc1,N-compound,n-heptane,CCCCCCC,alkane,0.77,0.17,0.06,0.0,0.039,0.961,101.325,0.11111111,545,298.15,0.8436138,0.13947009,0.016916074,0.006404354,0.2966119,0.69698375
no,N-octylisoquinolinium thiocyanate,CCCCCCCC[n+]1ccc2ccccc2c1.N#C[S-],[C8iQuin][SCN],3-methylpyridine,Cc1cccnc1,N-compound,n-heptane,CCCCCCC,alkane,0.663,0.273,0.064,0.0,0.074,0.926,101.325,0.22222222,545,298.15,0.822871,0.15829346,0.018835476,0.00681239,0.32285386,0.67033374
no,N-octylisoquinolinium thiocyanate,CCCCCCCC[n+]1ccc2ccccc2c1.N#C[S-],[C8iQuin][SCN],3-methylpyridine,Cc1cccnc1,N-compound,n-heptane,CCCCCCC,alkane,0.56,0.373,0.067,0.0,0.121,0.879,101.325,0.33333334,545,298.15,0.7997232,0.17933197,0.02094477,0.00722985,0.35000613,0.642764
no,N-octylisoquinolinium thiocyanate,CCCCCCCC[n+]1ccc2ccccc2c1.N#C[S-],[C8iQuin][SCN],3-methylpyridine,Cc1cccnc1,N-compound,n-heptane,CCCCCCC,alkane,0.522,0.414,0.064,0.003,0.16,0.837,101.325,0.44444445,545,298.15,0.77472425,0.20210958,0.023166178,0.0076398235,0.37849712,0.61386305
no,N-octylisoquinolinium thiocyanate,CCCCCCCC[n+]1ccc2ccccc2c1.N#C[S-],[C8iQuin][SCN],3-methylpyridine,Cc1cccnc1,N-compound,n-heptane,CCCCCCC,alkane,0.39600003,0.53400004,0.07000001,0.005,0.261,0.734,101.325,0.5555556,545,298.15,0.7476374,0.22684409,0.02551858,0.008043972,0.40784028,0.58411574
no,N-octylisoquinolinium thiocyanate,CCCCCCCC[n+]1ccc2ccccc2c1.N#C[S-],[C8iQuin][SCN],3-methylpyridine,Cc1cccnc1,N-compound,n-heptane,CCCCCCC,alkane,0.29,0.626,0.084,0.006,0.33,0.664,101.325,0.6666667,545,298.15,0.71991724,0.2522862,0.027796602,0.00826134,0.43800226,0.5537364
no,N-octylisoquinolinium thiocyanate,CCCCCCCC[n+]1ccc2ccccc2c1.N#C[S-],[C8iQuin][SCN],3-methylpyridine,Cc1cccnc1,N-compound,n-heptane,CCCCCCC,alkane,0.236,0.677,0.087,0.007,0.422,0.571,101.325,0.7777778,545,298.15,0.68960965,0.28012598,0.030264448,0.0085425805,0.46853682,0.52292055
no,N-octylisoquinolinium thiocyanate,CCCCCCCC[n+]1ccc2ccccc2c1.N#C[S-],[C8iQuin][SCN],3-methylpyridine,Cc1cccnc1,N-compound,n-heptane,CCCCCCC,alkane,0.176,0.726,0.098,0.009,0.544,0.447,101.325,0.8888889,545,298.15,0.6570546,0.31004688,0.032898553,0.0088915415,0.4989813,0.4921271
no,N-octylisoquinolinium thiocyanate,CCCCCCCC[n+]1ccc2ccccc2c1.N#C[S-],[C8iQuin][SCN],3-methylpyridine,Cc1cccnc1,N-compound,n-heptane,CCCCCCC,alkane,0.079,0.769,0.152,0.011,0.685,0.304,101.325,1.0,545,298.15,0.62286615,0.34154338,0.035590507,0.009221541,0.5295655,0.46121296
,1-ethyl-3-methylimidazolium acetate,CC(=O)[O-].CCn1cc[n+](C)c1,[C2MIm][OAc],pyridine,c1ccncc1,N-compound,"2,2,4-trimethylpentane",CC(C)CC(C)(C)C,alkane,0.8015,0.0142,0.1843,0.0,0.1017,0.8983,101.325,0.0,552,298.15,0.8015412,0.18807869,0.010380151,0.003296265,0.07972784,0.91697586
,1-ethyl-3-methylimidazolium acetate,CC(=O)[O-].CCn1cc[n+](C)c1,[C2MIm][OAc],pyridine,c1ccncc1,N-compound,"2,2,4-trimethylpentane",CC(C)CC(C)(C)C,alkane,0.6412,0.2027,0.1561,0.0,0.3699,0.6301,101.325,0.14285715,552,298.15,0.7670681,0.22107871,0.011853235,0.0037155936,0.09375708,0.90252733
,1-ethyl-3-methylimidazolium acetate,CC(=O)[O-].CCn1cc[n+](C)c1,[C2MIm][OAc],pyridine,c1ccncc1,N-compound,"2,2,4-trimethylpentane",CC(C)CC(C)(C)C,alkane,0.5508,0.3169,0.1323,0.0,0.4244,0.5756,101.325,0.2857143,552,298.15,0.7287522,0.25781447,0.013433351,0.0041761715,0.10996696,0.8858569
,1-ethyl-3-methylimidazolium acetate,CC(=O)[O-].CCn1cc[n+](C)c1,[C2MIm][OAc],pyridine,c1ccncc1,N-compound,"2,2,4-trimethylpentane",CC(C)CC(C)(C)C,alkane,0.4693,0.438,0.0927,0.0,0.4737,0.5263,101.325,0.42857143,552,298.15,0.68635046,0.29849264,0.015156909,0.0047245994,0.12799482,0.86728054
,1-ethyl-3-methylimidazolium acetate,CC(=O)[O-].CCn1cc[n+](C)c1,[C2MIm][OAc],pyridine,c1ccncc1,N-compound,"2,2,4-trimethylpentane",CC(C)CC(C)(C)C,alkane,0.4466,0.4682,0.0852,0.0,0.532,0.468,101.325,0.5714286,552,298.15,0.6409718,0.34211454,0.016913677,0.005300429,0.1488663,0.84583336
,1-ethyl-3-methylimidazolium acetate,CC(=O)[O-].CCn1cc[n+](C)c1,[C2MIm][OAc],pyridine,c1ccncc1,N-compound,"2,2,4-trimethylpentane",CC(C)CC(C)(C)C,alkane,0.40320003,0.51610005,0.08070001,0.0,0.6099,0.3901,101.325,0.71428573,552,298.15,0.6135063,0.36777115,0.018722495,0.0064685047,0.15405588,0.8394756
,1-ethyl-3-methylimidazolium acetate,CC(=O)[O-].CCn1cc[n+](C)c1,[C2MIm][OAc],pyridine,c1ccncc1,N-compound,"2,2,4-trimethylpentane",CC(C)CC(C)(C)C,alkane,0.3218,0.5754,0.1028,0.0,0.6789,0.3211,101.325,0.85714287,552,298.15,0.5796015,0.39999622,0.020402275,0.0071203667,0.16787873,0.8250009
,1-ethyl-3-methylimidazolium acetate,CC(=O)[O-].CCn1cc[n+](C)c1,[C2MIm][OAc],pyridine,c1ccncc1,N-compound,"2,2,4-trimethylpentane",CC(C)CC(C)(C)C,alkane,0.2348,0.661,0.1042,0.0,0.7846,0.2154,101.325,1.0,552,298.15,0.531037,0.4467571,0.022205897,0.00786598,0.19397286,0.79816115
,1-ethyl-3-methylimidazolium methanesulfonate,CCn1cc[n+](C)c1.CS(=O)(=O)[O-],[C2MIm][CH3SO3],pyridine,c1ccncc1,N-compound,"2,2,4-trimethylpentane",CC(C)CC(C)(C)C,alkane,0.6141,0.1588,0.2271,0.0,0.0446,0.9554,101.325,0.0,554,298.15,0.7810278,0.20634145,0.012630774,0.0045821574,0.12453513,0.87088263
,1-ethyl-3-methylimidazolium methanesulfonate,CCn1cc[n+](C)c1.CS(=O)(=O)[O-],[C2MIm][CH3SO3],pyridine,c1ccncc1,N-compound,"2,2,4-trimethylpentane",CC(C)CC(C)(C)C,alkane,0.5833,0.213,0.2037,0.0,0.1691,0.8309,101.325,0.14285715,554,298.15,0.73900837,0.24679062,0.01420097,0.0044878284,0.14520541,0.8503068
,1-ethyl-3-methylimidazolium methanesulfonate,CCn1cc[n+](C)c1.CS(=O)(=O)[O-],[C2MIm][CH3SO3],pyridine,c1ccncc1,N-compound,"2,2,4-trimethylpentane",CC(C)CC(C)(C)C,alkane,0.5554,0.2755,0.1691,0.0,0.4006,0.5994,101.325,0.2857143,554,298.15,0.69809574,0.2859121,0.015992187,0.0049969945,0.16931225,0.8256908
,1-ethyl-3-methylimidazolium methanesulfonate,CCn1cc[n+](C)c1.CS(=O)(=O)[O-],[C2MIm][CH3SO3],pyridine,c1ccncc1,N-compound,"2,2,4-trimethylpentane",CC(C)CC(C)(C)C,alkane,0.4837,0.4049,0.1114,0.0,0.4991,0.5009,101.325,0.42857143,554,298.15,0.6539249,0.32822397,0.017851127,0.00553631,0.19650938,0.7979543
,1-ethyl-3-methylimidazolium methanesulfonate,CCn1cc[n+](C)c1.CS(=O)(=O)[O-],[C2MIm][CH3SO3],pyridine,c1ccncc1,N-compound,"2,2,4-trimethylpentane",CC(C)CC(C)(C)C,alkane,0.45610002,0.45090002,0.09300001,0.0,0.5525,0.4475,101.325,0.5714286,554,298.15,0.575638,0.40299737,0.021364646,0.007287402,0.27294374,0.7197689
,1-ethyl-3-methylimidazolium methanesulfonate,CCn1cc[n+](C)c1.CS(=O)(=O)[O-],[C2MIm][CH3SO3],pyridine,c1ccncc1,N-compound,"2,2,4-trimethylpentane",CC(C)CC(C)(C)C,alkane,0.3987,0.5432,0.0581,0.0,0.6179,0.3821,101.325,0.71428573,554,298.15,0.525291,0.45143074,0.023278235,0.007926126,0.31033882,0.6817351
,1-ethyl-3-methylimidazolium methanesulfonate,CCn1cc[n+](C)c1.CS(=O)(=O)[O-],[C2MIm][CH3SO3],pyridine,c1ccncc1,N-compound,"2,2,4-trimethylpentane",CC(C)CC(C)(C)C,alkane,0.3862,0.5696,0.0442,0.0,0.6789,0.3211,101.325,0.85714287,554,298.15,0.47473928,0.5001634,0.025097322,0.008553408,0.35018867,0.64125794
,1-ethyl-3-methylimidazolium methanesulfonate,CCn1cc[n+](C)c1.CS(=O)(=O)[O-],[C2MIm][CH3SO3],pyridine,c1ccncc1,N-compound,"2,2,4-trimethylpentane",CC(C)CC(C)(C)C,alkane,0.2716,0.7048,0.0236,0.0,0.785,0.215,101.325,1.0,554,298.15,0.42407045,0.5490371,0.026892466,0.0093239965,0.39177433,0.5989017
no,(3-cyanopropyl)pyridinium dicyanamide,N#CCCC[n+]1ccccc1.N#CN=C=[N-],[C3CNPy][N(CN)2],hex-1-ene,C=CCCCC,alkene,hexane,CCCCCC,alkane,0.994,0.006,0.0,0.0,1.0,0.0,101.325,0.0,572,298.15,0.9971718,0.00196214,0.0008660798,0.0009402963,0.43938208,0.55967766
no,(3-cyanopropyl)pyridinium dicyanamide,N#CCCC[n+]1ccccc1.N#CN=C=[N-],[C3CNPy][N(CN)2],hex-1-ene,C=CCCCC,alkene,hexane,CCCCCC,alkane,0.994,0.006,0.0,0.0,0.949,0.051,101.325,0.11111111,572,298.15,0.9968304,0.0022018652,0.00096771907,0.0009808522,0.4460083,0.5530108
no,(3-cyanopropyl)pyridinium dicyanamide,N#CCCC[n+]1ccccc1.N#CN=C=[N-],[C3CNPy][N(CN)2],hex-1-ene,C=CCCCC,alkene,hexane,CCCCCC,alkane,0.994,0.005,0.001,0.0,0.899,0.101,101.325,0.22222222,572,298.15,0.9964049,0.0024991296,0.00109596,0.0010567945,0.45291114,0.5460321
no,(3-cyanopropyl)pyridinium dicyanamide,N#CCCC[n+]1ccccc1.N#CN=C=[N-],[C3CNPy][N(CN)2],hex-1-ene,C=CCCCC,alkene,hexane,CCCCCC,alkane,0.995,0.005,0.0,0.0,0.743,0.257,101.325,0.33333334,572,298.15,0.9958728,0.0028693704,0.0012577521,0.0011758815,0.46005875,0.5387654
no,(3-cyanopropyl)pyridinium dicyanamide,N#CCCC[n+]1ccccc1.N#CN=C=[N-],[C3CNPy][N(CN)2],hex-1-ene,C=CCCCC,alkene,hexane,CCCCCC,alkane,0.995,0.004,0.001,0.0,0.567,0.433,101.325,0.44444445,572,298.15,0.99543554,0.003180447,0.0013839707,0.0011776091,0.46678737,0.53203505
no,(3-cyanopropyl)pyridinium dicyanamide,N#CCCC[n+]1ccccc1.N#CN=C=[N-],[C3CNPy][N(CN)2],hex-1-ene,C=CCCCC,alkene,hexane,CCCCCC,alkane,0.995,0.003,0.002,0.0,0.39,0.61,101.325,0.5555556,572,298.15,0.99501437,0.0034851825,0.0015004887,0.0011319772,0.47345057,0.52541745
no,(3-cyanopropyl)pyridinium dicyanamide,N#CCCC[n+]1ccccc1.N#CN=C=[N-],[C3CNPy][N(CN)2],hex-1-ene,C=CCCCC,alkene,hexane,CCCCCC,alkane,0.996,0.001,0.003,0.0,0.227,0.773,101.325,0.6666667,572,298.15,0.99440646,0.003915729,0.001677888,0.0011802539,0.48050147,0.5183183
no,(3-cyanopropyl)pyridinium dicyanamide,N#CCCC[n+]1ccccc1.N#CN=C=[N-],[C3CNPy][N(CN)2],hex-1-ene,C=CCCCC,alkene,hexane,CCCCCC,alkane,0.99700004,0.0010000002,0.0020000003,0.0,0.089,0.911,101.325,0.7777778,572,298.15,0.99371946,0.0044023735,0.0018782088,0.0012309657,0.48772126,0.5110478
no,(3-cyanopropyl)pyridinium dicyanamide,N#CCCC[n+]1ccccc1.N#CN=C=[N-],[C3CNPy][N(CN)2],hex-1-ene,C=CCCCC,alkene,hexane,CCCCCC,alkane,0.997,0.0,0.003,0.0,0.032,0.968,101.325,0.8888889,572,298.15,0.9929594,0.004941926,0.0020986446,0.0012801623,0.49492338,0.5037964
no,(3-cyanopropyl)pyridinium dicyanamide,N#CCCC[n+]1ccccc1.N#CN=C=[N-],[C3CNPy][N(CN)2],hex-1-ene,C=CCCCC,alkene,hexane,CCCCCC,alkane,0.998,0.0,0.002,0.0,0.0,1.0,101.325,1.0,572,298.15,0.99211407,0.0055425223,0.002343328,0.0013281914,0.502182,0.49648976
,1-(3-hydroxypropyl)pyridinium dicyanamide,N#CN=C=[N-].OCCC[n+]1ccccc1,[OHC3Py][N(CN)2],1-hexene,C=CCCCC,alkene,n-hexane,CCCCCC,alkane,0.993,0.007,0.0,0.0,1.0,0.0,101.325,0.0,586,298.15,0.9960223,0.00271959,0.0012581466,0.0010472238,0.46066618,0.5382866
,1-(3-hydroxypropyl)pyridinium dicyanamide,N#CN=C=[N-].OCCC[n+]1ccccc1,[OHC3Py][N(CN)2],1-hexene,C=CCCCC,alkene,n-hexane,CCCCCC,alkane,0.993,0.007,0.0,0.0,0.935,0.065,101.325,0.07692308,586,298.15,0.99569184,0.0029478744,0.0013601999,0.0010779247,0.4652091,0.53371304
,1-(3-hydroxypropyl)pyridinium dicyanamide,N#CN=C=[N-].OCCC[n+]1ccccc1,[OHC3Py][N(CN)2],1-hexene,C=CCCCC,alkene,n-hexane,CCCCCC,alkane,0.993,0.007,0.0,0.0,0.871,0.129,101.325,0.15384616,586,298.15,0.9953117,0.0032105497,0.0014777713,0.0011188699,0.4698513,0.52902985
,1-(3-hydroxypropyl)pyridinium dicyanamide,N#CN=C=[N-].OCCC[n+]1ccccc1,[OHC3Py][N(CN)2],1-hexene,C=CCCCC,alkene,n-hexane,CCCCCC,alkane,0.99300003,0.0060000005,0.0010000002,0.0,0.784,0.216,101.325,0.23076923,586,298.15,0.9948737,0.0035128277,0.0016133899,0.0011713363,0.4746718,0.52415687
,1-(3-hydroxypropyl)pyridinium dicyanamide,N#CN=C=[N-].OCCC[n+]1ccccc1,[OHC3Py][N(CN)2],1-hexene,C=CCCCC,alkene,n-hexane,CCCCCC,alkane,0.99300003,0.0060000005,0.0010000002,0.0,0.71,0.29,101.325,0.30769232,586,298.15,0.99444675,0.003808488,0.0017447849,0.0012055562,0.47933167,0.51946276
,1-(3-hydroxypropyl)pyridinium dicyanamide,N#CN=C=[N-].OCCC[n+]1ccccc1,[OHC3Py][N(CN)2],1-hexene,C=CCCCC,alkene,n-hexane,CCCCCC,alkane,0.994,0.005,0.001,0.0,0.626,0.374,101.325,0.3846154,586,298.15,0.99398345,0.0041299346,0.0018866519,0.0012407298,0.48399812,0.51476115
,1-(3-hydroxypropyl)pyridinium dicyanamide,N#CN=C=[N-].OCCC[n+]1ccccc1,[OHC3Py][N(CN)2],1-hexene,C=CCCCC,alkene,n-hexane,CCCCCC,alkane,0.994,0.005,0.001,0.0,0.529,0.471,101.325,0.46153846,586,298.15,0.9934822,0.004477638,0.0020400605,0.0012767231,0.48873073,0.5099926
,1-(3-hydroxypropyl)pyridinium dicyanamide,N#CN=C=[N-].OCCC[n+]1ccccc1,[OHC3Py][N(CN)2],1-hexene,C=CCCCC,alkene,n-hexane,CCCCCC,alkane,0.994,0.004,0.002,0.0,0.47,0.53,101.325,0.53846157,586,298.15,0.9926992,0.005010021,0.0022907706,0.0014481449,0.49397066,0.5045812
,1-(3-hydroxypropyl)pyridinium dicyanamide,N#CN=C=[N-].OCCC[n+]1ccccc1,[OHC3Py][N(CN)2],1-hexene,C=CCCCC,alkene,n-hexane,CCCCCC,alkane,0.995,0.002,0.003,0.0,0.376,0.624,101.325,0.61538464,586,298.15,0.99209327,0.005430574,0.0024761113,0.0014901785,0.49873453,0.49977532
,1-(3-hydroxypropyl)pyridinium dicyanamide,N#CN=C=[N-].OCCC[n+]1ccccc1,[OHC3Py][N(CN)2],1-hexene,C=CCCCC,alkene,n-hexane,CCCCCC,alkane,0.995,0.002,0.003,0.0,0.295,0.705,101.325,0.6923077,586,298.15,0.99149114,0.005851974,0.0026569557,0.0015028287,0.50349337,0.4950038
,1-(3-hydroxypropyl)pyridinium dicyanamide,N#CN=C=[N-].OCCC[n+]1ccccc1,[OHC3Py][N(CN)2],1-hexene,C=CCCCC,alkene,n-hexane,CCCCCC,alkane,0.99600005,0.0020000003,0.0020000003,0.0,0.219,0.781,101.325,0.7692308,586,298.15,0.9908145,0.006324534,0.0028609312,0.0015304267,0.50828695,0.49018267
,1-(3-hydroxypropyl)pyridinium dicyanamide,N#CN=C=[N-].OCCC[n+]1ccccc1,[OHC3Py][N(CN)2],1-hexene,C=CCCCC,alkene,n-hexane,CCCCCC,alkane,0.996,0.001,0.003,0.0,0.12,0.88,101.325,0.84615386,586,298.15,0.9900417,0.006862126,0.0030962282,0.0015747619,0.51322764,0.4851976
,1-(3-hydroxypropyl)pyridinium dicyanamide,N#CN=C=[N-].OCCC[n+]1ccccc1,[OHC3Py][N(CN)2],1-hexene,C=CCCCC,alkene,n-hexane,CCCCCC,alkane,0.996,0.0,0.004,0.0,0.049,0.951,101.325,0.9230769,586,298.15,0.98921263,0.00743984,0.0033476294,0.0016201222,0.51814723,0.48023263
,1-(3-hydroxypropyl)pyridinium dicyanamide,N#CN=C=[N-].OCCC[n+]1ccccc1,[OHC3Py][N(CN)2],1-hexene,C=CCCCC,alkene,n-hexane,CCCCCC,alkane,0.997,0.0,0.003,0.0,0.0,1.0,101.325,1.0,586,298.15,0.98872876,0.0077808374,0.0034904745,0.0015413513,0.5219852,0.47647345
,1-butyl-3-methylimidazolium tricyanomethanide,CCCCn1cc[n+](C)c1.N#CC(=C=[N-])C#N,[C4MIm][C(CN)3],1-hexene,C=CCCCC,alkene,n-hexane,CCCCCC,alkane,0.966,0.0,0.034,0.0,0.0,1.0,101.325,0.0,588,298.15,0.98437184,0.011396415,0.004231748,0.002155088,0.45653766,0.5413073
,1-butyl-3-methylimidazolium tricyanomethanide,CCCCn1cc[n+](C)c1.N#CC(=C=[N-])C#N,[C4MIm][C(CN)3],1-hexene,C=CCCCC,alkene,n-hexane,CCCCCC,alkane,0.963,0.004,0.033,0.0,0.057,0.943,101.325,0.05263158,588,298.15,0.98347664,0.012058681,0.0044647213,0.002198188,0.46065876,0.53714305
,1-butyl-3-methylimidazolium tricyanomethanide,CCCCn1cc[n+](C)c1.N#CC(=C=[N-])C#N,[C4MIm][C(CN)3],1-hexene,C=CCCCC,alkene,n-hexane,CCCCCC,alkane,0.95900005,0.011000001,0.030000001,0.0,0.137,0.863,101.325,0.10526316,588,298.15,0.9825316,0.0127570005,0.00471142,0.0022424068,0.46483946,0.53291816
,1-butyl-3-methylimidazolium tricyanomethanide,CCCCn1cc[n+](C)c1.N#CC(=C=[N-])C#N,[C4MIm][C(CN)3],1-hexene,C=CCCCC,alkene,n-hexane,CCCCCC,alkane,0.95600003,0.015000001,0.029000001,0.0,0.186,0.814,101.325,0.15789473,588,298.15,0.9809498,0.013910379,0.005139738,0.0024923824,0.46952143,0.5279862
,1-butyl-3-methylimidazolium tricyanomethanide,CCCCn1cc[n+](C)c1.N#CC(=C=[N-])C#N,[C4MIm][C(CN)3],1-hexene,C=CCCCC,alkene,n-hexane,CCCCCC,alkane,0.954,0.018,0.028,0.0,0.225,0.775,101.325,0.21052632,588,298.15,0.97986585,0.014712607,0.0054216017,0.0025417213,0.4737319,0.52372634
,1-butyl-3-methylimidazolium tricyanomethanide,CCCCn1cc[n+](C)c1.N#CC(=C=[N-])C#N,[C4MIm][C(CN)3],1-hexene,C=CCCCC,alkene,n-hexane,CCCCCC,alkane,0.952,0.021,0.027,0.0,0.285,0.715,101.325,0.2631579,588,298.15,0.97872126,0.015559941,0.005718851,0.0025924684,0.4779383,0.5194692
,1-butyl-3-methylimidazolium tricyanomethanide,CCCCn1cc[n+](C)c1.N#CC(=C=[N-])C#N,[C4MIm][C(CN)3],1-hexene,C=CCCCC,alkene,n-hexane,CCCCCC,alkane,0.949,0.028,0.023,0.0,0.343,0.657,101.325,0.31578946,588,298.15,0.97784346,0.016200949,0.0059555694,0.0026103207,0.48180398,0.51558566
,1-butyl-3-methylimidazolium tricyanomethanide,CCCCn1cc[n+](C)c1.N#CC(=C=[N-])C#N,[C4MIm][C(CN)3],1-hexene,C=CCCCC,alkene,n-hexane,CCCCCC,alkane,0.946,0.032,0.022,0.0,0.407,0.593,101.325,0.36842105,588,298.15,0.9767551,0.017001322,0.006243692,0.002645223,0.48587674,0.511478
,1-butyl-3-methylimidazolium tricyanomethanide,CCCCn1cc[n+](C)c1.N#CC(=C=[N-])C#N,[C4MIm][C(CN)3],1-hexene,C=CCCCC,alkene,n-hexane,CCCCCC,alkane,0.944,0.037,0.019,0.0,0.482,0.518,101.325,0.42105263,588,298.15,0.97543484,0.01797965,0.0065854755,0.0026970035,0.4900832,0.5072198
,1-butyl-3-methylimidazolium tricyanomethanide,CCCCn1cc[n+](C)c1.N#CC(=C=[N-])C#N,[C4MIm][C(CN)3],1-hexene,C=CCCCC,alkene,n-hexane,CCCCCC,alkane,0.94100004,0.043000005,0.016000003,0.0,0.556,0.444,101.325,0.47368422,588,298.15,0.9741683,0.018922647,0.0069090794,0.0027017645,0.49415264,0.5031456
,1-butyl-3-methylimidazolium tricyanomethanide,CCCCn1cc[n+](C)c1.N#CC(=C=[N-])C#N,[C4MIm][C(CN)3],1-hexene,C=CCCCC,alkene,n-hexane,CCCCCC,alkane,0.938,0.048,0.014,0.0,0.608,0.392,101.325,0.5263158,588,298.15,0.9729812,0.019808931,0.0072098346,0.0026584056,0.49803028,0.49931133
,1-butyl-3-methylimidazolium tricyanomethanide,CCCCn1cc[n+](C)c1.N#CC(=C=[N-])C#N,[C4MIm][C(CN)3],1-hexene,C=CCCCC,alkene,n-hexane,CCCCCC,alkane,0.936,0.052,0.012,0.0,0.67,0.33,101.325,0.57894737,588,298.15,0.97126555,0.021090325,0.007644023,0.0027335524,0.5025182,0.49474826
,1-butyl-3-methylimidazolium tricyanomethanide,CCCCn1cc[n+](C)c1.N#CC(=C=[N-])C#N,[C4MIm][C(CN)3],1-hexene,C=CCCCC,alkene,n-hexane,CCCCCC,alkane,0.933,0.057,0.01,0.0,0.73,0.27,101.325,0.6315789,588,298.15,0.9692811,0.022581927,0.008137069,0.002832496,0.5072031,0.48996443
,1-butyl-3-methylimidazolium tricyanomethanide,CCCCn1cc[n+](C)c1.N#CC(=C=[N-])C#N,[C4MIm][C(CN)3],1-hexene,C=CCCCC,alkene,n-hexane,CCCCCC,alkane,0.932,0.06,0.008,0.0,0.77,0.23,101.325,0.68421054,588,298.15,0.9675385,0.023880385,0.00858115,0.0028875945,0.51151514,0.4855973
,1-butyl-3-methylimidazolium tricyanomethanide,CCCCn1cc[n+](C)c1.N#CC(=C=[N-])C#N,[C4MIm][C(CN)3],1-hexene,C=CCCCC,alkene,n-hexane,CCCCCC,alkane,0.93,0.064,0.006,0.0,0.823,0.177,101.325,0.7368421,588,298.15,0.9657034,0.025247198,0.009049447,0.0029433735,0.51583207,0.4812245
,1-butyl-3-methylimidazolium tricyanomethanide,CCCCn1cc[n+](C)c1.N#CC(=C=[N-])C#N,[C4MIm][C(CN)3],1-hexene,C=CCCCC,alkene,n-hexane,CCCCCC,alkane,0.928,0.068,0.004,0.0,0.869,0.131,101.325,0.7894737,588,298.15,0.96345896,0.026929934,0.009610982,0.003025186,0.52042025,0.47655463
,1-butyl-3-methylimidazolium tricyanomethanide,CCCCn1cc[n+](C)c1.N#CC(=C=[N-])C#N,[C4MIm][C(CN)3],1-hexene,C=CCCCC,alkene,n-hexane,CCCCCC,alkane,0.927,0.07,0.003,0.0,0.904,0.096,101.325,0.84210527,588,298.15,0.9612384,0.028592804,0.010168815,0.0030962755,0.52489203,0.47201166
,1-butyl-3-methylimidazolium tricyanomethanide,CCCCn1cc[n+](C)c1.N#CC(=C=[N-])C#N,[C4MIm][C(CN)3],1-hexene,C=CCCCC,alkene,n-hexane,CCCCCC,alkane,0.926,0.072,0.002,0.0,0.943,0.057,101.325,0.8947368,588,298.15,0.9590714,0.03021123,0.010717382,0.0031549907,0.52924204,0.46760294
,1-butyl-3-methylimidazolium tricyanomethanide,CCCCn1cc[n+](C)c1.N#CC(=C=[N-])C#N,[C4MIm][C(CN)3],1-hexene,C=CCCCC,alkene,n-hexane,CCCCCC,alkane,0.924,0.075,0.001,0.0,0.983,0.017,101.325,0.94736844,588,298.15,0.9575627,0.031329483,0.0111078145,0.0031063266,0.53285974,0.46403393
,1-butyl-3-methylimidazolium tricyanomethanide,CCCCn1cc[n+](C)c1.N#CC(=C=[N-])C#N,[C4MIm][C(CN)3],1-hexene,C=CCCCC,alkene,n-hexane,CCCCCC,alkane,0.924,0.076,0.0,0.0,1.0,0.0,101.325,1.0,588,298.15,0.9567681,0.031901762,0.011330182,0.0029528895,0.5357027,0.46134445
,1-ethyl-3-methylimidazolium bis(trifluoromethylsulfonyl)imide,CCn1cc[n+](C)c1.O=S(=O)([N-]S(=O)(=O)C(F)(F)F)C(F)(F)F,[C2MIm][NTf2],cyclohexane,C1CCCCC1,cycloalkane,n-heptane,CCCCCCC,alkane,0.962,0.0,0.038,0.0,0.0,1.0,101.325,0.0,609,298.15,0.98917925,0.007423009,0.0033976845,0.0012410776,0.41941905,0.57933986
,1-ethyl-3-methylimidazolium bis(trifluoromethylsulfonyl)imide,CCn1cc[n+](C)c1.O=S(=O)([N-]S(=O)(=O)C(F)(F)F)C(F)(F)F,[C2MIm][NTf2],cyclohexane,C1CCCCC1,cycloalkane,n-heptane,CCCCCCC,alkane,0.95600003,0.019000001,0.025000002,0.0,0.13,0.87,101.325,0.11111111,609,298.15,0.9878835,0.008312088,0.0038043645,0.0012899023,0.423307,0.5754031
,1-ethyl-3-methylimidazolium bis(trifluoromethylsulfonyl)imide,CCn1cc[n+](C)c1.O=S(=O)([N-]S(=O)(=O)C(F)(F)F)C(F)(F)F,[C2MIm][NTf2],cyclohexane,C1CCCCC1,cycloalkane,n-heptane,CCCCCCC,alkane,0.951,0.028,0.021,0.0,0.222,0.778,101.325,0.22222222,609,298.15,0.98643017,0.009309046,0.004260805,0.0013416919,0.42729393,0.5713644
,1-ethyl-3-methylimidazolium bis(trifluoromethylsulfonyl)imide,CCn1cc[n+](C)c1.O=S(=O)([N-]S(=O)(=O)C(F)(F)F)C(F)(F)F,[C2MIm][NTf2],cyclohexane,C1CCCCC1,cycloalkane,n-heptane,CCCCCCC,alkane,0.946,0.037,0.017,0.0,0.35,0.65,101.325,0.33333334,609,298.15,0.9848044,0.010425172,0.004770421,0.00139649,0.43133527,0.5672682
,1-ethyl-3-methylimidazolium bis(trifluoromethylsulfonyl)imide,CCn1cc[n+](C)c1.O=S(=O)([N-]S(=O)(=O)C(F)(F)F)C(F)(F)F,[C2MIm][NTf2],cyclohexane,C1CCCCC1,cycloalkane,n-heptane,CCCCCCC,alkane,0.94200003,0.042000003,0.016000003,0.0,0.402,0.598,101.325,0.44444445,609,298.15,0.98184055,0.012488858,0.0056705414,0.0016240007,0.43553987,0.56283617
,1-ethyl-3-methylimidazolium bis(trifluoromethylsulfonyl)imide,CCn1cc[n+](C)c1.O=S(=O)([N-]S(=O)(=O)C(F)(F)F)C(F)(F)F,[C2MIm][NTf2],cyclohexane,C1CCCCC1,cycloalkane,n-heptane,CCCCCCC,alkane,0.937,0.049,0.014,0.0,0.513,0.487,101.325,0.5555556,609,298.15,0.9796734,0.013981189,0.0063454895,0.0016905096,0.43984288,0.55846655
,1-ethyl-3-methylimidazolium bis(trifluoromethylsulfonyl)imide,CCn1cc[n+](C)c1.O=S(=O)([N-]S(=O)(=O)C(F)(F)F)C(F)(F)F,[C2MIm][NTf2],cyclohexane,C1CCCCC1,cycloalkane,n-heptane,CCCCCCC,alkane,0.936,0.051,0.013,0.0,0.614,0.386,101.325,0.6666667,609,298.15,0.9772562,0.015644412,0.007099445,0.0017598388,0.44422004,0.5540201
,1-ethyl-3-methylimidazolium bis(trifluoromethylsulfonyl)imide,CCn1cc[n+](C)c1.O=S(=O)([N-]S(=O)(=O)C(F)(F)F)C(F)(F)F,[C2MIm][NTf2],cyclohexane,C1CCCCC1,cycloalkane,n-heptane,CCCCCCC,alkane,0.931,0.056,0.013,0.0,0.713,0.287,101.325,0.7777778,609,298.15,0.97460407,0.017469015,0.007927012,0.0018231601,0.4487081,0.54946876
,1-ethyl-3-methylimidazolium bis(trifluoromethylsulfonyl)imide,CCn1cc[n+](C)c1.O=S(=O)([N-]S(=O)(=O)C(F)(F)F)C(F)(F)F,[C2MIm][NTf2],cyclohexane,C1CCCCC1,cycloalkane,n-heptane,CCCCCCC,alkane,0.925,0.063,0.012,0.0,0.82,0.18,101.325,0.8888889,609,298.15,0.9716253,0.019518169,0.0088565,0.0018934984,0.45322728,0.5448792
,1-ethyl-3-methylimidazolium bis(trifluoromethylsulfonyl)imide,CCn1cc[n+](C)c1.O=S(=O)([N-]S(=O)(=O)C(F)(F)F)C(F)(F)F,[C2MIm][NTf2],cyclohexane,C1CCCCC1,cycloalkane,n-heptane,CCCCCCC,alkane,0.874,0.126,0.0,0.0,1.0,0.0,101.325,1.0,609,298.15,0.9682543,0.021838753,0.009906941,0.0019711913,0.45784178,0.540187
,1-butyl-1-methylpyrrolidinium trifluoromethanesulfonate,CCCC[N+]1(C)CCCC1.O=S(=O)([O-])C(F)(F)F,[C4MPyr][CF3SO3],cyclohexane,C1CCCCC1,cycloalkane,n-heptane,CCCCCCC,alkane,0.968,0.0,0.032,0.0,0.0,1.0,101.325,0.0,615,298.15,0.9899463,0.007897321,0.0021564483,0.0010000399,0.4063603,0.5926396
,1-butyl-1-methylpyrrolidinium trifluoromethanesulfonate,CCCC[N+]1(C)CCCC1.O=S(=O)([O-])C(F)(F)F,[C4MPyr][CF3SO3],cyclohexane,C1CCCCC1,cycloalkane,n-heptane,CCCCCCC,alkane,0.948,0.029,0.023,0.0,0.092,0.908,101.325,0.11111111,615,298.15,0.9887332,0.008856445,0.002410335,0.0010418011,0.41243738,0.58652085
,1-butyl-1-methylpyrrolidinium trifluoromethanesulfonate,CCCC[N+]1(C)CCCC1.O=S(=O)([O-])C(F)(F)F,[C4MPyr][CF3SO3],cyclohexane,C1CCCCC1,cycloalkane,n-heptane,CCCCCCC,alkane,0.94100004,0.039000005,0.020000001,0.0,0.193,0.807,101.325,0.22222222,615,298.15,0.9872838,0.010004221,0.002712009,0.0011022387,0.41862878,0.58026904
,1-butyl-1-methylpyrrolidinium trifluoromethanesulfonate,CCCC[N+]1(C)CCCC1.O=S(=O)([O-])C(F)(F)F,[C4MPyr][CF3SO3],cyclohexane,C1CCCCC1,cycloalkane,n-heptane,CCCCCCC,alkane,0.935,0.048,0.017,0.0,0.297,0.703,101.325,0.33333334,615,298.15,0.98574406,0.011222958,0.0030329756,0.0011485445,0.42493394,0.57391745
,1-butyl-1-methylpyrrolidinium trifluoromethanesulfonate,CCCC[N+]1(C)CCCC1.O=S(=O)([O-])C(F)(F)F,[C4MPyr][CF3SO3],cyclohexane,C1CCCCC1,cycloalkane,n-heptane,CCCCCCC,alkane,0.93200004,0.052000005,0.016000003,0.0,0.393,0.607,101.325,0.44444445,615,298.15,0.9840206,0.012588599,0.0033908,0.0011963709,0.43139124,0.56741244
,1-butyl-1-methylpyrrolidinium trifluoromethanesulfonate,CCCC[N+]1(C)CCCC1.O=S(=O)([O-])C(F)(F)F,[C4MPyr][CF3SO3],cyclohexane,C1CCCCC1,cycloalkane,n-heptane,CCCCCCC,alkane,0.931,0.054,0.015,0.0,0.503,0.497,101.325,0.5555556,615,298.15,0.98208207,0.014125926,0.0037919474,0.0012461607,0.43798918,0.5607646
,1-butyl-1-methylpyrrolidinium trifluoromethanesulfonate,CCCC[N+]1(C)CCCC1.O=S(=O)([O-])C(F)(F)F,[C4MPyr][CF3SO3],cyclohexane,C1CCCCC1,cycloalkane,n-heptane,CCCCCCC,alkane,0.92800003,0.057000004,0.015000001,0.0,0.609,0.391,101.325,0.6666667,615,298.15,0.97992754,0.015835308,0.00423716,0.0012976219,0.4446257,0.5540767
,1-butyl-1-methylpyrrolidinium trifluoromethanesulfonate,CCCC[N+]1(C)CCCC1.O=S(=O)([O-])C(F)(F)F,[C4MPyr][CF3SO3],cyclohexane,C1CCCCC1,cycloalkane,n-heptane,CCCCCCC,alkane,0.929,0.057,0.014,0.0,0.71,0.29,101.325,0.7777778,615,298.15,0.9774899,0.017771337,0.0047387616,0.0013513934,0.45143396,0.5472147
,1-butyl-1-methylpyrrolidinium trifluoromethanesulfonate,CCCC[N+]1(C)CCCC1.O=S(=O)([O-])C(F)(F)F,[C4MPyr][CF3SO3],cyclohexane,C1CCCCC1,cycloalkane,n-heptane,CCCCCCC,alkane,0.927,0.06,0.013,0.0,0.813,0.187,101.325,0.8888889,615,298.15,0.97478306,0.01991948,0.005297504,0.0014091663,0.45789325,0.5406976
,1-butyl-1-methylpyrrolidinium trifluoromethanesulfonate,CCCC[N+]1(C)CCCC1.O=S(=O)([O-])C(F)(F)F,[C4MPyr][CF3SO3],cyclohexane,C1CCCCC1,cycloalkane,n-heptane,CCCCCCC,alkane,0.925,0.075,0.0,0.0,1.0,0.0,101.325,1.0,615,298.15,0.97176516,0.022313517,0.0059212875,0.0014720358,0.46407926,0.5344487
,butyltrimethylammonium bis(trifluoromethylsulfonyl)imide,CCCC[N+](C)(C)C.O=S(=O)([N-]S(=O)(=O)C(F)(F)F)C(F)(F)F,[N4111][NTf2],ethanol,CCO,alcohol,n-hexane,CCCCCC,alkane,0.7523,0.1628,0.0849,0.0,0.0143,0.9857,101.325,0.0,655,298.15,0.62172204,0.33476236,0.043515638,0.0056931986,0.051690158,0.9426167
,butyltrimethylammonium bis(trifluoromethylsulfonyl)imide,CCCC[N+](C)(C)C.O=S(=O)([N-]S(=O)(=O)C(F)(F)F)C(F)(F)F,[N4111][NTf2],ethanol,CCO,alcohol,n-hexane,CCCCCC,alkane,0.6323,0.2885,0.0792,0.0,0.0254,0.9746,101.325,0.2,655,298.15,0.5614468,0.38923484,0.049318317,0.0065490245,0.06174543,0.93170553
,butyltrimethylammonium bis(trifluoromethylsulfonyl)imide,CCCC[N+](C)(C)C.O=S(=O)([N-]S(=O)(=O)C(F)(F)F)C(F)(F)F,[N4111][NTf2],ethanol,CCO,alcohol,n-hexane,CCCCCC,alkane,0.5856,0.3379,0.0765,0.0,0.0394,0.9606,101.325,0.4,655,298.15,0.496747,0.44797572,0.055277273,0.0075143143,0.07286129,0.91962445
,butyltrimethylammonium bis(trifluoromethylsulfonyl)imide,CCCC[N+](C)(C)C.O=S(=O)([N-]S(=O)(=O)C(F)(F)F)C(F)(F)F,[N4111][NTf2],ethanol,CCO,alcohol,n-hexane,CCCCCC,alkane,0.5292,0.3956,0.0752,0.0,0.0679,0.9321,101.325,0.6,655,298.15,0.4349663,0.50432426,0.060709424,0.008609157,0.08680427,0.9045866
,butyltrimethylammonium bis(trifluoromethylsulfonyl)imide,CCCC[N+](C)(C)C.O=S(=O)([N-]S(=O)(=O)C(F)(F)F)C(F)(F)F,[N4111][NTf2],ethanol,CCO,alcohol,n-hexane,CCCCCC,alkane,0.4827,0.4418,0.0755,0.0,0.0893,0.9107,101.325,0.8,655,298.15,0.37553543,0.5588129,0.065651685,0.00982656,0.10309144,0.88708204
,butyltrimethylammonium bis(trifluoromethylsulfonyl)imide,CCCC[N+](C)(C)C.O=S(=O)([N-]S(=O)(=O)C(F)(F)F)C(F)(F)F,[N4111][NTf2],ethanol,CCO,alcohol,n-hexane,CCCCCC,alkane,0.4134,0.5113,0.0753,0.0,0.151,0.849,101.325,1.0,655,298.15,0.31958672,0.6102549,0.07015841,0.010936397,0.12328782,0.86577576
,1-butyl-3-methylimidazolium tetrafluoroborate,CCCCn1cc[n+](C)c1.F[B-](F)(F)F,[C4MIm][BF4],1-propanol,CCCO,alcohol,n-heptane,CCCCCCC,alkane,0.74,0.243,0.017,0.0,0.002,0.998,101.325,0.0,662,298.15,0.54907864,0.38764116,0.06328025,0.0044992706,0.06678903,0.9287117
,1-butyl-3-methylimidazolium tetrafluoroborate,CCCCn1cc[n+](C)c1.F[B-](F)(F)F,[C4MIm][BF4],1-propanol,CCCO,alcohol,n-heptane,CCCCCCC,alkane,0.633,0.347,0.02,0.0,0.01,0.99,101.325,0.14285715,662,298.15,0.5059985,0.42533928,0.06866222,0.005086087,0.074844085,0.9200699
,1-butyl-3-methylimidazolium tetrafluoroborate,CCCCn1cc[n+](C)c1.F[B-](F)(F)F,[C4MIm][BF4],1-propanol,CCCO,alcohol,n-heptane,CCCCCCC,alkane,0.577,0.401,0.022,0.0,0.026,0.974,101.325,0.2857143,662,298.15,0.51208764,0.42208904,0.06582328,0.0031140891,0.08306077,0.91382515
,1-butyl-3-methylimidazolium tetrafluoroborate,CCCCn1cc[n+](C)c1.F[B-](F)(F)F,[C4MIm][BF4],1-propanol,CCCO,alcohol,n-heptane,CCCCCCC,alkane,0.541,0.437,0.022,0.0,0.039,0.961,101.325,0.42857143,662,298.15,0.4683861,0.46069112,0.070922755,0.00339556,0.09239714,0.90420735
,1-butyl-3-methylimidazolium tetrafluoroborate,CCCCn1cc[n+](C)c1.F[B-](F)(F)F,[C4MIm][BF4],1-propanol,CCCO,alcohol,n-heptane,CCCCCCC,alkane,0.526,0.452,0.022,0.0,0.047,0.953,101.325,0.5714286,662,298.15,0.39260292,0.53290975,0.07448735,0.002644253,0.09369932,0.9036565
,1-butyl-3-methylimidazolium tetrafluoroborate,CCCCn1cc[n+](C)c1.F[B-](F)(F)F,[C4MIm][BF4],1-propanol,CCCO,alcohol,n-heptane,CCCCCCC,alkane,0.503,0.474,0.023,0.0,0.053,0.947,101.325,0.71428573,662,298.15,0.350854,0.5704828,0.07866322,0.0028862627,0.10452767,0.8925861
,1-butyl-3-methylimidazolium tetrafluoroborate,CCCCn1cc[n+](C)c1.F[B-](F)(F)F,[C4MIm][BF4],1-propanol,CCCO,alcohol,n-heptane,CCCCCCC,alkane,0.36800003,0.60800004,0.024000002,0.0,0.058,0.942,101.325,0.85714287,662,298.15,0.30733165,0.6091526,0.083515674,0.0032488767,0.11662101,0.8801301
,1-butyl-3-methylimidazolium tetrafluoroborate,CCCCn1cc[n+](C)c1.F[B-](F)(F)F,[C4MIm][BF4],1-propanol,CCCO,alcohol,n-heptane,CCCCCCC,alkane,0.251,0.725,0.024,0.0,0.065,0.935,101.325,1.0,662,298.15,0.26483706,0.6461915,0.088971436,0.00371663,0.13002162,0.8662617
no,3-methyl-N-butylpyridinium,CCCC[n+]1cccc(C)c1,[C4MPy][CF3SO3],ethanol,CCO,alcohol,n-hexane,CCCCCC,alkane,0.923,0.0,0.077,0.0,0.0,1.0,101.325,0.0,683,298.15,0.50143313,0.44062346,0.05794341,0.0016478926,0.031204233,0.9671478
no,3-methyl-N-butylpyridinium,CCCC[n+]1cccc(C)c1,[C4MPy][CF3SO3],ethanol,CCO,alcohol,n-hexane,CCCCCC,alkane,0.72800004,0.21000001,0.062000003,0.0,0.004,0.996,101.325,0.14285715,683,298.15,0.47190893,0.4652833,0.062807776,0.0022983784,0.035952333,0.96174926
no,3-methyl-N-butylpyridinium,CCCC[n+]1cccc(C)c1,[C4MPy][CF3SO3],ethanol,CCO,alcohol,n-hexane,CCCCCC,alkane,0.556,0.375,0.069,0.0,0.016,0.984,101.325,0.2857143,683,298.15,0.4739919,0.4595453,0.06646283,0.003777728,0.042488873,0.9537334
no,3-methyl-N-butylpyridinium,CCCC[n+]1cccc(C)c1,[C4MPy][CF3SO3],ethanol,CCO,alcohol,n-hexane,CCCCCC,alkane,0.424,0.507,0.069,0.0,0.032,0.968,101.325,0.42857143,683,298.15,0.43050966,0.49852416,0.07096619,0.0041626706,0.04847256,0.94736475
no,3-methyl-N-butylpyridinium,CCCC[n+]1cccc(C)c1,[C4MPy][CF3SO3],ethanol,CCO,alcohol,n-hexane,CCCCCC,alkane,0.37,0.561,0.069,0.0,0.045,0.955,101.325,0.5714286,683,298.15,0.3881498,0.53665954,0.07519069,0.004582251,0.055266324,0.9401514
no,3-methyl-N-butylpyridinium,CCCC[n+]1cccc(C)c1,[C4MPy][CF3SO3],ethanol,CCO,alcohol,n-hexane,CCCCCC,alkane,0.28100002,0.64400005,0.07500001,0.0,0.087,0.913,101.325,0.71428573,683,298.15,0.33615032,0.5854801,0.07836954,0.0044129007,0.06282308,0.932764
no,3-methyl-N-butylpyridinium,CCCC[n+]1cccc(C)c1,[C4MPy][CF3SO3],ethanol,CCO,alcohol,n-hexane,CCCCCC,alkane,0.246,0.671,0.083,0.0,0.119,0.881,101.325,0.85714287,683,298.15,0.2935142,0.62526286,0.081222944,0.0045451676,0.071585156,0.9238697
no,3-methyl-N-butylpyridinium,CCCC[n+]1cccc(C)c1,[C4MPy][CF3SO3],ethanol,CCO,alcohol,n-hexane,CCCCCC,alkane,0.202,0.698,0.1,0.0,0.177,0.823,101.325,1.0,683,298.15,0.2585082,0.6573921,0.0840997,0.0049954024,0.08154767,0.91345686
,1-butyl-1-methylpyrrolidinium trifluoromethanesulfonate,CCCC[N+]1(C)CCCC1.O=S(=O)([O-])C(F)(F)F,[C4MPyr][CF3SO3],ethanol,CCO,alcohol,n-heptane,CCCCCCC,alkane,0.956,0.0,0.044,0.0,0.0,1.0,101.325,0.0,685,298.15,0.6641193,0.301002,0.03487868,0.0021900665,0.030306682,0.96750325
,1-butyl-1-methylpyrrolidinium trifluoromethanesulfonate,CCCC[N+]1(C)CCCC1.O=S(=O)([O-])C(F)(F)F,[C4MPyr][CF3SO3],ethanol,CCO,alcohol,n-heptane,CCCCCCC,alkane,0.81,0.15,0.04,0.0,0.014,0.986,101.325,0.125,685,298.15,0.6317861,0.3300756,0.038138323,0.0025618863,0.033821482,0.96361667
,1-butyl-1-methylpyrrolidinium trifluoromethanesulfonate,CCCC[N+]1(C)CCCC1.O=S(=O)([O-])C(F)(F)F,[C4MPyr][CF3SO3],ethanol,CCO,alcohol,n-heptane,CCCCCCC,alkane,0.666,0.3,0.034,0.0,0.017,0.983,101.325,0.25,685,298.15,0.5948104,0.3637832,0.041406292,0.002797141,0.037859883,0.95934296
,1-butyl-1-methylpyrrolidinium trifluoromethanesulfonate,CCCC[N+]1(C)CCCC1.O=S(=O)([O-])C(F)(F)F,[C4MPyr][CF3SO3],ethanol,CCO,alcohol,n-heptane,CCCCCCC,alkane,0.535,0.43,0.035,0.0,0.022,0.978,101.325,0.375,685,298.15,0.55262685,0.4021088,0.04526434,0.0032613887,0.04087807,0.9558605
,1-butyl-1-methylpyrrolidinium trifluoromethanesulfonate,CCCC[N+]1(C)CCCC1.O=S(=O)([O-])C(F)(F)F,[C4MPyr][CF3SO3],ethanol,CCO,alcohol,n-heptane,CCCCCCC,alkane,0.442,0.52,0.038,0.0,0.036,0.964,101.325,0.5,685,298.15,0.5126639,0.43854532,0.048790757,0.0036772669,0.044951383,0.9513713
,1-butyl-1-methylpyrrolidinium trifluoromethanesulfonate,CCCC[N+]1(C)CCCC1.O=S(=O)([O-])C(F)(F)F,[C4MPyr][CF3SO3],ethanol,CCO,alcohol,n-heptane,CCCCCCC,alkane,0.388,0.563,0.049,0.0,0.051,0.949,101.325,0.625,685,298.15,0.47066867,0.47717357,0.052157734,0.0040700994,0.05130116,0.9446287
,1-butyl-1-methylpyrrolidinium trifluoromethanesulfonate,CCCC[N+]1(C)CCCC1.O=S(=O)([O-])C(F)(F)F,[C4MPyr][CF3SO3],ethanol,CCO,alcohol,n-heptane,CCCCCCC,alkane,0.329,0.614,0.057,0.0,0.076,0.924,101.325,0.75,685,298.15,0.42674497,0.51769876,0.05555623,0.0045982166,0.059801854,0.93559986
,1-butyl-1-methylpyrrolidinium trifluoromethanesulfonate,CCCC[N+]1(C)CCCC1.O=S(=O)([O-])C(F)(F)F,[C4MPyr][CF3SO3],ethanol,CCO,alcohol,n-heptane,CCCCCCC,alkane,0.274,0.674,0.052,0.0,0.109,0.891,101.325,0.875,685,298.15,0.38964263,0.55195683,0.058400564,0.005011174,0.066900656,0.9280881
,1-butyl-1-methylpyrrolidinium trifluoromethanesulfonate,CCCC[N+]1(C)CCCC1.O=S(=O)([O-])C(F)(F)F,[C4MPyr][CF3SO3],ethanol,CCO,alcohol,n-heptane,CCCCCCC,alkane,0.211,0.723,0.066,0.0,0.172,0.828,101.325,1.0,685,298.15,0.35397273,0.584994,0.061033245,0.005454523,0.07474871,0.91979676
,"1,3-dimethylimidazolium methylsulfate",COS(=O)(=O)[O-].Cn1cc[n+](C)c1,[C1MIm][MeSO4],ethanol,CCO,alcohol,n-dodecane,CCCCCCCCCCCC,alkane,0.774,0.213,0.013,0.0,0.004,0.996,101.325,0.0,700,313.15,0.62775946,0.34638825,0.025852244,0.0007505844,0.007165481,0.9920839
,"1,3-dimethylimidazolium methylsulfate",COS(=O)(=O)[O-].Cn1cc[n+](C)c1,[C1MIm][MeSO4],ethanol,CCO,alcohol,n-dodecane,CCCCCCCCCCCC,alkane,0.669,0.308,0.023,0.0,0.004,0.996,101.325,0.1,700,313.15,0.5964915,0.3758178,0.027690692,0.0008085859,0.007878246,0.99131316
,"1,3-dimethylimidazolium methylsulfate",COS(=O)(=O)[O-].Cn1cc[n+](C)c1,[C1MIm][MeSO4],ethanol,CCO,alcohol,n-dodecane,CCCCCCCCCCCC,alkane,0.638,0.334,0.028,0.0,0.005,0.995,101.325,0.2,700,313.15,0.5644593,0.40600523,0.02953549,0.00087147165,0.008668158,0.9904604
,"1,3-dimethylimidazolium methylsulfate",COS(=O)(=O)[O-].Cn1cc[n+](C)c1,[C1MIm][MeSO4],ethanol,CCO,alcohol,n-dodecane,CCCCCCCCCCCC,alkane,0.542,0.426,0.032,0.0,0.006,0.994,101.325,0.3,700,313.15,0.5317669,0.43685538,0.031377733,0.0009392336,0.0095414,0.98951936
,"1,3-dimethylimidazolium methylsulfate",COS(=O)(=O)[O-].Cn1cc[n+](C)c1,[C1MIm][MeSO4],ethanol,CCO,alcohol,n-dodecane,CCCCCCCCCCCC,alkane,0.47,0.497,0.033,0.0,0.006,0.994,101.325,0.4,700,313.15,0.49895844,0.46785897,0.033182625,0.0010125197,0.010508756,0.9884787
,"1,3-dimethylimidazolium methylsulfate",COS(=O)(=O)[O-].Cn1cc[n+](C)c1,[C1MIm][MeSO4],ethanol,CCO,alcohol,n-dodecane,CCCCCCCCCCCC,alkane,0.431,0.535,0.034,0.0,0.006,0.994,101.325,0.5,700,313.15,0.47515577,0.49132517,0.033519093,0.00096967455,0.0103107095,0.98871964
,"1,3-dimethylimidazolium methylsulfate",COS(=O)(=O)[O-].Cn1cc[n+](C)c1,[C1MIm][MeSO4],ethanol,CCO,alcohol,n-dodecane,CCCCCCCCCCCC,alkane,0.375,0.591,0.034,0.0,0.007,0.993,101.325,0.6,700,313.15,0.4426137,0.5221922,0.035194095,0.0010452851,0.01136206,0.98759264
,"1,3-dimethylimidazolium methylsulfate",COS(=O)(=O)[O-].Cn1cc[n+](C)c1,[C1MIm][MeSO4],ethanol,CCO,alcohol,n-dodecane,CCCCCCCCCCCC,alkane,0.292,0.662,0.046,0.0,0.008,0.992,101.325,0.7,700,313.15,0.41052273,0.55267745,0.03679983,0.0011270454,0.0125243645,0.9863486
,"1,3-dimethylimidazolium methylsulfate",COS(=O)(=O)[O-].Cn1cc[n+](C)c1,[C1MIm][MeSO4],ethanol,CCO,alcohol,n-dodecane,CCCCCCCCCCCC,alkane,0.22900002,0.71900004,0.052000005,0.0,0.009,0.991,101.325,0.8,700,313.15,0.37939534,0.5822844,0.038320225,0.0012152712,0.013805963,0.98497874
,"1,3-dimethylimidazolium methylsulfate",COS(=O)(=O)[O-].Cn1cc[n+](C)c1,[C1MIm][MeSO4],ethanol,CCO,alcohol,n-dodecane,CCCCCCCCCCCC,alkane,0.143,0.798,0.059,0.0,0.009,0.991,101.325,0.9,700,313.15,0.34485626,0.6141436,0.04100013,0.0014046745,0.016188944,0.9824064
,"1,3-dimethylimidazolium methylsulfate",COS(=O)(=O)[O-].Cn1cc[n+](C)c1,[C1MIm][MeSO4],ethanol,CCO,alcohol,n-dodecane,CCCCCCCCCCCC,alkane,0.061,0.869,0.07,0.0,0.01,0.99,101.325,1.0,700,313.15,0.3161291,0.6415346,0.042336278,0.0015144087,0.01784984,0.9806357
,1-ethyl-3-methylimidazolium diethylphosphate,CCOP(=O)([O-])OCC.CCn1cc[n+](C)c1,[C2MIm][DEP],methanol,CO,alcohol,n-heptane,CCCCCCC,alkane,0.991,0.0,0.009,0.0,0.0,1.0,101.325,0.0,706,298.2,0.7578064,0.21436793,0.027825627,0.00091002986,0.0018107774,0.9972792
,1-ethyl-3-methylimidazolium diethylphosphate,CCOP(=O)([O-])OCC.CCn1cc[n+](C)c1,[C2MIm][DEP],methanol,CO,alcohol,n-heptane,CCCCCCC,alkane,0.89500004,0.094000004,0.011000001,0.0,0.003,0.997,101.325,0.125,706,298.2,0.7279624,0.24118255,0.030855097,0.00096768717,0.0019941456,0.9970381
,1-ethyl-3-methylimidazolium diethylphosphate,CCOP(=O)([O-])OCC.CCn1cc[n+](C)c1,[C2MIm][DEP],methanol,CO,alcohol,n-heptane,CCCCCCC,alkane,0.802,0.183,0.015,0.0,0.005,0.995,101.325,0.25,706,298.2,0.6953869,0.27050367,0.03410943,0.0010902152,0.002284408,0.9966254
,1-ethyl-3-methylimidazolium diethylphosphate,CCOP(=O)([O-])OCC.CCn1cc[n+](C)c1,[C2MIm][DEP],methanol,CO,alcohol,n-heptane,CCCCCCC,alkane,0.713,0.269,0.018,0.0,0.008,0.992,101.325,0.375,706,298.2,0.66066414,0.30190083,0.037435006,0.0012139255,0.0026145282,0.99617153
,1-ethyl-3-methylimidazolium diethylphosphate,CCOP(=O)([O-])OCC.CCn1cc[n+](C)c1,[C2MIm][DEP],methanol,CO,alcohol,n-heptane,CCCCCCC,alkane,0.637,0.342,0.021,0.0,0.011,0.989,101.325,0.5,706,298.2,0.582117,0.37575495,0.04212808,0.0008757757,0.0030870948,0.9960372
,1-ethyl-3-methylimidazolium diethylphosphate,CCOP(=O)([O-])OCC.CCn1cc[n+](C)c1,[C2MIm][DEP],methanol,CO,alcohol,n-heptane,CCCCCCC,alkane,0.511,0.466,0.023,0.0,0.017,0.983,101.325,0.625,706,298.2,0.522409,0.4319138,0.045677222,0.0007852743,0.0036845068,0.9955302
,1-ethyl-3-methylimidazolium diethylphosphate,CCOP(=O)([O-])OCC.CCn1cc[n+](C)c1,[C2MIm][DEP],methanol,CO,alcohol,n-heptane,CCCCCCC,alkane,0.367,0.606,0.027,0.0,0.024,0.976,101.325,0.75,706,298.2,0.47995415,0.4712071,0.048838645,0.00086858537,0.004246836,0.99488455
,1-ethyl-3-methylimidazolium diethylphosphate,CCOP(=O)([O-])OCC.CCn1cc[n+](C)c1,[C2MIm][DEP],methanol,CO,alcohol,n-heptane,CCCCCCC,alkane,0.265,0.704,0.031,0.0,0.029,0.971,101.325,0.875,706,298.2,0.43776733,0.51039374,0.051838897,0.0009606284,0.0048997793,0.99413955
,1-ethyl-3-methylimidazolium diethylphosphate,CCOP(=O)([O-])OCC.CCn1cc[n+](C)c1,[C2MIm][DEP],methanol,CO,alcohol,n-heptane,CCCCCCC,alkane,0.172,0.792,0.036,0.0,0.035,0.965,101.325,1.0,706,298.2,0.43730074,0.5087509,0.05394833,0.0016391816,0.0056367996,0.9927241
,"1,3-dimethylimidazolium dimethylphosphate",COP(=O)([O-])OC.Cn1cc[n+](C)c1,[C1MIm][DMP],methanol,CO,alcohol,n-heptane,CCCCCCC,alkane,0.994,0.0,0.006,0.0,0.0,1.0,101.325,0.0,712,298.2,0.7547044,0.22866406,0.01663153,0.0006839019,0.0024147846,0.9969013
,"1,3-dimethylimidazolium dimethylphosphate",COP(=O)([O-])OC.Cn1cc[n+](C)c1,[C1MIm][DMP],methanol,CO,alcohol,n-heptane,CCCCCCC,alkane,0.883,0.108,0.009,0.0,0.002,0.998,101.325,0.125,712,298.2,0.7221012,0.25943795,0.018460874,0.000757905,0.0027824086,0.9964598
,"1,3-dimethylimidazolium dimethylphosphate",COP(=O)([O-])OC.Cn1cc[n+](C)c1,[C1MIm][DMP],methanol,CO,alcohol,n-heptane,CCCCCCC,alkane,0.814,0.175,0.011,0.0,0.003,0.997,101.325,0.25,712,298.2,0.686776,0.2928722,0.0203518,0.0008359415,0.0032328786,0.9959312
,"1,3-dimethylimidazolium dimethylphosphate",COP(=O)([O-])OC.Cn1cc[n+](C)c1,[C1MIm][DMP],methanol,CO,alcohol,n-heptane,CCCCCCC,alkane,0.731,0.257,0.012,0.0,0.005,0.995,101.325,0.375,712,298.2,0.64893013,0.3288181,0.02225179,0.0009175942,0.0037933805,0.99528897
,"1,3-dimethylimidazolium dimethylphosphate",COP(=O)([O-])OC.Cn1cc[n+](C)c1,[C1MIm][DMP],methanol,CO,alcohol,n-heptane,CCCCCCC,alkane,0.61700004,0.36900002,0.014000001,0.0,0.008,0.992,101.325,0.5,712,298.2,0.6093107,0.36642158,0.024267731,0.0010175753,0.0043802997,0.99460214
,"1,3-dimethylimidazolium dimethylphosphate",COP(=O)([O-])OC.Cn1cc[n+](C)c1,[C1MIm][DMP],methanol,CO,alcohol,n-heptane,CCCCCCC,alkane,0.53,0.455,0.015,0.0,0.011,0.989,101.325,0.625,712,298.2,0.5727345,0.40081868,0.026446855,0.0011825481,0.0049365824,0.99388087
,"1,3-dimethylimidazolium dimethylphosphate",COP(=O)([O-])OC.Cn1cc[n+](C)c1,[C1MIm][DMP],methanol,CO,alcohol,n-heptane,CCCCCCC,alkane,0.40000004,0.58400005,0.016000003,0.0,0.016,0.984,101.325,0.75,712,298.2,0.53367037,0.4377762,0.028553449,0.0013434595,0.0056353766,0.9930212
,"1,3-dimethylimidazolium dimethylphosphate",COP(=O)([O-])OC.Cn1cc[n+](C)c1,[C1MIm][DMP],methanol,CO,alcohol,n-heptane,CCCCCCC,alkane,0.291,0.692,0.017,0.0,0.022,0.978,101.325,0.875,712,298.2,0.4912696,0.47818342,0.030546961,0.0014907566,0.00652177,0.9919876
,"1,3-dimethylimidazolium dimethylphosphate",COP(=O)([O-])OC.Cn1cc[n+](C)c1,[C1MIm][DMP],methanol,CO,alcohol,n-heptane,CCCCCCC,alkane,0.166,0.815,0.019,0.0,0.027,0.973,101.325,1.0,712,298.2,0.44897106,0.51867306,0.032355867,0.0016452343,0.007649026,0.99070567
,1-ethyl-3-methylimidazolium bis(trifluoromethylsulfonyl)imide,CCn1cc[n+](C)c1.O=S(=O)([N-]S(=O)(=O)C(F)(F)F)C(F)(F)F,[C2MIm][NTf2],1-propanol,CCCO,alcohol,water,O,water,0.671,0.0,0.329,0.001,0.0,0.999,101.325,0.0,725,303.2,0.35053012,0.17790301,0.47156695,0.0100254305,0.046461284,0.94351333
,1-ethyl-3-methylimidazolium bis(trifluoromethylsulfonyl)imide,CCn1cc[n+](C)c1.O=S(=O)([N-]S(=O)(=O)C(F)(F)F)C(F)(F)F,[C2MIm][NTf2],1-propanol,CCCO,alcohol,water,O,water,0.48,0.129,0.391,0.001,0.023,0.976,101.325,0.16666667,725,303.2,0.3065621,0.18979372,0.50364417,0.010148709,0.045281734,0.9445696
,1-ethyl-3-methylimidazolium bis(trifluoromethylsulfonyl)imide,CCn1cc[n+](C)c1.O=S(=O)([N-]S(=O)(=O)C(F)(F)F)C(F)(F)F,[C2MIm][NTf2],1-propanol,CCCO,alcohol,water,O,water,0.319,0.22,0.461,0.001,0.042,0.957,101.325,0.33333334,725,303.2,0.26886556,0.2023907,0.52874374,0.010599856,0.043341044,0.94605905
,1-ethyl-3-methylimidazolium bis(trifluoromethylsulfonyl)imide,CCn1cc[n+](C)c1.O=S(=O)([N-]S(=O)(=O)C(F)(F)F)C(F)(F)F,[C2MIm][NTf2],1-propanol,CCCO,alcohol,water,O,water,0.209,0.265,0.526,0.003,0.062,0.935,101.325,0.5,725,303.2,0.23380451,0.2132885,0.552907,0.0108925635,0.042018287,0.94708914
,1-ethyl-3-methylimidazolium bis(trifluoromethylsulfonyl)imide,CCn1cc[n+](C)c1.O=S(=O)([N-]S(=O)(=O)C(F)(F)F)C(F)(F)F,[C2MIm][NTf2],1-propanol,CCCO,alcohol,water,O,water,0.153,0.27,0.577,0.005,0.078,0.917,101.325,0.6666667,725,303.2,0.20088254,0.22236675,0.5767507,0.011028448,0.04112418,0.9478473
,1-ethyl-3-methylimidazolium bis(trifluoromethylsulfonyl)imide,CCn1cc[n+](C)c1.O=S(=O)([N-]S(=O)(=O)C(F)(F)F)C(F)(F)F,[C2MIm][NTf2],1-propanol,CCCO,alcohol,water,O,water,0.108,0.252,0.64,0.009,0.094,0.897,101.325,0.8333333,725,303.2,0.1717103,0.23042518,0.59786457,0.011171234,0.040332355,0.94849634
,1-ethyl-3-methylimidazolium bis(trifluoromethylsulfonyl)imide,CCn1cc[n+](C)c1.O=S(=O)([N-]S(=O)(=O)C(F)(F)F)C(F)(F)F,[C2MIm][NTf2],1-propanol,CCCO,alcohol,water,O,water,0.079,0.232,0.689,0.014,0.116,0.87,101.325,1.0,725,303.2,0.14626807,0.23747231,0.6162596,0.011316552,0.03958689,0.94909644
,3-[(hexyloxy)methyl]-1-methylimidazolium bis(trifluoromethylsulfonyl)imide,CCCCCCOC[n+]1ccn(C)c1.O=S(=O)([N-]S(=O)(=O)C(F)(F)F)C(F)(F)F,[C6OC1MIm][NTf2],1-butanol,CCCCO,alcohol,water,O,water,0.613,0.0,0.387,0.0,0.0,1.0,101.325,0.0,761,298.15,0.32133988,0.24488856,0.43377158,0.010896181,0.03460991,0.9544938
,3-[(hexyloxy)methyl]-1-methylimidazolium bis(trifluoromethylsulfonyl)imide,CCCCCCOC[n+]1ccn(C)c1.O=S(=O)([N-]S(=O)(=O)C(F)(F)F)C(F)(F)F,[C6OC1MIm][NTf2],1-butanol,CCCCO,alcohol,water,O,water,0.597,0.021,0.382,0.0,0.001,0.999,101.325,0.041666668,761,298.15,0.3109218,0.24865754,0.4404207,0.010935426,0.034476656,0.9545879
,3-[(hexyloxy)methyl]-1-methylimidazolium bis(trifluoromethylsulfonyl)imide,CCCCCCOC[n+]1ccn(C)c1.O=S(=O)([N-]S(=O)(=O)C(F)(F)F)C(F)(F)F,[C6OC1MIm][NTf2],1-butanol,CCCCO,alcohol,water,O,water,0.574,0.045,0.381,0.0,0.002,0.998,101.325,0.083333336,761,298.15,0.30074215,0.25235674,0.44690105,0.010971666,0.034356486,0.95467186
,3-[(hexyloxy)methyl]-1-methylimidazolium bis(trifluoromethylsulfonyl)imide,CCCCCCOC[n+]1ccn(C)c1.O=S(=O)([N-]S(=O)(=O)C(F)(F)F)C(F)(F)F,[C6OC1MIm][NTf2],1-butanol,CCCCO,alcohol,water,O,water,0.543,0.077,0.38,0.0,0.004,0.996,101.325,0.125,761,298.15,0.25510952,0.25932333,0.48556718,0.00901677,0.036927935,0.95405525
,3-[(hexyloxy)methyl]-1-methylimidazolium bis(trifluoromethylsulfonyl)imide,CCCCCCOC[n+]1ccn(C)c1.O=S(=O)([N-]S(=O)(=O)C(F)(F)F)C(F)(F)F,[C6OC1MIm][NTf2],1-butanol,CCCCO,alcohol,water,O,water,0.492,0.122,0.386,0.0,0.006,0.994,101.325,0.16666667,761,298.15,0.2459064,0.26258373,0.49150982,0.009052886,0.0367995,0.9541476
,3-[(hexyloxy)methyl]-1-methylimidazolium bis(trifluoromethylsulfonyl)imide,CCCCCCOC[n+]1ccn(C)c1.O=S(=O)([N-]S(=O)(=O)C(F)(F)F)C(F)(F)F,[C6OC1MIm][NTf2],1-butanol,CCCCO,alcohol,water,O,water,0.453,0.156,0.391,0.0,0.007,0.993,101.325,0.20833333,761,298.15,0.2293718,0.2661205,0.5045077,0.006579822,0.03698644,0.95643365
,3-[(hexyloxy)methyl]-1-methylimidazolium bis(trifluoromethylsulfonyl)imide,CCCCCCOC[n+]1ccn(C)c1.O=S(=O)([N-]S(=O)(=O)C(F)(F)F)C(F)(F)F,[C6OC1MIm][NTf2],1-butanol,CCCCO,alcohol,water,O,water,0.42,0.189,0.391,0.0,0.009,0.991,101.325,0.25,761,298.15,0.22079034,0.26910934,0.51010036,0.0066056247,0.036853556,0.95654076
,3-[(hexyloxy)methyl]-1-methylimidazolium bis(trifluoromethylsulfonyl)imide,CCCCCCOC[n+]1ccn(C)c1.O=S(=O)([N-]S(=O)(=O)C(F)(F)F)C(F)(F)F,[C6OC1MIm][NTf2],1-butanol,CCCCO,alcohol,water,O,water,0.4,0.202,0.398,0.0,0.009,0.991,101.325,0.29166666,761,298.15,0.2127943,0.27189735,0.5153083,0.0066977106,0.036654975,0.9566472
,3-[(hexyloxy)methyl]-1-methylimidazolium bis(trifluoromethylsulfonyl)imide,CCCCCCOC[n+]1ccn(C)c1.O=S(=O)([N-]S(=O)(=O)C(F)(F)F)C(F)(F)F,[C6OC1MIm][NTf2],1-butanol,CCCCO,alcohol,water,O,water,0.357,0.234,0.409,0.0,0.011,0.989,101.325,0.33333334,761,298.15,0.20546605,0.2745081,0.52002585,0.006859515,0.03643153,0.95670885
,3-[(hexyloxy)methyl]-1-methylimidazolium bis(trifluoromethylsulfonyl)imide,CCCCCCOC[n+]1ccn(C)c1.O=S(=O)([N-]S(=O)(=O)C(F)(F)F)C(F)(F)F,[C6OC1MIm][NTf2],1-butanol,CCCCO,alcohol,water,O,water,0.31100002,0.26700002,0.42200002,0.0,0.012,0.988,101.325,0.375,761,298.15,0.19756466,0.2772555,0.52517986,0.006887318,0.03630947,0.95680326
,3-[(hexyloxy)methyl]-1-methylimidazolium bis(trifluoromethylsulfonyl)imide,CCCCCCOC[n+]1ccn(C)c1.O=S(=O)([N-]S(=O)(=O)C(F)(F)F)C(F)(F)F,[C6OC1MIm][NTf2],1-butanol,CCCCO,alcohol,water,O,water,0.254,0.308,0.438,0.0,0.015,0.985,101.325,0.41666666,761,298.15,0.19211344,0.278175,0.52971154,0.0069717793,0.036728524,0.95629966
,3-[(hexyloxy)methyl]-1-methylimidazolium bis(trifluoromethylsulfonyl)imide,CCCCCCOC[n+]1ccn(C)c1.O=S(=O)([N-]S(=O)(=O)C(F)(F)F)C(F)(F)F,[C6OC1MIm][NTf2],1-butanol,CCCCO,alcohol,water,O,water,0.223,0.327,0.45,0.0,0.013,0.987,101.325,0.45833334,761,298.15,0.18953715,0.27705827,0.5334045,0.0070833676,0.037783366,0.95513326
,3-[(hexyloxy)methyl]-1-methylimidazolium bis(trifluoromethylsulfonyl)imide,CCCCCCOC[n+]1ccn(C)c1.O=S(=O)([N-]S(=O)(=O)C(F)(F)F)C(F)(F)F,[C6OC1MIm][NTf2],1-butanol,CCCCO,alcohol,water,O,water,0.196,0.344,0.46,0.0,0.015,0.985,101.325,0.5,761,298.15,0.18210451,0.279613,0.53828245,0.00711343,0.037656892,0.95522964
,3-[(hexyloxy)methyl]-1-methylimidazolium bis(trifluoromethylsulfonyl)imide,CCCCCCOC[n+]1ccn(C)c1.O=S(=O)([N-]S(=O)(=O)C(F)(F)F)C(F)(F)F,[C6OC1MIm][NTf2],1-butanol,CCCCO,alcohol,water,O,water,0.183,0.352,0.465,0.0,0.015,0.985,101.325,0.5416667,761,298.15,0.17498946,0.28204286,0.5429677,0.007141553,0.037537817,0.9553206
,3-[(hexyloxy)methyl]-1-methylimidazolium bis(trifluoromethylsulfonyl)imide,CCCCCCOC[n+]1ccn(C)c1.O=S(=O)([N-]S(=O)(=O)C(F)(F)F)C(F)(F)F,[C6OC1MIm][NTf2],1-butanol,CCCCO,alcohol,water,O,water,0.15,0.369,0.481,0.0,0.016,0.984,101.325,0.5833333,761,298.15,0.17728019,0.28611976,0.53660005,0.0074141286,0.03563377,0.95695215
,3-[(hexyloxy)methyl]-1-methylimidazolium bis(trifluoromethylsulfonyl)imide,CCCCCCOC[n+]1ccn(C)c1.O=S(=O)([N-]S(=O)(=O)C(F)(F)F)C(F)(F)F,[C6OC1MIm][NTf2],1-butanol,CCCCO,alcohol,water,O,water,0.119,0.387,0.494,0.0,0.016,0.984,101.325,0.625,761,298.15,0.17569137,0.28857112,0.53573745,0.007530121,0.035088133,0.9573818
,3-[(hexyloxy)methyl]-1-methylimidazolium bis(trifluoromethylsulfonyl)imide,CCCCCCOC[n+]1ccn(C)c1.O=S(=O)([N-]S(=O)(=O)C(F)(F)F)C(F)(F)F,[C6OC1MIm][NTf2],1-butanol,CCCCO,alcohol,water,O,water,0.103,0.395,0.502,0.0,0.016,0.984,101.325,0.6666667,761,298.15,0.16886228,0.29097307,0.5401647,0.007560643,0.034993522,0.9574458
,3-[(hexyloxy)methyl]-1-methylimidazolium bis(trifluoromethylsulfonyl)imide,CCCCCCOC[n+]1ccn(C)c1.O=S(=O)([N-]S(=O)(=O)C(F)(F)F)C(F)(F)F,[C6OC1MIm][NTf2],1-butanol,CCCCO,alcohol,water,O,water,0.084,0.403,0.513,0.0,0.017,0.983,101.325,0.7083333,761,298.15,0.16365081,0.29292113,0.54342806,0.0077946475,0.03471327,0.95749205
,3-[(hexyloxy)methyl]-1-methylimidazolium bis(trifluoromethylsulfonyl)imide,CCCCCCOC[n+]1ccn(C)c1.O=S(=O)([N-]S(=O)(=O)C(F)(F)F)C(F)(F)F,[C6OC1MIm][NTf2],1-butanol,CCCCO,alcohol,water,O,water,0.072,0.409,0.519,0.0,0.018,0.982,101.325,0.75,761,298.15,0.1579515,0.29495835,0.5470901,0.007929971,0.03455444,0.95751554
,3-[(hexyloxy)methyl]-1-methylimidazolium bis(trifluoromethylsulfonyl)imide,CCCCCCOC[n+]1ccn(C)c1.O=S(=O)([N-]S(=O)(=O)C(F)(F)F)C(F)(F)F,[C6OC1MIm][NTf2],1-butanol,CCCCO,alcohol,water,O,water,0.062,0.414,0.524,0.0,0.018,0.982,101.325,0.7916667,761,298.15,0.15170951,0.29715264,0.55113786,0.007963867,0.034471735,0.9575644
,3-[(hexyloxy)methyl]-1-methylimidazolium bis(trifluoromethylsulfonyl)imide,CCCCCCOC[n+]1ccn(C)c1.O=S(=O)([N-]S(=O)(=O)C(F)(F)F)C(F)(F)F,[C6OC1MIm][NTf2],1-butanol,CCCCO,alcohol,water,O,water,0.053,0.417,0.53,0.0,0.019,0.981,101.325,0.8333333,761,298.15,0.14189881,0.29971537,0.55838585,0.008821281,0.035431452,0.95574737
,3-[(hexyloxy)methyl]-1-methylimidazolium bis(trifluoromethylsulfonyl)imide,CCCCCCOC[n+]1ccn(C)c1.O=S(=O)([N-]S(=O)(=O)C(F)(F)F)C(F)(F)F,[C6OC1MIm][NTf2],1-butanol,CCCCO,alcohol,water,O,water,0.038,0.424,0.538,0.0,0.019,0.981,101.325,0.875,761,298.15,0.13485959,0.30151424,0.56362617,0.009270829,0.036076482,0.9546526
,3-[(hexyloxy)methyl]-1-methylimidazolium bis(trifluoromethylsulfonyl)imide,CCCCCCOC[n+]1ccn(C)c1.O=S(=O)([N-]S(=O)(=O)C(F)(F)F)C(F)(F)F,[C6OC1MIm][NTf2],1-butanol,CCCCO,alcohol,water,O,water,0.022,0.434,0.544,0.0,0.02,0.98,101.325,0.9166667,761,298.15,0.12900662,0.30328372,0.5677096,0.009644567,0.036170833,0.9541846
,3-[(hexyloxy)methyl]-1-methylimidazolium bis(trifluoromethylsulfonyl)imide,CCCCCCOC[n+]1ccn(C)c1.O=S(=O)([N-]S(=O)(=O)C(F)(F)F)C(F)(F)F,[C6OC1MIm][NTf2],1-butanol,CCCCO,alcohol,water,O,water,0.015,0.443,0.542,0.0,0.02,0.98,101.325,0.9583333,761,298.15,0.12306806,0.30461243,0.5723195,0.010329907,0.036560237,0.9531098
,3-[(hexyloxy)methyl]-1-methylimidazolium bis(trifluoromethylsulfonyl)imide,CCCCCCOC[n+]1ccn(C)c1.O=S(=O)([N-]S(=O)(=O)C(F)(F)F)C(F)(F)F,[C6OC1MIm][NTf2],1-butanol,CCCCO,alcohol,water,O,water,0.0,0.486,0.514,0.0,0.02,0.98,101.325,1.0,761,298.15,0.11808526,0.306388,0.5755267,0.010371948,0.03648935,0.9531387
,1-decyl-3-methylimidazolium tetracyanoborate,CCCCCCCCCCn1cc[n+](C)c1.N#C[B-](C#N)(C#N)C#N,[C10MIm][B(CN)4],2-phenylethanol,OCCc1ccccc1,alcohol,water,O,water,0.627,0.0,0.373,0.0,0.0,1.0,101.325,0.0,778,308.15,0.27885848,0.32505623,0.39608535,0.0039719227,0.008281609,0.9877465
,1-decyl-3-methylimidazolium tetracyanoborate,CCCCCCCCCCn1cc[n+](C)c1.N#C[B-](C#N)(C#N)C#N,[C10MIm][B(CN)4],2-phenylethanol,OCCc1ccccc1,alcohol,water,O,water,0.586,0.069,0.345,0.0,0.0,1.0,101.325,0.09090909,778,308.15,0.25917405,0.3348559,0.40597,0.0040903892,0.0085601555,0.98734945
,1-decyl-3-methylimidazolium tetracyanoborate,CCCCCCCCCCn1cc[n+](C)c1.N#C[B-](C#N)(C#N)C#N,[C10MIm][B(CN)4],2-phenylethanol,OCCc1ccccc1,alcohol,water,O,water,0.536,0.131,0.333,0.0,0.0,1.0,101.325,0.18181819,778,308.15,0.24045241,0.34425223,0.4152954,0.004212171,0.008850925,0.98693687
,1-decyl-3-methylimidazolium tetracyanoborate,CCCCCCCCCCn1cc[n+](C)c1.N#C[B-](C#N)(C#N)C#N,[C10MIm][B(CN)4],2-phenylethanol,OCCc1ccccc1,alcohol,water,O,water,0.495,0.179,0.326,0.0,0.001,0.999,101.325,0.27272728,778,308.15,0.2226894,0.3532874,0.42402324,0.0043377033,0.009154165,0.98650813
,1-decyl-3-methylimidazolium tetracyanoborate,CCCCCCCCCCn1cc[n+](C)c1.N#C[B-](C#N)(C#N)C#N,[C10MIm][B(CN)4],2-phenylethanol,OCCc1ccccc1,alcohol,water,O,water,0.448,0.236,0.316,0.0,0.001,0.999,101.325,0.36363637,778,308.15,0.20597339,0.36188853,0.43213812,0.0044666748,0.009472521,0.98606074
,1-decyl-3-methylimidazolium tetracyanoborate,CCCCCCCCCCn1cc[n+](C)c1.N#C[B-](C#N)(C#N)C#N,[C10MIm][B(CN)4],2-phenylethanol,OCCc1ccccc1,alcohol,water,O,water,0.387,0.289,0.324,0.0,0.002,0.998,101.325,0.45454547,778,308.15,0.19018538,0.3701199,0.43969473,0.004602196,0.009806414,0.9855914
,1-decyl-3-methylimidazolium tetracyanoborate,CCCCCCCCCCn1cc[n+](C)c1.N#C[B-](C#N)(C#N)C#N,[C10MIm][B(CN)4],2-phenylethanol,OCCc1ccccc1,alcohol,water,O,water,0.326,0.349,0.325,0.0,0.002,0.998,101.325,0.54545456,778,308.15,0.19406778,0.37995815,0.42597404,0.0039136275,0.0075268913,0.9885594
,1-decyl-3-methylimidazolium tetracyanoborate,CCCCCCCCCCn1cc[n+](C)c1.N#C[B-](C#N)(C#N)C#N,[C10MIm][B(CN)4],2-phenylethanol,OCCc1ccccc1,alcohol,water,O,water,0.255,0.411,0.334,0.0,0.003,0.997,101.325,0.6363636,778,308.15,0.17916761,0.3880282,0.43280417,0.004030083,0.00779839,0.9881715
,1-decyl-3-methylimidazolium tetracyanoborate,CCCCCCCCCCn1cc[n+](C)c1.N#C[B-](C#N)(C#N)C#N,[C10MIm][B(CN)4],2-phenylethanol,OCCc1ccccc1,alcohol,water,O,water,0.188,0.462,0.35,0.0,0.004,0.996,101.325,0.72727275,778,308.15,0.16521332,0.39569014,0.4390965,0.004150831,0.008084872,0.9877643
,1-decyl-3-methylimidazolium tetracyanoborate,CCCCCCCCCCn1cc[n+](C)c1.N#C[B-](C#N)(C#N)C#N,[C10MIm][B(CN)4],2-phenylethanol,OCCc1ccccc1,alcohol,water,O,water,0.118,0.521,0.361,0.0,0.004,0.996,101.325,0.8181818,778,308.15,0.15214626,0.40299144,0.44486228,0.00427455,0.008382159,0.9873433
,1-decyl-3-methylimidazolium tetracyanoborate,CCCCCCCCCCn1cc[n+](C)c1.N#C[B-](C#N)(C#N)C#N,[C10MIm][B(CN)4],2-phenylethanol,OCCc1ccccc1,alcohol,water,O,water,0.068,0.56,0.372,0.0,0.004,0.996,101.325,0.90909094,778,308.15,0.12625651,0.40687275,0.46687073,0.0049545537,0.011476024,0.98356944
,1-decyl-3-methylimidazolium tetracyanoborate,CCCCCCCCCCn1cc[n+](C)c1.N#C[B-](C#N)(C#N)C#N,[C10MIm][B(CN)4],2-phenylethanol,OCCc1ccccc1,alcohol,water,O,water,0.029000001,0.58100003,0.39000002,0.0,0.004,0.996,101.325,1.0,778,308.15,0.11591109,0.41286314,0.47122586,0.0051061483,0.0119041735,0.98298967
,1-butyl-3-methylimidazolium bis(trifluoromethylsulfonyl)imide,CCCCn1cc[n+](C)c1.O=S(=O)([N-]S(=O)(=O)C(F)(F)F)C(F)(F)F,[C4MIm][NTf2],2-propanol,CC(C)O,alcohol,water,O,water,0.731,0.0,0.269,0.0,0.0,1.0,101.325,0.0,795,303.2,0.33029458,0.20107868,0.46862674,0.0072239945,0.040003996,0.952772
,1-butyl-3-methylimidazolium bis(trifluoromethylsulfonyl)imide,CCCCn1cc[n+](C)c1.O=S(=O)([N-]S(=O)(=O)C(F)(F)F)C(F)(F)F,[C4MIm][NTf2],2-propanol,CC(C)O,alcohol,water,O,water,0.608,0.101,0.291,0.001,0.021,0.978,101.325,0.16666667,795,303.2,0.2855444,0.21530287,0.49915272,0.0066194288,0.037898246,0.9554823
,1-butyl-3-methylimidazolium bis(trifluoromethylsulfonyl)imide,CCCCn1cc[n+](C)c1.O=S(=O)([N-]S(=O)(=O)C(F)(F)F)C(F)(F)F,[C4MIm][NTf2],2-propanol,CC(C)O,alcohol,water,O,water,0.469,0.195,0.336,0.0,0.043,0.957,101.325,0.33333334,795,303.2,0.24633552,0.22712405,0.52654046,0.0067928694,0.037424386,0.9557828
,1-butyl-3-methylimidazolium bis(trifluoromethylsulfonyl)imide,CCCCn1cc[n+](C)c1.O=S(=O)([N-]S(=O)(=O)C(F)(F)F)C(F)(F)F,[C4MIm][NTf2],2-propanol,CC(C)O,alcohol,water,O,water,0.323,0.272,0.405,0.001,0.064,0.935,101.325,0.5,795,303.2,0.21132965,0.23768754,0.5509828,0.0069305273,0.03687093,0.9561985
,1-butyl-3-methylimidazolium bis(trifluoromethylsulfonyl)imide,CCCCn1cc[n+](C)c1.O=S(=O)([N-]S(=O)(=O)C(F)(F)F)C(F)(F)F,[C4MIm][NTf2],2-propanol,CC(C)O,alcohol,water,O,water,0.214,0.306,0.48,0.002,0.089,0.909,101.325,0.6666667,795,303.2,0.17523527,0.2477219,0.5770428,0.008508248,0.036996383,0.9544953
,1-butyl-3-methylimidazolium bis(trifluoromethylsulfonyl)imide,CCCCn1cc[n+](C)c1.O=S(=O)([N-]S(=O)(=O)C(F)(F)F)C(F)(F)F,[C4MIm][NTf2],2-propanol,CC(C)O,alcohol,water,O,water,0.135,0.302,0.563,0.005,0.121,0.874,101.325,0.8333333,795,303.2,0.14781986,0.25509527,0.5970848,0.009164738,0.03739202,0.95344335
,1-butyl-3-methylimidazolium bis(trifluoromethylsulfonyl)imide,CCCCn1cc[n+](C)c1.O=S(=O)([N-]S(=O)(=O)C(F)(F)F)C(F)(F)F,[C4MIm][NTf2],2-propanol,CC(C)O,alcohol,water,O,water,0.084,0.274,0.642,0.013,0.153,0.834,101.325,1.0,795,303.2,0.12527853,0.2620883,0.6126332,0.009311983,0.036902137,0.9537858
,1-ethyl-3-methylimidazolium tetrafluoroborate,CCn1cc[n+](C)c1.F[B-](F)(F)F,[C2MIm][BF4],ethanol,CCO,alcohol,ethyl acetate,CCOC(C)=O,ester,0.472,0.137,0.391,0.009,0.137,0.854,101.325,0.0,803,298.15,0.5699109,0.21499343,0.21509565,0.01706611,0.28556383,0.69737005
,1-ethyl-3-methylimidazolium tetrafluoroborate,CCn1cc[n+](C)c1.F[B-](F)(F)F,[C2MIm][BF4],ethanol,CCO,alcohol,ethyl acetate,CCOC(C)=O,ester,0.406,0.177,0.417,0.012,0.158,0.83,101.325,0.2,803,298.15,0.5344734,0.23417866,0.2313479,0.021450682,0.28122184,0.6973275
,1-ethyl-3-methylimidazolium tetrafluoroborate,CCn1cc[n+](C)c1.F[B-](F)(F)F,[C2MIm][BF4],ethanol,CCO,alcohol,ethyl acetate,CCOC(C)=O,ester,0.36,0.216,0.424,0.016,0.201,0.783,101.325,0.4,803,298.15,0.49719697,0.25323227,0.24957082,0.024945445,0.2843366,0.69071794
,1-ethyl-3-methylimidazolium tetrafluoroborate,CCn1cc[n+](C)c1.F[B-](F)(F)F,[C2MIm][BF4],ethanol,CCO,alcohol,ethyl acetate,CCOC(C)=O,ester,0.329,0.24,0.431,0.029,0.226,0.745,101.325,0.6,803,298.15,0.44855896,0.27740735,0.27403367,0.025698379,0.28238192,0.6919197
,1-ethyl-3-methylimidazolium tetrafluoroborate,CCn1cc[n+](C)c1.F[B-](F)(F)F,[C2MIm][BF4],ethanol,CCO,alcohol,ethyl acetate,CCOC(C)=O,ester,0.269,0.293,0.438,0.054,0.28,0.666,101.325,0.8,803,298.15,0.4015214,0.30064484,0.29783365,0.02640175,0.28118598,0.69241226
,1-ethyl-3-methylimidazolium tetrafluoroborate,CCn1cc[n+](C)c1.F[B-](F)(F)F,[C2MIm][BF4],ethanol,CCO,alcohol,ethyl acetate,CCOC(C)=O,ester,0.236,0.315,0.449,0.071,0.303,0.626,101.325,1.0,803,298.15,0.35651556,0.32270598,0.32077846,0.02705757,0.2806417,0.6923007
,1-ethyl-3-methylimidazolium acetate,CC(=O)[O-].CCn1cc[n+](C)c1,[C2MIm][OAc],ethanol,CCO,alcohol,ethyl acetate,CCOC(C)=O,ester,0.774,0.0,0.226,0.04,0.0,0.96,101.325,0.0,809,308.15,0.6242068,0.19223593,0.1835573,0.016484577,0.13153887,0.8519766
,1-ethyl-3-methylimidazolium acetate,CC(=O)[O-].CCn1cc[n+](C)c1,[C2MIm][OAc],ethanol,CCO,alcohol,ethyl acetate,CCOC(C)=O,ester,0.71,0.05,0.24,0.041,0.006,0.953,101.325,0.2,809,308.15,0.576627,0.21665803,0.206715,0.017102951,0.13066551,0.85223156
,1-ethyl-3-methylimidazolium acetate,CC(=O)[O-].CCn1cc[n+](C)c1,[C2MIm][OAc],ethanol,CCO,alcohol,ethyl acetate,CCOC(C)=O,ester,0.578,0.151,0.271,0.041,0.022,0.937,101.325,0.4,809,308.15,0.52819234,0.24145651,0.23035115,0.017700097,0.13029511,0.8520048
,1-ethyl-3-methylimidazolium acetate,CC(=O)[O-].CCn1cc[n+](C)c1,[C2MIm][OAc],ethanol,CCO,alcohol,ethyl acetate,CCOC(C)=O,ester,0.437,0.252,0.311,0.039,0.053,0.908,101.325,0.6,809,308.15,0.47967488,0.2662021,0.254123,0.018272117,0.13037403,0.8513538
,1-ethyl-3-methylimidazolium acetate,CC(=O)[O-].CCn1cc[n+](C)c1,[C2MIm][OAc],ethanol,CCO,alcohol,ethyl acetate,CCOC(C)=O,ester,0.359,0.302,0.339,0.039,0.08,0.881,101.325,0.8,809,308.15,0.43245694,0.29005817,0.2774849,0.01880763,0.13127558,0.84991676
,1-ethyl-3-methylimidazolium acetate,CC(=O)[O-].CCn1cc[n+](C)c1,[C2MIm][OAc],ethanol,CCO,alcohol,ethyl acetate,CCOC(C)=O,ester,0.26,0.353,0.387,0.042,0.133,0.825,101.325,1.0,809,308.15,0.3862813,0.31347406,0.3002446,0.019388765,0.13195276,0.8486585
,1-(2-methoxyethyl)-1-methylpiperidinium bis(trifluoromethylsulfonyl)imide,COCC[N+]1(C)CCCCC1.O=S(=O)([N-]S(=O)(=O)C(F)(F)F)C(F)(F)F,[COC2mPip][NTf2],2-propanol,CC(C)O,alcohol,di-iso-propyl ether,CC(C)OC(C)C,ether,0.776,0.0,0.224,0.001,0.0,0.999,101.325,0.0,816,298.15,0.64568686,0.24903947,0.10527366,0.027382225,0.3230037,0.64961404
,1-(2-methoxyethyl)-1-methylpiperidinium bis(trifluoromethylsulfonyl)imide,COCC[N+]1(C)CCCCC1.O=S(=O)([N-]S(=O)(=O)C(F)(F)F)C(F)(F)F,[COC2mPip][NTf2],2-propanol,CC(C)O,alcohol,di-iso-propyl ether,CC(C)OC(C)C,ether,0.67,0.085,0.245,0.001,0.047,0.952,101.325,0.09090909,816,298.15,0.6235088,0.2651934,0.11129781,0.027893187,0.32368553,0.6484213
,1-(2-methoxyethyl)-1-methylpiperidinium bis(trifluoromethylsulfonyl)imide,COCC[N+]1(C)CCCCC1.O=S(=O)([N-]S(=O)(=O)C(F)(F)F)C(F)(F)F,[COC2mPip][NTf2],2-propanol,CC(C)O,alcohol,di-iso-propyl ether,CC(C)OC(C)C,ether,0.6,0.151,0.249,0.001,0.101,0.898,101.325,0.18181819,816,298.15,0.60166115,0.28091332,0.11742549,0.028680725,0.32800302,0.6433162
,1-(2-methoxyethyl)-1-methylpiperidinium bis(trifluoromethylsulfonyl)imide,COCC[N+]1(C)CCCCC1.O=S(=O)([N-]S(=O)(=O)C(F)(F)F)C(F)(F)F,[COC2mPip][NTf2],2-propanol,CC(C)O,alcohol,di-iso-propyl ether,CC(C)OC(C)C,ether,0.562,0.189,0.249,0.002,0.141,0.857,101.325,0.27272728,816,298.15,0.57957953,0.29679433,0.12362613,0.029492827,0.33544376,0.63506347
,1-(2-methoxyethyl)-1-methylpiperidinium bis(trifluoromethylsulfonyl)imide,COCC[N+]1(C)CCCCC1.O=S(=O)([N-]S(=O)(=O)C(F)(F)F)C(F)(F)F,[COC2mPip][NTf2],2-propanol,CC(C)O,alcohol,di-iso-propyl ether,CC(C)OC(C)C,ether,0.506,0.238,0.256,0.002,0.205,0.793,101.325,0.36363637,816,298.15,0.5571963,0.31289858,0.12990512,0.030322604,0.34297892,0.6266985
,1-(2-methoxyethyl)-1-methylpiperidinium bis(trifluoromethylsulfonyl)imide,COCC[N+]1(C)CCCCC1.O=S(=O)([N-]S(=O)(=O)C(F)(F)F)C(F)(F)F,[COC2mPip][NTf2],2-propanol,CC(C)O,alcohol,di-iso-propyl ether,CC(C)OC(C)C,ether,0.487,0.253,0.26,0.002,0.222,0.776,101.325,0.45454547,816,298.15,0.53462785,0.32916853,0.13620362,0.031157838,0.350605,0.6182372
,1-(2-methoxyethyl)-1-methylpiperidinium bis(trifluoromethylsulfonyl)imide,COCC[N+]1(C)CCCCC1.O=S(=O)([N-]S(=O)(=O)C(F)(F)F)C(F)(F)F,[COC2mPip][NTf2],2-propanol,CC(C)O,alcohol,di-iso-propyl ether,CC(C)OC(C)C,ether,0.474,0.264,0.262,0.002,0.237,0.761,101.325,0.54545456,816,298.15,0.51154685,0.34576097,0.14269221,0.03189804,0.35797858,0.61012346
,1-(2-methoxyethyl)-1-methylpiperidinium bis(trifluoromethylsulfonyl)imide,COCC[N+]1(C)CCCCC1.O=S(=O)([N-]S(=O)(=O)C(F)(F)F)C(F)(F)F,[COC2mPip][NTf2],2-propanol,CC(C)O,alcohol,di-iso-propyl ether,CC(C)OC(C)C,ether,0.422,0.311,0.267,0.004,0.308,0.688,101.325,0.6363636,816,298.15,0.48892143,0.36212748,0.14895108,0.032748636,0.36574355,0.60150784
,1-(2-methoxyethyl)-1-methylpiperidinium bis(trifluoromethylsulfonyl)imide,COCC[N+]1(C)CCCCC1.O=S(=O)([N-]S(=O)(=O)C(F)(F)F)C(F)(F)F,[COC2mPip][NTf2],2-propanol,CC(C)O,alcohol,di-iso-propyl ether,CC(C)OC(C)C,ether,0.38500002,0.34600002,0.26900002,0.005,0.36,0.635,101.325,0.72727275,816,298.15,0.46641344,0.37842518,0.15516135,0.033612832,0.37354273,0.5928445
,1-(2-methoxyethyl)-1-methylpiperidinium bis(trifluoromethylsulfonyl)imide,COCC[N+]1(C)CCCCC1.O=S(=O)([N-]S(=O)(=O)C(F)(F)F)C(F)(F)F,[COC2mPip][NTf2],2-propanol,CC(C)O,alcohol,di-iso-propyl ether,CC(C)OC(C)C,ether,0.378,0.356,0.266,0.007,0.387,0.606,101.325,0.8181818,816,298.15,0.4042661,0.42652774,0.16920619,0.03475457,0.4140616,0.5511838
,1-(2-methoxyethyl)-1-methylpiperidinium bis(trifluoromethylsulfonyl)imide,COCC[N+]1(C)CCCCC1.O=S(=O)([N-]S(=O)(=O)C(F)(F)F)C(F)(F)F,[COC2mPip][NTf2],2-propanol,CC(C)O,alcohol,di-iso-propyl ether,CC(C)OC(C)C,ether,0.309,0.42,0.271,0.013,0.468,0.519,101.325,0.90909094,816,298.15,0.38221154,0.44285163,0.17493683,0.03562469,0.42250818,0.54186714
,1-(2-methoxyethyl)-1-methylpiperidinium bis(trifluoromethylsulfonyl)imide,COCC[N+]1(C)CCCCC1.O=S(=O)([N-]S(=O)(=O)C(F)(F)F)C(F)(F)F,[COC2mPip][NTf2],2-propanol,CC(C)O,alcohol,di-iso-propyl ether,CC(C)OC(C)C,ether,0.28,0.456,0.264,0.022,0.518,0.46,101.325,1.0,816,298.15,0.35991874,0.46026602,0.17981526,0.0350959,0.43072477,0.53417933
,1-butyl-3-methylimidazolium tetrafluoroborate,CCCCn1cc[n+](C)c1.F[B-](F)(F)F,[C4MIm][BF4],water,O,water,tert-butylethyl ether,CCOCCOC(C)(C)C,ether,0.943,0.0,0.057,0.001,0.0,0.999,101.325,0.0,842,298.15,0.38243884,0.5635818,0.053979296,0.0056116506,0.0687952,0.92559314
,1-butyl-3-methylimidazolium tetrafluoroborate,CCCCn1cc[n+](C)c1.F[B-](F)(F)F,[C4MIm][BF4],water,O,water,tert-butylethyl ether,CCOCCOC(C)(C)C,ether,0.82500005,0.12200001,0.053000003,0.002,0.003,0.995,101.325,0.11111111,842,298.15,0.34912914,0.5942533,0.05661755,0.0060208226,0.07414784,0.91983134
,1-butyl-3-methylimidazolium tetrafluoroborate,CCCCn1cc[n+](C)c1.F[B-](F)(F)F,[C4MIm][BF4],water,O,water,tert-butylethyl ether,CCOCCOC(C)(C)C,ether,0.69100004,0.26200002,0.047000002,0.002,0.007,0.991,101.325,0.22222222,842,298.15,0.31733263,0.623508,0.05915942,0.0064748577,0.07993608,0.9135891
,1-butyl-3-methylimidazolium tetrafluoroborate,CCCCn1cc[n+](C)c1.F[B-](F)(F)F,[C4MIm][BF4],water,O,water,tert-butylethyl ether,CCOCCOC(C)(C)C,ether,0.555,0.404,0.041,0.002,0.012,0.986,101.325,0.33333334,842,298.15,0.2872692,0.65128917,0.061441675,0.006921698,0.08606036,0.90701795
,1-butyl-3-methylimidazolium tetrafluoroborate,CCCCn1cc[n+](C)c1.F[B-](F)(F)F,[C4MIm][BF4],water,O,water,tert-butylethyl ether,CCOCCOC(C)(C)C,ether,0.421,0.543,0.036,0.001,0.019,0.98,101.325,0.44444445,842,298.15,0.26084527,0.6755719,0.06358284,0.0075202957,0.09373987,0.8987398
,1-butyl-3-methylimidazolium tetrafluoroborate,CCCCn1cc[n+](C)c1.F[B-](F)(F)F,[C4MIm][BF4],water,O,water,tert-butylethyl ether,CCOCCOC(C)(C)C,ether,0.322,0.642,0.036,0.001,0.025,0.974,101.325,0.5555556,842,298.15,0.23799163,0.69637924,0.06562917,0.008295814,0.10315026,0.88855386
,1-butyl-3-methylimidazolium tetrafluoroborate,CCCCn1cc[n+](C)c1.F[B-](F)(F)F,[C4MIm][BF4],water,O,water,tert-butylethyl ether,CCOCCOC(C)(C)C,ether,0.202,0.773,0.025,0.001,0.032,0.967,101.325,0.6666667,842,298.15,0.21338567,0.71918744,0.06742686,0.008850608,0.1109479,0.88020146
,1-butyl-3-methylimidazolium tetrafluoroborate,CCCCn1cc[n+](C)c1.F[B-](F)(F)F,[C4MIm][BF4],water,O,water,tert-butylethyl ether,CCOCCOC(C)(C)C,ether,0.084,0.903,0.013,0.002,0.033,0.965,101.325,0.7777778,842,298.15,0.19071151,0.7402217,0.06906685,0.009439868,0.11928749,0.8712727
,1-butyl-3-methylimidazolium tetrafluoroborate,CCCCn1cc[n+](C)c1.F[B-](F)(F)F,[C4MIm][BF4],water,O,water,tert-butylethyl ether,CCOCCOC(C)(C)C,ether,0.057,0.933,0.01,0.001,0.035,0.964,101.325,0.8888889,842,298.15,0.16885549,0.76116556,0.069978885,0.009482598,0.1276594,0.862858
,1-butyl-3-methylimidazolium tetrafluoroborate,CCCCn1cc[n+](C)c1.F[B-](F)(F)F,[C4MIm][BF4],water,O,water,tert-butylethyl ether,CCOCCOC(C)(C)C,ether,0.0,0.998,0.002,0.0,0.037,0.963,101.325,1.0,842,298.15,0.14953956,0.7794609,0.07099949,0.0098078195,0.13687092,0.85332125
,1-butyl-3-methylimidazolium tetrafluoroborate,CCCCn1cc[n+](C)c1.F[B-](F)(F)F,[C4MIm][BF4],water,O,water,di-iso-propyl ether,CC(C)OC(C)C,ether,0.767,0.161,0.072,0.003,0.005,0.992,101.325,0.0,845,313.15,0.38682288,0.5693555,0.043821633,0.0031354043,0.03878415,0.95808053
,1-butyl-3-methylimidazolium tetrafluoroborate,CCCCn1cc[n+](C)c1.F[B-](F)(F)F,[C4MIm][BF4],water,O,water,di-iso-propyl ether,CC(C)OC(C)C,ether,0.684,0.24,0.076,0.006,0.008,0.986,101.325,0.14285715,845,313.15,0.3448688,0.6087854,0.046345796,0.0034090013,0.04380007,0.95279086
,1-butyl-3-methylimidazolium tetrafluoroborate,CCCCn1cc[n+](C)c1.F[B-](F)(F)F,[C4MIm][BF4],water,O,water,di-iso-propyl ether,CC(C)OC(C)C,ether,0.582,0.335,0.083,0.005,0.011,0.984,101.325,0.2857143,845,313.15,0.30443233,0.6468045,0.048763137,0.0037315798,0.049279172,0.94698924
,1-butyl-3-methylimidazolium tetrafluoroborate,CCCCn1cc[n+](C)c1.F[B-](F)(F)F,[C4MIm][BF4],water,O,water,di-iso-propyl ether,CC(C)OC(C)C,ether,0.467,0.454,0.079,0.003,0.015,0.982,101.325,0.42857143,845,313.15,0.26615956,0.6828146,0.051025886,0.004112432,0.055194415,0.9406931
,1-butyl-3-methylimidazolium tetrafluoroborate,CCCCn1cc[n+](C)c1.F[B-](F)(F)F,[C4MIm][BF4],water,O,water,di-iso-propyl ether,CC(C)OC(C)C,ether,0.391,0.537,0.072,0.003,0.018,0.979,101.325,0.5714286,845,313.15,0.24453142,0.7026664,0.05280218,0.0046710074,0.053533174,0.94179577
,1-butyl-3-methylimidazolium tetrafluoroborate,CCCCn1cc[n+](C)c1.F[B-](F)(F)F,[C4MIm][BF4],water,O,water,di-iso-propyl ether,CC(C)OC(C)C,ether,0.332,0.596,0.072,0.006,0.02,0.974,101.325,0.71428573,845,313.15,0.22213966,0.72321,0.054650366,0.0052296156,0.0577392,0.9370312
,1-butyl-3-methylimidazolium tetrafluoroborate,CCCCn1cc[n+](C)c1.F[B-](F)(F)F,[C4MIm][BF4],water,O,water,di-iso-propyl ether,CC(C)OC(C)C,ether,0.184,0.767,0.049,0.005,0.028,0.967,101.325,0.85714287,845,313.15,0.19242516,0.7512359,0.0563389,0.0057689087,0.06487219,0.929359
,1-butyl-3-methylimidazolium tetrafluoroborate,CCCCn1cc[n+](C)c1.F[B-](F)(F)F,[C4MIm][BF4],water,O,water,di-iso-propyl ether,CC(C)OC(C)C,ether,0.0,0.997,0.003,0.0,0.039,0.961,101.325,1.0,845,313.15,0.16560961,0.7765787,0.057811648,0.0063955747,0.07330284,0.9203016
,1-ethyl-3-methylimidazolium,CCn1cc[n+](C)c1,[C2MIm][EtSO4],water,O,water,tert-butylmethyl ether,COC(C)(C)C,ether,0.8,0.143,0.057,0.005,0.001,0.994,101.325,0.0,846,298.15,0.41849005,0.54858196,0.03292798,0.0020814468,0.018664988,0.97925365
,1-ethyl-3-methylimidazolium,CCn1cc[n+](C)c1,[C2MIm][EtSO4],water,O,water,tert-butylmethyl ether,COC(C)(C)C,ether,0.65400004,0.30400002,0.042000003,0.003,0.003,0.994,101.325,0.125,846,298.15,0.38043362,0.58476764,0.034798753,0.0022632363,0.020531218,0.9772056
,1-ethyl-3-methylimidazolium,CCn1cc[n+](C)c1,[C2MIm][EtSO4],water,O,water,tert-butylmethyl ether,COC(C)(C)C,ether,0.529,0.436,0.035,0.002,0.006,0.992,101.325,0.25,846,298.15,0.34385657,0.61957467,0.036568746,0.0024616104,0.022590013,0.9749484
,1-ethyl-3-methylimidazolium,CCn1cc[n+](C)c1,[C2MIm][EtSO4],water,O,water,tert-butylmethyl ether,COC(C)(C)C,ether,0.433,0.542,0.025,0.0,0.011,0.989,101.325,0.375,846,298.15,0.30913043,0.65265524,0.03821436,0.002676843,0.024873516,0.9724496
,1-ethyl-3-methylimidazolium,CCn1cc[n+](C)c1,[C2MIm][EtSO4],water,O,water,tert-butylmethyl ether,COC(C)(C)C,ether,0.31800002,0.66300005,0.019000001,0.0,0.02,0.98,101.325,0.5,846,298.15,0.2766127,0.68366253,0.039724786,0.0029111041,0.027386913,0.969702
,1-ethyl-3-methylimidazolium,CCn1cc[n+](C)c1,[C2MIm][EtSO4],water,O,water,tert-butylmethyl ether,COC(C)(C)C,ether,0.224,0.761,0.015,0.0,0.033,0.967,101.325,0.625,846,298.15,0.24632232,0.7125768,0.041100893,0.0031675927,0.030186828,0.96664554
,1-ethyl-3-methylimidazolium,CCn1cc[n+](C)c1,[C2MIm][EtSO4],water,O,water,tert-butylmethyl ether,COC(C)(C)C,ether,0.116,0.873,0.011,0.0,0.05,0.95,101.325,0.75,846,298.15,0.21846633,0.7391985,0.042335175,0.003444301,0.033256426,0.9632992
,1-ethyl-3-methylimidazolium,CCn1cc[n+](C)c1,[C2MIm][EtSO4],water,O,water,tert-butylmethyl ether,COC(C)(C)C,ether,0.019,0.972,0.009,0.0,0.075,0.925,101.325,0.875,846,298.15,0.19492316,0.76184994,0.043226928,0.0036450296,0.035188757,0.9611662
,1-ethyl-3-methylimidazolium,CCn1cc[n+](C)c1,[C2MIm][EtSO4],water,O,water,tert-butylmethyl ether,COC(C)(C)C,ether,0.0,0.992,0.008,0.0,0.107,0.893,101.325,1.0,846,298.15,0.17182073,0.78397834,0.044200968,0.00396061,0.038771573,0.9572678
,1-ethyl-3-methylimidazolium,CCn1cc[n+](C)c1,[C2MIm][EtSO4],water,O,water,di-iso-propyl ether,CC(C)OC(C)C,ether,0.785,0.195,0.02,0.007,0.006,0.987,101.325,0.0,850,313.15,0.41972467,0.5540881,0.026187181,0.0012571624,0.010827005,0.9879159
,1-ethyl-3-methylimidazolium,CCn1cc[n+](C)c1,[C2MIm][EtSO4],water,O,water,di-iso-propyl ether,CC(C)OC(C)C,ether,0.591,0.388,0.021,0.003,0.014,0.983,101.325,0.125,850,313.15,0.38079602,0.5915265,0.027677482,0.0013761417,0.012050417,0.98657346
,1-ethyl-3-methylimidazolium,CCn1cc[n+](C)c1,[C2MIm][EtSO4],water,O,water,di-iso-propyl ether,CC(C)OC(C)C,ether,0.512,0.461,0.027,0.005,0.017,0.978,101.325,0.25,850,313.15,0.34084392,0.62989587,0.02926018,0.001530355,0.013812262,0.98465735
,1-ethyl-3-methylimidazolium,CCn1cc[n+](C)c1,[C2MIm][EtSO4],water,O,water,di-iso-propyl ether,CC(C)OC(C)C,ether,0.43400002,0.53700006,0.029000001,0.006,0.021,0.973,101.325,0.375,850,313.15,0.30562365,0.66382617,0.030550223,0.0016748484,0.01537771,0.9829475
,1-ethyl-3-methylimidazolium,CCn1cc[n+](C)c1,[C2MIm][EtSO4],water,O,water,di-iso-propyl ether,CC(C)OC(C)C,ether,0.27100003,0.71300006,0.016000003,0.004,0.029,0.967,101.325,0.5,850,313.15,0.26287526,0.7054162,0.031708542,0.0014123997,0.015004614,0.9835829
,1-ethyl-3-methylimidazolium,CCn1cc[n+](C)c1,[C2MIm][EtSO4],water,O,water,di-iso-propyl ether,CC(C)OC(C)C,ether,0.233,0.745,0.022,0.005,0.032,0.963,101.325,0.625,850,313.15,0.23018458,0.73687106,0.03294439,0.0014228552,0.015889993,0.9826872
,1-ethyl-3-methylimidazolium,CCn1cc[n+](C)c1,[C2MIm][EtSO4],water,O,water,di-iso-propyl ether,CC(C)OC(C)C,ether,0.164,0.823,0.013,0.005,0.038,0.957,101.325,0.75,850,313.15,0.20299889,0.76312935,0.033871733,0.0015687587,0.017767154,0.98066413
,1-ethyl-3-methylimidazolium,CCn1cc[n+](C)c1,[C2MIm][EtSO4],water,O,water,di-iso-propyl ether,CC(C)OC(C)C,ether,0.118,0.873,0.009,0.006,0.041,0.953,101.325,0.875,850,313.15,0.17832737,0.7869968,0.034675892,0.0017238879,0.019850159,0.9784259
,1-ethyl-3-methylimidazolium,CCn1cc[n+](C)c1,[C2MIm][EtSO4],water,O,water,di-iso-propyl ether,CC(C)OC(C)C,ether,0.0,0.997,0.003,0.0,0.039,0.961,101.325,1.0,850,313.15,0.14301617,0.821634,0.035349786,0.0022837925,0.026597284,0.9711188
,1-hexyl-3-methylimidazolium bis(trifluoromethylsulfonyl)imide,CCCCCCn1cc[n+](C)c1.O=S(=O)([N-]S(=O)(=O)C(F)(F)F)C(F)(F)F,[C6MIm][NTf2],acetic acid,CC(=O)O,acid,water,O,water,0.75420004,0.032900006,0.21290001,0.0002,0.0057,0.9941,101.325,0.0,855,293.15,0.6010127,0.15054232,0.24844499,0.0118518025,0.05710417,0.9310441
,1-hexyl-3-methylimidazolium bis(trifluoromethylsulfonyl)imide,CCCCCCn1cc[n+](C)c1.O=S(=O)([N-]S(=O)(=O)C(F)(F)F)C(F)(F)F,[C6MIm][NTf2],acetic acid,CC(=O)O,acid,water,O,water,0.6935,0.0655,0.241,0.0003,0.0244,0.9753,101.325,0.07692308,855,293.15,0.57892025,0.15928511,0.2617946,0.012177004,0.058277205,0.9295458
,1-hexyl-3-methylimidazolium bis(trifluoromethylsulfonyl)imide,CCCCCCn1cc[n+](C)c1.O=S(=O)([N-]S(=O)(=O)C(F)(F)F)C(F)(F)F,[C6MIm][NTf2],acetic acid,CC(=O)O,acid,water,O,water,0.6682,0.0805,0.2513,0.0004,0.029,0.9706,101.325,0.15384616,855,293.15,0.55652833,0.16818403,0.27528763,0.012510662,0.059492636,0.92799675
,1-hexyl-3-methylimidazolium bis(trifluoromethylsulfonyl)imide,CCCCCCn1cc[n+](C)c1.O=S(=O)([N-]S(=O)(=O)C(F)(F)F)C(F)(F)F,[C6MIm][NTf2],acetic acid,CC(=O)O,acid,water,O,water,0.6282,0.1111,0.2607,0.0009,0.0538,0.9453,101.325,0.23076923,855,293.15,0.5416845,0.1739383,0.28437716,0.011747584,0.06283037,0.9254221
,1-hexyl-3-methylimidazolium bis(trifluoromethylsulfonyl)imide,CCCCCCn1cc[n+](C)c1.O=S(=O)([N-]S(=O)(=O)C(F)(F)F)C(F)(F)F,[C6MIm][NTf2],acetic acid,CC(=O)O,acid,water,O,water,0.605,0.1207,0.2743,0.0008,0.06,0.9392,101.325,0.30769232,855,293.15,0.52453905,0.18073201,0.29472893,0.011278312,0.06540584,0.9233159
,1-hexyl-3-methylimidazolium bis(trifluoromethylsulfonyl)imide,CCCCCCn1cc[n+](C)c1.O=S(=O)([N-]S(=O)(=O)C(F)(F)F)C(F)(F)F,[C6MIm][NTf2],acetic acid,CC(=O)O,acid,water,O,water,0.5516,0.1506,0.2978,0.0008,0.0799,0.9193,101.325,0.3846154,855,293.15,0.5016685,0.18987091,0.30846062,0.011584776,0.066735595,0.9216796
,1-hexyl-3-methylimidazolium bis(trifluoromethylsulfonyl)imide,CCCCCCn1cc[n+](C)c1.O=S(=O)([N-]S(=O)(=O)C(F)(F)F)C(F)(F)F,[C6MIm][NTf2],acetic acid,CC(=O)O,acid,water,O,water,0.4852,0.1798,0.335,0.0009,0.0901,0.909,101.325,0.46153846,855,293.15,0.4780725,0.19901444,0.3229131,0.012306527,0.06806552,0.91962796
,1-hexyl-3-methylimidazolium bis(trifluoromethylsulfonyl)imide,CCCCCCn1cc[n+](C)c1.O=S(=O)([N-]S(=O)(=O)C(F)(F)F)C(F)(F)F,[C6MIm][NTf2],acetic acid,CC(=O)O,acid,water,O,water,0.4594,0.1868,0.3538,0.0006,0.1001,0.8993,101.325,0.53846157,855,293.15,0.45428702,0.2079448,0.3377682,0.013420343,0.06935975,0.9172199
,1-hexyl-3-methylimidazolium bis(trifluoromethylsulfonyl)imide,CCCCCCn1cc[n+](C)c1.O=S(=O)([N-]S(=O)(=O)C(F)(F)F)C(F)(F)F,[C6MIm][NTf2],acetic acid,CC(=O)O,acid,water,O,water,0.4376,0.1995,0.3629,0.0009,0.1109,0.8882,101.325,0.61538464,855,293.15,0.43192118,0.21699901,0.3510798,0.013780741,0.07079639,0.91542286
,1-hexyl-3-methylimidazolium bis(trifluoromethylsulfonyl)imide,CCCCCCn1cc[n+](C)c1.O=S(=O)([N-]S(=O)(=O)C(F)(F)F)C(F)(F)F,[C6MIm][NTf2],acetic acid,CC(=O)O,acid,water,O,water,0.4014,0.2131,0.3855,0.0008,0.1279,0.8713,101.325,0.6923077,855,293.15,0.41233477,0.22535995,0.36230525,0.012921677,0.07310045,0.9139779
,1-hexyl-3-methylimidazolium bis(trifluoromethylsulfonyl)imide,CCCCCCn1cc[n+](C)c1.O=S(=O)([N-]S(=O)(=O)C(F)(F)F)C(F)(F)F,[C6MIm][NTf2],acetic acid,CC(=O)O,acid,water,O,water,0.3321,0.2479,0.42,0.0009,0.1547,0.8444,101.325,0.7692308,855,293.15,0.39204195,0.23386788,0.3740902,0.012605612,0.07505769,0.91233677
,1-hexyl-3-methylimidazolium bis(trifluoromethylsulfonyl)imide,CCCCCCn1cc[n+](C)c1.O=S(=O)([N-]S(=O)(=O)C(F)(F)F)C(F)(F)F,[C6MIm][NTf2],acetic acid,CC(=O)O,acid,water,O,water,0.3024,0.2575,0.4401,0.001,0.1589,0.8401,101.325,0.84615386,855,293.15,0.3704798,0.24274851,0.3867717,0.012944481,0.076657,0.91039854
,1-hexyl-3-methylimidazolium bis(trifluoromethylsulfonyl)imide,CCCCCCn1cc[n+](C)c1.O=S(=O)([N-]S(=O)(=O)C(F)(F)F)C(F)(F)F,[C6MIm][NTf2],acetic acid,CC(=O)O,acid,water,O,water,0.2841,0.2699,0.446,0.0016,0.1716,0.8268,101.325,0.9230769,855,293.15,0.3480017,0.25126442,0.40073383,0.01442452,0.07789614,0.9076793
,1-hexyl-3-methylimidazolium bis(trifluoromethylsulfonyl)imide,CCCCCCn1cc[n+](C)c1.O=S(=O)([N-]S(=O)(=O)C(F)(F)F)C(F)(F)F,[C6MIm][NTf2],acetic acid,CC(=O)O,acid,water,O,water,0.2671,0.275,0.4579,0.0019,0.1824,0.8157,101.325,1.0,855,293.15,0.32710892,0.2595812,0.4133099,0.015367777,0.07942117,0.90521115
no,"1-butyl-2,3-dimethylimidazolium",CCCCn1cc[n+](C)c1C,[C4MMIm][NTf2],acetic acid,CC(=O)O,acid,water,O,water,0.8163,0.0073,0.1764,0.0004,0.0012,0.9984,101.325,0.0,860,293.15,0.5852057,0.15391774,0.26087657,0.00995056,0.071749106,0.9183003
no,"1-butyl-2,3-dimethylimidazolium",CCCCn1cc[n+](C)c1C,[C4MMIm][NTf2],acetic acid,CC(=O)O,acid,water,O,water,0.7485,0.0419,0.2096,0.0004,0.0183,0.9813,101.325,0.125,860,293.15,0.56450146,0.16678883,0.26870972,0.012265811,0.06763814,0.920096
no,"1-butyl-2,3-dimethylimidazolium",CCCCn1cc[n+](C)c1C,[C4MMIm][NTf2],acetic acid,CC(=O)O,acid,water,O,water,0.7126,0.0665,0.2209,0.0004,0.0361,0.9635,101.325,0.25,860,293.15,0.53676414,0.18038438,0.28285152,0.014547197,0.069362715,0.91609013
no,"1-butyl-2,3-dimethylimidazolium",CCCCn1cc[n+](C)c1C,[C4MMIm][NTf2],acetic acid,CC(=O)O,acid,water,O,water,0.6696,0.0828,0.2476,0.0006,0.0455,0.9539,101.325,0.375,860,293.15,0.5011023,0.19502626,0.3038714,0.015156819,0.071655616,0.9131875
no,"1-butyl-2,3-dimethylimidazolium",CCCCn1cc[n+](C)c1C,[C4MMIm][NTf2],acetic acid,CC(=O)O,acid,water,O,water,0.6055,0.1143,0.2802,0.0005,0.0705,0.929,101.325,0.5,860,293.15,0.46538523,0.20979653,0.32481822,0.015788615,0.07404939,0.9101621
no,"1-butyl-2,3-dimethylimidazolium",CCCCn1cc[n+](C)c1C,[C4MMIm][NTf2],acetic acid,CC(=O)O,acid,water,O,water,0.5173,0.1517,0.331,0.0006,0.0909,0.9085,101.325,0.625,860,293.15,0.43026623,0.22445126,0.34528252,0.016440673,0.07653517,0.9070242
no,"1-butyl-2,3-dimethylimidazolium",CCCCn1cc[n+](C)c1C,[C4MMIm][NTf2],acetic acid,CC(=O)O,acid,water,O,water,0.4659,0.1801,0.354,0.0013,0.1017,0.897,101.325,0.75,860,293.15,0.39560342,0.23896885,0.36542773,0.01705389,0.079194136,0.903752
no,"1-butyl-2,3-dimethylimidazolium",CCCCn1cc[n+](C)c1C,[C4MMIm][NTf2],acetic acid,CC(=O)O,acid,water,O,water,0.3654,0.2217,0.4129,0.0021,0.1376,0.8603,101.325,0.875,860,293.15,0.36233446,0.2531216,0.38454396,0.017749041,0.081886694,0.9003642
no,"1-butyl-2,3-dimethylimidazolium",CCCCn1cc[n+](C)c1C,[C4MMIm][NTf2],acetic acid,CC(=O)O,acid,water,O,water,0.2944,0.2472,0.4584,0.003,0.1707,0.8263,101.325,1.0,860,293.15,0.33037585,0.26689023,0.4027339,0.018467437,0.08466689,0.8968656
