{
  "mse": 0.0031554541318770256,
  "rmse": 0.05617342905571126,
  "r2": 0.9730990273162448,
  "mae": 0.031176838157862864,
  "rmse_E": 0.058468798742962236,
  "rmse_R": 0.05378018071101127,
  "r2_E": 0.9648621807709331,
  "r2_R": 0.9789354020980533,
  "mae_E": 0.03402821538710996,
  "mae_R": 0.02832546092861576
}