model,source_row,system_id,T_K,phase_path_t,composition_violation,phase_sum_error_max,minimum_predicted_fraction,mu_abs_mean,mu_abs_max,delta_mu_max_kJ_mol,mu_residual_1,mu_residual_2,mu_residual_3
physics_informed,0,22,298.15,0.0,False,3.7999999924487327e-08,0.006906482,0.96520287,1.9421687,4.814552572917938,0.58915323,1.9421687,0.3642866
physics_informed,1,22,298.15,0.125,False,2.1000000072213254e-08,0.007062139,0.90851694,2.0560164,5.096776233005523,0.501497,2.0560164,0.16803738
physics_informed,2,22,298.15,0.25,False,1.2999999965401798e-08,0.006883783,0.8858015,2.0205376,5.008825940990447,0.40193832,2.0205376,-0.23492856
physics_informed,3,22,298.15,0.375,False,6.850000000557799e-08,0.0065763015,0.9289923,1.8291237,4.534319278812408,0.31948644,1.8291237,-0.6383667
physics_informed,4,22,298.15,0.5,False,8.229999992614978e-08,0.0064833323,0.9355776,1.568115,3.8872896836757658,0.22957593,1.568115,-1.0090418
physics_informed,5,22,298.15,0.625,False,2.1500000002561137e-08,0.0066995085,0.9260969,1.3889577,3.443166526889801,0.12886178,1.2604713,-1.3889577
physics_informed,6,22,298.15,0.75,False,3.0000000039720476e-08,0.0071385587,0.87407684,1.6559038,4.104914309787749,0.10056484,0.86576194,-1.6559038
physics_informed,7,22,298.15,0.875,False,4.700000000301685e-08,0.0073780464,0.757718,1.508451,3.739385303211212,0.35798633,0.40671673,-1.508451
physics_informed,8,22,298.15,1.0,False,3.280000004934891e-08,0.0069508078,0.6354405,1.0069815,2.496263843488693,1.0069815,0.07280198,-0.8265381
physics_informed,9,25,313.2,0.0,False,3.9999999978945766e-08,0.005968962,0.86461335,1.6168671,4.210467026138305,0.6757175,1.6168671,0.30125558
physics_informed,10,25,313.2,0.09090909,False,1.329999999022391e-07,0.008221773,0.86809635,1.7026536,4.4338629501342774,0.5958726,1.7026536,0.3057629
physics_informed,11,25,313.2,0.18181819,False,7.899999998617346e-08,0.008774757,0.8368545,1.7506278,4.558791570281982,0.51539165,1.7506278,0.2445443
physics_informed,12,25,313.2,0.27272728,False,3.600000009207349e-08,0.009129944,0.739981,1.696072,4.416723474884033,0.44175026,1.696072,0.082120836
physics_informed,13,25,313.2,0.36363637,False,1.400000004814217e-08,0.009200805,0.6823821,1.518255,3.9536720947265622,0.39088467,1.518255,-0.13800663
physics_informed,14,25,313.2,0.45454547,False,5.999999985739635e-08,0.009149551,0.6535136,1.2754493,3.3213843017578126,0.36462754,1.2754493,-0.32046396
physics_informed,15,25,313.2,0.54545456,False,5.4999999998806004e-08,0.009188752,0.60593164,1.0245368,2.6679859394073486,0.35055888,1.0245368,-0.4426992
physics_informed,16,25,313.2,0.6363636,False,6.399999996631323e-08,0.00941591,0.55298513,0.7869468,2.0492800649642944,0.34425327,0.7869468,-0.5277554
physics_informed,17,25,313.2,0.72727275,False,7.000000001866624e-08,0.00980954,0.5019374,0.5796385,1.509430651473999,0.35779473,0.5683789,-0.5796385
physics_informed,18,25,313.2,0.8181818,False,4.999999969612645e-09,0.010220701,0.46136418,0.59186924,1.5412806484222412,0.41656545,0.37565786,-0.59186924
physics_informed,19,25,313.2,0.90909094,False,3.0000000039720476e-08,0.01032674,0.45062676,0.58043885,1.5115147665023803,0.5407476,0.2306939,-0.58043885
physics_informed,20,25,313.2,1.0,False,6.80000000752301e-08,0.009919768,0.47799984,0.7131596,1.8571316785812377,0.7131596,0.1379298,-0.58291006
physics_informed,21,26,298.15,0.0,False,4.799999997473492e-08,0.012155319,0.75475407,1.9227781,4.7664843814373015,0.1305277,1.9227781,0.2109564
physics_informed,22,26,298.15,0.11111111,False,3.399999992659275e-08,0.01220073,0.7585339,2.0182595,5.003178419685363,0.09681468,2.0182595,0.16052744
physics_informed,23,26,298.15,0.22222222,False,6.600000013179397e-08,0.011690906,0.69254804,1.9902312,4.933697586631775,0.08253224,1.9902312,0.0048806965
physics_informed,24,26,298.15,0.33333334,False,9.599999994946984e-08,0.010788154,0.70354,1.8506551,4.5876943546771995,0.099303946,1.8506551,-0.1606611
physics_informed,25,26,298.15,0.44444445,False,4.100000006168614e-08,0.009954211,0.69756603,1.6727324,4.146631527757644,0.12632628,1.6727324,-0.29363942
physics_informed,26,26,298.15,0.5555556,False,6.200000002287709e-08,0.009390484,0.6913274,1.49069,3.6953564173221585,0.14109555,1.49069,-0.4421966
physics_informed,27,26,298.15,0.6666667,False,3.25000000245268e-08,0.0091191325,0.6905909,1.3073083,3.2407610920906063,0.13925108,1.3073083,-0.62521344
physics_informed,28,26,298.15,0.7777778,False,3.0000000039720476e-08,0.009155059,0.6864112,1.1072446,2.744811932849884,0.124527216,1.1072446,-0.8274619
physics_informed,29,26,298.15,0.8888889,False,3.600000009207349e-08,0.009459401,0.6640635,1.0087053,2.500536874914169,0.11546448,0.8680208,-1.0087053
physics_informed,30,26,298.15,1.0,False,8.399999995578611e-08,0.009840507,0.6207325,1.111549,2.7554822848796845,0.15912431,0.5915242,-1.111549
physics_informed,31,28,313.2,0.0,False,5.599999997052407e-08,0.013055479,0.89869326,2.2052565,5.7426853958129875,0.17164879,2.2052565,0.31917462
physics_informed,32,28,313.2,0.125,False,5.599999997052407e-08,0.013021948,0.7744078,2.2064824,5.745878400421142,0.10470362,2.2064824,-0.012037277
physics_informed,33,28,313.2,0.25,False,8.200000001234997e-08,0.012295458,0.847846,2.0553608,5.3523437187194824,0.06900725,2.0553608,-0.41916996
physics_informed,34,28,313.2,0.375,False,4.9999999918171056e-08,0.011554301,0.86639374,1.8197515,4.738796084976196,0.057055622,1.8197515,-0.72237396
physics_informed,35,28,313.2,0.5,False,3.399999992659275e-08,0.011250066,0.8558577,1.5651736,4.075852460861206,0.032869726,1.5651736,-0.96952975
physics_informed,36,28,313.2,0.625,False,3.500000000933312e-08,0.011446663,0.8395646,1.3023511,3.391439241027832,-0.011083245,1.3023511,-1.2052596
physics_informed,37,28,313.2,0.875,False,2.9999999928698173e-08,0.012912154,0.6762502,1.3697767,3.5670213397979738,-0.013339043,0.64563495,-1.3697767
physics_informed,38,28,313.2,0.75,False,5.7000000053264444e-08,0.012098287,0.81306154,1.3829751,3.601391092300415,-0.051291704,1.0049179,-1.3829751
physics_informed,39,28,313.2,1.0,False,4.0999999950663835e-08,0.013102279,0.5020053,0.9901924,2.578549850463867,0.22925699,0.28656644,-0.9901924
physics_informed,40,31,313.2,0.0,False,5.000000014021566e-08,0.011317652,0.7681515,1.5080822,3.9271812080383297,0.3025642,1.5080822,0.4938082
physics_informed,41,31,313.2,0.09090909,False,1.070000000824578e-07,0.011492555,0.7506516,1.5903997,4.141543527603149,0.25324482,1.5903997,0.4083102
physics_informed,42,31,313.2,0.18181819,False,5.899999999670058e-08,0.011358534,0.69060117,1.6077428,4.186706472015381,0.20909962,1.6077428,0.25496113
physics_informed,43,31,313.2,0.27272728,False,2.9000000068002407e-08,0.011012671,0.60336757,1.5495431,4.035149268722534,0.17763606,1.5495431,0.0829235
physics_informed,44,31,313.2,0.36363637,False,9.99999993922529e-09,0.010648632,0.5570436,1.4431651,3.7581311782836915,0.15694079,1.4431651,-0.071025044
physics_informed,45,31,313.2,0.45454547,False,2.7000000013543968e-08,0.010418827,0.55845815,1.3210585,3.4401548137664797,0.13381696,1.3210585,-0.2204991
physics_informed,46,31,313.2,0.54545456,False,5.100000000091143e-08,0.010367951,0.56241757,1.1980864,3.119924528503418,0.10100299,1.1980864,-0.3881632
physics_informed,47,31,313.2,0.6363636,False,2.3000000126671694e-08,0.010498543,0.56862426,1.0688202,2.7833038845062257,0.060662508,1.0688202,-0.5763901
physics_informed,48,31,313.2,0.72727275,False,3.600000009207349e-08,0.010805154,0.56802243,0.9156529,2.3844422018051143,0.023943126,0.9156529,-0.7644712
physics_informed,49,31,313.2,0.8181818,False,7.999999995789153e-09,0.011223992,0.54915315,0.9080349,2.364604353904724,0.020026505,0.71939796,-0.9080349
physics_informed,50,31,313.2,0.90909094,False,2.0000000100495186e-08,0.0115415575,0.50829977,0.93374634,2.4315591814041135,0.10665369,0.48449916,-0.93374634
physics_informed,51,31,313.2,1.0,False,4.699999989199455e-08,0.011485622,0.4555979,0.77309227,2.0132016517639157,0.34492373,0.24877775,-0.77309227
physics_informed,52,37,313.2,0.0,False,2.5500000111478016e-08,0.0059849955,0.81746215,1.4729466,3.835685048675537,0.67508924,1.4729466,0.30435044
physics_informed,53,37,313.2,0.1,False,9.700000003221021e-08,0.008293052,0.82886904,1.5887561,4.137263288497925,0.5863959,1.5887561,0.311455
physics_informed,54,37,313.2,0.2,False,3.800000003550963e-08,0.008877628,0.8043775,1.6806948,4.376680090713501,0.49624538,1.6806948,0.23619224
physics_informed,55,37,313.2,0.3,False,1.300000000981072e-07,0.009191892,0.7062852,1.6752532,4.362509601974487,0.41078833,1.6752532,0.03281407
physics_informed,56,37,313.2,0.4,False,1.1300000002378852e-07,0.009190593,0.70440006,1.5374744,4.0037213218688965,0.34540755,1.5374744,-0.23031843
physics_informed,57,37,313.2,0.5,False,2.3000000126671694e-08,0.009159373,0.68508834,1.3133264,3.4200197685241696,0.29591954,1.3133264,-0.44601917
physics_informed,58,37,313.2,0.6,False,4.2000000033404206e-08,0.009312581,0.63661915,1.0543065,2.7455087459564207,0.25368947,1.0543065,-0.60186136
physics_informed,59,37,313.2,0.7,False,2.4999999959085528e-08,0.0096890405,0.5647737,0.7733646,2.013910743713379,0.23383367,0.7733646,-0.6871227
physics_informed,60,37,313.2,0.8,False,3.90000000072277e-08,0.010156121,0.45646545,0.6066475,1.5797644186019897,0.29164726,0.4711016,-0.6066475
physics_informed,61,37,313.2,0.9,False,5.799999991396021e-08,0.01034199,0.31193808,0.5109261,1.3304975406646729,0.5109261,0.18893674,-0.23595142
physics_informed,62,37,313.2,1.0,False,6.099999994013672e-08,0.009921428,0.41573521,0.8848486,2.3042250549316403,0.8848486,0.009708732,0.35264826
physics_informed,63,44,298.15,0.0,False,3.050000008109066e-08,0.0116221085,0.8297339,1.9043343,4.720762831449509,0.14609519,1.9043343,0.4387722
physics_informed,64,44,298.15,0.11111111,False,6.699999999248973e-08,0.011589837,0.80348843,1.9994216,4.956480453014374,0.09604311,1.9994216,0.31500044
physics_informed,65,44,298.15,0.22222222,False,3.500000000933312e-08,0.011025133,0.70305365,1.9810424,4.9109187009811395,0.055424616,1.9810424,0.0726939
physics_informed,66,44,298.15,0.33333334,False,8.299999998406804e-08,0.010237737,0.69110066,1.855138,4.598807136631011,0.031582415,1.855138,-0.18658158
physics_informed,67,44,298.15,0.44444445,False,5.4000000027087935e-08,0.009630484,0.70947367,1.6813995,4.16811695985794,0.0030975044,1.6813995,-0.44392407
physics_informed,68,44,298.15,0.5555556,False,3.500000000933312e-08,0.009340615,0.7573805,1.4888896,3.6908931637763978,-0.047301173,1.4888896,-0.7359507
physics_informed,69,44,298.15,0.6666667,False,3.800000003550963e-08,0.009388262,0.8079173,1.2627145,3.130215028095245,-0.11184746,1.2627145,-1.0491897
physics_informed,70,44,298.15,0.7777778,False,3.800000003550963e-08,0.009723658,0.80472535,1.3046359,3.234136301088333,-0.14731431,0.96222574,-1.3046359
physics_informed,71,44,298.15,0.8888889,False,5.650000001189426e-08,0.0100275865,0.6504763,1.331501,3.3007336625099177,-0.034650564,0.5852774,-1.331501
physics_informed,72,44,298.15,1.0,False,2.800000009628434e-08,0.009811732,0.51675683,0.95715094,2.37273604388237,0.3658669,0.22725278,-0.95715094
physics_informed,73,63,298.15,0.0,False,9.599999994946984e-08,0.012609724,0.7705245,1.9330332,4.791906188774108,0.077392444,1.9330332,0.3011479
physics_informed,74,63,298.15,0.11111111,False,9.09999999798572e-08,0.012957859,0.7017494,1.9793279,4.906668985271454,-0.0025953352,1.9793279,0.1233249
physics_informed,75,63,298.15,0.22222222,False,3.599999987002889e-08,0.012707961,0.7162319,1.8877249,4.679588983392715,-0.071768194,1.8877249,-0.18920258
physics_informed,76,63,298.15,0.33333334,False,2.099999996119095e-08,0.012261419,0.7634658,1.6819882,4.169576466798782,-0.123044014,1.6819882,-0.48536515
physics_informed,77,63,298.15,0.44444445,False,5.5000000109828306e-08,0.012065975,0.78050923,1.4304361,3.545989686536789,-0.17251262,1.4304361,-0.7385789
physics_informed,78,63,298.15,0.5555556,False,3.600000009207349e-08,0.012240884,0.78578156,1.1612426,2.8786705849170686,-0.22138053,1.1612426,-0.97472143
physics_informed,79,63,298.15,0.6666667,False,4.699999989199455e-08,0.01274138,0.75022674,1.1462538,2.8415138640880584,-0.23911494,0.8653115,-1.1462538
physics_informed,80,63,298.15,0.7777778,False,1.4999999908837935e-08,0.013287919,0.5990378,1.1145434,2.7629052126407623,-0.1490637,0.5335064,-1.1145434
physics_informed,81,63,298.15,0.8888889,False,6.50000000490536e-08,0.013325278,0.3703222,0.7429805,1.841816723012924,0.13892722,0.22905886,-0.7429805
physics_informed,82,63,298.15,1.0,False,5.899999999670058e-08,0.012527315,0.2577733,0.58701575,1.455186851477623,0.58701575,0.038801253,-0.1475029
physics_informed,83,85,313.2,0.0,False,9.299999992329333e-08,0.013864763,0.50849074,1.3036525,3.3948281867980956,0.15625219,1.3036525,0.06556745
physics_informed,84,85,313.2,0.083333336,False,3.500000000933312e-08,0.013969865,0.49061346,1.3127868,3.418614727020264,0.12923478,1.3127868,0.029818833
physics_informed,85,85,313.2,0.16666667,False,1.1699999991066079e-07,0.0137854535,0.46511427,1.2474858,3.248564680480957,0.11607915,1.2474858,-0.031777814
physics_informed,86,85,313.2,0.25,False,7.999999995789153e-08,0.013468568,0.445942,1.1319004,2.947570381164551,0.114710495,1.1319004,-0.09121519
physics_informed,87,85,313.2,0.33333334,False,4.9999999918171056e-08,0.01322171,0.4170117,0.99840236,2.5999292415618895,0.116460845,0.99840236,-0.1361719
physics_informed,88,85,313.2,0.41666666,False,5.4000000027087935e-08,0.013189706,0.38418174,0.86629725,2.2559157016754146,0.11288598,0.86629725,-0.17336199
physics_informed,89,85,313.2,0.5,False,3.7999999924487327e-08,0.013408687,0.35279918,0.74136156,1.9305719793319702,0.10293372,0.74136156,-0.21410221
physics_informed,90,85,313.2,0.5833333,False,6.699999999248973e-08,0.013900224,0.32529107,0.6214174,1.6182266830444334,0.08937119,0.6214174,-0.26508462
physics_informed,91,85,313.2,0.6666667,False,7.999999995789153e-08,0.014633858,0.30563036,0.5073553,1.3211986988067626,0.08032431,0.5073553,-0.32921153
physics_informed,92,85,313.2,0.75,False,6.200000002287709e-08,0.015460453,0.30314434,0.41506934,1.0808778342247007,0.08999288,0.40437075,-0.41506934
physics_informed,93,85,313.2,0.8333333,False,8.299999998406804e-08,0.016097253,0.33121726,0.5412921,1.409573091316223,0.1289098,0.32344994,-0.5412921
physics_informed,94,85,313.2,0.9166667,False,7.400000001656082e-08,0.012427476,0.39199892,0.71805954,1.8698914506912232,0.1927051,0.2652321,-0.71805954
physics_informed,95,85,313.2,1.0,False,6.350000003596534e-08,0.0090382965,0.46889493,0.9190291,2.393234314727783,0.2691446,0.21851103,-0.9190291
physics_informed,96,128,328.15,0.0,False,5.20000000836518e-08,0.006886364,0.1774267,0.223978,0.6110995184361934,0.223978,0.18121862,0.12708348
physics_informed,97,128,328.15,0.11111111,False,8.10000000406319e-08,0.016191244,0.19509034,0.2885449,0.7872632781386375,0.17072251,0.2885449,0.12600356
physics_informed,98,128,328.15,0.22222222,False,1.1399999999550658e-07,0.016456272,0.1818034,0.29144835,0.7951850148439408,0.14556238,0.29144835,0.108399495
physics_informed,99,128,328.15,0.33333334,False,3.699999995276926e-08,0.016429977,0.14730053,0.19715941,0.5379279590606688,0.14352328,0.19715941,0.10121888
physics_informed,100,128,328.15,0.44444445,False,6.900000004694817e-08,0.016753763,0.10981476,0.14150825,0.386089821511507,0.14150825,0.07116592,0.11677012
physics_informed,101,128,328.15,0.5555556,False,4.600000003129878e-08,0.017748434,0.114017256,0.14738518,0.40212438893318175,0.13512054,-0.059546053,0.14738518
physics_informed,102,128,328.15,0.6666667,False,3.3000000065896984e-08,0.014972302,0.18253039,0.19744879,0.5387174883186817,0.15492071,-0.19744879,0.19522166
physics_informed,103,128,328.15,0.7777778,False,7.900000009719577e-08,0.010518688,0.27511856,0.31117192,0.848998653101921,0.2577253,-0.31117192,0.2564584
physics_informed,104,128,328.15,0.8888889,False,2.399999998736746e-08,0.006600014,0.35952353,0.44021538,1.2010796475410461,0.44021538,-0.3547544,0.2836008
physics_informed,105,128,328.15,1.0,False,1.3999999937119867e-08,0.003900135,0.41496372,0.6263999,1.709063781404495,0.6263999,-0.34403986,0.2744515
physics_informed,106,132,313.2,0.0,False,5.4999999998806004e-08,0.005357011,0.4264666,0.9325824,2.428528216552734,0.31280714,0.9325824,-0.034010414
physics_informed,107,132,313.2,0.09090909,False,4.600000003129878e-08,0.012162866,0.44610167,1.0647829,2.7727899684906006,0.27005723,1.0647829,0.003464885
physics_informed,108,132,313.2,0.18181819,False,7.499999998827889e-08,0.0123783415,0.45638385,1.1283543,2.9383357578277587,0.23461498,1.1283543,-0.006182283
physics_informed,109,132,313.2,0.27272728,False,2.7000000013543968e-08,0.012234796,0.4538536,1.0833027,2.82101748046875,0.21927884,1.0833027,-0.058979243
physics_informed,110,132,313.2,0.36363637,False,6.80000000752301e-08,0.011908247,0.43333456,0.96224666,2.5057765262603757,0.22312248,0.96224666,-0.11463454
physics_informed,111,132,313.2,0.45454547,False,5.900000010772288e-08,0.0117365625,0.40053353,0.82222813,2.1411558603286744,0.22804749,0.82222813,-0.15132499
physics_informed,112,132,313.2,0.54545456,False,7.999999995789153e-08,0.0118745165,0.36603674,0.69048434,1.7980831964492798,0.2235337,0.69048434,-0.1840921
physics_informed,113,132,313.2,0.6363636,False,1.8000000046036746e-08,0.012397881,0.33686528,0.57137257,1.4879053499221802,0.20836546,0.57137257,-0.23085785
physics_informed,114,132,313.2,0.72727275,False,8.400000006680841e-08,0.013106707,0.32932606,0.46960586,1.2228958242416381,0.20332035,0.46960586,-0.31505197
physics_informed,115,132,313.2,0.8181818,False,6.399999996631323e-08,0.013686524,0.36512938,0.47144592,1.2276874966621398,0.22685434,0.39708787,-0.47144592
physics_informed,116,132,313.2,0.90909094,False,2.8999999956980105e-08,0.010136599,0.45273837,0.72329307,1.883519964981079,0.28285918,0.35206282,-0.72329307
physics_informed,117,132,313.2,1.0,False,5.179999995608142e-08,0.0068717482,0.5601278,1.007715,2.6241802459716794,0.35974222,0.3129261,-1.007715
physics_informed,118,137,328.15,0.0,False,7.699999993171502e-08,0.0023950667,0.70029616,1.5564177,4.246515915107727,0.402193,-1.5564177,0.14227767
physics_informed,119,137,328.15,0.16666667,False,3.199999998315661e-08,0.010859434,0.5629285,0.93882394,2.5614787338256835,0.47731242,-0.93882394,0.27264902
physics_informed,120,137,328.15,0.33333334,False,3.9999999978945766e-08,0.0129157705,0.23485787,0.38659883,1.0547927029967306,0.38659883,-0.17164254,0.1463323
physics_informed,121,137,328.15,0.5,False,7.400000012758312e-08,0.013686644,0.25459436,0.32297736,0.8812085364103317,0.32297736,0.27148896,-0.16931671
physics_informed,122,137,328.15,0.6666667,False,2.999999981767587e-08,0.0132514,0.48273847,0.6960298,1.899041349673271,0.32724762,0.424938,-0.6960298
physics_informed,123,137,328.15,0.8333333,False,3.9800000073419994e-08,0.0071832202,0.7998993,1.5303214,4.175314873361587,0.43023664,0.43913975,-1.5303214
physics_informed,124,137,328.15,1.0,False,2.4500000028737645e-08,0.0033974845,0.97028655,1.9859524,5.418454449653625,0.58508253,0.3398247,-1.9859524
physics_informed,125,161,328.2,0.0,False,5.4000000027087935e-08,0.018945806,0.24095368,0.38114834,1.0400800901412963,0.0577228,0.38114834,0.28398988
physics_informed,126,161,328.2,0.071428575,False,9.09999999798572e-08,0.01981748,0.23304027,0.3855734,1.0521552376270296,0.017441086,0.3855734,0.29610634
physics_informed,127,161,328.2,0.14285715,False,9.000000011916143e-08,0.02042537,0.21799056,0.3417182,0.9324828944206238,-0.010883659,0.3417182,0.30136985
physics_informed,128,161,328.2,0.21428572,False,1.7000000074318677e-08,0.020760013,0.19938774,0.30598837,0.8349831032752991,-0.023948014,0.26822686,0.30598837
physics_informed,129,161,328.2,0.2857143,False,7.199999996210238e-08,0.020966848,0.17759645,0.31375018,0.8561635365486145,-0.025646329,0.19339287,0.31375018
physics_informed,130,161,328.2,0.35714287,False,1.199999999368373e-08,0.021219138,0.15901768,0.32185692,0.8782853050231934,-0.022523716,0.13267243,0.32185692
physics_informed,131,161,328.2,0.42857143,False,5.7000000053264444e-08,0.021686757,0.14453526,0.32429203,0.8849302864551544,-0.020428807,0.08888495,0.32429203
physics_informed,132,161,328.2,0.5,False,4.4000000087862645e-08,0.022534944,0.13203028,0.3130992,0.8543872065067291,-0.022689372,0.060302258,0.3130992
physics_informed,133,161,328.2,0.5714286,False,3.0000000039720476e-08,0.023700928,0.11562702,0.27599034,0.7531242655277253,-0.023794949,0.047095776,0.27599034
physics_informed,134,161,328.2,0.64285713,False,2.4999999959085528e-08,0.025167005,0.08895948,0.19677907,0.5369720283508301,-0.01914519,0.050954163,0.19677907
physics_informed,135,161,328.2,0.71428573,False,7.000000001866624e-08,0.026616175,0.042191625,0.07066965,0.1928438229560852,0.00085908175,0.07066965,0.05504614
physics_informed,136,161,328.2,0.78571427,False,8.10000000406319e-08,0.027609149,0.102829814,0.16796982,0.45835715847015385,0.042825878,0.09769374,-0.16796982
physics_informed,137,161,328.2,0.85714287,False,4.699999989199455e-08,0.022258751,0.22833979,0.464651,1.2679426780700682,0.103315234,0.11705312,-0.464651
physics_informed,138,161,328.2,0.9285714,False,6.899999993592587e-08,0.01689743,0.36015344,0.7886076,2.15195768623352,0.17463803,0.117214754,-0.7886076
physics_informed,139,161,328.2,1.0,False,5.2999999944347564e-08,0.012588905,0.4710766,1.0638416,2.903017978477478,0.24988759,0.09950066,-1.0638416
physics_informed,140,164,313.2,0.0,False,6.399999996631323e-08,0.006800547,0.7325368,1.2584181,3.2770334976196285,0.5854382,1.2584181,0.353754
physics_informed,141,164,313.2,0.1,False,9.500000008877407e-08,0.009251447,0.74074143,1.4059777,3.661292037963867,0.48634112,1.4059777,0.32990527
physics_informed,142,164,313.2,0.2,False,5.599999997052407e-08,0.0100323865,0.7071449,1.5212517,3.961475690460205,0.3820351,1.5212517,0.2181479
physics_informed,143,164,313.2,0.3,False,9.249999999294545e-08,0.0105120875,0.61468196,1.5292115,3.982203935623169,0.2822892,1.5292115,-0.03254506
physics_informed,144,164,313.2,0.4,False,6.099999994013672e-08,0.010700939,0.6481578,1.4035914,3.6550777759552,0.20103599,1.4035914,-0.339846
physics_informed,145,164,313.2,0.5,False,1.1400000010652889e-07,0.010950061,0.63916045,1.1956029,3.113457275390625,0.13458526,1.1956029,-0.5872933
physics_informed,146,164,313.2,0.6,False,4.19999999223819e-08,0.011496058,0.59411436,0.9442031,2.4587894771575924,0.07895553,0.9442031,-0.7591846
physics_informed,147,164,313.2,0.7,False,5.4000000027087935e-08,0.012282504,0.5094525,0.81111205,2.112208540534973,0.070396006,0.6468495,-0.81111205
physics_informed,148,164,313.2,0.8,False,3.299999995487468e-08,0.012867079,0.37817505,0.6038902,1.5725841905593874,0.19676942,0.3338656,-0.6038902
physics_informed,149,164,313.2,0.9,False,3.700000006379156e-08,0.012752703,0.2343098,0.5006211,1.3036622634887693,0.5006211,0.09753293,-0.10477543
physics_informed,150,164,313.2,1.0,False,2.9999999928698173e-08,0.00797566,0.4315686,0.87500536,2.2785924562454225,0.87500536,-0.012723699,0.4069767
physics_informed,151,191,298.15,0.11111111,False,3.149999994178643e-08,0.0096778115,0.6155065,1.6071451,3.984043648767471,0.15118504,1.6071451,-0.088189274
physics_informed,152,191,298.15,0.33333334,False,2.4999999959085528e-08,0.010149025,0.5693007,1.3378856,3.316561052799224,0.07777786,1.3378856,-0.29223877
physics_informed,153,191,298.15,0.44444445,False,5.599999997052407e-08,0.010677516,0.5444141,1.2144372,3.0105377336502075,0.025369704,1.2144372,-0.39343536
physics_informed,154,191,298.15,0.6666667,False,3.9999999978945766e-08,0.012251625,0.5626409,0.9882202,2.449755530261993,-0.091561794,0.9882202,-0.6081407
physics_informed,155,191,298.15,0.8888889,False,2.60000000418259e-08,0.014335865,0.5914452,0.8180411,2.0278886458873746,-0.18887103,0.7674235,-0.8180411
physics_informed,156,191,298.15,0.0,False,4.499999994855841e-08,0.009680025,0.65563446,1.7377226,4.307739711809157,0.17863974,1.7377226,0.05054106
physics_informed,157,191,298.15,0.22222222,False,3.0000000039720476e-08,0.009807002,0.5944744,1.4688514,3.641219599962234,0.12075439,1.4688514,-0.19381738
physics_informed,158,191,298.15,0.5555556,False,6.399999996631323e-08,0.011380284,0.54314923,1.097415,2.7204444508075714,-0.03246081,1.097415,-0.49957186
physics_informed,159,191,298.15,0.7777778,False,3.9999999978945766e-08,0.013242642,0.5811711,0.88012314,2.1817874400138852,-0.14537627,0.88012314,-0.718014
physics_informed,160,191,298.15,1.0,False,2.0000000100495186e-08,0.015374413,0.57899696,0.8887918,2.2032767106771467,-0.20821166,0.63998747,-0.8887918
physics_informed,161,199,298.15,0.0,False,3.600000009207349e-08,0.010037962,0.7312376,1.462714,3.626004958057403,0.22015455,1.462714,0.5108441
physics_informed,162,199,298.15,0.11111111,False,6.000000007944095e-08,0.0100494865,0.6491781,1.4415634,3.573573600006103,0.18180554,1.4415634,0.32416537
physics_informed,163,199,298.15,0.22222222,False,6.299999988357285e-08,0.010020654,0.55515844,1.3441966,3.3322056137561793,0.15195161,1.3441966,0.16932711
physics_informed,164,199,298.15,0.33333334,False,4.499999994855841e-08,0.010181124,0.46953845,1.2112563,3.0026521879673003,0.11637342,1.2112563,0.080985665
physics_informed,165,199,298.15,0.44444445,False,5.1999999972629496e-08,0.010632548,0.3901553,1.0726103,2.6589546528339385,0.06574969,1.0726103,0.032105923
physics_informed,166,199,298.15,0.5555556,False,3.0000000039720476e-08,0.011388506,0.31369308,0.9373684,2.323695985126495,0.001114279,0.9373684,-0.0025966167
physics_informed,167,199,298.15,0.6666667,False,2.7000000013543968e-08,0.012420527,0.2956182,0.7984328,1.9792806387186048,-0.06878397,0.7984328,-0.019637823
physics_informed,168,199,298.15,0.7777778,False,5.999999996841865e-08,0.013644056,0.260317,0.6393535,1.5849298532009122,-0.12738723,0.6393535,0.014210224
physics_informed,169,199,298.15,0.8888889,False,5.1999999861607193e-08,0.014821548,0.25299287,0.45865512,1.1369863310813904,-0.14559484,0.45865512,0.15472865
physics_informed,170,199,298.15,1.0,False,6.000000007944095e-08,0.015637517,0.27380982,0.44870853,1.1123291797041892,-0.09344226,0.27927864,0.44870853
physics_informed,171,206,298.15,0.0,False,6.299999999459516e-08,0.0053270017,0.66827273,1.5952845,3.9546416781425475,0.3012285,1.5952845,-0.10830526
physics_informed,172,206,298.15,0.11111111,False,6.200000002287709e-08,0.01009379,0.69866174,1.6812856,4.167834896564484,0.27471393,1.6812856,-0.13998565
physics_informed,173,206,298.15,0.22222222,False,5.4000000027087935e-08,0.009834936,0.7106529,1.6370451,4.0581645936012265,0.26646817,1.6370451,-0.2284453
physics_informed,174,206,298.15,0.33333334,False,2.60000000418259e-08,0.009416533,0.6818363,1.4597764,3.618723061943054,0.2719148,1.4597764,-0.3138175
physics_informed,175,206,298.15,0.44444445,False,5.899999999670058e-08,0.009209931,0.6138393,1.2236476,3.0333697905063626,0.26614833,1.2236476,-0.35172212
physics_informed,176,206,298.15,0.5555556,False,8.10000000406319e-08,0.009350275,0.5197399,0.97709036,2.4221650770187377,0.23905414,0.97709036,-0.34307534
physics_informed,177,206,298.15,0.6666667,False,3.90000000072277e-08,0.009811353,0.40413618,0.7329278,1.8168964879035947,0.20194142,0.7329278,-0.27753925
physics_informed,178,206,298.15,0.7777778,False,1.000000082740371e-09,0.009047809,0.26479706,0.49105442,1.217302858710289,0.18829003,0.49105442,-0.11504674
physics_informed,179,206,298.15,0.8888889,False,1.9000000017754815e-08,0.006659955,0.23613554,0.2952925,0.7320174406409263,0.2433439,0.2952925,0.16977024
physics_informed,180,206,298.15,1.0,False,1.7999999935014444e-08,0.004450278,0.35387444,0.49834228,1.2353691263914106,0.37146008,0.19182092,0.49834228
physics_informed,181,211,298.15,0.0,False,3.9399999929301543e-08,0.0077071954,0.48897287,1.3148689,3.2595035155296324,0.12256523,1.3148689,0.029484358
physics_informed,182,211,298.15,0.11111111,False,7.700000004273733e-08,0.012044888,0.5321401,1.4520297,3.5995191579341888,0.11692053,1.4520297,0.027469993
physics_informed,183,211,298.15,0.22222222,False,5.4000000027087935e-08,0.011984235,0.55336875,1.470217,3.6446046438217157,0.07881664,1.470217,-0.11107269
physics_informed,184,211,298.15,0.33333334,False,3.699999995276926e-08,0.01174264,0.5630791,1.3630061,3.3788336332798004,0.04787609,1.3630061,-0.27835515
physics_informed,185,211,298.15,0.44444445,False,5.20000000836518e-08,0.011637915,0.5279882,1.1873232,2.9433233587741854,0.018991396,1.1873232,-0.37765002
physics_informed,186,211,298.15,0.5555556,False,2.8999999956980105e-08,0.011951141,0.4741007,0.991889,2.45885008111,-0.023700282,0.991889,-0.4067129
physics_informed,187,211,298.15,0.6666667,False,9.800000011495058e-08,0.012738368,0.40776896,0.77997756,1.933530797100067,-0.07682936,0.77997756,-0.3664999
physics_informed,188,211,298.15,0.7777778,False,8.849999999505087e-08,0.0116055515,0.2772562,0.5304974,1.3150801562547683,-0.10945451,0.5304974,-0.19181669
physics_informed,189,211,298.15,0.8888889,False,4.19999999223819e-08,0.009155732,0.18547891,0.26315582,0.652351975941658,-0.0656901,0.26315582,0.2275908
physics_informed,190,211,298.15,1.0,False,1.8299999959836555e-08,0.0066371183,0.35045555,0.9160466,2.270840252614021,0.08627695,0.04904312,0.9160466
physics_informed,191,220,298.15,0.0,False,7.499999998827889e-08,0.00736871,0.7955361,1.730948,4.290945572328567,0.5404264,1.730948,-0.11523415
physics_informed,192,220,298.15,0.125,False,7.499999998827889e-08,0.0077676615,0.83610755,1.8242569,4.522254533243179,0.45717204,1.8242569,-0.22689392
physics_informed,193,220,298.15,0.25,False,7.999999995789153e-08,0.0078229355,0.8652911,1.7618642,4.36758575181961,0.4091172,1.7618642,-0.42489192
physics_informed,194,220,298.15,0.375,False,4.3000000005122274e-08,0.007900087,0.8474689,1.610071,3.991296826744079,0.37076044,1.610071,-0.5615754
physics_informed,195,220,298.15,0.5,False,7.399999990553852e-08,0.008294334,0.79238987,1.4374206,3.563303880214691,0.30973938,1.4374206,-0.6300096
physics_informed,196,220,298.15,0.625,False,4.000000108916879e-09,0.009066846,0.72105247,1.2632139,3.1314530357360835,0.22205748,1.2632139,-0.67788625
physics_informed,197,220,298.15,0.75,False,6.699999999248973e-08,0.010239483,0.63270044,1.0792265,2.6753561215400694,0.11679,1.0792265,-0.7020848
physics_informed,198,220,298.15,0.875,False,5.20000000836518e-08,0.011721468,0.50833684,0.8599025,2.131661352276802,0.017754182,0.8599025,-0.6473539
physics_informed,199,220,298.15,1.0,False,3.8999999896205395e-08,0.012880396,0.35019562,0.608815,1.509226283073425,-0.029873207,0.608815,-0.4118986
physics_informed,200,224,333.0,0.0,False,4.000000108916879e-09,0.010768019,0.47965753,0.8575859,2.3744118275642396,0.52571476,0.8575859,-0.055671915
physics_informed,201,224,333.0,0.11111111,False,4.999999969612645e-09,0.010535699,0.5235648,0.9686017,2.6817831659317015,0.51070213,0.9686017,-0.091390654
physics_informed,202,224,333.0,0.22222222,False,6.199999991185479e-08,0.010329118,0.5583509,0.9861467,2.730360168457031,0.49073172,0.9861467,-0.19817433
physics_informed,203,224,333.0,0.33333334,False,5.49999998877837e-08,0.010181335,0.5646052,0.93800783,2.5970774087905886,0.4770019,0.93800783,-0.27880585
physics_informed,204,224,333.0,0.44444445,False,5.7000000053264444e-08,0.010251543,0.5447564,0.8669436,2.4003205890655517,0.45747584,0.8669436,-0.3098498
physics_informed,205,224,333.0,0.5555556,False,3.0000000039720476e-08,0.01057913,0.5136774,0.79502106,2.2011875252723696,0.42429626,0.79502106,-0.32171488
physics_informed,206,224,333.0,0.6666667,False,7.000000001866624e-08,0.01111947,0.4802114,0.7274928,2.014221021652222,0.38062775,0.7274928,-0.33251363
physics_informed,207,224,333.0,0.7777778,False,5.899999999670058e-08,0.011836117,0.44656602,0.66323525,1.836310127735138,0.33132622,0.66323525,-0.34513664
physics_informed,208,224,333.0,0.8888889,False,4.700000000301685e-08,0.012711006,0.41085324,0.5970313,1.653010169506073,0.28116566,0.5970313,-0.35436273
physics_informed,209,224,333.0,1.0,False,2.7000000013543968e-08,0.013756961,0.36453977,0.51458526,1.424740526676178,0.23667178,0.51458526,-0.34236228
physics_informed,210,254,348.2,0.0,False,3.699999995276926e-08,0.005122903,0.33441567,0.78861165,2.2831062791824337,0.07840495,0.78861165,0.13623035
physics_informed,211,254,348.2,0.1,False,6.200000002287709e-08,0.012515222,0.3345693,0.8646326,2.50319423789978,0.03020395,0.8646326,0.108871356
physics_informed,212,254,348.2,0.2,False,1.5000000019860238e-08,0.02591149,0.315693,0.87476134,2.5325179580688477,-0.032950792,0.87476134,0.039366752
physics_informed,213,254,348.2,0.3,False,7.699999993171502e-08,0.02721244,0.31134963,0.7935841,2.2975021516799923,-0.09014563,0.7935841,-0.050319165
physics_informed,214,254,348.2,0.4,False,6.199999991185479e-08,0.024093388,0.30696884,0.63837385,1.8481534812927245,-0.14124773,0.63837385,-0.14128491
physics_informed,215,254,348.2,0.5,False,3.600000009207349e-08,0.01972033,0.28635406,0.45232147,1.309514006614685,-0.17543724,0.45232147,-0.23130345
physics_informed,216,254,348.2,0.6,False,1.2000000104706032e-08,0.014449139,0.26975054,0.34891582,1.010144728422165,-0.14634521,0.31399056,-0.34891582
physics_informed,217,254,348.2,0.7,False,7.000000001866624e-08,0.009574326,0.29460064,0.5679916,1.6443902201652527,-0.04788722,0.26792306,-0.5679916
physics_informed,218,254,348.2,0.8,False,6.049999989876653e-08,0.0060189595,0.38227856,0.83006895,2.4031292759895324,0.063178584,0.25358814,-0.83006895
physics_informed,219,254,348.2,0.9,False,1.5799999975030232e-08,0.0037377342,0.45584616,0.9636538,2.7898700803756715,0.17146757,0.2324171,-0.9636538
physics_informed,220,254,348.2,1.0,False,6.599999990974936e-08,0.0023720996,0.47808936,0.95013404,2.7507292265892027,0.2764859,0.20764819,-0.95013404
physics_informed,221,300,298.15,0.0,False,7.699999993171502e-08,0.011484456,0.6437934,1.5821266,3.9220238447666165,0.15403888,1.5821266,-0.19521469
physics_informed,222,300,298.15,0.14285715,False,1.2999999965401798e-08,0.010352393,0.6994838,1.5954709,3.955103727388382,0.1904524,1.5954709,-0.3125282
physics_informed,223,300,298.15,0.2857143,False,2.2000000043931323e-08,0.009224541,0.70687085,1.4705166,3.6453473346710203,0.24342744,1.4705166,-0.40666854
physics_informed,224,300,298.15,0.42857143,False,6.699999999248973e-08,0.008696467,0.6757447,1.3023847,3.2285558835506434,0.25930303,1.3023847,-0.46554625
physics_informed,225,300,298.15,0.5714286,False,3.399999992659275e-08,0.008829155,0.61874014,1.1179471,2.771342942714691,0.2204848,1.1179471,-0.5177887
physics_informed,226,300,298.15,0.71428573,False,5.000000002919336e-08,0.00956645,0.50732,0.86627877,2.147467843723297,0.14510405,0.86627877,-0.5105772
physics_informed,227,300,298.15,0.85714287,False,6.599999990974936e-08,0.009901764,0.28312805,0.49833578,1.2353529191255568,0.11470145,0.49833578,-0.23634696
physics_informed,228,300,298.15,1.0,False,6.52999998518311e-08,0.0063486053,0.3187053,0.557925,1.3830720533847807,0.26346493,0.13472596,0.557925
physics_informed,229,301,298.15,0.0,False,6.300000010561746e-08,0.008805062,0.4423053,0.8792815,2.1797011099576946,0.25919306,0.8792815,0.18844128
physics_informed,230,301,298.15,0.16666667,False,3.399999992659275e-08,0.009817928,0.48010516,1.0356255,2.567271002912521,0.2567475,1.0356255,0.14794256
physics_informed,231,301,298.15,0.33333334,False,4.600000003129878e-08,0.008938141,0.461903,0.97283363,2.4116127252578736,0.295364,0.97283363,0.11751142
physics_informed,232,301,298.15,0.5,False,3.500000000933312e-08,0.008638128,0.41707692,0.82008255,2.0329494357347486,0.29640377,0.82008255,0.1347444
physics_informed,233,301,298.15,0.6666667,False,7.100000010140661e-08,0.009192293,0.34412372,0.60825086,1.5078277666330338,0.22867486,0.60825086,0.19544542
physics_informed,234,301,298.15,0.8333333,False,5.599999997052407e-08,0.010461214,0.29789007,0.51311564,1.2719915761232377,0.16175875,0.21879578,0.51311564
physics_informed,235,301,298.15,1.0,False,8.199999990132767e-08,0.007994734,0.7173137,1.585021,3.929199114131927,0.3358074,-0.2311126,1.585021
physics_informed,236,303,298.15,0.0,False,6.899999993592587e-08,0.006930974,0.53652215,1.1217647,2.780806279945373,0.24905933,1.1217647,0.23874244
physics_informed,237,303,298.15,0.14285715,False,1.4999999908837935e-08,0.010149435,0.56674075,1.2741594,3.158586557817459,0.24450532,1.2741594,0.18155754
physics_informed,238,303,298.15,0.2857143,False,7.199999996210238e-08,0.009810709,0.51327556,1.2304506,3.0502341614723205,0.23848458,1.2304506,0.07089153
physics_informed,239,303,298.15,0.42857143,False,1.1000000021965661e-08,0.009793419,0.43585396,1.0763491,2.668223218536377,0.21668062,1.0763491,0.014532149
physics_informed,240,303,298.15,0.5714286,False,1.069999999714355e-07,0.010554084,0.34368014,0.87739277,2.1750189161539075,0.14380309,0.87739277,0.009844482
physics_informed,241,303,298.15,0.71428573,False,7.000000001866624e-08,0.01210323,0.25164106,0.6116699,1.5163034558296202,0.04725656,0.6116699,0.09599674
physics_informed,242,303,298.15,0.85714287,False,4.800000008575722e-08,0.009598652,0.25112316,0.37737083,0.9354860862970352,0.026072025,0.34992662,0.37737083
physics_informed,243,303,298.15,1.0,False,2.7999999985262036e-08,0.005730564,0.35418972,0.74186754,1.8390577914237973,0.09542851,0.22527312,0.74186754
physics_informed,244,305,313.15,0.0,False,3.299999995487468e-08,0.007466377,0.6035045,1.2749872,3.3196511335372922,0.48575792,1.2749872,-0.04976836
physics_informed,245,305,313.15,0.125,False,1.999999987845058e-08,0.00927282,0.65683335,1.3815291,3.597051462507248,0.4723547,1.3815291,-0.116616294
physics_informed,246,305,313.15,0.25,False,6.849999989455569e-08,0.0091544865,0.67389685,1.333395,3.4717258804798123,0.45251358,1.333395,-0.23578212
physics_informed,247,305,313.15,0.375,False,6.649999995111955e-08,0.009213698,0.63736224,1.1818793,3.0772284831523895,0.422719,1.1818793,-0.3074885
physics_informed,248,305,313.15,0.5,False,5.100000000091143e-08,0.009766971,0.5531379,0.9869031,2.5695737174034115,0.3581147,0.9869031,-0.3143959
physics_informed,249,305,313.15,0.625,False,7.600000007101926e-08,0.010913374,0.41272357,0.73998237,1.9266728934049604,0.2638437,0.73998237,-0.23434472
physics_informed,250,305,313.15,0.75,False,3.9999999867923464e-08,0.00862596,0.23007727,0.4390973,1.1432661593437194,0.195506,0.4390973,0.055628538
physics_informed,251,305,313.15,0.875,False,2.399999998736746e-08,0.005743041,0.34933665,0.64498067,1.6793193465948104,0.21603963,0.18698972,0.64498067
physics_informed,252,305,313.15,1.0,False,6.780000005868203e-08,0.0035663878,0.5629035,1.3251185,3.450176689434051,0.29394162,0.06965041,1.3251185
physics_informed,253,323,298.15,0.0,False,6.599999990974936e-08,0.011295024,0.6255021,0.8905308,2.2075877012252803,0.21220046,-0.8905308,0.7737751
physics_informed,254,323,298.15,0.1,False,1.1199999994104815e-07,0.009678675,0.44805846,0.74843204,1.8553308815240859,0.3134868,-0.28225648,0.74843204
physics_informed,255,323,298.15,0.2,False,5.300000005536987e-08,0.008553769,0.39501533,0.6928369,1.7175128228425978,0.38433352,0.107875586,0.6928369
physics_informed,256,323,298.15,0.3,False,6.50000000490536e-08,0.0076541514,0.46480033,0.63269114,1.5684142227888105,0.45398247,0.30772734,0.63269114
physics_informed,257,323,298.15,0.4,False,8.900000003642106e-08,0.0070840265,0.49883738,0.5766068,1.429383462548256,0.5054792,0.41442615,0.5766068
physics_informed,258,323,298.15,0.5,False,4.9999999918171056e-08,0.0068271114,0.50996923,0.5292939,1.3120968819856644,0.5292939,0.48368245,0.5169313
physics_informed,259,323,298.15,0.6,False,5.799999991396021e-08,0.0068687606,0.49994692,0.53736436,1.3321031878232954,0.52250963,0.53736436,0.43996674
physics_informed,260,323,298.15,0.7,False,2.399999998736746e-08,0.0071669403,0.4667023,0.5894883,1.4613161835193633,0.49443492,0.5894883,0.31618363
physics_informed,261,323,298.15,0.8,False,9.99999993922529e-09,0.0075759166,0.4057375,0.6452222,1.5994781490087506,0.47284743,0.6452222,0.09914279
physics_informed,262,323,298.15,0.9,False,2.7999999985262036e-08,0.007853662,0.47688302,0.69442666,1.721453889656067,0.48421448,0.69442666,-0.25200796
physics_informed,263,323,298.15,1.0,False,5.699999983121984e-08,0.007830696,0.6424539,0.7157663,1.7743539788961409,0.5224253,0.7157663,-0.6891701
physics_informed,264,337,298.15,0.0,False,9.999999994736442e-08,0.011647344,0.8346289,1.807581,4.480915484809875,0.122997895,1.807581,0.5733078
physics_informed,265,337,298.15,0.09090909,False,6.50000000490536e-08,0.011825095,0.77485996,1.8338349,4.545997893381118,0.069751665,1.8338349,0.42099348
physics_informed,266,337,298.15,0.18181819,False,3.499999989831082e-08,0.011655251,0.68279433,1.788876,4.434546781539917,0.03030476,1.788876,0.22920209
physics_informed,267,337,298.15,0.27272728,False,3.0000000039720476e-08,0.011320032,0.5767907,1.6807827,4.166588074445724,0.0052811205,1.6807827,0.04430832
physics_informed,268,337,298.15,0.36363637,False,3.9999999978945766e-08,0.011079719,0.5590741,1.5389017,3.8148710704326625,-0.01875192,1.5389017,-0.119568706
physics_informed,269,337,298.15,0.45454547,False,2.500000007010783e-08,0.011024645,0.571144,1.384354,3.431754052686691,-0.051312625,1.384354,-0.27776542
physics_informed,270,337,298.15,0.54545456,False,6.79999998531855e-08,0.011181668,0.58564526,1.2246414,3.03583357925415,-0.09395754,1.2246414,-0.43833685
physics_informed,271,337,298.15,0.6363636,False,3.9999999978945766e-08,0.011564355,0.59701866,1.0542443,2.613426168346405,-0.1421048,1.0542443,-0.5947067
physics_informed,272,337,298.15,0.72727275,False,7.000000001866624e-08,0.012195762,0.5873093,0.85840195,2.127941500425339,-0.18279767,0.85840195,-0.72072816
physics_informed,273,337,298.15,0.8181818,False,2.500000007010783e-08,0.012935695,0.51691383,0.75848126,1.8802424443244934,-0.17271966,0.6195405,-0.75848126
physics_informed,274,337,298.15,0.90909094,False,5.5000000109828306e-08,0.013448901,0.33415118,0.6141269,1.522394260072708,-0.033828378,0.35449827,-0.6141269
physics_informed,275,337,298.15,1.0,False,4.600000003129878e-08,0.013370897,0.21467865,0.2939626,0.7287206837296485,0.2939626,0.12032032,-0.22975302
physics_informed,276,344,303.15,0.0,False,6.250000006424727e-08,0.010766277,0.5411891,1.0562046,2.662194656896591,0.2003413,-1.0562046,0.36702132
physics_informed,277,344,303.15,0.0625,False,4.0999999950663835e-08,0.012640578,0.43213618,0.7397518,1.8645662301778791,0.19081867,-0.7397518,0.36583802
physics_informed,278,344,303.15,0.125,False,4.9999999918171056e-08,0.01260784,0.33009735,0.44762063,1.1282409298181533,0.1875212,-0.44762063,0.3551502
physics_informed,279,344,303.15,0.1875,False,2.3000000126671694e-08,0.012412043,0.24429244,0.33531314,0.8451666206359864,0.18957007,-0.2079941,0.33531314
physics_informed,280,344,303.15,0.25,False,5.800000002498251e-08,0.012120081,0.17611857,0.30824155,0.7769318799734115,0.19509405,-0.025020123,0.30824155
physics_informed,281,344,303.15,0.3125,False,8.499999992750418e-08,0.011824325,0.19588514,0.27720043,0.6986918183684349,0.20049948,0.10995555,0.27720043
physics_informed,282,344,303.15,0.375,False,8.799999995368069e-08,0.011590892,0.21901649,0.24278429,0.6119449464082718,0.20241371,0.21185148,0.24278429
physics_informed,283,344,303.15,0.4375,False,4.19999999223819e-08,0.011453228,0.23159647,0.29053247,0.7322955912351609,0.19897068,0.29053247,0.20528623
physics_informed,284,344,303.15,0.5625,False,5.599999997052407e-08,0.011524329,0.23007482,0.39736724,1.0015757682323454,0.17413175,0.39736724,0.11872548
physics_informed,285,344,303.15,0.5,False,5.899999999670058e-08,0.011428059,0.23495607,0.3514868,0.8859327869653701,0.18947594,0.3514868,0.16390547
physics_informed,286,344,303.15,0.625,False,3.199999998315661e-08,0.0117667625,0.21705025,0.4305638,1.0852487167239186,0.15231523,0.4305638,0.0682717
physics_informed,287,344,303.15,0.6875,False,8.899999992539875e-08,0.01213073,0.19680196,0.45398396,1.1442799006819724,0.12701854,0.45398396,0.009403408
physics_informed,288,344,303.15,0.75,False,7.999999995789153e-08,0.012626138,0.21147321,0.4707383,1.1865096680045126,0.09925307,0.4707383,-0.06442827
physics_informed,289,344,303.15,0.8125,False,1.0399999994525899e-07,0.013246571,0.23881109,0.483622,1.2189834686279295,0.07157144,0.483622,-0.16123986
physics_informed,290,344,303.15,0.875,False,4.2000000033404206e-08,0.013937231,0.27817598,0.49443007,1.2462255281209946,0.04920657,0.49443007,-0.2908913
physics_informed,291,344,303.15,0.9375,False,6.399999996631323e-08,0.014627594,0.33396673,0.5031869,1.2682973538637161,0.036533132,0.5031869,-0.46218014
physics_informed,292,344,303.15,1.0,False,8.700000009298492e-08,0.012438737,0.407588,0.678318,1.7097204252719878,0.037078798,0.50736713,-0.678318
physics_informed,293,359,298.15,0.0,False,2.300000001564939e-08,0.009016896,0.83680266,1.7719221,4.392518782138825,0.34608537,1.7719221,0.39240044
physics_informed,294,359,298.15,0.14285715,False,9.599999994946984e-08,0.010017614,0.8405881,1.9410312,4.811733077335357,0.25781125,1.9410312,0.32292178
physics_informed,295,359,298.15,0.2857143,False,0.0,0.00989475,0.7380615,1.9009271,4.7123165712356565,0.20473792,1.9009271,0.10851957
physics_informed,296,359,298.15,0.42857143,False,3.199999998315661e-08,0.009473102,0.6566315,1.6723882,4.145778513765334,0.16998307,1.6723882,-0.12752336
physics_informed,297,359,298.15,0.5714286,False,3.299999995487468e-08,0.009343,0.61716115,1.3663888,3.3872190451622006,0.11381945,1.3663888,-0.3712752
physics_informed,298,359,298.15,0.71428573,False,6.200000002287709e-08,0.009560918,0.5500203,1.0062909,2.4945518444061276,0.057551086,1.0062909,-0.58621883
physics_informed,299,359,298.15,0.85714287,False,8.500000037159339e-09,0.0098761385,0.41216442,0.5708835,1.415195707321167,0.10568583,0.5708835,-0.5599239
physics_informed,300,359,298.15,1.0,False,6.600000013179397e-08,0.009438346,0.22811161,0.47371387,1.174316355919838,0.47371387,0.1602493,0.050371647
physics_informed,301,364,298.15,0.0,False,8.400000006680841e-08,0.004833564,0.5254005,1.259623,3.122551550388336,0.18404475,1.259623,0.13253383
physics_informed,302,364,298.15,0.14285715,False,8.999999989711682e-08,0.01172653,0.5439312,1.4115622,3.4992021533966065,0.13567923,1.4115622,0.08455214
physics_informed,303,364,298.15,0.2857143,False,4.499999994855841e-08,0.011370205,0.4899957,1.3475978,3.340637088394165,0.12185231,1.3475978,0.00053694844
physics_informed,304,364,298.15,0.42857143,False,8.499999992750418e-08,0.011315515,0.41901222,1.1294699,2.7999072535991667,0.089038536,1.1294699,-0.038528323
physics_informed,305,364,298.15,0.5714286,False,6.999999990764394e-08,0.01205975,0.28848416,0.8287982,2.0545551428079603,0.0114482045,0.8287982,0.025206089
physics_informed,306,364,298.15,0.71428573,False,1.1600000004996502e-07,0.010355516,0.28795603,0.41912782,1.038999831855297,-0.060923688,0.41912782,0.3838166
physics_informed,307,364,298.15,0.85714287,False,5.999999985739635e-08,0.00632051,0.48599628,1.428987,3.542397360277176,0.024043784,-0.0049580336,1.428987
physics_informed,308,364,298.15,1.0,False,5.040000017331181e-08,0.0033079304,1.1262691,2.894693,7.1758192749977106,0.30392393,-0.18019044,2.894693
physics_informed,309,367,298.15,0.0,False,3.700000006379156e-08,0.010573718,0.81718534,1.8750002,4.648045094633102,0.21717447,1.8750002,0.3593813
physics_informed,310,367,298.15,0.125,False,4.799999997473492e-08,0.010432252,0.75796086,1.8643665,4.621684403228759,0.19132364,1.8643665,0.21819238
physics_informed,311,367,298.15,0.25,False,1.2999999965401798e-08,0.010057268,0.6696575,1.755578,4.3520026078701015,0.1803823,1.755578,0.07301229
physics_informed,312,367,298.15,0.375,False,1.1300000002378852e-07,0.009908624,0.6087998,1.6022311,3.9718620402812954,0.14946319,1.6022311,-0.07470515
physics_informed,313,367,298.15,0.5,False,7.80000000144554e-08,0.010185768,0.5840253,1.42736,3.538364310121536,0.08177665,1.42736,-0.24293923
physics_informed,314,367,298.15,0.625,False,6.000000007944095e-08,0.01097602,0.5534885,1.2180153,3.0194076574802398,-0.019203752,1.2180153,-0.42324638
physics_informed,315,367,298.15,0.75,False,3.299999995487468e-08,0.012309517,0.53063506,0.9223112,2.286369798851013,-0.12398788,0.9223112,-0.54560614
physics_informed,316,367,298.15,0.875,False,3.299999995487468e-08,0.0136867035,0.351755,0.5273706,1.30732896027565,-0.12254369,0.5273706,-0.4053507
physics_informed,317,367,298.15,1.0,False,7.999999995789153e-09,0.014106522,0.1629725,0.19390082,0.4806718208074569,0.12167889,0.17333776,0.19390082
physics_informed,318,374,298.15,0.0,False,5.399999991606563e-08,0.01030027,0.77402014,1.8112316,4.489965394592285,0.25324124,1.8112316,0.25758743
physics_informed,319,374,298.15,0.11111111,False,4.700000011403915e-08,0.010205924,0.7478459,1.8475223,4.579928230953216,0.23356208,1.8475223,0.16245347
physics_informed,320,374,298.15,0.22222222,False,8.600000001024455e-08,0.009747136,0.69218224,1.7875739,4.431318976593017,0.23952799,1.7875739,0.049444616
physics_informed,321,374,298.15,0.33333334,False,9.09999999798572e-08,0.009315479,0.65629226,1.6689639,4.137289887189865,0.24469876,1.6689639,-0.055214107
physics_informed,322,374,298.15,0.44444445,False,7.999999995789153e-08,0.00915403,0.636223,1.5245652,3.7793316641330716,0.22610824,1.5245652,-0.15799561
physics_informed,323,374,298.15,0.5555556,False,7.599999995999696e-08,0.009325994,0.60246444,1.3660324,3.3863356070041655,0.17795116,1.3660324,-0.2634099
physics_informed,324,374,298.15,0.6666667,False,1.069999999714355e-07,0.009874287,0.5500687,1.1879563,2.944892620182037,0.10302131,1.1879563,-0.35922843
physics_informed,325,374,298.15,0.7777778,False,4.799999997473492e-08,0.010826121,0.4630084,0.9622366,2.38534302201271,0.0142515,0.9622366,-0.4125371
physics_informed,326,374,298.15,0.8888889,False,8.299999998406804e-08,0.012027729,0.34617937,0.6674078,1.6544752309799193,-0.043644935,0.6674078,-0.32748532
physics_informed,327,374,298.15,1.0,False,7.299999982279815e-08,0.013043178,0.12936772,0.339979,0.8427933208227157,0.0070308447,0.339979,0.04109335
physics_informed,328,387,298.15,0.0,False,4.3000000005122274e-08,0.014104321,0.7207356,1.7316747,4.292747137880324,-0.017972387,1.7316747,0.41255984
physics_informed,329,387,298.15,0.11111111,False,6.299999999459516e-08,0.013525346,0.6709297,1.7373883,4.30691086654663,-0.017739378,1.7373883,0.2576614
physics_informed,330,387,298.15,0.22222222,False,4.799999997473492e-08,0.012719964,0.5878051,1.6506885,4.091986029720307,-0.0020495355,1.6506885,0.11067724
physics_informed,331,387,298.15,0.33333334,False,6.999999990764394e-08,0.012166995,0.50768733,1.5173365,3.76141183052063,0.0048987567,1.5173365,0.0008267462
physics_informed,332,387,298.15,0.44444445,False,5.000000002919336e-08,0.012056136,0.49059996,1.3687046,3.3929598293304437,-0.01308389,1.3687046,-0.09001136
physics_informed,333,387,298.15,0.5555556,False,6.700000010351204e-08,0.012421274,0.47846866,1.2076746,2.993773449659347,-0.05849707,1.2076746,-0.16923434
physics_informed,334,387,298.15,0.6666667,False,3.800000003550963e-08,0.0132803,0.44821504,1.0093002,2.50201202044487,-0.12471753,1.0093002,-0.21062744
physics_informed,335,387,298.15,0.8888889,False,1.9000000017754815e-08,0.015435859,0.27506465,0.41987902,1.040862032485008,-0.15545964,0.41987902,0.24985528
physics_informed,336,387,298.15,0.7777778,False,5.100000000091143e-08,0.014464299,0.34779474,0.738621,1.8310097465753554,-0.17994168,0.738621,-0.12482154
physics_informed,337,387,298.15,1.0,False,1.9000000017754815e-08,0.011900699,0.37864867,0.9702449,2.4051955009937283,0.0047612786,0.16093987,0.9702449
physics_informed,338,393,298.15,0.0,False,8.09999999296096e-08,0.011481301,0.6840491,1.8361058,4.551627501392364,0.15303466,1.8361058,0.06300699
physics_informed,339,393,298.15,0.125,False,4.600000003129878e-08,0.011167264,0.67716724,1.826182,4.5270268621921534,0.13698414,1.826182,-0.06833573
physics_informed,340,393,298.15,0.25,False,7.099999987936201e-08,0.010554013,0.679965,1.7058649,4.228765686035156,0.14444944,1.7058649,-0.1895808
physics_informed,341,393,298.15,0.375,False,9.999999994736442e-08,0.010233491,0.65217274,1.5367835,3.809620200634002,0.1342497,1.5367835,-0.28548518
physics_informed,342,393,298.15,0.5,False,2.099999996119095e-08,0.01031806,0.6071199,1.3483261,3.3424423503398892,0.09440039,1.3483261,-0.37863326
physics_informed,343,393,298.15,0.625,False,1.0399999994525899e-07,0.010871436,0.5398206,1.1350778,2.813809106969833,0.026001751,1.1350778,-0.45838213
physics_informed,344,393,298.15,0.75,False,5.20000000836518e-08,0.011857888,0.4518207,0.8545135,2.1183023001432417,-0.046618044,0.8545135,-0.45433044
physics_informed,345,393,298.15,0.875,False,6.200000002287709e-08,0.012941169,0.23565221,0.49110764,1.2174347915410995,-0.04731092,0.49110764,-0.1685381
physics_informed,346,393,298.15,1.0,False,8.500000003852648e-08,0.0094957845,0.28940478,0.5707741,1.4149244488716124,0.13110489,0.1663354,0.5707741
physics_informed,347,407,298.15,0.0,False,3.9999999978945766e-08,0.016323615,0.4313122,0.7690017,1.9063222097873687,-0.075232536,0.44970238,0.7690017
physics_informed,348,407,298.15,0.083333336,False,3.599999998105119e-08,0.013226904,0.41805914,0.8217306,2.0370349462509156,0.08111599,0.35133082,0.8217306
physics_informed,349,407,298.15,0.16666667,False,7.999999995789153e-08,0.011200729,0.43477416,0.8729074,2.1638998787641524,0.19668883,0.23472622,0.8729074
physics_informed,350,407,298.15,0.25,False,4.4000000087862645e-08,0.009751336,0.4267057,0.8828788,2.1886185182332993,0.28984445,0.10739377,0.8828788
physics_informed,351,407,298.15,0.33333334,False,7.999999995789153e-08,0.008763391,0.40721688,0.8463806,2.0981411722660064,0.36279953,0.012470543,0.8463806
physics_informed,352,407,298.15,0.41666666,False,3.9999999978945766e-08,0.0081790835,0.40653262,0.7803221,1.9343849484443663,0.41045964,-0.028816164,0.7803221
physics_informed,353,407,298.15,0.5,False,3.0000000039720476e-08,0.007941593,0.38521048,0.69980323,1.7347820911169052,0.4288714,-0.026956797,0.69980323
physics_informed,354,407,298.15,0.5833333,False,4.000000020099037e-08,0.007982717,0.34532216,0.6097573,1.511562119722366,0.4204296,0.005779624,0.6097573
physics_informed,355,407,298.15,0.6666667,False,2.7500000054914153e-08,0.0082686525,0.32397243,0.5105269,1.265574209690094,0.3898313,0.07155907,0.5105269
physics_informed,356,407,298.15,0.75,False,4.3000000005122274e-08,0.008793387,0.31060672,0.40161014,0.9955742401123047,0.34314287,0.18706715,0.40161014
physics_informed,357,407,298.15,0.8333333,False,8.999999989711682e-08,0.009595736,0.31508628,0.3718319,0.9217552622318267,0.28510797,0.3718319,0.288319
physics_informed,358,407,298.15,0.9166667,False,2.9999999928698173e-08,0.010730637,0.34380388,0.6309035,1.5639826729297637,0.21899289,0.6309035,0.18151522
physics_informed,359,407,298.15,1.0,False,3.9999999978945766e-08,0.012327756,0.39473152,0.95452857,2.366235366415977,0.14197671,0.95452857,0.08768922
physics_informed,360,409,333.2,0.0,False,4.350000004649246e-08,0.0122397235,0.40473938,0.4912064,1.3608279218673707,0.48054624,0.4912064,0.24246544
physics_informed,361,409,333.2,0.11111111,False,3.500000000933312e-08,0.013045158,0.34274483,0.3880791,1.0751262145996092,0.33911082,0.30104446,0.3880791
physics_informed,362,409,333.2,0.22222222,False,6.399999996631323e-08,0.013379976,0.35138705,0.546139,1.5130120685577393,0.28006244,0.22795975,0.546139
physics_informed,363,409,333.2,0.33333334,False,6.699999999248973e-08,0.013690503,0.39305055,0.6825577,1.8909434288024902,0.2549453,0.24164867,0.6825577
physics_informed,364,409,333.2,0.44444445,False,3.599999987002889e-08,0.014340969,0.4398888,0.80267024,2.2237007831573488,0.22392261,0.2930736,0.80267024
physics_informed,365,409,333.2,0.5555556,False,9.999999994736442e-08,0.015312373,0.48966935,0.92386615,2.559459421157837,0.18497011,0.3601718,0.92386615
physics_informed,366,409,333.2,0.6666667,False,5.000000014021566e-08,0.016138969,0.5509725,1.0598084,2.9360707885742188,0.16140409,0.43170512,1.0598084
physics_informed,367,409,333.2,0.7777778,False,5.1999999972629496e-08,0.016120316,0.6281705,1.2066255,3.342809705352783,0.18025732,0.49762875,1.2066255
physics_informed,368,409,333.2,0.8888889,False,1.400000004814217e-08,0.015048793,0.7132554,1.3453064,3.727008648300171,0.2475251,0.54693484,1.3453064
physics_informed,369,409,333.2,1.0,False,4.600000003129878e-08,0.0090959035,0.7992461,1.4698715,4.0721009765625,0.35038504,0.5774817,1.4698715
physics_informed,370,423,298.15,0.0,False,1.9999999989472883e-08,0.0134836035,0.60445577,1.0699334,2.6523190569877624,0.025283404,1.0699334,0.71815056
physics_informed,371,423,298.15,0.083333336,False,2.299999990462709e-08,0.014289367,0.61670065,1.1507268,2.8526021929740906,-0.045209706,1.1507268,0.65416545
physics_informed,372,423,298.15,0.16666667,False,9.09999999798572e-08,0.014836791,0.61758333,1.2045693,2.986075567054748,-0.1189158,1.2045693,0.52926487
physics_informed,373,423,298.15,0.25,False,5.899999999670058e-08,0.014937031,0.5757941,1.1969862,2.967277413368225,-0.18546095,1.1969862,0.34493515
physics_informed,374,423,298.15,0.33333334,False,7.199999996210238e-08,0.014696618,0.501226,1.1162114,2.767040055799484,-0.23062938,1.1162114,0.15683714
physics_informed,375,423,298.15,0.41666666,False,1.2999999965401798e-08,0.014393113,0.41713247,0.98380995,2.4388227342605586,-0.24991184,0.98380995,0.017675579
physics_informed,376,423,298.15,0.5,False,9.99999993922529e-09,0.014225563,0.38101086,0.82905126,2.0551823924303054,-0.2492683,0.82905126,-0.064713
physics_informed,377,423,298.15,0.5833333,False,5.599999997052407e-08,0.014244516,0.3315253,0.66362536,1.6450987590074537,-0.23064321,0.66362536,-0.100307345
physics_informed,378,423,298.15,0.6666667,False,4.599999992027648e-08,0.014400654,0.2492037,0.48836493,1.2106357013463973,-0.18133885,0.48836493,-0.077907324
physics_informed,379,423,298.15,0.75,False,2.5999999930803597e-08,0.014583766,0.1354481,0.29682243,0.7358100830197334,-0.069337726,0.29682243,0.04018414
physics_informed,380,423,298.15,0.8333333,False,1.7999999935014444e-08,0.014586218,0.18081151,0.29332852,0.7271487921953201,0.14167905,0.10742694,0.29332852
physics_informed,381,423,298.15,0.9166667,False,1.6999999963296375e-08,0.014266283,0.40619692,0.6934452,1.7190208094120023,0.46965384,-0.055491686,0.6934452
physics_informed,382,423,298.15,1.0,False,7.699999993171502e-08,0.013614422,0.74694353,1.1903741,2.9508864651679994,0.8820431,-0.16841334,1.1903741
physics_informed,383,449,298.15,0.0,False,4.250000007477439e-08,0.00898946,0.48941457,1.0100842,2.503955186319351,0.39230582,1.0100842,-0.06585376
physics_informed,384,449,298.15,0.125,False,6.000000007944095e-08,0.009233314,0.5167622,1.1955619,2.9637465041160582,0.34383523,1.1955619,-0.010889366
physics_informed,385,449,298.15,0.25,False,3.0000000039720476e-08,0.008989964,0.54810953,1.3003945,3.223622050619125,0.31534666,1.3003945,-0.028587371
physics_informed,386,449,298.15,0.375,False,5.800000002498251e-08,0.00837651,0.5612482,1.2909412,3.200187765884399,0.3127029,1.2909412,-0.08010045
physics_informed,387,449,298.15,0.5,False,1.5999999991578306e-08,0.007783356,0.55830675,1.2192698,3.022517462158203,0.3131506,1.2192698,-0.14249998
physics_informed,388,449,298.15,0.625,False,1.9000000017754815e-08,0.007424329,0.55399746,1.1305192,2.802508377599716,0.28638563,1.1305192,-0.24508765
physics_informed,389,449,298.15,0.75,False,4.499999994855841e-08,0.007305462,0.55361927,1.0283992,2.549357424736023,0.22994846,1.0283992,-0.40251002
physics_informed,390,449,298.15,0.875,False,2.7999999985262036e-08,0.007402242,0.55404776,0.9025786,2.237453569293022,0.16091585,0.9025786,-0.5986489
physics_informed,391,449,298.15,1.0,False,5.100000000091143e-08,0.007740621,0.5452524,0.7892133,1.9564258348226546,0.109767735,0.7367761,-0.7892133
physics_informed,392,458,308.15,0.0,False,6.299999988357285e-08,0.013821676,0.7401975,1.7789967,4.557970484113692,0.112810016,1.7789967,0.32878575
physics_informed,393,458,308.15,0.07692308,False,8.799999995368069e-08,0.0145336045,0.71209985,1.830246,4.6892763630867,0.052192003,1.830246,0.25386167
physics_informed,394,458,308.15,0.15384616,False,2.4500000028737645e-08,0.0151261045,0.6504144,1.8541701,4.750572168731689,-0.014956616,1.8541701,0.08211653
physics_informed,395,458,308.15,0.23076923,False,2.2000000043931323e-08,0.015403783,0.7076958,1.817995,4.6578878959178915,-0.08299373,1.817995,-0.22209877
physics_informed,396,458,308.15,0.30769232,False,3.7999999924487327e-08,0.015295192,0.8162787,1.7005525,4.35698837351799,-0.13906373,1.7005525,-0.60921997
physics_informed,397,458,308.15,0.3846154,False,4.100000006168614e-08,0.014982222,0.8781154,1.5202124,3.8949388167381285,-0.17190737,1.5202124,-0.94222647
physics_informed,398,458,308.15,0.46153846,False,4.799999997473492e-08,0.014740487,0.8744354,1.3169636,3.374194539642334,-0.1833883,1.3169636,-1.1229542
physics_informed,399,458,308.15,0.53846157,False,4.4000000087862645e-08,0.014722131,0.82315207,1.1692295,2.995684755373001,-0.18423173,1.1159948,-1.1692295
physics_informed,400,458,308.15,0.61538464,False,2.199999993290902e-08,0.014931478,0.744433,1.1285691,2.8915088047027586,-0.17909613,0.9256337,-1.1285691
physics_informed,401,458,308.15,0.6923077,False,6.200000002287709e-08,0.015313482,0.64504164,1.026607,2.630271498918533,-0.16475794,0.74376005,-1.026607
physics_informed,402,458,308.15,0.7692308,False,6.000000052353016e-09,0.015758984,0.5199488,0.8589196,2.2006394117116925,-0.13126814,0.5696587,-0.8589196
physics_informed,403,458,308.15,0.84615386,False,4.900000005747529e-08,0.016118469,0.35231853,0.5935209,1.520660869669914,-0.062671304,0.40076345,-0.5935209
physics_informed,404,458,308.15,0.9230769,False,2.0000000100495186e-08,0.015983267,0.17477293,0.24911627,0.6382611858963966,0.05511886,0.24911627,-0.22008371
physics_informed,405,458,308.15,1.0,False,4.299999989409997e-08,0.012552387,0.19823696,0.24063969,0.6165433282852173,0.22550589,0.12856531,0.24063969
physics_informed,406,472,298.15,0.0,False,1.3700000023320058e-08,0.0076044477,0.77414083,1.7075515,4.2329468762874605,0.48977068,1.7075515,0.12510026
physics_informed,407,472,298.15,0.09090909,False,2.430000001218957e-08,0.0077422997,0.74819833,1.7976537,4.456306315469741,0.41714945,1.7976537,0.02979184
physics_informed,408,472,298.15,0.18181819,False,5.930000002152269e-08,0.0076933107,0.76976514,1.8124533,4.492993878602982,0.34324384,1.8124533,-0.15359834
physics_informed,409,472,298.15,0.27272728,False,1.6999999852274073e-08,0.007541787,0.7931724,1.7467592,4.330140996599197,0.2782914,1.7467592,-0.35446665
physics_informed,410,472,298.15,0.36363637,False,7.699999993171502e-08,0.0074585835,0.7922303,1.6302781,4.041389504766464,0.21673056,1.6302781,-0.52968204
physics_informed,411,472,298.15,0.45454547,False,2.98000000231724e-08,0.0074828602,0.78096884,1.4902914,3.6943683427810665,0.15157762,1.4902914,-0.7010375
physics_informed,412,472,298.15,0.54545456,False,4.000000008996807e-08,0.0076334574,0.7658184,1.3334233,3.3054988830089567,0.08107185,1.3334233,-0.8829601
physics_informed,413,472,298.15,0.6363636,False,5.599999997052407e-08,0.007931711,0.74668294,1.1620729,2.8807289076805116,0.011342108,1.1620729,-1.066634
physics_informed,414,472,298.15,0.72727275,False,3.000000026176508e-09,0.008379737,0.7428005,1.2175584,3.0182748548984524,-0.040254593,0.9705884,-1.2175584
physics_informed,415,472,298.15,0.8181818,False,1.4999999908837935e-08,0.008927377,0.6926556,1.2891569,3.1957646039962766,-0.040664315,0.74814576,-1.2891569
physics_informed,416,472,298.15,0.90909094,False,2.4999999848063226e-08,0.009444265,0.5927844,1.2159667,3.014329096508026,0.060023785,0.5023627,-1.2159667
physics_informed,417,472,298.15,1.0,False,6.999999913048782e-09,0.009727173,0.50538605,0.9426799,2.3368629669427867,0.3126427,0.26083556,-0.9426799
physics_informed,418,498,298.15,0.0,False,4.9999999918171056e-08,0.0087395925,0.75692034,1.3587725,3.368338717794418,-0.06137818,1.3587725,-0.8506104
physics_informed,419,498,298.15,0.125,False,6.760000004213396e-08,0.0068866024,0.7074755,1.3477623,3.341044829082489,0.17544532,1.3477623,-0.5992187
physics_informed,420,498,298.15,0.25,False,4.799999997473492e-08,0.0063008047,0.653902,1.2888411,3.1949818214893337,0.31689,1.2888411,-0.35597473
physics_informed,421,498,298.15,0.375,False,6.000000052353016e-09,0.006469516,0.57638854,1.2379204,3.0687513892173763,0.36501816,1.2379204,-0.12622699
physics_informed,422,498,298.15,0.5,False,4.959999988507491e-08,0.0072011896,0.5453269,1.2092805,2.997754465961456,0.34223834,1.2092805,0.08446194
physics_informed,423,498,298.15,0.625,False,3.699999995276926e-08,0.008502907,0.5675287,1.1829894,2.9325799318790433,0.26368105,1.1829894,0.25591582
physics_informed,424,498,298.15,0.75,False,3.9999999978945766e-08,0.01055986,0.5441143,1.1269326,2.793617697095871,0.13540374,1.1269326,0.3700065
physics_informed,425,498,298.15,0.875,False,3.3000000065896984e-08,0.013717127,0.49074808,1.0192199,2.5266024234771725,-0.03288026,1.0192199,0.42014408
physics_informed,426,498,298.15,1.0,False,5.799999991396021e-08,0.018427733,0.5000843,0.8648486,2.1439225754022595,-0.2219026,0.8648486,0.4135016
physics_informed,427,500,298.15,0.0,False,4.900000005747529e-08,0.013632521,0.5350298,1.1476717,2.8450288504123686,0.031280134,1.1476717,0.42613763
physics_informed,428,500,298.15,0.11111111,False,1.0149999996045267e-07,0.0138629535,0.5486244,1.2558746,3.11325938463211,-0.018523112,1.2558746,0.37147546
physics_informed,429,500,298.15,0.22222222,False,6.300000010561746e-08,0.013293954,0.5200617,1.2708442,3.150368336677551,-0.040717334,1.2708442,0.24862334
physics_informed,430,500,298.15,0.33333334,False,3.099999990041624e-08,0.012278059,0.45264903,1.1823831,2.931076921224594,-0.02457726,1.1823831,0.15098673
physics_informed,431,500,298.15,0.44444445,False,2.4999999848063226e-08,0.011434366,0.38631913,1.0527375,2.6096911044120787,0.0031232536,1.0527375,0.103096604
physics_informed,432,500,298.15,0.5555556,False,2.9999999928698173e-08,0.010933686,0.3401167,0.916679,2.2724079501628878,0.02331248,0.916679,0.080358624
physics_informed,433,500,298.15,0.6666667,False,7.000000001866624e-08,0.0107082045,0.29859635,0.7803887,1.934550148820877,0.03787014,0.7803887,0.077530205
physics_informed,434,500,298.15,0.7777778,False,6.300000010561746e-08,0.0106604,0.26369265,0.6413835,1.5899622092485426,0.05430165,0.6413835,0.09539282
physics_informed,435,500,298.15,0.8888889,False,2.7000000013543968e-08,0.010733517,0.23833995,0.49584293,1.2291734014272688,0.08021796,0.49584293,0.13895893
physics_informed,436,500,298.15,1.0,False,3.000000026176508e-09,0.010864667,0.22946934,0.3276757,0.812294018781185,0.1320763,0.3276757,0.22865605
physics_informed,437,518,298.15,0.0,False,5.100000000091143e-08,0.008998499,0.48879388,1.0077629,2.4982010382652278,0.39154533,1.0077629,-0.06707347
physics_informed,438,518,298.15,0.125,False,6.899999993592587e-08,0.009234754,0.51658434,1.1962342,2.965413293457031,0.3435157,1.1962342,-0.01000309
physics_informed,439,518,298.15,0.25,False,3.699999995276926e-08,0.008993116,0.5475063,1.3001385,3.222987408208847,0.31478953,1.3001385,-0.0275909
physics_informed,440,518,298.15,0.375,False,8.200000001234997e-08,0.008380902,0.5605038,1.2903714,3.1987751747131346,0.31198043,1.2903714,-0.07915948
physics_informed,441,518,298.15,0.5,False,4.2700000091322465e-08,0.0078018573,0.5566173,1.2182705,3.020040309524536,0.31091502,1.2182705,-0.14066648
physics_informed,442,518,298.15,0.625,False,7.600000007101926e-08,0.007445206,0.5521423,1.1293645,2.7996459469795227,0.28382325,1.1293645,-0.24323931
physics_informed,443,518,298.15,0.75,False,2.430000001218957e-08,0.0073246243,0.55186385,1.0272032,2.5463926324367523,0.22769588,1.0272032,-0.4006924
physics_informed,444,518,298.15,0.875,False,2.099999996119095e-08,0.007422539,0.5522855,0.9016626,2.235182846045494,0.15880215,0.9016626,-0.59639186
physics_informed,445,518,298.15,1.0,False,2.2000000043931323e-08,0.0077406405,0.54484177,0.7877114,1.9527027130842207,0.10988164,0.7369323,-0.7877114
physics_informed,446,525,298.15,0.0,False,5.2999999944347564e-08,0.008954956,0.17595594,0.32016203,0.7936678895831107,0.14592624,-0.0617795,0.32016203
physics_informed,447,525,298.15,0.14285715,False,4.3000000005122274e-08,0.011855395,0.23564547,0.28444773,0.7051337094902992,0.27578974,0.14669895,0.28444773
physics_informed,448,525,298.15,0.2857143,False,1.0300000008456323e-07,0.011905303,0.30462316,0.4093492,1.0147590934753417,0.25206065,0.4093492,0.25245968
physics_informed,449,525,298.15,0.42857143,False,3.9999999978945766e-08,0.012244998,0.29840806,0.5396745,1.3378298972606657,0.20485467,0.5396745,0.15069506
physics_informed,450,525,298.15,0.5714286,False,7.199999996210238e-08,0.012807298,0.23501372,0.49624705,1.2301751241922376,0.16036224,0.49624705,0.048431873
physics_informed,451,525,298.15,0.71428573,False,7.050000006003643e-08,0.0141480705,0.1620748,0.3578571,0.887112373638153,0.09773648,0.3578571,0.030630827
physics_informed,452,525,298.15,0.85714287,False,4.799999997473492e-08,0.016417952,0.12462435,0.1701541,0.4218046854376793,0.038734615,0.1701541,0.16498435
physics_informed,453,525,298.15,1.0,False,3.0000000039720476e-08,0.019195387,0.2177897,0.57047033,1.4141713796854019,0.0608896,-0.022009134,0.57047033
physics_informed,454,526,298.15,0.0,False,3.599999987002889e-08,0.013574879,0.22650945,0.52001065,1.289084128332138,0.070221156,0.08929658,0.52001065
physics_informed,455,526,298.15,0.125,False,2.7000000013543968e-08,0.014205667,0.24372101,0.47044826,1.166221039879322,0.023742288,0.23697245,0.47044826
physics_informed,456,526,298.15,0.25,False,2.399999998736746e-08,0.014705646,0.20442154,0.40766305,1.010579182744026,-0.005301714,0.20029986,0.40766305
physics_informed,457,526,298.15,0.375,False,3.800000003550963e-08,0.015002828,0.16183254,0.36167464,0.8965758530378342,0.045002103,0.078820884,0.36167464
physics_informed,458,526,298.15,0.5,False,6.300000010561746e-08,0.015640877,0.1644609,0.33552372,0.8317489221572876,0.14360487,-0.014254093,0.33552372
physics_informed,459,526,298.15,0.625,False,1.999999987845058e-08,0.016760616,0.21028195,0.30907792,0.7661908872008323,0.26423144,-0.057536483,0.30907792
physics_informed,460,526,298.15,0.75,False,3.9999999978945766e-08,0.018004885,0.23485114,0.40010273,0.9918374701499938,0.40010273,-0.055975676,0.24847502
physics_informed,461,526,298.15,0.875,False,1.2999999965401798e-08,0.018761873,0.22297336,0.52723455,1.306991877579689,0.52723455,-0.031973302,0.10971224
physics_informed,462,526,298.15,1.0,False,3.3000000065896984e-08,0.018915398,0.22551681,0.605672,1.5014348532676696,0.605672,-0.018438973,-0.05243945
physics_informed,463,542,298.15,0.33333334,False,7.499999998827889e-08,0.0050122086,0.44976297,0.68299985,1.693127285337448,0.68299985,0.5766721,-0.089616954
physics_informed,464,542,298.15,0.8333333,False,9.29999988130703e-09,0.0048570693,0.4731923,0.6539509,1.6211162706136701,0.6539509,0.3894812,-0.37614483
physics_informed,465,542,298.15,0.16666667,False,6.300000010561746e-08,0.0058254786,0.43009582,0.65272045,1.6180658925771711,0.59346294,0.65272045,-0.044104084
physics_informed,466,542,298.15,0.5,False,9.500000008877407e-08,0.004618476,0.46785465,0.7070613,1.752774573087692,0.7070613,0.5362959,-0.16020682
physics_informed,467,542,298.15,0.6666667,False,5.000000014021566e-08,0.00455073,0.48238027,0.6773195,1.679046014690399,0.6773195,0.4962765,-0.2735448
physics_informed,468,542,298.15,1.0,False,2.800000009628434e-08,0.005649986,0.4251059,0.7658442,1.898494953393936,0.7658442,0.16210961,-0.34736383
physics_informed,469,542,298.15,0.0,False,2.5999999930803597e-08,0.0071934075,0.40276197,0.671509,1.6646420204162595,0.4864624,0.671509,0.05031459
physics_informed,470,543,298.15,0.0,False,4.49999992824246e-09,0.0081301285,0.732419,1.4348168,3.556849407672882,0.4414618,1.4348168,0.3209785
physics_informed,471,543,298.15,0.1,False,4.600000003129878e-08,0.007976228,0.7558406,1.5621119,3.8724082859039304,0.3901772,1.5621119,0.31523287
physics_informed,472,543,298.15,0.2,False,7.499999998827889e-08,0.0077205272,0.71822643,1.6463823,4.081311128282547,0.2883149,1.6463823,0.2199821
physics_informed,473,543,298.15,0.3,False,4.9999999918171056e-08,0.007347043,0.62065464,1.6542001,4.100691037511825,0.15249175,1.6542001,0.05527199
physics_informed,474,543,298.15,0.4,False,3.030000006454259e-08,0.0070042303,0.5856702,1.5993085,3.9646171081066126,-0.0067661405,1.5993085,-0.15093592
physics_informed,475,543,298.15,0.5,False,1.3999999937119867e-08,0.006785476,0.71235657,1.514199,3.7536343332767483,-0.20514607,1.514199,-0.41772467
physics_informed,476,543,298.15,0.6,False,3.0000000039720476e-08,0.006684052,0.8717949,1.4090018,3.4928548762798304,-0.44550657,1.4090018,-0.7608763
physics_informed,477,543,298.15,0.7,False,1.6300000016400418e-08,0.0066672163,1.0457913,1.2785636,3.1695042839050287,-0.70202684,1.2785636,-1.1567835
physics_informed,478,543,298.15,0.8,False,3.999999886872274e-09,0.006710667,1.1969805,1.5488044,3.8394196757793426,-0.92548037,1.1166569,-1.5488044
physics_informed,479,543,298.15,0.9,False,6.000000007944095e-08,0.0068007917,1.2762604,1.8674805,4.629403895521164,-1.0475421,0.9137586,-1.8674805
physics_informed,480,543,298.15,1.0,False,5.100000000091143e-08,0.006881021,1.2221652,2.0271258,5.025157746887206,-0.9667139,0.67265576,-2.0271258
physics_informed,481,550,298.15,0.0,False,1.9999999989472883e-08,0.013247801,0.6954705,1.775598,4.40163124628067,0.0337909,1.775598,0.27702242
physics_informed,482,550,298.15,0.14285715,False,5.100000000091143e-08,0.013314675,0.6438531,1.8463862,4.577112147426605,-0.063769326,1.8463862,0.021403745
physics_informed,483,550,298.15,0.2857143,False,2.2000000043931323e-08,0.012494162,0.72625923,1.6673521,4.133294085311889,-0.1375176,1.6673521,-0.37390816
physics_informed,484,550,298.15,0.42857143,False,3.9999999978945766e-08,0.011750285,0.7538809,1.334261,3.3075756877422333,-0.18838352,1.334261,-0.7389982
physics_informed,485,550,298.15,0.5714286,False,1.1000000021965661e-08,0.011321649,0.70596856,1.0069153,2.496099780464172,-0.18072534,0.9302649,-1.0069153
physics_informed,486,550,298.15,0.71428573,False,9.99999993922529e-09,0.011066703,0.52326185,1.0191488,2.526426133918762,-0.023385465,0.52725136,-1.0191488
physics_informed,487,550,298.15,0.85714287,False,5.800000002498251e-08,0.010793974,0.40258822,0.6634655,1.6447025340080261,0.3465029,0.19779626,-0.6634655
physics_informed,488,550,298.15,1.0,False,4.4000000087862645e-08,0.010049712,0.3127692,0.9222419,2.2861980587005615,0.9222419,-0.008558422,0.007507324
physics_informed,489,579,298.15,0.05882353,False,3.1000000011438544e-08,0.00049954845,0.971898,2.250074,5.5778363173484795,0.44190255,-2.250074,-0.22371735
physics_informed,490,579,298.15,0.11764706,False,6.99000000103922e-08,0.0008537749,0.8569425,1.8400546,4.561416405630111,0.43873048,-1.8400546,-0.29204237
physics_informed,491,579,298.15,0.1764706,False,4.19999999223819e-08,0.0014549309,0.7238706,1.3658215,3.38581270942688,0.42153117,-1.3658215,-0.38425922
physics_informed,492,579,298.15,0.23529412,False,7.860000006409962e-08,0.0024171914,0.5936962,0.8849642,2.1937883517026897,0.3981724,-0.8849642,-0.49795198
physics_informed,493,579,298.15,0.29411766,False,3.479999999278505e-08,0.0037518768,0.4916152,0.6193917,1.5354453741550445,0.3734232,-0.48203075,-0.6193917
physics_informed,494,579,298.15,0.3529412,False,8.900000003642106e-08,0.005303416,0.43064368,0.7382486,1.830086501097679,0.3549727,-0.19870973,-0.7382486
physics_informed,495,579,298.15,0.4117647,False,8.299999998406804e-08,0.005254126,0.40412867,0.84393996,2.0920908861875533,0.34111828,-0.027327776,-0.84393996
physics_informed,496,579,298.15,0.47058824,False,3.760000000241348e-08,0.0045589716,0.44171548,0.9352342,2.3184054501771927,0.32548702,0.06442529,-0.9352342
physics_informed,497,579,298.15,0.5294118,False,7.600000007101926e-08,0.003914347,0.4770255,1.016212,2.519145943832397,0.30609646,0.108768046,-1.016212
physics_informed,498,579,298.15,0.5882353,False,2.6799999996995894e-08,0.0032917738,0.4988204,1.0880785,2.6972999064922334,0.28253672,0.12584597,-1.0880785
physics_informed,499,579,298.15,0.64705884,False,3.399999992659275e-08,0.0027046024,0.5085065,1.1424992,2.832206344079971,0.25910383,0.12391642,-1.1424992
physics_informed,500,579,298.15,0.7058824,False,8.10000000406319e-08,0.0021464762,0.5104069,1.1737279,2.9096210602760313,0.24538675,0.112106144,-1.1737279
physics_informed,501,579,298.15,0.7647059,False,3.3000000065896984e-08,0.0016516033,0.5066538,1.1723864,2.906295443058014,0.24832977,0.09924516,-1.1723864
physics_informed,502,579,298.15,0.8235294,False,3.310000007417102e-08,0.0012345989,0.49962798,1.1346637,2.812782646799087,0.27085653,0.09336373,-1.1346637
physics_informed,503,579,298.15,0.88235295,False,5.7000000053264444e-08,0.000904975,0.49333915,1.0683401,2.648369033527374,0.3122743,0.09940304,-1.0683401
physics_informed,504,579,298.15,0.9411765,False,9.014999990952788e-08,0.00065551215,0.48765206,0.97927237,2.427574038743973,0.3665433,0.1171406,-0.97927237
physics_informed,505,579,298.15,1.0,False,2.2000000043931323e-08,0.000478146,0.4812741,0.87703085,2.174121829771995,0.42497405,0.14181736,-0.87703085
physics_informed,506,579,298.15,0.0,False,8.999999989711682e-08,0.00039874302,1.1395756,2.3748474,5.887144877719878,0.42223567,-2.3748474,-0.6216436
physics_informed,507,599,298.15,0.0,False,6.499999871678597e-09,4.9426242e-05,1.6950957,3.350401,8.305499825572966,0.75451225,-0.9803742,3.350401
physics_informed,508,599,298.15,0.11111111,False,5.640000000362022e-08,0.0001504766,1.4976641,2.9140882,7.223899693012236,0.525585,-1.0533192,2.9140882
physics_informed,509,599,298.15,0.22222222,False,1.907000002354664e-08,0.00044345093,1.090954,1.927947,4.779298073291779,0.2725656,-1.0723491,1.927947
physics_informed,510,599,298.15,0.33333334,False,3.660000003069541e-08,0.0011046004,0.5448931,0.90956396,2.2547700376749034,0.080307566,-0.90956396,0.6448078
physics_informed,511,599,298.15,0.44444445,False,4.9999999918171056e-08,0.002027143,0.2821385,0.59212196,1.4678448682785032,0.0064433906,-0.59212196,-0.24785018
physics_informed,512,599,298.15,0.5555556,False,2.849999991560992e-08,0.0028865526,0.32184535,0.70100725,1.7377667870759963,-0.0049498784,-0.25957894,-0.70100725
physics_informed,513,599,298.15,0.6666667,False,6.300000010561746e-08,0.0028324265,0.33088562,0.89215994,2.2116261538028716,0.018377949,0.08211899,-0.89215994
physics_informed,514,599,298.15,0.7777778,False,9.720000004875828e-08,0.0016014182,0.48173586,0.8995166,2.229863024282455,0.09642862,0.44926238,-0.8995166
physics_informed,515,599,298.15,0.8888889,False,6.399999996631323e-08,0.000875919,0.62141746,0.8340883,2.06766909558773,0.23573315,0.8340883,-0.794431
physics_informed,516,599,298.15,1.0,False,4.746999993088252e-08,0.00048598723,0.7628278,1.2329807,3.056506373357773,0.41580588,1.2329807,-0.6396968
physics_informed,517,600,298.15,0.0,False,5.4659999859651975e-08,0.00015413466,1.2654,3.0477917,7.555344535160064,0.5939821,-0.15442628,-3.0477917
physics_informed,518,600,298.15,0.09090909,False,1.9299999931554623e-08,0.0003663357,1.0669564,2.4858344,6.162276579475402,0.51725674,-0.19777799,-2.4858344
physics_informed,519,600,298.15,0.18181819,False,4.3000000005122274e-08,0.0008196024,0.842122,1.8045502,4.47340242190361,0.43988103,-0.28193486,-1.8045502
physics_informed,520,600,298.15,0.27272728,False,5.4000000027087935e-08,0.001573486,0.6662851,1.2283757,3.045090487098694,0.3773632,-0.39311647,-1.2283757
physics_informed,521,600,298.15,0.36363637,False,6.939999996902202e-08,0.0024634216,0.5775349,0.88775754,2.200712834954262,0.33384824,-0.51099896,-0.88775754
physics_informed,522,600,298.15,0.45454547,False,7.099999987936201e-08,0.003271721,0.5500413,0.73138,1.8130596309661864,0.2956122,-0.6231318,-0.73138
physics_informed,523,600,298.15,0.54545456,False,3.9999999978945766e-08,0.003948642,0.5497563,0.72056854,1.7862585000038145,0.2520961,-0.72056854,-0.67660433
physics_informed,524,600,298.15,0.6363636,False,9.000000078529524e-09,0.004509652,0.5538823,0.78306335,1.941180342245102,0.210877,-0.78306335,-0.66770655
physics_informed,525,600,298.15,0.72727275,False,6.699999999248973e-08,0.003121746,0.54721946,0.7790445,1.9312178496599197,0.1942774,-0.7790445,-0.6683365
physics_informed,526,600,298.15,0.8181818,False,2.589999992252956e-08,0.0020681901,0.5178941,0.68668294,1.7022575206041335,0.21714301,-0.68668294,-0.64985645
physics_informed,527,600,298.15,0.90909094,False,5.000000014021566e-08,0.0013424493,0.46211067,0.60017526,1.4878086655855176,0.27621263,-0.5099442,-0.60017526
physics_informed,528,600,298.15,1.0,False,1.2000000104706032e-08,0.00087016117,0.38856247,0.5295934,1.312839288496971,0.35411423,-0.2819798,-0.5295934
physics_informed,529,610,298.15,0.0,False,4.09000000534121e-08,0.0019153409,0.38814172,0.79224384,1.9639384712219237,0.34629613,0.025885105,0.79224384
physics_informed,530,610,298.15,0.125,False,5.040000006228951e-08,0.0059131696,0.38672686,0.82999694,2.0575267592191695,0.19418688,0.13599682,0.82999694
physics_informed,531,610,298.15,0.25,False,7.499999998827889e-08,0.012189682,0.37126586,0.91787803,2.27538027741909,0.073996335,0.12192321,0.91787803
physics_informed,532,610,298.15,0.375,False,4.9999999918171056e-08,0.0131087145,0.38951707,1.1138737,2.76124496307373,-0.012912989,-0.041764498,1.1138737
physics_informed,533,610,298.15,0.5,False,3.699999995276926e-08,0.014135367,0.63522714,1.527095,3.785602738666534,-0.086899914,-0.29168653,1.527095
physics_informed,534,610,298.15,0.625,False,3.3000000065896984e-08,0.015069183,1.0305697,2.4171948,5.992121897697448,-0.102987476,-0.5715265,2.4171948
physics_informed,535,610,298.15,0.75,False,5.4999999998806004e-08,0.014827305,1.5735315,3.952155,9.797222830200194,0.03480369,-0.73363566,3.952155
physics_informed,536,610,298.15,0.875,False,5.5000000109828306e-08,0.012475796,2.1601465,5.5245266,13.695064581298828,0.27658188,-0.67933047,5.5245266
physics_informed,537,610,298.15,1.0,False,1.3000000187446403e-08,0.007001881,2.511062,6.504283,16.123837673377988,0.4966086,-0.5322946,6.504283
physics_informed,538,614,298.15,0.0,False,8.259999995097189e-08,0.0015105986,1.3120284,2.7979386,6.9359693693161,0.6352393,-2.7979386,0.50290734
physics_informed,539,614,298.15,0.11111111,False,2.3799999970819385e-08,0.0036999602,1.0017139,1.9595075,4.857534810638427,0.5811887,-1.9595075,0.46444535
physics_informed,540,614,298.15,0.22222222,False,1.549999995020812e-08,0.0070900447,0.69920963,1.201359,2.978117515182495,0.52278394,-1.201359,0.37348586
physics_informed,541,614,298.15,0.33333334,False,3.3000000065896984e-08,0.008014513,0.46183,0.68285704,1.6927732845306396,0.45986062,-0.68285704,0.24277228
physics_informed,542,614,298.15,0.44444445,False,4.900000005747529e-08,0.008483428,0.26314342,0.38488185,0.9541056046366692,0.38488185,-0.32487988,0.07966852
physics_informed,543,614,298.15,0.5555556,False,4.700000011403915e-08,0.0092971455,0.16320789,0.30247384,0.7498196294069289,0.30247384,-0.047130346,-0.14001948
physics_informed,544,614,298.15,0.6666667,False,5.599999997052407e-08,0.010297736,0.30236337,0.479609,1.188930120551586,0.24251193,0.18496919,-0.479609
physics_informed,545,614,298.15,0.7777778,False,5.000000002919336e-08,0.009237694,0.5342777,0.99167037,2.4583081328868865,0.23370564,0.37745696,-0.99167037
physics_informed,546,614,298.15,0.8888889,False,7.139999991245816e-08,0.0059392694,0.77119225,1.545172,3.8304149757385253,0.2593287,0.50907606,-1.545172
physics_informed,547,614,298.15,1.0,False,3.979999996239769e-08,0.0037430022,0.922431,1.888021,4.680322859764099,0.2918981,0.5873739,-1.888021
physics_informed,548,633,298.2,0.0,False,4.8500000016105105e-08,0.0094193425,0.6510048,0.91361666,2.2651962215423582,0.3271436,0.91361666,0.7122541
physics_informed,549,633,298.2,0.16666667,False,5.999999985739635e-08,0.009945226,0.6574125,1.109299,2.750365587615967,0.23865889,1.109299,0.62427974
physics_informed,550,633,298.2,0.33333334,False,6.599999990974936e-08,0.010505406,0.5341458,1.1863003,2.9412805206298827,0.08629838,1.1863003,0.32983878
physics_informed,551,633,298.2,0.5,False,4.4000000087862645e-08,0.010866443,0.35859022,1.0245669,2.540283344078064,-0.02383113,1.0245669,0.027372658
physics_informed,552,633,298.2,0.6666667,False,6.250000006424727e-08,0.0118101975,0.31860262,0.7623012,1.8900288010597228,-0.080863595,0.7623012,-0.11264306
physics_informed,553,633,298.2,0.8333333,False,1.0000000005838672e-07,0.01359408,0.25598982,0.507473,1.2582146787643433,-0.107441664,0.507473,-0.15305483
physics_informed,554,633,298.2,1.0,False,1.5999999991578306e-08,0.01631324,0.13935256,0.2731439,0.6772255388259888,-0.083785415,0.2731439,-0.061128378
physics_informed,555,660,298.15,0.0,False,2.7999999985262036e-08,0.00500384,0.46671054,0.8598757,2.1315948171854013,0.1442106,0.8598757,0.3960453
physics_informed,556,660,298.15,0.2,False,2.050000003084307e-08,0.0096262675,0.59817356,1.1060488,2.7418474248886104,0.22428174,1.1060488,0.46419016
physics_informed,557,660,298.15,0.4,False,6.099999994013672e-08,0.007669453,0.5495658,1.2343874,3.0599932102203367,0.0974164,1.2343874,0.31689352
physics_informed,558,660,298.15,0.6,False,3.0000000039720476e-08,0.0061458703,0.41542125,1.0497408,2.6022622055530547,0.03633094,1.0497408,0.16019207
physics_informed,559,660,298.15,0.8,False,7.320000006139082e-08,0.0056166532,0.27423128,0.80215096,1.9884977392435073,-0.017506123,0.80215096,0.0030367672
physics_informed,560,660,298.15,1.0,False,4.799999997473492e-08,0.005966852,0.1985743,0.51963043,1.2881415478706357,-0.0010124445,0.51963043,-0.07508004
physics_informed,561,662,298.15,0.0,False,8.600000001024455e-08,0.009569446,0.2344916,0.37713975,0.9349132163167,-0.22705567,-0.0992794,0.37713975
physics_informed,562,662,298.15,0.14285715,False,3.399999992659275e-08,0.0064204684,0.21470326,0.31935078,0.7916568380117416,0.188169,0.13659,0.31935078
physics_informed,563,662,298.15,0.2857143,False,1.8699999992932703e-08,0.0046097487,0.38541698,0.6277051,1.556053907871246,0.6277051,0.24448681,0.2840591
physics_informed,564,662,298.15,0.42857143,False,1.0579999998316936e-07,0.0035554182,0.5072737,0.9274411,2.299086673617363,0.9274411,0.38283396,0.21154597
physics_informed,565,662,298.15,0.5714286,False,5.000000014021566e-08,0.002920602,0.5649224,1.079946,2.6771397737979887,1.079946,0.50866365,0.1061575
physics_informed,566,662,298.15,0.71428573,False,3.0000000039720476e-08,0.0025511489,0.5741661,1.1231923,2.784345434999466,1.1231923,0.5933387,-0.0059673935
physics_informed,567,662,298.15,0.85714287,False,4.100000006168614e-08,0.002401169,0.6124663,1.1249804,2.788778264379501,1.1249804,0.62502027,-0.08739816
physics_informed,568,662,298.15,1.0,False,2.3200000032197465e-08,0.0024422468,0.6252585,1.1613374,2.878905448102951,1.1613374,0.60019493,-0.11424333
physics_informed,569,668,298.15,0.0,False,7.000000001866624e-08,0.011154975,0.7447941,1.2637203,3.1327083879947657,0.26765895,-1.2637203,0.7030029
physics_informed,570,668,298.15,0.2,False,6.399999996631323e-08,0.008662464,0.72741216,0.780421,1.9346301899671552,0.780421,-0.7728529,0.6289625
physics_informed,571,668,298.15,0.4,False,9.180000004604949e-08,0.0070108618,0.85614735,1.3286581,3.2936863452434535,1.3286581,-0.6526449,0.5871391
physics_informed,572,668,298.15,0.6,False,1.999999987845058e-08,0.0059579667,0.88754773,1.6422195,4.070991649341583,1.6422195,-0.49799883,0.522425
physics_informed,573,668,298.15,0.8,False,7.499999998827889e-08,0.005293565,0.8644037,1.7847056,4.424208536291122,1.7847056,-0.36401427,0.44449136
physics_informed,574,668,298.15,1.0,False,1.0000000161269895e-08,0.0049773636,0.83791924,1.8511362,4.588887152576446,1.8511362,-0.28573322,0.37688836
physics_informed,575,712,298.2,0.0,False,2.8129999996018284e-08,0.00045913487,1.2276739,3.251995,8.06290795097351,-0.11279419,-3.251995,-0.31823242
physics_informed,576,712,298.2,0.125,False,7.099999987936201e-08,0.0010969051,0.64550877,1.7142258,4.2502045789718625,0.027227938,-1.7142258,-0.19507267
physics_informed,577,712,298.2,0.25,False,7.50000006544127e-09,0.0022049102,0.28287244,0.58858156,1.459313036441803,0.18368065,-0.58858156,-0.0763551
physics_informed,578,712,298.2,0.375,False,1.2899999957127761e-08,0.0032753546,0.22609043,0.3799014,0.9419172271728515,0.2793424,0.3799014,0.019027447
physics_informed,579,712,298.2,0.5,False,5.39000000188139e-08,0.0018818851,0.51137173,1.2333479,3.0579292705535885,0.24747097,1.2333479,0.053296372
physics_informed,580,712,298.2,0.625,False,3.799999981346502e-09,0.0010937462,0.66157234,1.9190466,4.758032089805602,0.055963516,1.9190466,-0.00970687
physics_informed,581,712,298.2,0.75,False,8.924000005627875e-08,0.00065250724,0.99043053,2.4198775,5.999778562545776,-0.33867002,2.4198775,-0.21274391
physics_informed,582,712,298.2,0.875,False,9.880000007012057e-08,0.0004066042,1.4186941,2.721433,6.747446718978882,-0.9485364,2.721433,-0.58611315
physics_informed,583,712,298.2,1.0,False,6.489999992975726e-08,0.0002707611,1.8589333,2.8086572,6.963707810211182,-1.6723228,2.8086572,-1.0958201
physics_informed,584,722,298.2,0.0,False,2.399999998736746e-08,0.010501678,0.5918582,1.1379204,2.821328915405273,-0.05030507,1.1379204,0.58734906
physics_informed,585,722,298.2,0.2,False,9.599999994946984e-08,0.009322254,0.5120903,0.95912194,2.378020837211609,0.047495097,0.95912194,0.5296539
physics_informed,586,722,298.2,0.4,False,5.000000014021566e-08,0.0067298436,0.45435587,0.64833236,1.6074576427459717,0.2348696,0.64833236,0.4798656
physics_informed,587,722,298.2,0.6,False,5.4000000027087935e-08,0.005338484,0.40925288,0.4301395,1.06647616481781,0.41618204,0.38143706,0.4301395
physics_informed,588,722,298.2,0.8,False,5.970000005461884e-08,0.0046861097,0.38709402,0.61268854,1.5190832282066344,0.61268854,0.15718925,0.3914043
physics_informed,589,722,298.2,1.0,False,8.299999998406804e-08,0.004645113,0.4612018,0.90597546,2.246250874042511,0.90597546,-0.070338964,0.40729094
physics_informed,590,732,323.2,0.0,False,7.099999999038431e-08,0.004412776,0.20050621,0.38367787,1.0310323684692382,-0.14655411,0.07128668,0.38367787
physics_informed,591,732,323.2,0.16666667,False,1.0000000050247593e-08,0.012506054,0.24440973,0.37947893,1.0197487747192382,0.036924332,0.37947893,0.3168259
physics_informed,592,732,323.2,0.33333334,False,6.000000007944095e-08,0.014583001,0.30819613,0.5471275,1.4702596939086914,0.1539827,0.5471275,0.22347821
physics_informed,593,732,323.2,0.5,False,2.299999990462709e-08,0.011985023,0.3178396,0.57447505,1.543749153137207,0.2762398,0.57447505,0.10280392
physics_informed,594,732,323.2,0.6666667,False,1.9999999989472883e-08,0.010923799,0.31709546,0.5582465,1.5001391174316407,0.38744926,0.5582465,-0.005590625
physics_informed,595,732,323.2,0.8333333,False,6.000000007944095e-08,0.0111624645,0.3536736,0.53032243,1.4251006607055663,0.46013963,0.53032243,-0.07055884
physics_informed,596,732,323.2,1.0,False,1.849999997638463e-08,0.0128816385,0.34275758,0.47747195,1.283079042816162,0.4643017,0.47747195,-0.08649911
physics_informed,597,735,323.2,0.0,False,1.1300000002378852e-07,0.008658147,0.38717905,0.77445745,2.0811486450195313,-0.087442815,0.77445745,0.29963693
physics_informed,598,735,323.2,0.125,False,4.999999969612645e-09,0.009847519,0.43107805,0.93553686,2.5140067565917965,-0.109736264,0.93553686,0.24796107
physics_informed,599,735,323.2,0.25,False,4.19999999223819e-08,0.006334444,0.4280778,0.9821533,2.6392759765625002,-0.14018679,0.9821533,0.16189328
physics_informed,600,735,323.2,0.375,False,5.999999996841865e-08,0.0043409476,0.388325,0.96986544,2.6062555603027344,-0.13363683,0.96986544,0.061472792
physics_informed,601,735,323.2,0.5,False,6.139999997323287e-08,0.0032299864,0.35729733,0.936839,2.5175059097290036,-0.106164455,0.936839,-0.028888643
physics_informed,602,735,323.2,0.625,False,6.000000007944095e-08,0.0026159857,0.33470103,0.8971251,2.4107853607177736,-0.013624907,0.8971251,-0.093353085
physics_informed,603,735,323.2,1.0,False,1.9400000050850963e-08,0.0024360346,0.46770748,0.7306553,1.9634420959472654,0.5534327,0.7306553,-0.11903447
physics_informed,604,735,323.2,0.875,False,2.849999991560992e-08,0.0022629385,0.43590888,0.80457956,2.1620938201904294,0.37260652,0.80457956,-0.13054067
physics_informed,605,735,323.2,0.75,False,1.2019999995338537e-07,0.0023201602,0.38062704,0.8551271,2.2979269226074215,0.16110158,0.8551271,-0.1256524
physics_informed,606,743,323.2,0.0,False,2.280000011012362e-08,0.0034501678,0.6223678,1.2850981,3.4533597717285156,-0.1970498,1.2850981,0.3849555
physics_informed,607,743,323.2,0.14285715,False,9.000000000813912e-08,0.00944837,0.60364896,1.4767089,3.9682628143310543,-0.03488186,1.4767089,0.2993562
physics_informed,608,743,323.2,0.2857143,False,7.000000001866624e-08,0.016291274,0.60824466,1.5446277,4.150776361083984,0.108998835,1.5446277,0.17110747
physics_informed,609,743,323.2,0.42857143,False,2.099999996119095e-08,0.012792154,0.5863275,1.4545155,3.9086238677978513,0.2828952,1.4545155,0.02157183
physics_informed,610,743,323.2,0.5714286,False,1.0399999994525899e-07,0.010692109,0.6222926,1.2815473,3.443817971801758,0.47571564,1.2815473,-0.1096147
physics_informed,611,743,323.2,0.71428573,False,6.699999999248973e-08,0.009713822,0.6431183,1.0866182,2.9199975982666015,0.6466607,1.0866182,-0.19607598
physics_informed,612,743,323.2,1.0,False,2.2000000043931323e-08,0.010539558,0.56137615,0.78299856,2.1041006546020506,0.78299856,0.70314765,-0.19798231
physics_informed,613,743,323.2,0.85714287,False,2.0000000100495186e-08,0.009631087,0.62522763,0.89214134,2.397392874145508,0.761724,0.89214134,-0.22181763
physics_informed,614,748,278.15,0.0,False,3.9999999978945766e-08,0.0065994738,0.6395022,0.9080486,2.1000147803306577,-0.48606306,0.9080486,0.5243951
physics_informed,615,748,278.15,0.14285715,False,1.299999999870849e-07,0.014527282,0.61715573,1.186739,2.7445330029964445,-0.24040917,1.186739,0.42431897
physics_informed,616,748,278.15,0.2857143,False,2.0000000544584395e-09,0.010057802,0.54982394,1.312717,3.0358783208370204,-0.058714747,1.312717,0.27804002
physics_informed,617,748,278.15,0.42857143,False,5.059999996781528e-08,0.0072861956,0.5022962,1.2643657,2.9240576577663417,0.15151429,1.2643657,0.09100864
physics_informed,618,748,278.15,0.5714286,False,3.0000000039720476e-08,0.005826094,0.534855,1.1330056,2.620265598535538,0.39310086,1.1330056,-0.0784586
physics_informed,619,748,278.15,0.71428573,False,7.000000001866624e-08,0.005277334,0.59582204,0.9800892,2.266620788145065,0.6233411,0.9800892,-0.1840358
physics_informed,620,748,278.15,0.85714287,False,2.2000000043931323e-08,0.005477022,0.603752,0.8214388,1.8997150069475173,0.78004754,0.8214388,-0.20976976
physics_informed,621,748,278.15,1.0,False,5.2599999911251416e-08,0.0065788226,0.5420645,0.7910516,1.8294396737098693,0.7910516,0.65082026,-0.18432161
physics_informed,622,752,323.15,0.0,False,3.0000000039720476e-08,0.00044088357,0.4763296,0.77807486,2.0905460614204405,-0.77807486,-0.21661949,0.43429446
physics_informed,623,752,323.15,0.2,False,1.0999999999761201e-07,0.001290962,0.9152859,1.3396218,3.5993206700325007,-1.3396218,0.9659345,0.4403015
physics_informed,624,752,323.15,0.4,False,1.0506000003296379e-07,0.00071533816,1.1022688,1.7310302,4.650964086532593,-1.7310302,1.167124,0.4086521
physics_informed,625,752,323.15,0.6,False,1.037500000355962e-07,0.00021838325,1.200172,2.2018852,5.91606643075943,-2.2018852,1.0517597,0.3468709
physics_informed,626,752,323.15,0.8,False,3.7259999974281754e-08,8.174526e-05,1.1609435,2.388957,6.418694214916228,-2.388957,0.8312018,0.26267162
physics_informed,627,752,323.15,1.0,False,3.025000006040557e-08,3.808525e-05,0.97166544,2.0708566,5.564015940284729,-2.0708566,0.66937345,0.17476638
physics_informed,628,761,298.15,0.0,False,5.22700001059917e-08,0.00053655927,1.5509344,3.813325,9.453068648242951,-0.42023477,-3.813325,0.41924384
physics_informed,629,761,298.15,0.041666668,False,1.5599999958482158e-08,0.0007107356,1.3453465,3.2368913,8.024114393901824,-0.37240326,-3.2368913,0.4267449
physics_informed,630,761,298.15,0.083333336,False,6.544000008545936e-08,0.00092326244,1.1442018,2.6611629,6.596908249568939,-0.34076577,-2.6611629,0.43067676
physics_informed,631,761,298.15,0.125,False,6.80000000752301e-08,0.00117537,0.96332914,2.141582,5.308889535713195,-0.31780195,-2.141582,0.43060353
physics_informed,632,761,298.15,0.16666667,False,5.399999991606563e-08,0.0014682414,0.808475,1.7024179,4.220220760536193,-0.29589605,-1.7024179,0.42711106
physics_informed,633,761,298.15,0.20833333,False,3.0000000039720476e-08,0.0018100424,0.6748988,1.3306222,3.2985553491115565,-0.27307415,-1.3306222,0.4209999
physics_informed,634,761,298.15,0.25,False,9.080000007433142e-08,0.0022086424,0.56026965,1.0129609,2.5110866676330565,-0.25479317,-1.0129609,0.41305488
physics_informed,635,761,298.15,0.29166666,False,3.0000000039720476e-08,0.0022320047,0.46225604,0.7352183,1.8225745755434033,-0.24788809,-0.7352183,0.40366173
physics_informed,636,761,298.15,0.33333334,False,3.9999999978945766e-08,0.001667173,0.38013634,0.48974776,1.2140636802434919,-0.25750446,-0.48974776,0.39315683
physics_informed,637,761,298.15,0.375,False,3.0299999953520285e-08,0.0012546774,0.3141637,0.3814777,0.9456668793797492,-0.28918362,-0.27182984,0.3814777
physics_informed,638,761,298.15,0.41666666,False,4.350000004649246e-08,0.0009518132,0.26373443,0.36861727,0.9137863344311713,-0.34268713,-0.079898834,0.36861727
physics_informed,639,761,298.15,0.45833334,False,6.409999997458726e-08,0.0007289422,0.28489283,0.41565704,1.030395977306366,-0.41565704,0.084447145,0.3545743
physics_informed,640,761,298.15,0.5,False,3.0000000039720476e-08,0.0005617718,0.35714665,0.50806475,1.2594707524061202,-0.50806475,0.22438097,0.3389943
physics_informed,641,761,298.15,0.5416667,False,1.3550000010909002e-08,0.00043788255,0.42390907,0.6117079,1.5163977138757705,-0.6117079,0.33787572,0.32214352
physics_informed,642,761,298.15,0.5833333,False,4.68699999922606e-08,0.00034312063,0.4862167,0.7250786,1.7974386700630187,-0.7250786,0.4299295,0.3036421
physics_informed,643,761,298.15,0.625,False,5.4999999998806004e-08,0.000271922,0.5415355,0.8409791,2.0847511272907253,-0.8409791,0.49966133,0.2839661
physics_informed,644,761,298.15,0.6666667,False,8.999999989711682e-08,0.00021711591,0.58969635,0.9551182,2.3676970058917997,-0.9551182,0.5508189,0.26315185
physics_informed,645,761,298.15,0.7083333,False,3.9999999978945766e-08,0.00017445229,0.6304524,1.064414,2.6386367125511168,-1.064414,0.5858705,0.24107268
physics_informed,646,761,298.15,0.75,False,1.1061000004808363e-07,0.00014175261,0.6609787,1.1580791,2.8708285429477693,-1.1580791,0.6060861,0.21877083
physics_informed,647,761,298.15,0.7916667,False,9.727000005455011e-08,0.00011616773,0.6819653,1.2347417,3.060871530294418,-1.2347417,0.614939,0.19621508
physics_informed,648,761,298.15,0.8333333,False,5.560999993825533e-08,9.585961e-05,0.6922671,1.2892423,3.195976151466369,-1.2892423,0.6139061,0.17365299
physics_informed,649,761,298.15,0.875,False,3.0000000039720476e-08,8.004176e-05,0.6918773,1.3179154,3.267055817079544,-1.3179154,0.6057627,0.15195373
physics_informed,650,761,298.15,0.9166667,False,3.9999999978945766e-08,6.7413894e-05,0.6813063,1.3198261,3.2717923194408414,-1.3198261,0.5929122,0.1311806
physics_informed,651,761,298.15,0.9583333,False,3.9999999978945766e-08,5.7366964e-05,0.6605961,1.2942514,3.2083937604904174,-1.2942514,0.5760033,0.11153354
physics_informed,652,761,298.15,1.0,False,8.500000003852648e-08,4.9584767e-05,0.63151526,1.244811,3.085833278751373,-1.244811,0.55614835,0.093586475
physics_informed,653,784,298.15,0.0,False,2.399999998736746e-08,0.00040567786,1.7524438,4.173125,10.344996570205687,-0.626358,-4.173125,0.45784858
physics_informed,654,784,298.15,0.04347826,False,3.0000000039720476e-08,0.0005634654,1.6172992,3.8233232,9.477853822803496,-0.5617489,-3.8233232,0.4668254
physics_informed,655,784,298.15,0.08695652,False,7.000000001866624e-08,0.0007700385,1.4338632,3.3225522,8.236464265823365,-0.5035033,-3.3225522,0.47553396
physics_informed,656,784,298.15,0.13043478,False,6.50000000490536e-08,0.001031069,1.2318314,2.7579641,6.8368747338294975,-0.45621157,-2.7579641,0.48131874
physics_informed,657,784,298.15,0.17391305,False,6.299999999459516e-08,0.001348786,1.0372777,2.2129307,5.4857602809906005,-0.41623628,-2.2129307,0.48266596
physics_informed,658,784,298.15,0.2173913,False,3.0000000039720476e-08,0.0017246271,0.862211,1.7319918,4.2935333324432365,-0.37519467,-1.7319918,0.47944668
physics_informed,659,784,298.15,0.26086956,False,2.990000003144644e-08,0.0021651024,0.70774984,1.3224149,3.2782095437049863,-0.3284695,-1.3224149,0.4723651
physics_informed,660,784,298.15,0.3043478,False,4.9000000723609105e-09,0.0026789224,0.57209873,0.9758072,2.4189841878414153,-0.2782271,-0.9758072,0.46226192
physics_informed,661,784,298.15,0.3478261,False,1.2020000006440767e-07,0.0032834855,0.45130476,0.67388296,1.6705269639492033,-0.2303636,-0.67388296,0.44966766
physics_informed,662,784,298.15,0.39130434,False,1.4069999998422844e-07,0.0024649247,0.34066692,0.43460983,1.0773791349887847,-0.18759727,-0.39979362,0.43460983
physics_informed,663,784,298.15,0.4347826,False,5.650000001189426e-08,0.0018446669,0.24621175,0.41774195,1.0355643890857695,-0.16766953,-0.15322375,0.41774195
physics_informed,664,784,298.15,0.47826087,False,2.5699999905981485e-08,0.0013886833,0.21139766,0.398871,0.9887841065645218,-0.1676302,0.0676918,0.398871
physics_informed,665,784,298.15,0.5217391,False,4.9999999918171056e-08,0.0010520375,0.276909,0.37769946,0.9363007146596908,-0.18757772,0.26544976,0.37769946
physics_informed,666,784,298.15,0.5652174,False,6.000000007944095e-08,0.00080523005,0.3393879,0.43746018,1.0844450053095815,-0.22636318,0.43746018,0.3543403
physics_informed,667,784,298.15,0.6086956,False,1.1100000030239698e-08,0.0006212031,0.39784014,0.5840111,1.4477383332967757,-0.2808795,0.5840111,0.32862985
physics_informed,668,784,298.15,0.65217394,False,5.000000014021566e-08,0.00048368124,0.45130053,0.7066587,1.75177654671669,-0.34663963,0.7066587,0.30060333
physics_informed,669,784,298.15,0.6956522,False,1.5329999936142258e-08,0.00038102033,0.49819925,0.80417466,1.9935144567012786,-0.4199381,0.80417466,0.27048504
physics_informed,670,784,298.15,0.73913044,False,3.0000000039720476e-08,0.00030266677,0.53932476,0.8828565,2.1885633566617964,-0.49665833,0.8828565,0.23845941
physics_informed,671,784,298.15,0.7826087,False,3.9999999978945766e-08,0.00024197246,0.5710767,0.9416039,2.3341955921888347,-0.56669474,0.9416039,0.20493133
physics_informed,672,784,298.15,0.82608694,False,5.274999992366247e-08,0.00019521725,0.5946359,0.9843086,2.4400587515354153,-0.6291504,0.9843086,0.17044877
physics_informed,673,784,298.15,0.8695652,False,1.1625000007065012e-07,0.00015891225,0.60850054,1.0129415,2.511038330173492,-0.6764989,1.0129415,0.13606131
physics_informed,674,784,298.15,0.9130435,False,3.919000013397067e-08,0.00013056419,0.6122281,1.0297801,2.552780854225159,-0.7044883,1.0297801,0.10241586
physics_informed,675,784,298.15,0.95652175,False,6.50000000490536e-08,0.00010833256,0.6052766,1.0367123,2.569965105438232,-0.70875645,1.0367123,0.07036102
physics_informed,676,784,298.15,1.0,False,6.000000007944095e-08,9.083706e-05,0.5886265,1.0366035,2.5696955530166625,-0.68868256,1.0366035,0.04059354
physics_informed,677,785,298.15,0.0,False,4.801999997638973e-08,0.00016950502,1.7568139,4.402512,10.91363844451904,-0.428591,-4.402512,0.43933833
physics_informed,678,785,298.15,0.03448276,False,2.9999999928698173e-08,0.00023365977,1.6230661,4.083585,10.12303095588684,-0.33593535,-4.083585,0.44967815
physics_informed,679,785,298.15,0.06896552,False,7.391999989891929e-08,0.00031948692,1.4463925,3.6270514,8.99130430908203,-0.25070065,-3.6270514,0.4614257
physics_informed,680,785,298.15,0.10344828,False,2.8100000104558376e-08,0.0004297601,1.2494277,3.0976815,7.679019621849059,-0.17830724,-3.0976815,0.47229412
physics_informed,681,785,298.15,0.13793103,False,7.005000002280326e-08,0.00056880305,1.0502793,2.55262,6.3278352218627925,-0.117667854,-2.55262,0.48055002
physics_informed,682,785,298.15,0.1724138,False,5.000000014021566e-08,0.0007398579,0.86331886,2.0408134,5.059088937473297,-0.063916564,-2.0408134,0.4852263
physics_informed,683,785,298.15,0.20689656,False,1.1184999992863709e-07,0.00094537885,0.69271487,1.5762243,3.907392380094528,-0.015410066,-1.5762243,0.4865101
physics_informed,684,785,298.15,0.2413793,False,4.6300000056120894e-08,0.0011920327,0.5632035,1.1767936,2.917220846271515,0.0278821,-1.1767936,0.48493478
physics_informed,685,785,298.15,0.27586207,False,4.9999999918171056e-08,0.0014881593,0.45720676,0.82558393,2.046587139105797,0.06494832,-0.82558393,0.481088
physics_informed,686,785,298.15,0.31034482,False,7.999999995789153e-08,0.0018430322,0.36032853,0.51485443,1.2763019979953765,0.09069872,-0.51485443,0.47543246
physics_informed,687,785,298.15,0.3448276,False,3.0000000039720476e-08,0.0016956991,0.26840934,0.46823522,1.1607350225567816,0.099854946,-0.2371378,0.46823522
physics_informed,688,785,298.15,0.37931034,False,9.559999991637369e-08,0.0012795466,0.18734495,0.45955303,1.1392122000098228,0.0904727,0.012009144,0.45955303
physics_informed,689,785,298.15,0.41379312,False,7.680000013721155e-08,0.0009727936,0.24640067,0.44944212,1.114147734451294,0.060714245,0.22904563,0.44944212
physics_informed,690,785,298.15,0.44827586,False,3.0000000039720476e-08,0.0007432185,0.2891967,0.43770584,1.0850539862155912,0.013228416,0.41665578,0.43770584
physics_informed,691,785,298.15,0.4827586,False,6.294999999045814e-08,0.00057121075,0.34938136,0.5742748,1.423602444553375,-0.04976654,0.5742748,0.42410272
physics_informed,692,785,298.15,0.51724136,False,5.990000007116691e-08,0.0004416322,0.41244927,0.70455194,1.7465539685487745,-0.12443018,0.70455194,0.40836576
physics_informed,693,785,298.15,0.55172414,False,7.939999990824731e-08,0.00034276,0.4696227,0.8106415,2.0095455751657485,-0.20808029,0.8106415,0.3901463
physics_informed,694,785,298.15,0.5862069,False,3.9999999978945766e-08,0.00026785122,0.5197162,0.8931178,2.214000660419464,-0.2966137,0.8931178,0.3694172
physics_informed,695,785,298.15,0.62068963,False,7.000000001866624e-08,0.00021158977,0.5627547,0.9549482,2.3672754748106,-0.38683987,0.9549482,0.34647614
physics_informed,696,785,298.15,0.6551724,False,4.060000002858999e-08,0.0001674424,0.5984824,1.000345,2.4798123312950135,-0.47423887,1.000345,0.32086322
physics_informed,697,785,298.15,0.6896552,False,1.1097999996767527e-07,0.00013380902,0.6259096,1.0306865,2.555027693080902,-0.5534668,1.0306865,0.2935756
physics_informed,698,785,298.15,0.7241379,False,4.000000020099037e-08,0.00010730848,0.6451958,1.0489788,2.600373348236084,-0.62243557,1.0489788,0.2641731
physics_informed,699,785,298.15,0.7586207,False,8.999999989711682e-08,8.654552e-05,0.6553795,1.0576948,2.6219799083232878,-0.6748867,1.0576948,0.23355696
physics_informed,700,785,298.15,0.79310346,False,6.505000005319062e-08,7.052495e-05,0.65634257,1.0587761,2.624660646963119,-0.7075186,1.0587761,0.20273295
physics_informed,701,785,298.15,0.82758623,False,1.0000000005838672e-07,5.7718935e-05,0.6480755,1.0543733,2.6137460485935207,-0.7183819,1.0543733,0.17147139
physics_informed,702,785,298.15,0.86206895,False,8.999999989711682e-08,4.7578604e-05,0.63033026,1.0463014,2.593736046361923,-0.7038002,1.0463014,0.14088917
physics_informed,703,785,298.15,0.8965517,False,5.000000002919336e-08,3.9707316e-05,0.60450876,1.0360297,2.5682730100154876,-0.6655121,1.0360297,0.11198448
physics_informed,704,785,298.15,0.9310345,False,4.4000000087862645e-08,3.3365533e-05,0.57032156,1.0242457,2.5390612615108488,-0.6022701,1.0242457,0.084448814
physics_informed,705,785,298.15,0.9655172,False,8.287800001838264e-08,2.8399878e-05,0.52949107,1.0120598,2.508852908325195,-0.5167875,1.0120598,0.059625883
physics_informed,706,785,298.15,1.0,False,8.68530000142087e-08,2.4366147e-05,0.4826512,0.9998779,2.4786545069694514,-0.41132355,0.9998779,0.036752056
physics_informed,707,790,323.2,0.0,False,5.000000002919336e-08,0.006161324,0.13957717,0.28727114,0.7719648872375489,0.076755434,-0.054704905,0.28727114
physics_informed,708,790,323.2,0.2,False,1.1799999999340116e-07,0.016820474,0.24903326,0.31429243,0.8445774391174315,0.24649626,0.31429243,0.1863111
physics_informed,709,790,323.2,0.4,False,5.000000014021566e-08,0.017276742,0.24968778,0.43095064,1.1580653434753416,0.23382455,0.43095064,0.084288105
physics_informed,710,790,323.2,0.6,False,3.600000009207349e-08,0.019119866,0.19565342,0.3327815,0.8942618690490722,0.24889374,0.3327815,-0.0052850023
physics_informed,711,790,323.2,0.8,False,1.9999999989472883e-08,0.023848735,0.17521496,0.24751318,0.6651259017944336,0.24751318,0.23475629,-0.043375462
physics_informed,712,790,323.2,1.0,False,7.499999998827889e-08,0.034764953,0.11505856,0.17268968,0.46405763511657716,0.13057017,0.17268968,-0.04191585
physics_informed,713,792,303.2,0.0,False,4.3000000005122274e-08,0.008966908,0.26452515,0.37587857,0.9475692523956298,0.06279892,0.35489798,0.37587857
physics_informed,714,792,303.2,0.14285715,False,3.399999992659275e-08,0.014030031,0.35569867,0.6318579,1.5928789783477781,0.14839995,0.6318579,0.28683823
physics_informed,715,792,303.2,0.2857143,False,3.699999995276926e-08,0.014361536,0.36969247,0.81359315,2.0510236232757566,0.11271644,0.81359315,0.18276784
physics_informed,716,792,303.2,0.42857143,False,7.999999995789153e-08,0.0152726285,0.3149911,0.84703827,2.135336896896362,0.049577296,0.84703827,0.048357733
physics_informed,717,792,303.2,0.5714286,False,8.900000003642106e-08,0.016892523,0.28123948,0.7502744,1.8914006103515624,0.03254664,0.7502744,-0.060897395
physics_informed,718,792,303.2,0.71428573,False,3.0000000039720476e-08,0.01995564,0.25534287,0.6101155,1.5380678035736084,0.039925218,0.6101155,-0.11598782
physics_informed,719,792,303.2,0.85714287,False,4.399999997684034e-08,0.025428336,0.2082324,0.47876835,1.206948678588867,0.021175504,0.47876835,-0.124753356
physics_informed,720,792,303.2,1.0,False,5.000000002919336e-08,0.035079595,0.16760778,0.3585019,0.9037636423110962,-0.04057288,0.3585019,-0.10374853
physics_informed,721,797,282.2,0.0,False,6.699999999248973e-08,0.00877052,0.45821443,0.5601554,1.3143157603263855,-0.40705103,0.40743685,0.5601554
physics_informed,722,797,282.2,0.16666667,False,4.100000006168614e-08,0.016280137,0.49834278,0.72267294,1.6956373476982116,-0.28674236,0.72267294,0.4856131
physics_informed,723,797,282.2,0.33333334,False,2.0000000100495186e-08,0.012808305,0.46149722,0.85526204,2.006736731624603,-0.19493711,0.85526204,0.33429247
physics_informed,724,797,282.2,0.5,False,5.100000000091143e-08,0.010618069,0.3355621,0.8110833,1.9030783376693725,-0.06533009,0.8110833,0.13027292
physics_informed,725,797,282.2,0.6666667,False,3.0000000039720476e-08,0.0098822685,0.27444836,0.6864214,1.6105788515090942,0.08239883,0.6864214,-0.05452484
physics_informed,726,797,282.2,1.0,False,3.900000011825e-08,0.012651861,0.26338765,0.33720386,0.791195384979248,0.3007275,0.33720386,-0.1522316
physics_informed,727,797,282.2,0.8333333,False,3.9999999978945766e-08,0.010440648,0.2997763,0.5190214,1.2178013397216796,0.2267139,0.5190214,-0.1535936
physics_informed,728,818,298.15,0.0,False,8.600000001024455e-08,0.014101663,0.45312858,0.722558,1.7911903425693512,-0.018088832,0.722558,0.61873895
physics_informed,729,818,298.15,0.16666667,False,3.1000000011438544e-08,0.015047839,0.49694374,0.8137069,2.0171443659782406,-0.15800369,0.8137069,0.5191207
physics_informed,730,818,298.15,0.33333334,False,8.800000006470299e-08,0.015278142,0.44906083,0.71553326,1.77377620408535,-0.2685249,0.71553326,0.3631243
physics_informed,731,818,298.15,0.5,False,6.50000000490536e-08,0.015603925,0.34056294,0.48958468,1.2136593516111374,-0.27826327,0.48958468,0.25384083
physics_informed,732,818,298.15,0.6666667,False,3.9999999978945766e-08,0.016501995,0.21589346,0.2567489,0.636469495165348,-0.19222414,0.2567489,0.19870734
physics_informed,733,818,298.15,0.8333333,False,1.999999987845058e-08,0.01797226,0.104938865,0.24454987,0.6062286563634872,0.028021216,0.042245507,0.24454987
physics_informed,734,818,298.15,1.0,False,4.499999994855841e-08,0.020010345,0.37879363,0.50128055,1.2426528707027436,0.46816504,-0.16693532,0.50128055
physics_informed,735,826,298.15,0.0,False,2.0000000100495186e-08,0.008841575,0.6862354,0.99389696,2.4638279864311214,0.36585066,0.99389696,0.69895864
physics_informed,736,826,298.15,0.1,False,8.899999981437645e-08,0.0084774485,0.7257721,1.1240835,2.7865547412395477,0.35911,1.1240835,0.6941227
physics_informed,737,826,298.15,0.2,False,6.399999996631323e-08,0.008063392,0.7273731,1.1875749,2.943947196340561,0.33561608,1.1875749,0.6589285
physics_informed,738,826,298.15,0.3,False,3.9999999978945766e-08,0.007600732,0.6964655,1.18258,2.9315651295661924,0.31038985,1.18258,0.5964265
physics_informed,739,826,298.15,0.4,False,3.9999999978945766e-08,0.007225252,0.64011186,1.136941,2.8184278934001923,0.27860487,1.136941,0.5047897
physics_informed,740,826,298.15,0.5,False,6.699999999248973e-08,0.006999847,0.56117654,1.0772717,2.6705101490497585,0.22903848,1.0772717,0.37721947
physics_informed,741,826,298.15,0.6,False,4.9999999918171056e-08,0.006915251,0.463142,1.0094984,2.5025030721664425,0.16340488,1.0094984,0.21652275
physics_informed,742,826,298.15,0.7,False,9.99999993922529e-09,0.0069365473,0.35493827,0.92920923,2.303469743847847,0.0973959,0.92920923,0.038209617
physics_informed,743,826,298.15,0.8,False,2.9399999990076253e-08,0.0070432494,0.3394072,0.83454037,2.0687896716356278,0.05004835,0.83454037,-0.13363296
physics_informed,744,826,298.15,0.9,False,5.999999985739635e-08,0.0072342134,0.34651175,0.72707725,1.80239325966835,0.035631776,0.72707725,-0.27682632
physics_informed,745,826,298.15,1.0,False,3.9999999978945766e-08,0.0075264233,0.34800363,0.6129565,1.5194928751468657,0.058513522,0.6129565,-0.37254077
physics_informed,746,828,298.15,0.0,False,9.000000000813912e-08,0.009323135,0.52909976,0.65138626,1.6147586151599882,0.3006175,0.65138626,0.6352956
physics_informed,747,828,298.15,0.09090909,False,1.0799999994315357e-07,0.009097384,0.5534107,0.7271397,1.8025480817079542,0.25988108,0.7271397,0.6732113
physics_informed,748,828,298.15,0.18181819,False,7.699999993171502e-08,0.008668943,0.55276865,0.7418864,1.8391044228553772,0.22064194,0.7418864,0.69577765
physics_informed,749,828,298.15,0.27272728,False,7.400000012758312e-08,0.00818065,0.53155917,0.7084284,1.756163597679138,0.1855396,0.7084284,0.70070946
physics_informed,750,828,298.15,0.36363637,False,5.599999997052407e-08,0.007759656,0.49386254,0.6812311,1.6887426512479782,0.14439154,0.6559651,0.6812311
physics_informed,751,828,298.15,0.45454547,False,7.999999995789153e-08,0.0074522393,0.43954444,0.6297214,1.561052285528183,0.08464664,0.6042652,0.6297214
physics_informed,752,828,298.15,0.54545456,False,2.8999999956980105e-08,0.007237411,0.3696704,0.5558002,1.3778048341512679,0.0077281,0.5558002,0.5454828
physics_informed,753,828,298.15,0.6363636,False,4.9999999918171056e-08,0.00709006,0.33862972,0.5054382,1.2529595544338226,-0.07497263,0.5054382,0.43547836
physics_informed,754,828,298.15,0.72727275,False,3.9999999978945766e-08,0.0069913296,0.30242035,0.44851148,1.1118406870245934,-0.1465882,0.44851148,0.31216133
physics_informed,755,828,298.15,0.8181818,False,1.7999999935014444e-08,0.006931118,0.2543609,0.38358378,0.9508877515196799,-0.18839526,0.38358378,0.1911037
physics_informed,756,828,298.15,0.90909094,False,8.239999993442382e-08,0.0069155176,0.19611986,0.31347263,0.777085155403614,-0.18566084,0.31347263,0.0892261
physics_informed,757,828,298.15,1.0,False,5.000000002919336e-08,0.006950812,0.13000572,0.24165285,0.5990470604777336,-0.13214111,0.24165285,0.016223192
physics_informed,758,834,298.15,0.0,False,9.99999993922529e-09,0.011694112,0.42449847,0.74255276,1.8407564266204834,-0.049946785,-0.74255276,0.48099595
physics_informed,759,834,298.15,0.14285715,False,9.99999993922529e-09,0.009065643,0.24634068,0.42197084,1.0460475756287573,-0.0054938793,-0.3115573,0.42197084
physics_informed,760,834,298.15,0.2857143,False,9.000000000813912e-08,0.0075284573,0.13144933,0.33483738,0.8300474435806273,0.024609447,-0.034901142,0.33483738
physics_informed,761,834,298.15,0.42857143,False,5.250000001399968e-08,0.0067519825,0.1360633,0.22793971,0.5650527468562125,0.002392292,0.17785788,0.22793971
physics_informed,762,834,298.15,0.5714286,False,8.200000012337227e-08,0.006460422,0.16638988,0.32702494,0.8106807560682295,-0.055293083,0.32702494,0.11685162
physics_informed,763,834,298.15,0.71428573,False,8.499999926137036e-09,0.0065196715,0.18320984,0.41543055,1.029834480845928,-0.11236715,0.41543055,0.021831803
physics_informed,764,834,298.15,0.85714287,False,3.9999999978945766e-08,0.0069168136,0.21324344,0.45416152,1.1258468924403189,-0.14413428,0.45416152,-0.04143454
physics_informed,765,834,298.15,1.0,False,1.7999999935014444e-08,0.007689028,0.22488205,0.45484066,1.1275304577231406,-0.14811802,0.45484066,-0.071687475
physics_informed,766,847,298.15,0.0,False,8.299999998406804e-08,0.0028261237,0.44096962,1.0715202,2.6562525888442994,-0.0718503,1.0715202,-0.17953835
physics_informed,767,847,298.15,0.1,False,8.299999909588962e-09,0.004359422,0.41266477,0.963683,2.3889288084983824,0.19382107,0.963683,-0.080490276
physics_informed,768,847,298.15,0.2,False,2.099999996119095e-08,0.005179165,0.42627272,0.83899325,2.079828241372108,0.42524296,0.83899325,0.014581919
physics_informed,769,847,298.15,0.3,False,4.100000006168614e-08,0.0035546077,0.46291664,0.6852379,1.6986752883434295,0.61722356,0.6852379,0.086288616
physics_informed,770,847,298.15,0.4,False,6.570000010697186e-08,0.0025378237,0.46725765,0.7814329,1.9371386197805402,0.7814329,0.49496835,0.12537172
physics_informed,771,847,298.15,0.5,False,1.8900000009480777e-08,0.0018823461,0.45487627,0.9461303,2.3454162804126737,0.9461303,0.280465,0.13803354
physics_informed,772,847,298.15,0.6,False,1.3399999998497947e-07,0.001448114,0.44709554,1.1296746,2.800414796924591,1.1296746,0.07101616,0.14059597
physics_informed,773,847,298.15,0.7,False,3.990000008169403e-08,0.0011528451,0.52651393,1.324308,3.2829028266906737,1.324308,-0.106298864,0.14893498
physics_informed,774,847,298.15,0.8,False,1.1000000021965661e-08,0.00094979507,0.6374965,1.502311,3.7241644058704373,1.502311,-0.23908168,0.17109676
physics_informed,775,847,298.15,0.9,False,4.3000000005122274e-08,0.000816618,0.7238874,1.6366601,4.057210070943833,1.6366601,-0.3307282,0.20427379
physics_informed,776,847,298.15,1.0,False,5.2269999994969396e-08,0.00073876773,0.7861354,1.7186903,4.260559223556518,1.7186903,-0.39306736,0.24664834
physics_informed,777,849,303.15,0.0,False,1.6500000032948492e-08,0.0013538075,0.91883975,1.6216004,4.087291307401657,0.62679076,1.6216004,-0.5081282
physics_informed,778,849,303.15,0.11111111,False,2.099999996119095e-08,0.0022186118,0.90933055,1.3933936,3.512089612197876,0.9169057,1.3933936,-0.41769218
physics_informed,779,849,303.15,0.22222222,False,4.2599999972026126e-08,0.0021267196,0.87933105,1.1753578,2.9625238460540766,1.1753578,1.108873,-0.35376242
physics_informed,780,849,303.15,0.33333334,False,7.290000003656871e-08,0.0014596321,0.8421971,1.4265913,3.5957650903701777,1.4265913,0.7758571,-0.32414296
physics_informed,781,849,303.15,0.44444445,False,8.539999996060033e-08,0.0010452794,0.813153,1.6967835,4.276792726421355,1.6967835,0.42403853,-0.31863713
physics_informed,782,849,303.15,0.5555556,False,1.0722999999046579e-07,0.00078051223,0.7984775,1.9806329,4.992243101406097,1.9806329,0.0952262,-0.31957346
physics_informed,783,849,303.15,0.6666667,False,5.599999997052407e-08,0.000606763,0.9111998,2.2422862,5.65174792470932,2.2422862,-0.17973527,-0.3115781
physics_informed,784,849,303.15,0.7777778,False,2.1600000010835174e-08,0.0004888864,1.0407947,2.4475055,6.169009523391723,2.4475055,-0.38722095,-0.28765795
physics_informed,785,849,303.15,0.8888889,False,1.793000004024492e-08,0.00040962707,1.1202928,2.5807939,6.504966735935211,2.5807939,-0.53245306,-0.24763137
physics_informed,786,849,303.15,1.0,False,9.095000008674248e-08,0.00035847505,1.1602746,2.6523848,6.685413632583618,2.6523848,-0.6300629,-0.19837648
physics_informed,787,859,293.15,0.0,False,1.8699999992932703e-08,0.0029983267,0.4064088,0.61000776,1.4868235390424727,-0.078643635,0.61000776,0.5305749
physics_informed,788,859,293.15,0.16666667,False,4.200000014442651e-08,0.0093883965,0.43543708,0.792892,1.932582769846916,0.02456598,0.792892,0.4888533
physics_informed,789,859,293.15,0.33333334,False,2.4999999959085528e-08,0.0122402515,0.44474626,0.86905885,2.1182307003259657,0.030310601,0.86905885,0.43486923
physics_informed,790,859,293.15,0.5,False,7.699999993171502e-08,0.011574756,0.3886311,0.7886996,1.9223643602371214,0.027671099,0.7886996,0.34952265
physics_informed,791,859,293.15,0.6666667,False,4.000000008996807e-08,0.011423204,0.30531648,0.6214385,1.5146847490310669,0.04598397,0.6214385,0.24852702
physics_informed,792,859,293.15,0.8333333,False,2.7999999985262036e-08,0.012072862,0.22660635,0.45806837,1.1164888384580611,0.069425106,0.45806837,0.15232559
physics_informed,793,859,293.15,1.0,False,2.099999996119095e-08,0.013676829,0.16415429,0.3188231,0.777094527721405,0.09022039,0.3188231,0.08341938
physics_informed,794,860,293.15,0.0,False,7.600000007101926e-08,0.018675413,0.26655698,0.42234355,1.0294137333273887,-0.17212722,-0.2052002,0.42234355
physics_informed,795,860,293.15,0.125,False,3.699999995276926e-08,0.01808908,0.17551804,0.37656206,0.9178265924334525,-0.138423,0.011569023,0.37656206
physics_informed,796,860,293.15,0.25,False,5.000000002919336e-08,0.018643359,0.21322644,0.32899725,0.8018929126739501,-0.1588285,0.15185356,0.32899725
physics_informed,797,860,293.15,0.375,False,7.000000001866624e-08,0.019847265,0.22183388,0.2710955,0.6607640687704086,-0.1932016,0.20120454,0.2710955
physics_informed,798,860,293.15,0.5,False,9.99999993922529e-09,0.02189718,0.20450841,0.21844524,0.5324351105093956,-0.21844524,0.18402934,0.21105063
physics_informed,799,860,293.15,0.625,False,3.400000003761505e-08,0.025307126,0.17953719,0.23725444,0.5782803356051445,-0.23725444,0.14380312,0.15755403
physics_informed,800,860,293.15,0.75,False,9.99999993922529e-09,0.030738791,0.16145582,0.2601152,0.6340007985949515,-0.2601152,0.11016083,0.114091456
physics_informed,801,860,293.15,0.875,False,3.0000000039720476e-08,0.03913117,0.15415272,0.2898513,0.7064791542053221,-0.2898513,0.08933878,0.083268076
physics_informed,802,860,293.15,1.0,False,1.4999999908837935e-08,0.051934835,0.15310472,0.31774962,0.7744780355930329,-0.31774962,0.075324535,0.06624001
data_driven_baseline,0,22,298.15,0.0,False,5.49999998877837e-08,0.00012309344,2.3502648,4.464203,11.066566793060302,4.464203,2.340206,0.24638541
data_driven_baseline,1,22,298.15,0.125,False,5.901999999835539e-08,0.00017816902,2.122089,4.000809,9.91783445930481,4.000809,2.2673707,-0.098086864
data_driven_baseline,2,22,298.15,0.25,False,6.899999993592587e-08,0.00024300892,2.0716162,3.5545542,8.811587340450286,3.5545542,2.0783062,-0.5819881
data_driven_baseline,3,22,298.15,0.375,False,4.98300001261498e-08,0.00031747983,1.9924674,3.161697,7.837710932922363,3.161697,1.8010266,-1.0146784
data_driven_baseline,4,22,298.15,0.5,False,4.1260000083198634e-08,0.00041164126,1.895567,2.8050056,6.95348800201416,2.8050056,1.477176,-1.4045197
data_driven_baseline,5,22,298.15,0.625,False,2.999999981767587e-08,0.0005287867,1.7776588,2.526401,6.262839536380768,2.526401,1.077894,-1.7286816
data_driven_baseline,6,22,298.15,0.75,False,4.54999999899286e-08,0.0006450955,1.607793,2.50048,6.198582561016082,2.50048,0.5935965,-1.7293026
data_driven_baseline,7,22,298.15,0.875,False,1.9399999828806358e-08,0.0007084594,1.4092954,2.9082031,7.209310879039764,2.9082031,0.17606512,-1.1436181
data_driven_baseline,8,22,298.15,1.0,False,3.44000000707112e-08,0.0007125456,1.2774969,3.5139418,8.710910648345948,3.5139418,-0.025710255,-0.29283857
data_driven_baseline,9,25,313.2,0.0,False,4.5169999962624274e-08,4.399783e-05,2.6983013,5.695218,14.83085824584961,5.695218,2.2517567,0.14792877
data_driven_baseline,10,25,313.2,0.09090909,False,9.800000000392828e-08,6.399709e-05,2.5019662,5.297478,13.79510848388672,5.297478,2.1622107,0.046209678
data_driven_baseline,11,25,313.2,0.18181819,False,4.775999995487723e-08,8.946224e-05,2.35536,4.9241896,12.82303123626709,4.9241896,2.0013237,-0.1405666
data_driven_baseline,12,25,313.2,0.27272728,False,1.1003500000050792e-07,0.000118699965,2.2414987,4.595531,11.967174577331543,4.595531,1.7534838,-0.3754812
data_driven_baseline,13,25,313.2,0.36363637,False,3.673000004145166e-08,0.00015059327,2.1172943,4.3211346,11.25262256011963,4.3211346,1.4614064,-0.56934226
data_driven_baseline,14,25,313.2,0.45454547,False,6.782000006033684e-08,0.00018704782,1.9826035,4.087174,10.643367411804197,4.087174,1.1710484,-0.6895879
data_driven_baseline,15,25,313.2,0.54545456,False,9.900000008666865e-08,0.00022868668,1.8504511,3.8929427,10.137571586608887,3.8929427,0.90267324,-0.7557375
data_driven_baseline,16,25,313.2,0.6363636,False,1.0500000002799936e-07,0.00027610167,1.7272606,3.7427433,9.746438976287841,3.7427433,0.65758836,-0.78145015
data_driven_baseline,17,25,313.2,0.72727275,False,5.68999998229458e-08,0.0003239069,1.6210022,3.663223,9.539361426544188,3.663223,0.44134647,-0.75843716
data_driven_baseline,18,25,313.2,0.8181818,False,4.399999997684034e-08,0.00036291426,1.5449752,3.6726782,9.563983703613282,3.6726782,0.2716815,-0.6905656
data_driven_baseline,19,25,313.2,0.90909094,False,5.266000013826044e-08,0.00038077266,1.5124584,3.7642093,9.802338361358643,3.7642093,0.16031726,-0.612849
data_driven_baseline,20,25,313.2,1.0,False,7.409999991381255e-08,0.0003757481,1.512235,3.8980098,10.150766551208495,3.8980098,0.09322198,-0.5454736
data_driven_baseline,21,26,298.15,0.0,False,6.629000015578868e-08,0.00015614629,2.234872,4.266122,10.575533269119262,4.266122,2.3880682,-0.050425824
data_driven_baseline,22,26,298.15,0.11111111,False,3.199999998315661e-08,0.00021789341,2.1271985,3.8953366,9.656372022438049,3.8953366,2.3073027,-0.17895553
data_driven_baseline,23,26,298.15,0.22222222,False,6.986000000708259e-08,0.00028404014,2.0278065,3.5803587,8.875555428409577,3.5803587,2.1434486,-0.35961205
data_driven_baseline,24,26,298.15,0.33333334,False,2.4850000057696775e-08,0.00035003485,1.922225,3.3249013,8.242287508010865,3.3249013,1.932437,-0.5093364
data_driven_baseline,25,26,298.15,0.44444445,False,2.746000005160454e-08,0.00042232746,1.815197,3.0975325,7.6786499824523915,3.0975325,1.7164009,-0.63165784
data_driven_baseline,26,26,298.15,0.5555556,False,6.300000010561746e-08,0.0005024736,1.7225105,2.8895264,7.163011554241179,2.8895264,1.5048914,-0.77311355
data_driven_baseline,27,26,298.15,0.6666667,False,4.109999995893787e-08,0.0005918689,1.6456264,2.7020266,6.698207641887664,2.7020266,1.2940934,-0.94075906
data_driven_baseline,28,26,298.15,0.7777778,False,2.13999999942871e-08,0.0006983414,1.5706409,2.5333326,6.280022650241851,2.5333326,1.0666094,-1.1119807
data_driven_baseline,29,26,298.15,0.8888889,False,7.000000001866624e-08,0.0008060428,1.4910954,2.4233756,6.007444303703308,2.4233756,0.80952984,-1.2403808
data_driven_baseline,30,26,298.15,1.0,False,4.2249999943066996e-08,0.00089639775,1.4066095,2.4115913,5.978231417846679,2.4115913,0.5375215,-1.2707157
data_driven_baseline,31,28,313.2,0.0,False,3.4000000148637355e-08,0.00018496803,2.2372925,4.2079973,10.958002322387694,4.2079973,2.4075859,0.09629415
data_driven_baseline,32,28,313.2,0.125,False,8.999999989711682e-08,0.0002616011,2.1195219,3.7841384,9.854235887145997,3.7841384,2.2772443,-0.29718298
data_driven_baseline,33,28,313.2,0.25,False,2.5999999930803597e-08,0.0003385725,2.0702217,3.4383109,8.953669995117187,3.4383109,2.046688,-0.72566617
data_driven_baseline,34,28,313.2,0.375,False,8.000000017993614e-08,0.0004206153,1.9878397,3.153815,8.212817058563232,3.153815,1.769793,-1.0399115
data_driven_baseline,35,28,313.2,0.5,False,2.3749999966682367e-08,0.00051649375,1.8923693,2.902368,7.558027095794678,2.902368,1.4869411,-1.2877988
data_driven_baseline,36,28,313.2,0.625,False,5.7000000053264444e-08,0.0006387452,1.7866396,2.6713734,6.956496091461181,2.6713734,1.1896912,-1.498854
data_driven_baseline,37,28,313.2,0.875,False,4.799999997473492e-08,0.0008940362,1.4634393,2.5400615,6.614547699737549,2.5400615,0.47041932,-1.3798368
data_driven_baseline,38,28,313.2,0.75,False,2.2000000043931323e-08,0.00077643746,1.6505345,2.5168006,6.553974401092529,2.5168006,0.84809536,-1.5867074
data_driven_baseline,39,28,313.2,1.0,False,7.779999999790732e-08,0.0009345378,1.2569635,2.823154,7.351746453094482,2.823154,0.15901259,-0.78872395
data_driven_baseline,40,31,313.2,0.0,False,8.785999994209703e-08,0.00029622714,2.0120554,3.7534072,9.77420885696411,3.7534072,1.889935,0.3928243
data_driven_baseline,41,31,313.2,0.09090909,False,3.9999999978945766e-08,0.00039090627,1.8553228,3.4349604,8.944944639587401,3.4349604,1.8578854,0.2731226
data_driven_baseline,42,31,313.2,0.18181819,False,7.499999998827889e-08,0.0004933811,1.6811541,3.1484218,8.198772617340088,3.1484218,1.7831497,0.11189078
data_driven_baseline,43,31,313.2,0.27272728,False,7.959999992479538e-08,0.0006010704,1.5380192,2.8963704,7.542408554077149,2.8963704,1.6674342,-0.05025284
data_driven_baseline,44,31,313.2,0.36363637,False,6.000000007944095e-08,0.0007162895,1.4670907,2.6727824,6.9601652091979975,2.6727824,1.5303768,-0.19811311
data_driven_baseline,45,31,313.2,0.45454547,False,7.199999996210238e-08,0.0008445979,1.4015932,2.4648147,6.4185987716674795,2.4648147,1.3895981,-0.35036665
data_driven_baseline,46,31,313.2,0.54545456,False,4.599999936516497e-09,0.0009862954,1.3477107,2.2714763,5.915127955627441,2.2714763,1.2497818,-0.5218742
data_driven_baseline,47,31,313.2,0.6363636,False,4.9999999918171056e-08,0.001144185,1.300893,2.0949197,5.455358589935303,2.0949197,1.1006306,-0.70712835
data_driven_baseline,48,31,313.2,0.72727275,False,1.0000000005838672e-07,0.0013148224,1.2509812,1.9507738,5.0799902824401855,1.9507738,0.9243431,-0.8778267
data_driven_baseline,49,31,313.2,0.8181818,False,4.9999999918171056e-08,0.0014842595,1.1873085,1.8723018,4.875641870498657,1.8723018,0.7068356,-0.9827883
data_driven_baseline,50,31,313.2,0.90909094,False,3.2600000032800835e-08,0.0016180826,1.1080743,1.9144139,4.985305598831176,1.9144139,0.46072668,-0.94908226
data_driven_baseline,51,31,313.2,1.0,False,4.960000010711951e-08,0.0016777996,1.0233158,2.124124,5.531409448242187,2.124124,0.22482589,-0.72099733
data_driven_baseline,52,37,313.2,0.0,False,7.909599997191208e-08,4.4241096e-05,2.6616004,5.689243,14.815298844909668,5.689243,2.137231,0.15832688
data_driven_baseline,53,37,313.2,0.1,False,2.6029999933285808e-08,6.657003e-05,2.4633508,5.252466,13.677892657470702,5.252466,2.0884147,0.049171284
data_driven_baseline,54,37,313.2,0.2,False,7.434000015571485e-08,9.538434e-05,2.3319879,4.840523,12.605155416870117,4.840523,1.9859608,-0.1694799
data_driven_baseline,55,37,313.2,0.3,False,7.5300000013101e-08,0.0001284653,2.2401962,4.4737253,11.649981678771972,4.4737253,1.7934676,-0.45339602
data_driven_baseline,56,37,313.2,0.4,False,9.99999993922529e-09,0.00016537464,2.127608,4.1591034,10.830678799438475,4.1591034,1.5321915,-0.69152904
data_driven_baseline,57,37,313.2,0.5,False,6.199999980083248e-08,0.00020781698,1.9941168,3.890609,10.131495021057129,3.890609,1.2422868,-0.8494542
data_driven_baseline,58,37,313.2,0.6,False,7.270000002002064e-08,0.0002576727,1.8468691,3.670808,9.559113251495361,3.670808,0.9373276,-0.93247175
data_driven_baseline,59,37,313.2,0.7,False,6.000000007944095e-08,0.00031178608,1.6773845,3.5435815,9.22780422592163,3.5435815,0.6129112,-0.8756608
data_driven_baseline,60,37,313.2,0.8,False,1.500000013088254e-08,0.00035791012,1.4791042,3.5873468,9.341772686004639,3.5873468,0.2973112,-0.55265474
data_driven_baseline,61,37,313.2,0.9,False,6.742000002724069e-08,0.00038150742,1.3204273,3.8344815,9.985333666992187,3.8344815,0.061649114,0.065151215
data_driven_baseline,62,37,313.2,1.0,False,7.917000011126163e-08,0.00037690083,1.6557789,4.179846,10.884692848205566,4.179846,-0.051231593,0.73625946
data_driven_baseline,63,44,298.15,0.0,False,7.300000004484275e-08,0.0002584942,2.102522,3.7367623,9.263273034954072,3.7367623,2.2583652,0.31243783
data_driven_baseline,64,44,298.15,0.11111111,False,4.302000000677708e-08,0.00035353302,1.8948989,3.3596454,8.328416330814362,3.3596454,2.2180219,0.10702942
data_driven_baseline,65,44,298.15,0.22222222,False,2.7080000020163197e-08,0.00045219308,1.773213,3.019704,7.485716983699798,3.019704,2.100602,-0.19933331
data_driven_baseline,66,44,298.15,0.33333334,False,5.7959999910650595e-08,0.00055050204,1.7149916,2.7262113,6.75816087732315,2.7262113,1.9134495,-0.50531363
data_driven_baseline,67,44,298.15,0.44444445,False,2.037000002008682e-08,0.00065643963,1.6525377,2.4610581,6.100857297325134,2.4610581,1.6958238,-0.80073106
data_driven_baseline,68,44,298.15,0.5555556,False,3.399999992659275e-08,0.0007775408,1.5963193,2.2132108,5.48645463438034,2.2132108,1.4569765,-1.1187705
data_driven_baseline,69,44,298.15,0.6666667,False,5.509999989605774e-08,0.0009114151,1.5351067,2.0108404,4.984786869335174,2.0108404,1.1732066,-1.4212732
data_driven_baseline,70,44,298.15,0.7777778,False,7.400000012758312e-08,0.001044926,1.4411534,1.926048,4.774590573406219,1.926048,0.8158485,-1.5815634
data_driven_baseline,71,44,298.15,0.8888889,False,6.320000012216553e-08,0.0011240868,1.310649,2.096074,5.19607786655426,2.096074,0.42903253,-1.4068406
data_driven_baseline,72,44,298.15,1.0,False,6.79999999642078e-08,0.00111017,1.1762503,2.5751858,6.383774742126464,2.5751858,0.12283185,-0.8307333
data_driven_baseline,73,63,298.15,0.0,False,3.947999993592077e-08,0.00020966052,2.1123164,3.9154472,9.706225572204588,3.9154472,2.256237,-0.1652644
data_driven_baseline,74,63,298.15,0.11111111,False,6.099999994013672e-08,0.0002842519,2.037576,3.5299506,8.750595702648162,3.5299506,2.1124208,-0.47035658
data_driven_baseline,75,63,298.15,0.22222222,False,6.39399999613488e-08,0.00036125394,1.9563495,3.2025597,7.939008050537109,3.2025597,1.8873792,-0.77910954
data_driven_baseline,76,63,298.15,0.33333334,False,4.599999992027648e-08,0.00044269804,1.8558081,2.9273214,7.256704336452484,2.9273214,1.623704,-1.0163989
data_driven_baseline,77,63,298.15,0.44444445,False,4.344000004152804e-08,0.00053588656,1.7514788,2.6848383,6.655599024295806,2.6848383,1.3504115,-1.2191868
data_driven_baseline,78,63,298.15,0.5555556,False,3.500000000933312e-08,0.00064137566,1.6453754,2.4889636,6.170033888721465,2.4889636,1.0589066,-1.3882562
data_driven_baseline,79,63,298.15,0.6666667,False,3.800000003550963e-08,0.00074995833,1.5172426,2.3920512,5.929792165279388,2.3920512,0.73273724,-1.4269394
data_driven_baseline,80,63,298.15,0.7777778,False,5.699999983121984e-08,0.00083121867,1.3514953,2.4890108,6.17015103597641,2.4890108,0.3922481,-1.1732268
data_driven_baseline,81,63,298.15,0.8888889,False,5.815999992719867e-08,0.00085017184,1.1780145,2.820623,6.992202895069122,2.820623,0.12679023,-0.58663034
data_driven_baseline,82,63,298.15,1.0,False,2.353999994930689e-08,0.00080618146,1.1233321,3.2666261,8.097825607681274,3.2666261,-0.0126235485,0.09074688
data_driven_baseline,83,85,313.2,0.0,False,8.10000000406319e-08,4.9627837e-05,2.579892,5.564521,14.49051083679199,5.564521,1.5675743,-0.60758
data_driven_baseline,84,85,313.2,0.083333336,False,5.20000000836518e-08,6.280087e-05,2.4749289,5.3067055,13.819137561035156,5.3067055,1.458535,-0.6595458
data_driven_baseline,85,85,313.2,0.16666667,False,2.3000000126671694e-08,7.647447e-05,2.3684165,5.0882072,13.250148321533203,5.0882072,1.3149606,-0.7020815
data_driven_baseline,86,85,313.2,0.25,False,3.399999992659275e-08,9.1426205e-05,2.2578611,4.892777,12.74123058013916,4.892777,1.1601801,-0.7206266
data_driven_baseline,87,85,313.2,0.33333334,False,6.299999999459516e-08,0.000107842854,2.1489298,4.7167487,12.28283698425293,4.7167487,1.0098541,-0.72018695
data_driven_baseline,88,85,313.2,0.41666666,False,7.521000000565436e-08,0.00012681521,2.044836,4.5501637,11.849034004211425,4.5501637,0.87061024,-0.7137339
data_driven_baseline,89,85,313.2,0.5,False,2.5500000111478016e-08,0.0001484284,1.950945,4.3960276,11.447649728393555,4.3960276,0.7446972,-0.71211046
data_driven_baseline,90,85,313.2,0.5833333,False,1.996999987596837e-08,0.00017314997,1.8679256,4.255413,11.081477513122557,4.255413,0.62845224,-0.7199118
data_driven_baseline,91,85,313.2,0.6666667,False,3.199999998315661e-08,0.00020066276,1.7982296,4.1347933,10.767373077392579,4.1347933,0.5205852,-0.7393101
data_driven_baseline,92,85,313.2,0.75,False,1.9689999852801066e-08,0.00022901969,1.7481972,4.0465145,10.537486303710937,4.0465145,0.42236045,-0.7757168
data_driven_baseline,93,85,313.2,0.8333333,False,5.049999995954124e-08,0.00025402068,1.7280315,4.0026083,10.423151051330565,4.0026083,0.34190565,-0.8395808
data_driven_baseline,94,85,313.2,0.9166667,False,3.6179999884922154e-08,0.00027051618,1.7429801,4.0047503,10.428729400634765,4.0047503,0.28264537,-0.941545
data_driven_baseline,95,85,313.2,1.0,False,2.7080000020163197e-08,0.00027620292,1.783291,4.041261,10.523806265258788,4.041261,0.2373259,-1.0712857
data_driven_baseline,96,128,328.15,0.0,False,7.452499994897721e-08,4.8567475e-05,2.128333,5.757492,15.708689112854003,5.757492,0.42396545,-0.20354156
data_driven_baseline,97,128,328.15,0.11111111,False,1.1564999957691668e-08,6.7568435e-05,1.9964403,5.415379,14.775270954322814,5.415379,0.35159564,-0.22234644
data_driven_baseline,98,128,328.15,0.22222222,False,7.600000007101926e-08,8.748112e-05,1.858456,5.147838,14.045314207839965,5.147838,0.21232462,-0.21520536
data_driven_baseline,99,128,328.15,0.33333334,False,4.1160000074924596e-08,0.00010842884,1.7128602,4.936884,13.469749843215942,4.936884,0.03796351,-0.1637333
data_driven_baseline,100,128,328.15,0.44444445,False,2.8999999956980105e-08,0.0001327018,1.6550997,4.758337,12.98260336704254,4.758337,-0.1326952,-0.07426691
data_driven_baseline,101,128,328.15,0.5555556,False,6.049999989876653e-08,0.0001612295,1.6543436,4.620666,12.606982876396177,4.620666,-0.29656607,0.045799017
data_driven_baseline,102,128,328.15,0.6666667,False,2.7000000013543968e-08,0.00018915572,1.7417475,4.576369,12.486123522949217,4.576369,-0.44493163,0.20394218
data_driven_baseline,103,128,328.15,0.7777778,False,1.9000000017754815e-08,0.00020505092,1.8626666,4.6731453,12.750166704559327,4.6731453,-0.53412366,0.380731
data_driven_baseline,104,128,328.15,0.8888889,False,6.060000012908517e-08,0.00020142813,1.9771289,4.863957,13.270776108741758,4.863957,-0.54786164,0.51956797
data_driven_baseline,105,128,328.15,1.0,False,3.100000012246085e-08,0.00018400214,2.0759287,5.0621324,13.811475537300108,5.0621324,-0.52063924,0.64501405
data_driven_baseline,106,132,313.2,0.0,False,2.7969999871757523e-08,3.817097e-05,2.5922248,5.852755,15.241099301147461,5.852755,1.4154053,-0.5085145
data_driven_baseline,107,132,313.2,0.09090909,False,2.8999999956980105e-08,5.2480504e-05,2.4741344,5.5174794,14.368011767578125,5.5174794,1.3775077,-0.5274162
data_driven_baseline,108,132,313.2,0.18181819,False,1.0419999973976246e-08,6.903958e-05,2.3559115,5.219536,13.592139724731446,5.219536,1.2755408,-0.5726578
data_driven_baseline,109,132,313.2,0.27272728,False,4.700000011403915e-08,8.649829e-05,2.2341535,4.971385,12.945932940673828,4.971385,1.1166618,-0.61441314
data_driven_baseline,110,132,313.2,0.36363637,False,7.499999998827889e-08,0.00010502465,2.111119,4.7634954,12.40456901550293,4.7634954,0.9448834,-0.62497854
data_driven_baseline,111,132,313.2,0.45454547,False,2.8999999956980105e-08,0.00012650441,1.9908966,4.574615,11.91270771331787,4.574615,0.78743947,-0.6106352
data_driven_baseline,112,132,313.2,0.54545456,False,7.099999987936201e-08,0.00015162484,1.883447,4.40316,11.466223516845703,4.40316,0.65048844,-0.5966924
data_driven_baseline,113,132,313.2,0.6363636,False,5.414000003867159e-08,0.00018141414,1.7944335,4.2498837,11.067078227233885,4.2498837,0.532187,-0.60122985
data_driven_baseline,114,132,313.2,0.72727275,False,4.2569999969543915e-08,0.00021001743,1.7459973,4.1486645,10.803494352722167,4.1486645,0.44014472,-0.6491827
data_driven_baseline,115,132,313.2,0.8181818,False,3.800000003550963e-08,0.00023119162,1.7532033,4.1091633,10.70063002166748,4.1091633,0.38073605,-0.76971054
data_driven_baseline,116,132,313.2,0.90909094,False,4.36000000547665e-08,0.0002382536,1.8092752,4.1248684,10.741526765441895,4.1248684,0.34296954,-0.95998764
data_driven_baseline,117,132,313.2,1.0,False,3.63000001168956e-08,0.00023128797,1.8752373,4.1781616,10.880308067321778,4.1781616,0.30771202,-1.1398382
data_driven_baseline,118,137,328.15,0.0,False,6.714000000407339e-08,4.471214e-05,2.2781289,5.861708,15.993031368255613,5.861708,-0.77344966,-0.19922942
data_driven_baseline,119,137,328.15,0.16666667,False,3.199999998315661e-08,5.8192014e-05,2.064788,5.6043615,15.29088946018219,5.6043615,-0.4112792,-0.17872387
data_driven_baseline,120,137,328.15,0.33333334,False,1.741999999804733e-08,8.204258e-05,1.8891815,5.251835,14.329058106231688,5.251835,0.042333722,-0.37337577
data_driven_baseline,121,137,328.15,0.5,False,4.19999999223819e-08,0.000106548076,1.9846497,4.9819703,13.59276228046417,4.9819703,0.30052638,-0.67145246
data_driven_baseline,122,137,328.15,0.6666667,False,4.600000003129878e-08,0.00012912798,2.1451616,4.833446,13.187530628585815,4.833446,0.42320612,-1.1788325
data_driven_baseline,123,137,328.15,0.8333333,False,1.1759999996030501e-07,0.00013325272,2.3826482,4.846433,13.22296387863159,4.846433,0.41768336,-1.8838286
data_driven_baseline,124,137,328.15,1.0,False,2.2399999854982866e-08,0.0001285494,2.4462004,4.8890476,13.339232907485961,4.8890476,0.32923752,-2.120316
data_driven_baseline,125,161,328.2,0.0,False,5.399999991606563e-08,0.00025779824,1.5493985,4.0812855,11.13703927230835,4.0812855,0.43781805,0.12909205
data_driven_baseline,126,161,328.2,0.071428575,False,1.1299999991276621e-07,0.00032820035,1.4430733,3.835282,10.465743170928954,3.835282,0.362468,0.13146958
data_driven_baseline,127,161,328.2,0.14285715,False,3.500000000933312e-08,0.0004050846,1.3456721,3.6236048,9.888116729736328,3.6236048,0.2762878,0.13712403
data_driven_baseline,128,161,328.2,0.21428572,False,1.2999999965401798e-08,0.00048773162,1.2631792,3.44179,9.391979399871826,3.44179,0.19720924,0.15053818
data_driven_baseline,129,161,328.2,0.2857143,False,2.1199999977739026e-08,0.0005782788,1.1957946,3.2802367,8.951131545639038,3.2802367,0.13673472,0.17041235
data_driven_baseline,130,161,328.2,0.35714287,False,2.2599999982553243e-08,0.0006794174,1.1387222,3.1324682,8.54790016593933,3.1324682,0.094542265,0.18915616
data_driven_baseline,131,161,328.2,0.42857143,False,2.7999999874239734e-08,0.0007947182,1.0866581,2.9946363,8.17178362197876,2.9946363,0.06715381,0.19818446
data_driven_baseline,132,161,328.2,0.5,False,2.5429999994663888e-08,0.00093198457,1.034177,2.861836,7.809396956634521,2.861836,0.051926434,0.18876836
data_driven_baseline,133,161,328.2,0.5714286,False,5.969999994359654e-08,0.0010808703,0.9821333,2.749717,7.503445957946777,2.749717,0.049353242,0.14732963
data_driven_baseline,134,161,328.2,0.64285713,False,3.199999998315661e-08,0.0012372753,0.9271881,2.662321,7.264959349822998,2.662321,0.060123324,0.05911964
data_driven_baseline,135,161,328.2,0.71428573,False,1.1000000021965661e-08,0.0013773198,0.9281365,2.61308,7.1305902053833,2.61308,0.0807842,-0.09054512
data_driven_baseline,136,161,328.2,0.78571427,False,1.979999997292481e-08,0.0014754002,1.0052447,2.606982,7.113950090789794,2.606982,0.10168216,-0.30707014
data_driven_baseline,137,161,328.2,0.85714287,False,6.020000009598903e-08,0.0015210102,1.1056293,2.634994,7.190389326095581,2.634994,0.11089964,-0.57099426
data_driven_baseline,138,161,328.2,0.9285714,False,2.0000000100495186e-08,0.0015088494,1.2067448,2.690453,7.3417259788513185,2.690453,0.10196591,-0.82781553
data_driven_baseline,139,161,328.2,1.0,False,6.969999999384413e-08,0.0014596903,1.285304,2.7611108,7.534537719726562,2.7611108,0.07976936,-1.0150318
data_driven_baseline,140,164,313.2,0.0,False,8.19120000716822e-08,4.0380088e-05,2.6382258,5.786903,15.069613746643066,5.786903,1.9099529,0.21782216
data_driven_baseline,141,164,313.2,0.1,False,6.100000005115902e-08,5.845363e-05,2.471337,5.397084,14.054491571044922,5.397084,1.8999262,0.117000625
data_driven_baseline,142,164,313.2,0.2,False,4.19999999223819e-08,8.104201e-05,2.3225834,5.027176,13.091217338562013,5.027176,1.8557715,-0.084803276
data_driven_baseline,143,164,313.2,0.3,False,6.899999993592587e-08,0.00010604149,2.2722805,4.688613,12.209568132019044,4.688613,1.7237048,-0.404524
data_driven_baseline,144,164,313.2,0.4,False,4.600000003129878e-08,0.00013069563,2.2122233,4.4077907,11.478282261657714,4.4077907,1.4982644,-0.7306146
data_driven_baseline,145,164,313.2,0.5,False,6.847999989290088e-08,0.00015713848,2.1191094,4.17644,10.87582412109375,4.17644,1.2209175,-0.95997137
data_driven_baseline,146,164,313.2,0.6,False,3.199999998315661e-08,0.0001870182,1.9941869,3.9981487,10.411537953186034,3.9981487,0.9091766,-1.0752354
data_driven_baseline,147,164,313.2,0.7,False,1.1799999977135656e-08,0.0002167082,1.8311329,3.9297986,10.233548107910156,3.9297986,0.5640961,-0.9995043
data_driven_baseline,148,164,313.2,0.8,False,6.95999999855701e-08,0.0002355696,1.6354809,4.062535,10.579205044555664,4.062535,0.24389884,-0.6000087
data_driven_baseline,149,164,313.2,0.9,False,4.9660000112083935e-08,0.00023589966,1.4975346,4.39138,11.43554677734375,4.39138,0.036706984,0.06451702
data_driven_baseline,150,164,313.2,1.0,False,3.3300000090719095e-08,0.0002207563,1.8114148,4.7528567,12.376864846801759,4.7528567,-0.04363194,0.6377559
data_driven_baseline,151,191,298.15,0.11111111,False,3.9999999978945766e-08,0.0005325943,1.5682806,2.9006753,7.19064920759201,2.9006753,1.6225278,-0.18163854
data_driven_baseline,152,191,298.15,0.33333334,False,9.000000011916143e-08,0.0007207845,1.4259906,2.5636349,6.355140768432617,2.5636349,1.3098841,-0.40445262
data_driven_baseline,153,191,298.15,0.44444445,False,2.996000003641086e-08,0.00083812996,1.3571702,2.406691,5.966083929920196,2.406691,1.1628683,-0.5019515
data_driven_baseline,154,191,298.15,0.6666667,False,3.530000003415523e-08,0.0011246053,1.2341052,2.127015,5.272779178714751,2.127015,0.89405537,-0.6812451
data_driven_baseline,155,191,298.15,0.8888889,False,8.55999999771484e-08,0.0014559356,1.11352,1.9316506,4.788478778553009,1.9316506,0.62279415,-0.78611517
data_driven_baseline,156,191,298.15,0.0,False,4.3270000027462174e-08,0.00044981673,1.6299435,3.1015263,7.688550631523132,3.1015263,1.7691462,-0.019158259
data_driven_baseline,157,191,298.15,0.22222222,False,9.99999993922529e-09,0.00061560504,1.5001839,2.7345152,6.778745810985564,2.7345152,1.4642279,-0.30180863
data_driven_baseline,158,191,298.15,0.5555556,False,2.0000000100495186e-08,0.0009667343,1.2952398,2.2661943,5.617798316860199,2.2661943,1.0239427,-0.5955822
data_driven_baseline,159,191,298.15,0.7777778,False,2.500000007010783e-08,0.0012821615,1.1778382,2.0190763,5.005203474903106,2.0190763,0.76301223,-0.751426
data_driven_baseline,160,191,298.15,1.0,False,7.040000005176239e-08,0.0016072904,1.0407709,1.897742,4.7044210737228385,1.897742,0.46850246,-0.756068
data_driven_baseline,161,199,298.15,0.0,False,6.000000007944095e-08,0.0003294528,1.7874073,3.4486501,8.549055224037168,3.4486501,1.527231,0.38634053
data_driven_baseline,162,199,298.15,0.11111111,False,7.999999995789153e-08,0.00038009582,1.6332512,3.2696877,8.10541515750885,3.2696877,1.4147146,0.21535093
data_driven_baseline,163,199,298.15,0.22222222,False,1.5999999991578306e-08,0.0004307144,1.4948401,3.1173902,7.727876282596588,3.1173902,1.2625469,0.10458332
data_driven_baseline,164,199,298.15,0.33333334,False,3.6799999936221184e-08,0.0004893368,1.378233,2.9734938,7.3711634599685665,2.9734938,1.1005855,0.060619533
data_driven_baseline,165,199,298.15,0.44444445,False,2.5999999930803597e-08,0.000560114,1.2759699,2.830658,7.017079626464843,2.830658,0.94198495,0.05526668
data_driven_baseline,166,199,298.15,0.5555556,False,2.9299999981802216e-08,0.0006451207,1.1835617,2.6900403,6.668494321155547,2.6900403,0.78126967,0.07937503
data_driven_baseline,167,199,298.15,0.6666667,False,6.299999999459516e-08,0.00074055034,1.1109895,2.5665042,6.3622537677764885,2.5665042,0.60624117,0.16022265
data_driven_baseline,168,199,298.15,0.7777778,False,1.5699999966756195e-08,0.0008344157,1.0848596,2.4881814,6.168094703578949,2.4881814,0.41198504,0.35441232
data_driven_baseline,169,199,298.15,0.8888889,False,5.0399999951267205e-08,0.0009084904,1.1394416,2.4862585,6.163328061389922,2.4862585,0.22202706,0.7100394
data_driven_baseline,170,199,298.15,1.0,False,5.040000017331181e-08,0.0009496704,1.2856599,2.570571,6.372334687137603,2.570571,0.0720582,1.2143505
data_driven_baseline,171,206,298.15,0.0,False,3.1739999961644116e-08,1.672174e-05,3.1416054,6.517708,16.15711772994995,6.517708,2.270772,-0.6363365
data_driven_baseline,172,206,298.15,0.11111111,False,3.3000000065896984e-08,2.3317301e-05,3.0134284,6.160435,15.271453774070737,6.160435,2.1236434,-0.75620604
data_driven_baseline,173,206,298.15,0.22222222,False,4.339999992719612e-08,3.0610707e-05,2.8683035,5.8547974,14.513790823173522,5.8547974,1.8734033,-0.8767103
data_driven_baseline,174,206,298.15,0.33333334,False,9.40000000060337e-09,3.8543545e-05,2.692459,5.593409,13.865820922279358,5.593409,1.5614161,-0.92255163
data_driven_baseline,175,206,298.15,0.44444445,False,7.430000004138293e-08,4.8073838e-05,2.4912593,5.349825,13.26198596534729,5.349825,1.2387165,-0.88523614
data_driven_baseline,176,206,298.15,0.5555556,False,6.059999990704057e-08,5.9704595e-05,2.272147,5.124658,12.703807729339598,5.124658,0.9176613,-0.7741216
data_driven_baseline,177,206,298.15,0.6666667,False,5.1999999972629496e-08,7.2389535e-05,2.0352035,4.952403,12.276794611549375,4.952403,0.601274,-0.5519334
data_driven_baseline,178,206,298.15,0.7777778,False,6.23000000476992e-08,8.214374e-05,1.7975601,4.8934665,12.130692649650573,4.8934665,0.3317556,-0.16745806
data_driven_baseline,179,206,298.15,0.8888889,False,4.4950000055443695e-08,8.557505e-05,1.8156048,4.9537554,12.280146387863159,4.9537554,0.17417324,0.31888556
data_driven_baseline,180,206,298.15,1.0,False,9.420000002258178e-08,8.247318e-05,1.9853106,5.0761585,12.58357938785553,5.0761585,0.122269146,0.757504
data_driven_baseline,181,211,298.15,0.0,False,2.8843999966277067e-08,4.6865156e-05,2.6927874,5.4732404,13.567927963829039,5.4732404,1.9773793,-0.62774307
data_driven_baseline,182,211,298.15,0.11111111,False,9.950000001701653e-08,6.43583e-05,2.5999703,5.118479,12.688488735389708,5.118479,1.894578,-0.78685415
data_driven_baseline,183,211,298.15,0.22222222,False,8.666599993212287e-08,8.3403334e-05,2.5036972,4.8087587,11.92070676383972,4.8087587,1.713395,-0.98893726
data_driven_baseline,184,211,298.15,0.33333334,False,1.0800000005417587e-07,0.00010317615,2.37792,4.5513706,11.282652297592161,4.5513706,1.4758995,-1.1064897
data_driven_baseline,185,211,298.15,0.44444445,False,9.700000136447784e-09,0.00012619728,2.2219162,4.319803,10.708606863975525,4.319803,1.2286826,-1.1172627
data_driven_baseline,186,211,298.15,0.5555556,False,4.499999994855841e-08,0.00015436909,2.0432599,4.1041694,10.174059390258789,4.1041694,0.97579825,-1.0498117
data_driven_baseline,187,211,298.15,0.6666667,False,9.749999996255809e-08,0.00018757883,1.8293463,3.9226995,9.724203695106505,3.9226995,0.695896,-0.8694432
data_driven_baseline,188,211,298.15,0.7777778,False,6.569999988492725e-08,0.00022146304,1.5566317,3.8265269,9.485795951747894,3.8265269,0.38324606,-0.46012235
data_driven_baseline,189,211,298.15,0.8888889,False,4.700000011403915e-08,0.00024626873,1.413592,3.874403,9.604478063201903,3.874403,0.10340187,0.26297116
data_driven_baseline,190,211,298.15,1.0,False,1.1679999856184509e-08,0.00025704168,1.7671236,4.046708,10.03161515235901,4.046708,-0.069919914,1.1847425
data_driven_baseline,191,220,298.15,0.0,False,4.249999996375209e-08,1.6087632e-05,3.1821775,6.5196114,16.161836603355408,6.5196114,2.1914215,-0.8354998
data_driven_baseline,192,220,298.15,0.125,False,7.203899998753371e-08,2.3967961e-05,3.0680344,6.0759287,15.061966048431396,6.0759287,2.062417,-1.0657573
data_driven_baseline,193,220,298.15,0.25,False,6.299999988357285e-08,3.3470795e-05,2.93479,5.70286,14.137144200897215,5.70286,1.8603623,-1.2411476
data_driven_baseline,194,220,298.15,0.375,False,3.800000003550963e-08,4.5820685e-05,2.7705746,5.3631153,13.294932777786254,5.3631153,1.6480483,-1.3005602
data_driven_baseline,195,220,298.15,0.5,False,3.5659999952919463e-08,6.267434e-05,2.5952673,5.0330744,12.476775211906432,5.0330744,1.4434217,-1.3093059
data_driven_baseline,196,220,298.15,0.625,False,6.1565999853741e-08,8.5661566e-05,2.4180746,4.711571,11.679782629203796,4.711571,1.2424698,-1.3001828
data_driven_baseline,197,220,298.15,0.75,False,3.2000000094178915e-08,0.00011610573,2.2277238,4.4096117,10.931237829208374,4.4096117,1.0275569,-1.2460027
data_driven_baseline,198,220,298.15,0.875,False,3.699999995276926e-08,0.00015252731,2.0029926,4.159753,10.311848446464538,4.159753,0.78018856,-1.0690365
data_driven_baseline,199,220,298.15,1.0,False,5.645000000775724e-08,0.00018822645,1.7403206,4.007274,9.93386088619232,4.007274,0.53106564,-0.6826217
data_driven_baseline,200,224,333.0,0.0,False,1.5000000019860238e-08,4.585716e-05,2.533273,5.8050027,16.07240358352661,5.8050027,1.1943893,-0.60042655
data_driven_baseline,201,224,333.0,0.11111111,False,7.80000000144554e-08,5.9284852e-05,2.4594648,5.508494,15.251455638885497,5.508494,1.1576742,-0.7122259
data_driven_baseline,202,224,333.0,0.22222222,False,5.36399999973014e-08,7.490364e-05,2.3750846,5.241987,14.513574771881103,5.241987,1.0701543,-0.8131125
data_driven_baseline,203,224,333.0,0.33333334,False,3.5695999933693656e-08,9.3614304e-05,2.272899,5.0006967,13.845509273529053,5.0006967,0.97026706,-0.8477332
data_driven_baseline,204,224,333.0,0.44444445,False,4.745000004025002e-08,0.00011695255,2.1628845,4.7694974,13.205383895874023,4.7694974,0.87801206,-0.8411441
data_driven_baseline,205,224,333.0,0.5555556,False,4.200000014442651e-08,0.00014621089,2.05525,4.5428495,12.57786110687256,4.5428495,0.79597116,-0.8269292
data_driven_baseline,206,224,333.0,0.6666667,False,4.407000009365447e-08,0.00018212407,1.9543835,4.324036,11.972028591156006,4.324036,0.7226982,-0.81641626
data_driven_baseline,207,224,333.0,0.7777778,False,8.299999998406804e-08,0.00022609753,1.8587114,4.1132903,11.388532928466796,4.1132903,0.6536172,-0.8092264
data_driven_baseline,208,224,333.0,0.8888889,False,5.1999999861607193e-08,0.00027916013,1.7627074,3.9157548,10.841612846374511,3.9157548,0.5790559,-0.79331136
data_driven_baseline,209,224,333.0,1.0,False,4.600000003129878e-08,0.00034268762,1.6554098,3.739419,10.353389247894286,3.739419,0.48356724,-0.7432431
data_driven_baseline,210,254,348.2,0.0,False,5.193000007785997e-08,0.00010245807,2.293668,5.1877093,15.018915711212157,5.1877093,1.2535467,-0.439748
data_driven_baseline,211,254,348.2,0.1,False,4.9999999918171056e-08,0.00013871718,2.1823175,4.8711553,14.102461291503905,4.8711553,1.1441267,-0.53167117
data_driven_baseline,212,254,348.2,0.2,False,8.75000001343551e-08,0.00018212099,2.0638092,4.582333,13.266293282318115,4.582333,0.9778249,-0.63126963
data_driven_baseline,213,254,348.2,0.3,False,5.6059999975488495e-08,0.00023268606,1.9348708,4.32668,12.526154429626464,4.32668,0.77769125,-0.7002411
data_driven_baseline,214,254,348.2,0.4,False,4.5000000059580714e-08,0.00029343108,1.8004221,4.1001697,11.870383784484861,4.1001697,0.56581146,-0.7352848
data_driven_baseline,215,254,348.2,0.5,False,8.900000003642106e-08,0.00036010015,1.6865371,3.9304285,11.378967566680908,3.9304285,0.37579274,-0.75339043
data_driven_baseline,216,254,348.2,0.6,False,6.931999996240279e-08,0.00041316068,1.6406027,3.863322,11.184688373565674,3.863322,0.26134488,-0.79714155
data_driven_baseline,217,254,348.2,0.7,False,1.4399999970216015e-08,0.00042901616,1.6805407,3.8937387,11.272746536254882,3.8937387,0.22774504,-0.9201381
data_driven_baseline,218,254,348.2,0.8,False,7.040000005176239e-08,0.0004117459,1.742123,3.960692,11.46658341293335,3.960692,0.21885338,-1.0468234
data_driven_baseline,219,254,348.2,0.9,False,1.6919999956677145e-08,0.00038562308,1.7635003,4.0256524,11.654650251770018,4.0256524,0.20945302,-1.0553956
data_driven_baseline,220,254,348.2,1.0,False,3.320000008244506e-08,0.00036679316,1.7404526,4.0712295,11.786600019073486,4.0712295,0.20008922,-0.9500394
data_driven_baseline,221,300,298.15,0.0,False,6.983800004967122e-08,3.2699838e-05,2.9657307,5.7988153,14.375013408088684,5.7988153,2.013114,-1.085263
data_driven_baseline,222,300,298.15,0.14285715,False,8.800000006470299e-08,4.2093805e-05,2.8591614,5.4938273,13.618962084960936,5.4938273,1.8265747,-1.2570816
data_driven_baseline,223,300,298.15,0.2857143,False,5.339999997744371e-08,5.1981693e-05,2.7173557,5.240589,12.99119496746063,5.240589,1.5922799,-1.3191986
data_driven_baseline,224,300,298.15,0.42857143,False,2.6289999954798304e-08,6.445629e-05,2.5588803,4.9925203,12.376243532180784,4.9925203,1.3585951,-1.3255258
data_driven_baseline,225,300,298.15,0.5714286,False,1.7999999935014444e-08,8.119429e-05,2.3775547,4.740216,11.750790925979615,4.740216,1.0992424,-1.2932057
data_driven_baseline,226,300,298.15,0.71428573,False,3.6589999918845706e-08,0.00010158659,2.1212718,4.529373,11.228121956443784,4.529373,0.738173,-1.0962696
data_driven_baseline,227,300,298.15,0.85714287,False,4.1400000094782285e-08,0.00011870185,1.7491697,4.4842825,11.116344140243529,4.4842825,0.3061537,-0.45707273
data_driven_baseline,228,300,298.15,1.0,False,6.109000016962796e-08,0.00012410109,1.7905694,4.6795435,11.600387498855591,4.6795435,-0.006345421,0.6858196
data_driven_baseline,229,301,298.15,0.0,False,5.4999999998806004e-08,2.031473e-05,2.66473,6.3048472,15.629445549011228,6.3048472,1.4159765,-0.2733662
data_driven_baseline,230,301,298.15,0.16666667,False,4.150000010305632e-08,3.135712e-05,2.5003412,5.8242993,14.43818762435913,5.8242993,1.313273,-0.36345112
data_driven_baseline,231,301,298.15,0.33333334,False,6.949999997729606e-08,4.4250693e-05,2.2886534,5.438885,13.482763046836851,5.438885,1.0794832,-0.3475921
data_driven_baseline,232,301,298.15,0.5,False,6.79999998531855e-08,6.256674e-05,2.0353448,5.0659046,12.558159570884703,5.0659046,0.8054235,-0.23470598
data_driven_baseline,233,301,298.15,0.6666667,False,5.2999999944347564e-08,8.9513516e-05,1.719368,4.707489,11.669663608551025,4.707489,0.4373579,0.013256788
data_driven_baseline,234,301,298.15,0.8333333,False,8.499999992750418e-08,0.00012024517,1.8008016,4.526801,11.22174596118927,4.526801,-0.085683465,0.7899201
data_driven_baseline,235,301,298.15,1.0,False,3.800000003550963e-08,0.0001373547,2.5237303,4.725302,11.713821299552917,4.725302,-0.4617039,2.384185
data_driven_baseline,236,303,298.15,0.0,False,1.2657000003635233e-08,2.6027343e-05,2.6475651,6.0584726,15.018693217277525,6.0584726,1.6486578,-0.23556481
data_driven_baseline,237,303,298.15,0.14285715,False,8.394000006184399e-08,3.751606e-05,2.520764,5.6577673,14.025361835289,5.6577673,1.5395818,-0.3649429
data_driven_baseline,238,303,298.15,0.2857143,False,6.50000000490536e-08,5.0875347e-05,2.3585043,5.32104,13.190629638862609,5.32104,1.3252699,-0.42920327
data_driven_baseline,239,303,298.15,0.42857143,False,1.573999997006581e-08,6.831574e-05,2.1628704,5.007072,12.412315787887572,5.007072,1.0872834,-0.39425558
data_driven_baseline,240,303,298.15,0.5714286,False,5.599999997052407e-08,9.3103605e-05,1.9377414,4.691592,11.630255499458311,4.691592,0.8260946,-0.2955374
data_driven_baseline,241,303,298.15,0.71428573,False,6.624999993043446e-08,0.00012511625,1.6670855,4.421868,10.96161991291046,4.421868,0.5154735,-0.06391537
data_driven_baseline,242,303,298.15,0.85714287,False,7.799999990343309e-08,0.00015295173,1.6469275,4.3034163,10.667984062957762,4.3034163,0.25655663,0.38080978
data_driven_baseline,243,303,298.15,1.0,False,6.200000002287709e-08,0.00016816074,1.7780195,4.3068466,10.676488043785096,4.3068466,0.14755914,0.879653
data_driven_baseline,244,305,313.15,0.0,False,3.068999987476673e-08,1.914069e-05,2.9787996,6.52812,16.997095933151243,6.52812,1.7517924,-0.65648556
data_driven_baseline,245,305,313.15,0.125,False,5.1999999972629496e-08,2.6007669e-05,2.8726785,6.1922154,16.122510022544862,6.1922154,1.6379085,-0.7879111
data_driven_baseline,246,305,313.15,0.25,False,9.681999979527234e-09,3.3690318e-05,2.7352333,5.9039273,15.371901618957517,5.9039273,1.4347055,-0.86706764
data_driven_baseline,247,305,313.15,0.375,False,7.030000004348835e-08,4.32613e-05,2.560751,5.6329317,14.666317845535277,5.6329317,1.1989864,-0.8503345
data_driven_baseline,248,305,313.15,0.5,False,7.686200009793254e-08,5.5923138e-05,2.353333,5.3645086,13.967432039833067,5.3645086,0.9390106,-0.7564796
data_driven_baseline,249,305,313.15,0.625,False,5.2999999944347564e-08,7.1903574e-05,2.0915778,5.11964,13.329873194503783,5.11964,0.62357366,-0.53151953
data_driven_baseline,250,305,313.15,0.75,False,1.0650000004108762e-07,8.767885e-05,1.7627468,4.970669,12.942001493263245,4.970669,0.2863527,-0.031218767
data_driven_baseline,251,305,313.15,0.875,False,2.8139999996845688e-08,9.798186e-05,1.9198823,4.9586,12.910578264999389,4.9586,0.049294025,0.75175285
data_driven_baseline,252,305,313.15,1.0,False,4.74000001471353e-08,0.00010284305,2.1978714,5.0114,13.048052051544188,5.0114,-0.04646892,1.5357459
data_driven_baseline,253,323,298.15,0.0,False,3.33299998711567e-08,6.758333e-05,2.1810324,5.1363997,12.73291484146118,5.1363997,-0.694247,0.71245074
data_driven_baseline,254,323,298.15,0.1,False,2.5999999930803597e-08,7.07116e-05,1.9896913,5.068613,12.564874497032164,5.068613,-0.21234918,0.68811196
data_driven_baseline,255,323,298.15,0.2,False,2.6379999962244938e-08,7.630362e-05,1.903663,4.9592614,12.293795749092101,4.9592614,0.12978184,0.6219458
data_driven_baseline,256,323,298.15,0.3,False,2.7025999882468454e-08,8.1772974e-05,1.9098278,4.861537,12.051540912628171,4.861537,0.32085478,0.54709196
data_driven_baseline,257,323,298.15,0.4,False,1.0500000002799936e-07,9.056815e-05,1.883132,4.7415605,11.754124504661558,4.7415605,0.4274119,0.48042363
data_driven_baseline,258,323,298.15,0.5,False,4.871000003348058e-08,0.00010316129,1.8372825,4.6026525,11.409777541542052,4.6026525,0.5020744,0.40712076
data_driven_baseline,259,323,298.15,0.6,False,5.536000013961484e-08,0.00012051464,1.7723705,4.449901,11.031113256835937,4.449901,0.5667743,0.30043608
data_driven_baseline,260,323,298.15,0.7,False,5.4000000027087935e-08,0.00014068454,1.6901988,4.3160615,10.699330621147155,4.3160615,0.62880594,0.12572849
data_driven_baseline,261,323,298.15,0.8,False,1.5000000019860238e-08,0.00016032753,1.6843251,4.224204,10.4716202419281,4.224204,0.68335736,-0.14541376
data_driven_baseline,262,323,298.15,0.9,False,4.600000003129878e-08,0.00017705152,1.789802,4.163187,10.320361526107787,4.163187,0.7161901,-0.49002814
data_driven_baseline,263,323,298.15,1.0,False,3.099999990041624e-08,0.00019248198,1.875276,4.0991445,10.16160311126709,4.0991445,0.72159004,-0.80509305
data_driven_baseline,264,337,298.15,0.0,False,7.682999991764916e-08,0.00054477283,1.8313214,2.9814222,7.390817471027374,2.9814222,2.0196548,0.4928875
data_driven_baseline,265,337,298.15,0.09090909,False,8.69999994268511e-09,0.0006821163,1.6714469,2.712293,6.723657598686218,2.712293,1.9707627,0.33128497
data_driven_baseline,266,337,298.15,0.18181819,False,9.220000007914564e-08,0.0008222522,1.4907799,2.4706392,6.1246086189270015,2.4706392,1.8740857,0.12761511
data_driven_baseline,267,337,298.15,0.27272728,False,4.2139999933965555e-08,0.00096279214,1.3547821,2.2602632,5.603095199012756,2.2602632,1.7316455,-0.07243784
data_driven_baseline,268,337,298.15,0.36363637,False,3.9999999978945766e-08,0.0011133775,1.2941695,2.0715127,5.1351908651351925,2.0715127,1.5628517,-0.24814406
data_driven_baseline,269,337,298.15,0.45454547,False,2.500000007010783e-08,0.0012891379,1.2279154,1.8906851,4.686927178430556,1.8906851,1.3829128,-0.4101483
data_driven_baseline,270,337,298.15,0.54545456,False,6.279999986702478e-08,0.0014898428,1.1607205,1.7225399,4.27010245976448,1.7225399,1.1964897,-0.5631315
data_driven_baseline,271,337,298.15,0.6363636,False,1.9999999989472883e-08,0.0017154394,1.087583,1.5766845,3.908533144140243,1.5766845,0.9934525,-0.692612
data_driven_baseline,272,337,298.15,0.72727275,False,5.6299999995346184e-08,0.0019697037,0.9961187,1.4712441,3.64715089058876,1.4712441,0.7594998,-0.75761235
data_driven_baseline,273,337,298.15,0.8181818,False,1.9400000050850963e-08,0.0022094094,0.8797558,1.4672489,3.637247113800049,1.4672489,0.49067926,-0.68133926
data_driven_baseline,274,337,298.15,0.90909094,False,1.0000000050247593e-08,0.0023722057,0.74624795,1.6351576,4.053485527515411,1.6351576,0.2241255,-0.37946057
data_driven_baseline,275,337,298.15,1.0,False,3.349999999624487e-08,0.0024064765,0.720439,1.9923196,4.9388748128890985,1.9923196,0.018493295,0.15050435
data_driven_baseline,276,344,303.15,0.0,False,1.0999999999761201e-07,3.872715e-05,2.2432184,5.7646227,14.529900955581665,5.7646227,-0.681901,0.2831317
data_driven_baseline,277,344,303.15,0.0625,False,5.599999997052407e-08,4.632977e-05,2.101238,5.5833697,14.073046976280212,5.5833697,-0.4530146,0.26732937
data_driven_baseline,278,344,303.15,0.125,False,6.200000002287709e-08,5.4189146e-05,1.9693046,5.4192705,13.659430589103698,5.4192705,-0.24230671,0.24633634
data_driven_baseline,279,344,303.15,0.1875,False,9.99999993922529e-09,6.220204e-05,1.8530861,5.2695127,13.281961749458313,5.2695127,-0.06766415,0.2220815
data_driven_baseline,280,344,303.15,0.25,False,3.900000011825e-08,7.057556e-05,1.7980653,5.128941,12.927646860694884,5.128941,0.06896663,0.19628853
data_driven_baseline,281,344,303.15,0.3125,False,2.399999998736746e-08,7.9376354e-05,1.7804605,4.99658,12.594027362251282,4.99658,0.17386651,0.17093527
data_driven_baseline,282,344,303.15,0.375,False,7.199999996210238e-08,8.899114e-05,1.75641,4.8679333,12.269769128036497,4.8679333,0.25615406,0.14514247
data_driven_baseline,283,344,303.15,0.4375,False,4.8999999835430685e-08,9.957516e-05,1.727388,4.7426915,11.954092727279662,4.7426915,0.3212943,0.11817816
data_driven_baseline,284,344,303.15,0.5625,False,1.1399999999550658e-07,0.00012520963,1.6546282,4.495729,11.331616647720336,4.495729,0.4114825,0.05667329
data_driven_baseline,285,344,303.15,0.5,False,6.1229999959167e-08,0.00011166123,1.693072,4.617562,11.638699650764465,4.617562,0.3725525,0.08910185
data_driven_baseline,286,344,303.15,0.625,False,4.3000000005122274e-08,0.0001409334,1.6109151,4.3741684,11.02521940498352,4.3741684,0.4401856,0.018391073
data_driven_baseline,287,344,303.15,0.6875,False,9.40000000060337e-08,0.00015857554,1.5827504,4.257717,10.731701272773742,4.257717,0.461232,-0.02930212
data_driven_baseline,288,344,303.15,0.75,False,2.9369999987594042e-08,0.00017774063,1.573707,4.1507936,10.462197472000122,4.1507936,0.4772113,-0.09311575
data_driven_baseline,289,344,303.15,0.8125,False,5.999999996841865e-08,0.00019804075,1.5758439,4.056534,10.224612170791625,4.056534,0.49017566,-0.18082249
data_driven_baseline,290,344,303.15,0.875,False,3.4819999994439854e-08,0.00021783482,1.5948788,3.9824505,10.037882992744446,3.9824505,0.50118613,-0.30099964
data_driven_baseline,291,344,303.15,0.9375,False,5.165000005469267e-08,0.00023585165,1.6324186,3.93035,9.906562784957885,3.93035,0.50897264,-0.4579332
data_driven_baseline,292,344,303.15,1.0,False,1.9889999980371442e-08,0.00025051011,1.6862001,3.899797,9.829552943229675,3.899797,0.5105798,-0.648224
data_driven_baseline,293,359,298.15,0.0,False,4.5220000077783595e-08,6.732278e-05,2.5729153,5.1103063,12.66823022174835,5.1103063,2.2967486,0.3116908
data_driven_baseline,294,359,298.15,0.14285715,False,6.700000010351204e-08,0.000108563814,2.3252218,4.589413,11.376958112525939,4.589413,2.2669835,0.119268514
data_driven_baseline,295,359,298.15,0.2857143,False,7.399999990553852e-08,0.00015860914,2.1391356,4.136275,10.253647870445251,4.136275,2.092216,-0.18891579
data_driven_baseline,296,359,298.15,0.42857143,False,1.4499999978490052e-08,0.0002172755,1.9998981,3.7446227,9.282758717918396,3.7446227,1.7955296,-0.45954183
data_driven_baseline,297,359,298.15,0.5714286,False,3.65799999180183e-08,0.00029207658,1.8428417,3.3810806,8.381553415775299,3.3810806,1.446518,-0.700927
data_driven_baseline,298,359,298.15,0.71428573,False,3.085999988883259e-08,0.00038333086,1.6657343,3.0798051,7.634704407596588,3.0798051,1.038268,-0.87913
data_driven_baseline,299,359,298.15,0.85714287,False,2.337000004626333e-08,0.00048003663,1.4185295,2.954805,7.324834564018249,2.954805,0.5584494,-0.7423341
data_driven_baseline,300,359,298.15,1.0,False,2.1299999986013063e-08,0.0005213713,1.1238923,3.2220259,7.987263620758056,3.2220259,0.145358,0.004292965
data_driven_baseline,301,364,298.15,0.0,False,6.899999993592587e-08,1.5154163e-05,2.8598578,6.6062527,16.37661642780304,6.6062527,1.8778777,-0.09544275
data_driven_baseline,302,364,298.15,0.14285715,False,1.0399999994525899e-07,2.3701401e-05,2.7201746,6.1248116,15.183145216178893,6.1248116,1.7896166,-0.2460956
data_driven_baseline,303,364,298.15,0.2857143,False,6.928999995992058e-08,3.414929e-05,2.5393436,5.717596,14.17367480945587,5.717596,1.5509942,-0.34944063
data_driven_baseline,304,364,298.15,0.42857143,False,9.772999998158838e-08,4.817227e-05,2.2958074,5.338322,13.233471413612364,5.338322,1.226795,-0.32230532
data_driven_baseline,305,364,298.15,0.5714286,False,4.350999993629756e-08,6.875649e-05,1.9761301,4.9604425,12.296724430465698,4.9604425,0.83340585,-0.13454199
data_driven_baseline,306,364,298.15,0.71428573,False,5.1999999972629496e-08,9.408927e-05,1.8227257,4.6736283,11.585723619651793,4.6736283,0.3364309,0.45811772
data_driven_baseline,307,364,298.15,0.85714287,False,1.4399999970216015e-08,0.00011221775,2.1811495,4.6483817,11.523138551712035,4.6483817,-0.093482375,1.801584
data_driven_baseline,308,364,298.15,1.0,False,6.55599998733436e-08,0.00011567056,2.82399,4.8361363,11.988573694419859,4.8361363,-0.23548818,3.400346
data_driven_baseline,309,367,298.15,0.0,False,2.8679999930503186e-08,0.00010578368,2.3530304,4.6341224,11.487790789222716,4.6341224,2.255455,0.16951425
data_driven_baseline,310,367,298.15,0.125,False,1.2100000001957767e-07,0.0001473843,2.1428115,4.2598066,10.559877618980407,4.2598066,2.130673,-0.03795474
data_driven_baseline,311,367,298.15,0.25,False,6.50000000490536e-08,0.00019430617,2.0315783,3.935003,9.754704063415527,3.935003,1.9316154,-0.22811703
data_driven_baseline,312,367,298.15,0.375,False,6.399999996631323e-08,0.00025291365,1.9008857,3.6234686,8.982423296070097,3.6234686,1.6975323,-0.3816563
data_driven_baseline,313,367,298.15,0.5,False,2.728000003671127e-08,0.00033060272,1.7586226,3.310095,8.205583453273771,3.310095,1.4428234,-0.5229495
data_driven_baseline,314,367,298.15,0.625,False,3.5600000058977344e-08,0.0004348144,1.5881205,3.0051196,7.449562269973754,3.0051196,1.1325412,-0.6267004
data_driven_baseline,315,367,298.15,0.75,False,4.5000000059580714e-08,0.00055594713,1.3535353,2.7872484,6.909469067955016,2.7872484,0.7271607,-0.5461967
data_driven_baseline,316,367,298.15,0.875,False,4.600000003129878e-08,0.0006530093,1.0438406,2.8038936,6.95073162946701,2.8038936,0.29818827,-0.029440165
data_driven_baseline,317,367,298.15,1.0,False,4.600000003129878e-08,0.00068852125,1.3384641,3.0930238,7.667473224449157,3.0930238,0.019775718,0.9025929
data_driven_baseline,318,374,298.15,0.0,False,2.621999994900648e-08,9.602622e-05,2.4364552,4.7377515,11.744682208442688,4.7377515,2.3854651,-0.18614894
data_driven_baseline,319,374,298.15,0.11111111,False,6.300000010561746e-08,0.00012866955,2.35357,4.4091754,10.930156207466124,4.4091754,2.2791696,-0.37236485
data_driven_baseline,320,374,298.15,0.22222222,False,7.060000006831046e-08,0.0001631106,2.2623298,4.132961,10.245432777023314,4.132961,2.1155448,-0.538484
data_driven_baseline,321,374,298.15,0.33333334,False,6.1600000655914755e-09,0.00020170616,2.1556237,3.8838558,9.627912063598632,3.8838558,1.9240708,-0.65894485
data_driven_baseline,322,374,298.15,0.44444445,False,6.31000000028692e-08,0.0002486869,2.0405502,3.6396768,9.02260252981186,3.6396768,1.7270339,-0.75494015
data_driven_baseline,323,374,298.15,0.5555556,False,4.364000005807611e-08,0.00030889636,1.9202577,3.39055,8.405027792167662,3.39055,1.5276294,-0.8425938
data_driven_baseline,324,374,298.15,0.6666667,False,6.265999996646343e-08,0.00038377734,1.7893276,3.1483483,7.804620245456695,3.1483483,1.3098481,-0.90978605
data_driven_baseline,325,374,298.15,0.7777778,False,6.099999994013672e-08,0.0004761976,1.6260825,2.9249845,7.2509106654167175,2.9249845,1.0412397,-0.91202366
data_driven_baseline,326,374,298.15,0.8888889,False,1.500000013088254e-08,0.00057384174,1.4128972,2.7739983,6.8766223424911495,2.7739983,0.7150545,-0.74963903
data_driven_baseline,327,374,298.15,1.0,False,5.2169999875673057e-08,0.00065842783,1.1446849,2.7541342,6.8273801194190975,2.7541342,0.37563837,-0.3042822
data_driven_baseline,328,387,298.15,0.0,False,5.2999999944347564e-08,0.00014510837,2.1983378,4.3103795,10.68524565410614,4.3103795,2.056581,0.22805287
data_driven_baseline,329,387,298.15,0.11111111,False,8.199999990132767e-08,0.00017846632,2.011311,4.0682507,10.085018377685547,4.0682507,1.9393636,0.026319176
data_driven_baseline,330,387,298.15,0.22222222,False,7.700000004273733e-08,0.00021075732,1.918868,3.8669024,9.585884632873535,3.8669024,1.7583505,-0.13135117
data_driven_baseline,331,387,298.15,0.33333334,False,5.436999994667957e-08,0.00024692563,1.8159553,3.679229,9.120650801467894,3.679229,1.5509454,-0.21769142
data_driven_baseline,332,387,298.15,0.44444445,False,3.500000000933312e-08,0.00029186293,1.692932,3.4879177,8.646397768783569,3.4879177,1.3341109,-0.25676715
data_driven_baseline,333,387,298.15,0.5555556,False,1.3999999826097564e-08,0.00034851313,1.5424403,3.2936387,8.164788912105559,3.2936387,1.0894945,-0.24418771
data_driven_baseline,334,387,298.15,0.6666667,False,5.2239999992487185e-08,0.00041386776,1.3390175,3.1247818,7.7462001605033866,3.1247818,0.7870469,-0.105223656
data_driven_baseline,335,387,298.15,0.8888889,False,5.1999999861607193e-08,0.000504262,1.45933,3.127698,7.753428601074218,3.127698,0.13100928,1.1192825
data_driven_baseline,336,387,298.15,0.7777778,False,4.002999998142798e-08,0.00047215997,1.2665818,3.049251,7.558962451839447,3.049251,0.43450475,0.3159895
data_driven_baseline,337,387,298.15,1.0,False,7.835000004341452e-08,0.00049866835,1.8306085,3.340427,8.280774930667876,3.340427,-0.03515567,2.116243
data_driven_baseline,338,393,298.15,0.0,False,9.10599995407324e-09,4.0810894e-05,2.774388,5.5839477,13.842366449546812,5.5839477,2.3070796,-0.4321366
data_driven_baseline,339,393,298.15,0.125,False,1.1000000021965661e-08,5.6944944e-05,2.6645122,5.2055607,12.904361555099486,5.2055607,2.1419697,-0.6460063
data_driven_baseline,340,393,298.15,0.25,False,4.8310000000384434e-08,7.526831e-05,2.5283592,4.882662,12.103909147644043,4.882662,1.9094087,-0.79300714
data_driven_baseline,341,393,298.15,0.375,False,3.9999999978945766e-08,9.9019686e-05,2.364298,4.5698013,11.328340864372253,4.5698013,1.6530598,-0.8700335
data_driven_baseline,342,393,298.15,0.5,False,1.7240000094176366e-08,0.00013063724,2.185407,4.2596793,10.559562572479248,4.2596793,1.3859618,-0.9105798
data_driven_baseline,343,393,298.15,0.625,False,8.900000003642106e-08,0.00017107917,1.9782982,3.9721353,9.846752234649657,3.9721353,1.0782706,-0.8844886
data_driven_baseline,344,393,298.15,0.75,False,8.600000001024455e-08,0.000217484,1.7028393,3.7601418,9.321230217647551,3.7601418,0.694293,-0.6540828
data_driven_baseline,345,393,298.15,0.875,False,6.495000004491658e-08,0.00025707495,1.345579,3.7291906,9.24450331506729,3.7291906,0.2931636,0.014382839
data_driven_baseline,346,393,298.15,1.0,False,2.8299999899061845e-08,0.0002732883,1.6764663,3.9199638,9.717421665191651,3.9199638,0.031728208,1.077707
data_driven_baseline,347,407,298.15,0.0,False,7.000000001866624e-08,0.0026194167,1.0049955,1.516154,3.758480874443054,1.516154,0.39628437,1.1025481
data_driven_baseline,348,407,298.15,0.083333336,False,3.0000000039720476e-08,0.0024080663,0.9980367,1.5879974,3.9365774008274075,1.5879974,0.29916787,1.1069448
data_driven_baseline,349,407,298.15,0.16666667,False,3.9999999978945766e-08,0.0022715582,0.97039837,1.625395,4.029284667539597,1.625395,0.18572113,1.1000788
data_driven_baseline,350,407,298.15,0.25,False,5.700000027530905e-09,0.0021758343,0.92664176,1.6475743,4.084265968751907,1.6475743,0.0730184,1.0593325
data_driven_baseline,351,407,298.15,0.33333334,False,5.149999993125931e-08,0.0021222285,0.8840286,1.6580172,4.110153237390517,1.6580172,-0.0070261955,0.9870423
data_driven_baseline,352,407,298.15,0.41666666,False,4.9999999918171056e-08,0.0021232378,0.86269397,1.6503165,4.091063637256622,1.6503165,-0.044237792,0.8935275
data_driven_baseline,353,407,298.15,0.5,False,1.0099999947499327e-08,0.0021774499,0.81765205,1.6230594,4.023494408559799,1.6230594,-0.045124292,0.7847724
data_driven_baseline,354,407,298.15,0.5833333,False,2.4500000028737645e-08,0.0022907455,0.7494817,1.5744276,3.902938509702682,1.5744276,-0.013517559,0.6604998
data_driven_baseline,355,407,298.15,0.6666667,False,6.000000007944095e-08,0.002451211,0.6987074,1.5140276,3.7532092479705805,1.5140276,0.059865832,0.52222896
data_driven_baseline,356,407,298.15,0.75,False,2.0000000100495186e-08,0.002653144,0.6728235,1.4507072,3.5962407408237453,1.4507072,0.1930952,0.37466812
data_driven_baseline,357,407,298.15,0.8333333,False,2.619999994735167e-08,0.0028944362,0.67377394,1.3912787,3.448920106267929,1.3912787,0.39916456,0.23087847
data_driven_baseline,358,407,298.15,0.9166667,False,6.000000007944095e-08,0.0031870087,0.703753,1.3343091,3.307694825363159,1.3343091,0.6718106,0.105139375
data_driven_baseline,359,407,298.15,1.0,False,3.9999999978945766e-08,0.0035535842,0.7550611,1.2720451,3.1533453555107114,1.2720451,0.988739,0.0043990016
data_driven_baseline,360,409,333.2,0.0,False,5.699999983121984e-08,0.000994072,1.2291414,2.7948458,7.742781774902343,2.7948458,0.6484213,0.24415714
data_driven_baseline,361,409,333.2,0.11111111,False,2.549999988943341e-08,0.0011348745,1.1270443,2.59081,7.177525510406493,2.59081,0.3896656,0.4006573
data_driven_baseline,362,409,333.2,0.22222222,False,3.9200000134798074e-08,0.0012299492,1.1065953,2.485493,6.885757524108886,2.485493,0.2576741,0.5766189
data_driven_baseline,363,409,333.2,0.33333334,False,4.4000000087862645e-08,0.0013086352,1.1278001,2.423204,6.7131930885314945,2.423204,0.21415573,0.7460406
data_driven_baseline,364,409,333.2,0.44444445,False,4.36000000547665e-08,0.0013868036,1.1721905,2.3751101,6.57995516052246,2.3751101,0.21650696,0.92495465
data_driven_baseline,365,409,333.2,0.5555556,False,6.000000052353016e-09,0.0014347757,1.2494671,2.3577247,6.531790992736816,2.3577247,0.25654608,1.1341307
data_driven_baseline,366,409,333.2,0.6666667,False,3.0000000039720476e-08,0.0014059915,1.3660258,2.397169,6.641066951751709,2.397169,0.32684124,1.3740668
data_driven_baseline,367,409,333.2,0.7777778,False,5.7600000102908666e-08,0.0012743324,1.5146838,2.5108442,6.955989785766601,2.5108442,0.40654707,1.6266603
data_driven_baseline,368,409,333.2,0.8888889,False,4.730000002783896e-08,0.0010929087,1.6707867,2.6731727,7.4057012374877935,2.6731727,0.47354323,1.8656442
data_driven_baseline,369,409,333.2,1.0,False,9.299999992329333e-08,0.0009181201,1.8175188,2.8512778,7.899119895172119,2.8512778,0.5203564,2.0809226
data_driven_baseline,370,423,298.15,0.0,False,6.000000007944095e-08,0.0013311928,1.3325944,2.111848,5.235180596637725,2.111848,1.235421,0.65051425
data_driven_baseline,371,423,298.15,0.083333336,False,6.88000000304001e-08,0.0016492812,1.213091,1.8667594,4.627616546869278,1.8667594,1.2158306,0.55668306
data_driven_baseline,372,423,298.15,0.16666667,False,8.000000006891383e-08,0.001955947,1.0773888,1.6512716,4.093431319761276,1.6512716,1.1611292,0.41976547
data_driven_baseline,373,423,298.15,0.25,False,3.000000026176508e-09,0.002209857,0.9376707,1.483213,3.676821276283264,1.483213,1.0579063,0.27189302
data_driven_baseline,374,423,298.15,0.33333334,False,9.99999993922529e-09,0.0024240024,0.81060696,1.3602475,3.3719950201034545,1.3602475,0.91787076,0.15370274
data_driven_baseline,375,423,298.15,0.41666666,False,7.300000004484275e-08,0.002629313,0.7033804,1.2725161,3.154512847328186,1.2725161,0.75748754,0.08013785
data_driven_baseline,376,423,298.15,0.5,False,5.839999994705636e-08,0.0028354016,0.62041205,1.2209909,3.026783953809738,1.2209909,0.58407295,0.05617237
data_driven_baseline,377,423,298.15,0.5833333,False,8.000000006891383e-08,0.00304153,0.5733032,1.220758,3.026206463336944,1.220758,0.394369,0.1047827
data_driven_baseline,378,423,298.15,0.6666667,False,2.299999990462709e-08,0.003208847,0.591201,1.3101811,3.247882905912399,1.3101811,0.19162989,0.27179193
data_driven_baseline,379,423,298.15,0.75,False,1.980000008394711e-08,0.0032990198,0.71242046,1.527789,3.7873232678890227,1.527789,-0.0059866905,0.6034858
data_driven_baseline,380,423,298.15,0.8333333,False,4.9999999918171056e-08,0.0032865424,1.050705,1.8831191,4.668171391105651,1.8831191,-0.16688198,1.1021137
data_driven_baseline,381,423,298.15,0.9166667,False,7.059999995728816e-08,0.0031681994,1.4263967,2.3215032,5.7549066679000855,2.3215032,-0.26745832,1.6902285
data_driven_baseline,382,423,298.15,1.0,False,2.199999993290902e-08,0.002994139,1.7728122,2.7529905,6.824545269584656,2.7529905,-0.3115509,2.2538953
data_driven_baseline,383,449,298.15,0.0,False,3.03300000670248e-08,3.058033e-05,2.6414726,5.91056,14.652024584007263,5.91056,1.445756,-0.568102
data_driven_baseline,384,449,298.15,0.125,False,5.2999999944347564e-08,4.5396606e-05,2.5092309,5.4767118,13.576533168983458,5.4767118,1.4653473,-0.5856339
data_driven_baseline,385,449,298.15,0.25,False,5.022600002568822e-08,6.3125226e-05,2.3845983,5.0846496,12.60462836112976,5.0846496,1.4223895,-0.6467557
data_driven_baseline,386,449,298.15,0.375,False,7.17999999455543e-08,8.25318e-05,2.2528913,4.7507553,11.77691817588806,4.7507553,1.3105195,-0.69739926
data_driven_baseline,387,449,298.15,0.5,False,9.200000006259756e-08,0.00010526175,2.1190603,4.4454317,11.02003431110382,4.4454317,1.1705289,-0.74122
data_driven_baseline,388,449,298.15,0.625,False,9.694000002724579e-08,0.00013386694,1.9951066,4.144952,10.275157471275328,4.144952,1.0257257,-0.81464183
data_driven_baseline,389,449,298.15,0.75,False,3.794000003054521e-08,0.00016852206,1.8888211,3.8664365,9.584730220603943,3.8664365,0.874341,-0.9256857
data_driven_baseline,390,449,298.15,0.875,False,7.1519999922387e-08,0.00020967152,1.796539,3.6358485,9.013112464809417,3.6358485,0.7079066,-1.045862
data_driven_baseline,391,449,298.15,1.0,False,6.699999988146743e-08,0.00025874504,1.7057776,3.4926443,8.658115337657927,3.4926443,0.5123803,-1.1123085
data_driven_baseline,392,458,308.15,0.0,False,4.49699999460762e-08,7.060197e-05,2.549256,5.149259,13.192925782775877,5.149259,2.3691401,-0.1293693
data_driven_baseline,393,458,308.15,0.07692308,False,3.7999999924487327e-08,9.2886774e-05,2.4907491,4.840227,12.401154350662232,4.840227,2.2959313,-0.33608863
data_driven_baseline,394,458,308.15,0.15384616,False,3.856000008184424e-08,0.00011862856,2.4604523,4.542495,11.63833310699463,4.542495,2.1781301,-0.66073227
data_driven_baseline,395,458,308.15,0.23076923,False,1.8000000046036746e-08,0.00014529774,2.4499424,4.273151,10.948247037124633,4.273151,2.0017393,-1.0749367
data_driven_baseline,396,458,308.15,0.30769232,False,1.2999999965401798e-08,0.00017169045,2.4329047,4.0428066,10.358081905555723,4.0428066,1.7750504,-1.4808573
data_driven_baseline,397,458,308.15,0.3846154,False,7.000000001866624e-08,0.0001973925,2.383447,3.8617089,9.894091306114197,3.8617089,1.5305854,-1.7580462
data_driven_baseline,398,458,308.15,0.46153846,False,8.899999992539875e-08,0.00022414727,2.2951849,3.7200015,9.531021994590759,3.7200015,1.2961713,-1.8693819
data_driven_baseline,399,458,308.15,0.53846157,False,4.100000006168614e-08,0.0002569614,2.1762757,3.5912254,9.201084709072113,3.5912254,1.0782812,-1.8593206
data_driven_baseline,400,458,308.15,0.61538464,False,2.700000012456627e-08,0.0002929967,2.0427775,3.487899,8.936351763248444,3.487899,0.8747307,-1.7657028
data_driven_baseline,401,458,308.15,0.6923077,False,4.46999999237363e-08,0.0003310553,1.8955685,3.4177947,8.756737285041808,3.4177947,0.67559564,-1.5933151
data_driven_baseline,402,458,308.15,0.7692308,False,2.0300000125317297e-08,0.0003674197,1.7348686,3.3970528,8.703594740200042,3.3970528,0.4838186,-1.3237348
data_driven_baseline,403,458,308.15,0.84615386,False,1.7999999935014444e-08,0.00039697537,1.5590701,3.441534,8.81755995235443,3.441534,0.30869883,-0.9269774
data_driven_baseline,404,458,308.15,0.9230769,False,7.700000015375963e-08,0.00041302873,1.3861332,3.5542119,9.106251918029784,3.5542119,0.16961908,-0.43456888
data_driven_baseline,405,458,308.15,1.0,False,2.3799999970819385e-08,0.0004149638,1.2923299,3.7127385,9.512413258266449,3.7127385,0.07454765,0.08970356
data_driven_baseline,406,472,298.15,0.0,False,1.335599999485737e-07,0.00016897956,2.080294,4.139088,10.260622112846374,4.139088,2.0114346,-0.09035878
data_driven_baseline,407,472,298.15,0.09090909,False,6.79999999642078e-08,0.0002181633,2.0167077,3.8166702,9.461361650276183,3.8166702,1.9821374,-0.2513149
data_driven_baseline,408,472,298.15,0.18181819,False,2.4500000028737645e-08,0.0002738155,1.959242,3.5027947,8.683277544403076,3.5027947,1.9031048,-0.47182673
data_driven_baseline,409,472,298.15,0.27272728,False,5.240000011674795e-08,0.0003303024,1.8964667,3.2294183,8.005589204692841,3.2294183,1.7734162,-0.686566
data_driven_baseline,410,472,298.15,0.36363637,False,6.900000004694817e-08,0.000389078,1.8260218,2.9913468,7.4154201005935665,2.9913468,1.6154169,-0.8713014
data_driven_baseline,411,472,298.15,0.45454547,False,5.770000033322731e-09,0.00046077577,1.7511883,2.757973,6.836896343517303,2.757973,1.443465,-1.0521269
data_driven_baseline,412,472,298.15,0.54545456,False,7.157000003754632e-08,0.00053246843,1.6854335,2.5664709,6.362170741081237,2.5664709,1.2617157,-1.2281142
data_driven_baseline,413,472,298.15,0.6363636,False,2.8999999956980105e-08,0.0006174416,1.6165571,2.3988395,5.946619856643676,2.3988395,1.0637546,-1.3870776
data_driven_baseline,414,472,298.15,0.72727275,False,7.880000008064769e-08,0.0007020788,1.5416449,2.3006904,5.703312969589233,2.3006904,0.842699,-1.4815453
data_driven_baseline,415,472,298.15,0.8181818,False,3.6099999878302924e-08,0.0007802961,1.4508857,2.3092103,5.724433027362823,2.3092103,0.5958989,-1.4475478
data_driven_baseline,416,472,298.15,0.90909094,False,5.7000000053264444e-08,0.0008342521,1.3481131,2.4722276,6.1285461315155025,2.4722276,0.3475337,-1.2245779
data_driven_baseline,417,472,298.15,1.0,False,2.3999999876345157e-08,0.0008566733,1.2419053,2.8012319,6.944133281898498,2.8012319,0.13207597,-0.792408
data_driven_baseline,418,498,298.15,0.0,False,1.2100000001957767e-07,0.00067574333,1.5475146,2.3956854,5.938801130390167,2.3956854,1.3990989,-0.8477595
data_driven_baseline,419,498,298.15,0.125,False,4.900000005747529e-08,0.00060362724,1.5173211,2.543005,6.304000304889679,2.543005,1.3765789,-0.63237935
data_driven_baseline,420,498,298.15,0.25,False,7.699999993171502e-08,0.00060105004,1.4531187,2.6086907,6.466832145881653,2.6086907,1.350671,-0.39999396
data_driven_baseline,421,498,298.15,0.375,False,9.700000003221021e-08,0.000643535,1.3786508,2.6091187,6.467893295288085,2.6091187,1.3453374,-0.18149655
data_driven_baseline,422,498,298.15,0.5,False,1.1900000096431995e-08,0.0007226919,1.300692,2.560482,6.347324885559082,2.560482,1.3399484,0.0016455203
data_driven_baseline,423,498,298.15,0.625,False,2.0000000100495186e-08,0.0008442568,1.2964995,2.4642158,6.1086851223945615,2.4642158,1.2978859,0.12739685
data_driven_baseline,424,498,298.15,0.75,False,1.2100000001957767e-08,0.0010255479,1.2348931,2.3175383,5.7450776720047,2.3175383,1.2002096,0.18693143
data_driven_baseline,425,498,298.15,0.875,False,8.800000006470299e-08,0.0012789227,1.1241337,2.134305,5.290850564479828,2.134305,1.0527635,0.1853326
data_driven_baseline,426,498,298.15,1.0,False,4.19999999223819e-08,0.0016247454,0.9834344,1.9245993,4.7709988158226,1.9245993,0.88266706,0.1430369
data_driven_baseline,427,500,298.15,0.0,False,1.5999999991578306e-08,0.000116915624,2.0805676,4.5165896,11.19643191795349,4.5165896,1.5584407,-0.16667221
data_driven_baseline,428,500,298.15,0.11111111,False,2.099999996119095e-08,0.00015333481,2.0043335,4.183487,10.370684802246092,4.183487,1.4719169,-0.35759628
data_driven_baseline,429,500,298.15,0.22222222,False,1.1999999882661427e-08,0.00018695158,1.9181882,3.9299965,9.742292141151427,3.9299965,1.3188668,-0.50570166
data_driven_baseline,430,500,298.15,0.33333334,False,3.632999989733321e-08,0.00022109633,1.8097607,3.7310658,9.249151672649383,3.7310658,1.1356106,-0.5626061
data_driven_baseline,431,500,298.15,0.44444445,False,3.650000013344368e-08,0.0002613836,1.6914663,3.5516527,8.804394157791137,3.5516527,0.95270276,-0.57004344
data_driven_baseline,432,500,298.15,0.5555556,False,5.930000002152269e-08,0.0003100407,1.5709906,3.3870304,8.396302596378325,3.3870304,0.7761059,-0.5498352
data_driven_baseline,433,500,298.15,0.6666667,False,4.100000006168614e-08,0.0003674793,1.4481483,3.2455275,8.045523339080809,3.2455275,0.6004509,-0.49846667
data_driven_baseline,434,500,298.15,0.7777778,False,2.3879999977438615e-08,0.00043335388,1.3153701,3.1429882,7.791332562160492,3.1429882,0.40571845,-0.3974036
data_driven_baseline,435,500,298.15,0.8888889,False,6.399999996631323e-08,0.00050285604,1.1609498,3.1181118,7.729665337276459,3.1181118,0.16865826,-0.19607937
data_driven_baseline,436,500,298.15,1.0,False,3.946999993509337e-08,0.00056439947,1.1814207,3.2359118,8.021686716079712,3.2359118,-0.11554015,0.19281006
data_driven_baseline,437,518,298.15,0.0,False,3.399999992659275e-08,3.0444446e-05,2.6442146,5.9148774,14.662727066230772,5.9148774,1.4475417,-0.5702246
data_driven_baseline,438,518,298.15,0.125,False,1.7999999935014444e-08,4.5514207e-05,2.507355,5.4743605,13.57070424003601,5.4743605,1.4638762,-0.5838283
data_driven_baseline,439,518,298.15,0.25,False,8.499999992750418e-08,6.331307e-05,2.38271,5.082016,12.598098823356628,5.082016,1.4212704,-0.6448436
data_driven_baseline,440,518,298.15,0.375,False,3.199999998315661e-08,8.307841e-05,2.249766,4.7445483,11.761530940818785,4.7445483,1.3095739,-0.6951764
data_driven_baseline,441,518,298.15,0.5,False,7.899999987515116e-08,0.000106572035,2.1128716,4.4344597,10.992834538269042,4.4344597,1.1688812,-0.73527366
data_driven_baseline,442,518,298.15,0.625,False,2.0499999919820766e-08,0.00013538769,1.9890671,4.1354933,10.251709822654725,4.1354933,1.0241627,-0.80754507
data_driven_baseline,443,518,298.15,0.75,False,6.9000000157970476e-09,0.0001705231,1.8822403,3.8567476,9.560711621284485,3.8567476,0.87310266,-0.9168705
data_driven_baseline,444,518,298.15,0.875,False,2.300000001564939e-08,0.00021160307,1.7912222,3.628139,8.994000970649719,3.628139,0.7077261,-1.0378015
data_driven_baseline,445,518,298.15,1.0,False,5.4320000053564854e-08,0.00025941432,1.7043424,3.4903164,8.652344413661956,3.4903164,0.5122329,-1.1104778
data_driven_baseline,446,525,298.15,0.0,False,6.000000007944095e-08,0.001769528,0.8854685,1.9864523,4.924329786968231,1.9864523,0.37928963,0.29066354
data_driven_baseline,447,525,298.15,0.14285715,False,1.9700000075673074e-08,0.0018894597,0.90085405,1.9174504,4.753277165794372,1.9174504,0.5280738,0.25703785
data_driven_baseline,448,525,298.15,0.2857143,False,6.999999990764394e-08,0.0021657129,0.8659589,1.7578809,4.357711261844634,1.7578809,0.6601002,0.17989554
data_driven_baseline,449,525,298.15,0.42857143,False,2.2200000060479397e-08,0.0024544522,0.7728624,1.6136576,4.000187791585922,1.6136576,0.6630876,0.041841686
data_driven_baseline,450,525,298.15,0.5714286,False,3.9999999978945766e-08,0.0028084894,0.6930568,1.4829712,3.6762218917846674,1.4829712,0.54144764,-0.054751575
data_driven_baseline,451,525,298.15,0.71428573,False,7.000000001866624e-08,0.0033122941,0.5740863,1.3538404,3.356112183904648,1.3538404,0.3425157,-0.025902867
data_driven_baseline,452,525,298.15,0.85714287,False,7.000000001866624e-08,0.0039297864,0.5356267,1.2765303,3.164463824224472,1.2765303,0.1053344,0.2250154
data_driven_baseline,453,525,298.15,1.0,False,2.549999988943341e-08,0.0045676045,0.71796435,1.3045561,3.2339386861801143,1.3045561,-0.09448218,0.7548547
data_driven_baseline,454,526,298.15,0.0,False,4.3000000005122274e-08,0.000615903,1.2060922,2.9335635,7.272178010272979,2.9335635,0.20032704,0.484386
data_driven_baseline,455,526,298.15,0.125,False,3.0000000039720476e-08,0.0008387875,1.0925317,2.6169505,6.487307893753051,2.6169505,0.21283758,0.44780686
data_driven_baseline,456,526,298.15,0.25,False,3.9999999978945766e-08,0.0011018472,0.9658435,2.3642542,5.860884557628631,2.3642542,0.12386167,0.4094147
data_driven_baseline,457,526,298.15,0.375,False,2.109999996946499e-08,0.0014064611,0.8663271,2.2001917,5.45418056564331,2.2001917,0.019360662,0.37942898
data_driven_baseline,458,526,298.15,0.5,False,4.380000007131457e-08,0.0017931338,0.83408,2.0924432,5.187076862907409,2.0924432,-0.052296817,0.35749984
data_driven_baseline,459,526,298.15,0.625,False,6.000000007944095e-08,0.0022717286,0.81575006,2.0353546,5.045556723499297,2.0353546,-0.080406725,0.3314888
data_driven_baseline,460,526,298.15,0.75,False,3.500000000933312e-08,0.002762615,0.78479546,2.028921,5.029607636547088,2.028921,-0.06649527,0.25897038
data_driven_baseline,461,526,298.15,0.875,False,1.9000000017754815e-08,0.003185179,0.7321029,2.0280142,5.0273602290153505,2.0280142,-0.04188834,0.1264062
data_driven_baseline,462,526,298.15,1.0,False,8.600000045433376e-09,0.0036212814,0.6754782,1.9759988,4.898415790557861,1.9759988,-0.03208676,0.01834917
data_driven_baseline,463,542,298.15,0.33333334,False,2.7000000013543968e-08,2.20491e-05,2.5594943,5.999542,14.872607178306579,5.999542,0.71420527,-0.9647353
data_driven_baseline,464,542,298.15,0.8333333,False,3.400000003761505e-08,5.8659472e-05,2.1778426,4.9582777,12.291357266426084,4.9582777,0.42073894,-1.1545111
data_driven_baseline,465,542,298.15,0.16666667,False,2.1400000216331705e-08,1.6080372e-05,2.7195995,6.372261,15.796561226272583,6.372261,0.86170626,-0.92483133
data_driven_baseline,466,542,298.15,0.5,False,3.8999999896205395e-08,3.029521e-05,2.413021,5.63621,13.97192221469879,5.63621,0.60967326,-0.9931802
data_driven_baseline,467,542,298.15,0.6666667,False,6.350000003596534e-08,4.2002037e-05,2.2888458,5.2712817,13.067280403518676,5.2712817,0.53134084,-1.0639147
data_driven_baseline,468,542,298.15,1.0,False,1.8535000201325147e-08,8.2668535e-05,2.0653913,4.8258424,11.963056065177916,4.8258424,0.21372974,-1.1566018
data_driven_baseline,469,542,298.15,0.0,False,1.5599999958482158e-08,1.1302997e-05,2.8562508,6.8239856,16.916367286872863,6.8239856,0.9512758,-0.79349107
data_driven_baseline,470,543,298.15,0.0,False,5.100000000091143e-08,3.8549548e-05,2.516732,5.6397734,13.98075602760315,5.6397734,1.5716195,0.33880302
data_driven_baseline,471,543,298.15,0.1,False,4.600000003129878e-08,5.655424e-05,2.3798187,5.1899757,12.8657268453598,5.1899757,1.6268241,0.32265556
data_driven_baseline,472,543,298.15,0.2,False,2.8300000010084148e-08,8.26187e-05,2.1867847,4.6853886,11.614877363204956,4.6853886,1.6624668,0.21249859
data_driven_baseline,473,543,298.15,0.3,False,8.299999998406804e-08,0.00011742794,1.9450353,4.151958,10.292525973510742,4.151958,1.6570053,0.026142396
data_driven_baseline,474,543,298.15,0.4,False,7.737999996315637e-08,0.00016264738,1.8077054,3.6165504,8.965273165416717,3.6165504,1.6062665,-0.20029947
data_driven_baseline,475,543,298.15,0.5,False,4.3000000005122274e-08,0.00022280066,1.6904441,3.0710902,7.613100975227356,3.0710902,1.5274796,-0.47276276
data_driven_baseline,476,543,298.15,0.6,False,3.4849999996922065e-08,0.00030314515,1.5837145,2.505786,6.211735468101502,2.505786,1.4303203,-0.815037
data_driven_baseline,477,543,298.15,0.7,False,3.7449999990002425e-08,0.00040781745,1.4880687,1.9420168,4.814176109409332,1.9420168,1.3089936,-1.2131958
data_driven_baseline,478,543,298.15,0.8,False,5.599999997052407e-08,0.0005418828,1.3969768,1.6104869,3.9923278363227843,1.4274354,1.1530081,-1.6104869
data_driven_baseline,479,543,298.15,0.9,False,5.000000002919336e-08,0.00070852326,1.3057064,1.9269633,4.7768595906257625,1.0394182,0.9507376,-1.9269633
data_driven_baseline,480,543,298.15,1.0,False,9.99999993922529e-09,0.0009022609,1.2199384,2.067545,5.1253550451278675,0.8852966,0.7069738,-2.067545
data_driven_baseline,481,550,298.15,0.0,False,7.870399998388677e-08,9.7576296e-05,2.4080107,4.7376895,11.744528665924072,4.7376895,2.4768832,0.009459719
data_driven_baseline,482,550,298.15,0.14285715,False,5.20000000836518e-08,0.00016509583,2.2498453,4.1424203,10.26888156299591,4.1424203,2.433414,-0.17370105
data_driven_baseline,483,550,298.15,0.2857143,False,4.5549999994065615e-08,0.00024897445,2.1327584,3.6067212,8.94090710506439,3.6067212,2.229968,-0.5615865
data_driven_baseline,484,550,298.15,0.42857143,False,4.2249999943066996e-08,0.00034500225,1.9955105,3.1471694,7.801697819519042,3.1471694,1.8773003,-0.962062
data_driven_baseline,485,550,298.15,0.5714286,False,8.799999995368069e-08,0.00045553045,1.8506693,2.7603996,6.8429117981910705,2.7603996,1.437324,-1.3542843
data_driven_baseline,486,550,298.15,0.71428573,False,1.2230000123736318e-08,0.00056845223,1.7026697,2.5328684,6.278871650028228,2.5328684,0.9553792,-1.6197615
data_driven_baseline,487,550,298.15,0.85714287,False,2.589999992252956e-08,0.0006676341,1.5417913,2.5656533,6.360144548511505,2.5656533,0.5083828,-1.5513377
data_driven_baseline,488,550,298.15,1.0,False,6.890000003867414e-08,0.0007353311,1.36845,2.8886368,7.160806797409057,2.8886368,0.17198539,-1.0447278
data_driven_baseline,489,579,298.15,0.05882353,False,5.845305994789385e-08,8.2145306e-07,3.92288,9.595175,23.786026760482788,9.595175,-1.8755729,-0.29789206
data_driven_baseline,490,579,298.15,0.11764706,False,8.779999993713261e-08,9.669918e-07,3.786298,9.443251,23.409413121414183,9.443251,-1.5460291,-0.3696146
data_driven_baseline,491,579,298.15,0.1764706,False,6.435820010253224e-08,1.1443582e-06,3.630463,9.278052,22.999893614578248,9.278052,-1.1614853,-0.4518508
data_driven_baseline,492,579,298.15,0.23529412,False,6.539999997112744e-08,1.3258709e-06,3.4861114,9.121059,22.61071451072693,9.121059,-0.7947142,-0.5425602
data_driven_baseline,493,579,298.15,0.29411766,False,5.1551300006558165e-08,1.5284487e-06,3.3625546,8.958214,22.207027344894406,8.958214,-0.5046551,-0.624795
data_driven_baseline,494,579,298.15,0.3529412,False,1.9000000017754815e-08,1.7163467e-06,3.2797878,8.818809,21.861447492218016,8.818809,-0.32982373,-0.69073117
data_driven_baseline,495,579,298.15,0.4117647,False,6.460000001595745e-08,1.914125e-06,3.2229912,8.68925,21.540277487945552,8.68925,-0.24475747,-0.7349658
data_driven_baseline,496,579,298.15,0.47058824,False,9.149999991020508e-08,2.1497158e-06,3.1771553,8.557247,21.213047672271728,8.557247,-0.21625733,-0.7579613
data_driven_baseline,497,579,298.15,0.5294118,False,1.1169999991622603e-07,2.4129615e-06,3.1386623,8.430562,20.89900204086304,8.430562,-0.21858174,-0.7668433
data_driven_baseline,498,579,298.15,0.5882353,False,5.999999985739635e-08,2.704711e-06,3.1015303,8.31028,20.60082701911926,8.31028,-0.23675814,-0.7575531
data_driven_baseline,499,579,298.15,0.64705884,False,1.9613000112883583e-08,2.989613e-06,3.064132,8.209641,20.351348860168454,8.209641,-0.26271576,-0.7200396
data_driven_baseline,500,579,298.15,0.7058824,False,3.030000006454259e-08,3.240595e-06,3.022028,8.133913,20.163622090148927,8.133913,-0.28551435,-0.6466564
data_driven_baseline,501,579,298.15,0.7647059,False,6.850000000557799e-08,3.416587e-06,2.974271,8.089337,20.053119245529174,8.089337,-0.29810655,-0.5353695
data_driven_baseline,502,579,298.15,0.8235294,False,1.6358099985680497e-08,3.5263581e-06,2.9165213,8.066851,19.99737534980774,8.066851,-0.29591918,-0.38679397
data_driven_baseline,503,579,298.15,0.88235295,False,9.799999989290598e-08,3.5705625e-06,2.8546953,8.062055,19.98548774681091,8.062055,-0.27946764,-0.22256398
data_driven_baseline,504,579,298.15,0.9411765,False,1.5209999992826795e-07,3.5921348e-06,2.7879412,8.0616665,19.984525547027587,8.0616665,-0.25238717,-0.049770117
data_driven_baseline,505,579,298.15,1.0,False,7.453999995021832e-08,3.63438e-06,2.7993257,8.053686,19.964742446517942,8.053686,-0.22108838,0.12320256
data_driven_baseline,506,579,298.15,0.0,False,6.001959995671768e-08,2.830196e-07,4.5546927,10.657455,26.41937421760559,10.657455,-2.1046076,-0.9020143
data_driven_baseline,507,599,298.15,0.0,False,5.808000003160174e-08,2.9856415e-07,5.6888022,10.667794,26.445003307342525,10.667794,-1.4511756,4.9474363
data_driven_baseline,508,599,298.15,0.11111111,False,5.7499999983612327e-08,5.018068e-07,5.250486,10.1055155,25.05113977394104,10.1055155,-1.4861664,4.159776
data_driven_baseline,509,599,298.15,0.22222222,False,6.829999998902991e-08,7.976519e-07,4.596399,9.57024,23.724213954544066,9.57024,-1.4181931,2.8007631
data_driven_baseline,510,599,298.15,0.33333334,False,2.5524400149024018e-08,1.1555244e-06,3.885833,9.142789,22.664581775665283,9.142789,-1.150267,1.3644443
data_driven_baseline,511,599,298.15,0.44444445,False,5.1400000034007576e-08,1.5626218e-06,3.316171,8.827872,21.883917018127438,8.827872,-0.74180233,0.3788389
data_driven_baseline,512,599,298.15,0.5555556,False,2.323339998167029e-08,2.0067666e-06,3.0178394,8.593527,21.30298491821289,8.593527,-0.2653377,-0.19465303
data_driven_baseline,513,599,298.15,0.6666667,False,7.180000005657661e-08,2.3593966e-06,3.0562162,8.457717,20.966317355728147,8.457717,0.2605369,-0.45039505
data_driven_baseline,514,599,298.15,0.7777778,False,2.98000000231724e-08,2.4517465e-06,3.2426736,8.439937,20.922240416717525,8.439937,0.80330825,-0.48477554
data_driven_baseline,515,599,298.15,0.8888889,False,8.626869996142261e-08,2.3262687e-06,3.4153337,8.502621,21.077632269668577,8.502621,1.3374527,-0.40592808
data_driven_baseline,516,599,298.15,1.0,False,8.006400009641368e-08,2.138064e-06,3.5777586,8.590377,21.295175859451295,8.590377,1.8573575,-0.2855403
data_driven_baseline,517,600,298.15,0.0,False,7.683000002867146e-08,3.113106e-07,4.4617925,10.564909,26.189954398345943,10.564909,-0.6976134,-2.1228557
data_driven_baseline,518,600,298.15,0.09090909,False,8.89477799193017e-08,4.5105222e-07,4.2288346,10.211388,25.313590569686887,10.211388,-0.74981403,-1.7253025
data_driven_baseline,519,600,298.15,0.18181819,False,4.854073987203833e-08,6.2145926e-07,3.9759789,9.891221,24.51991223068237,9.891221,-0.81760335,-1.2191119
data_driven_baseline,520,600,298.15,0.27272728,False,2.4162570055885624e-08,8.0583743e-07,3.7755756,9.604652,23.809519903182984,9.604652,-0.893988,-0.82808733
data_driven_baseline,521,600,298.15,0.36363637,False,1.4959999994346163e-07,1.0097048e-06,3.646917,9.342934,23.160731108856197,9.342934,-0.9567213,-0.6410961
data_driven_baseline,522,600,298.15,0.45454547,False,9.719999993773598e-08,1.2521926e-06,3.5617359,9.098194,22.55403343696594,9.098194,-0.9890939,-0.5979195
data_driven_baseline,523,600,298.15,0.54545456,False,4.157799993187439e-08,1.531578e-06,3.492366,8.880385,22.01409377746582,8.880385,-0.97344524,-0.6232678
data_driven_baseline,524,600,298.15,0.6363636,False,6.010000008771499e-08,1.8098367e-06,3.4190314,8.712788,21.59862591972351,8.712788,-0.8827167,-0.66158926
data_driven_baseline,525,600,298.15,0.72727275,False,7.180000005657661e-08,2.0163886e-06,3.3276987,8.616249,21.359311138153075,8.616249,-0.6923164,-0.67453134
data_driven_baseline,526,600,298.15,0.8181818,False,8.925090000388991e-08,2.0992509e-06,3.2161074,8.590459,21.29537830810547,8.590459,-0.4116602,-0.6462029
data_driven_baseline,527,600,298.15,0.90909094,False,3.080000010591277e-08,2.1037677e-06,3.0855052,8.59887,21.316230519485472,8.59887,-0.07469177,-0.58295345
data_driven_baseline,528,600,298.15,1.0,False,7.385000011517207e-08,2.0938073e-06,3.1293728,8.60935,21.34220991363525,8.60935,0.27537084,-0.50339836
data_driven_baseline,529,610,298.15,0.0,False,8.2899999975794e-08,1.3667703e-05,2.6547573,6.7001934,16.60949152240753,6.7001934,0.4927411,0.7713371
data_driven_baseline,530,610,298.15,0.125,False,1.6473000075123423e-08,2.3216473e-05,2.4691834,6.1535745,15.254446949768065,6.1535745,0.45886898,0.79510707
data_driven_baseline,531,610,298.15,0.25,False,9.599999994946984e-08,3.5703844e-05,2.294791,5.6932464,14.113313264656066,5.6932464,0.31878853,0.87233776
data_driven_baseline,532,610,298.15,0.375,False,5.999999985739635e-08,4.9950337e-05,2.1536233,5.3261313,13.203250833892822,5.3261313,0.05408144,1.0806574
data_driven_baseline,533,610,298.15,0.5,False,7.186000017256333e-08,6.639186e-05,2.2735188,5.0254416,12.457854224205015,5.0254416,-0.26960182,1.5255133
data_driven_baseline,534,610,298.15,0.625,False,6.577000011276368e-08,8.406423e-05,2.6094658,4.817216,11.941671573066712,4.817216,-0.581429,2.429753
data_driven_baseline,535,610,298.15,0.75,False,7.109999922150223e-09,9.528711e-05,3.171726,4.803871,11.908590553092957,4.803871,-0.7534991,3.9578075
data_driven_baseline,536,610,298.15,0.875,False,7.699999993171502e-08,9.694792e-05,3.748723,5.6076736,13.901182332992551,4.9381585,-0.70033705,5.6076736
data_driven_baseline,537,610,298.15,1.0,False,3.800000003550963e-08,9.2082184e-05,4.126516,6.7477417,16.727362133216854,5.090073,-0.5417333,6.7477417
data_driven_baseline,538,614,298.15,0.0,False,6.239999994495093e-08,3.1307675e-06,3.703393,8.228592,20.398326046752928,8.228592,-2.4641862,0.4174014
data_driven_baseline,539,614,298.15,0.11111111,False,1.3470000004289773e-07,4.7490025e-06,3.3138685,7.813947,19.370439636611938,7.813947,-1.762111,0.3655473
data_driven_baseline,540,614,298.15,0.22222222,False,4.699999989199455e-08,6.827259e-06,2.908763,7.4223967,18.399802976226805,7.4223967,-1.0313877,0.27250475
data_driven_baseline,541,614,298.15,0.33333334,False,5.5000000109828306e-08,9.354963e-06,2.5779223,7.0657153,17.515605067062378,7.0657153,-0.51537144,0.15268028
data_driven_baseline,542,614,298.15,0.44444445,False,6.811399999584467e-08,1.2638114e-05,2.3093102,6.7375555,16.702110644340515,6.7375555,-0.17978722,0.010587871
data_driven_baseline,543,614,298.15,0.5555556,False,7.80000000144554e-08,1.697251e-05,2.2383068,6.443721,15.973707210731506,6.443721,0.078067005,-0.1931327
data_driven_baseline,544,614,298.15,0.6666667,False,4.900000005747529e-08,2.1804495e-05,2.3491664,6.228461,15.440086678886413,6.228461,0.2952774,-0.5237608
data_driven_baseline,545,614,298.15,0.7777778,False,1.7545999986268157e-08,2.5777546e-05,2.5181587,6.1038804,15.131256943702695,6.1038804,0.4632524,-0.98734283
data_driven_baseline,546,614,298.15,0.8888889,False,5.788400003758909e-08,2.8113884e-05,2.6626933,6.0293546,14.94651117324829,6.0293546,0.5666982,-1.3920269
data_driven_baseline,547,614,298.15,1.0,False,5.2400000005725644e-08,2.9444276e-05,2.7144833,5.9732337,14.807390277862547,5.9732337,0.6298278,-1.5403881
data_driven_baseline,548,633,298.2,0.0,False,1.1383999987124582e-07,0.00061548484,1.6295124,2.8884006,7.161421836090088,2.8884006,1.3216877,0.6784491
data_driven_baseline,549,633,298.2,0.16666667,False,1.999999987845058e-08,0.00095165236,1.4246298,2.4025054,5.956706644821167,2.4025054,1.3406,0.53078425
data_driven_baseline,550,633,298.2,0.33333334,False,4.190000002513017e-08,0.0014152181,1.1233777,1.9019943,4.715753039360046,1.9019943,1.2571497,0.2109892
data_driven_baseline,551,633,298.2,0.5,False,7.999999995789153e-08,0.0019621963,0.8666933,1.5164475,3.759838633346557,1.5164475,1.0173563,-0.06627604
data_driven_baseline,552,633,298.2,0.6666667,False,3.0000000039720476e-08,0.0026982378,0.7139039,1.2397827,3.073883307266235,1.2397827,0.7273216,-0.17460746
data_driven_baseline,553,633,298.2,0.8333333,False,7.080000008485854e-08,0.0037390292,0.5511845,1.0400656,2.5787103904724122,1.0400656,0.4524361,-0.16105175
data_driven_baseline,554,633,298.2,1.0,False,4.36000000547665e-08,0.0051601464,0.3884603,0.94254,2.336908052444458,0.94254,0.18500137,0.03783965
data_driven_baseline,555,660,298.15,0.0,False,6.299999999459516e-08,0.0001228369,2.071572,4.4930377,11.138047090911865,4.4930377,1.3351717,0.38650632
data_driven_baseline,556,660,298.15,0.2,False,7.641999999474791e-08,0.00023978858,1.8210316,3.6770725,9.115304678440094,3.6770725,1.396635,0.38938728
data_driven_baseline,557,660,298.15,0.4,False,6.599999990974936e-08,0.0004511444,1.4139199,2.6994905,6.691920928764342,2.6994905,1.3574374,0.18483213
data_driven_baseline,558,660,298.15,0.6,False,5.999999996841865e-08,0.00078622,1.012438,1.8971338,4.702913229322433,1.8971338,1.1156361,0.02454418
data_driven_baseline,559,660,298.15,0.8,False,5.01000001484897e-08,0.0013540699,0.7288985,1.2679217,3.143123404502868,1.2679217,0.82698846,-0.09178531
data_driven_baseline,560,660,298.15,1.0,False,3.599999998105119e-08,0.0023026448,0.4969983,0.9302298,2.3059996411800383,0.9302298,0.4913262,-0.069438934
data_driven_baseline,561,662,298.15,0.0,False,2.8889999947878664e-08,0.00013984911,1.9915937,4.105936,10.178439332771301,4.105936,-1.2843542,0.58449054
data_driven_baseline,562,662,298.15,0.14285715,False,1.175000008402094e-08,0.00018819825,1.3488764,3.5432901,8.78366421175003,3.5432901,-0.07790613,0.42543256
data_driven_baseline,563,662,298.15,0.2857143,False,4.026000000045826e-08,0.00025662026,1.2743605,3.1284957,7.755406456184387,3.1284957,0.39733362,0.29725242
data_driven_baseline,564,662,298.15,0.42857143,False,7.624000009087695e-08,0.00036062376,1.1714448,2.7051427,6.7059325366020195,2.7051427,0.6556046,0.1535871
data_driven_baseline,565,662,298.15,0.5714286,False,5.5350000027765134e-08,0.00051915465,1.0164785,2.199191,5.451700000953674,2.199191,0.8213892,-0.028855398
data_driven_baseline,566,662,298.15,0.71428573,False,2.3099999912901126e-08,0.0007472931,0.9274268,1.6712713,4.143009914684295,1.6712713,0.89960504,-0.21140417
data_driven_baseline,567,662,298.15,0.85714287,False,3.599999987002889e-08,0.001092678,0.8138866,1.1809235,2.927458435869217,1.1809235,0.91329837,-0.3474378
data_driven_baseline,568,662,298.15,1.0,False,1.0989999998933797e-07,0.0015994499,0.7056553,0.8714168,2.160204764318466,0.83621264,0.8714168,-0.40933633
data_driven_baseline,569,668,298.15,0.0,False,1.847999997472982e-08,5.693552e-05,2.5052416,5.4640284,13.545091073226928,5.4640284,-1.3649383,0.6867586
data_driven_baseline,570,668,298.15,0.2,False,2.399999998736746e-08,9.203301e-05,2.1893842,5.1639633,12.801243536949157,5.1639633,-0.7883158,0.61587375
data_driven_baseline,571,668,298.15,0.4,False,4.380000007131457e-08,0.0001484638,1.9803911,4.852808,12.029902791023252,4.852808,-0.53164196,0.5567236
data_driven_baseline,572,668,298.15,0.6,False,8.170000009855016e-09,0.00023692817,1.7150401,4.3857565,10.872102349853515,4.3857565,-0.2956239,0.46373993
data_driven_baseline,573,668,298.15,0.8,False,1.4930000125090714e-08,0.00036857493,1.4438654,3.8457189,9.533371954154967,3.8457189,-0.1295389,0.35633847
data_driven_baseline,574,668,298.15,1.0,False,5.694999993810512e-08,0.00056016305,1.2038604,3.3125534,8.211677385234832,3.3125534,-0.03713,0.26189795
data_driven_baseline,575,712,298.2,0.0,False,1.0180800003034562e-07,6.750792e-06,3.8066137,7.3543363,18.23414100036621,7.3543363,-3.917616,-0.14788897
data_driven_baseline,576,712,298.2,0.125,False,2.183699998603572e-08,1.0363037e-05,2.7678373,6.6378636,16.457738356018066,6.6378636,-1.6165786,-0.049069878
data_driven_baseline,577,712,298.2,0.25,False,5.693000004747262e-08,1.546713e-05,2.0259464,5.6627827,14.040149517059326,5.6627827,0.41034842,-0.004708338
data_driven_baseline,578,712,298.2,0.375,False,2.6067000002960583e-08,2.2982533e-05,2.0767467,4.5766535,11.347229837036133,4.5766535,1.6328278,0.020759324
data_driven_baseline,579,712,298.2,0.5,False,5.183300011424308e-08,3.5264133e-05,1.933487,3.3005214,8.183223001098632,3.3005214,2.4734628,-0.026477318
data_driven_baseline,580,712,298.2,0.625,False,1.0288699991978234e-07,5.6228113e-05,1.6787385,3.0852861,7.649574407958984,1.721086,3.0852861,-0.22984299
data_driven_baseline,581,712,298.2,0.75,False,5.5000000109828306e-08,9.2539e-05,1.4120234,3.449751,8.55321844139099,-0.1505127,3.449751,-0.6358067
data_driven_baseline,582,712,298.2,0.875,False,6.057000001558066e-08,0.00015555443,2.3072655,3.5622776,8.832213876342774,-2.1526551,3.5622776,-1.2068646
data_driven_baseline,583,712,298.2,1.0,False,4.499999994855841e-08,0.0002651489,3.0870523,3.9922705,9.898326880645751,-3.9922705,3.4599109,-1.8089755
data_driven_baseline,584,722,298.2,0.0,False,6.072999991779682e-08,0.00016285773,1.8299795,4.1098027,10.189733475494384,4.1098027,0.8035693,0.57656664
data_driven_baseline,585,722,298.2,0.2,False,1.0362000002483995e-07,0.00025886338,1.5596656,3.4808846,8.630410384368895,3.4808846,0.6783807,0.5197309
data_driven_baseline,586,722,298.2,0.4,False,9.000000011916143e-08,0.00039685788,1.2944828,2.9784722,7.3847430862426755,2.9784722,0.43543816,0.46953797
data_driven_baseline,587,722,298.2,0.6,False,5.349999998571775e-08,0.0006293535,1.0598186,2.5516796,6.32656501121521,2.5516796,0.19673216,0.4310444
data_driven_baseline,588,722,298.2,0.8,False,4.1899999914107866e-08,0.0010150281,0.89840525,2.2583525,5.599297546005248,2.2583525,-0.017919898,0.41894346
data_driven_baseline,589,722,298.2,1.0,False,1.9999999989472883e-08,0.0016421803,0.9868843,2.2272289,5.522130628967285,2.2272289,-0.24679816,0.48662555
data_driven_baseline,590,732,323.2,0.0,False,3.63000000058733e-08,0.0051436597,0.62625307,1.1588932,3.114217626953125,1.1588932,-0.33840942,0.38145652
data_driven_baseline,591,732,323.2,0.16666667,False,9.000000011916143e-08,0.0054810885,0.47079453,1.0702486,2.876008905029297,1.0702486,-0.014366627,0.32776833
data_driven_baseline,592,732,323.2,0.33333334,False,6.000000007944095e-08,0.006246199,0.43892744,0.89668804,2.4096108596801753,0.89668804,0.17726803,0.24282636
data_driven_baseline,593,732,323.2,0.5,False,1.1600000004996502e-07,0.007479836,0.3763397,0.7223008,1.9409915725708007,0.7223008,0.28157473,0.12514365
data_driven_baseline,594,732,323.2,0.6666667,False,2.999999981767587e-08,0.009508797,0.30866772,0.5535914,1.487629702758789,0.5535914,0.3566928,0.015718974
data_driven_baseline,595,732,323.2,0.8333333,False,1.2999999965401798e-08,0.012600117,0.29212946,0.41725838,1.1212710662841796,0.4056214,0.41725838,-0.053508587
data_driven_baseline,596,732,323.2,1.0,False,5.599999997052407e-08,0.017282348,0.26308653,0.4459479,1.1983664794921873,0.2681656,0.4459479,-0.075146064
data_driven_baseline,597,735,323.2,0.0,False,1.999999987845058e-08,0.007447021,0.37468997,0.6675502,1.7938637802124024,0.6675502,-0.14569116,0.31082863
data_driven_baseline,598,735,323.2,0.125,False,2.0000000100495186e-08,0.007655774,0.2735885,0.36301923,0.9755177375793457,0.36301923,0.18790579,0.26984045
data_driven_baseline,599,735,323.2,0.25,False,7.400000012758312e-08,0.008097434,0.21674581,0.42388868,1.1390882362365722,-0.026545525,0.42388868,0.19980326
data_driven_baseline,600,735,323.2,0.375,False,5.000000014021566e-08,0.00885355,0.37623206,0.5925127,1.5922205535888672,-0.42714572,0.5925127,0.10903776
data_driven_baseline,601,735,323.2,0.5,False,6.900000004694817e-08,0.010003201,0.5166088,0.80863047,2.1729794921875,-0.80863047,0.7221444,0.01905144
data_driven_baseline,602,735,323.2,0.625,False,5.2999999944347564e-08,0.011567993,0.6652825,1.1149337,2.9960881896972653,-1.1149337,0.8275051,-0.053408653
data_driven_baseline,603,735,323.2,1.0,False,1.2999999965401798e-08,0.020185988,0.8515443,1.4004729,3.763398764038086,-1.4004729,1.0354447,-0.11871524
data_driven_baseline,604,735,323.2,0.875,False,5.5000000109828306e-08,0.016369255,0.8296592,1.3806849,3.7102236572265626,-1.3806849,0.990041,-0.11825169
data_driven_baseline,605,735,323.2,0.75,False,5.899999999670058e-08,0.013632291,0.7725044,1.3017812,3.498191159057617,-1.3017812,0.91676116,-0.09897091
data_driven_baseline,606,743,323.2,0.0,False,2.4999999848063226e-08,0.0016069011,1.1530553,2.2664664,6.090526239013672,2.2664664,0.8515172,0.3411826
data_driven_baseline,607,743,323.2,0.14285715,False,1.0149999996045267e-07,0.0019095825,1.1256415,2.0689244,5.55968505859375,2.0689244,1.038516,0.269484
data_driven_baseline,608,743,323.2,0.2857143,False,5.999999996841865e-08,0.0023182798,1.0374664,1.8389487,4.941686068725586,1.8389487,1.1145399,0.15891063
data_driven_baseline,609,743,323.2,0.42857143,False,6.000000007944095e-08,0.0028718398,0.91270703,1.6299995,4.380190734863281,1.6299995,1.0784383,0.029683232
data_driven_baseline,610,743,323.2,0.5714286,False,9.13000000046793e-08,0.0037364413,0.8326419,1.4277934,3.836815481567383,1.4277934,0.98176813,-0.088364236
data_driven_baseline,611,743,323.2,0.71428573,False,5.2999999944347564e-08,0.005040407,0.7559398,1.2350667,3.3189133850097656,1.2350667,0.86213064,-0.17062207
data_driven_baseline,612,743,323.2,1.0,False,1.999999987845058e-08,0.0097714355,0.5536099,0.8564534,2.301490957641602,0.8564534,0.6181822,-0.18619421
data_driven_baseline,613,743,323.2,0.85714287,False,1.9999999989472883e-08,0.0069477996,0.663522,1.050981,2.8242322265624997,1.050981,0.73902845,-0.20055649
data_driven_baseline,614,748,278.15,0.0,False,2.800000009628434e-08,0.0014561734,0.8357158,1.8544661,4.2887639880657185,1.8544661,0.14573812,0.50694335
data_driven_baseline,615,748,278.15,0.14285715,False,6.450000000768341e-08,0.0015510815,0.8913913,1.7617072,4.074243516874313,1.7617072,0.5196326,0.3928342
data_driven_baseline,616,748,278.15,0.2857143,False,9.389999999775966e-08,0.0018270761,0.83797103,1.5370978,3.554796715402603,1.5370978,0.7287736,0.24804166
data_driven_baseline,617,748,278.15,0.42857143,False,6.000000007944095e-08,0.0022452965,0.735455,1.3245642,3.063276961660385,1.3245642,0.80582523,0.07597539
data_driven_baseline,618,748,278.15,0.5714286,False,1.1149999989967796e-07,0.0028784315,0.6851814,1.1642857,2.692605883359909,1.1642857,0.81672096,-0.07453756
data_driven_baseline,619,748,278.15,0.71428573,False,3.9999999978945766e-08,0.003830064,0.67113334,1.0395975,2.4042437302112574,1.0395975,0.805428,-0.16837448
data_driven_baseline,620,748,278.15,0.85714287,False,7.169999993728027e-08,0.0052502817,0.63091296,0.91423655,2.114325402808189,0.91423655,0.78102136,-0.19748086
data_driven_baseline,621,748,278.15,1.0,False,2.4999999959085528e-08,0.007500701,0.5509377,0.73748875,1.7055664523124694,0.73748875,0.72987604,-0.18544827
data_driven_baseline,622,752,323.15,0.0,False,8.070000001580979e-08,0.0009559872,1.6177703,2.674071,7.184743661308288,1.757431,-2.674071,0.4218086
data_driven_baseline,623,752,323.15,0.2,False,2.2000000043931323e-08,0.0009393165,0.34746194,0.4359727,1.171379534113407,-0.20403028,-0.40238285,0.4359727
data_driven_baseline,624,752,323.15,0.4,False,3.589999997277715e-08,0.0010180391,0.9818426,2.1908708,5.886472535610199,-2.1908708,0.35569644,0.39896065
data_driven_baseline,625,752,323.15,0.6,False,7.000000001866624e-08,0.0012205406,1.6545067,4.0148935,10.787290974426268,-4.0148935,0.62625337,0.3223733
data_driven_baseline,626,752,323.15,0.8,False,1.589999998330427e-08,0.0015471661,2.1298807,5.4191856,14.560368994140624,-5.4191856,0.73963207,0.23082384
data_driven_baseline,627,752,323.15,1.0,False,5.030000016503777e-08,0.0020110633,2.3835423,6.1531534,16.532406957626343,-6.1531534,0.85449904,0.14297467
data_driven_baseline,628,761,298.15,0.0,False,1.999999987845058e-08,0.0004356769,3.1278114,5.9071956,14.643684381866455,3.0720496,-5.9071956,0.40418938
data_driven_baseline,629,761,298.15,0.041666668,False,8.500000014954878e-08,0.00044486808,2.7621841,4.985567,12.359006962776181,2.886878,-4.985567,0.41410723
data_driven_baseline,630,761,298.15,0.083333336,False,7.000000001866624e-08,0.00045674804,2.3775408,4.0741363,10.099608329010008,2.6371694,-4.0741363,0.42131677
data_driven_baseline,631,761,298.15,0.125,False,3.9999999978945766e-08,0.00047062195,1.9942235,3.2306128,8.008550300598143,2.3273458,-3.2306128,0.42471159
data_driven_baseline,632,761,298.15,0.16666667,False,2.4600000037011682e-08,0.0004856219,1.6262876,2.48703,6.165240518760681,1.9674662,-2.48703,0.42436644
data_driven_baseline,633,761,298.15,0.20833333,False,3.0000000039720476e-08,0.00050212425,1.2843488,1.8602083,4.611376297807693,1.5719743,-1.8602083,0.4208642
data_driven_baseline,634,761,298.15,0.25,False,5.999999985739635e-08,0.00051973853,0.9747129,1.3494267,3.34517085776329,1.1598756,-1.3494267,0.41483632
data_driven_baseline,635,761,298.15,0.29166666,False,7.999999995789153e-08,0.00053921057,0.69203824,0.93244076,2.3114805404186245,0.7372525,-0.93244076,0.40642145
data_driven_baseline,636,761,298.15,0.33333334,False,3.164999995419748e-08,0.00056131335,0.43383095,0.5938904,1.4722287915229797,0.3118,-0.5938904,0.3958024
data_driven_baseline,637,761,298.15,0.375,False,3.9999999978945766e-08,0.0005870463,0.27200377,0.38286152,0.9490972751498221,-0.12025499,-0.31289482,0.38286152
data_driven_baseline,638,761,298.15,0.41666666,False,3.486999999857687e-08,0.00061722513,0.33510423,0.55984235,1.3878251895189284,-0.55984235,-0.077718854,0.36775142
data_driven_baseline,639,761,298.15,0.45833334,False,5.236000000241603e-08,0.00065174664,0.4922763,1.0059764,2.493772473955154,-1.0059764,0.12013364,0.35071883
data_driven_baseline,640,761,298.15,0.5,False,5.000000014021566e-08,0.00069434184,0.6937728,1.4637573,3.628591296482086,-1.4637573,0.2857654,0.33179578
data_driven_baseline,641,761,298.15,0.5416667,False,9.560000002739599e-08,0.0007411764,0.88982016,1.930449,4.785500053691863,-1.930449,0.42778087,0.3112306
data_driven_baseline,642,761,298.15,0.5833333,False,1.0580000009419166e-07,0.0007948868,1.0811546,2.4068842,5.966562755107879,-2.4068842,0.5476068,0.28897256
data_driven_baseline,643,761,298.15,0.625,False,5.910000000497462e-08,0.0008557521,1.2621614,2.8764396,7.130570294761657,-2.8764396,0.6441823,0.26586255
data_driven_baseline,644,761,298.15,0.6666667,False,5.869999997187847e-08,0.0009229747,1.4310077,3.3307471,8.256779078388213,-3.3307471,0.72002506,0.24225107
data_driven_baseline,645,761,298.15,0.7083333,False,3.0000000039720476e-08,0.0010013178,1.5929979,3.7798111,9.369989634799957,-3.7798111,0.7814738,0.21770874
data_driven_baseline,646,761,298.15,0.75,False,7.999999995789153e-08,0.0010858175,1.740383,4.198465,10.407813657951355,-4.198465,0.82916415,0.1935203
data_driven_baseline,647,761,298.15,0.7916667,False,9.99999993922529e-09,0.0011779538,1.8747178,4.5875883,11.372434863662718,-4.5875883,0.8668252,0.16974017
data_driven_baseline,648,761,298.15,0.8333333,False,5.2999999944347564e-08,0.0012805279,1.997034,4.947678,12.265081023406982,-4.947678,0.8969976,0.14642636
data_driven_baseline,649,761,298.15,0.875,False,5.969999994359654e-08,0.0013909413,2.1043944,5.2671747,13.057099965858459,-5.2671747,0.9216166,0.12439218
data_driven_baseline,650,761,298.15,0.9166667,False,8.569999998542244e-08,0.0015127293,2.1992612,5.551366,13.761597397994993,-5.551366,0.94291633,0.10350154
data_driven_baseline,651,761,298.15,0.9583333,False,3.9999999978945766e-08,0.0016461939,2.2825527,5.8010125,14.380461324119567,-5.8010125,0.9628457,0.08379997
data_driven_baseline,652,761,298.15,1.0,False,1.1700000002168309e-07,0.001793865,2.3509114,6.0073624,14.8919933429718,-6.0073624,0.97927576,0.06609617
data_driven_baseline,653,784,298.15,0.0,False,5.000000014021566e-08,0.00017903108,3.568741,6.199899,15.369284242820738,4.0646925,-6.199899,0.44163227
data_driven_baseline,654,784,298.15,0.04347826,False,8.170000009855016e-08,0.0001851707,3.2598464,5.390334,13.362406184577942,3.9356449,-5.390334,0.45356035
data_driven_baseline,655,784,298.15,0.08695652,False,2.6880000003615123e-08,0.00019247082,2.919175,4.5348053,11.241587066650391,3.7590263,-4.5348053,0.46369264
data_driven_baseline,656,784,298.15,0.13043478,False,8.864000000663452e-08,0.00020066906,2.5627933,3.6857686,9.136862048053741,3.5325549,-3.6857686,0.47005612
data_driven_baseline,657,784,298.15,0.17391305,False,1.0000000050247593e-08,0.00020966776,2.2095969,3.260686,8.083100311470032,3.260686,-2.8964646,0.4716406
data_driven_baseline,658,784,298.15,0.2173913,False,1.7460000112379248e-08,0.00021923646,1.8752712,2.9549823,7.3252741505622865,2.9549823,-2.2023218,0.46850988
data_driven_baseline,659,784,298.15,0.26086956,False,9.99999993922529e-09,0.00022936951,1.5678262,2.6280065,6.5147152333259575,2.6280065,-1.6142707,0.46120107
data_driven_baseline,660,784,298.15,0.3043478,False,3.0000000039720476e-08,0.00024048692,1.2899935,2.2909195,5.679091352939606,2.2909195,-1.1286738,0.45038718
data_driven_baseline,661,784,298.15,0.3478261,False,6.7700000050408e-08,0.0002527776,1.0377928,1.9491799,4.831933017349242,1.9491799,-0.72771406,0.43648452
data_driven_baseline,662,784,298.15,0.39130434,False,5.229999999745161e-08,0.0002612067,0.8110874,1.6234694,4.024510916900635,1.6234694,-0.38963866,0.42015445
data_driven_baseline,663,784,298.15,0.4347826,False,5.000000002919336e-08,0.00027921976,0.571716,1.2367499,3.065849719953537,1.2367499,-0.07904005,0.39935815
data_driven_baseline,664,784,298.15,0.47826087,False,4.486999993780216e-08,0.00029748987,0.4710966,0.865242,2.144897712564468,0.865242,0.17071247,0.37733534
data_driven_baseline,665,784,298.15,0.5217391,False,3.0000000039720476e-08,0.00031879067,0.40624928,0.47369432,1.1742678762912748,0.47369432,0.39233947,0.3527141
data_driven_baseline,666,784,298.15,0.5652174,False,3.0000000039720476e-08,0.00034310526,0.3262255,0.5867169,1.454446008825302,0.06608963,0.5867169,0.3258699
data_driven_baseline,667,784,298.15,0.6086956,False,3.955999994254e-08,0.00037245156,0.4709053,0.7551067,1.871877078270912,-0.36087132,0.7551067,0.29673794
data_driven_baseline,668,784,298.15,0.65217394,False,5.319999996089564e-08,0.0004044898,0.6554818,0.90250754,2.23727742190361,-0.7984047,0.90250754,0.26553324
data_driven_baseline,669,784,298.15,0.6956522,False,9.790000010667654e-08,0.0004401569,0.83012867,1.2328725,3.0562379582881927,-1.2328725,1.024333,0.23318054
data_driven_baseline,670,784,298.15,0.73913044,False,3.079999988386817e-08,0.0004829158,1.0042496,1.683393,4.173059038591385,-1.683393,1.130909,0.19844681
data_driven_baseline,671,784,298.15,0.7826087,False,1.9999999989472883e-08,0.0005268646,1.1626891,2.108665,5.227289648532867,-2.108665,1.2156732,0.1637292
data_driven_baseline,672,784,298.15,0.82608694,False,2.399999998736746e-08,0.0005781034,1.3128394,2.5249052,6.259131768894195,-2.5249052,1.2851225,0.12849048
data_driven_baseline,673,784,298.15,0.8695652,False,1.1785000009201241e-07,0.00063180015,1.4499508,2.913128,7.221518646621703,-2.913128,1.3424432,0.09428104
data_driven_baseline,674,784,298.15,0.9130435,False,5.420000004363601e-08,0.0006903638,1.574122,3.2717848,8.11061399345398,-3.2717848,1.3890511,0.061530225
data_driven_baseline,675,784,298.15,0.95652175,False,1.1059999915907781e-08,0.00075458194,1.6857792,3.5992317,8.922340971183775,-3.5992317,1.4274414,0.03066463
data_driven_baseline,676,784,298.15,1.0,False,7.000000001866624e-08,0.0008234802,1.7843536,3.8909893,9.645595612335205,-3.8909893,1.4597551,0.002316473
data_driven_baseline,677,785,298.15,0.0,False,5.599999997052407e-08,8.920512e-05,3.5595577,5.5486875,13.754957537078857,4.7093596,-5.5486875,0.4206253
data_driven_baseline,678,785,298.15,0.03448276,False,6.39999986340456e-09,9.379325e-05,3.2706442,4.8176956,11.942860105895996,4.5628843,-4.8176956,0.43135297
data_driven_baseline,679,785,298.15,0.06896552,False,4.962999999857942e-08,9.915617e-05,2.944031,4.369531,10.831879896736144,4.369531,-4.02076,0.4418017
data_driven_baseline,680,785,298.15,0.10344828,False,7.379999988899044e-08,0.0001054937,2.58238,4.116393,10.204361859321594,4.116393,-3.180451,0.45029572
data_driven_baseline,681,785,298.15,0.13793103,False,1.0257000004898487e-07,0.00011240767,2.20613,3.805395,9.433410656452178,3.805395,-2.3575554,0.45543936
data_driven_baseline,682,785,298.15,0.1724138,False,2.0225999985967746e-08,0.000119112774,1.8372302,3.4496222,8.551465272903442,3.4496222,-1.6051626,0.45690593
data_driven_baseline,683,785,298.15,0.20689656,False,6.000000007944095e-08,0.0001273766,1.4620008,3.0231586,7.494280106830596,3.0231586,-0.90847254,0.45437148
data_driven_baseline,684,785,298.15,0.2413793,False,3.9999999978945766e-08,0.00013632928,1.1176504,2.5690763,6.368629763031006,2.5690763,-0.33481503,0.4490599
data_driven_baseline,685,785,298.15,0.27586207,False,5.999999985739635e-08,0.00014609969,0.8904541,2.092763,5.187869597244262,2.092763,0.13736463,0.44123483
data_driven_baseline,686,785,298.15,0.31034482,False,8.427999997895341e-08,0.00015665972,0.85308725,1.6105022,3.9923659376144407,1.6105022,0.5177529,0.43100667
data_driven_baseline,687,785,298.15,0.3448276,False,3.9539999940885195e-08,0.00016836276,0.7896095,1.1279216,2.7960692593097685,1.1279216,0.8227222,0.41818485
data_driven_baseline,688,785,298.15,0.37931034,False,3.0000000039720476e-08,0.00018135215,0.70636195,1.0719547,2.6573296611785886,0.6446676,1.0719547,0.40246344
data_driven_baseline,689,785,298.15,0.41379312,False,4.657999985724359e-08,0.00019569158,0.6086125,1.2743242,3.158994867181778,0.16755962,1.2743242,0.38395372
data_driven_baseline,690,785,298.15,0.44827586,False,7.000000001866624e-08,0.00021204365,0.70516133,1.4419575,3.5745505853652952,-0.31093264,1.4419575,0.3625939
data_driven_baseline,691,785,298.15,0.4827586,False,5.352999998819996e-08,0.00023034847,0.9036801,1.582452,3.9228307960033413,-0.78994274,1.582452,0.33864555
data_driven_baseline,692,785,298.15,0.51724136,False,1.02400000034919e-07,0.0002510843,1.0943433,1.6996413,4.213337790632248,-1.27109,1.6996413,0.31229863
data_driven_baseline,693,785,298.15,0.55172414,False,3.0000000039720476e-08,0.00027451676,1.2798438,1.7992889,4.460359837961197,-1.7565374,1.7992889,0.28370535
data_driven_baseline,694,785,298.15,0.5862069,False,7.589999984070062e-08,0.0003009439,1.4577165,2.2386556,5.549531038379668,-2.2386556,1.8810874,0.25340638
data_driven_baseline,695,785,298.15,0.62068963,False,6.156000009749363e-08,0.00033054204,1.6237149,2.7020512,6.698268490219116,-2.7020512,1.9464691,0.22262418
data_driven_baseline,696,785,298.15,0.6551724,False,8.791999994706146e-08,0.00036309092,1.7838491,3.1590152,7.831063110542297,-3.1590152,2.002091,0.1904413
data_driven_baseline,697,785,298.15,0.6896552,False,3.9999999978945766e-08,0.00039843356,1.9314728,3.5888238,8.896540141296386,-3.5888238,2.0470898,0.15850429
data_driven_baseline,698,785,298.15,0.7241379,False,2.0000000100495186e-08,0.00043759894,2.0696256,3.9971304,9.908714033699034,-3.9971304,2.085267,0.12647936
data_driven_baseline,699,785,298.15,0.7586207,False,4.9999999918171056e-08,0.00048022802,2.1958358,4.374126,10.843270476913451,-4.374126,2.118114,0.09526797
data_driven_baseline,700,785,298.15,0.79310346,False,6.000000007944095e-08,0.000525811,2.3079436,4.7113314,11.679187794113158,-4.7113314,2.146649,0.065850735
data_driven_baseline,701,785,298.15,0.82758623,False,6.044999989462951e-08,0.00057611545,2.4093804,5.0174584,12.438064299583433,-5.0174584,2.1730652,0.037617773
data_driven_baseline,702,785,298.15,0.86206895,False,2.040000002256903e-08,0.0006305686,2.4992197,5.287286,13.106954652976988,-5.287286,2.1989682,0.011405402
data_driven_baseline,703,785,298.15,0.8965517,False,1.0003000006086893e-07,0.00068870897,2.584656,5.5179935,13.678868688964844,-5.5179935,2.2236965,-0.0122784125
data_driven_baseline,704,785,298.15,0.9310345,False,8.123999994946729e-08,0.00075305876,2.6667812,5.71799,14.174651794815063,-5.71799,2.248389,-0.03396384
data_driven_baseline,705,785,298.15,0.9655172,False,1.7000000074318677e-08,0.00082064356,2.7372801,5.8871927,14.594098109817503,-5.8871927,2.2714882,-0.053159986
data_driven_baseline,706,785,298.15,1.0,False,1.2589999998091628e-07,0.0008975431,2.7971725,6.0265265,14.939500535583495,-6.0265265,2.2949862,-0.07000555
data_driven_baseline,707,790,323.2,0.0,False,6.899999993592587e-08,0.009693244,0.40049076,0.6480571,1.7414812805175781,0.6480571,-0.2573154,0.29609978
data_driven_baseline,708,790,323.2,0.2,False,5.599999997052407e-08,0.010346126,0.29125428,0.62341404,1.6752596725463866,0.62341404,0.03886485,0.21148394
data_driven_baseline,709,790,323.2,0.4,False,5.800000002498251e-08,0.012877178,0.23478995,0.48432136,1.3014849273681641,0.48432136,0.09346986,0.12657863
data_driven_baseline,710,790,323.2,0.6,False,5.000000014021566e-08,0.017113086,0.16466999,0.39511836,1.0617755996704101,0.39511836,0.052556574,0.04633504
data_driven_baseline,711,790,323.2,0.8,False,5.999999996841865e-08,0.024573172,0.1090614,0.2899561,0.7791799545288086,0.2899561,0.03695643,-0.00027167797
data_driven_baseline,712,790,323.2,1.0,False,4.399999997684034e-08,0.038311526,0.057438523,0.1336217,0.35907279243469237,0.1336217,0.028950453,-0.009743422
data_driven_baseline,713,792,303.2,0.0,False,2.399999998736746e-08,0.004498656,0.54662925,1.1040736,2.7833090087890624,1.1040736,0.16090822,0.37490585
data_driven_baseline,714,792,303.2,0.14285715,False,2.3000000126671694e-08,0.005025331,0.5598015,1.0103071,2.546928751373291,1.0103071,0.37582874,0.29326874
data_driven_baseline,715,792,303.2,0.2857143,False,4.9999999918171056e-08,0.0061103054,0.49887967,0.82432735,2.078083960723877,0.82432735,0.47143316,0.20087849
data_driven_baseline,716,792,303.2,0.42857143,False,5.0399999951267205e-08,0.0076341704,0.40120038,0.655565,1.652643362045288,0.655565,0.45054078,0.0974953
data_driven_baseline,717,792,303.2,0.5714286,False,4.4000000087862645e-08,0.009838144,0.30531397,0.534796,1.3481913249969482,0.534796,0.3657415,0.015404463
data_driven_baseline,718,792,303.2,0.71428573,False,7.099999999038431e-08,0.013175299,0.24712282,0.4331727,1.0920045932769773,0.4331727,0.27580357,-0.032392204
data_driven_baseline,719,792,303.2,0.85714287,False,6.000000007944095e-08,0.018275779,0.1879236,0.3211062,0.8094911079406738,0.3211062,0.19664788,-0.046016663
data_driven_baseline,720,792,303.2,1.0,False,5.7000000053264444e-08,0.026282623,0.11193509,0.1911627,0.48191068639755247,0.1911627,0.11246991,-0.03217265
data_driven_baseline,721,797,282.2,0.0,False,8.600000001024455e-08,0.0005191126,1.1518555,2.9114485,6.831252207946777,2.9114485,0.0006160736,0.54350185
data_driven_baseline,722,797,282.2,0.16666667,False,2.505000007424485e-08,0.00072082505,1.1081051,2.555544,5.996178374481201,2.555544,0.28026915,0.4885023
data_driven_baseline,723,797,282.2,0.33333334,False,1.1140000000242622e-07,0.0010134686,0.9886649,2.1786654,5.11189253578186,2.1786654,0.41692448,0.370405
data_driven_baseline,724,797,282.2,0.5,False,2.2900000118397656e-08,0.0014656829,0.8248081,1.8320663,4.298652967071533,1.8320663,0.43942428,0.20293388
data_driven_baseline,725,797,282.2,0.6666667,False,2.0000000100495186e-08,0.0022298351,0.6518272,1.5174419,3.5604365564346314,1.5174419,0.39830446,0.039735362
data_driven_baseline,726,797,282.2,1.0,False,3.9999999978945766e-08,0.0056367125,0.4414083,1.0228965,2.4000644733428955,1.0228965,0.21008706,-0.09124142
data_driven_baseline,727,797,282.2,0.8333333,False,3.0000000039720476e-08,0.003506103,0.5459044,1.2575251,2.950583177375793,1.2575251,0.3146224,-0.065565646
data_driven_baseline,728,818,298.15,0.0,False,3.320000008244506e-08,0.0011089192,1.1222147,2.2914226,5.680338459396362,2.2914226,0.47889996,0.5963212
data_driven_baseline,729,818,298.15,0.16666667,False,6.269999985875074e-08,0.0017788927,0.9181926,1.7529799,4.34556178355217,1.7529799,0.5100279,0.49157017
data_driven_baseline,730,818,298.15,0.33333334,False,2.1000000072213254e-08,0.002630659,0.6977575,1.3291471,3.294898478126526,1.3291471,0.41426396,0.34986138
data_driven_baseline,731,818,298.15,0.5,False,1.9999999989472883e-08,0.0037777168,0.51768446,1.0533803,2.6112842502117157,1.0533803,0.24950266,0.25017053
data_driven_baseline,732,818,298.15,0.6666667,False,4.000000008996807e-08,0.005362746,0.4063624,0.92202246,2.2856541201114653,0.92202246,0.0847708,0.21229398
data_driven_baseline,733,818,298.15,0.8333333,False,2.500000007010783e-08,0.007456275,0.4755634,1.0076754,2.497984088373184,1.0076754,-0.088442564,0.33057225
data_driven_baseline,734,818,298.15,1.0,False,3.599999987002889e-08,0.009862336,0.81278896,1.4380264,3.5648057535171507,1.4380264,-0.26744586,0.73289466
data_driven_baseline,735,826,298.15,0.0,False,8.199999990132767e-08,0.00036967115,1.619958,3.3863754,8.394679026412962,3.3863754,0.7682395,0.7052592
data_driven_baseline,736,826,298.15,0.1,False,6.000000007944095e-08,0.0005068111,1.5272735,3.030962,7.513624758148193,3.030962,0.85885715,0.6920012
data_driven_baseline,737,826,298.15,0.2,False,8.000000006891383e-08,0.00069137046,1.4050431,2.6566408,6.585698508358001,2.6566408,0.9113178,0.64717096
data_driven_baseline,738,826,298.15,0.3,False,8.309999999234208e-08,0.0009279871,1.2594775,2.286659,5.668529333686828,2.286659,0.9192426,0.5725306
data_driven_baseline,739,826,298.15,0.4,False,4.5199999965106485e-08,0.0012301052,1.0984217,1.9320213,4.789397758960724,1.9320213,0.8934634,0.46978056
data_driven_baseline,740,826,298.15,0.5,False,3.9999999978945766e-08,0.0016317797,0.9227479,1.5817052,3.920979186964035,1.5817052,0.85122156,0.33531713
data_driven_baseline,741,826,298.15,0.6,False,3.860000008515385e-08,0.0021630086,0.7368676,1.2389295,3.0712529949188228,1.2389295,0.7990215,0.17265174
data_driven_baseline,742,826,298.15,0.7,False,3.9999999978945766e-08,0.0028560082,0.55174637,0.9171976,2.273693442249298,0.9171976,0.73535275,-0.0026888251
data_driven_baseline,743,826,298.15,0.8,False,4.9999999918171056e-08,0.0037366867,0.4880352,0.66076064,1.6379972753524779,0.636376,0.66076064,-0.166969
data_driven_baseline,744,826,298.15,0.9,False,9.40000000060337e-08,0.004851344,0.42742196,0.5768714,1.430039430308342,0.40657187,0.5768714,-0.29882264
data_driven_baseline,745,826,298.15,1.0,False,2.2300000068753434e-08,0.0062499023,0.36612168,0.48393726,1.1996596859693527,0.23541844,0.48393726,-0.3790093
data_driven_baseline,746,828,298.15,0.0,False,7.499999998827889e-08,0.00014812154,1.7735256,4.2881484,10.630135263442993,4.2881484,0.40545368,0.62697464
data_driven_baseline,747,828,298.15,0.09090909,False,7.849999983378098e-09,0.00021070185,1.6659461,3.8847487,9.630125350570678,3.8847487,0.4549029,0.65818673
data_driven_baseline,748,828,298.15,0.18181819,False,7.000000001866624e-08,0.00029258372,1.5469481,3.4839056,8.636452194309234,3.4839056,0.47747588,0.67946285
data_driven_baseline,749,828,298.15,0.27272728,False,5.76999998891381e-08,0.0003967437,1.4180568,3.0997133,7.6840563851356505,3.0997133,0.46697974,0.6874771
data_driven_baseline,750,828,298.15,0.36363637,False,6.50000000490536e-08,0.0005318434,1.2802739,2.7279685,6.7625163667678825,2.7279685,0.43757653,0.6752769
data_driven_baseline,751,828,298.15,0.45454547,False,3.619999988657696e-08,0.0007105062,1.1318121,2.3558931,5.840158023643493,2.3558931,0.40611017,0.6334328
data_driven_baseline,752,828,298.15,0.54545456,False,4.000000020099037e-08,0.00094480015,0.9726226,1.9812648,4.911470316696167,1.9812648,0.37825727,0.5583456
data_driven_baseline,753,828,298.15,0.6363636,False,6.050000012081114e-08,0.0012465805,0.8061776,1.613922,4.000843190670013,1.613922,0.34894216,0.4556686
data_driven_baseline,754,828,298.15,0.72727275,False,4.340000003821842e-08,0.0016243734,0.6415972,1.2728853,3.155428131341934,1.2728853,0.31385064,0.33805564
data_driven_baseline,755,828,298.15,0.8181818,False,8.120000005717998e-08,0.0020927188,0.4883813,0.973058,2.412168890380859,0.973058,0.2717861,0.22029978
data_driven_baseline,756,828,298.15,0.90909094,False,1.649999992192619e-08,0.0026536435,0.3591676,0.73422456,1.8201110711336135,0.73422456,0.22439164,0.11888665
data_driven_baseline,757,828,298.15,1.0,False,3.9999999978945766e-08,0.0033223375,0.26183286,0.5669131,1.4053533475399018,0.5669131,0.17244744,0.04613799
data_driven_baseline,758,834,298.15,0.0,False,3.9999999978945766e-08,0.0028289347,0.8619291,1.2861042,3.1881969481945034,1.2861042,-0.85417604,0.445507
data_driven_baseline,759,834,298.15,0.14285715,False,1.0330000010938534e-07,0.0036819663,0.5061919,0.8412353,2.0853860540390015,0.8412353,-0.3064134,0.3709271
data_driven_baseline,760,834,298.15,0.2857143,False,2.760000006318819e-08,0.0048857024,0.23496671,0.38788056,0.9615392661571502,0.38788056,0.050605774,0.26641378
data_driven_baseline,761,834,298.15,0.42857143,False,3.9999999978945766e-08,0.006571956,0.1839935,0.31606674,0.7835158857226371,-0.090337515,0.31606674,0.14557621
data_driven_baseline,762,834,298.15,0.5714286,False,1.0000000005838672e-07,0.00880389,0.36464974,0.5515082,1.367165048456192,-0.5515082,0.51232016,0.03012088
data_driven_baseline,763,834,298.15,0.71428573,False,9.99999993922529e-09,0.011660745,0.5517469,0.93940043,2.3287333170890805,-0.93940043,0.6572485,-0.058591828
data_driven_baseline,764,834,298.15,0.85714287,False,6.099999994013672e-08,0.015144399,0.6951513,1.2133472,3.007835669660568,-1.2133472,0.762167,-0.109939724
data_driven_baseline,765,834,298.15,1.0,False,4.5000000059580714e-08,0.019715255,0.7907827,1.3987348,3.46740349779129,-1.3987348,0.8423798,-0.13123341
data_driven_baseline,766,847,298.15,0.0,False,3.464660003338338e-08,2.1806866e-06,3.7351058,8.1681,20.248370736312864,8.1681,2.6029444,-0.4342724
data_driven_baseline,767,847,298.15,0.1,False,9.307429993388183e-08,2.8017257e-06,3.4994574,7.744897,19.19926588745117,7.744897,2.4166274,-0.3368478
data_driven_baseline,768,847,298.15,0.2,False,7.312159988615008e-08,3.7247216e-06,3.232443,7.2651625,18.01002562522888,7.2651625,2.1686563,-0.26351038
data_driven_baseline,769,847,298.15,0.3,False,7.999999995789153e-08,5.075738e-06,2.9493606,6.7580013,16.75279446105957,6.7580013,1.8627037,-0.2273769
data_driven_baseline,770,847,298.15,0.4,False,1.9604999956790436e-08,7.082695e-06,2.6636128,6.257173,15.511263303756712,6.257173,1.5114875,-0.22217807
data_driven_baseline,771,847,298.15,0.5,False,2.0034999881346494e-08,1.0069035e-05,2.385779,5.781389,14.331815642166138,5.781389,1.1433725,-0.23257498
data_driven_baseline,772,847,298.15,0.6,False,4.799999997473492e-08,1.4482326e-05,2.1186655,5.322441,13.194103111839294,5.322441,0.7888138,-0.24474193
data_driven_baseline,773,847,298.15,0.7,False,4.0975999926473605e-08,2.0970976e-05,1.8600444,4.859241,12.045849603271483,4.859241,0.46891782,-0.25197393
data_driven_baseline,774,847,298.15,0.8,False,3.63459999874749e-08,3.0225654e-05,1.6140933,4.391411,10.886119075775147,4.391411,0.19867301,-0.25219572
data_driven_baseline,775,847,298.15,0.9,False,1.4839999895599476e-08,4.362684e-05,1.3986694,3.9222898,9.723188039779663,3.9222898,-0.026471972,-0.24724625
data_driven_baseline,776,847,298.15,1.0,False,8.01649999715437e-08,6.2939835e-05,1.3035148,3.4755569,8.61575636882782,3.4755569,-0.20045137,-0.23453607
data_driven_baseline,777,849,303.15,0.0,False,4.475049997232361e-08,4.069505e-07,4.50859,9.847084,24.819865042877193,9.847084,2.817155,-0.86153245
data_driven_baseline,778,849,303.15,0.11111111,False,2.1616300083238116e-08,5.372163e-07,4.2200046,9.413662,23.727410711288453,9.413662,2.467242,-0.77911
data_driven_baseline,779,849,303.15,0.22222222,False,3.134013992767137e-08,7.3425986e-07,3.915766,8.962501,22.590246657943723,8.962501,2.0528185,-0.731979
data_driven_baseline,780,849,303.15,0.33333334,False,3.414080007591025e-08,1.0376592e-06,3.6125653,8.525619,21.48907287826538,8.525619,1.5953829,-0.71669525
data_driven_baseline,781,849,303.15,0.44444445,False,8.942429996494639e-08,1.5075757e-06,3.320387,8.11002,20.441543363571167,8.11002,1.1339986,-0.7171419
data_driven_baseline,782,849,303.15,0.5555556,False,1.0140000006320093e-07,2.240218e-06,3.0344296,7.6846476,19.36937967338562,7.6846476,0.69726956,-0.72137165
data_driven_baseline,783,849,303.15,0.6666667,False,7.577369998124084e-08,3.3742263e-06,2.7477014,7.2148805,18.18531794128418,7.2148805,0.3029953,-0.7252283
data_driven_baseline,784,849,303.15,0.7777778,False,5.4000000027087935e-08,5.1273623e-06,2.4838428,6.688022,16.857356405067442,6.688022,-0.03708882,-0.7264175
data_driven_baseline,785,849,303.15,0.8888889,False,3.25000000245268e-08,7.77211e-06,2.390787,6.1313686,15.454294285583495,6.1313686,-0.31418857,-0.7268036
data_driven_baseline,786,849,303.15,1.0,False,2.749999994389185e-08,1.1780055e-05,2.2764757,5.580802,14.0665756193161,5.580802,-0.52453154,-0.7240937
data_driven_baseline,787,859,293.15,0.0,False,9.950000001701653e-08,0.0013984505,0.8913931,2.0697012,5.044658328819274,2.0697012,-0.07905102,0.52542704
data_driven_baseline,788,859,293.15,0.16666667,False,8.860000000332491e-08,0.0017283554,0.8361444,1.8628386,4.540454508590697,1.8628386,0.1779089,0.46768546
data_driven_baseline,789,859,293.15,0.33333334,False,5.000000014021566e-08,0.0024549807,0.7342899,1.505028,3.66833230805397,1.505028,0.28172636,0.4161152
data_driven_baseline,790,859,293.15,0.5,False,4.27999999885742e-08,0.0035795928,0.5852897,1.1413164,2.781827088975906,1.1413164,0.26497316,0.34957963
data_driven_baseline,791,859,293.15,0.6666667,False,1.1369999997068447e-07,0.0051918263,0.43804368,0.8411365,2.050173249101639,0.8411365,0.20424938,0.26874512
data_driven_baseline,792,859,293.15,0.8333333,False,3.3000000065896984e-08,0.007621683,0.31019464,0.5762304,1.4044951766967773,0.5762304,0.16849518,0.1858583
data_driven_baseline,793,859,293.15,1.0,False,6.400000007733553e-08,0.011254826,0.20389251,0.33577418,0.8184108646631241,0.33577418,0.15424442,0.121658936
data_driven_baseline,794,860,293.15,0.0,False,6.599999990974936e-08,0.004300704,0.6696446,1.05704,2.5764130268096923,1.05704,-0.49917507,0.45271865
data_driven_baseline,795,860,293.15,0.125,False,2.999999981767587e-08,0.004842075,0.5730329,0.97173715,2.368497375631332,0.97173715,-0.3279941,0.41936758
data_driven_baseline,796,860,293.15,0.25,False,6.100000005115902e-08,0.005728049,0.4898552,0.846738,2.0638261715650557,0.846738,-0.2335198,0.38930783
data_driven_baseline,797,860,293.15,0.375,False,5.670000002844233e-08,0.0069099367,0.42612115,0.7231731,1.7626509856700896,0.7231731,-0.2033813,0.35180908
data_driven_baseline,798,860,293.15,0.5,False,3.90000000072277e-08,0.008514111,0.3728036,0.6069605,1.4793962127923965,0.6069605,-0.20524192,0.3062085
data_driven_baseline,799,860,293.15,0.625,False,2.399999998736746e-08,0.010742984,0.316784,0.4885453,1.1907728643894195,0.4885453,-0.20599651,0.25581014
data_driven_baseline,800,860,293.15,0.75,False,4.19999999223819e-08,0.013837802,0.2520058,0.36016178,0.8778528187274932,0.36016178,-0.19120455,0.204651
data_driven_baseline,801,860,293.15,0.875,False,3.0000000039720476e-08,0.018141724,0.18375377,0.22234166,0.541932160592079,0.22234166,-0.16805053,0.16086912
data_driven_baseline,802,860,293.15,1.0,False,2.5999999930803597e-08,0.024158994,0.12308821,0.1522727,0.371147164863348,0.08429921,-0.1522727,0.13269272
