system_id,split,source_manifest,source_manifest_sha256,dataset_sha256,seed,min_points_per_group
1.0,train,datasets\splits\main_benchmark_system_split.json,83b354d7aa91c0f94044f461d489d9a39ecf3729bcdfabc1c6e77899a18ede9a,76812d7a9ba8c6e6660e1acbf15817ff0725664d7fcf69b0fb0a84e133529f06,42,6
3.0,train,datasets\splits\main_benchmark_system_split.json,83b354d7aa91c0f94044f461d489d9a39ecf3729bcdfabc1c6e77899a18ede9a,76812d7a9ba8c6e6660e1acbf15817ff0725664d7fcf69b0fb0a84e133529f06,42,6
4.0,train,datasets\splits\main_benchmark_system_split.json,83b354d7aa91c0f94044f461d489d9a39ecf3729bcdfabc1c6e77899a18ede9a,76812d7a9ba8c6e6660e1acbf15817ff0725664d7fcf69b0fb0a84e133529f06,42,6
5.0,train,datasets\splits\main_benchmark_system_split.json,83b354d7aa91c0f94044f461d489d9a39ecf3729bcdfabc1c6e77899a18ede9a,76812d7a9ba8c6e6660e1acbf15817ff0725664d7fcf69b0fb0a84e133529f06,42,6
6.0,train,datasets\splits\main_benchmark_system_split.json,83b354d7aa91c0f94044f461d489d9a39ecf3729bcdfabc1c6e77899a18ede9a,76812d7a9ba8c6e6660e1acbf15817ff0725664d7fcf69b0fb0a84e133529f06,42,6
7.0,train,datasets\splits\main_benchmark_system_split.json,83b354d7aa91c0f94044f461d489d9a39ecf3729bcdfabc1c6e77899a18ede9a,76812d7a9ba8c6e6660e1acbf15817ff0725664d7fcf69b0fb0a84e133529f06,42,6
8.0,train,datasets\splits\main_benchmark_system_split.json,83b354d7aa91c0f94044f461d489d9a39ecf3729bcdfabc1c6e77899a18ede9a,76812d7a9ba8c6e6660e1acbf15817ff0725664d7fcf69b0fb0a84e133529f06,42,6
9.0,train,datasets\splits\main_benchmark_system_split.json,83b354d7aa91c0f94044f461d489d9a39ecf3729bcdfabc1c6e77899a18ede9a,76812d7a9ba8c6e6660e1acbf15817ff0725664d7fcf69b0fb0a84e133529f06,42,6
10.0,train,datasets\splits\main_benchmark_system_split.json,83b354d7aa91c0f94044f461d489d9a39ecf3729bcdfabc1c6e77899a18ede9a,76812d7a9ba8c6e6660e1acbf15817ff0725664d7fcf69b0fb0a84e133529f06,42,6
11.0,train,datasets\splits\main_benchmark_system_split.json,83b354d7aa91c0f94044f461d489d9a39ecf3729bcdfabc1c6e77899a18ede9a,76812d7a9ba8c6e6660e1acbf15817ff0725664d7fcf69b0fb0a84e133529f06,42,6
12.0,train,datasets\splits\main_benchmark_system_split.json,83b354d7aa91c0f94044f461d489d9a39ecf3729bcdfabc1c6e77899a18ede9a,76812d7a9ba8c6e6660e1acbf15817ff0725664d7fcf69b0fb0a84e133529f06,42,6
13.0,train,datasets\splits\main_benchmark_system_split.json,83b354d7aa91c0f94044f461d489d9a39ecf3729bcdfabc1c6e77899a18ede9a,76812d7a9ba8c6e6660e1acbf15817ff0725664d7fcf69b0fb0a84e133529f06,42,6
15.0,train,datasets\splits\main_benchmark_system_split.json,83b354d7aa91c0f94044f461d489d9a39ecf3729bcdfabc1c6e77899a18ede9a,76812d7a9ba8c6e6660e1acbf15817ff0725664d7fcf69b0fb0a84e133529f06,42,6
16.0,train,datasets\splits\main_benchmark_system_split.json,83b354d7aa91c0f94044f461d489d9a39ecf3729bcdfabc1c6e77899a18ede9a,76812d7a9ba8c6e6660e1acbf15817ff0725664d7fcf69b0fb0a84e133529f06,42,6
17.0,train,datasets\splits\main_benchmark_system_split.json,83b354d7aa91c0f94044f461d489d9a39ecf3729bcdfabc1c6e77899a18ede9a,76812d7a9ba8c6e6660e1acbf15817ff0725664d7fcf69b0fb0a84e133529f06,42,6
18.0,train,datasets\splits\main_benchmark_system_split.json,83b354d7aa91c0f94044f461d489d9a39ecf3729bcdfabc1c6e77899a18ede9a,76812d7a9ba8c6e6660e1acbf15817ff0725664d7fcf69b0fb0a84e133529f06,42,6
19.0,train,datasets\splits\main_benchmark_system_split.json,83b354d7aa91c0f94044f461d489d9a39ecf3729bcdfabc1c6e77899a18ede9a,76812d7a9ba8c6e6660e1acbf15817ff0725664d7fcf69b0fb0a84e133529f06,42,6
20.0,train,datasets\splits\main_benchmark_system_split.json,83b354d7aa91c0f94044f461d489d9a39ecf3729bcdfabc1c6e77899a18ede9a,76812d7a9ba8c6e6660e1acbf15817ff0725664d7fcf69b0fb0a84e133529f06,42,6
24.0,train,datasets\splits\main_benchmark_system_split.json,83b354d7aa91c0f94044f461d489d9a39ecf3729bcdfabc1c6e77899a18ede9a,76812d7a9ba8c6e6660e1acbf15817ff0725664d7fcf69b0fb0a84e133529f06,42,6
27.0,train,datasets\splits\main_benchmark_system_split.json,83b354d7aa91c0f94044f461d489d9a39ecf3729bcdfabc1c6e77899a18ede9a,76812d7a9ba8c6e6660e1acbf15817ff0725664d7fcf69b0fb0a84e133529f06,42,6
29.0,train,datasets\splits\main_benchmark_system_split.json,83b354d7aa91c0f94044f461d489d9a39ecf3729bcdfabc1c6e77899a18ede9a,76812d7a9ba8c6e6660e1acbf15817ff0725664d7fcf69b0fb0a84e133529f06,42,6
30.0,train,datasets\splits\main_benchmark_system_split.json,83b354d7aa91c0f94044f461d489d9a39ecf3729bcdfabc1c6e77899a18ede9a,76812d7a9ba8c6e6660e1acbf15817ff0725664d7fcf69b0fb0a84e133529f06,42,6
32.0,train,datasets\splits\main_benchmark_system_split.json,83b354d7aa91c0f94044f461d489d9a39ecf3729bcdfabc1c6e77899a18ede9a,76812d7a9ba8c6e6660e1acbf15817ff0725664d7fcf69b0fb0a84e133529f06,42,6
33.0,train,datasets\splits\main_benchmark_system_split.json,83b354d7aa91c0f94044f461d489d9a39ecf3729bcdfabc1c6e77899a18ede9a,76812d7a9ba8c6e6660e1acbf15817ff0725664d7fcf69b0fb0a84e133529f06,42,6
34.0,train,datasets\splits\main_benchmark_system_split.json,83b354d7aa91c0f94044f461d489d9a39ecf3729bcdfabc1c6e77899a18ede9a,76812d7a9ba8c6e6660e1acbf15817ff0725664d7fcf69b0fb0a84e133529f06,42,6
35.0,train,datasets\splits\main_benchmark_system_split.json,83b354d7aa91c0f94044f461d489d9a39ecf3729bcdfabc1c6e77899a18ede9a,76812d7a9ba8c6e6660e1acbf15817ff0725664d7fcf69b0fb0a84e133529f06,42,6
36.0,train,datasets\splits\main_benchmark_system_split.json,83b354d7aa91c0f94044f461d489d9a39ecf3729bcdfabc1c6e77899a18ede9a,76812d7a9ba8c6e6660e1acbf15817ff0725664d7fcf69b0fb0a84e133529f06,42,6
38.0,train,datasets\splits\main_benchmark_system_split.json,83b354d7aa91c0f94044f461d489d9a39ecf3729bcdfabc1c6e77899a18ede9a,76812d7a9ba8c6e6660e1acbf15817ff0725664d7fcf69b0fb0a84e133529f06,42,6
39.0,train,datasets\splits\main_benchmark_system_split.json,83b354d7aa91c0f94044f461d489d9a39ecf3729bcdfabc1c6e77899a18ede9a,76812d7a9ba8c6e6660e1acbf15817ff0725664d7fcf69b0fb0a84e133529f06,42,6
40.0,train,datasets\splits\main_benchmark_system_split.json,83b354d7aa91c0f94044f461d489d9a39ecf3729bcdfabc1c6e77899a18ede9a,76812d7a9ba8c6e6660e1acbf15817ff0725664d7fcf69b0fb0a84e133529f06,42,6
45.0,train,datasets\splits\main_benchmark_system_split.json,83b354d7aa91c0f94044f461d489d9a39ecf3729bcdfabc1c6e77899a18ede9a,76812d7a9ba8c6e6660e1acbf15817ff0725664d7fcf69b0fb0a84e133529f06,42,6
46.0,train,datasets\splits\main_benchmark_system_split.json,83b354d7aa91c0f94044f461d489d9a39ecf3729bcdfabc1c6e77899a18ede9a,76812d7a9ba8c6e6660e1acbf15817ff0725664d7fcf69b0fb0a84e133529f06,42,6
47.0,train,datasets\splits\main_benchmark_system_split.json,83b354d7aa91c0f94044f461d489d9a39ecf3729bcdfabc1c6e77899a18ede9a,76812d7a9ba8c6e6660e1acbf15817ff0725664d7fcf69b0fb0a84e133529f06,42,6
48.0,train,datasets\splits\main_benchmark_system_split.json,83b354d7aa91c0f94044f461d489d9a39ecf3729bcdfabc1c6e77899a18ede9a,76812d7a9ba8c6e6660e1acbf15817ff0725664d7fcf69b0fb0a84e133529f06,42,6
49.0,train,datasets\splits\main_benchmark_system_split.json,83b354d7aa91c0f94044f461d489d9a39ecf3729bcdfabc1c6e77899a18ede9a,76812d7a9ba8c6e6660e1acbf15817ff0725664d7fcf69b0fb0a84e133529f06,42,6
50.0,train,datasets\splits\main_benchmark_system_split.json,83b354d7aa91c0f94044f461d489d9a39ecf3729bcdfabc1c6e77899a18ede9a,76812d7a9ba8c6e6660e1acbf15817ff0725664d7fcf69b0fb0a84e133529f06,42,6
51.0,train,datasets\splits\main_benchmark_system_split.json,83b354d7aa91c0f94044f461d489d9a39ecf3729bcdfabc1c6e77899a18ede9a,76812d7a9ba8c6e6660e1acbf15817ff0725664d7fcf69b0fb0a84e133529f06,42,6
52.0,train,datasets\splits\main_benchmark_system_split.json,83b354d7aa91c0f94044f461d489d9a39ecf3729bcdfabc1c6e77899a18ede9a,76812d7a9ba8c6e6660e1acbf15817ff0725664d7fcf69b0fb0a84e133529f06,42,6
53.0,train,datasets\splits\main_benchmark_system_split.json,83b354d7aa91c0f94044f461d489d9a39ecf3729bcdfabc1c6e77899a18ede9a,76812d7a9ba8c6e6660e1acbf15817ff0725664d7fcf69b0fb0a84e133529f06,42,6
54.0,train,datasets\splits\main_benchmark_system_split.json,83b354d7aa91c0f94044f461d489d9a39ecf3729bcdfabc1c6e77899a18ede9a,76812d7a9ba8c6e6660e1acbf15817ff0725664d7fcf69b0fb0a84e133529f06,42,6
55.0,train,datasets\splits\main_benchmark_system_split.json,83b354d7aa91c0f94044f461d489d9a39ecf3729bcdfabc1c6e77899a18ede9a,76812d7a9ba8c6e6660e1acbf15817ff0725664d7fcf69b0fb0a84e133529f06,42,6
56.0,train,datasets\splits\main_benchmark_system_split.json,83b354d7aa91c0f94044f461d489d9a39ecf3729bcdfabc1c6e77899a18ede9a,76812d7a9ba8c6e6660e1acbf15817ff0725664d7fcf69b0fb0a84e133529f06,42,6
57.0,train,datasets\splits\main_benchmark_system_split.json,83b354d7aa91c0f94044f461d489d9a39ecf3729bcdfabc1c6e77899a18ede9a,76812d7a9ba8c6e6660e1acbf15817ff0725664d7fcf69b0fb0a84e133529f06,42,6
58.0,train,datasets\splits\main_benchmark_system_split.json,83b354d7aa91c0f94044f461d489d9a39ecf3729bcdfabc1c6e77899a18ede9a,76812d7a9ba8c6e6660e1acbf15817ff0725664d7fcf69b0fb0a84e133529f06,42,6
59.0,train,datasets\splits\main_benchmark_system_split.json,83b354d7aa91c0f94044f461d489d9a39ecf3729bcdfabc1c6e77899a18ede9a,76812d7a9ba8c6e6660e1acbf15817ff0725664d7fcf69b0fb0a84e133529f06,42,6
60.0,train,datasets\splits\main_benchmark_system_split.json,83b354d7aa91c0f94044f461d489d9a39ecf3729bcdfabc1c6e77899a18ede9a,76812d7a9ba8c6e6660e1acbf15817ff0725664d7fcf69b0fb0a84e133529f06,42,6
61.0,train,datasets\splits\main_benchmark_system_split.json,83b354d7aa91c0f94044f461d489d9a39ecf3729bcdfabc1c6e77899a18ede9a,76812d7a9ba8c6e6660e1acbf15817ff0725664d7fcf69b0fb0a84e133529f06,42,6
62.0,train,datasets\splits\main_benchmark_system_split.json,83b354d7aa91c0f94044f461d489d9a39ecf3729bcdfabc1c6e77899a18ede9a,76812d7a9ba8c6e6660e1acbf15817ff0725664d7fcf69b0fb0a84e133529f06,42,6
64.0,train,datasets\splits\main_benchmark_system_split.json,83b354d7aa91c0f94044f461d489d9a39ecf3729bcdfabc1c6e77899a18ede9a,76812d7a9ba8c6e6660e1acbf15817ff0725664d7fcf69b0fb0a84e133529f06,42,6
65.0,train,datasets\splits\main_benchmark_system_split.json,83b354d7aa91c0f94044f461d489d9a39ecf3729bcdfabc1c6e77899a18ede9a,76812d7a9ba8c6e6660e1acbf15817ff0725664d7fcf69b0fb0a84e133529f06,42,6
66.0,train,datasets\splits\main_benchmark_system_split.json,83b354d7aa91c0f94044f461d489d9a39ecf3729bcdfabc1c6e77899a18ede9a,76812d7a9ba8c6e6660e1acbf15817ff0725664d7fcf69b0fb0a84e133529f06,42,6
67.0,train,datasets\splits\main_benchmark_system_split.json,83b354d7aa91c0f94044f461d489d9a39ecf3729bcdfabc1c6e77899a18ede9a,76812d7a9ba8c6e6660e1acbf15817ff0725664d7fcf69b0fb0a84e133529f06,42,6
68.0,train,datasets\splits\main_benchmark_system_split.json,83b354d7aa91c0f94044f461d489d9a39ecf3729bcdfabc1c6e77899a18ede9a,76812d7a9ba8c6e6660e1acbf15817ff0725664d7fcf69b0fb0a84e133529f06,42,6
70.0,train,datasets\splits\main_benchmark_system_split.json,83b354d7aa91c0f94044f461d489d9a39ecf3729bcdfabc1c6e77899a18ede9a,76812d7a9ba8c6e6660e1acbf15817ff0725664d7fcf69b0fb0a84e133529f06,42,6
72.0,train,datasets\splits\main_benchmark_system_split.json,83b354d7aa91c0f94044f461d489d9a39ecf3729bcdfabc1c6e77899a18ede9a,76812d7a9ba8c6e6660e1acbf15817ff0725664d7fcf69b0fb0a84e133529f06,42,6
77.0,train,datasets\splits\main_benchmark_system_split.json,83b354d7aa91c0f94044f461d489d9a39ecf3729bcdfabc1c6e77899a18ede9a,76812d7a9ba8c6e6660e1acbf15817ff0725664d7fcf69b0fb0a84e133529f06,42,6
78.0,train,datasets\splits\main_benchmark_system_split.json,83b354d7aa91c0f94044f461d489d9a39ecf3729bcdfabc1c6e77899a18ede9a,76812d7a9ba8c6e6660e1acbf15817ff0725664d7fcf69b0fb0a84e133529f06,42,6
79.0,train,datasets\splits\main_benchmark_system_split.json,83b354d7aa91c0f94044f461d489d9a39ecf3729bcdfabc1c6e77899a18ede9a,76812d7a9ba8c6e6660e1acbf15817ff0725664d7fcf69b0fb0a84e133529f06,42,6
80.0,train,datasets\splits\main_benchmark_system_split.json,83b354d7aa91c0f94044f461d489d9a39ecf3729bcdfabc1c6e77899a18ede9a,76812d7a9ba8c6e6660e1acbf15817ff0725664d7fcf69b0fb0a84e133529f06,42,6
81.0,train,datasets\splits\main_benchmark_system_split.json,83b354d7aa91c0f94044f461d489d9a39ecf3729bcdfabc1c6e77899a18ede9a,76812d7a9ba8c6e6660e1acbf15817ff0725664d7fcf69b0fb0a84e133529f06,42,6
82.0,train,datasets\splits\main_benchmark_system_split.json,83b354d7aa91c0f94044f461d489d9a39ecf3729bcdfabc1c6e77899a18ede9a,76812d7a9ba8c6e6660e1acbf15817ff0725664d7fcf69b0fb0a84e133529f06,42,6
83.0,train,datasets\splits\main_benchmark_system_split.json,83b354d7aa91c0f94044f461d489d9a39ecf3729bcdfabc1c6e77899a18ede9a,76812d7a9ba8c6e6660e1acbf15817ff0725664d7fcf69b0fb0a84e133529f06,42,6
84.0,train,datasets\splits\main_benchmark_system_split.json,83b354d7aa91c0f94044f461d489d9a39ecf3729bcdfabc1c6e77899a18ede9a,76812d7a9ba8c6e6660e1acbf15817ff0725664d7fcf69b0fb0a84e133529f06,42,6
86.0,train,datasets\splits\main_benchmark_system_split.json,83b354d7aa91c0f94044f461d489d9a39ecf3729bcdfabc1c6e77899a18ede9a,76812d7a9ba8c6e6660e1acbf15817ff0725664d7fcf69b0fb0a84e133529f06,42,6
87.0,train,datasets\splits\main_benchmark_system_split.json,83b354d7aa91c0f94044f461d489d9a39ecf3729bcdfabc1c6e77899a18ede9a,76812d7a9ba8c6e6660e1acbf15817ff0725664d7fcf69b0fb0a84e133529f06,42,6
89.0,train,datasets\splits\main_benchmark_system_split.json,83b354d7aa91c0f94044f461d489d9a39ecf3729bcdfabc1c6e77899a18ede9a,76812d7a9ba8c6e6660e1acbf15817ff0725664d7fcf69b0fb0a84e133529f06,42,6
90.0,train,datasets\splits\main_benchmark_system_split.json,83b354d7aa91c0f94044f461d489d9a39ecf3729bcdfabc1c6e77899a18ede9a,76812d7a9ba8c6e6660e1acbf15817ff0725664d7fcf69b0fb0a84e133529f06,42,6
91.0,train,datasets\splits\main_benchmark_system_split.json,83b354d7aa91c0f94044f461d489d9a39ecf3729bcdfabc1c6e77899a18ede9a,76812d7a9ba8c6e6660e1acbf15817ff0725664d7fcf69b0fb0a84e133529f06,42,6
92.0,train,datasets\splits\main_benchmark_system_split.json,83b354d7aa91c0f94044f461d489d9a39ecf3729bcdfabc1c6e77899a18ede9a,76812d7a9ba8c6e6660e1acbf15817ff0725664d7fcf69b0fb0a84e133529f06,42,6
93.0,train,datasets\splits\main_benchmark_system_split.json,83b354d7aa91c0f94044f461d489d9a39ecf3729bcdfabc1c6e77899a18ede9a,76812d7a9ba8c6e6660e1acbf15817ff0725664d7fcf69b0fb0a84e133529f06,42,6
94.0,train,datasets\splits\main_benchmark_system_split.json,83b354d7aa91c0f94044f461d489d9a39ecf3729bcdfabc1c6e77899a18ede9a,76812d7a9ba8c6e6660e1acbf15817ff0725664d7fcf69b0fb0a84e133529f06,42,6
95.0,train,datasets\splits\main_benchmark_system_split.json,83b354d7aa91c0f94044f461d489d9a39ecf3729bcdfabc1c6e77899a18ede9a,76812d7a9ba8c6e6660e1acbf15817ff0725664d7fcf69b0fb0a84e133529f06,42,6
96.0,train,datasets\splits\main_benchmark_system_split.json,83b354d7aa91c0f94044f461d489d9a39ecf3729bcdfabc1c6e77899a18ede9a,76812d7a9ba8c6e6660e1acbf15817ff0725664d7fcf69b0fb0a84e133529f06,42,6
98.0,train,datasets\splits\main_benchmark_system_split.json,83b354d7aa91c0f94044f461d489d9a39ecf3729bcdfabc1c6e77899a18ede9a,76812d7a9ba8c6e6660e1acbf15817ff0725664d7fcf69b0fb0a84e133529f06,42,6
99.0,train,datasets\splits\main_benchmark_system_split.json,83b354d7aa91c0f94044f461d489d9a39ecf3729bcdfabc1c6e77899a18ede9a,76812d7a9ba8c6e6660e1acbf15817ff0725664d7fcf69b0fb0a84e133529f06,42,6
100.0,train,datasets\splits\main_benchmark_system_split.json,83b354d7aa91c0f94044f461d489d9a39ecf3729bcdfabc1c6e77899a18ede9a,76812d7a9ba8c6e6660e1acbf15817ff0725664d7fcf69b0fb0a84e133529f06,42,6
101.0,train,datasets\splits\main_benchmark_system_split.json,83b354d7aa91c0f94044f461d489d9a39ecf3729bcdfabc1c6e77899a18ede9a,76812d7a9ba8c6e6660e1acbf15817ff0725664d7fcf69b0fb0a84e133529f06,42,6
102.0,train,datasets\splits\main_benchmark_system_split.json,83b354d7aa91c0f94044f461d489d9a39ecf3729bcdfabc1c6e77899a18ede9a,76812d7a9ba8c6e6660e1acbf15817ff0725664d7fcf69b0fb0a84e133529f06,42,6
103.0,train,datasets\splits\main_benchmark_system_split.json,83b354d7aa91c0f94044f461d489d9a39ecf3729bcdfabc1c6e77899a18ede9a,76812d7a9ba8c6e6660e1acbf15817ff0725664d7fcf69b0fb0a84e133529f06,42,6
105.0,train,datasets\splits\main_benchmark_system_split.json,83b354d7aa91c0f94044f461d489d9a39ecf3729bcdfabc1c6e77899a18ede9a,76812d7a9ba8c6e6660e1acbf15817ff0725664d7fcf69b0fb0a84e133529f06,42,6
106.0,train,datasets\splits\main_benchmark_system_split.json,83b354d7aa91c0f94044f461d489d9a39ecf3729bcdfabc1c6e77899a18ede9a,76812d7a9ba8c6e6660e1acbf15817ff0725664d7fcf69b0fb0a84e133529f06,42,6
107.0,train,datasets\splits\main_benchmark_system_split.json,83b354d7aa91c0f94044f461d489d9a39ecf3729bcdfabc1c6e77899a18ede9a,76812d7a9ba8c6e6660e1acbf15817ff0725664d7fcf69b0fb0a84e133529f06,42,6
109.0,train,datasets\splits\main_benchmark_system_split.json,83b354d7aa91c0f94044f461d489d9a39ecf3729bcdfabc1c6e77899a18ede9a,76812d7a9ba8c6e6660e1acbf15817ff0725664d7fcf69b0fb0a84e133529f06,42,6
110.0,train,datasets\splits\main_benchmark_system_split.json,83b354d7aa91c0f94044f461d489d9a39ecf3729bcdfabc1c6e77899a18ede9a,76812d7a9ba8c6e6660e1acbf15817ff0725664d7fcf69b0fb0a84e133529f06,42,6
112.0,train,datasets\splits\main_benchmark_system_split.json,83b354d7aa91c0f94044f461d489d9a39ecf3729bcdfabc1c6e77899a18ede9a,76812d7a9ba8c6e6660e1acbf15817ff0725664d7fcf69b0fb0a84e133529f06,42,6
113.0,train,datasets\splits\main_benchmark_system_split.json,83b354d7aa91c0f94044f461d489d9a39ecf3729bcdfabc1c6e77899a18ede9a,76812d7a9ba8c6e6660e1acbf15817ff0725664d7fcf69b0fb0a84e133529f06,42,6
118.0,train,datasets\splits\main_benchmark_system_split.json,83b354d7aa91c0f94044f461d489d9a39ecf3729bcdfabc1c6e77899a18ede9a,76812d7a9ba8c6e6660e1acbf15817ff0725664d7fcf69b0fb0a84e133529f06,42,6
119.0,train,datasets\splits\main_benchmark_system_split.json,83b354d7aa91c0f94044f461d489d9a39ecf3729bcdfabc1c6e77899a18ede9a,76812d7a9ba8c6e6660e1acbf15817ff0725664d7fcf69b0fb0a84e133529f06,42,6
120.0,train,datasets\splits\main_benchmark_system_split.json,83b354d7aa91c0f94044f461d489d9a39ecf3729bcdfabc1c6e77899a18ede9a,76812d7a9ba8c6e6660e1acbf15817ff0725664d7fcf69b0fb0a84e133529f06,42,6
122.0,train,datasets\splits\main_benchmark_system_split.json,83b354d7aa91c0f94044f461d489d9a39ecf3729bcdfabc1c6e77899a18ede9a,76812d7a9ba8c6e6660e1acbf15817ff0725664d7fcf69b0fb0a84e133529f06,42,6
123.0,train,datasets\splits\main_benchmark_system_split.json,83b354d7aa91c0f94044f461d489d9a39ecf3729bcdfabc1c6e77899a18ede9a,76812d7a9ba8c6e6660e1acbf15817ff0725664d7fcf69b0fb0a84e133529f06,42,6
125.0,train,datasets\splits\main_benchmark_system_split.json,83b354d7aa91c0f94044f461d489d9a39ecf3729bcdfabc1c6e77899a18ede9a,76812d7a9ba8c6e6660e1acbf15817ff0725664d7fcf69b0fb0a84e133529f06,42,6
126.0,train,datasets\splits\main_benchmark_system_split.json,83b354d7aa91c0f94044f461d489d9a39ecf3729bcdfabc1c6e77899a18ede9a,76812d7a9ba8c6e6660e1acbf15817ff0725664d7fcf69b0fb0a84e133529f06,42,6
130.0,train,datasets\splits\main_benchmark_system_split.json,83b354d7aa91c0f94044f461d489d9a39ecf3729bcdfabc1c6e77899a18ede9a,76812d7a9ba8c6e6660e1acbf15817ff0725664d7fcf69b0fb0a84e133529f06,42,6
131.0,train,datasets\splits\main_benchmark_system_split.json,83b354d7aa91c0f94044f461d489d9a39ecf3729bcdfabc1c6e77899a18ede9a,76812d7a9ba8c6e6660e1acbf15817ff0725664d7fcf69b0fb0a84e133529f06,42,6
133.0,train,datasets\splits\main_benchmark_system_split.json,83b354d7aa91c0f94044f461d489d9a39ecf3729bcdfabc1c6e77899a18ede9a,76812d7a9ba8c6e6660e1acbf15817ff0725664d7fcf69b0fb0a84e133529f06,42,6
134.0,train,datasets\splits\main_benchmark_system_split.json,83b354d7aa91c0f94044f461d489d9a39ecf3729bcdfabc1c6e77899a18ede9a,76812d7a9ba8c6e6660e1acbf15817ff0725664d7fcf69b0fb0a84e133529f06,42,6
135.0,train,datasets\splits\main_benchmark_system_split.json,83b354d7aa91c0f94044f461d489d9a39ecf3729bcdfabc1c6e77899a18ede9a,76812d7a9ba8c6e6660e1acbf15817ff0725664d7fcf69b0fb0a84e133529f06,42,6
136.0,train,datasets\splits\main_benchmark_system_split.json,83b354d7aa91c0f94044f461d489d9a39ecf3729bcdfabc1c6e77899a18ede9a,76812d7a9ba8c6e6660e1acbf15817ff0725664d7fcf69b0fb0a84e133529f06,42,6
138.0,train,datasets\splits\main_benchmark_system_split.json,83b354d7aa91c0f94044f461d489d9a39ecf3729bcdfabc1c6e77899a18ede9a,76812d7a9ba8c6e6660e1acbf15817ff0725664d7fcf69b0fb0a84e133529f06,42,6
139.0,train,datasets\splits\main_benchmark_system_split.json,83b354d7aa91c0f94044f461d489d9a39ecf3729bcdfabc1c6e77899a18ede9a,76812d7a9ba8c6e6660e1acbf15817ff0725664d7fcf69b0fb0a84e133529f06,42,6
140.0,train,datasets\splits\main_benchmark_system_split.json,83b354d7aa91c0f94044f461d489d9a39ecf3729bcdfabc1c6e77899a18ede9a,76812d7a9ba8c6e6660e1acbf15817ff0725664d7fcf69b0fb0a84e133529f06,42,6
141.0,train,datasets\splits\main_benchmark_system_split.json,83b354d7aa91c0f94044f461d489d9a39ecf3729bcdfabc1c6e77899a18ede9a,76812d7a9ba8c6e6660e1acbf15817ff0725664d7fcf69b0fb0a84e133529f06,42,6
142.0,train,datasets\splits\main_benchmark_system_split.json,83b354d7aa91c0f94044f461d489d9a39ecf3729bcdfabc1c6e77899a18ede9a,76812d7a9ba8c6e6660e1acbf15817ff0725664d7fcf69b0fb0a84e133529f06,42,6
143.0,train,datasets\splits\main_benchmark_system_split.json,83b354d7aa91c0f94044f461d489d9a39ecf3729bcdfabc1c6e77899a18ede9a,76812d7a9ba8c6e6660e1acbf15817ff0725664d7fcf69b0fb0a84e133529f06,42,6
144.0,train,datasets\splits\main_benchmark_system_split.json,83b354d7aa91c0f94044f461d489d9a39ecf3729bcdfabc1c6e77899a18ede9a,76812d7a9ba8c6e6660e1acbf15817ff0725664d7fcf69b0fb0a84e133529f06,42,6
149.0,train,datasets\splits\main_benchmark_system_split.json,83b354d7aa91c0f94044f461d489d9a39ecf3729bcdfabc1c6e77899a18ede9a,76812d7a9ba8c6e6660e1acbf15817ff0725664d7fcf69b0fb0a84e133529f06,42,6
151.0,train,datasets\splits\main_benchmark_system_split.json,83b354d7aa91c0f94044f461d489d9a39ecf3729bcdfabc1c6e77899a18ede9a,76812d7a9ba8c6e6660e1acbf15817ff0725664d7fcf69b0fb0a84e133529f06,42,6
152.0,train,datasets\splits\main_benchmark_system_split.json,83b354d7aa91c0f94044f461d489d9a39ecf3729bcdfabc1c6e77899a18ede9a,76812d7a9ba8c6e6660e1acbf15817ff0725664d7fcf69b0fb0a84e133529f06,42,6
153.0,train,datasets\splits\main_benchmark_system_split.json,83b354d7aa91c0f94044f461d489d9a39ecf3729bcdfabc1c6e77899a18ede9a,76812d7a9ba8c6e6660e1acbf15817ff0725664d7fcf69b0fb0a84e133529f06,42,6
154.0,train,datasets\splits\main_benchmark_system_split.json,83b354d7aa91c0f94044f461d489d9a39ecf3729bcdfabc1c6e77899a18ede9a,76812d7a9ba8c6e6660e1acbf15817ff0725664d7fcf69b0fb0a84e133529f06,42,6
155.0,train,datasets\splits\main_benchmark_system_split.json,83b354d7aa91c0f94044f461d489d9a39ecf3729bcdfabc1c6e77899a18ede9a,76812d7a9ba8c6e6660e1acbf15817ff0725664d7fcf69b0fb0a84e133529f06,42,6
156.0,train,datasets\splits\main_benchmark_system_split.json,83b354d7aa91c0f94044f461d489d9a39ecf3729bcdfabc1c6e77899a18ede9a,76812d7a9ba8c6e6660e1acbf15817ff0725664d7fcf69b0fb0a84e133529f06,42,6
157.0,train,datasets\splits\main_benchmark_system_split.json,83b354d7aa91c0f94044f461d489d9a39ecf3729bcdfabc1c6e77899a18ede9a,76812d7a9ba8c6e6660e1acbf15817ff0725664d7fcf69b0fb0a84e133529f06,42,6
158.0,train,datasets\splits\main_benchmark_system_split.json,83b354d7aa91c0f94044f461d489d9a39ecf3729bcdfabc1c6e77899a18ede9a,76812d7a9ba8c6e6660e1acbf15817ff0725664d7fcf69b0fb0a84e133529f06,42,6
160.0,train,datasets\splits\main_benchmark_system_split.json,83b354d7aa91c0f94044f461d489d9a39ecf3729bcdfabc1c6e77899a18ede9a,76812d7a9ba8c6e6660e1acbf15817ff0725664d7fcf69b0fb0a84e133529f06,42,6
163.0,train,datasets\splits\main_benchmark_system_split.json,83b354d7aa91c0f94044f461d489d9a39ecf3729bcdfabc1c6e77899a18ede9a,76812d7a9ba8c6e6660e1acbf15817ff0725664d7fcf69b0fb0a84e133529f06,42,6
165.0,train,datasets\splits\main_benchmark_system_split.json,83b354d7aa91c0f94044f461d489d9a39ecf3729bcdfabc1c6e77899a18ede9a,76812d7a9ba8c6e6660e1acbf15817ff0725664d7fcf69b0fb0a84e133529f06,42,6
166.0,train,datasets\splits\main_benchmark_system_split.json,83b354d7aa91c0f94044f461d489d9a39ecf3729bcdfabc1c6e77899a18ede9a,76812d7a9ba8c6e6660e1acbf15817ff0725664d7fcf69b0fb0a84e133529f06,42,6
167.0,train,datasets\splits\main_benchmark_system_split.json,83b354d7aa91c0f94044f461d489d9a39ecf3729bcdfabc1c6e77899a18ede9a,76812d7a9ba8c6e6660e1acbf15817ff0725664d7fcf69b0fb0a84e133529f06,42,6
168.0,train,datasets\splits\main_benchmark_system_split.json,83b354d7aa91c0f94044f461d489d9a39ecf3729bcdfabc1c6e77899a18ede9a,76812d7a9ba8c6e6660e1acbf15817ff0725664d7fcf69b0fb0a84e133529f06,42,6
169.0,train,datasets\splits\main_benchmark_system_split.json,83b354d7aa91c0f94044f461d489d9a39ecf3729bcdfabc1c6e77899a18ede9a,76812d7a9ba8c6e6660e1acbf15817ff0725664d7fcf69b0fb0a84e133529f06,42,6
170.0,train,datasets\splits\main_benchmark_system_split.json,83b354d7aa91c0f94044f461d489d9a39ecf3729bcdfabc1c6e77899a18ede9a,76812d7a9ba8c6e6660e1acbf15817ff0725664d7fcf69b0fb0a84e133529f06,42,6
171.0,train,datasets\splits\main_benchmark_system_split.json,83b354d7aa91c0f94044f461d489d9a39ecf3729bcdfabc1c6e77899a18ede9a,76812d7a9ba8c6e6660e1acbf15817ff0725664d7fcf69b0fb0a84e133529f06,42,6
172.0,train,datasets\splits\main_benchmark_system_split.json,83b354d7aa91c0f94044f461d489d9a39ecf3729bcdfabc1c6e77899a18ede9a,76812d7a9ba8c6e6660e1acbf15817ff0725664d7fcf69b0fb0a84e133529f06,42,6
173.0,train,datasets\splits\main_benchmark_system_split.json,83b354d7aa91c0f94044f461d489d9a39ecf3729bcdfabc1c6e77899a18ede9a,76812d7a9ba8c6e6660e1acbf15817ff0725664d7fcf69b0fb0a84e133529f06,42,6
174.0,train,datasets\splits\main_benchmark_system_split.json,83b354d7aa91c0f94044f461d489d9a39ecf3729bcdfabc1c6e77899a18ede9a,76812d7a9ba8c6e6660e1acbf15817ff0725664d7fcf69b0fb0a84e133529f06,42,6
175.0,train,datasets\splits\main_benchmark_system_split.json,83b354d7aa91c0f94044f461d489d9a39ecf3729bcdfabc1c6e77899a18ede9a,76812d7a9ba8c6e6660e1acbf15817ff0725664d7fcf69b0fb0a84e133529f06,42,6
176.0,train,datasets\splits\main_benchmark_system_split.json,83b354d7aa91c0f94044f461d489d9a39ecf3729bcdfabc1c6e77899a18ede9a,76812d7a9ba8c6e6660e1acbf15817ff0725664d7fcf69b0fb0a84e133529f06,42,6
179.0,train,datasets\splits\main_benchmark_system_split.json,83b354d7aa91c0f94044f461d489d9a39ecf3729bcdfabc1c6e77899a18ede9a,76812d7a9ba8c6e6660e1acbf15817ff0725664d7fcf69b0fb0a84e133529f06,42,6
180.0,train,datasets\splits\main_benchmark_system_split.json,83b354d7aa91c0f94044f461d489d9a39ecf3729bcdfabc1c6e77899a18ede9a,76812d7a9ba8c6e6660e1acbf15817ff0725664d7fcf69b0fb0a84e133529f06,42,6
181.0,train,datasets\splits\main_benchmark_system_split.json,83b354d7aa91c0f94044f461d489d9a39ecf3729bcdfabc1c6e77899a18ede9a,76812d7a9ba8c6e6660e1acbf15817ff0725664d7fcf69b0fb0a84e133529f06,42,6
182.0,train,datasets\splits\main_benchmark_system_split.json,83b354d7aa91c0f94044f461d489d9a39ecf3729bcdfabc1c6e77899a18ede9a,76812d7a9ba8c6e6660e1acbf15817ff0725664d7fcf69b0fb0a84e133529f06,42,6
183.0,train,datasets\splits\main_benchmark_system_split.json,83b354d7aa91c0f94044f461d489d9a39ecf3729bcdfabc1c6e77899a18ede9a,76812d7a9ba8c6e6660e1acbf15817ff0725664d7fcf69b0fb0a84e133529f06,42,6
184.0,train,datasets\splits\main_benchmark_system_split.json,83b354d7aa91c0f94044f461d489d9a39ecf3729bcdfabc1c6e77899a18ede9a,76812d7a9ba8c6e6660e1acbf15817ff0725664d7fcf69b0fb0a84e133529f06,42,6
185.0,train,datasets\splits\main_benchmark_system_split.json,83b354d7aa91c0f94044f461d489d9a39ecf3729bcdfabc1c6e77899a18ede9a,76812d7a9ba8c6e6660e1acbf15817ff0725664d7fcf69b0fb0a84e133529f06,42,6
186.0,train,datasets\splits\main_benchmark_system_split.json,83b354d7aa91c0f94044f461d489d9a39ecf3729bcdfabc1c6e77899a18ede9a,76812d7a9ba8c6e6660e1acbf15817ff0725664d7fcf69b0fb0a84e133529f06,42,6
187.0,train,datasets\splits\main_benchmark_system_split.json,83b354d7aa91c0f94044f461d489d9a39ecf3729bcdfabc1c6e77899a18ede9a,76812d7a9ba8c6e6660e1acbf15817ff0725664d7fcf69b0fb0a84e133529f06,42,6
188.0,train,datasets\splits\main_benchmark_system_split.json,83b354d7aa91c0f94044f461d489d9a39ecf3729bcdfabc1c6e77899a18ede9a,76812d7a9ba8c6e6660e1acbf15817ff0725664d7fcf69b0fb0a84e133529f06,42,6
189.0,train,datasets\splits\main_benchmark_system_split.json,83b354d7aa91c0f94044f461d489d9a39ecf3729bcdfabc1c6e77899a18ede9a,76812d7a9ba8c6e6660e1acbf15817ff0725664d7fcf69b0fb0a84e133529f06,42,6
190.0,train,datasets\splits\main_benchmark_system_split.json,83b354d7aa91c0f94044f461d489d9a39ecf3729bcdfabc1c6e77899a18ede9a,76812d7a9ba8c6e6660e1acbf15817ff0725664d7fcf69b0fb0a84e133529f06,42,6
192.0,train,datasets\splits\main_benchmark_system_split.json,83b354d7aa91c0f94044f461d489d9a39ecf3729bcdfabc1c6e77899a18ede9a,76812d7a9ba8c6e6660e1acbf15817ff0725664d7fcf69b0fb0a84e133529f06,42,6
193.0,train,datasets\splits\main_benchmark_system_split.json,83b354d7aa91c0f94044f461d489d9a39ecf3729bcdfabc1c6e77899a18ede9a,76812d7a9ba8c6e6660e1acbf15817ff0725664d7fcf69b0fb0a84e133529f06,42,6
194.0,train,datasets\splits\main_benchmark_system_split.json,83b354d7aa91c0f94044f461d489d9a39ecf3729bcdfabc1c6e77899a18ede9a,76812d7a9ba8c6e6660e1acbf15817ff0725664d7fcf69b0fb0a84e133529f06,42,6
197.0,train,datasets\splits\main_benchmark_system_split.json,83b354d7aa91c0f94044f461d489d9a39ecf3729bcdfabc1c6e77899a18ede9a,76812d7a9ba8c6e6660e1acbf15817ff0725664d7fcf69b0fb0a84e133529f06,42,6
198.0,train,datasets\splits\main_benchmark_system_split.json,83b354d7aa91c0f94044f461d489d9a39ecf3729bcdfabc1c6e77899a18ede9a,76812d7a9ba8c6e6660e1acbf15817ff0725664d7fcf69b0fb0a84e133529f06,42,6
200.0,train,datasets\splits\main_benchmark_system_split.json,83b354d7aa91c0f94044f461d489d9a39ecf3729bcdfabc1c6e77899a18ede9a,76812d7a9ba8c6e6660e1acbf15817ff0725664d7fcf69b0fb0a84e133529f06,42,6
201.0,train,datasets\splits\main_benchmark_system_split.json,83b354d7aa91c0f94044f461d489d9a39ecf3729bcdfabc1c6e77899a18ede9a,76812d7a9ba8c6e6660e1acbf15817ff0725664d7fcf69b0fb0a84e133529f06,42,6
203.0,train,datasets\splits\main_benchmark_system_split.json,83b354d7aa91c0f94044f461d489d9a39ecf3729bcdfabc1c6e77899a18ede9a,76812d7a9ba8c6e6660e1acbf15817ff0725664d7fcf69b0fb0a84e133529f06,42,6
204.0,train,datasets\splits\main_benchmark_system_split.json,83b354d7aa91c0f94044f461d489d9a39ecf3729bcdfabc1c6e77899a18ede9a,76812d7a9ba8c6e6660e1acbf15817ff0725664d7fcf69b0fb0a84e133529f06,42,6
205.0,train,datasets\splits\main_benchmark_system_split.json,83b354d7aa91c0f94044f461d489d9a39ecf3729bcdfabc1c6e77899a18ede9a,76812d7a9ba8c6e6660e1acbf15817ff0725664d7fcf69b0fb0a84e133529f06,42,6
207.0,train,datasets\splits\main_benchmark_system_split.json,83b354d7aa91c0f94044f461d489d9a39ecf3729bcdfabc1c6e77899a18ede9a,76812d7a9ba8c6e6660e1acbf15817ff0725664d7fcf69b0fb0a84e133529f06,42,6
208.0,train,datasets\splits\main_benchmark_system_split.json,83b354d7aa91c0f94044f461d489d9a39ecf3729bcdfabc1c6e77899a18ede9a,76812d7a9ba8c6e6660e1acbf15817ff0725664d7fcf69b0fb0a84e133529f06,42,6
209.0,train,datasets\splits\main_benchmark_system_split.json,83b354d7aa91c0f94044f461d489d9a39ecf3729bcdfabc1c6e77899a18ede9a,76812d7a9ba8c6e6660e1acbf15817ff0725664d7fcf69b0fb0a84e133529f06,42,6
210.0,train,datasets\splits\main_benchmark_system_split.json,83b354d7aa91c0f94044f461d489d9a39ecf3729bcdfabc1c6e77899a18ede9a,76812d7a9ba8c6e6660e1acbf15817ff0725664d7fcf69b0fb0a84e133529f06,42,6
212.0,train,datasets\splits\main_benchmark_system_split.json,83b354d7aa91c0f94044f461d489d9a39ecf3729bcdfabc1c6e77899a18ede9a,76812d7a9ba8c6e6660e1acbf15817ff0725664d7fcf69b0fb0a84e133529f06,42,6
213.0,train,datasets\splits\main_benchmark_system_split.json,83b354d7aa91c0f94044f461d489d9a39ecf3729bcdfabc1c6e77899a18ede9a,76812d7a9ba8c6e6660e1acbf15817ff0725664d7fcf69b0fb0a84e133529f06,42,6
214.0,train,datasets\splits\main_benchmark_system_split.json,83b354d7aa91c0f94044f461d489d9a39ecf3729bcdfabc1c6e77899a18ede9a,76812d7a9ba8c6e6660e1acbf15817ff0725664d7fcf69b0fb0a84e133529f06,42,6
215.0,train,datasets\splits\main_benchmark_system_split.json,83b354d7aa91c0f94044f461d489d9a39ecf3729bcdfabc1c6e77899a18ede9a,76812d7a9ba8c6e6660e1acbf15817ff0725664d7fcf69b0fb0a84e133529f06,42,6
217.0,train,datasets\splits\main_benchmark_system_split.json,83b354d7aa91c0f94044f461d489d9a39ecf3729bcdfabc1c6e77899a18ede9a,76812d7a9ba8c6e6660e1acbf15817ff0725664d7fcf69b0fb0a84e133529f06,42,6
223.0,train,datasets\splits\main_benchmark_system_split.json,83b354d7aa91c0f94044f461d489d9a39ecf3729bcdfabc1c6e77899a18ede9a,76812d7a9ba8c6e6660e1acbf15817ff0725664d7fcf69b0fb0a84e133529f06,42,6
225.0,train,datasets\splits\main_benchmark_system_split.json,83b354d7aa91c0f94044f461d489d9a39ecf3729bcdfabc1c6e77899a18ede9a,76812d7a9ba8c6e6660e1acbf15817ff0725664d7fcf69b0fb0a84e133529f06,42,6
226.0,train,datasets\splits\main_benchmark_system_split.json,83b354d7aa91c0f94044f461d489d9a39ecf3729bcdfabc1c6e77899a18ede9a,76812d7a9ba8c6e6660e1acbf15817ff0725664d7fcf69b0fb0a84e133529f06,42,6
227.0,train,datasets\splits\main_benchmark_system_split.json,83b354d7aa91c0f94044f461d489d9a39ecf3729bcdfabc1c6e77899a18ede9a,76812d7a9ba8c6e6660e1acbf15817ff0725664d7fcf69b0fb0a84e133529f06,42,6
228.0,train,datasets\splits\main_benchmark_system_split.json,83b354d7aa91c0f94044f461d489d9a39ecf3729bcdfabc1c6e77899a18ede9a,76812d7a9ba8c6e6660e1acbf15817ff0725664d7fcf69b0fb0a84e133529f06,42,6
229.0,train,datasets\splits\main_benchmark_system_split.json,83b354d7aa91c0f94044f461d489d9a39ecf3729bcdfabc1c6e77899a18ede9a,76812d7a9ba8c6e6660e1acbf15817ff0725664d7fcf69b0fb0a84e133529f06,42,6
230.0,train,datasets\splits\main_benchmark_system_split.json,83b354d7aa91c0f94044f461d489d9a39ecf3729bcdfabc1c6e77899a18ede9a,76812d7a9ba8c6e6660e1acbf15817ff0725664d7fcf69b0fb0a84e133529f06,42,6
232.0,train,datasets\splits\main_benchmark_system_split.json,83b354d7aa91c0f94044f461d489d9a39ecf3729bcdfabc1c6e77899a18ede9a,76812d7a9ba8c6e6660e1acbf15817ff0725664d7fcf69b0fb0a84e133529f06,42,6
233.0,train,datasets\splits\main_benchmark_system_split.json,83b354d7aa91c0f94044f461d489d9a39ecf3729bcdfabc1c6e77899a18ede9a,76812d7a9ba8c6e6660e1acbf15817ff0725664d7fcf69b0fb0a84e133529f06,42,6
239.0,train,datasets\splits\main_benchmark_system_split.json,83b354d7aa91c0f94044f461d489d9a39ecf3729bcdfabc1c6e77899a18ede9a,76812d7a9ba8c6e6660e1acbf15817ff0725664d7fcf69b0fb0a84e133529f06,42,6
241.0,train,datasets\splits\main_benchmark_system_split.json,83b354d7aa91c0f94044f461d489d9a39ecf3729bcdfabc1c6e77899a18ede9a,76812d7a9ba8c6e6660e1acbf15817ff0725664d7fcf69b0fb0a84e133529f06,42,6
243.0,train,datasets\splits\main_benchmark_system_split.json,83b354d7aa91c0f94044f461d489d9a39ecf3729bcdfabc1c6e77899a18ede9a,76812d7a9ba8c6e6660e1acbf15817ff0725664d7fcf69b0fb0a84e133529f06,42,6
244.0,train,datasets\splits\main_benchmark_system_split.json,83b354d7aa91c0f94044f461d489d9a39ecf3729bcdfabc1c6e77899a18ede9a,76812d7a9ba8c6e6660e1acbf15817ff0725664d7fcf69b0fb0a84e133529f06,42,6
245.0,train,datasets\splits\main_benchmark_system_split.json,83b354d7aa91c0f94044f461d489d9a39ecf3729bcdfabc1c6e77899a18ede9a,76812d7a9ba8c6e6660e1acbf15817ff0725664d7fcf69b0fb0a84e133529f06,42,6
246.0,train,datasets\splits\main_benchmark_system_split.json,83b354d7aa91c0f94044f461d489d9a39ecf3729bcdfabc1c6e77899a18ede9a,76812d7a9ba8c6e6660e1acbf15817ff0725664d7fcf69b0fb0a84e133529f06,42,6
247.0,train,datasets\splits\main_benchmark_system_split.json,83b354d7aa91c0f94044f461d489d9a39ecf3729bcdfabc1c6e77899a18ede9a,76812d7a9ba8c6e6660e1acbf15817ff0725664d7fcf69b0fb0a84e133529f06,42,6
248.0,train,datasets\splits\main_benchmark_system_split.json,83b354d7aa91c0f94044f461d489d9a39ecf3729bcdfabc1c6e77899a18ede9a,76812d7a9ba8c6e6660e1acbf15817ff0725664d7fcf69b0fb0a84e133529f06,42,6
249.0,train,datasets\splits\main_benchmark_system_split.json,83b354d7aa91c0f94044f461d489d9a39ecf3729bcdfabc1c6e77899a18ede9a,76812d7a9ba8c6e6660e1acbf15817ff0725664d7fcf69b0fb0a84e133529f06,42,6
250.0,train,datasets\splits\main_benchmark_system_split.json,83b354d7aa91c0f94044f461d489d9a39ecf3729bcdfabc1c6e77899a18ede9a,76812d7a9ba8c6e6660e1acbf15817ff0725664d7fcf69b0fb0a84e133529f06,42,6
251.0,train,datasets\splits\main_benchmark_system_split.json,83b354d7aa91c0f94044f461d489d9a39ecf3729bcdfabc1c6e77899a18ede9a,76812d7a9ba8c6e6660e1acbf15817ff0725664d7fcf69b0fb0a84e133529f06,42,6
253.0,train,datasets\splits\main_benchmark_system_split.json,83b354d7aa91c0f94044f461d489d9a39ecf3729bcdfabc1c6e77899a18ede9a,76812d7a9ba8c6e6660e1acbf15817ff0725664d7fcf69b0fb0a84e133529f06,42,6
255.0,train,datasets\splits\main_benchmark_system_split.json,83b354d7aa91c0f94044f461d489d9a39ecf3729bcdfabc1c6e77899a18ede9a,76812d7a9ba8c6e6660e1acbf15817ff0725664d7fcf69b0fb0a84e133529f06,42,6
256.0,train,datasets\splits\main_benchmark_system_split.json,83b354d7aa91c0f94044f461d489d9a39ecf3729bcdfabc1c6e77899a18ede9a,76812d7a9ba8c6e6660e1acbf15817ff0725664d7fcf69b0fb0a84e133529f06,42,6
258.0,train,datasets\splits\main_benchmark_system_split.json,83b354d7aa91c0f94044f461d489d9a39ecf3729bcdfabc1c6e77899a18ede9a,76812d7a9ba8c6e6660e1acbf15817ff0725664d7fcf69b0fb0a84e133529f06,42,6
259.0,train,datasets\splits\main_benchmark_system_split.json,83b354d7aa91c0f94044f461d489d9a39ecf3729bcdfabc1c6e77899a18ede9a,76812d7a9ba8c6e6660e1acbf15817ff0725664d7fcf69b0fb0a84e133529f06,42,6
260.0,train,datasets\splits\main_benchmark_system_split.json,83b354d7aa91c0f94044f461d489d9a39ecf3729bcdfabc1c6e77899a18ede9a,76812d7a9ba8c6e6660e1acbf15817ff0725664d7fcf69b0fb0a84e133529f06,42,6
261.0,train,datasets\splits\main_benchmark_system_split.json,83b354d7aa91c0f94044f461d489d9a39ecf3729bcdfabc1c6e77899a18ede9a,76812d7a9ba8c6e6660e1acbf15817ff0725664d7fcf69b0fb0a84e133529f06,42,6
262.0,train,datasets\splits\main_benchmark_system_split.json,83b354d7aa91c0f94044f461d489d9a39ecf3729bcdfabc1c6e77899a18ede9a,76812d7a9ba8c6e6660e1acbf15817ff0725664d7fcf69b0fb0a84e133529f06,42,6
263.0,train,datasets\splits\main_benchmark_system_split.json,83b354d7aa91c0f94044f461d489d9a39ecf3729bcdfabc1c6e77899a18ede9a,76812d7a9ba8c6e6660e1acbf15817ff0725664d7fcf69b0fb0a84e133529f06,42,6
264.0,train,datasets\splits\main_benchmark_system_split.json,83b354d7aa91c0f94044f461d489d9a39ecf3729bcdfabc1c6e77899a18ede9a,76812d7a9ba8c6e6660e1acbf15817ff0725664d7fcf69b0fb0a84e133529f06,42,6
265.0,train,datasets\splits\main_benchmark_system_split.json,83b354d7aa91c0f94044f461d489d9a39ecf3729bcdfabc1c6e77899a18ede9a,76812d7a9ba8c6e6660e1acbf15817ff0725664d7fcf69b0fb0a84e133529f06,42,6
267.0,train,datasets\splits\main_benchmark_system_split.json,83b354d7aa91c0f94044f461d489d9a39ecf3729bcdfabc1c6e77899a18ede9a,76812d7a9ba8c6e6660e1acbf15817ff0725664d7fcf69b0fb0a84e133529f06,42,6
268.0,train,datasets\splits\main_benchmark_system_split.json,83b354d7aa91c0f94044f461d489d9a39ecf3729bcdfabc1c6e77899a18ede9a,76812d7a9ba8c6e6660e1acbf15817ff0725664d7fcf69b0fb0a84e133529f06,42,6
269.0,train,datasets\splits\main_benchmark_system_split.json,83b354d7aa91c0f94044f461d489d9a39ecf3729bcdfabc1c6e77899a18ede9a,76812d7a9ba8c6e6660e1acbf15817ff0725664d7fcf69b0fb0a84e133529f06,42,6
270.0,train,datasets\splits\main_benchmark_system_split.json,83b354d7aa91c0f94044f461d489d9a39ecf3729bcdfabc1c6e77899a18ede9a,76812d7a9ba8c6e6660e1acbf15817ff0725664d7fcf69b0fb0a84e133529f06,42,6
271.0,train,datasets\splits\main_benchmark_system_split.json,83b354d7aa91c0f94044f461d489d9a39ecf3729bcdfabc1c6e77899a18ede9a,76812d7a9ba8c6e6660e1acbf15817ff0725664d7fcf69b0fb0a84e133529f06,42,6
272.0,train,datasets\splits\main_benchmark_system_split.json,83b354d7aa91c0f94044f461d489d9a39ecf3729bcdfabc1c6e77899a18ede9a,76812d7a9ba8c6e6660e1acbf15817ff0725664d7fcf69b0fb0a84e133529f06,42,6
273.0,train,datasets\splits\main_benchmark_system_split.json,83b354d7aa91c0f94044f461d489d9a39ecf3729bcdfabc1c6e77899a18ede9a,76812d7a9ba8c6e6660e1acbf15817ff0725664d7fcf69b0fb0a84e133529f06,42,6
274.0,train,datasets\splits\main_benchmark_system_split.json,83b354d7aa91c0f94044f461d489d9a39ecf3729bcdfabc1c6e77899a18ede9a,76812d7a9ba8c6e6660e1acbf15817ff0725664d7fcf69b0fb0a84e133529f06,42,6
275.0,train,datasets\splits\main_benchmark_system_split.json,83b354d7aa91c0f94044f461d489d9a39ecf3729bcdfabc1c6e77899a18ede9a,76812d7a9ba8c6e6660e1acbf15817ff0725664d7fcf69b0fb0a84e133529f06,42,6
276.0,train,datasets\splits\main_benchmark_system_split.json,83b354d7aa91c0f94044f461d489d9a39ecf3729bcdfabc1c6e77899a18ede9a,76812d7a9ba8c6e6660e1acbf15817ff0725664d7fcf69b0fb0a84e133529f06,42,6
277.0,train,datasets\splits\main_benchmark_system_split.json,83b354d7aa91c0f94044f461d489d9a39ecf3729bcdfabc1c6e77899a18ede9a,76812d7a9ba8c6e6660e1acbf15817ff0725664d7fcf69b0fb0a84e133529f06,42,6
278.0,train,datasets\splits\main_benchmark_system_split.json,83b354d7aa91c0f94044f461d489d9a39ecf3729bcdfabc1c6e77899a18ede9a,76812d7a9ba8c6e6660e1acbf15817ff0725664d7fcf69b0fb0a84e133529f06,42,6
279.0,train,datasets\splits\main_benchmark_system_split.json,83b354d7aa91c0f94044f461d489d9a39ecf3729bcdfabc1c6e77899a18ede9a,76812d7a9ba8c6e6660e1acbf15817ff0725664d7fcf69b0fb0a84e133529f06,42,6
280.0,train,datasets\splits\main_benchmark_system_split.json,83b354d7aa91c0f94044f461d489d9a39ecf3729bcdfabc1c6e77899a18ede9a,76812d7a9ba8c6e6660e1acbf15817ff0725664d7fcf69b0fb0a84e133529f06,42,6
281.0,train,datasets\splits\main_benchmark_system_split.json,83b354d7aa91c0f94044f461d489d9a39ecf3729bcdfabc1c6e77899a18ede9a,76812d7a9ba8c6e6660e1acbf15817ff0725664d7fcf69b0fb0a84e133529f06,42,6
282.0,train,datasets\splits\main_benchmark_system_split.json,83b354d7aa91c0f94044f461d489d9a39ecf3729bcdfabc1c6e77899a18ede9a,76812d7a9ba8c6e6660e1acbf15817ff0725664d7fcf69b0fb0a84e133529f06,42,6
283.0,train,datasets\splits\main_benchmark_system_split.json,83b354d7aa91c0f94044f461d489d9a39ecf3729bcdfabc1c6e77899a18ede9a,76812d7a9ba8c6e6660e1acbf15817ff0725664d7fcf69b0fb0a84e133529f06,42,6
284.0,train,datasets\splits\main_benchmark_system_split.json,83b354d7aa91c0f94044f461d489d9a39ecf3729bcdfabc1c6e77899a18ede9a,76812d7a9ba8c6e6660e1acbf15817ff0725664d7fcf69b0fb0a84e133529f06,42,6
285.0,train,datasets\splits\main_benchmark_system_split.json,83b354d7aa91c0f94044f461d489d9a39ecf3729bcdfabc1c6e77899a18ede9a,76812d7a9ba8c6e6660e1acbf15817ff0725664d7fcf69b0fb0a84e133529f06,42,6
286.0,train,datasets\splits\main_benchmark_system_split.json,83b354d7aa91c0f94044f461d489d9a39ecf3729bcdfabc1c6e77899a18ede9a,76812d7a9ba8c6e6660e1acbf15817ff0725664d7fcf69b0fb0a84e133529f06,42,6
287.0,train,datasets\splits\main_benchmark_system_split.json,83b354d7aa91c0f94044f461d489d9a39ecf3729bcdfabc1c6e77899a18ede9a,76812d7a9ba8c6e6660e1acbf15817ff0725664d7fcf69b0fb0a84e133529f06,42,6
288.0,train,datasets\splits\main_benchmark_system_split.json,83b354d7aa91c0f94044f461d489d9a39ecf3729bcdfabc1c6e77899a18ede9a,76812d7a9ba8c6e6660e1acbf15817ff0725664d7fcf69b0fb0a84e133529f06,42,6
289.0,train,datasets\splits\main_benchmark_system_split.json,83b354d7aa91c0f94044f461d489d9a39ecf3729bcdfabc1c6e77899a18ede9a,76812d7a9ba8c6e6660e1acbf15817ff0725664d7fcf69b0fb0a84e133529f06,42,6
290.0,train,datasets\splits\main_benchmark_system_split.json,83b354d7aa91c0f94044f461d489d9a39ecf3729bcdfabc1c6e77899a18ede9a,76812d7a9ba8c6e6660e1acbf15817ff0725664d7fcf69b0fb0a84e133529f06,42,6
291.0,train,datasets\splits\main_benchmark_system_split.json,83b354d7aa91c0f94044f461d489d9a39ecf3729bcdfabc1c6e77899a18ede9a,76812d7a9ba8c6e6660e1acbf15817ff0725664d7fcf69b0fb0a84e133529f06,42,6
292.0,train,datasets\splits\main_benchmark_system_split.json,83b354d7aa91c0f94044f461d489d9a39ecf3729bcdfabc1c6e77899a18ede9a,76812d7a9ba8c6e6660e1acbf15817ff0725664d7fcf69b0fb0a84e133529f06,42,6
294.0,train,datasets\splits\main_benchmark_system_split.json,83b354d7aa91c0f94044f461d489d9a39ecf3729bcdfabc1c6e77899a18ede9a,76812d7a9ba8c6e6660e1acbf15817ff0725664d7fcf69b0fb0a84e133529f06,42,6
296.0,train,datasets\splits\main_benchmark_system_split.json,83b354d7aa91c0f94044f461d489d9a39ecf3729bcdfabc1c6e77899a18ede9a,76812d7a9ba8c6e6660e1acbf15817ff0725664d7fcf69b0fb0a84e133529f06,42,6
297.0,train,datasets\splits\main_benchmark_system_split.json,83b354d7aa91c0f94044f461d489d9a39ecf3729bcdfabc1c6e77899a18ede9a,76812d7a9ba8c6e6660e1acbf15817ff0725664d7fcf69b0fb0a84e133529f06,42,6
298.0,train,datasets\splits\main_benchmark_system_split.json,83b354d7aa91c0f94044f461d489d9a39ecf3729bcdfabc1c6e77899a18ede9a,76812d7a9ba8c6e6660e1acbf15817ff0725664d7fcf69b0fb0a84e133529f06,42,6
299.0,train,datasets\splits\main_benchmark_system_split.json,83b354d7aa91c0f94044f461d489d9a39ecf3729bcdfabc1c6e77899a18ede9a,76812d7a9ba8c6e6660e1acbf15817ff0725664d7fcf69b0fb0a84e133529f06,42,6
302.0,train,datasets\splits\main_benchmark_system_split.json,83b354d7aa91c0f94044f461d489d9a39ecf3729bcdfabc1c6e77899a18ede9a,76812d7a9ba8c6e6660e1acbf15817ff0725664d7fcf69b0fb0a84e133529f06,42,6
304.0,train,datasets\splits\main_benchmark_system_split.json,83b354d7aa91c0f94044f461d489d9a39ecf3729bcdfabc1c6e77899a18ede9a,76812d7a9ba8c6e6660e1acbf15817ff0725664d7fcf69b0fb0a84e133529f06,42,6
306.0,train,datasets\splits\main_benchmark_system_split.json,83b354d7aa91c0f94044f461d489d9a39ecf3729bcdfabc1c6e77899a18ede9a,76812d7a9ba8c6e6660e1acbf15817ff0725664d7fcf69b0fb0a84e133529f06,42,6
307.0,train,datasets\splits\main_benchmark_system_split.json,83b354d7aa91c0f94044f461d489d9a39ecf3729bcdfabc1c6e77899a18ede9a,76812d7a9ba8c6e6660e1acbf15817ff0725664d7fcf69b0fb0a84e133529f06,42,6
309.0,train,datasets\splits\main_benchmark_system_split.json,83b354d7aa91c0f94044f461d489d9a39ecf3729bcdfabc1c6e77899a18ede9a,76812d7a9ba8c6e6660e1acbf15817ff0725664d7fcf69b0fb0a84e133529f06,42,6
310.0,train,datasets\splits\main_benchmark_system_split.json,83b354d7aa91c0f94044f461d489d9a39ecf3729bcdfabc1c6e77899a18ede9a,76812d7a9ba8c6e6660e1acbf15817ff0725664d7fcf69b0fb0a84e133529f06,42,6
311.0,train,datasets\splits\main_benchmark_system_split.json,83b354d7aa91c0f94044f461d489d9a39ecf3729bcdfabc1c6e77899a18ede9a,76812d7a9ba8c6e6660e1acbf15817ff0725664d7fcf69b0fb0a84e133529f06,42,6
312.0,train,datasets\splits\main_benchmark_system_split.json,83b354d7aa91c0f94044f461d489d9a39ecf3729bcdfabc1c6e77899a18ede9a,76812d7a9ba8c6e6660e1acbf15817ff0725664d7fcf69b0fb0a84e133529f06,42,6
313.0,train,datasets\splits\main_benchmark_system_split.json,83b354d7aa91c0f94044f461d489d9a39ecf3729bcdfabc1c6e77899a18ede9a,76812d7a9ba8c6e6660e1acbf15817ff0725664d7fcf69b0fb0a84e133529f06,42,6
314.0,train,datasets\splits\main_benchmark_system_split.json,83b354d7aa91c0f94044f461d489d9a39ecf3729bcdfabc1c6e77899a18ede9a,76812d7a9ba8c6e6660e1acbf15817ff0725664d7fcf69b0fb0a84e133529f06,42,6
315.0,train,datasets\splits\main_benchmark_system_split.json,83b354d7aa91c0f94044f461d489d9a39ecf3729bcdfabc1c6e77899a18ede9a,76812d7a9ba8c6e6660e1acbf15817ff0725664d7fcf69b0fb0a84e133529f06,42,6
316.0,train,datasets\splits\main_benchmark_system_split.json,83b354d7aa91c0f94044f461d489d9a39ecf3729bcdfabc1c6e77899a18ede9a,76812d7a9ba8c6e6660e1acbf15817ff0725664d7fcf69b0fb0a84e133529f06,42,6
319.0,train,datasets\splits\main_benchmark_system_split.json,83b354d7aa91c0f94044f461d489d9a39ecf3729bcdfabc1c6e77899a18ede9a,76812d7a9ba8c6e6660e1acbf15817ff0725664d7fcf69b0fb0a84e133529f06,42,6
322.0,train,datasets\splits\main_benchmark_system_split.json,83b354d7aa91c0f94044f461d489d9a39ecf3729bcdfabc1c6e77899a18ede9a,76812d7a9ba8c6e6660e1acbf15817ff0725664d7fcf69b0fb0a84e133529f06,42,6
324.0,train,datasets\splits\main_benchmark_system_split.json,83b354d7aa91c0f94044f461d489d9a39ecf3729bcdfabc1c6e77899a18ede9a,76812d7a9ba8c6e6660e1acbf15817ff0725664d7fcf69b0fb0a84e133529f06,42,6
325.0,train,datasets\splits\main_benchmark_system_split.json,83b354d7aa91c0f94044f461d489d9a39ecf3729bcdfabc1c6e77899a18ede9a,76812d7a9ba8c6e6660e1acbf15817ff0725664d7fcf69b0fb0a84e133529f06,42,6
326.0,train,datasets\splits\main_benchmark_system_split.json,83b354d7aa91c0f94044f461d489d9a39ecf3729bcdfabc1c6e77899a18ede9a,76812d7a9ba8c6e6660e1acbf15817ff0725664d7fcf69b0fb0a84e133529f06,42,6
327.0,train,datasets\splits\main_benchmark_system_split.json,83b354d7aa91c0f94044f461d489d9a39ecf3729bcdfabc1c6e77899a18ede9a,76812d7a9ba8c6e6660e1acbf15817ff0725664d7fcf69b0fb0a84e133529f06,42,6
328.0,train,datasets\splits\main_benchmark_system_split.json,83b354d7aa91c0f94044f461d489d9a39ecf3729bcdfabc1c6e77899a18ede9a,76812d7a9ba8c6e6660e1acbf15817ff0725664d7fcf69b0fb0a84e133529f06,42,6
329.0,train,datasets\splits\main_benchmark_system_split.json,83b354d7aa91c0f94044f461d489d9a39ecf3729bcdfabc1c6e77899a18ede9a,76812d7a9ba8c6e6660e1acbf15817ff0725664d7fcf69b0fb0a84e133529f06,42,6
332.0,train,datasets\splits\main_benchmark_system_split.json,83b354d7aa91c0f94044f461d489d9a39ecf3729bcdfabc1c6e77899a18ede9a,76812d7a9ba8c6e6660e1acbf15817ff0725664d7fcf69b0fb0a84e133529f06,42,6
333.0,train,datasets\splits\main_benchmark_system_split.json,83b354d7aa91c0f94044f461d489d9a39ecf3729bcdfabc1c6e77899a18ede9a,76812d7a9ba8c6e6660e1acbf15817ff0725664d7fcf69b0fb0a84e133529f06,42,6
336.0,train,datasets\splits\main_benchmark_system_split.json,83b354d7aa91c0f94044f461d489d9a39ecf3729bcdfabc1c6e77899a18ede9a,76812d7a9ba8c6e6660e1acbf15817ff0725664d7fcf69b0fb0a84e133529f06,42,6
338.0,train,datasets\splits\main_benchmark_system_split.json,83b354d7aa91c0f94044f461d489d9a39ecf3729bcdfabc1c6e77899a18ede9a,76812d7a9ba8c6e6660e1acbf15817ff0725664d7fcf69b0fb0a84e133529f06,42,6
340.0,train,datasets\splits\main_benchmark_system_split.json,83b354d7aa91c0f94044f461d489d9a39ecf3729bcdfabc1c6e77899a18ede9a,76812d7a9ba8c6e6660e1acbf15817ff0725664d7fcf69b0fb0a84e133529f06,42,6
341.0,train,datasets\splits\main_benchmark_system_split.json,83b354d7aa91c0f94044f461d489d9a39ecf3729bcdfabc1c6e77899a18ede9a,76812d7a9ba8c6e6660e1acbf15817ff0725664d7fcf69b0fb0a84e133529f06,42,6
342.0,train,datasets\splits\main_benchmark_system_split.json,83b354d7aa91c0f94044f461d489d9a39ecf3729bcdfabc1c6e77899a18ede9a,76812d7a9ba8c6e6660e1acbf15817ff0725664d7fcf69b0fb0a84e133529f06,42,6
343.0,train,datasets\splits\main_benchmark_system_split.json,83b354d7aa91c0f94044f461d489d9a39ecf3729bcdfabc1c6e77899a18ede9a,76812d7a9ba8c6e6660e1acbf15817ff0725664d7fcf69b0fb0a84e133529f06,42,6
346.0,train,datasets\splits\main_benchmark_system_split.json,83b354d7aa91c0f94044f461d489d9a39ecf3729bcdfabc1c6e77899a18ede9a,76812d7a9ba8c6e6660e1acbf15817ff0725664d7fcf69b0fb0a84e133529f06,42,6
347.0,train,datasets\splits\main_benchmark_system_split.json,83b354d7aa91c0f94044f461d489d9a39ecf3729bcdfabc1c6e77899a18ede9a,76812d7a9ba8c6e6660e1acbf15817ff0725664d7fcf69b0fb0a84e133529f06,42,6
348.0,train,datasets\splits\main_benchmark_system_split.json,83b354d7aa91c0f94044f461d489d9a39ecf3729bcdfabc1c6e77899a18ede9a,76812d7a9ba8c6e6660e1acbf15817ff0725664d7fcf69b0fb0a84e133529f06,42,6
349.0,train,datasets\splits\main_benchmark_system_split.json,83b354d7aa91c0f94044f461d489d9a39ecf3729bcdfabc1c6e77899a18ede9a,76812d7a9ba8c6e6660e1acbf15817ff0725664d7fcf69b0fb0a84e133529f06,42,6
350.0,train,datasets\splits\main_benchmark_system_split.json,83b354d7aa91c0f94044f461d489d9a39ecf3729bcdfabc1c6e77899a18ede9a,76812d7a9ba8c6e6660e1acbf15817ff0725664d7fcf69b0fb0a84e133529f06,42,6
351.0,train,datasets\splits\main_benchmark_system_split.json,83b354d7aa91c0f94044f461d489d9a39ecf3729bcdfabc1c6e77899a18ede9a,76812d7a9ba8c6e6660e1acbf15817ff0725664d7fcf69b0fb0a84e133529f06,42,6
352.0,train,datasets\splits\main_benchmark_system_split.json,83b354d7aa91c0f94044f461d489d9a39ecf3729bcdfabc1c6e77899a18ede9a,76812d7a9ba8c6e6660e1acbf15817ff0725664d7fcf69b0fb0a84e133529f06,42,6
353.0,train,datasets\splits\main_benchmark_system_split.json,83b354d7aa91c0f94044f461d489d9a39ecf3729bcdfabc1c6e77899a18ede9a,76812d7a9ba8c6e6660e1acbf15817ff0725664d7fcf69b0fb0a84e133529f06,42,6
354.0,train,datasets\splits\main_benchmark_system_split.json,83b354d7aa91c0f94044f461d489d9a39ecf3729bcdfabc1c6e77899a18ede9a,76812d7a9ba8c6e6660e1acbf15817ff0725664d7fcf69b0fb0a84e133529f06,42,6
355.0,train,datasets\splits\main_benchmark_system_split.json,83b354d7aa91c0f94044f461d489d9a39ecf3729bcdfabc1c6e77899a18ede9a,76812d7a9ba8c6e6660e1acbf15817ff0725664d7fcf69b0fb0a84e133529f06,42,6
356.0,train,datasets\splits\main_benchmark_system_split.json,83b354d7aa91c0f94044f461d489d9a39ecf3729bcdfabc1c6e77899a18ede9a,76812d7a9ba8c6e6660e1acbf15817ff0725664d7fcf69b0fb0a84e133529f06,42,6
357.0,train,datasets\splits\main_benchmark_system_split.json,83b354d7aa91c0f94044f461d489d9a39ecf3729bcdfabc1c6e77899a18ede9a,76812d7a9ba8c6e6660e1acbf15817ff0725664d7fcf69b0fb0a84e133529f06,42,6
362.0,train,datasets\splits\main_benchmark_system_split.json,83b354d7aa91c0f94044f461d489d9a39ecf3729bcdfabc1c6e77899a18ede9a,76812d7a9ba8c6e6660e1acbf15817ff0725664d7fcf69b0fb0a84e133529f06,42,6
363.0,train,datasets\splits\main_benchmark_system_split.json,83b354d7aa91c0f94044f461d489d9a39ecf3729bcdfabc1c6e77899a18ede9a,76812d7a9ba8c6e6660e1acbf15817ff0725664d7fcf69b0fb0a84e133529f06,42,6
365.0,train,datasets\splits\main_benchmark_system_split.json,83b354d7aa91c0f94044f461d489d9a39ecf3729bcdfabc1c6e77899a18ede9a,76812d7a9ba8c6e6660e1acbf15817ff0725664d7fcf69b0fb0a84e133529f06,42,6
366.0,train,datasets\splits\main_benchmark_system_split.json,83b354d7aa91c0f94044f461d489d9a39ecf3729bcdfabc1c6e77899a18ede9a,76812d7a9ba8c6e6660e1acbf15817ff0725664d7fcf69b0fb0a84e133529f06,42,6
368.0,train,datasets\splits\main_benchmark_system_split.json,83b354d7aa91c0f94044f461d489d9a39ecf3729bcdfabc1c6e77899a18ede9a,76812d7a9ba8c6e6660e1acbf15817ff0725664d7fcf69b0fb0a84e133529f06,42,6
369.0,train,datasets\splits\main_benchmark_system_split.json,83b354d7aa91c0f94044f461d489d9a39ecf3729bcdfabc1c6e77899a18ede9a,76812d7a9ba8c6e6660e1acbf15817ff0725664d7fcf69b0fb0a84e133529f06,42,6
370.0,train,datasets\splits\main_benchmark_system_split.json,83b354d7aa91c0f94044f461d489d9a39ecf3729bcdfabc1c6e77899a18ede9a,76812d7a9ba8c6e6660e1acbf15817ff0725664d7fcf69b0fb0a84e133529f06,42,6
371.0,train,datasets\splits\main_benchmark_system_split.json,83b354d7aa91c0f94044f461d489d9a39ecf3729bcdfabc1c6e77899a18ede9a,76812d7a9ba8c6e6660e1acbf15817ff0725664d7fcf69b0fb0a84e133529f06,42,6
372.0,train,datasets\splits\main_benchmark_system_split.json,83b354d7aa91c0f94044f461d489d9a39ecf3729bcdfabc1c6e77899a18ede9a,76812d7a9ba8c6e6660e1acbf15817ff0725664d7fcf69b0fb0a84e133529f06,42,6
373.0,train,datasets\splits\main_benchmark_system_split.json,83b354d7aa91c0f94044f461d489d9a39ecf3729bcdfabc1c6e77899a18ede9a,76812d7a9ba8c6e6660e1acbf15817ff0725664d7fcf69b0fb0a84e133529f06,42,6
375.0,train,datasets\splits\main_benchmark_system_split.json,83b354d7aa91c0f94044f461d489d9a39ecf3729bcdfabc1c6e77899a18ede9a,76812d7a9ba8c6e6660e1acbf15817ff0725664d7fcf69b0fb0a84e133529f06,42,6
376.0,train,datasets\splits\main_benchmark_system_split.json,83b354d7aa91c0f94044f461d489d9a39ecf3729bcdfabc1c6e77899a18ede9a,76812d7a9ba8c6e6660e1acbf15817ff0725664d7fcf69b0fb0a84e133529f06,42,6
377.0,train,datasets\splits\main_benchmark_system_split.json,83b354d7aa91c0f94044f461d489d9a39ecf3729bcdfabc1c6e77899a18ede9a,76812d7a9ba8c6e6660e1acbf15817ff0725664d7fcf69b0fb0a84e133529f06,42,6
378.0,train,datasets\splits\main_benchmark_system_split.json,83b354d7aa91c0f94044f461d489d9a39ecf3729bcdfabc1c6e77899a18ede9a,76812d7a9ba8c6e6660e1acbf15817ff0725664d7fcf69b0fb0a84e133529f06,42,6
379.0,train,datasets\splits\main_benchmark_system_split.json,83b354d7aa91c0f94044f461d489d9a39ecf3729bcdfabc1c6e77899a18ede9a,76812d7a9ba8c6e6660e1acbf15817ff0725664d7fcf69b0fb0a84e133529f06,42,6
381.0,train,datasets\splits\main_benchmark_system_split.json,83b354d7aa91c0f94044f461d489d9a39ecf3729bcdfabc1c6e77899a18ede9a,76812d7a9ba8c6e6660e1acbf15817ff0725664d7fcf69b0fb0a84e133529f06,42,6
382.0,train,datasets\splits\main_benchmark_system_split.json,83b354d7aa91c0f94044f461d489d9a39ecf3729bcdfabc1c6e77899a18ede9a,76812d7a9ba8c6e6660e1acbf15817ff0725664d7fcf69b0fb0a84e133529f06,42,6
383.0,train,datasets\splits\main_benchmark_system_split.json,83b354d7aa91c0f94044f461d489d9a39ecf3729bcdfabc1c6e77899a18ede9a,76812d7a9ba8c6e6660e1acbf15817ff0725664d7fcf69b0fb0a84e133529f06,42,6
384.0,train,datasets\splits\main_benchmark_system_split.json,83b354d7aa91c0f94044f461d489d9a39ecf3729bcdfabc1c6e77899a18ede9a,76812d7a9ba8c6e6660e1acbf15817ff0725664d7fcf69b0fb0a84e133529f06,42,6
386.0,train,datasets\splits\main_benchmark_system_split.json,83b354d7aa91c0f94044f461d489d9a39ecf3729bcdfabc1c6e77899a18ede9a,76812d7a9ba8c6e6660e1acbf15817ff0725664d7fcf69b0fb0a84e133529f06,42,6
389.0,train,datasets\splits\main_benchmark_system_split.json,83b354d7aa91c0f94044f461d489d9a39ecf3729bcdfabc1c6e77899a18ede9a,76812d7a9ba8c6e6660e1acbf15817ff0725664d7fcf69b0fb0a84e133529f06,42,6
390.0,train,datasets\splits\main_benchmark_system_split.json,83b354d7aa91c0f94044f461d489d9a39ecf3729bcdfabc1c6e77899a18ede9a,76812d7a9ba8c6e6660e1acbf15817ff0725664d7fcf69b0fb0a84e133529f06,42,6
391.0,train,datasets\splits\main_benchmark_system_split.json,83b354d7aa91c0f94044f461d489d9a39ecf3729bcdfabc1c6e77899a18ede9a,76812d7a9ba8c6e6660e1acbf15817ff0725664d7fcf69b0fb0a84e133529f06,42,6
392.0,train,datasets\splits\main_benchmark_system_split.json,83b354d7aa91c0f94044f461d489d9a39ecf3729bcdfabc1c6e77899a18ede9a,76812d7a9ba8c6e6660e1acbf15817ff0725664d7fcf69b0fb0a84e133529f06,42,6
394.0,train,datasets\splits\main_benchmark_system_split.json,83b354d7aa91c0f94044f461d489d9a39ecf3729bcdfabc1c6e77899a18ede9a,76812d7a9ba8c6e6660e1acbf15817ff0725664d7fcf69b0fb0a84e133529f06,42,6
395.0,train,datasets\splits\main_benchmark_system_split.json,83b354d7aa91c0f94044f461d489d9a39ecf3729bcdfabc1c6e77899a18ede9a,76812d7a9ba8c6e6660e1acbf15817ff0725664d7fcf69b0fb0a84e133529f06,42,6
396.0,train,datasets\splits\main_benchmark_system_split.json,83b354d7aa91c0f94044f461d489d9a39ecf3729bcdfabc1c6e77899a18ede9a,76812d7a9ba8c6e6660e1acbf15817ff0725664d7fcf69b0fb0a84e133529f06,42,6
397.0,train,datasets\splits\main_benchmark_system_split.json,83b354d7aa91c0f94044f461d489d9a39ecf3729bcdfabc1c6e77899a18ede9a,76812d7a9ba8c6e6660e1acbf15817ff0725664d7fcf69b0fb0a84e133529f06,42,6
398.0,train,datasets\splits\main_benchmark_system_split.json,83b354d7aa91c0f94044f461d489d9a39ecf3729bcdfabc1c6e77899a18ede9a,76812d7a9ba8c6e6660e1acbf15817ff0725664d7fcf69b0fb0a84e133529f06,42,6
399.0,train,datasets\splits\main_benchmark_system_split.json,83b354d7aa91c0f94044f461d489d9a39ecf3729bcdfabc1c6e77899a18ede9a,76812d7a9ba8c6e6660e1acbf15817ff0725664d7fcf69b0fb0a84e133529f06,42,6
400.0,train,datasets\splits\main_benchmark_system_split.json,83b354d7aa91c0f94044f461d489d9a39ecf3729bcdfabc1c6e77899a18ede9a,76812d7a9ba8c6e6660e1acbf15817ff0725664d7fcf69b0fb0a84e133529f06,42,6
401.0,train,datasets\splits\main_benchmark_system_split.json,83b354d7aa91c0f94044f461d489d9a39ecf3729bcdfabc1c6e77899a18ede9a,76812d7a9ba8c6e6660e1acbf15817ff0725664d7fcf69b0fb0a84e133529f06,42,6
402.0,train,datasets\splits\main_benchmark_system_split.json,83b354d7aa91c0f94044f461d489d9a39ecf3729bcdfabc1c6e77899a18ede9a,76812d7a9ba8c6e6660e1acbf15817ff0725664d7fcf69b0fb0a84e133529f06,42,6
403.0,train,datasets\splits\main_benchmark_system_split.json,83b354d7aa91c0f94044f461d489d9a39ecf3729bcdfabc1c6e77899a18ede9a,76812d7a9ba8c6e6660e1acbf15817ff0725664d7fcf69b0fb0a84e133529f06,42,6
405.0,train,datasets\splits\main_benchmark_system_split.json,83b354d7aa91c0f94044f461d489d9a39ecf3729bcdfabc1c6e77899a18ede9a,76812d7a9ba8c6e6660e1acbf15817ff0725664d7fcf69b0fb0a84e133529f06,42,6
406.0,train,datasets\splits\main_benchmark_system_split.json,83b354d7aa91c0f94044f461d489d9a39ecf3729bcdfabc1c6e77899a18ede9a,76812d7a9ba8c6e6660e1acbf15817ff0725664d7fcf69b0fb0a84e133529f06,42,6
408.0,train,datasets\splits\main_benchmark_system_split.json,83b354d7aa91c0f94044f461d489d9a39ecf3729bcdfabc1c6e77899a18ede9a,76812d7a9ba8c6e6660e1acbf15817ff0725664d7fcf69b0fb0a84e133529f06,42,6
410.0,train,datasets\splits\main_benchmark_system_split.json,83b354d7aa91c0f94044f461d489d9a39ecf3729bcdfabc1c6e77899a18ede9a,76812d7a9ba8c6e6660e1acbf15817ff0725664d7fcf69b0fb0a84e133529f06,42,6
411.0,train,datasets\splits\main_benchmark_system_split.json,83b354d7aa91c0f94044f461d489d9a39ecf3729bcdfabc1c6e77899a18ede9a,76812d7a9ba8c6e6660e1acbf15817ff0725664d7fcf69b0fb0a84e133529f06,42,6
412.0,train,datasets\splits\main_benchmark_system_split.json,83b354d7aa91c0f94044f461d489d9a39ecf3729bcdfabc1c6e77899a18ede9a,76812d7a9ba8c6e6660e1acbf15817ff0725664d7fcf69b0fb0a84e133529f06,42,6
413.0,train,datasets\splits\main_benchmark_system_split.json,83b354d7aa91c0f94044f461d489d9a39ecf3729bcdfabc1c6e77899a18ede9a,76812d7a9ba8c6e6660e1acbf15817ff0725664d7fcf69b0fb0a84e133529f06,42,6
414.0,train,datasets\splits\main_benchmark_system_split.json,83b354d7aa91c0f94044f461d489d9a39ecf3729bcdfabc1c6e77899a18ede9a,76812d7a9ba8c6e6660e1acbf15817ff0725664d7fcf69b0fb0a84e133529f06,42,6
416.0,train,datasets\splits\main_benchmark_system_split.json,83b354d7aa91c0f94044f461d489d9a39ecf3729bcdfabc1c6e77899a18ede9a,76812d7a9ba8c6e6660e1acbf15817ff0725664d7fcf69b0fb0a84e133529f06,42,6
417.0,train,datasets\splits\main_benchmark_system_split.json,83b354d7aa91c0f94044f461d489d9a39ecf3729bcdfabc1c6e77899a18ede9a,76812d7a9ba8c6e6660e1acbf15817ff0725664d7fcf69b0fb0a84e133529f06,42,6
418.0,train,datasets\splits\main_benchmark_system_split.json,83b354d7aa91c0f94044f461d489d9a39ecf3729bcdfabc1c6e77899a18ede9a,76812d7a9ba8c6e6660e1acbf15817ff0725664d7fcf69b0fb0a84e133529f06,42,6
420.0,train,datasets\splits\main_benchmark_system_split.json,83b354d7aa91c0f94044f461d489d9a39ecf3729bcdfabc1c6e77899a18ede9a,76812d7a9ba8c6e6660e1acbf15817ff0725664d7fcf69b0fb0a84e133529f06,42,6
422.0,train,datasets\splits\main_benchmark_system_split.json,83b354d7aa91c0f94044f461d489d9a39ecf3729bcdfabc1c6e77899a18ede9a,76812d7a9ba8c6e6660e1acbf15817ff0725664d7fcf69b0fb0a84e133529f06,42,6
424.0,train,datasets\splits\main_benchmark_system_split.json,83b354d7aa91c0f94044f461d489d9a39ecf3729bcdfabc1c6e77899a18ede9a,76812d7a9ba8c6e6660e1acbf15817ff0725664d7fcf69b0fb0a84e133529f06,42,6
425.0,train,datasets\splits\main_benchmark_system_split.json,83b354d7aa91c0f94044f461d489d9a39ecf3729bcdfabc1c6e77899a18ede9a,76812d7a9ba8c6e6660e1acbf15817ff0725664d7fcf69b0fb0a84e133529f06,42,6
426.0,train,datasets\splits\main_benchmark_system_split.json,83b354d7aa91c0f94044f461d489d9a39ecf3729bcdfabc1c6e77899a18ede9a,76812d7a9ba8c6e6660e1acbf15817ff0725664d7fcf69b0fb0a84e133529f06,42,6
427.0,train,datasets\splits\main_benchmark_system_split.json,83b354d7aa91c0f94044f461d489d9a39ecf3729bcdfabc1c6e77899a18ede9a,76812d7a9ba8c6e6660e1acbf15817ff0725664d7fcf69b0fb0a84e133529f06,42,6
428.0,train,datasets\splits\main_benchmark_system_split.json,83b354d7aa91c0f94044f461d489d9a39ecf3729bcdfabc1c6e77899a18ede9a,76812d7a9ba8c6e6660e1acbf15817ff0725664d7fcf69b0fb0a84e133529f06,42,6
429.0,train,datasets\splits\main_benchmark_system_split.json,83b354d7aa91c0f94044f461d489d9a39ecf3729bcdfabc1c6e77899a18ede9a,76812d7a9ba8c6e6660e1acbf15817ff0725664d7fcf69b0fb0a84e133529f06,42,6
430.0,train,datasets\splits\main_benchmark_system_split.json,83b354d7aa91c0f94044f461d489d9a39ecf3729bcdfabc1c6e77899a18ede9a,76812d7a9ba8c6e6660e1acbf15817ff0725664d7fcf69b0fb0a84e133529f06,42,6
431.0,train,datasets\splits\main_benchmark_system_split.json,83b354d7aa91c0f94044f461d489d9a39ecf3729bcdfabc1c6e77899a18ede9a,76812d7a9ba8c6e6660e1acbf15817ff0725664d7fcf69b0fb0a84e133529f06,42,6
432.0,train,datasets\splits\main_benchmark_system_split.json,83b354d7aa91c0f94044f461d489d9a39ecf3729bcdfabc1c6e77899a18ede9a,76812d7a9ba8c6e6660e1acbf15817ff0725664d7fcf69b0fb0a84e133529f06,42,6
433.0,train,datasets\splits\main_benchmark_system_split.json,83b354d7aa91c0f94044f461d489d9a39ecf3729bcdfabc1c6e77899a18ede9a,76812d7a9ba8c6e6660e1acbf15817ff0725664d7fcf69b0fb0a84e133529f06,42,6
434.0,train,datasets\splits\main_benchmark_system_split.json,83b354d7aa91c0f94044f461d489d9a39ecf3729bcdfabc1c6e77899a18ede9a,76812d7a9ba8c6e6660e1acbf15817ff0725664d7fcf69b0fb0a84e133529f06,42,6
435.0,train,datasets\splits\main_benchmark_system_split.json,83b354d7aa91c0f94044f461d489d9a39ecf3729bcdfabc1c6e77899a18ede9a,76812d7a9ba8c6e6660e1acbf15817ff0725664d7fcf69b0fb0a84e133529f06,42,6
436.0,train,datasets\splits\main_benchmark_system_split.json,83b354d7aa91c0f94044f461d489d9a39ecf3729bcdfabc1c6e77899a18ede9a,76812d7a9ba8c6e6660e1acbf15817ff0725664d7fcf69b0fb0a84e133529f06,42,6
437.0,train,datasets\splits\main_benchmark_system_split.json,83b354d7aa91c0f94044f461d489d9a39ecf3729bcdfabc1c6e77899a18ede9a,76812d7a9ba8c6e6660e1acbf15817ff0725664d7fcf69b0fb0a84e133529f06,42,6
438.0,train,datasets\splits\main_benchmark_system_split.json,83b354d7aa91c0f94044f461d489d9a39ecf3729bcdfabc1c6e77899a18ede9a,76812d7a9ba8c6e6660e1acbf15817ff0725664d7fcf69b0fb0a84e133529f06,42,6
439.0,train,datasets\splits\main_benchmark_system_split.json,83b354d7aa91c0f94044f461d489d9a39ecf3729bcdfabc1c6e77899a18ede9a,76812d7a9ba8c6e6660e1acbf15817ff0725664d7fcf69b0fb0a84e133529f06,42,6
440.0,train,datasets\splits\main_benchmark_system_split.json,83b354d7aa91c0f94044f461d489d9a39ecf3729bcdfabc1c6e77899a18ede9a,76812d7a9ba8c6e6660e1acbf15817ff0725664d7fcf69b0fb0a84e133529f06,42,6
441.0,train,datasets\splits\main_benchmark_system_split.json,83b354d7aa91c0f94044f461d489d9a39ecf3729bcdfabc1c6e77899a18ede9a,76812d7a9ba8c6e6660e1acbf15817ff0725664d7fcf69b0fb0a84e133529f06,42,6
442.0,train,datasets\splits\main_benchmark_system_split.json,83b354d7aa91c0f94044f461d489d9a39ecf3729bcdfabc1c6e77899a18ede9a,76812d7a9ba8c6e6660e1acbf15817ff0725664d7fcf69b0fb0a84e133529f06,42,6
444.0,train,datasets\splits\main_benchmark_system_split.json,83b354d7aa91c0f94044f461d489d9a39ecf3729bcdfabc1c6e77899a18ede9a,76812d7a9ba8c6e6660e1acbf15817ff0725664d7fcf69b0fb0a84e133529f06,42,6
445.0,train,datasets\splits\main_benchmark_system_split.json,83b354d7aa91c0f94044f461d489d9a39ecf3729bcdfabc1c6e77899a18ede9a,76812d7a9ba8c6e6660e1acbf15817ff0725664d7fcf69b0fb0a84e133529f06,42,6
446.0,train,datasets\splits\main_benchmark_system_split.json,83b354d7aa91c0f94044f461d489d9a39ecf3729bcdfabc1c6e77899a18ede9a,76812d7a9ba8c6e6660e1acbf15817ff0725664d7fcf69b0fb0a84e133529f06,42,6
447.0,train,datasets\splits\main_benchmark_system_split.json,83b354d7aa91c0f94044f461d489d9a39ecf3729bcdfabc1c6e77899a18ede9a,76812d7a9ba8c6e6660e1acbf15817ff0725664d7fcf69b0fb0a84e133529f06,42,6
448.0,train,datasets\splits\main_benchmark_system_split.json,83b354d7aa91c0f94044f461d489d9a39ecf3729bcdfabc1c6e77899a18ede9a,76812d7a9ba8c6e6660e1acbf15817ff0725664d7fcf69b0fb0a84e133529f06,42,6
451.0,train,datasets\splits\main_benchmark_system_split.json,83b354d7aa91c0f94044f461d489d9a39ecf3729bcdfabc1c6e77899a18ede9a,76812d7a9ba8c6e6660e1acbf15817ff0725664d7fcf69b0fb0a84e133529f06,42,6
452.0,train,datasets\splits\main_benchmark_system_split.json,83b354d7aa91c0f94044f461d489d9a39ecf3729bcdfabc1c6e77899a18ede9a,76812d7a9ba8c6e6660e1acbf15817ff0725664d7fcf69b0fb0a84e133529f06,42,6
453.0,train,datasets\splits\main_benchmark_system_split.json,83b354d7aa91c0f94044f461d489d9a39ecf3729bcdfabc1c6e77899a18ede9a,76812d7a9ba8c6e6660e1acbf15817ff0725664d7fcf69b0fb0a84e133529f06,42,6
454.0,train,datasets\splits\main_benchmark_system_split.json,83b354d7aa91c0f94044f461d489d9a39ecf3729bcdfabc1c6e77899a18ede9a,76812d7a9ba8c6e6660e1acbf15817ff0725664d7fcf69b0fb0a84e133529f06,42,6
455.0,train,datasets\splits\main_benchmark_system_split.json,83b354d7aa91c0f94044f461d489d9a39ecf3729bcdfabc1c6e77899a18ede9a,76812d7a9ba8c6e6660e1acbf15817ff0725664d7fcf69b0fb0a84e133529f06,42,6
456.0,train,datasets\splits\main_benchmark_system_split.json,83b354d7aa91c0f94044f461d489d9a39ecf3729bcdfabc1c6e77899a18ede9a,76812d7a9ba8c6e6660e1acbf15817ff0725664d7fcf69b0fb0a84e133529f06,42,6
457.0,train,datasets\splits\main_benchmark_system_split.json,83b354d7aa91c0f94044f461d489d9a39ecf3729bcdfabc1c6e77899a18ede9a,76812d7a9ba8c6e6660e1acbf15817ff0725664d7fcf69b0fb0a84e133529f06,42,6
459.0,train,datasets\splits\main_benchmark_system_split.json,83b354d7aa91c0f94044f461d489d9a39ecf3729bcdfabc1c6e77899a18ede9a,76812d7a9ba8c6e6660e1acbf15817ff0725664d7fcf69b0fb0a84e133529f06,42,6
460.0,train,datasets\splits\main_benchmark_system_split.json,83b354d7aa91c0f94044f461d489d9a39ecf3729bcdfabc1c6e77899a18ede9a,76812d7a9ba8c6e6660e1acbf15817ff0725664d7fcf69b0fb0a84e133529f06,42,6
461.0,train,datasets\splits\main_benchmark_system_split.json,83b354d7aa91c0f94044f461d489d9a39ecf3729bcdfabc1c6e77899a18ede9a,76812d7a9ba8c6e6660e1acbf15817ff0725664d7fcf69b0fb0a84e133529f06,42,6
473.0,train,datasets\splits\main_benchmark_system_split.json,83b354d7aa91c0f94044f461d489d9a39ecf3729bcdfabc1c6e77899a18ede9a,76812d7a9ba8c6e6660e1acbf15817ff0725664d7fcf69b0fb0a84e133529f06,42,6
474.0,train,datasets\splits\main_benchmark_system_split.json,83b354d7aa91c0f94044f461d489d9a39ecf3729bcdfabc1c6e77899a18ede9a,76812d7a9ba8c6e6660e1acbf15817ff0725664d7fcf69b0fb0a84e133529f06,42,6
476.0,train,datasets\splits\main_benchmark_system_split.json,83b354d7aa91c0f94044f461d489d9a39ecf3729bcdfabc1c6e77899a18ede9a,76812d7a9ba8c6e6660e1acbf15817ff0725664d7fcf69b0fb0a84e133529f06,42,6
478.0,train,datasets\splits\main_benchmark_system_split.json,83b354d7aa91c0f94044f461d489d9a39ecf3729bcdfabc1c6e77899a18ede9a,76812d7a9ba8c6e6660e1acbf15817ff0725664d7fcf69b0fb0a84e133529f06,42,6
480.0,train,datasets\splits\main_benchmark_system_split.json,83b354d7aa91c0f94044f461d489d9a39ecf3729bcdfabc1c6e77899a18ede9a,76812d7a9ba8c6e6660e1acbf15817ff0725664d7fcf69b0fb0a84e133529f06,42,6
481.0,train,datasets\splits\main_benchmark_system_split.json,83b354d7aa91c0f94044f461d489d9a39ecf3729bcdfabc1c6e77899a18ede9a,76812d7a9ba8c6e6660e1acbf15817ff0725664d7fcf69b0fb0a84e133529f06,42,6
483.0,train,datasets\splits\main_benchmark_system_split.json,83b354d7aa91c0f94044f461d489d9a39ecf3729bcdfabc1c6e77899a18ede9a,76812d7a9ba8c6e6660e1acbf15817ff0725664d7fcf69b0fb0a84e133529f06,42,6
484.0,train,datasets\splits\main_benchmark_system_split.json,83b354d7aa91c0f94044f461d489d9a39ecf3729bcdfabc1c6e77899a18ede9a,76812d7a9ba8c6e6660e1acbf15817ff0725664d7fcf69b0fb0a84e133529f06,42,6
485.0,train,datasets\splits\main_benchmark_system_split.json,83b354d7aa91c0f94044f461d489d9a39ecf3729bcdfabc1c6e77899a18ede9a,76812d7a9ba8c6e6660e1acbf15817ff0725664d7fcf69b0fb0a84e133529f06,42,6
486.0,train,datasets\splits\main_benchmark_system_split.json,83b354d7aa91c0f94044f461d489d9a39ecf3729bcdfabc1c6e77899a18ede9a,76812d7a9ba8c6e6660e1acbf15817ff0725664d7fcf69b0fb0a84e133529f06,42,6
487.0,train,datasets\splits\main_benchmark_system_split.json,83b354d7aa91c0f94044f461d489d9a39ecf3729bcdfabc1c6e77899a18ede9a,76812d7a9ba8c6e6660e1acbf15817ff0725664d7fcf69b0fb0a84e133529f06,42,6
488.0,train,datasets\splits\main_benchmark_system_split.json,83b354d7aa91c0f94044f461d489d9a39ecf3729bcdfabc1c6e77899a18ede9a,76812d7a9ba8c6e6660e1acbf15817ff0725664d7fcf69b0fb0a84e133529f06,42,6
489.0,train,datasets\splits\main_benchmark_system_split.json,83b354d7aa91c0f94044f461d489d9a39ecf3729bcdfabc1c6e77899a18ede9a,76812d7a9ba8c6e6660e1acbf15817ff0725664d7fcf69b0fb0a84e133529f06,42,6
490.0,train,datasets\splits\main_benchmark_system_split.json,83b354d7aa91c0f94044f461d489d9a39ecf3729bcdfabc1c6e77899a18ede9a,76812d7a9ba8c6e6660e1acbf15817ff0725664d7fcf69b0fb0a84e133529f06,42,6
491.0,train,datasets\splits\main_benchmark_system_split.json,83b354d7aa91c0f94044f461d489d9a39ecf3729bcdfabc1c6e77899a18ede9a,76812d7a9ba8c6e6660e1acbf15817ff0725664d7fcf69b0fb0a84e133529f06,42,6
493.0,train,datasets\splits\main_benchmark_system_split.json,83b354d7aa91c0f94044f461d489d9a39ecf3729bcdfabc1c6e77899a18ede9a,76812d7a9ba8c6e6660e1acbf15817ff0725664d7fcf69b0fb0a84e133529f06,42,6
494.0,train,datasets\splits\main_benchmark_system_split.json,83b354d7aa91c0f94044f461d489d9a39ecf3729bcdfabc1c6e77899a18ede9a,76812d7a9ba8c6e6660e1acbf15817ff0725664d7fcf69b0fb0a84e133529f06,42,6
495.0,train,datasets\splits\main_benchmark_system_split.json,83b354d7aa91c0f94044f461d489d9a39ecf3729bcdfabc1c6e77899a18ede9a,76812d7a9ba8c6e6660e1acbf15817ff0725664d7fcf69b0fb0a84e133529f06,42,6
496.0,train,datasets\splits\main_benchmark_system_split.json,83b354d7aa91c0f94044f461d489d9a39ecf3729bcdfabc1c6e77899a18ede9a,76812d7a9ba8c6e6660e1acbf15817ff0725664d7fcf69b0fb0a84e133529f06,42,6
497.0,train,datasets\splits\main_benchmark_system_split.json,83b354d7aa91c0f94044f461d489d9a39ecf3729bcdfabc1c6e77899a18ede9a,76812d7a9ba8c6e6660e1acbf15817ff0725664d7fcf69b0fb0a84e133529f06,42,6
499.0,train,datasets\splits\main_benchmark_system_split.json,83b354d7aa91c0f94044f461d489d9a39ecf3729bcdfabc1c6e77899a18ede9a,76812d7a9ba8c6e6660e1acbf15817ff0725664d7fcf69b0fb0a84e133529f06,42,6
501.0,train,datasets\splits\main_benchmark_system_split.json,83b354d7aa91c0f94044f461d489d9a39ecf3729bcdfabc1c6e77899a18ede9a,76812d7a9ba8c6e6660e1acbf15817ff0725664d7fcf69b0fb0a84e133529f06,42,6
502.0,train,datasets\splits\main_benchmark_system_split.json,83b354d7aa91c0f94044f461d489d9a39ecf3729bcdfabc1c6e77899a18ede9a,76812d7a9ba8c6e6660e1acbf15817ff0725664d7fcf69b0fb0a84e133529f06,42,6
503.0,train,datasets\splits\main_benchmark_system_split.json,83b354d7aa91c0f94044f461d489d9a39ecf3729bcdfabc1c6e77899a18ede9a,76812d7a9ba8c6e6660e1acbf15817ff0725664d7fcf69b0fb0a84e133529f06,42,6
504.0,train,datasets\splits\main_benchmark_system_split.json,83b354d7aa91c0f94044f461d489d9a39ecf3729bcdfabc1c6e77899a18ede9a,76812d7a9ba8c6e6660e1acbf15817ff0725664d7fcf69b0fb0a84e133529f06,42,6
505.0,train,datasets\splits\main_benchmark_system_split.json,83b354d7aa91c0f94044f461d489d9a39ecf3729bcdfabc1c6e77899a18ede9a,76812d7a9ba8c6e6660e1acbf15817ff0725664d7fcf69b0fb0a84e133529f06,42,6
507.0,train,datasets\splits\main_benchmark_system_split.json,83b354d7aa91c0f94044f461d489d9a39ecf3729bcdfabc1c6e77899a18ede9a,76812d7a9ba8c6e6660e1acbf15817ff0725664d7fcf69b0fb0a84e133529f06,42,6
508.0,train,datasets\splits\main_benchmark_system_split.json,83b354d7aa91c0f94044f461d489d9a39ecf3729bcdfabc1c6e77899a18ede9a,76812d7a9ba8c6e6660e1acbf15817ff0725664d7fcf69b0fb0a84e133529f06,42,6
509.0,train,datasets\splits\main_benchmark_system_split.json,83b354d7aa91c0f94044f461d489d9a39ecf3729bcdfabc1c6e77899a18ede9a,76812d7a9ba8c6e6660e1acbf15817ff0725664d7fcf69b0fb0a84e133529f06,42,6
510.0,train,datasets\splits\main_benchmark_system_split.json,83b354d7aa91c0f94044f461d489d9a39ecf3729bcdfabc1c6e77899a18ede9a,76812d7a9ba8c6e6660e1acbf15817ff0725664d7fcf69b0fb0a84e133529f06,42,6
511.0,train,datasets\splits\main_benchmark_system_split.json,83b354d7aa91c0f94044f461d489d9a39ecf3729bcdfabc1c6e77899a18ede9a,76812d7a9ba8c6e6660e1acbf15817ff0725664d7fcf69b0fb0a84e133529f06,42,6
512.0,train,datasets\splits\main_benchmark_system_split.json,83b354d7aa91c0f94044f461d489d9a39ecf3729bcdfabc1c6e77899a18ede9a,76812d7a9ba8c6e6660e1acbf15817ff0725664d7fcf69b0fb0a84e133529f06,42,6
513.0,train,datasets\splits\main_benchmark_system_split.json,83b354d7aa91c0f94044f461d489d9a39ecf3729bcdfabc1c6e77899a18ede9a,76812d7a9ba8c6e6660e1acbf15817ff0725664d7fcf69b0fb0a84e133529f06,42,6
519.0,train,datasets\splits\main_benchmark_system_split.json,83b354d7aa91c0f94044f461d489d9a39ecf3729bcdfabc1c6e77899a18ede9a,76812d7a9ba8c6e6660e1acbf15817ff0725664d7fcf69b0fb0a84e133529f06,42,6
520.0,train,datasets\splits\main_benchmark_system_split.json,83b354d7aa91c0f94044f461d489d9a39ecf3729bcdfabc1c6e77899a18ede9a,76812d7a9ba8c6e6660e1acbf15817ff0725664d7fcf69b0fb0a84e133529f06,42,6
521.0,train,datasets\splits\main_benchmark_system_split.json,83b354d7aa91c0f94044f461d489d9a39ecf3729bcdfabc1c6e77899a18ede9a,76812d7a9ba8c6e6660e1acbf15817ff0725664d7fcf69b0fb0a84e133529f06,42,6
523.0,train,datasets\splits\main_benchmark_system_split.json,83b354d7aa91c0f94044f461d489d9a39ecf3729bcdfabc1c6e77899a18ede9a,76812d7a9ba8c6e6660e1acbf15817ff0725664d7fcf69b0fb0a84e133529f06,42,6
524.0,train,datasets\splits\main_benchmark_system_split.json,83b354d7aa91c0f94044f461d489d9a39ecf3729bcdfabc1c6e77899a18ede9a,76812d7a9ba8c6e6660e1acbf15817ff0725664d7fcf69b0fb0a84e133529f06,42,6
527.0,train,datasets\splits\main_benchmark_system_split.json,83b354d7aa91c0f94044f461d489d9a39ecf3729bcdfabc1c6e77899a18ede9a,76812d7a9ba8c6e6660e1acbf15817ff0725664d7fcf69b0fb0a84e133529f06,42,6
529.0,train,datasets\splits\main_benchmark_system_split.json,83b354d7aa91c0f94044f461d489d9a39ecf3729bcdfabc1c6e77899a18ede9a,76812d7a9ba8c6e6660e1acbf15817ff0725664d7fcf69b0fb0a84e133529f06,42,6
530.0,train,datasets\splits\main_benchmark_system_split.json,83b354d7aa91c0f94044f461d489d9a39ecf3729bcdfabc1c6e77899a18ede9a,76812d7a9ba8c6e6660e1acbf15817ff0725664d7fcf69b0fb0a84e133529f06,42,6
531.0,train,datasets\splits\main_benchmark_system_split.json,83b354d7aa91c0f94044f461d489d9a39ecf3729bcdfabc1c6e77899a18ede9a,76812d7a9ba8c6e6660e1acbf15817ff0725664d7fcf69b0fb0a84e133529f06,42,6
532.0,train,datasets\splits\main_benchmark_system_split.json,83b354d7aa91c0f94044f461d489d9a39ecf3729bcdfabc1c6e77899a18ede9a,76812d7a9ba8c6e6660e1acbf15817ff0725664d7fcf69b0fb0a84e133529f06,42,6
533.0,train,datasets\splits\main_benchmark_system_split.json,83b354d7aa91c0f94044f461d489d9a39ecf3729bcdfabc1c6e77899a18ede9a,76812d7a9ba8c6e6660e1acbf15817ff0725664d7fcf69b0fb0a84e133529f06,42,6
534.0,train,datasets\splits\main_benchmark_system_split.json,83b354d7aa91c0f94044f461d489d9a39ecf3729bcdfabc1c6e77899a18ede9a,76812d7a9ba8c6e6660e1acbf15817ff0725664d7fcf69b0fb0a84e133529f06,42,6
536.0,train,datasets\splits\main_benchmark_system_split.json,83b354d7aa91c0f94044f461d489d9a39ecf3729bcdfabc1c6e77899a18ede9a,76812d7a9ba8c6e6660e1acbf15817ff0725664d7fcf69b0fb0a84e133529f06,42,6
538.0,train,datasets\splits\main_benchmark_system_split.json,83b354d7aa91c0f94044f461d489d9a39ecf3729bcdfabc1c6e77899a18ede9a,76812d7a9ba8c6e6660e1acbf15817ff0725664d7fcf69b0fb0a84e133529f06,42,6
539.0,train,datasets\splits\main_benchmark_system_split.json,83b354d7aa91c0f94044f461d489d9a39ecf3729bcdfabc1c6e77899a18ede9a,76812d7a9ba8c6e6660e1acbf15817ff0725664d7fcf69b0fb0a84e133529f06,42,6
540.0,train,datasets\splits\main_benchmark_system_split.json,83b354d7aa91c0f94044f461d489d9a39ecf3729bcdfabc1c6e77899a18ede9a,76812d7a9ba8c6e6660e1acbf15817ff0725664d7fcf69b0fb0a84e133529f06,42,6
541.0,train,datasets\splits\main_benchmark_system_split.json,83b354d7aa91c0f94044f461d489d9a39ecf3729bcdfabc1c6e77899a18ede9a,76812d7a9ba8c6e6660e1acbf15817ff0725664d7fcf69b0fb0a84e133529f06,42,6
544.0,train,datasets\splits\main_benchmark_system_split.json,83b354d7aa91c0f94044f461d489d9a39ecf3729bcdfabc1c6e77899a18ede9a,76812d7a9ba8c6e6660e1acbf15817ff0725664d7fcf69b0fb0a84e133529f06,42,6
545.0,train,datasets\splits\main_benchmark_system_split.json,83b354d7aa91c0f94044f461d489d9a39ecf3729bcdfabc1c6e77899a18ede9a,76812d7a9ba8c6e6660e1acbf15817ff0725664d7fcf69b0fb0a84e133529f06,42,6
547.0,train,datasets\splits\main_benchmark_system_split.json,83b354d7aa91c0f94044f461d489d9a39ecf3729bcdfabc1c6e77899a18ede9a,76812d7a9ba8c6e6660e1acbf15817ff0725664d7fcf69b0fb0a84e133529f06,42,6
548.0,train,datasets\splits\main_benchmark_system_split.json,83b354d7aa91c0f94044f461d489d9a39ecf3729bcdfabc1c6e77899a18ede9a,76812d7a9ba8c6e6660e1acbf15817ff0725664d7fcf69b0fb0a84e133529f06,42,6
549.0,train,datasets\splits\main_benchmark_system_split.json,83b354d7aa91c0f94044f461d489d9a39ecf3729bcdfabc1c6e77899a18ede9a,76812d7a9ba8c6e6660e1acbf15817ff0725664d7fcf69b0fb0a84e133529f06,42,6
551.0,train,datasets\splits\main_benchmark_system_split.json,83b354d7aa91c0f94044f461d489d9a39ecf3729bcdfabc1c6e77899a18ede9a,76812d7a9ba8c6e6660e1acbf15817ff0725664d7fcf69b0fb0a84e133529f06,42,6
552.0,train,datasets\splits\main_benchmark_system_split.json,83b354d7aa91c0f94044f461d489d9a39ecf3729bcdfabc1c6e77899a18ede9a,76812d7a9ba8c6e6660e1acbf15817ff0725664d7fcf69b0fb0a84e133529f06,42,6
553.0,train,datasets\splits\main_benchmark_system_split.json,83b354d7aa91c0f94044f461d489d9a39ecf3729bcdfabc1c6e77899a18ede9a,76812d7a9ba8c6e6660e1acbf15817ff0725664d7fcf69b0fb0a84e133529f06,42,6
554.0,train,datasets\splits\main_benchmark_system_split.json,83b354d7aa91c0f94044f461d489d9a39ecf3729bcdfabc1c6e77899a18ede9a,76812d7a9ba8c6e6660e1acbf15817ff0725664d7fcf69b0fb0a84e133529f06,42,6
555.0,train,datasets\splits\main_benchmark_system_split.json,83b354d7aa91c0f94044f461d489d9a39ecf3729bcdfabc1c6e77899a18ede9a,76812d7a9ba8c6e6660e1acbf15817ff0725664d7fcf69b0fb0a84e133529f06,42,6
556.0,train,datasets\splits\main_benchmark_system_split.json,83b354d7aa91c0f94044f461d489d9a39ecf3729bcdfabc1c6e77899a18ede9a,76812d7a9ba8c6e6660e1acbf15817ff0725664d7fcf69b0fb0a84e133529f06,42,6
557.0,train,datasets\splits\main_benchmark_system_split.json,83b354d7aa91c0f94044f461d489d9a39ecf3729bcdfabc1c6e77899a18ede9a,76812d7a9ba8c6e6660e1acbf15817ff0725664d7fcf69b0fb0a84e133529f06,42,6
558.0,train,datasets\splits\main_benchmark_system_split.json,83b354d7aa91c0f94044f461d489d9a39ecf3729bcdfabc1c6e77899a18ede9a,76812d7a9ba8c6e6660e1acbf15817ff0725664d7fcf69b0fb0a84e133529f06,42,6
559.0,train,datasets\splits\main_benchmark_system_split.json,83b354d7aa91c0f94044f461d489d9a39ecf3729bcdfabc1c6e77899a18ede9a,76812d7a9ba8c6e6660e1acbf15817ff0725664d7fcf69b0fb0a84e133529f06,42,6
564.0,train,datasets\splits\main_benchmark_system_split.json,83b354d7aa91c0f94044f461d489d9a39ecf3729bcdfabc1c6e77899a18ede9a,76812d7a9ba8c6e6660e1acbf15817ff0725664d7fcf69b0fb0a84e133529f06,42,6
566.0,train,datasets\splits\main_benchmark_system_split.json,83b354d7aa91c0f94044f461d489d9a39ecf3729bcdfabc1c6e77899a18ede9a,76812d7a9ba8c6e6660e1acbf15817ff0725664d7fcf69b0fb0a84e133529f06,42,6
569.0,train,datasets\splits\main_benchmark_system_split.json,83b354d7aa91c0f94044f461d489d9a39ecf3729bcdfabc1c6e77899a18ede9a,76812d7a9ba8c6e6660e1acbf15817ff0725664d7fcf69b0fb0a84e133529f06,42,6
570.0,train,datasets\splits\main_benchmark_system_split.json,83b354d7aa91c0f94044f461d489d9a39ecf3729bcdfabc1c6e77899a18ede9a,76812d7a9ba8c6e6660e1acbf15817ff0725664d7fcf69b0fb0a84e133529f06,42,6
571.0,train,datasets\splits\main_benchmark_system_split.json,83b354d7aa91c0f94044f461d489d9a39ecf3729bcdfabc1c6e77899a18ede9a,76812d7a9ba8c6e6660e1acbf15817ff0725664d7fcf69b0fb0a84e133529f06,42,6
572.0,train,datasets\splits\main_benchmark_system_split.json,83b354d7aa91c0f94044f461d489d9a39ecf3729bcdfabc1c6e77899a18ede9a,76812d7a9ba8c6e6660e1acbf15817ff0725664d7fcf69b0fb0a84e133529f06,42,6
573.0,train,datasets\splits\main_benchmark_system_split.json,83b354d7aa91c0f94044f461d489d9a39ecf3729bcdfabc1c6e77899a18ede9a,76812d7a9ba8c6e6660e1acbf15817ff0725664d7fcf69b0fb0a84e133529f06,42,6
574.0,train,datasets\splits\main_benchmark_system_split.json,83b354d7aa91c0f94044f461d489d9a39ecf3729bcdfabc1c6e77899a18ede9a,76812d7a9ba8c6e6660e1acbf15817ff0725664d7fcf69b0fb0a84e133529f06,42,6
576.0,train,datasets\splits\main_benchmark_system_split.json,83b354d7aa91c0f94044f461d489d9a39ecf3729bcdfabc1c6e77899a18ede9a,76812d7a9ba8c6e6660e1acbf15817ff0725664d7fcf69b0fb0a84e133529f06,42,6
577.0,train,datasets\splits\main_benchmark_system_split.json,83b354d7aa91c0f94044f461d489d9a39ecf3729bcdfabc1c6e77899a18ede9a,76812d7a9ba8c6e6660e1acbf15817ff0725664d7fcf69b0fb0a84e133529f06,42,6
578.0,train,datasets\splits\main_benchmark_system_split.json,83b354d7aa91c0f94044f461d489d9a39ecf3729bcdfabc1c6e77899a18ede9a,76812d7a9ba8c6e6660e1acbf15817ff0725664d7fcf69b0fb0a84e133529f06,42,6
580.0,train,datasets\splits\main_benchmark_system_split.json,83b354d7aa91c0f94044f461d489d9a39ecf3729bcdfabc1c6e77899a18ede9a,76812d7a9ba8c6e6660e1acbf15817ff0725664d7fcf69b0fb0a84e133529f06,42,6
581.0,train,datasets\splits\main_benchmark_system_split.json,83b354d7aa91c0f94044f461d489d9a39ecf3729bcdfabc1c6e77899a18ede9a,76812d7a9ba8c6e6660e1acbf15817ff0725664d7fcf69b0fb0a84e133529f06,42,6
582.0,train,datasets\splits\main_benchmark_system_split.json,83b354d7aa91c0f94044f461d489d9a39ecf3729bcdfabc1c6e77899a18ede9a,76812d7a9ba8c6e6660e1acbf15817ff0725664d7fcf69b0fb0a84e133529f06,42,6
583.0,train,datasets\splits\main_benchmark_system_split.json,83b354d7aa91c0f94044f461d489d9a39ecf3729bcdfabc1c6e77899a18ede9a,76812d7a9ba8c6e6660e1acbf15817ff0725664d7fcf69b0fb0a84e133529f06,42,6
587.0,train,datasets\splits\main_benchmark_system_split.json,83b354d7aa91c0f94044f461d489d9a39ecf3729bcdfabc1c6e77899a18ede9a,76812d7a9ba8c6e6660e1acbf15817ff0725664d7fcf69b0fb0a84e133529f06,42,6
588.0,train,datasets\splits\main_benchmark_system_split.json,83b354d7aa91c0f94044f461d489d9a39ecf3729bcdfabc1c6e77899a18ede9a,76812d7a9ba8c6e6660e1acbf15817ff0725664d7fcf69b0fb0a84e133529f06,42,6
589.0,train,datasets\splits\main_benchmark_system_split.json,83b354d7aa91c0f94044f461d489d9a39ecf3729bcdfabc1c6e77899a18ede9a,76812d7a9ba8c6e6660e1acbf15817ff0725664d7fcf69b0fb0a84e133529f06,42,6
590.0,train,datasets\splits\main_benchmark_system_split.json,83b354d7aa91c0f94044f461d489d9a39ecf3729bcdfabc1c6e77899a18ede9a,76812d7a9ba8c6e6660e1acbf15817ff0725664d7fcf69b0fb0a84e133529f06,42,6
591.0,train,datasets\splits\main_benchmark_system_split.json,83b354d7aa91c0f94044f461d489d9a39ecf3729bcdfabc1c6e77899a18ede9a,76812d7a9ba8c6e6660e1acbf15817ff0725664d7fcf69b0fb0a84e133529f06,42,6
592.0,train,datasets\splits\main_benchmark_system_split.json,83b354d7aa91c0f94044f461d489d9a39ecf3729bcdfabc1c6e77899a18ede9a,76812d7a9ba8c6e6660e1acbf15817ff0725664d7fcf69b0fb0a84e133529f06,42,6
593.0,train,datasets\splits\main_benchmark_system_split.json,83b354d7aa91c0f94044f461d489d9a39ecf3729bcdfabc1c6e77899a18ede9a,76812d7a9ba8c6e6660e1acbf15817ff0725664d7fcf69b0fb0a84e133529f06,42,6
595.0,train,datasets\splits\main_benchmark_system_split.json,83b354d7aa91c0f94044f461d489d9a39ecf3729bcdfabc1c6e77899a18ede9a,76812d7a9ba8c6e6660e1acbf15817ff0725664d7fcf69b0fb0a84e133529f06,42,6
596.0,train,datasets\splits\main_benchmark_system_split.json,83b354d7aa91c0f94044f461d489d9a39ecf3729bcdfabc1c6e77899a18ede9a,76812d7a9ba8c6e6660e1acbf15817ff0725664d7fcf69b0fb0a84e133529f06,42,6
597.0,train,datasets\splits\main_benchmark_system_split.json,83b354d7aa91c0f94044f461d489d9a39ecf3729bcdfabc1c6e77899a18ede9a,76812d7a9ba8c6e6660e1acbf15817ff0725664d7fcf69b0fb0a84e133529f06,42,6
598.0,train,datasets\splits\main_benchmark_system_split.json,83b354d7aa91c0f94044f461d489d9a39ecf3729bcdfabc1c6e77899a18ede9a,76812d7a9ba8c6e6660e1acbf15817ff0725664d7fcf69b0fb0a84e133529f06,42,6
601.0,train,datasets\splits\main_benchmark_system_split.json,83b354d7aa91c0f94044f461d489d9a39ecf3729bcdfabc1c6e77899a18ede9a,76812d7a9ba8c6e6660e1acbf15817ff0725664d7fcf69b0fb0a84e133529f06,42,6
602.0,train,datasets\splits\main_benchmark_system_split.json,83b354d7aa91c0f94044f461d489d9a39ecf3729bcdfabc1c6e77899a18ede9a,76812d7a9ba8c6e6660e1acbf15817ff0725664d7fcf69b0fb0a84e133529f06,42,6
604.0,train,datasets\splits\main_benchmark_system_split.json,83b354d7aa91c0f94044f461d489d9a39ecf3729bcdfabc1c6e77899a18ede9a,76812d7a9ba8c6e6660e1acbf15817ff0725664d7fcf69b0fb0a84e133529f06,42,6
605.0,train,datasets\splits\main_benchmark_system_split.json,83b354d7aa91c0f94044f461d489d9a39ecf3729bcdfabc1c6e77899a18ede9a,76812d7a9ba8c6e6660e1acbf15817ff0725664d7fcf69b0fb0a84e133529f06,42,6
606.0,train,datasets\splits\main_benchmark_system_split.json,83b354d7aa91c0f94044f461d489d9a39ecf3729bcdfabc1c6e77899a18ede9a,76812d7a9ba8c6e6660e1acbf15817ff0725664d7fcf69b0fb0a84e133529f06,42,6
607.0,train,datasets\splits\main_benchmark_system_split.json,83b354d7aa91c0f94044f461d489d9a39ecf3729bcdfabc1c6e77899a18ede9a,76812d7a9ba8c6e6660e1acbf15817ff0725664d7fcf69b0fb0a84e133529f06,42,6
608.0,train,datasets\splits\main_benchmark_system_split.json,83b354d7aa91c0f94044f461d489d9a39ecf3729bcdfabc1c6e77899a18ede9a,76812d7a9ba8c6e6660e1acbf15817ff0725664d7fcf69b0fb0a84e133529f06,42,6
609.0,train,datasets\splits\main_benchmark_system_split.json,83b354d7aa91c0f94044f461d489d9a39ecf3729bcdfabc1c6e77899a18ede9a,76812d7a9ba8c6e6660e1acbf15817ff0725664d7fcf69b0fb0a84e133529f06,42,6
611.0,train,datasets\splits\main_benchmark_system_split.json,83b354d7aa91c0f94044f461d489d9a39ecf3729bcdfabc1c6e77899a18ede9a,76812d7a9ba8c6e6660e1acbf15817ff0725664d7fcf69b0fb0a84e133529f06,42,6
612.0,train,datasets\splits\main_benchmark_system_split.json,83b354d7aa91c0f94044f461d489d9a39ecf3729bcdfabc1c6e77899a18ede9a,76812d7a9ba8c6e6660e1acbf15817ff0725664d7fcf69b0fb0a84e133529f06,42,6
613.0,train,datasets\splits\main_benchmark_system_split.json,83b354d7aa91c0f94044f461d489d9a39ecf3729bcdfabc1c6e77899a18ede9a,76812d7a9ba8c6e6660e1acbf15817ff0725664d7fcf69b0fb0a84e133529f06,42,6
615.0,train,datasets\splits\main_benchmark_system_split.json,83b354d7aa91c0f94044f461d489d9a39ecf3729bcdfabc1c6e77899a18ede9a,76812d7a9ba8c6e6660e1acbf15817ff0725664d7fcf69b0fb0a84e133529f06,42,6
616.0,train,datasets\splits\main_benchmark_system_split.json,83b354d7aa91c0f94044f461d489d9a39ecf3729bcdfabc1c6e77899a18ede9a,76812d7a9ba8c6e6660e1acbf15817ff0725664d7fcf69b0fb0a84e133529f06,42,6
617.0,train,datasets\splits\main_benchmark_system_split.json,83b354d7aa91c0f94044f461d489d9a39ecf3729bcdfabc1c6e77899a18ede9a,76812d7a9ba8c6e6660e1acbf15817ff0725664d7fcf69b0fb0a84e133529f06,42,6
619.0,train,datasets\splits\main_benchmark_system_split.json,83b354d7aa91c0f94044f461d489d9a39ecf3729bcdfabc1c6e77899a18ede9a,76812d7a9ba8c6e6660e1acbf15817ff0725664d7fcf69b0fb0a84e133529f06,42,6
620.0,train,datasets\splits\main_benchmark_system_split.json,83b354d7aa91c0f94044f461d489d9a39ecf3729bcdfabc1c6e77899a18ede9a,76812d7a9ba8c6e6660e1acbf15817ff0725664d7fcf69b0fb0a84e133529f06,42,6
623.0,train,datasets\splits\main_benchmark_system_split.json,83b354d7aa91c0f94044f461d489d9a39ecf3729bcdfabc1c6e77899a18ede9a,76812d7a9ba8c6e6660e1acbf15817ff0725664d7fcf69b0fb0a84e133529f06,42,6
625.0,train,datasets\splits\main_benchmark_system_split.json,83b354d7aa91c0f94044f461d489d9a39ecf3729bcdfabc1c6e77899a18ede9a,76812d7a9ba8c6e6660e1acbf15817ff0725664d7fcf69b0fb0a84e133529f06,42,6
627.0,train,datasets\splits\main_benchmark_system_split.json,83b354d7aa91c0f94044f461d489d9a39ecf3729bcdfabc1c6e77899a18ede9a,76812d7a9ba8c6e6660e1acbf15817ff0725664d7fcf69b0fb0a84e133529f06,42,6
628.0,train,datasets\splits\main_benchmark_system_split.json,83b354d7aa91c0f94044f461d489d9a39ecf3729bcdfabc1c6e77899a18ede9a,76812d7a9ba8c6e6660e1acbf15817ff0725664d7fcf69b0fb0a84e133529f06,42,6
631.0,train,datasets\splits\main_benchmark_system_split.json,83b354d7aa91c0f94044f461d489d9a39ecf3729bcdfabc1c6e77899a18ede9a,76812d7a9ba8c6e6660e1acbf15817ff0725664d7fcf69b0fb0a84e133529f06,42,6
632.0,train,datasets\splits\main_benchmark_system_split.json,83b354d7aa91c0f94044f461d489d9a39ecf3729bcdfabc1c6e77899a18ede9a,76812d7a9ba8c6e6660e1acbf15817ff0725664d7fcf69b0fb0a84e133529f06,42,6
634.0,train,datasets\splits\main_benchmark_system_split.json,83b354d7aa91c0f94044f461d489d9a39ecf3729bcdfabc1c6e77899a18ede9a,76812d7a9ba8c6e6660e1acbf15817ff0725664d7fcf69b0fb0a84e133529f06,42,6
635.0,train,datasets\splits\main_benchmark_system_split.json,83b354d7aa91c0f94044f461d489d9a39ecf3729bcdfabc1c6e77899a18ede9a,76812d7a9ba8c6e6660e1acbf15817ff0725664d7fcf69b0fb0a84e133529f06,42,6
637.0,train,datasets\splits\main_benchmark_system_split.json,83b354d7aa91c0f94044f461d489d9a39ecf3729bcdfabc1c6e77899a18ede9a,76812d7a9ba8c6e6660e1acbf15817ff0725664d7fcf69b0fb0a84e133529f06,42,6
638.0,train,datasets\splits\main_benchmark_system_split.json,83b354d7aa91c0f94044f461d489d9a39ecf3729bcdfabc1c6e77899a18ede9a,76812d7a9ba8c6e6660e1acbf15817ff0725664d7fcf69b0fb0a84e133529f06,42,6
640.0,train,datasets\splits\main_benchmark_system_split.json,83b354d7aa91c0f94044f461d489d9a39ecf3729bcdfabc1c6e77899a18ede9a,76812d7a9ba8c6e6660e1acbf15817ff0725664d7fcf69b0fb0a84e133529f06,42,6
641.0,train,datasets\splits\main_benchmark_system_split.json,83b354d7aa91c0f94044f461d489d9a39ecf3729bcdfabc1c6e77899a18ede9a,76812d7a9ba8c6e6660e1acbf15817ff0725664d7fcf69b0fb0a84e133529f06,42,6
642.0,train,datasets\splits\main_benchmark_system_split.json,83b354d7aa91c0f94044f461d489d9a39ecf3729bcdfabc1c6e77899a18ede9a,76812d7a9ba8c6e6660e1acbf15817ff0725664d7fcf69b0fb0a84e133529f06,42,6
643.0,train,datasets\splits\main_benchmark_system_split.json,83b354d7aa91c0f94044f461d489d9a39ecf3729bcdfabc1c6e77899a18ede9a,76812d7a9ba8c6e6660e1acbf15817ff0725664d7fcf69b0fb0a84e133529f06,42,6
645.0,train,datasets\splits\main_benchmark_system_split.json,83b354d7aa91c0f94044f461d489d9a39ecf3729bcdfabc1c6e77899a18ede9a,76812d7a9ba8c6e6660e1acbf15817ff0725664d7fcf69b0fb0a84e133529f06,42,6
646.0,train,datasets\splits\main_benchmark_system_split.json,83b354d7aa91c0f94044f461d489d9a39ecf3729bcdfabc1c6e77899a18ede9a,76812d7a9ba8c6e6660e1acbf15817ff0725664d7fcf69b0fb0a84e133529f06,42,6
648.0,train,datasets\splits\main_benchmark_system_split.json,83b354d7aa91c0f94044f461d489d9a39ecf3729bcdfabc1c6e77899a18ede9a,76812d7a9ba8c6e6660e1acbf15817ff0725664d7fcf69b0fb0a84e133529f06,42,6
649.0,train,datasets\splits\main_benchmark_system_split.json,83b354d7aa91c0f94044f461d489d9a39ecf3729bcdfabc1c6e77899a18ede9a,76812d7a9ba8c6e6660e1acbf15817ff0725664d7fcf69b0fb0a84e133529f06,42,6
650.0,train,datasets\splits\main_benchmark_system_split.json,83b354d7aa91c0f94044f461d489d9a39ecf3729bcdfabc1c6e77899a18ede9a,76812d7a9ba8c6e6660e1acbf15817ff0725664d7fcf69b0fb0a84e133529f06,42,6
651.0,train,datasets\splits\main_benchmark_system_split.json,83b354d7aa91c0f94044f461d489d9a39ecf3729bcdfabc1c6e77899a18ede9a,76812d7a9ba8c6e6660e1acbf15817ff0725664d7fcf69b0fb0a84e133529f06,42,6
652.0,train,datasets\splits\main_benchmark_system_split.json,83b354d7aa91c0f94044f461d489d9a39ecf3729bcdfabc1c6e77899a18ede9a,76812d7a9ba8c6e6660e1acbf15817ff0725664d7fcf69b0fb0a84e133529f06,42,6
653.0,train,datasets\splits\main_benchmark_system_split.json,83b354d7aa91c0f94044f461d489d9a39ecf3729bcdfabc1c6e77899a18ede9a,76812d7a9ba8c6e6660e1acbf15817ff0725664d7fcf69b0fb0a84e133529f06,42,6
654.0,train,datasets\splits\main_benchmark_system_split.json,83b354d7aa91c0f94044f461d489d9a39ecf3729bcdfabc1c6e77899a18ede9a,76812d7a9ba8c6e6660e1acbf15817ff0725664d7fcf69b0fb0a84e133529f06,42,6
655.0,train,datasets\splits\main_benchmark_system_split.json,83b354d7aa91c0f94044f461d489d9a39ecf3729bcdfabc1c6e77899a18ede9a,76812d7a9ba8c6e6660e1acbf15817ff0725664d7fcf69b0fb0a84e133529f06,42,6
656.0,train,datasets\splits\main_benchmark_system_split.json,83b354d7aa91c0f94044f461d489d9a39ecf3729bcdfabc1c6e77899a18ede9a,76812d7a9ba8c6e6660e1acbf15817ff0725664d7fcf69b0fb0a84e133529f06,42,6
657.0,train,datasets\splits\main_benchmark_system_split.json,83b354d7aa91c0f94044f461d489d9a39ecf3729bcdfabc1c6e77899a18ede9a,76812d7a9ba8c6e6660e1acbf15817ff0725664d7fcf69b0fb0a84e133529f06,42,6
658.0,train,datasets\splits\main_benchmark_system_split.json,83b354d7aa91c0f94044f461d489d9a39ecf3729bcdfabc1c6e77899a18ede9a,76812d7a9ba8c6e6660e1acbf15817ff0725664d7fcf69b0fb0a84e133529f06,42,6
659.0,train,datasets\splits\main_benchmark_system_split.json,83b354d7aa91c0f94044f461d489d9a39ecf3729bcdfabc1c6e77899a18ede9a,76812d7a9ba8c6e6660e1acbf15817ff0725664d7fcf69b0fb0a84e133529f06,42,6
661.0,train,datasets\splits\main_benchmark_system_split.json,83b354d7aa91c0f94044f461d489d9a39ecf3729bcdfabc1c6e77899a18ede9a,76812d7a9ba8c6e6660e1acbf15817ff0725664d7fcf69b0fb0a84e133529f06,42,6
663.0,train,datasets\splits\main_benchmark_system_split.json,83b354d7aa91c0f94044f461d489d9a39ecf3729bcdfabc1c6e77899a18ede9a,76812d7a9ba8c6e6660e1acbf15817ff0725664d7fcf69b0fb0a84e133529f06,42,6
669.0,train,datasets\splits\main_benchmark_system_split.json,83b354d7aa91c0f94044f461d489d9a39ecf3729bcdfabc1c6e77899a18ede9a,76812d7a9ba8c6e6660e1acbf15817ff0725664d7fcf69b0fb0a84e133529f06,42,6
670.0,train,datasets\splits\main_benchmark_system_split.json,83b354d7aa91c0f94044f461d489d9a39ecf3729bcdfabc1c6e77899a18ede9a,76812d7a9ba8c6e6660e1acbf15817ff0725664d7fcf69b0fb0a84e133529f06,42,6
671.0,train,datasets\splits\main_benchmark_system_split.json,83b354d7aa91c0f94044f461d489d9a39ecf3729bcdfabc1c6e77899a18ede9a,76812d7a9ba8c6e6660e1acbf15817ff0725664d7fcf69b0fb0a84e133529f06,42,6
672.0,train,datasets\splits\main_benchmark_system_split.json,83b354d7aa91c0f94044f461d489d9a39ecf3729bcdfabc1c6e77899a18ede9a,76812d7a9ba8c6e6660e1acbf15817ff0725664d7fcf69b0fb0a84e133529f06,42,6
673.0,train,datasets\splits\main_benchmark_system_split.json,83b354d7aa91c0f94044f461d489d9a39ecf3729bcdfabc1c6e77899a18ede9a,76812d7a9ba8c6e6660e1acbf15817ff0725664d7fcf69b0fb0a84e133529f06,42,6
674.0,train,datasets\splits\main_benchmark_system_split.json,83b354d7aa91c0f94044f461d489d9a39ecf3729bcdfabc1c6e77899a18ede9a,76812d7a9ba8c6e6660e1acbf15817ff0725664d7fcf69b0fb0a84e133529f06,42,6
679.0,train,datasets\splits\main_benchmark_system_split.json,83b354d7aa91c0f94044f461d489d9a39ecf3729bcdfabc1c6e77899a18ede9a,76812d7a9ba8c6e6660e1acbf15817ff0725664d7fcf69b0fb0a84e133529f06,42,6
680.0,train,datasets\splits\main_benchmark_system_split.json,83b354d7aa91c0f94044f461d489d9a39ecf3729bcdfabc1c6e77899a18ede9a,76812d7a9ba8c6e6660e1acbf15817ff0725664d7fcf69b0fb0a84e133529f06,42,6
681.0,train,datasets\splits\main_benchmark_system_split.json,83b354d7aa91c0f94044f461d489d9a39ecf3729bcdfabc1c6e77899a18ede9a,76812d7a9ba8c6e6660e1acbf15817ff0725664d7fcf69b0fb0a84e133529f06,42,6
682.0,train,datasets\splits\main_benchmark_system_split.json,83b354d7aa91c0f94044f461d489d9a39ecf3729bcdfabc1c6e77899a18ede9a,76812d7a9ba8c6e6660e1acbf15817ff0725664d7fcf69b0fb0a84e133529f06,42,6
683.0,train,datasets\splits\main_benchmark_system_split.json,83b354d7aa91c0f94044f461d489d9a39ecf3729bcdfabc1c6e77899a18ede9a,76812d7a9ba8c6e6660e1acbf15817ff0725664d7fcf69b0fb0a84e133529f06,42,6
684.0,train,datasets\splits\main_benchmark_system_split.json,83b354d7aa91c0f94044f461d489d9a39ecf3729bcdfabc1c6e77899a18ede9a,76812d7a9ba8c6e6660e1acbf15817ff0725664d7fcf69b0fb0a84e133529f06,42,6
685.0,train,datasets\splits\main_benchmark_system_split.json,83b354d7aa91c0f94044f461d489d9a39ecf3729bcdfabc1c6e77899a18ede9a,76812d7a9ba8c6e6660e1acbf15817ff0725664d7fcf69b0fb0a84e133529f06,42,6
693.0,train,datasets\splits\main_benchmark_system_split.json,83b354d7aa91c0f94044f461d489d9a39ecf3729bcdfabc1c6e77899a18ede9a,76812d7a9ba8c6e6660e1acbf15817ff0725664d7fcf69b0fb0a84e133529f06,42,6
694.0,train,datasets\splits\main_benchmark_system_split.json,83b354d7aa91c0f94044f461d489d9a39ecf3729bcdfabc1c6e77899a18ede9a,76812d7a9ba8c6e6660e1acbf15817ff0725664d7fcf69b0fb0a84e133529f06,42,6
695.0,train,datasets\splits\main_benchmark_system_split.json,83b354d7aa91c0f94044f461d489d9a39ecf3729bcdfabc1c6e77899a18ede9a,76812d7a9ba8c6e6660e1acbf15817ff0725664d7fcf69b0fb0a84e133529f06,42,6
697.0,train,datasets\splits\main_benchmark_system_split.json,83b354d7aa91c0f94044f461d489d9a39ecf3729bcdfabc1c6e77899a18ede9a,76812d7a9ba8c6e6660e1acbf15817ff0725664d7fcf69b0fb0a84e133529f06,42,6
698.0,train,datasets\splits\main_benchmark_system_split.json,83b354d7aa91c0f94044f461d489d9a39ecf3729bcdfabc1c6e77899a18ede9a,76812d7a9ba8c6e6660e1acbf15817ff0725664d7fcf69b0fb0a84e133529f06,42,6
699.0,train,datasets\splits\main_benchmark_system_split.json,83b354d7aa91c0f94044f461d489d9a39ecf3729bcdfabc1c6e77899a18ede9a,76812d7a9ba8c6e6660e1acbf15817ff0725664d7fcf69b0fb0a84e133529f06,42,6
700.0,train,datasets\splits\main_benchmark_system_split.json,83b354d7aa91c0f94044f461d489d9a39ecf3729bcdfabc1c6e77899a18ede9a,76812d7a9ba8c6e6660e1acbf15817ff0725664d7fcf69b0fb0a84e133529f06,42,6
704.0,train,datasets\splits\main_benchmark_system_split.json,83b354d7aa91c0f94044f461d489d9a39ecf3729bcdfabc1c6e77899a18ede9a,76812d7a9ba8c6e6660e1acbf15817ff0725664d7fcf69b0fb0a84e133529f06,42,6
708.0,train,datasets\splits\main_benchmark_system_split.json,83b354d7aa91c0f94044f461d489d9a39ecf3729bcdfabc1c6e77899a18ede9a,76812d7a9ba8c6e6660e1acbf15817ff0725664d7fcf69b0fb0a84e133529f06,42,6
711.0,train,datasets\splits\main_benchmark_system_split.json,83b354d7aa91c0f94044f461d489d9a39ecf3729bcdfabc1c6e77899a18ede9a,76812d7a9ba8c6e6660e1acbf15817ff0725664d7fcf69b0fb0a84e133529f06,42,6
715.0,train,datasets\splits\main_benchmark_system_split.json,83b354d7aa91c0f94044f461d489d9a39ecf3729bcdfabc1c6e77899a18ede9a,76812d7a9ba8c6e6660e1acbf15817ff0725664d7fcf69b0fb0a84e133529f06,42,6
716.0,train,datasets\splits\main_benchmark_system_split.json,83b354d7aa91c0f94044f461d489d9a39ecf3729bcdfabc1c6e77899a18ede9a,76812d7a9ba8c6e6660e1acbf15817ff0725664d7fcf69b0fb0a84e133529f06,42,6
721.0,train,datasets\splits\main_benchmark_system_split.json,83b354d7aa91c0f94044f461d489d9a39ecf3729bcdfabc1c6e77899a18ede9a,76812d7a9ba8c6e6660e1acbf15817ff0725664d7fcf69b0fb0a84e133529f06,42,6
724.0,train,datasets\splits\main_benchmark_system_split.json,83b354d7aa91c0f94044f461d489d9a39ecf3729bcdfabc1c6e77899a18ede9a,76812d7a9ba8c6e6660e1acbf15817ff0725664d7fcf69b0fb0a84e133529f06,42,6
725.0,train,datasets\splits\main_benchmark_system_split.json,83b354d7aa91c0f94044f461d489d9a39ecf3729bcdfabc1c6e77899a18ede9a,76812d7a9ba8c6e6660e1acbf15817ff0725664d7fcf69b0fb0a84e133529f06,42,6
726.0,train,datasets\splits\main_benchmark_system_split.json,83b354d7aa91c0f94044f461d489d9a39ecf3729bcdfabc1c6e77899a18ede9a,76812d7a9ba8c6e6660e1acbf15817ff0725664d7fcf69b0fb0a84e133529f06,42,6
727.0,train,datasets\splits\main_benchmark_system_split.json,83b354d7aa91c0f94044f461d489d9a39ecf3729bcdfabc1c6e77899a18ede9a,76812d7a9ba8c6e6660e1acbf15817ff0725664d7fcf69b0fb0a84e133529f06,42,6
728.0,train,datasets\splits\main_benchmark_system_split.json,83b354d7aa91c0f94044f461d489d9a39ecf3729bcdfabc1c6e77899a18ede9a,76812d7a9ba8c6e6660e1acbf15817ff0725664d7fcf69b0fb0a84e133529f06,42,6
729.0,train,datasets\splits\main_benchmark_system_split.json,83b354d7aa91c0f94044f461d489d9a39ecf3729bcdfabc1c6e77899a18ede9a,76812d7a9ba8c6e6660e1acbf15817ff0725664d7fcf69b0fb0a84e133529f06,42,6
730.0,train,datasets\splits\main_benchmark_system_split.json,83b354d7aa91c0f94044f461d489d9a39ecf3729bcdfabc1c6e77899a18ede9a,76812d7a9ba8c6e6660e1acbf15817ff0725664d7fcf69b0fb0a84e133529f06,42,6
731.0,train,datasets\splits\main_benchmark_system_split.json,83b354d7aa91c0f94044f461d489d9a39ecf3729bcdfabc1c6e77899a18ede9a,76812d7a9ba8c6e6660e1acbf15817ff0725664d7fcf69b0fb0a84e133529f06,42,6
733.0,train,datasets\splits\main_benchmark_system_split.json,83b354d7aa91c0f94044f461d489d9a39ecf3729bcdfabc1c6e77899a18ede9a,76812d7a9ba8c6e6660e1acbf15817ff0725664d7fcf69b0fb0a84e133529f06,42,6
734.0,train,datasets\splits\main_benchmark_system_split.json,83b354d7aa91c0f94044f461d489d9a39ecf3729bcdfabc1c6e77899a18ede9a,76812d7a9ba8c6e6660e1acbf15817ff0725664d7fcf69b0fb0a84e133529f06,42,6
736.0,train,datasets\splits\main_benchmark_system_split.json,83b354d7aa91c0f94044f461d489d9a39ecf3729bcdfabc1c6e77899a18ede9a,76812d7a9ba8c6e6660e1acbf15817ff0725664d7fcf69b0fb0a84e133529f06,42,6
737.0,train,datasets\splits\main_benchmark_system_split.json,83b354d7aa91c0f94044f461d489d9a39ecf3729bcdfabc1c6e77899a18ede9a,76812d7a9ba8c6e6660e1acbf15817ff0725664d7fcf69b0fb0a84e133529f06,42,6
738.0,train,datasets\splits\main_benchmark_system_split.json,83b354d7aa91c0f94044f461d489d9a39ecf3729bcdfabc1c6e77899a18ede9a,76812d7a9ba8c6e6660e1acbf15817ff0725664d7fcf69b0fb0a84e133529f06,42,6
739.0,train,datasets\splits\main_benchmark_system_split.json,83b354d7aa91c0f94044f461d489d9a39ecf3729bcdfabc1c6e77899a18ede9a,76812d7a9ba8c6e6660e1acbf15817ff0725664d7fcf69b0fb0a84e133529f06,42,6
740.0,train,datasets\splits\main_benchmark_system_split.json,83b354d7aa91c0f94044f461d489d9a39ecf3729bcdfabc1c6e77899a18ede9a,76812d7a9ba8c6e6660e1acbf15817ff0725664d7fcf69b0fb0a84e133529f06,42,6
741.0,train,datasets\splits\main_benchmark_system_split.json,83b354d7aa91c0f94044f461d489d9a39ecf3729bcdfabc1c6e77899a18ede9a,76812d7a9ba8c6e6660e1acbf15817ff0725664d7fcf69b0fb0a84e133529f06,42,6
742.0,train,datasets\splits\main_benchmark_system_split.json,83b354d7aa91c0f94044f461d489d9a39ecf3729bcdfabc1c6e77899a18ede9a,76812d7a9ba8c6e6660e1acbf15817ff0725664d7fcf69b0fb0a84e133529f06,42,6
744.0,train,datasets\splits\main_benchmark_system_split.json,83b354d7aa91c0f94044f461d489d9a39ecf3729bcdfabc1c6e77899a18ede9a,76812d7a9ba8c6e6660e1acbf15817ff0725664d7fcf69b0fb0a84e133529f06,42,6
745.0,train,datasets\splits\main_benchmark_system_split.json,83b354d7aa91c0f94044f461d489d9a39ecf3729bcdfabc1c6e77899a18ede9a,76812d7a9ba8c6e6660e1acbf15817ff0725664d7fcf69b0fb0a84e133529f06,42,6
746.0,train,datasets\splits\main_benchmark_system_split.json,83b354d7aa91c0f94044f461d489d9a39ecf3729bcdfabc1c6e77899a18ede9a,76812d7a9ba8c6e6660e1acbf15817ff0725664d7fcf69b0fb0a84e133529f06,42,6
747.0,train,datasets\splits\main_benchmark_system_split.json,83b354d7aa91c0f94044f461d489d9a39ecf3729bcdfabc1c6e77899a18ede9a,76812d7a9ba8c6e6660e1acbf15817ff0725664d7fcf69b0fb0a84e133529f06,42,6
749.0,train,datasets\splits\main_benchmark_system_split.json,83b354d7aa91c0f94044f461d489d9a39ecf3729bcdfabc1c6e77899a18ede9a,76812d7a9ba8c6e6660e1acbf15817ff0725664d7fcf69b0fb0a84e133529f06,42,6
750.0,train,datasets\splits\main_benchmark_system_split.json,83b354d7aa91c0f94044f461d489d9a39ecf3729bcdfabc1c6e77899a18ede9a,76812d7a9ba8c6e6660e1acbf15817ff0725664d7fcf69b0fb0a84e133529f06,42,6
751.0,train,datasets\splits\main_benchmark_system_split.json,83b354d7aa91c0f94044f461d489d9a39ecf3729bcdfabc1c6e77899a18ede9a,76812d7a9ba8c6e6660e1acbf15817ff0725664d7fcf69b0fb0a84e133529f06,42,6
753.0,train,datasets\splits\main_benchmark_system_split.json,83b354d7aa91c0f94044f461d489d9a39ecf3729bcdfabc1c6e77899a18ede9a,76812d7a9ba8c6e6660e1acbf15817ff0725664d7fcf69b0fb0a84e133529f06,42,6
754.0,train,datasets\splits\main_benchmark_system_split.json,83b354d7aa91c0f94044f461d489d9a39ecf3729bcdfabc1c6e77899a18ede9a,76812d7a9ba8c6e6660e1acbf15817ff0725664d7fcf69b0fb0a84e133529f06,42,6
755.0,train,datasets\splits\main_benchmark_system_split.json,83b354d7aa91c0f94044f461d489d9a39ecf3729bcdfabc1c6e77899a18ede9a,76812d7a9ba8c6e6660e1acbf15817ff0725664d7fcf69b0fb0a84e133529f06,42,6
756.0,train,datasets\splits\main_benchmark_system_split.json,83b354d7aa91c0f94044f461d489d9a39ecf3729bcdfabc1c6e77899a18ede9a,76812d7a9ba8c6e6660e1acbf15817ff0725664d7fcf69b0fb0a84e133529f06,42,6
758.0,train,datasets\splits\main_benchmark_system_split.json,83b354d7aa91c0f94044f461d489d9a39ecf3729bcdfabc1c6e77899a18ede9a,76812d7a9ba8c6e6660e1acbf15817ff0725664d7fcf69b0fb0a84e133529f06,42,6
759.0,train,datasets\splits\main_benchmark_system_split.json,83b354d7aa91c0f94044f461d489d9a39ecf3729bcdfabc1c6e77899a18ede9a,76812d7a9ba8c6e6660e1acbf15817ff0725664d7fcf69b0fb0a84e133529f06,42,6
760.0,train,datasets\splits\main_benchmark_system_split.json,83b354d7aa91c0f94044f461d489d9a39ecf3729bcdfabc1c6e77899a18ede9a,76812d7a9ba8c6e6660e1acbf15817ff0725664d7fcf69b0fb0a84e133529f06,42,6
763.0,train,datasets\splits\main_benchmark_system_split.json,83b354d7aa91c0f94044f461d489d9a39ecf3729bcdfabc1c6e77899a18ede9a,76812d7a9ba8c6e6660e1acbf15817ff0725664d7fcf69b0fb0a84e133529f06,42,6
764.0,train,datasets\splits\main_benchmark_system_split.json,83b354d7aa91c0f94044f461d489d9a39ecf3729bcdfabc1c6e77899a18ede9a,76812d7a9ba8c6e6660e1acbf15817ff0725664d7fcf69b0fb0a84e133529f06,42,6
765.0,train,datasets\splits\main_benchmark_system_split.json,83b354d7aa91c0f94044f461d489d9a39ecf3729bcdfabc1c6e77899a18ede9a,76812d7a9ba8c6e6660e1acbf15817ff0725664d7fcf69b0fb0a84e133529f06,42,6
766.0,train,datasets\splits\main_benchmark_system_split.json,83b354d7aa91c0f94044f461d489d9a39ecf3729bcdfabc1c6e77899a18ede9a,76812d7a9ba8c6e6660e1acbf15817ff0725664d7fcf69b0fb0a84e133529f06,42,6
767.0,train,datasets\splits\main_benchmark_system_split.json,83b354d7aa91c0f94044f461d489d9a39ecf3729bcdfabc1c6e77899a18ede9a,76812d7a9ba8c6e6660e1acbf15817ff0725664d7fcf69b0fb0a84e133529f06,42,6
768.0,train,datasets\splits\main_benchmark_system_split.json,83b354d7aa91c0f94044f461d489d9a39ecf3729bcdfabc1c6e77899a18ede9a,76812d7a9ba8c6e6660e1acbf15817ff0725664d7fcf69b0fb0a84e133529f06,42,6
769.0,train,datasets\splits\main_benchmark_system_split.json,83b354d7aa91c0f94044f461d489d9a39ecf3729bcdfabc1c6e77899a18ede9a,76812d7a9ba8c6e6660e1acbf15817ff0725664d7fcf69b0fb0a84e133529f06,42,6
770.0,train,datasets\splits\main_benchmark_system_split.json,83b354d7aa91c0f94044f461d489d9a39ecf3729bcdfabc1c6e77899a18ede9a,76812d7a9ba8c6e6660e1acbf15817ff0725664d7fcf69b0fb0a84e133529f06,42,6
771.0,train,datasets\splits\main_benchmark_system_split.json,83b354d7aa91c0f94044f461d489d9a39ecf3729bcdfabc1c6e77899a18ede9a,76812d7a9ba8c6e6660e1acbf15817ff0725664d7fcf69b0fb0a84e133529f06,42,6
772.0,train,datasets\splits\main_benchmark_system_split.json,83b354d7aa91c0f94044f461d489d9a39ecf3729bcdfabc1c6e77899a18ede9a,76812d7a9ba8c6e6660e1acbf15817ff0725664d7fcf69b0fb0a84e133529f06,42,6
774.0,train,datasets\splits\main_benchmark_system_split.json,83b354d7aa91c0f94044f461d489d9a39ecf3729bcdfabc1c6e77899a18ede9a,76812d7a9ba8c6e6660e1acbf15817ff0725664d7fcf69b0fb0a84e133529f06,42,6
775.0,train,datasets\splits\main_benchmark_system_split.json,83b354d7aa91c0f94044f461d489d9a39ecf3729bcdfabc1c6e77899a18ede9a,76812d7a9ba8c6e6660e1acbf15817ff0725664d7fcf69b0fb0a84e133529f06,42,6
776.0,train,datasets\splits\main_benchmark_system_split.json,83b354d7aa91c0f94044f461d489d9a39ecf3729bcdfabc1c6e77899a18ede9a,76812d7a9ba8c6e6660e1acbf15817ff0725664d7fcf69b0fb0a84e133529f06,42,6
777.0,train,datasets\splits\main_benchmark_system_split.json,83b354d7aa91c0f94044f461d489d9a39ecf3729bcdfabc1c6e77899a18ede9a,76812d7a9ba8c6e6660e1acbf15817ff0725664d7fcf69b0fb0a84e133529f06,42,6
778.0,train,datasets\splits\main_benchmark_system_split.json,83b354d7aa91c0f94044f461d489d9a39ecf3729bcdfabc1c6e77899a18ede9a,76812d7a9ba8c6e6660e1acbf15817ff0725664d7fcf69b0fb0a84e133529f06,42,6
779.0,train,datasets\splits\main_benchmark_system_split.json,83b354d7aa91c0f94044f461d489d9a39ecf3729bcdfabc1c6e77899a18ede9a,76812d7a9ba8c6e6660e1acbf15817ff0725664d7fcf69b0fb0a84e133529f06,42,6
780.0,train,datasets\splits\main_benchmark_system_split.json,83b354d7aa91c0f94044f461d489d9a39ecf3729bcdfabc1c6e77899a18ede9a,76812d7a9ba8c6e6660e1acbf15817ff0725664d7fcf69b0fb0a84e133529f06,42,6
781.0,train,datasets\splits\main_benchmark_system_split.json,83b354d7aa91c0f94044f461d489d9a39ecf3729bcdfabc1c6e77899a18ede9a,76812d7a9ba8c6e6660e1acbf15817ff0725664d7fcf69b0fb0a84e133529f06,42,6
782.0,train,datasets\splits\main_benchmark_system_split.json,83b354d7aa91c0f94044f461d489d9a39ecf3729bcdfabc1c6e77899a18ede9a,76812d7a9ba8c6e6660e1acbf15817ff0725664d7fcf69b0fb0a84e133529f06,42,6
783.0,train,datasets\splits\main_benchmark_system_split.json,83b354d7aa91c0f94044f461d489d9a39ecf3729bcdfabc1c6e77899a18ede9a,76812d7a9ba8c6e6660e1acbf15817ff0725664d7fcf69b0fb0a84e133529f06,42,6
786.0,train,datasets\splits\main_benchmark_system_split.json,83b354d7aa91c0f94044f461d489d9a39ecf3729bcdfabc1c6e77899a18ede9a,76812d7a9ba8c6e6660e1acbf15817ff0725664d7fcf69b0fb0a84e133529f06,42,6
787.0,train,datasets\splits\main_benchmark_system_split.json,83b354d7aa91c0f94044f461d489d9a39ecf3729bcdfabc1c6e77899a18ede9a,76812d7a9ba8c6e6660e1acbf15817ff0725664d7fcf69b0fb0a84e133529f06,42,6
788.0,train,datasets\splits\main_benchmark_system_split.json,83b354d7aa91c0f94044f461d489d9a39ecf3729bcdfabc1c6e77899a18ede9a,76812d7a9ba8c6e6660e1acbf15817ff0725664d7fcf69b0fb0a84e133529f06,42,6
789.0,train,datasets\splits\main_benchmark_system_split.json,83b354d7aa91c0f94044f461d489d9a39ecf3729bcdfabc1c6e77899a18ede9a,76812d7a9ba8c6e6660e1acbf15817ff0725664d7fcf69b0fb0a84e133529f06,42,6
791.0,train,datasets\splits\main_benchmark_system_split.json,83b354d7aa91c0f94044f461d489d9a39ecf3729bcdfabc1c6e77899a18ede9a,76812d7a9ba8c6e6660e1acbf15817ff0725664d7fcf69b0fb0a84e133529f06,42,6
793.0,train,datasets\splits\main_benchmark_system_split.json,83b354d7aa91c0f94044f461d489d9a39ecf3729bcdfabc1c6e77899a18ede9a,76812d7a9ba8c6e6660e1acbf15817ff0725664d7fcf69b0fb0a84e133529f06,42,6
794.0,train,datasets\splits\main_benchmark_system_split.json,83b354d7aa91c0f94044f461d489d9a39ecf3729bcdfabc1c6e77899a18ede9a,76812d7a9ba8c6e6660e1acbf15817ff0725664d7fcf69b0fb0a84e133529f06,42,6
795.0,train,datasets\splits\main_benchmark_system_split.json,83b354d7aa91c0f94044f461d489d9a39ecf3729bcdfabc1c6e77899a18ede9a,76812d7a9ba8c6e6660e1acbf15817ff0725664d7fcf69b0fb0a84e133529f06,42,6
796.0,train,datasets\splits\main_benchmark_system_split.json,83b354d7aa91c0f94044f461d489d9a39ecf3729bcdfabc1c6e77899a18ede9a,76812d7a9ba8c6e6660e1acbf15817ff0725664d7fcf69b0fb0a84e133529f06,42,6
798.0,train,datasets\splits\main_benchmark_system_split.json,83b354d7aa91c0f94044f461d489d9a39ecf3729bcdfabc1c6e77899a18ede9a,76812d7a9ba8c6e6660e1acbf15817ff0725664d7fcf69b0fb0a84e133529f06,42,6
799.0,train,datasets\splits\main_benchmark_system_split.json,83b354d7aa91c0f94044f461d489d9a39ecf3729bcdfabc1c6e77899a18ede9a,76812d7a9ba8c6e6660e1acbf15817ff0725664d7fcf69b0fb0a84e133529f06,42,6
800.0,train,datasets\splits\main_benchmark_system_split.json,83b354d7aa91c0f94044f461d489d9a39ecf3729bcdfabc1c6e77899a18ede9a,76812d7a9ba8c6e6660e1acbf15817ff0725664d7fcf69b0fb0a84e133529f06,42,6
801.0,train,datasets\splits\main_benchmark_system_split.json,83b354d7aa91c0f94044f461d489d9a39ecf3729bcdfabc1c6e77899a18ede9a,76812d7a9ba8c6e6660e1acbf15817ff0725664d7fcf69b0fb0a84e133529f06,42,6
802.0,train,datasets\splits\main_benchmark_system_split.json,83b354d7aa91c0f94044f461d489d9a39ecf3729bcdfabc1c6e77899a18ede9a,76812d7a9ba8c6e6660e1acbf15817ff0725664d7fcf69b0fb0a84e133529f06,42,6
803.0,train,datasets\splits\main_benchmark_system_split.json,83b354d7aa91c0f94044f461d489d9a39ecf3729bcdfabc1c6e77899a18ede9a,76812d7a9ba8c6e6660e1acbf15817ff0725664d7fcf69b0fb0a84e133529f06,42,6
804.0,train,datasets\splits\main_benchmark_system_split.json,83b354d7aa91c0f94044f461d489d9a39ecf3729bcdfabc1c6e77899a18ede9a,76812d7a9ba8c6e6660e1acbf15817ff0725664d7fcf69b0fb0a84e133529f06,42,6
807.0,train,datasets\splits\main_benchmark_system_split.json,83b354d7aa91c0f94044f461d489d9a39ecf3729bcdfabc1c6e77899a18ede9a,76812d7a9ba8c6e6660e1acbf15817ff0725664d7fcf69b0fb0a84e133529f06,42,6
808.0,train,datasets\splits\main_benchmark_system_split.json,83b354d7aa91c0f94044f461d489d9a39ecf3729bcdfabc1c6e77899a18ede9a,76812d7a9ba8c6e6660e1acbf15817ff0725664d7fcf69b0fb0a84e133529f06,42,6
809.0,train,datasets\splits\main_benchmark_system_split.json,83b354d7aa91c0f94044f461d489d9a39ecf3729bcdfabc1c6e77899a18ede9a,76812d7a9ba8c6e6660e1acbf15817ff0725664d7fcf69b0fb0a84e133529f06,42,6
810.0,train,datasets\splits\main_benchmark_system_split.json,83b354d7aa91c0f94044f461d489d9a39ecf3729bcdfabc1c6e77899a18ede9a,76812d7a9ba8c6e6660e1acbf15817ff0725664d7fcf69b0fb0a84e133529f06,42,6
811.0,train,datasets\splits\main_benchmark_system_split.json,83b354d7aa91c0f94044f461d489d9a39ecf3729bcdfabc1c6e77899a18ede9a,76812d7a9ba8c6e6660e1acbf15817ff0725664d7fcf69b0fb0a84e133529f06,42,6
812.0,train,datasets\splits\main_benchmark_system_split.json,83b354d7aa91c0f94044f461d489d9a39ecf3729bcdfabc1c6e77899a18ede9a,76812d7a9ba8c6e6660e1acbf15817ff0725664d7fcf69b0fb0a84e133529f06,42,6
813.0,train,datasets\splits\main_benchmark_system_split.json,83b354d7aa91c0f94044f461d489d9a39ecf3729bcdfabc1c6e77899a18ede9a,76812d7a9ba8c6e6660e1acbf15817ff0725664d7fcf69b0fb0a84e133529f06,42,6
814.0,train,datasets\splits\main_benchmark_system_split.json,83b354d7aa91c0f94044f461d489d9a39ecf3729bcdfabc1c6e77899a18ede9a,76812d7a9ba8c6e6660e1acbf15817ff0725664d7fcf69b0fb0a84e133529f06,42,6
815.0,train,datasets\splits\main_benchmark_system_split.json,83b354d7aa91c0f94044f461d489d9a39ecf3729bcdfabc1c6e77899a18ede9a,76812d7a9ba8c6e6660e1acbf15817ff0725664d7fcf69b0fb0a84e133529f06,42,6
816.0,train,datasets\splits\main_benchmark_system_split.json,83b354d7aa91c0f94044f461d489d9a39ecf3729bcdfabc1c6e77899a18ede9a,76812d7a9ba8c6e6660e1acbf15817ff0725664d7fcf69b0fb0a84e133529f06,42,6
817.0,train,datasets\splits\main_benchmark_system_split.json,83b354d7aa91c0f94044f461d489d9a39ecf3729bcdfabc1c6e77899a18ede9a,76812d7a9ba8c6e6660e1acbf15817ff0725664d7fcf69b0fb0a84e133529f06,42,6
819.0,train,datasets\splits\main_benchmark_system_split.json,83b354d7aa91c0f94044f461d489d9a39ecf3729bcdfabc1c6e77899a18ede9a,76812d7a9ba8c6e6660e1acbf15817ff0725664d7fcf69b0fb0a84e133529f06,42,6
821.0,train,datasets\splits\main_benchmark_system_split.json,83b354d7aa91c0f94044f461d489d9a39ecf3729bcdfabc1c6e77899a18ede9a,76812d7a9ba8c6e6660e1acbf15817ff0725664d7fcf69b0fb0a84e133529f06,42,6
822.0,train,datasets\splits\main_benchmark_system_split.json,83b354d7aa91c0f94044f461d489d9a39ecf3729bcdfabc1c6e77899a18ede9a,76812d7a9ba8c6e6660e1acbf15817ff0725664d7fcf69b0fb0a84e133529f06,42,6
823.0,train,datasets\splits\main_benchmark_system_split.json,83b354d7aa91c0f94044f461d489d9a39ecf3729bcdfabc1c6e77899a18ede9a,76812d7a9ba8c6e6660e1acbf15817ff0725664d7fcf69b0fb0a84e133529f06,42,6
824.0,train,datasets\splits\main_benchmark_system_split.json,83b354d7aa91c0f94044f461d489d9a39ecf3729bcdfabc1c6e77899a18ede9a,76812d7a9ba8c6e6660e1acbf15817ff0725664d7fcf69b0fb0a84e133529f06,42,6
825.0,train,datasets\splits\main_benchmark_system_split.json,83b354d7aa91c0f94044f461d489d9a39ecf3729bcdfabc1c6e77899a18ede9a,76812d7a9ba8c6e6660e1acbf15817ff0725664d7fcf69b0fb0a84e133529f06,42,6
827.0,train,datasets\splits\main_benchmark_system_split.json,83b354d7aa91c0f94044f461d489d9a39ecf3729bcdfabc1c6e77899a18ede9a,76812d7a9ba8c6e6660e1acbf15817ff0725664d7fcf69b0fb0a84e133529f06,42,6
829.0,train,datasets\splits\main_benchmark_system_split.json,83b354d7aa91c0f94044f461d489d9a39ecf3729bcdfabc1c6e77899a18ede9a,76812d7a9ba8c6e6660e1acbf15817ff0725664d7fcf69b0fb0a84e133529f06,42,6
831.0,train,datasets\splits\main_benchmark_system_split.json,83b354d7aa91c0f94044f461d489d9a39ecf3729bcdfabc1c6e77899a18ede9a,76812d7a9ba8c6e6660e1acbf15817ff0725664d7fcf69b0fb0a84e133529f06,42,6
833.0,train,datasets\splits\main_benchmark_system_split.json,83b354d7aa91c0f94044f461d489d9a39ecf3729bcdfabc1c6e77899a18ede9a,76812d7a9ba8c6e6660e1acbf15817ff0725664d7fcf69b0fb0a84e133529f06,42,6
835.0,train,datasets\splits\main_benchmark_system_split.json,83b354d7aa91c0f94044f461d489d9a39ecf3729bcdfabc1c6e77899a18ede9a,76812d7a9ba8c6e6660e1acbf15817ff0725664d7fcf69b0fb0a84e133529f06,42,6
836.0,train,datasets\splits\main_benchmark_system_split.json,83b354d7aa91c0f94044f461d489d9a39ecf3729bcdfabc1c6e77899a18ede9a,76812d7a9ba8c6e6660e1acbf15817ff0725664d7fcf69b0fb0a84e133529f06,42,6
837.0,train,datasets\splits\main_benchmark_system_split.json,83b354d7aa91c0f94044f461d489d9a39ecf3729bcdfabc1c6e77899a18ede9a,76812d7a9ba8c6e6660e1acbf15817ff0725664d7fcf69b0fb0a84e133529f06,42,6
838.0,train,datasets\splits\main_benchmark_system_split.json,83b354d7aa91c0f94044f461d489d9a39ecf3729bcdfabc1c6e77899a18ede9a,76812d7a9ba8c6e6660e1acbf15817ff0725664d7fcf69b0fb0a84e133529f06,42,6
839.0,train,datasets\splits\main_benchmark_system_split.json,83b354d7aa91c0f94044f461d489d9a39ecf3729bcdfabc1c6e77899a18ede9a,76812d7a9ba8c6e6660e1acbf15817ff0725664d7fcf69b0fb0a84e133529f06,42,6
841.0,train,datasets\splits\main_benchmark_system_split.json,83b354d7aa91c0f94044f461d489d9a39ecf3729bcdfabc1c6e77899a18ede9a,76812d7a9ba8c6e6660e1acbf15817ff0725664d7fcf69b0fb0a84e133529f06,42,6
842.0,train,datasets\splits\main_benchmark_system_split.json,83b354d7aa91c0f94044f461d489d9a39ecf3729bcdfabc1c6e77899a18ede9a,76812d7a9ba8c6e6660e1acbf15817ff0725664d7fcf69b0fb0a84e133529f06,42,6
843.0,train,datasets\splits\main_benchmark_system_split.json,83b354d7aa91c0f94044f461d489d9a39ecf3729bcdfabc1c6e77899a18ede9a,76812d7a9ba8c6e6660e1acbf15817ff0725664d7fcf69b0fb0a84e133529f06,42,6
844.0,train,datasets\splits\main_benchmark_system_split.json,83b354d7aa91c0f94044f461d489d9a39ecf3729bcdfabc1c6e77899a18ede9a,76812d7a9ba8c6e6660e1acbf15817ff0725664d7fcf69b0fb0a84e133529f06,42,6
845.0,train,datasets\splits\main_benchmark_system_split.json,83b354d7aa91c0f94044f461d489d9a39ecf3729bcdfabc1c6e77899a18ede9a,76812d7a9ba8c6e6660e1acbf15817ff0725664d7fcf69b0fb0a84e133529f06,42,6
846.0,train,datasets\splits\main_benchmark_system_split.json,83b354d7aa91c0f94044f461d489d9a39ecf3729bcdfabc1c6e77899a18ede9a,76812d7a9ba8c6e6660e1acbf15817ff0725664d7fcf69b0fb0a84e133529f06,42,6
848.0,train,datasets\splits\main_benchmark_system_split.json,83b354d7aa91c0f94044f461d489d9a39ecf3729bcdfabc1c6e77899a18ede9a,76812d7a9ba8c6e6660e1acbf15817ff0725664d7fcf69b0fb0a84e133529f06,42,6
850.0,train,datasets\splits\main_benchmark_system_split.json,83b354d7aa91c0f94044f461d489d9a39ecf3729bcdfabc1c6e77899a18ede9a,76812d7a9ba8c6e6660e1acbf15817ff0725664d7fcf69b0fb0a84e133529f06,42,6
851.0,train,datasets\splits\main_benchmark_system_split.json,83b354d7aa91c0f94044f461d489d9a39ecf3729bcdfabc1c6e77899a18ede9a,76812d7a9ba8c6e6660e1acbf15817ff0725664d7fcf69b0fb0a84e133529f06,42,6
852.0,train,datasets\splits\main_benchmark_system_split.json,83b354d7aa91c0f94044f461d489d9a39ecf3729bcdfabc1c6e77899a18ede9a,76812d7a9ba8c6e6660e1acbf15817ff0725664d7fcf69b0fb0a84e133529f06,42,6
854.0,train,datasets\splits\main_benchmark_system_split.json,83b354d7aa91c0f94044f461d489d9a39ecf3729bcdfabc1c6e77899a18ede9a,76812d7a9ba8c6e6660e1acbf15817ff0725664d7fcf69b0fb0a84e133529f06,42,6
855.0,train,datasets\splits\main_benchmark_system_split.json,83b354d7aa91c0f94044f461d489d9a39ecf3729bcdfabc1c6e77899a18ede9a,76812d7a9ba8c6e6660e1acbf15817ff0725664d7fcf69b0fb0a84e133529f06,42,6
858.0,train,datasets\splits\main_benchmark_system_split.json,83b354d7aa91c0f94044f461d489d9a39ecf3729bcdfabc1c6e77899a18ede9a,76812d7a9ba8c6e6660e1acbf15817ff0725664d7fcf69b0fb0a84e133529f06,42,6
861.0,train,datasets\splits\main_benchmark_system_split.json,83b354d7aa91c0f94044f461d489d9a39ecf3729bcdfabc1c6e77899a18ede9a,76812d7a9ba8c6e6660e1acbf15817ff0725664d7fcf69b0fb0a84e133529f06,42,6
2.0,validation,datasets\splits\main_benchmark_system_split.json,83b354d7aa91c0f94044f461d489d9a39ecf3729bcdfabc1c6e77899a18ede9a,76812d7a9ba8c6e6660e1acbf15817ff0725664d7fcf69b0fb0a84e133529f06,42,6
14.0,validation,datasets\splits\main_benchmark_system_split.json,83b354d7aa91c0f94044f461d489d9a39ecf3729bcdfabc1c6e77899a18ede9a,76812d7a9ba8c6e6660e1acbf15817ff0725664d7fcf69b0fb0a84e133529f06,42,6
21.0,validation,datasets\splits\main_benchmark_system_split.json,83b354d7aa91c0f94044f461d489d9a39ecf3729bcdfabc1c6e77899a18ede9a,76812d7a9ba8c6e6660e1acbf15817ff0725664d7fcf69b0fb0a84e133529f06,42,6
23.0,validation,datasets\splits\main_benchmark_system_split.json,83b354d7aa91c0f94044f461d489d9a39ecf3729bcdfabc1c6e77899a18ede9a,76812d7a9ba8c6e6660e1acbf15817ff0725664d7fcf69b0fb0a84e133529f06,42,6
41.0,validation,datasets\splits\main_benchmark_system_split.json,83b354d7aa91c0f94044f461d489d9a39ecf3729bcdfabc1c6e77899a18ede9a,76812d7a9ba8c6e6660e1acbf15817ff0725664d7fcf69b0fb0a84e133529f06,42,6
69.0,validation,datasets\splits\main_benchmark_system_split.json,83b354d7aa91c0f94044f461d489d9a39ecf3729bcdfabc1c6e77899a18ede9a,76812d7a9ba8c6e6660e1acbf15817ff0725664d7fcf69b0fb0a84e133529f06,42,6
88.0,validation,datasets\splits\main_benchmark_system_split.json,83b354d7aa91c0f94044f461d489d9a39ecf3729bcdfabc1c6e77899a18ede9a,76812d7a9ba8c6e6660e1acbf15817ff0725664d7fcf69b0fb0a84e133529f06,42,6
97.0,validation,datasets\splits\main_benchmark_system_split.json,83b354d7aa91c0f94044f461d489d9a39ecf3729bcdfabc1c6e77899a18ede9a,76812d7a9ba8c6e6660e1acbf15817ff0725664d7fcf69b0fb0a84e133529f06,42,6
104.0,validation,datasets\splits\main_benchmark_system_split.json,83b354d7aa91c0f94044f461d489d9a39ecf3729bcdfabc1c6e77899a18ede9a,76812d7a9ba8c6e6660e1acbf15817ff0725664d7fcf69b0fb0a84e133529f06,42,6
108.0,validation,datasets\splits\main_benchmark_system_split.json,83b354d7aa91c0f94044f461d489d9a39ecf3729bcdfabc1c6e77899a18ede9a,76812d7a9ba8c6e6660e1acbf15817ff0725664d7fcf69b0fb0a84e133529f06,42,6
121.0,validation,datasets\splits\main_benchmark_system_split.json,83b354d7aa91c0f94044f461d489d9a39ecf3729bcdfabc1c6e77899a18ede9a,76812d7a9ba8c6e6660e1acbf15817ff0725664d7fcf69b0fb0a84e133529f06,42,6
124.0,validation,datasets\splits\main_benchmark_system_split.json,83b354d7aa91c0f94044f461d489d9a39ecf3729bcdfabc1c6e77899a18ede9a,76812d7a9ba8c6e6660e1acbf15817ff0725664d7fcf69b0fb0a84e133529f06,42,6
127.0,validation,datasets\splits\main_benchmark_system_split.json,83b354d7aa91c0f94044f461d489d9a39ecf3729bcdfabc1c6e77899a18ede9a,76812d7a9ba8c6e6660e1acbf15817ff0725664d7fcf69b0fb0a84e133529f06,42,6
129.0,validation,datasets\splits\main_benchmark_system_split.json,83b354d7aa91c0f94044f461d489d9a39ecf3729bcdfabc1c6e77899a18ede9a,76812d7a9ba8c6e6660e1acbf15817ff0725664d7fcf69b0fb0a84e133529f06,42,6
150.0,validation,datasets\splits\main_benchmark_system_split.json,83b354d7aa91c0f94044f461d489d9a39ecf3729bcdfabc1c6e77899a18ede9a,76812d7a9ba8c6e6660e1acbf15817ff0725664d7fcf69b0fb0a84e133529f06,42,6
159.0,validation,datasets\splits\main_benchmark_system_split.json,83b354d7aa91c0f94044f461d489d9a39ecf3729bcdfabc1c6e77899a18ede9a,76812d7a9ba8c6e6660e1acbf15817ff0725664d7fcf69b0fb0a84e133529f06,42,6
195.0,validation,datasets\splits\main_benchmark_system_split.json,83b354d7aa91c0f94044f461d489d9a39ecf3729bcdfabc1c6e77899a18ede9a,76812d7a9ba8c6e6660e1acbf15817ff0725664d7fcf69b0fb0a84e133529f06,42,6
196.0,validation,datasets\splits\main_benchmark_system_split.json,83b354d7aa91c0f94044f461d489d9a39ecf3729bcdfabc1c6e77899a18ede9a,76812d7a9ba8c6e6660e1acbf15817ff0725664d7fcf69b0fb0a84e133529f06,42,6
202.0,validation,datasets\splits\main_benchmark_system_split.json,83b354d7aa91c0f94044f461d489d9a39ecf3729bcdfabc1c6e77899a18ede9a,76812d7a9ba8c6e6660e1acbf15817ff0725664d7fcf69b0fb0a84e133529f06,42,6
240.0,validation,datasets\splits\main_benchmark_system_split.json,83b354d7aa91c0f94044f461d489d9a39ecf3729bcdfabc1c6e77899a18ede9a,76812d7a9ba8c6e6660e1acbf15817ff0725664d7fcf69b0fb0a84e133529f06,42,6
242.0,validation,datasets\splits\main_benchmark_system_split.json,83b354d7aa91c0f94044f461d489d9a39ecf3729bcdfabc1c6e77899a18ede9a,76812d7a9ba8c6e6660e1acbf15817ff0725664d7fcf69b0fb0a84e133529f06,42,6
252.0,validation,datasets\splits\main_benchmark_system_split.json,83b354d7aa91c0f94044f461d489d9a39ecf3729bcdfabc1c6e77899a18ede9a,76812d7a9ba8c6e6660e1acbf15817ff0725664d7fcf69b0fb0a84e133529f06,42,6
257.0,validation,datasets\splits\main_benchmark_system_split.json,83b354d7aa91c0f94044f461d489d9a39ecf3729bcdfabc1c6e77899a18ede9a,76812d7a9ba8c6e6660e1acbf15817ff0725664d7fcf69b0fb0a84e133529f06,42,6
266.0,validation,datasets\splits\main_benchmark_system_split.json,83b354d7aa91c0f94044f461d489d9a39ecf3729bcdfabc1c6e77899a18ede9a,76812d7a9ba8c6e6660e1acbf15817ff0725664d7fcf69b0fb0a84e133529f06,42,6
293.0,validation,datasets\splits\main_benchmark_system_split.json,83b354d7aa91c0f94044f461d489d9a39ecf3729bcdfabc1c6e77899a18ede9a,76812d7a9ba8c6e6660e1acbf15817ff0725664d7fcf69b0fb0a84e133529f06,42,6
295.0,validation,datasets\splits\main_benchmark_system_split.json,83b354d7aa91c0f94044f461d489d9a39ecf3729bcdfabc1c6e77899a18ede9a,76812d7a9ba8c6e6660e1acbf15817ff0725664d7fcf69b0fb0a84e133529f06,42,6
308.0,validation,datasets\splits\main_benchmark_system_split.json,83b354d7aa91c0f94044f461d489d9a39ecf3729bcdfabc1c6e77899a18ede9a,76812d7a9ba8c6e6660e1acbf15817ff0725664d7fcf69b0fb0a84e133529f06,42,6
330.0,validation,datasets\splits\main_benchmark_system_split.json,83b354d7aa91c0f94044f461d489d9a39ecf3729bcdfabc1c6e77899a18ede9a,76812d7a9ba8c6e6660e1acbf15817ff0725664d7fcf69b0fb0a84e133529f06,42,6
331.0,validation,datasets\splits\main_benchmark_system_split.json,83b354d7aa91c0f94044f461d489d9a39ecf3729bcdfabc1c6e77899a18ede9a,76812d7a9ba8c6e6660e1acbf15817ff0725664d7fcf69b0fb0a84e133529f06,42,6
335.0,validation,datasets\splits\main_benchmark_system_split.json,83b354d7aa91c0f94044f461d489d9a39ecf3729bcdfabc1c6e77899a18ede9a,76812d7a9ba8c6e6660e1acbf15817ff0725664d7fcf69b0fb0a84e133529f06,42,6
339.0,validation,datasets\splits\main_benchmark_system_split.json,83b354d7aa91c0f94044f461d489d9a39ecf3729bcdfabc1c6e77899a18ede9a,76812d7a9ba8c6e6660e1acbf15817ff0725664d7fcf69b0fb0a84e133529f06,42,6
380.0,validation,datasets\splits\main_benchmark_system_split.json,83b354d7aa91c0f94044f461d489d9a39ecf3729bcdfabc1c6e77899a18ede9a,76812d7a9ba8c6e6660e1acbf15817ff0725664d7fcf69b0fb0a84e133529f06,42,6
385.0,validation,datasets\splits\main_benchmark_system_split.json,83b354d7aa91c0f94044f461d489d9a39ecf3729bcdfabc1c6e77899a18ede9a,76812d7a9ba8c6e6660e1acbf15817ff0725664d7fcf69b0fb0a84e133529f06,42,6
388.0,validation,datasets\splits\main_benchmark_system_split.json,83b354d7aa91c0f94044f461d489d9a39ecf3729bcdfabc1c6e77899a18ede9a,76812d7a9ba8c6e6660e1acbf15817ff0725664d7fcf69b0fb0a84e133529f06,42,6
404.0,validation,datasets\splits\main_benchmark_system_split.json,83b354d7aa91c0f94044f461d489d9a39ecf3729bcdfabc1c6e77899a18ede9a,76812d7a9ba8c6e6660e1acbf15817ff0725664d7fcf69b0fb0a84e133529f06,42,6
415.0,validation,datasets\splits\main_benchmark_system_split.json,83b354d7aa91c0f94044f461d489d9a39ecf3729bcdfabc1c6e77899a18ede9a,76812d7a9ba8c6e6660e1acbf15817ff0725664d7fcf69b0fb0a84e133529f06,42,6
419.0,validation,datasets\splits\main_benchmark_system_split.json,83b354d7aa91c0f94044f461d489d9a39ecf3729bcdfabc1c6e77899a18ede9a,76812d7a9ba8c6e6660e1acbf15817ff0725664d7fcf69b0fb0a84e133529f06,42,6
421.0,validation,datasets\splits\main_benchmark_system_split.json,83b354d7aa91c0f94044f461d489d9a39ecf3729bcdfabc1c6e77899a18ede9a,76812d7a9ba8c6e6660e1acbf15817ff0725664d7fcf69b0fb0a84e133529f06,42,6
443.0,validation,datasets\splits\main_benchmark_system_split.json,83b354d7aa91c0f94044f461d489d9a39ecf3729bcdfabc1c6e77899a18ede9a,76812d7a9ba8c6e6660e1acbf15817ff0725664d7fcf69b0fb0a84e133529f06,42,6
450.0,validation,datasets\splits\main_benchmark_system_split.json,83b354d7aa91c0f94044f461d489d9a39ecf3729bcdfabc1c6e77899a18ede9a,76812d7a9ba8c6e6660e1acbf15817ff0725664d7fcf69b0fb0a84e133529f06,42,6
475.0,validation,datasets\splits\main_benchmark_system_split.json,83b354d7aa91c0f94044f461d489d9a39ecf3729bcdfabc1c6e77899a18ede9a,76812d7a9ba8c6e6660e1acbf15817ff0725664d7fcf69b0fb0a84e133529f06,42,6
477.0,validation,datasets\splits\main_benchmark_system_split.json,83b354d7aa91c0f94044f461d489d9a39ecf3729bcdfabc1c6e77899a18ede9a,76812d7a9ba8c6e6660e1acbf15817ff0725664d7fcf69b0fb0a84e133529f06,42,6
479.0,validation,datasets\splits\main_benchmark_system_split.json,83b354d7aa91c0f94044f461d489d9a39ecf3729bcdfabc1c6e77899a18ede9a,76812d7a9ba8c6e6660e1acbf15817ff0725664d7fcf69b0fb0a84e133529f06,42,6
492.0,validation,datasets\splits\main_benchmark_system_split.json,83b354d7aa91c0f94044f461d489d9a39ecf3729bcdfabc1c6e77899a18ede9a,76812d7a9ba8c6e6660e1acbf15817ff0725664d7fcf69b0fb0a84e133529f06,42,6
506.0,validation,datasets\splits\main_benchmark_system_split.json,83b354d7aa91c0f94044f461d489d9a39ecf3729bcdfabc1c6e77899a18ede9a,76812d7a9ba8c6e6660e1acbf15817ff0725664d7fcf69b0fb0a84e133529f06,42,6
528.0,validation,datasets\splits\main_benchmark_system_split.json,83b354d7aa91c0f94044f461d489d9a39ecf3729bcdfabc1c6e77899a18ede9a,76812d7a9ba8c6e6660e1acbf15817ff0725664d7fcf69b0fb0a84e133529f06,42,6
537.0,validation,datasets\splits\main_benchmark_system_split.json,83b354d7aa91c0f94044f461d489d9a39ecf3729bcdfabc1c6e77899a18ede9a,76812d7a9ba8c6e6660e1acbf15817ff0725664d7fcf69b0fb0a84e133529f06,42,6
560.0,validation,datasets\splits\main_benchmark_system_split.json,83b354d7aa91c0f94044f461d489d9a39ecf3729bcdfabc1c6e77899a18ede9a,76812d7a9ba8c6e6660e1acbf15817ff0725664d7fcf69b0fb0a84e133529f06,42,6
561.0,validation,datasets\splits\main_benchmark_system_split.json,83b354d7aa91c0f94044f461d489d9a39ecf3729bcdfabc1c6e77899a18ede9a,76812d7a9ba8c6e6660e1acbf15817ff0725664d7fcf69b0fb0a84e133529f06,42,6
567.0,validation,datasets\splits\main_benchmark_system_split.json,83b354d7aa91c0f94044f461d489d9a39ecf3729bcdfabc1c6e77899a18ede9a,76812d7a9ba8c6e6660e1acbf15817ff0725664d7fcf69b0fb0a84e133529f06,42,6
568.0,validation,datasets\splits\main_benchmark_system_split.json,83b354d7aa91c0f94044f461d489d9a39ecf3729bcdfabc1c6e77899a18ede9a,76812d7a9ba8c6e6660e1acbf15817ff0725664d7fcf69b0fb0a84e133529f06,42,6
575.0,validation,datasets\splits\main_benchmark_system_split.json,83b354d7aa91c0f94044f461d489d9a39ecf3729bcdfabc1c6e77899a18ede9a,76812d7a9ba8c6e6660e1acbf15817ff0725664d7fcf69b0fb0a84e133529f06,42,6
584.0,validation,datasets\splits\main_benchmark_system_split.json,83b354d7aa91c0f94044f461d489d9a39ecf3729bcdfabc1c6e77899a18ede9a,76812d7a9ba8c6e6660e1acbf15817ff0725664d7fcf69b0fb0a84e133529f06,42,6
585.0,validation,datasets\splits\main_benchmark_system_split.json,83b354d7aa91c0f94044f461d489d9a39ecf3729bcdfabc1c6e77899a18ede9a,76812d7a9ba8c6e6660e1acbf15817ff0725664d7fcf69b0fb0a84e133529f06,42,6
586.0,validation,datasets\splits\main_benchmark_system_split.json,83b354d7aa91c0f94044f461d489d9a39ecf3729bcdfabc1c6e77899a18ede9a,76812d7a9ba8c6e6660e1acbf15817ff0725664d7fcf69b0fb0a84e133529f06,42,6
594.0,validation,datasets\splits\main_benchmark_system_split.json,83b354d7aa91c0f94044f461d489d9a39ecf3729bcdfabc1c6e77899a18ede9a,76812d7a9ba8c6e6660e1acbf15817ff0725664d7fcf69b0fb0a84e133529f06,42,6
603.0,validation,datasets\splits\main_benchmark_system_split.json,83b354d7aa91c0f94044f461d489d9a39ecf3729bcdfabc1c6e77899a18ede9a,76812d7a9ba8c6e6660e1acbf15817ff0725664d7fcf69b0fb0a84e133529f06,42,6
618.0,validation,datasets\splits\main_benchmark_system_split.json,83b354d7aa91c0f94044f461d489d9a39ecf3729bcdfabc1c6e77899a18ede9a,76812d7a9ba8c6e6660e1acbf15817ff0725664d7fcf69b0fb0a84e133529f06,42,6
624.0,validation,datasets\splits\main_benchmark_system_split.json,83b354d7aa91c0f94044f461d489d9a39ecf3729bcdfabc1c6e77899a18ede9a,76812d7a9ba8c6e6660e1acbf15817ff0725664d7fcf69b0fb0a84e133529f06,42,6
626.0,validation,datasets\splits\main_benchmark_system_split.json,83b354d7aa91c0f94044f461d489d9a39ecf3729bcdfabc1c6e77899a18ede9a,76812d7a9ba8c6e6660e1acbf15817ff0725664d7fcf69b0fb0a84e133529f06,42,6
696.0,validation,datasets\splits\main_benchmark_system_split.json,83b354d7aa91c0f94044f461d489d9a39ecf3729bcdfabc1c6e77899a18ede9a,76812d7a9ba8c6e6660e1acbf15817ff0725664d7fcf69b0fb0a84e133529f06,42,6
701.0,validation,datasets\splits\main_benchmark_system_split.json,83b354d7aa91c0f94044f461d489d9a39ecf3729bcdfabc1c6e77899a18ede9a,76812d7a9ba8c6e6660e1acbf15817ff0725664d7fcf69b0fb0a84e133529f06,42,6
702.0,validation,datasets\splits\main_benchmark_system_split.json,83b354d7aa91c0f94044f461d489d9a39ecf3729bcdfabc1c6e77899a18ede9a,76812d7a9ba8c6e6660e1acbf15817ff0725664d7fcf69b0fb0a84e133529f06,42,6
703.0,validation,datasets\splits\main_benchmark_system_split.json,83b354d7aa91c0f94044f461d489d9a39ecf3729bcdfabc1c6e77899a18ede9a,76812d7a9ba8c6e6660e1acbf15817ff0725664d7fcf69b0fb0a84e133529f06,42,6
705.0,validation,datasets\splits\main_benchmark_system_split.json,83b354d7aa91c0f94044f461d489d9a39ecf3729bcdfabc1c6e77899a18ede9a,76812d7a9ba8c6e6660e1acbf15817ff0725664d7fcf69b0fb0a84e133529f06,42,6
706.0,validation,datasets\splits\main_benchmark_system_split.json,83b354d7aa91c0f94044f461d489d9a39ecf3729bcdfabc1c6e77899a18ede9a,76812d7a9ba8c6e6660e1acbf15817ff0725664d7fcf69b0fb0a84e133529f06,42,6
707.0,validation,datasets\splits\main_benchmark_system_split.json,83b354d7aa91c0f94044f461d489d9a39ecf3729bcdfabc1c6e77899a18ede9a,76812d7a9ba8c6e6660e1acbf15817ff0725664d7fcf69b0fb0a84e133529f06,42,6
757.0,validation,datasets\splits\main_benchmark_system_split.json,83b354d7aa91c0f94044f461d489d9a39ecf3729bcdfabc1c6e77899a18ede9a,76812d7a9ba8c6e6660e1acbf15817ff0725664d7fcf69b0fb0a84e133529f06,42,6
773.0,validation,datasets\splits\main_benchmark_system_split.json,83b354d7aa91c0f94044f461d489d9a39ecf3729bcdfabc1c6e77899a18ede9a,76812d7a9ba8c6e6660e1acbf15817ff0725664d7fcf69b0fb0a84e133529f06,42,6
806.0,validation,datasets\splits\main_benchmark_system_split.json,83b354d7aa91c0f94044f461d489d9a39ecf3729bcdfabc1c6e77899a18ede9a,76812d7a9ba8c6e6660e1acbf15817ff0725664d7fcf69b0fb0a84e133529f06,42,6
830.0,validation,datasets\splits\main_benchmark_system_split.json,83b354d7aa91c0f94044f461d489d9a39ecf3729bcdfabc1c6e77899a18ede9a,76812d7a9ba8c6e6660e1acbf15817ff0725664d7fcf69b0fb0a84e133529f06,42,6
832.0,validation,datasets\splits\main_benchmark_system_split.json,83b354d7aa91c0f94044f461d489d9a39ecf3729bcdfabc1c6e77899a18ede9a,76812d7a9ba8c6e6660e1acbf15817ff0725664d7fcf69b0fb0a84e133529f06,42,6
840.0,validation,datasets\splits\main_benchmark_system_split.json,83b354d7aa91c0f94044f461d489d9a39ecf3729bcdfabc1c6e77899a18ede9a,76812d7a9ba8c6e6660e1acbf15817ff0725664d7fcf69b0fb0a84e133529f06,42,6
853.0,validation,datasets\splits\main_benchmark_system_split.json,83b354d7aa91c0f94044f461d489d9a39ecf3729bcdfabc1c6e77899a18ede9a,76812d7a9ba8c6e6660e1acbf15817ff0725664d7fcf69b0fb0a84e133529f06,42,6
856.0,validation,datasets\splits\main_benchmark_system_split.json,83b354d7aa91c0f94044f461d489d9a39ecf3729bcdfabc1c6e77899a18ede9a,76812d7a9ba8c6e6660e1acbf15817ff0725664d7fcf69b0fb0a84e133529f06,42,6
22.0,test,datasets\splits\main_benchmark_system_split.json,83b354d7aa91c0f94044f461d489d9a39ecf3729bcdfabc1c6e77899a18ede9a,76812d7a9ba8c6e6660e1acbf15817ff0725664d7fcf69b0fb0a84e133529f06,42,6
25.0,test,datasets\splits\main_benchmark_system_split.json,83b354d7aa91c0f94044f461d489d9a39ecf3729bcdfabc1c6e77899a18ede9a,76812d7a9ba8c6e6660e1acbf15817ff0725664d7fcf69b0fb0a84e133529f06,42,6
26.0,test,datasets\splits\main_benchmark_system_split.json,83b354d7aa91c0f94044f461d489d9a39ecf3729bcdfabc1c6e77899a18ede9a,76812d7a9ba8c6e6660e1acbf15817ff0725664d7fcf69b0fb0a84e133529f06,42,6
28.0,test,datasets\splits\main_benchmark_system_split.json,83b354d7aa91c0f94044f461d489d9a39ecf3729bcdfabc1c6e77899a18ede9a,76812d7a9ba8c6e6660e1acbf15817ff0725664d7fcf69b0fb0a84e133529f06,42,6
31.0,test,datasets\splits\main_benchmark_system_split.json,83b354d7aa91c0f94044f461d489d9a39ecf3729bcdfabc1c6e77899a18ede9a,76812d7a9ba8c6e6660e1acbf15817ff0725664d7fcf69b0fb0a84e133529f06,42,6
37.0,test,datasets\splits\main_benchmark_system_split.json,83b354d7aa91c0f94044f461d489d9a39ecf3729bcdfabc1c6e77899a18ede9a,76812d7a9ba8c6e6660e1acbf15817ff0725664d7fcf69b0fb0a84e133529f06,42,6
44.0,test,datasets\splits\main_benchmark_system_split.json,83b354d7aa91c0f94044f461d489d9a39ecf3729bcdfabc1c6e77899a18ede9a,76812d7a9ba8c6e6660e1acbf15817ff0725664d7fcf69b0fb0a84e133529f06,42,6
63.0,test,datasets\splits\main_benchmark_system_split.json,83b354d7aa91c0f94044f461d489d9a39ecf3729bcdfabc1c6e77899a18ede9a,76812d7a9ba8c6e6660e1acbf15817ff0725664d7fcf69b0fb0a84e133529f06,42,6
85.0,test,datasets\splits\main_benchmark_system_split.json,83b354d7aa91c0f94044f461d489d9a39ecf3729bcdfabc1c6e77899a18ede9a,76812d7a9ba8c6e6660e1acbf15817ff0725664d7fcf69b0fb0a84e133529f06,42,6
128.0,test,datasets\splits\main_benchmark_system_split.json,83b354d7aa91c0f94044f461d489d9a39ecf3729bcdfabc1c6e77899a18ede9a,76812d7a9ba8c6e6660e1acbf15817ff0725664d7fcf69b0fb0a84e133529f06,42,6
132.0,test,datasets\splits\main_benchmark_system_split.json,83b354d7aa91c0f94044f461d489d9a39ecf3729bcdfabc1c6e77899a18ede9a,76812d7a9ba8c6e6660e1acbf15817ff0725664d7fcf69b0fb0a84e133529f06,42,6
137.0,test,datasets\splits\main_benchmark_system_split.json,83b354d7aa91c0f94044f461d489d9a39ecf3729bcdfabc1c6e77899a18ede9a,76812d7a9ba8c6e6660e1acbf15817ff0725664d7fcf69b0fb0a84e133529f06,42,6
161.0,test,datasets\splits\main_benchmark_system_split.json,83b354d7aa91c0f94044f461d489d9a39ecf3729bcdfabc1c6e77899a18ede9a,76812d7a9ba8c6e6660e1acbf15817ff0725664d7fcf69b0fb0a84e133529f06,42,6
164.0,test,datasets\splits\main_benchmark_system_split.json,83b354d7aa91c0f94044f461d489d9a39ecf3729bcdfabc1c6e77899a18ede9a,76812d7a9ba8c6e6660e1acbf15817ff0725664d7fcf69b0fb0a84e133529f06,42,6
191.0,test,datasets\splits\main_benchmark_system_split.json,83b354d7aa91c0f94044f461d489d9a39ecf3729bcdfabc1c6e77899a18ede9a,76812d7a9ba8c6e6660e1acbf15817ff0725664d7fcf69b0fb0a84e133529f06,42,6
199.0,test,datasets\splits\main_benchmark_system_split.json,83b354d7aa91c0f94044f461d489d9a39ecf3729bcdfabc1c6e77899a18ede9a,76812d7a9ba8c6e6660e1acbf15817ff0725664d7fcf69b0fb0a84e133529f06,42,6
206.0,test,datasets\splits\main_benchmark_system_split.json,83b354d7aa91c0f94044f461d489d9a39ecf3729bcdfabc1c6e77899a18ede9a,76812d7a9ba8c6e6660e1acbf15817ff0725664d7fcf69b0fb0a84e133529f06,42,6
211.0,test,datasets\splits\main_benchmark_system_split.json,83b354d7aa91c0f94044f461d489d9a39ecf3729bcdfabc1c6e77899a18ede9a,76812d7a9ba8c6e6660e1acbf15817ff0725664d7fcf69b0fb0a84e133529f06,42,6
220.0,test,datasets\splits\main_benchmark_system_split.json,83b354d7aa91c0f94044f461d489d9a39ecf3729bcdfabc1c6e77899a18ede9a,76812d7a9ba8c6e6660e1acbf15817ff0725664d7fcf69b0fb0a84e133529f06,42,6
224.0,test,datasets\splits\main_benchmark_system_split.json,83b354d7aa91c0f94044f461d489d9a39ecf3729bcdfabc1c6e77899a18ede9a,76812d7a9ba8c6e6660e1acbf15817ff0725664d7fcf69b0fb0a84e133529f06,42,6
254.0,test,datasets\splits\main_benchmark_system_split.json,83b354d7aa91c0f94044f461d489d9a39ecf3729bcdfabc1c6e77899a18ede9a,76812d7a9ba8c6e6660e1acbf15817ff0725664d7fcf69b0fb0a84e133529f06,42,6
300.0,test,datasets\splits\main_benchmark_system_split.json,83b354d7aa91c0f94044f461d489d9a39ecf3729bcdfabc1c6e77899a18ede9a,76812d7a9ba8c6e6660e1acbf15817ff0725664d7fcf69b0fb0a84e133529f06,42,6
301.0,test,datasets\splits\main_benchmark_system_split.json,83b354d7aa91c0f94044f461d489d9a39ecf3729bcdfabc1c6e77899a18ede9a,76812d7a9ba8c6e6660e1acbf15817ff0725664d7fcf69b0fb0a84e133529f06,42,6
303.0,test,datasets\splits\main_benchmark_system_split.json,83b354d7aa91c0f94044f461d489d9a39ecf3729bcdfabc1c6e77899a18ede9a,76812d7a9ba8c6e6660e1acbf15817ff0725664d7fcf69b0fb0a84e133529f06,42,6
305.0,test,datasets\splits\main_benchmark_system_split.json,83b354d7aa91c0f94044f461d489d9a39ecf3729bcdfabc1c6e77899a18ede9a,76812d7a9ba8c6e6660e1acbf15817ff0725664d7fcf69b0fb0a84e133529f06,42,6
323.0,test,datasets\splits\main_benchmark_system_split.json,83b354d7aa91c0f94044f461d489d9a39ecf3729bcdfabc1c6e77899a18ede9a,76812d7a9ba8c6e6660e1acbf15817ff0725664d7fcf69b0fb0a84e133529f06,42,6
337.0,test,datasets\splits\main_benchmark_system_split.json,83b354d7aa91c0f94044f461d489d9a39ecf3729bcdfabc1c6e77899a18ede9a,76812d7a9ba8c6e6660e1acbf15817ff0725664d7fcf69b0fb0a84e133529f06,42,6
344.0,test,datasets\splits\main_benchmark_system_split.json,83b354d7aa91c0f94044f461d489d9a39ecf3729bcdfabc1c6e77899a18ede9a,76812d7a9ba8c6e6660e1acbf15817ff0725664d7fcf69b0fb0a84e133529f06,42,6
359.0,test,datasets\splits\main_benchmark_system_split.json,83b354d7aa91c0f94044f461d489d9a39ecf3729bcdfabc1c6e77899a18ede9a,76812d7a9ba8c6e6660e1acbf15817ff0725664d7fcf69b0fb0a84e133529f06,42,6
364.0,test,datasets\splits\main_benchmark_system_split.json,83b354d7aa91c0f94044f461d489d9a39ecf3729bcdfabc1c6e77899a18ede9a,76812d7a9ba8c6e6660e1acbf15817ff0725664d7fcf69b0fb0a84e133529f06,42,6
367.0,test,datasets\splits\main_benchmark_system_split.json,83b354d7aa91c0f94044f461d489d9a39ecf3729bcdfabc1c6e77899a18ede9a,76812d7a9ba8c6e6660e1acbf15817ff0725664d7fcf69b0fb0a84e133529f06,42,6
374.0,test,datasets\splits\main_benchmark_system_split.json,83b354d7aa91c0f94044f461d489d9a39ecf3729bcdfabc1c6e77899a18ede9a,76812d7a9ba8c6e6660e1acbf15817ff0725664d7fcf69b0fb0a84e133529f06,42,6
387.0,test,datasets\splits\main_benchmark_system_split.json,83b354d7aa91c0f94044f461d489d9a39ecf3729bcdfabc1c6e77899a18ede9a,76812d7a9ba8c6e6660e1acbf15817ff0725664d7fcf69b0fb0a84e133529f06,42,6
393.0,test,datasets\splits\main_benchmark_system_split.json,83b354d7aa91c0f94044f461d489d9a39ecf3729bcdfabc1c6e77899a18ede9a,76812d7a9ba8c6e6660e1acbf15817ff0725664d7fcf69b0fb0a84e133529f06,42,6
407.0,test,datasets\splits\main_benchmark_system_split.json,83b354d7aa91c0f94044f461d489d9a39ecf3729bcdfabc1c6e77899a18ede9a,76812d7a9ba8c6e6660e1acbf15817ff0725664d7fcf69b0fb0a84e133529f06,42,6
409.0,test,datasets\splits\main_benchmark_system_split.json,83b354d7aa91c0f94044f461d489d9a39ecf3729bcdfabc1c6e77899a18ede9a,76812d7a9ba8c6e6660e1acbf15817ff0725664d7fcf69b0fb0a84e133529f06,42,6
423.0,test,datasets\splits\main_benchmark_system_split.json,83b354d7aa91c0f94044f461d489d9a39ecf3729bcdfabc1c6e77899a18ede9a,76812d7a9ba8c6e6660e1acbf15817ff0725664d7fcf69b0fb0a84e133529f06,42,6
449.0,test,datasets\splits\main_benchmark_system_split.json,83b354d7aa91c0f94044f461d489d9a39ecf3729bcdfabc1c6e77899a18ede9a,76812d7a9ba8c6e6660e1acbf15817ff0725664d7fcf69b0fb0a84e133529f06,42,6
458.0,test,datasets\splits\main_benchmark_system_split.json,83b354d7aa91c0f94044f461d489d9a39ecf3729bcdfabc1c6e77899a18ede9a,76812d7a9ba8c6e6660e1acbf15817ff0725664d7fcf69b0fb0a84e133529f06,42,6
472.0,test,datasets\splits\main_benchmark_system_split.json,83b354d7aa91c0f94044f461d489d9a39ecf3729bcdfabc1c6e77899a18ede9a,76812d7a9ba8c6e6660e1acbf15817ff0725664d7fcf69b0fb0a84e133529f06,42,6
498.0,test,datasets\splits\main_benchmark_system_split.json,83b354d7aa91c0f94044f461d489d9a39ecf3729bcdfabc1c6e77899a18ede9a,76812d7a9ba8c6e6660e1acbf15817ff0725664d7fcf69b0fb0a84e133529f06,42,6
500.0,test,datasets\splits\main_benchmark_system_split.json,83b354d7aa91c0f94044f461d489d9a39ecf3729bcdfabc1c6e77899a18ede9a,76812d7a9ba8c6e6660e1acbf15817ff0725664d7fcf69b0fb0a84e133529f06,42,6
518.0,test,datasets\splits\main_benchmark_system_split.json,83b354d7aa91c0f94044f461d489d9a39ecf3729bcdfabc1c6e77899a18ede9a,76812d7a9ba8c6e6660e1acbf15817ff0725664d7fcf69b0fb0a84e133529f06,42,6
525.0,test,datasets\splits\main_benchmark_system_split.json,83b354d7aa91c0f94044f461d489d9a39ecf3729bcdfabc1c6e77899a18ede9a,76812d7a9ba8c6e6660e1acbf15817ff0725664d7fcf69b0fb0a84e133529f06,42,6
526.0,test,datasets\splits\main_benchmark_system_split.json,83b354d7aa91c0f94044f461d489d9a39ecf3729bcdfabc1c6e77899a18ede9a,76812d7a9ba8c6e6660e1acbf15817ff0725664d7fcf69b0fb0a84e133529f06,42,6
542.0,test,datasets\splits\main_benchmark_system_split.json,83b354d7aa91c0f94044f461d489d9a39ecf3729bcdfabc1c6e77899a18ede9a,76812d7a9ba8c6e6660e1acbf15817ff0725664d7fcf69b0fb0a84e133529f06,42,6
543.0,test,datasets\splits\main_benchmark_system_split.json,83b354d7aa91c0f94044f461d489d9a39ecf3729bcdfabc1c6e77899a18ede9a,76812d7a9ba8c6e6660e1acbf15817ff0725664d7fcf69b0fb0a84e133529f06,42,6
550.0,test,datasets\splits\main_benchmark_system_split.json,83b354d7aa91c0f94044f461d489d9a39ecf3729bcdfabc1c6e77899a18ede9a,76812d7a9ba8c6e6660e1acbf15817ff0725664d7fcf69b0fb0a84e133529f06,42,6
579.0,test,datasets\splits\main_benchmark_system_split.json,83b354d7aa91c0f94044f461d489d9a39ecf3729bcdfabc1c6e77899a18ede9a,76812d7a9ba8c6e6660e1acbf15817ff0725664d7fcf69b0fb0a84e133529f06,42,6
599.0,test,datasets\splits\main_benchmark_system_split.json,83b354d7aa91c0f94044f461d489d9a39ecf3729bcdfabc1c6e77899a18ede9a,76812d7a9ba8c6e6660e1acbf15817ff0725664d7fcf69b0fb0a84e133529f06,42,6
600.0,test,datasets\splits\main_benchmark_system_split.json,83b354d7aa91c0f94044f461d489d9a39ecf3729bcdfabc1c6e77899a18ede9a,76812d7a9ba8c6e6660e1acbf15817ff0725664d7fcf69b0fb0a84e133529f06,42,6
610.0,test,datasets\splits\main_benchmark_system_split.json,83b354d7aa91c0f94044f461d489d9a39ecf3729bcdfabc1c6e77899a18ede9a,76812d7a9ba8c6e6660e1acbf15817ff0725664d7fcf69b0fb0a84e133529f06,42,6
614.0,test,datasets\splits\main_benchmark_system_split.json,83b354d7aa91c0f94044f461d489d9a39ecf3729bcdfabc1c6e77899a18ede9a,76812d7a9ba8c6e6660e1acbf15817ff0725664d7fcf69b0fb0a84e133529f06,42,6
633.0,test,datasets\splits\main_benchmark_system_split.json,83b354d7aa91c0f94044f461d489d9a39ecf3729bcdfabc1c6e77899a18ede9a,76812d7a9ba8c6e6660e1acbf15817ff0725664d7fcf69b0fb0a84e133529f06,42,6
660.0,test,datasets\splits\main_benchmark_system_split.json,83b354d7aa91c0f94044f461d489d9a39ecf3729bcdfabc1c6e77899a18ede9a,76812d7a9ba8c6e6660e1acbf15817ff0725664d7fcf69b0fb0a84e133529f06,42,6
662.0,test,datasets\splits\main_benchmark_system_split.json,83b354d7aa91c0f94044f461d489d9a39ecf3729bcdfabc1c6e77899a18ede9a,76812d7a9ba8c6e6660e1acbf15817ff0725664d7fcf69b0fb0a84e133529f06,42,6
668.0,test,datasets\splits\main_benchmark_system_split.json,83b354d7aa91c0f94044f461d489d9a39ecf3729bcdfabc1c6e77899a18ede9a,76812d7a9ba8c6e6660e1acbf15817ff0725664d7fcf69b0fb0a84e133529f06,42,6
712.0,test,datasets\splits\main_benchmark_system_split.json,83b354d7aa91c0f94044f461d489d9a39ecf3729bcdfabc1c6e77899a18ede9a,76812d7a9ba8c6e6660e1acbf15817ff0725664d7fcf69b0fb0a84e133529f06,42,6
722.0,test,datasets\splits\main_benchmark_system_split.json,83b354d7aa91c0f94044f461d489d9a39ecf3729bcdfabc1c6e77899a18ede9a,76812d7a9ba8c6e6660e1acbf15817ff0725664d7fcf69b0fb0a84e133529f06,42,6
732.0,test,datasets\splits\main_benchmark_system_split.json,83b354d7aa91c0f94044f461d489d9a39ecf3729bcdfabc1c6e77899a18ede9a,76812d7a9ba8c6e6660e1acbf15817ff0725664d7fcf69b0fb0a84e133529f06,42,6
735.0,test,datasets\splits\main_benchmark_system_split.json,83b354d7aa91c0f94044f461d489d9a39ecf3729bcdfabc1c6e77899a18ede9a,76812d7a9ba8c6e6660e1acbf15817ff0725664d7fcf69b0fb0a84e133529f06,42,6
743.0,test,datasets\splits\main_benchmark_system_split.json,83b354d7aa91c0f94044f461d489d9a39ecf3729bcdfabc1c6e77899a18ede9a,76812d7a9ba8c6e6660e1acbf15817ff0725664d7fcf69b0fb0a84e133529f06,42,6
748.0,test,datasets\splits\main_benchmark_system_split.json,83b354d7aa91c0f94044f461d489d9a39ecf3729bcdfabc1c6e77899a18ede9a,76812d7a9ba8c6e6660e1acbf15817ff0725664d7fcf69b0fb0a84e133529f06,42,6
752.0,test,datasets\splits\main_benchmark_system_split.json,83b354d7aa91c0f94044f461d489d9a39ecf3729bcdfabc1c6e77899a18ede9a,76812d7a9ba8c6e6660e1acbf15817ff0725664d7fcf69b0fb0a84e133529f06,42,6
761.0,test,datasets\splits\main_benchmark_system_split.json,83b354d7aa91c0f94044f461d489d9a39ecf3729bcdfabc1c6e77899a18ede9a,76812d7a9ba8c6e6660e1acbf15817ff0725664d7fcf69b0fb0a84e133529f06,42,6
784.0,test,datasets\splits\main_benchmark_system_split.json,83b354d7aa91c0f94044f461d489d9a39ecf3729bcdfabc1c6e77899a18ede9a,76812d7a9ba8c6e6660e1acbf15817ff0725664d7fcf69b0fb0a84e133529f06,42,6
785.0,test,datasets\splits\main_benchmark_system_split.json,83b354d7aa91c0f94044f461d489d9a39ecf3729bcdfabc1c6e77899a18ede9a,76812d7a9ba8c6e6660e1acbf15817ff0725664d7fcf69b0fb0a84e133529f06,42,6
790.0,test,datasets\splits\main_benchmark_system_split.json,83b354d7aa91c0f94044f461d489d9a39ecf3729bcdfabc1c6e77899a18ede9a,76812d7a9ba8c6e6660e1acbf15817ff0725664d7fcf69b0fb0a84e133529f06,42,6
792.0,test,datasets\splits\main_benchmark_system_split.json,83b354d7aa91c0f94044f461d489d9a39ecf3729bcdfabc1c6e77899a18ede9a,76812d7a9ba8c6e6660e1acbf15817ff0725664d7fcf69b0fb0a84e133529f06,42,6
797.0,test,datasets\splits\main_benchmark_system_split.json,83b354d7aa91c0f94044f461d489d9a39ecf3729bcdfabc1c6e77899a18ede9a,76812d7a9ba8c6e6660e1acbf15817ff0725664d7fcf69b0fb0a84e133529f06,42,6
818.0,test,datasets\splits\main_benchmark_system_split.json,83b354d7aa91c0f94044f461d489d9a39ecf3729bcdfabc1c6e77899a18ede9a,76812d7a9ba8c6e6660e1acbf15817ff0725664d7fcf69b0fb0a84e133529f06,42,6
826.0,test,datasets\splits\main_benchmark_system_split.json,83b354d7aa91c0f94044f461d489d9a39ecf3729bcdfabc1c6e77899a18ede9a,76812d7a9ba8c6e6660e1acbf15817ff0725664d7fcf69b0fb0a84e133529f06,42,6
828.0,test,datasets\splits\main_benchmark_system_split.json,83b354d7aa91c0f94044f461d489d9a39ecf3729bcdfabc1c6e77899a18ede9a,76812d7a9ba8c6e6660e1acbf15817ff0725664d7fcf69b0fb0a84e133529f06,42,6
834.0,test,datasets\splits\main_benchmark_system_split.json,83b354d7aa91c0f94044f461d489d9a39ecf3729bcdfabc1c6e77899a18ede9a,76812d7a9ba8c6e6660e1acbf15817ff0725664d7fcf69b0fb0a84e133529f06,42,6
847.0,test,datasets\splits\main_benchmark_system_split.json,83b354d7aa91c0f94044f461d489d9a39ecf3729bcdfabc1c6e77899a18ede9a,76812d7a9ba8c6e6660e1acbf15817ff0725664d7fcf69b0fb0a84e133529f06,42,6
849.0,test,datasets\splits\main_benchmark_system_split.json,83b354d7aa91c0f94044f461d489d9a39ecf3729bcdfabc1c6e77899a18ede9a,76812d7a9ba8c6e6660e1acbf15817ff0725664d7fcf69b0fb0a84e133529f06,42,6
859.0,test,datasets\splits\main_benchmark_system_split.json,83b354d7aa91c0f94044f461d489d9a39ecf3729bcdfabc1c6e77899a18ede9a,76812d7a9ba8c6e6660e1acbf15817ff0725664d7fcf69b0fb0a84e133529f06,42,6
860.0,test,datasets\splits\main_benchmark_system_split.json,83b354d7aa91c0f94044f461d489d9a39ecf3729bcdfabc1c6e77899a18ede9a,76812d7a9ba8c6e6660e1acbf15817ff0725664d7fcf69b0fb0a84e133529f06,42,6
