edge,importance
mix_edge_4,2.627524454956731e-09
mix_edge_2,2.4938765864323162e-09
mix_edge_1,1.7628926818046935e-09
mix_edge_3,1.7378931084297232e-09
mix_edge_0,1.6901185892076915e-09
mix_edge_5,1.6703085585663413e-09
