Involved in the gama database,IL (Component 1) full name,smiles1,IL abbreviation,Component 2,smiles2,Family of component 2,Component 3,smiles3,Family of component 3,Ex1,Ex2,Ex3,Rx1,Rx2,Rx3,P,t,system_id,T,distance_from_training_range_k,temperature_side,distance_bin,pred_Ex1,pred_Ex2,pred_Ex3,pred_Rx1,pred_Rx2,pred_Rx3
no,1-butyl-4-methylpyridinium tetrafluoroborate,CCCC[n+]1ccc(C)cc1.F[B-](F)(F)F,[C4MPy][BF4],benzene,c1ccccc1,aromatic,n-hexane,CCCCCC,alkane,0.983,0.0,0.017,0.022,0.0,0.978,101.325,0.0,83,333.2,10.0,above,5-10 K,0.88027716,0.111681975,0.008040956,0.003147759,0.26385906,0.7329932
no,1-butyl-4-methylpyridinium tetrafluoroborate,CCCC[n+]1ccc(C)cc1.F[B-](F)(F)F,[C4MPy][BF4],benzene,c1ccccc1,aromatic,n-hexane,CCCCCC,alkane,0.922,0.061,0.017,0.007,0.049,0.944,101.325,0.16666667,83,333.2,10.0,above,5-10 K,0.8540412,0.13633119,0.009627679,0.003595294,0.30164167,0.69476306
no,1-butyl-4-methylpyridinium tetrafluoroborate,CCCC[n+]1ccc(C)cc1.F[B-](F)(F)F,[C4MPy][BF4],benzene,c1ccccc1,aromatic,n-hexane,CCCCCC,alkane,0.896,0.088,0.016,0.01,0.084,0.906,101.325,0.33333334,83,333.2,10.0,above,5-10 K,0.8239744,0.16461566,0.011409941,0.004058067,0.34118015,0.6547618
no,1-butyl-4-methylpyridinium tetrafluoroborate,CCCC[n+]1ccc(C)cc1.F[B-](F)(F)F,[C4MPy][BF4],benzene,c1ccccc1,aromatic,n-hexane,CCCCCC,alkane,0.877,0.106,0.017,0.011,0.115,0.874,101.325,0.5,83,333.2,10.0,above,5-10 K,0.7888106,0.19773316,0.013456244,0.0045525585,0.38362855,0.61181885
no,1-butyl-4-methylpyridinium tetrafluoroborate,CCCC[n+]1ccc(C)cc1.F[B-](F)(F)F,[C4MPy][BF4],benzene,c1ccccc1,aromatic,n-hexane,CCCCCC,alkane,0.817,0.166,0.017,0.005,0.21,0.785,101.325,0.6666667,83,333.2,10.0,above,5-10 K,0.74841154,0.23583394,0.015754499,0.005069142,0.42832297,0.5666079
no,1-butyl-4-methylpyridinium tetrafluoroborate,CCCC[n+]1ccc(C)cc1.F[B-](F)(F)F,[C4MPy][BF4],benzene,c1ccccc1,aromatic,n-hexane,CCCCCC,alkane,0.754,0.229,0.017,0.008,0.313,0.679,101.325,0.8333333,83,333.2,10.0,above,5-10 K,0.7031088,0.27860916,0.01828212,0.0055953,0.47421622,0.52018845
no,1-butyl-4-methylpyridinium tetrafluoroborate,CCCC[n+]1ccc(C)cc1.F[B-](F)(F)F,[C4MPy][BF4],benzene,c1ccccc1,aromatic,n-hexane,CCCCCC,alkane,0.688,0.295,0.017,0.006,0.43,0.564,101.325,1.0,83,333.2,10.0,above,5-10 K,0.6545237,0.32455018,0.020926116,0.006092777,0.5189641,0.4749431
no,1-butyl-4-methylpyridinium tetrafluoroborate,CCCC[n+]1ccc(C)cc1.F[B-](F)(F)F,[C4MPy][BF4],toluene,Cc1ccccc1,aromatic,n-heptane,CCCCCCC,alkane,0.9882,0.0,0.0118,0.0049,0.0,0.9951,101.325,0.0,86,348.2,25.0,above,>20 K,0.927246,0.06769695,0.0050570853,0.0027021924,0.2638993,0.73339844
no,1-butyl-4-methylpyridinium tetrafluoroborate,CCCC[n+]1ccc(C)cc1.F[B-](F)(F)F,[C4MPy][BF4],toluene,Cc1ccccc1,aromatic,n-heptane,CCCCCCC,alkane,0.9678,0.0166,0.0156,0.0,0.0402,0.9598,101.325,0.083333336,86,348.2,25.0,above,>20 K,0.9191193,0.075315714,0.005564886,0.0028936286,0.281886,0.7152204
no,1-butyl-4-methylpyridinium tetrafluoroborate,CCCC[n+]1ccc(C)cc1.F[B-](F)(F)F,[C4MPy][BF4],toluene,Cc1ccccc1,aromatic,n-heptane,CCCCCCC,alkane,0.9692,0.0182,0.0126,0.0065,0.0404,0.9531,101.325,0.16666667,86,348.2,25.0,above,>20 K,0.9099415,0.083930895,0.00612761,0.0031045233,0.30183652,0.695059
no,1-butyl-4-methylpyridinium tetrafluoroborate,CCCC[n+]1ccc(C)cc1.F[B-](F)(F)F,[C4MPy][BF4],toluene,Cc1ccccc1,aromatic,n-heptane,CCCCCCC,alkane,0.9553,0.0334,0.0113,0.0,0.0701,0.9299,101.325,0.25,86,348.2,25.0,above,>20 K,0.89997303,0.09328994,0.0067370865,0.0033180595,0.3219157,0.67476624
no,1-butyl-4-methylpyridinium tetrafluoroborate,CCCC[n+]1ccc(C)cc1.F[B-](F)(F)F,[C4MPy][BF4],toluene,Cc1ccccc1,aromatic,n-heptane,CCCCCCC,alkane,0.941,0.0483,0.0107,0.0,0.1077,0.8923,101.325,0.33333334,86,348.2,25.0,above,>20 K,0.889148,0.10346058,0.007391446,0.0035324171,0.34204578,0.6544218
no,1-butyl-4-methylpyridinium tetrafluoroborate,CCCC[n+]1ccc(C)cc1.F[B-](F)(F)F,[C4MPy][BF4],toluene,Cc1ccccc1,aromatic,n-heptane,CCCCCCC,alkane,0.9219,0.0669,0.0112,0.0,0.1478,0.8522,101.325,0.41666666,86,348.2,25.0,above,>20 K,0.87788314,0.114048176,0.008068672,0.0037307604,0.36132804,0.6349413
no,1-butyl-4-methylpyridinium tetrafluoroborate,CCCC[n+]1ccc(C)cc1.F[B-](F)(F)F,[C4MPy][BF4],toluene,Cc1ccccc1,aromatic,n-heptane,CCCCCCC,alkane,0.89500004,0.09290001,0.012100001,0.0127,0.2069,0.7804,101.325,0.5,86,348.2,25.0,above,>20 K,0.8665195,0.12473117,0.008749412,0.0038952462,0.37935212,0.6167526
no,1-butyl-4-methylpyridinium tetrafluoroborate,CCCC[n+]1ccc(C)cc1.F[B-](F)(F)F,[C4MPy][BF4],toluene,Cc1ccccc1,aromatic,n-heptane,CCCCCCC,alkane,0.88820004,0.10080001,0.011000001,0.0,0.2771,0.7229,101.325,0.5833333,86,348.2,25.0,above,>20 K,0.85262036,0.13781433,0.009565283,0.004124283,0.40098023,0.59489554
no,1-butyl-4-methylpyridinium tetrafluoroborate,CCCC[n+]1ccc(C)cc1.F[B-](F)(F)F,[C4MPy][BF4],toluene,Cc1ccccc1,aromatic,n-heptane,CCCCCCC,alkane,0.8431,0.1455,0.0114,0.0097,0.3303,0.66,101.325,0.6666667,86,348.2,25.0,above,>20 K,0.837757,0.15181588,0.010427183,0.004347968,0.42289713,0.57275486
no,1-butyl-4-methylpyridinium tetrafluoroborate,CCCC[n+]1ccc(C)cc1.F[B-](F)(F)F,[C4MPy][BF4],toluene,Cc1ccccc1,aromatic,n-heptane,CCCCCCC,alkane,0.8051,0.1836,0.0113,0.007,0.4211,0.5719,101.325,0.75,86,348.2,25.0,above,>20 K,0.82174724,0.16690944,0.011343237,0.004570227,0.44519988,0.5502299
no,1-butyl-4-methylpyridinium tetrafluoroborate,CCCC[n+]1ccc(C)cc1.F[B-](F)(F)F,[C4MPy][BF4],toluene,Cc1ccccc1,aromatic,n-heptane,CCCCCCC,alkane,0.7587,0.2307,0.0106,0.003,0.5302,0.4668,101.325,0.8333333,86,348.2,25.0,above,>20 K,0.80420303,0.18346025,0.012336769,0.00480631,0.46776837,0.52742535
no,1-butyl-4-methylpyridinium tetrafluoroborate,CCCC[n+]1ccc(C)cc1.F[B-](F)(F)F,[C4MPy][BF4],toluene,Cc1ccccc1,aromatic,n-heptane,CCCCCCC,alkane,0.74810004,0.24200001,0.009900001,0.0,0.592,0.408,101.325,0.9166667,86,348.2,25.0,above,>20 K,0.78555346,0.20106135,0.01338516,0.0050436943,0.49023652,0.50471973
no,1-butyl-4-methylpyridinium tetrafluoroborate,CCCC[n+]1ccc(C)cc1.F[B-](F)(F)F,[C4MPy][BF4],toluene,Cc1ccccc1,aromatic,n-heptane,CCCCCCC,alkane,0.5089,0.4911,0.0,0.0,1.0,0.0,101.325,1.0,86,348.2,25.0,above,>20 K,0.7660106,0.21952905,0.014460338,0.005257997,0.5128392,0.48190278
no,1-butyl-4-methylpyridinium tetrafluoroborate,CCCC[n+]1ccc(C)cc1.F[B-](F)(F)F,[C4MPy][BF4],ethylbenzene,CCc1ccccc1,aromatic,n-octane,CCCCCCCC,alkane,0.992,0.0,0.008,0.018,0.0,0.982,101.325,0.0,88,348.2,25.0,above,>20 K,0.93618053,0.05729905,0.0065204087,0.0028951257,0.30581504,0.6912898
no,1-butyl-4-methylpyridinium tetrafluoroborate,CCCC[n+]1ccc(C)cc1.F[B-](F)(F)F,[C4MPy][BF4],ethylbenzene,CCc1ccccc1,aromatic,n-octane,CCCCCCCC,alkane,0.957,0.035,0.008,0.007,0.079,0.914,101.325,0.14285715,88,348.2,25.0,above,>20 K,0.9238182,0.06852056,0.007661241,0.0032198518,0.33515224,0.6616279
no,1-butyl-4-methylpyridinium tetrafluoroborate,CCCC[n+]1ccc(C)cc1.F[B-](F)(F)F,[C4MPy][BF4],ethylbenzene,CCc1ccccc1,aromatic,n-octane,CCCCCCCC,alkane,0.947,0.045,0.008,0.013,0.121,0.866,101.325,0.2857143,88,348.2,25.0,above,>20 K,0.9093711,0.08166147,0.008967469,0.0035587559,0.36580724,0.630634
no,1-butyl-4-methylpyridinium tetrafluoroborate,CCCC[n+]1ccc(C)cc1.F[B-](F)(F)F,[C4MPy][BF4],ethylbenzene,CCc1ccccc1,aromatic,n-octane,CCCCCCCC,alkane,0.937,0.055,0.008,0.011,0.164,0.825,101.325,0.42857143,88,348.2,25.0,above,>20 K,0.89243245,0.097092494,0.010475048,0.0039197183,0.397539,0.5985413
no,1-butyl-4-methylpyridinium tetrafluoroborate,CCCC[n+]1ccc(C)cc1.F[B-](F)(F)F,[C4MPy][BF4],ethylbenzene,CCc1ccccc1,aromatic,n-octane,CCCCCCCC,alkane,0.912,0.081,0.007,0.016,0.294,0.69,101.325,0.5714286,88,348.2,25.0,above,>20 K,0.8727098,0.11509115,0.012199009,0.004298774,0.43012878,0.56557244
no,1-butyl-4-methylpyridinium tetrafluoroborate,CCCC[n+]1ccc(C)cc1.F[B-](F)(F)F,[C4MPy][BF4],ethylbenzene,CCc1ccccc1,aromatic,n-octane,CCCCCCCC,alkane,0.884,0.11,0.006,0.013,0.437,0.55,101.325,0.71428573,88,348.2,25.0,above,>20 K,0.8499966,0.13584809,0.014155205,0.004716235,0.46189836,0.5333854
no,1-butyl-4-methylpyridinium tetrafluoroborate,CCCC[n+]1ccc(C)cc1.F[B-](F)(F)F,[C4MPy][BF4],ethylbenzene,CCc1ccccc1,aromatic,n-octane,CCCCCCCC,alkane,0.856,0.139,0.005,0.015,0.572,0.413,101.325,0.85714287,88,348.2,25.0,above,>20 K,0.8241127,0.15954669,0.016340572,0.00513499,0.49449164,0.50037336
no,1-butyl-4-methylpyridinium tetrafluoroborate,CCCC[n+]1ccc(C)cc1.F[B-](F)(F)F,[C4MPy][BF4],ethylbenzene,CCc1ccccc1,aromatic,n-octane,CCCCCCCC,alkane,0.75,0.25,0.0,0.013,0.987,0.0,101.325,1.0,88,348.2,25.0,above,>20 K,0.7948132,0.18641628,0.018770488,0.005552097,0.5277161,0.46673182
no,1-butyl-4-methylpyridinium tetrafluoroborate,CCCC[n+]1ccc(C)cc1.F[B-](F)(F)F,[C4MPy][BF4],m-xylene,Cc1cccc(C)c1,aromatic,n-octane,CCCCCCCC,alkane,0.992,0.0,0.008,0.018,0.0,0.982,101.325,0.0,90,348.2,25.0,above,>20 K,0.9356891,0.059768017,0.0045429515,0.0025555468,0.27301303,0.7244315
no,1-butyl-4-methylpyridinium tetrafluoroborate,CCCC[n+]1ccc(C)cc1.F[B-](F)(F)F,[C4MPy][BF4],m-xylene,Cc1cccc(C)c1,aromatic,n-octane,CCCCCCCC,alkane,0.966,0.027,0.007,0.022,0.082,0.896,101.325,0.11111111,90,348.2,25.0,above,>20 K,0.92587215,0.068963535,0.005164344,0.0027945088,0.2972634,0.6999421
no,1-butyl-4-methylpyridinium tetrafluoroborate,CCCC[n+]1ccc(C)cc1.F[B-](F)(F)F,[C4MPy][BF4],m-xylene,Cc1cccc(C)c1,aromatic,n-octane,CCCCCCCC,alkane,0.956,0.037,0.007,0.015,0.124,0.861,101.325,0.22222222,90,348.2,25.0,above,>20 K,0.9126544,0.081462055,0.0058835153,0.0028973452,0.33407268,0.66303
no,1-butyl-4-methylpyridinium tetrafluoroborate,CCCC[n+]1ccc(C)cc1.F[B-](F)(F)F,[C4MPy][BF4],m-xylene,Cc1cccc(C)c1,aromatic,n-octane,CCCCCCCC,alkane,0.947,0.046,0.007,0.02,0.17,0.81,101.325,0.33333334,90,348.2,25.0,above,>20 K,0.89966446,0.0936657,0.006669881,0.0031442242,0.36115262,0.63570315
no,1-butyl-4-methylpyridinium tetrafluoroborate,CCCC[n+]1ccc(C)cc1.F[B-](F)(F)F,[C4MPy][BF4],m-xylene,Cc1cccc(C)c1,aromatic,n-octane,CCCCCCCC,alkane,0.936,0.057,0.007,0.016,0.212,0.772,101.325,0.44444445,90,348.2,25.0,above,>20 K,0.8851129,0.10727939,0.00760776,0.0034884042,0.385041,0.6114706
no,1-butyl-4-methylpyridinium tetrafluoroborate,CCCC[n+]1ccc(C)cc1.F[B-](F)(F)F,[C4MPy][BF4],m-xylene,Cc1cccc(C)c1,aromatic,n-octane,CCCCCCCC,alkane,0.928,0.065,0.007,0.014,0.257,0.729,101.325,0.5555556,90,348.2,25.0,above,>20 K,0.86890167,0.12248492,0.008613377,0.003799991,0.41131887,0.58488107
no,1-butyl-4-methylpyridinium tetrafluoroborate,CCCC[n+]1ccc(C)cc1.F[B-](F)(F)F,[C4MPy][BF4],m-xylene,Cc1cccc(C)c1,aromatic,n-octane,CCCCCCCC,alkane,0.918,0.075,0.007,0.018,0.297,0.685,101.325,0.6666667,90,348.2,25.0,above,>20 K,0.85058653,0.13972405,0.009689383,0.004080512,0.4402363,0.55568314
no,1-butyl-4-methylpyridinium tetrafluoroborate,CCCC[n+]1ccc(C)cc1.F[B-](F)(F)F,[C4MPy][BF4],m-xylene,Cc1cccc(C)c1,aromatic,n-octane,CCCCCCCC,alkane,0.903,0.091,0.006,0.026,0.375,0.599,101.325,0.7777778,90,348.2,25.0,above,>20 K,0.83043593,0.15871178,0.010852339,0.0043554483,0.46911174,0.5265328
no,1-butyl-4-methylpyridinium tetrafluoroborate,CCCC[n+]1ccc(C)cc1.F[B-](F)(F)F,[C4MPy][BF4],m-xylene,Cc1cccc(C)c1,aromatic,n-octane,CCCCCCCC,alkane,0.882,0.112,0.006,0.013,0.473,0.514,101.325,0.8888889,90,348.2,25.0,above,>20 K,0.80867475,0.1792353,0.012089873,0.0046203467,0.49744093,0.49793875
no,1-butyl-4-methylpyridinium tetrafluoroborate,CCCC[n+]1ccc(C)cc1.F[B-](F)(F)F,[C4MPy][BF4],m-xylene,Cc1cccc(C)c1,aromatic,n-octane,CCCCCCCC,alkane,0.854,0.141,0.005,0.022,0.573,0.405,101.325,1.0,90,348.2,25.0,above,>20 K,0.7841572,0.20238282,0.013459919,0.004899414,0.52651286,0.4685877
no,1-butyl-4-methylpyridinium tetrafluoroborate,CCCC[n+]1ccc(C)cc1.F[B-](F)(F)F,[C4MPy][BF4],n-propylbenzene,CCCc1ccccc1,aromatic,n-dodecane,CCCCCCCCCCCC,alkane,0.95640004,0.037600003,0.0060000005,0.0,0.1067,0.8933,101.325,0.0,93,333.0,9.800000000000011,above,5-10 K,0.94270676,0.051269315,0.0060239797,0.0026547883,0.33617666,0.6611686
no,1-butyl-4-methylpyridinium tetrafluoroborate,CCCC[n+]1ccc(C)cc1.F[B-](F)(F)F,[C4MPy][BF4],n-propylbenzene,CCCc1ccccc1,aromatic,n-dodecane,CCCCCCCCCCCC,alkane,0.9236,0.07,0.0064,0.0,0.1942,0.8058,101.325,0.125,93,333.0,9.800000000000011,above,5-10 K,0.9332529,0.059821237,0.0069258614,0.0028992197,0.36122108,0.63587976
no,1-butyl-4-methylpyridinium tetrafluoroborate,CCCC[n+]1ccc(C)cc1.F[B-](F)(F)F,[C4MPy][BF4],n-propylbenzene,CCCc1ccccc1,aromatic,n-dodecane,CCCCCCCCCCCC,alkane,0.8944,0.0988,0.0068,0.0,0.2669,0.7331,101.325,0.25,93,333.0,9.800000000000011,above,5-10 K,0.9223257,0.06972204,0.007952377,0.003157288,0.38709792,0.6097448
no,1-butyl-4-methylpyridinium tetrafluoroborate,CCCC[n+]1ccc(C)cc1.F[B-](F)(F)F,[C4MPy][BF4],n-propylbenzene,CCCc1ccccc1,aromatic,n-dodecane,CCCCCCCCCCCC,alkane,0.8672,0.1256,0.0072,0.0,0.3277,0.6723,101.325,0.375,93,333.0,9.800000000000011,above,5-10 K,0.9107314,0.080235,0.009033652,0.0033698026,0.41108617,0.58554405
no,1-butyl-4-methylpyridinium tetrafluoroborate,CCCC[n+]1ccc(C)cc1.F[B-](F)(F)F,[C4MPy][BF4],n-propylbenzene,CCCc1ccccc1,aromatic,n-dodecane,CCCCCCCCCCCC,alkane,0.8425,0.1499,0.0076,0.0,0.3796,0.6204,101.325,0.5,93,333.0,9.800000000000011,above,5-10 K,0.8970482,0.09265705,0.010294727,0.003614841,0.43684894,0.5595362
no,1-butyl-4-methylpyridinium tetrafluoroborate,CCCC[n+]1ccc(C)cc1.F[B-](F)(F)F,[C4MPy][BF4],n-propylbenzene,CCCc1ccccc1,aromatic,n-dodecane,CCCCCCCCCCCC,alkane,0.8194,0.1726,0.008,0.0,0.4242,0.5758,101.325,0.625,93,333.0,9.800000000000011,above,5-10 K,0.88088614,0.107362516,0.011751383,0.0039003682,0.46419674,0.5319029
no,1-butyl-4-methylpyridinium tetrafluoroborate,CCCC[n+]1ccc(C)cc1.F[B-](F)(F)F,[C4MPy][BF4],n-propylbenzene,CCCc1ccccc1,aromatic,n-dodecane,CCCCCCCCCCCC,alkane,0.7953,0.1964,0.0083,0.0,0.4621,0.5379,101.325,0.75,93,333.0,9.800000000000011,above,5-10 K,0.861665,0.12488508,0.013449863,0.004227527,0.49348113,0.5022913
no,1-butyl-4-methylpyridinium tetrafluoroborate,CCCC[n+]1ccc(C)cc1.F[B-](F)(F)F,[C4MPy][BF4],n-propylbenzene,CCCc1ccccc1,aromatic,n-dodecane,CCCCCCCCCCCC,alkane,0.7718,0.2196,0.0086,0.0,0.4951,0.5049,101.325,0.875,93,333.0,9.800000000000011,above,5-10 K,0.8393364,0.14527544,0.015388204,0.0045702313,0.5243218,0.471108
no,1-butyl-4-methylpyridinium tetrafluoroborate,CCCC[n+]1ccc(C)cc1.F[B-](F)(F)F,[C4MPy][BF4],n-propylbenzene,CCCc1ccccc1,aromatic,n-dodecane,CCCCCCCCCCCC,alkane,0.7383,0.2528,0.0089,0.0,0.5528,0.4472,101.325,1.0,93,333.0,9.800000000000011,above,5-10 K,0.8160031,0.16660061,0.017396342,0.004879953,0.5515255,0.44359457
no,1-butyl-4-methylpyridinium tetrafluoroborate,CCCC[n+]1ccc(C)cc1.F[B-](F)(F)F,[C4MPy][BF4],n-propylbenzene,CCCc1ccccc1,aromatic,n-tetradecane,CCCCCCCCCCCCCC,alkane,0.9581,0.0382,0.0037,0.0,0.1211,0.8789,101.325,0.0,96,333.0,9.800000000000011,above,5-10 K,0.94195735,0.05214423,0.00589842,0.002575948,0.33725247,0.6601716
no,1-butyl-4-methylpyridinium tetrafluoroborate,CCCC[n+]1ccc(C)cc1.F[B-](F)(F)F,[C4MPy][BF4],n-propylbenzene,CCCc1ccccc1,aromatic,n-tetradecane,CCCCCCCCCCCCCC,alkane,0.92550004,0.07060001,0.0039000001,0.0,0.2179,0.7821,101.325,0.11111111,96,333.0,9.800000000000011,above,5-10 K,0.93344575,0.05987123,0.0066829273,0.0027880268,0.36000508,0.6372069
no,1-butyl-4-methylpyridinium tetrafluoroborate,CCCC[n+]1ccc(C)cc1.F[B-](F)(F)F,[C4MPy][BF4],n-propylbenzene,CCCc1ccccc1,aromatic,n-tetradecane,CCCCCCCCCCCCCC,alkane,0.8952,0.1005,0.0043,0.0,0.2957,0.7043,101.325,0.22222222,96,333.0,9.800000000000011,above,5-10 K,0.92375237,0.06868126,0.0075664544,0.0030110776,0.38344502,0.6135438
no,1-butyl-4-methylpyridinium tetrafluoroborate,CCCC[n+]1ccc(C)cc1.F[B-](F)(F)F,[C4MPy][BF4],n-propylbenzene,CCCc1ccccc1,aromatic,n-tetradecane,CCCCCCCCCCCCCC,alkane,0.8725,0.1231,0.0044,0.0,0.3619,0.6381,101.325,0.33333334,96,333.0,9.800000000000011,above,5-10 K,0.91277903,0.07866647,0.008554541,0.003243451,0.4073688,0.5893878
no,1-butyl-4-methylpyridinium tetrafluoroborate,CCCC[n+]1ccc(C)cc1.F[B-](F)(F)F,[C4MPy][BF4],n-propylbenzene,CCCc1ccccc1,aromatic,n-tetradecane,CCCCCCCCCCCCCC,alkane,0.84790003,0.14750001,0.0046000006,0.0,0.4156,0.5844,101.325,0.44444445,96,333.0,9.800000000000011,above,5-10 K,0.9004116,0.08993633,0.009652114,0.00348318,0.4317533,0.5647635
no,1-butyl-4-methylpyridinium tetrafluoroborate,CCCC[n+]1ccc(C)cc1.F[B-](F)(F)F,[C4MPy][BF4],n-propylbenzene,CCCc1ccccc1,aromatic,n-tetradecane,CCCCCCCCCCCCCC,alkane,0.8259,0.1694,0.0047,0.0,0.4614,0.5386,101.325,0.5555556,96,333.0,9.800000000000011,above,5-10 K,0.88733286,0.1018643,0.010802815,0.0036880241,0.45524466,0.54106736
no,1-butyl-4-methylpyridinium tetrafluoroborate,CCCC[n+]1ccc(C)cc1.F[B-](F)(F)F,[C4MPy][BF4],n-propylbenzene,CCCc1ccccc1,aromatic,n-tetradecane,CCCCCCCCCCCCCC,alkane,0.8028,0.1923,0.0049,0.0,0.4999,0.5001,101.325,0.6666667,96,333.0,9.800000000000011,above,5-10 K,0.87186515,0.115995705,0.012139088,0.0039395727,0.4800571,0.5160034
no,1-butyl-4-methylpyridinium tetrafluoroborate,CCCC[n+]1ccc(C)cc1.F[B-](F)(F)F,[C4MPy][BF4],n-propylbenzene,CCCc1ccccc1,aromatic,n-tetradecane,CCCCCCCCCCCCCC,alkane,0.7753,0.2192,0.0055,0.0,0.5318,0.4682,101.325,0.7777778,96,333.0,9.800000000000011,above,5-10 K,0.85453874,0.13184038,0.013620854,0.0041984087,0.50503284,0.4907687
no,1-butyl-4-methylpyridinium tetrafluoroborate,CCCC[n+]1ccc(C)cc1.F[B-](F)(F)F,[C4MPy][BF4],n-propylbenzene,CCCc1ccccc1,aromatic,n-tetradecane,CCCCCCCCCCCCCC,alkane,0.7445,0.2496,0.0059,0.0,0.5895,0.4105,101.325,0.8888889,96,333.0,9.800000000000011,above,5-10 K,0.8354128,0.1493537,0.015233567,0.0044616065,0.5297936,0.46574476
no,1-butyl-4-methylpyridinium tetrafluoroborate,CCCC[n+]1ccc(C)cc1.F[B-](F)(F)F,[C4MPy][BF4],n-propylbenzene,CCCc1ccccc1,aromatic,n-tetradecane,CCCCCCCCCCCCCC,alkane,0.7109,0.2825,0.0066,0.0,0.6336,0.3664,101.325,1.0,96,333.0,9.800000000000011,above,5-10 K,0.8150239,0.16805512,0.016920973,0.0046854718,0.55379546,0.44151908
no,1-butyl-4-methylpyridinium tetrafluoroborate,CCCC[n+]1ccc(C)cc1.F[B-](F)(F)F,[C4MPy][BF4],n-propylbenzene,CCCc1ccccc1,aromatic,n-hexadecane,CCCCCCCCCCCCCCCC,alkane,0.9565,0.0407,0.0028,0.0,0.1342,0.8658,101.325,0.0,99,333.0,9.800000000000011,above,5-10 K,0.9444385,0.05003093,0.0055305697,0.0023844354,0.32786968,0.6697459
no,1-butyl-4-methylpyridinium tetrafluoroborate,CCCC[n+]1ccc(C)cc1.F[B-](F)(F)F,[C4MPy][BF4],n-propylbenzene,CCCc1ccccc1,aromatic,n-hexadecane,CCCCCCCCCCCCCCCC,alkane,0.9228,0.0744,0.0028,0.0,0.2392,0.7608,101.325,0.11111111,99,333.0,9.800000000000011,above,5-10 K,0.93621385,0.057513908,0.006272203,0.002583718,0.35058206,0.6468342
no,1-butyl-4-methylpyridinium tetrafluoroborate,CCCC[n+]1ccc(C)cc1.F[B-](F)(F)F,[C4MPy][BF4],n-propylbenzene,CCCc1ccccc1,aromatic,n-hexadecane,CCCCCCCCCCCCCCCC,alkane,0.8951,0.102,0.0029,0.0,0.3236,0.6764,101.325,0.22222222,99,333.0,9.800000000000011,above,5-10 K,0.92680997,0.066080466,0.007109528,0.002795165,0.37410095,0.6231039
no,1-butyl-4-methylpyridinium tetrafluoroborate,CCCC[n+]1ccc(C)cc1.F[B-](F)(F)F,[C4MPy][BF4],n-propylbenzene,CCCc1ccccc1,aromatic,n-hexadecane,CCCCCCCCCCCCCCCC,alkane,0.8698,0.1272,0.003,0.0,0.3915,0.6085,101.325,0.33333334,99,333.0,9.800000000000011,above,5-10 K,0.91618896,0.075768135,0.008042796,0.0030138604,0.3981514,0.5988347
no,1-butyl-4-methylpyridinium tetrafluoroborate,CCCC[n+]1ccc(C)cc1.F[B-](F)(F)F,[C4MPy][BF4],n-propylbenzene,CCCc1ccccc1,aromatic,n-hexadecane,CCCCCCCCCCCCCCCC,alkane,0.8454,0.1513,0.0033,0.0,0.447,0.553,101.325,0.44444445,99,333.0,9.800000000000011,above,5-10 K,0.90508866,0.08583011,0.009081234,0.00332543,0.41795182,0.5787227
no,1-butyl-4-methylpyridinium tetrafluoroborate,CCCC[n+]1ccc(C)cc1.F[B-](F)(F)F,[C4MPy][BF4],n-propylbenzene,CCCc1ccccc1,aromatic,n-hexadecane,CCCCCCCCCCCCCCCC,alkane,0.8225,0.1741,0.0034,0.0,0.4932,0.5068,101.325,0.5555556,99,333.0,9.800000000000011,above,5-10 K,0.89242107,0.097355925,0.010223104,0.0036012877,0.44005206,0.55634665
no,1-butyl-4-methylpyridinium tetrafluoroborate,CCCC[n+]1ccc(C)cc1.F[B-](F)(F)F,[C4MPy][BF4],n-propylbenzene,CCCc1ccccc1,aromatic,n-hexadecane,CCCCCCCCCCCCCCCC,alkane,0.8025,0.1939,0.0036,0.0,0.5329,0.4671,101.325,0.6666667,99,333.0,9.800000000000011,above,5-10 K,0.8775793,0.110925645,0.011495126,0.0038530156,0.46483427,0.5313127
no,1-butyl-4-methylpyridinium tetrafluoroborate,CCCC[n+]1ccc(C)cc1.F[B-](F)(F)F,[C4MPy][BF4],n-propylbenzene,CCCc1ccccc1,aromatic,n-hexadecane,CCCCCCCCCCCCCCCC,alkane,0.7867,0.2095,0.0038,0.0,0.5678,0.4322,101.325,0.7777778,99,333.0,9.800000000000011,above,5-10 K,0.86120594,0.12590846,0.012885599,0.0041075232,0.48932278,0.5065697
no,1-butyl-4-methylpyridinium tetrafluoroborate,CCCC[n+]1ccc(C)cc1.F[B-](F)(F)F,[C4MPy][BF4],n-propylbenzene,CCCc1ccccc1,aromatic,n-hexadecane,CCCCCCCCCCCCCCCC,alkane,0.7517,0.2443,0.004,0.0,0.6227,0.3773,101.325,0.8888889,99,333.0,9.800000000000011,above,5-10 K,0.8434574,0.14216995,0.014372645,0.004357672,0.5131366,0.4825057
no,1-butyl-4-methylpyridinium tetrafluoroborate,CCCC[n+]1ccc(C)cc1.F[B-](F)(F)F,[C4MPy][BF4],n-propylbenzene,CCCc1ccccc1,aromatic,n-hexadecane,CCCCCCCCCCCCCCCC,alkane,0.7135,0.2823,0.0042,0.0,0.664,0.336,101.325,1.0,99,333.0,9.800000000000011,above,5-10 K,0.8231268,0.16082169,0.016051441,0.004626133,0.5379932,0.45738074
no,1-butyl-4-methylpyridinium tetrafluoroborate,CCCC[n+]1ccc(C)cc1.F[B-](F)(F)F,[C4MPy][BF4],n-propylbenzene,CCCc1ccccc1,aromatic,n-heptadecane,CCCCCCCCCCCCCCCCC,alkane,0.9572,0.0405,0.0023,0.0,0.1409,0.8591,101.325,0.0,102,333.0,9.800000000000011,above,5-10 K,0.94616115,0.04846162,0.0053771636,0.002396322,0.31741208,0.68019164
no,1-butyl-4-methylpyridinium tetrafluoroborate,CCCC[n+]1ccc(C)cc1.F[B-](F)(F)F,[C4MPy][BF4],n-propylbenzene,CCCc1ccccc1,aromatic,n-heptadecane,CCCCCCCCCCCCCCCCC,alkane,0.9243,0.0733,0.0024,0.0,0.25,0.75,101.325,0.125,102,333.0,9.800000000000011,above,5-10 K,0.9374485,0.056388054,0.0061634444,0.0026092776,0.34173325,0.6556575
no,1-butyl-4-methylpyridinium tetrafluoroborate,CCCC[n+]1ccc(C)cc1.F[B-](F)(F)F,[C4MPy][BF4],n-propylbenzene,CCCc1ccccc1,aromatic,n-heptadecane,CCCCCCCCCCCCCCCCC,alkane,0.8963,0.1012,0.0025,0.0,0.3361,0.6639,101.325,0.25,102,333.0,9.800000000000011,above,5-10 K,0.927232,0.065693446,0.0070745703,0.002841468,0.36735633,0.6298021
no,1-butyl-4-methylpyridinium tetrafluoroborate,CCCC[n+]1ccc(C)cc1.F[B-](F)(F)F,[C4MPy][BF4],n-propylbenzene,CCCc1ccccc1,aromatic,n-heptadecane,CCCCCCCCCCCCCCCCC,alkane,0.8717,0.1257,0.0026,0.0,0.4053,0.5947,101.325,0.375,102,333.0,9.800000000000011,above,5-10 K,0.9152942,0.07658149,0.008124301,0.0030933153,0.3941586,0.60274804
no,1-butyl-4-methylpyridinium tetrafluoroborate,CCCC[n+]1ccc(C)cc1.F[B-](F)(F)F,[C4MPy][BF4],n-propylbenzene,CCCc1ccccc1,aromatic,n-heptadecane,CCCCCCCCCCCCCCCCC,alkane,0.8485,0.1488,0.0027,0.0,0.4615,0.5385,101.325,0.5,102,333.0,9.800000000000011,above,5-10 K,0.8988016,0.09172703,0.009471379,0.0033863853,0.43239853,0.5642151
no,1-butyl-4-methylpyridinium tetrafluoroborate,CCCC[n+]1ccc(C)cc1.F[B-](F)(F)F,[C4MPy][BF4],n-propylbenzene,CCCc1ccccc1,aromatic,n-heptadecane,CCCCCCCCCCCCCCCCC,alkane,0.8261,0.1711,0.0028,0.0,0.5079,0.4921,101.325,0.625,102,333.0,9.800000000000011,above,5-10 K,0.88137174,0.10772866,0.010899598,0.0036459074,0.46609214,0.530262
no,1-butyl-4-methylpyridinium tetrafluoroborate,CCCC[n+]1ccc(C)cc1.F[B-](F)(F)F,[C4MPy][BF4],n-propylbenzene,CCCc1ccccc1,aromatic,n-heptadecane,CCCCCCCCCCCCCCCCC,alkane,0.8032,0.1939,0.0029,0.0,0.5464,0.4536,101.325,0.75,102,333.0,9.800000000000011,above,5-10 K,0.8628152,0.12475416,0.012430606,0.003924202,0.4947104,0.5013654
no,1-butyl-4-methylpyridinium tetrafluoroborate,CCCC[n+]1ccc(C)cc1.F[B-](F)(F)F,[C4MPy][BF4],n-propylbenzene,CCCc1ccccc1,aromatic,n-heptadecane,CCCCCCCCCCCCCCCCC,alkane,0.7873,0.2097,0.003,0.0,0.581,0.419,101.325,0.875,102,333.0,9.800000000000011,above,5-10 K,0.84205085,0.14382832,0.0141208535,0.004202645,0.52327216,0.47252524
no,1-butyl-4-methylpyridinium tetrafluoroborate,CCCC[n+]1ccc(C)cc1.F[B-](F)(F)F,[C4MPy][BF4],n-propylbenzene,CCCc1ccccc1,aromatic,n-heptadecane,CCCCCCCCCCCCCCCCC,alkane,0.75890005,0.23800002,0.0031000003,0.0,0.6368,0.3632,101.325,1.0,102,333.0,9.800000000000011,above,5-10 K,0.81892276,0.16511111,0.01596614,0.0044738394,0.55166966,0.44385648
no,1-butyl-4-methylpyridinium tetrafluoroborate,CCCC[n+]1ccc(C)cc1.F[B-](F)(F)F,[C4MPy][BF4],n-butylbenzene,CCCCc1ccccc1,aromatic,n-dodecane,CCCCCCCCCCCC,alkane,0.9648,0.0274,0.0078,0.0,0.0956,0.9044,101.325,0.0,105,333.0,9.800000000000011,above,5-10 K,0.95042384,0.043877296,0.0056988294,0.0025508306,0.36747772,0.62997144
no,1-butyl-4-methylpyridinium tetrafluoroborate,CCCC[n+]1ccc(C)cc1.F[B-](F)(F)F,[C4MPy][BF4],n-butylbenzene,CCCCc1ccccc1,aromatic,n-dodecane,CCCCCCCCCCCC,alkane,0.94,0.0524,0.0076,1e-04,0.1755,0.8244,101.325,0.07692308,105,333.0,9.800000000000011,above,5-10 K,0.94567764,0.04812756,0.0061947936,0.0026840947,0.3816182,0.6156976
no,1-butyl-4-methylpyridinium tetrafluoroborate,CCCC[n+]1ccc(C)cc1.F[B-](F)(F)F,[C4MPy][BF4],n-butylbenzene,CCCCc1ccccc1,aromatic,n-dodecane,CCCCCCCCCCCC,alkane,0.9172,0.0754,0.0074,1e-04,0.2436,0.7563,101.325,0.15384616,105,333.0,9.800000000000011,above,5-10 K,0.9406376,0.05264634,0.0067161247,0.002816313,0.39532486,0.60185885
no,1-butyl-4-methylpyridinium tetrafluoroborate,CCCC[n+]1ccc(C)cc1.F[B-](F)(F)F,[C4MPy][BF4],n-butylbenzene,CCCCc1ccccc1,aromatic,n-dodecane,CCCCCCCCCCCC,alkane,0.8963,0.0964,0.0073,0.0002,0.3015,0.6983,101.325,0.23076923,105,333.0,9.800000000000011,above,5-10 K,0.93486863,0.057822306,0.007309082,0.0029618656,0.41051546,0.5865227
no,1-butyl-4-methylpyridinium tetrafluoroborate,CCCC[n+]1ccc(C)cc1.F[B-](F)(F)F,[C4MPy][BF4],n-butylbenzene,CCCCc1ccccc1,aromatic,n-dodecane,CCCCCCCCCCCC,alkane,0.8772,0.1157,0.0071,0.0003,0.3515,0.6482,101.325,0.30769232,105,333.0,9.800000000000011,above,5-10 K,0.9285953,0.06345595,0.00794877,0.0031117913,0.42581037,0.5710779
no,1-butyl-4-methylpyridinium tetrafluoroborate,CCCC[n+]1ccc(C)cc1.F[B-](F)(F)F,[C4MPy][BF4],n-butylbenzene,CCCCc1ccccc1,aromatic,n-dodecane,CCCCCCCCCCCC,alkane,0.8595,0.1335,0.007,0.0003,0.3949,0.6048,101.325,0.3846154,105,333.0,9.800000000000011,above,5-10 K,0.9214919,0.069826,0.008682177,0.0034077135,0.43671182,0.55988044
no,1-butyl-4-methylpyridinium tetrafluoroborate,CCCC[n+]1ccc(C)cc1.F[B-](F)(F)F,[C4MPy][BF4],n-butylbenzene,CCCCc1ccccc1,aromatic,n-dodecane,CCCCCCCCCCCC,alkane,0.8431,0.15,0.0069,0.0005,0.433,0.5665,101.325,0.46153846,105,333.0,9.800000000000011,above,5-10 K,0.9139674,0.076552734,0.009479926,0.0038580326,0.44248724,0.55365473
no,1-butyl-4-methylpyridinium tetrafluoroborate,CCCC[n+]1ccc(C)cc1.F[B-](F)(F)F,[C4MPy][BF4],n-butylbenzene,CCCCc1ccccc1,aromatic,n-dodecane,CCCCCCCCCCCC,alkane,0.828,0.1652,0.0068,0.0006,0.4666,0.5328,101.325,0.53846157,105,333.0,9.800000000000011,above,5-10 K,0.9059565,0.08376229,0.010281189,0.004042215,0.4578747,0.5380831
no,1-butyl-4-methylpyridinium tetrafluoroborate,CCCC[n+]1ccc(C)cc1.F[B-](F)(F)F,[C4MPy][BF4],n-butylbenzene,CCCCc1ccccc1,aromatic,n-dodecane,CCCCCCCCCCCC,alkane,0.8138,0.1796,0.0066,0.0009,0.4967,0.5024,101.325,0.61538464,105,333.0,9.800000000000011,above,5-10 K,0.89731467,0.09154365,0.011141656,0.004232149,0.4732673,0.5225005
no,1-butyl-4-methylpyridinium tetrafluoroborate,CCCC[n+]1ccc(C)cc1.F[B-](F)(F)F,[C4MPy][BF4],n-butylbenzene,CCCCc1ccccc1,aromatic,n-dodecane,CCCCCCCCCCCC,alkane,0.8005,0.193,0.0065,0.0009,0.5238,0.4753,101.325,0.6923077,105,333.0,9.800000000000011,above,5-10 K,0.8876097,0.10028304,0.012107255,0.0046267626,0.48504743,0.51032573
no,1-butyl-4-methylpyridinium tetrafluoroborate,CCCC[n+]1ccc(C)cc1.F[B-](F)(F)F,[C4MPy][BF4],n-butylbenzene,CCCCc1ccccc1,aromatic,n-dodecane,CCCCCCCCCCCC,alkane,0.7877,0.2059,0.0064,0.0011,0.5487,0.4502,101.325,0.7692308,105,333.0,9.800000000000011,above,5-10 K,0.8771102,0.10972583,0.013163982,0.0052751945,0.4924639,0.5022609
no,1-butyl-4-methylpyridinium tetrafluoroborate,CCCC[n+]1ccc(C)cc1.F[B-](F)(F)F,[C4MPy][BF4],n-butylbenzene,CCCCc1ccccc1,aromatic,n-dodecane,CCCCCCCCCCCC,alkane,0.776,0.2177,0.0063,0.0014,0.5706,0.428,101.325,0.84615386,105,333.0,9.800000000000011,above,5-10 K,0.8663187,0.11947109,0.014210151,0.005505915,0.5077253,0.4867688
no,1-butyl-4-methylpyridinium tetrafluoroborate,CCCC[n+]1ccc(C)cc1.F[B-](F)(F)F,[C4MPy][BF4],n-butylbenzene,CCCCc1ccccc1,aromatic,n-dodecane,CCCCCCCCCCCC,alkane,0.7649,0.2289,0.0062,0.0016,0.5908,0.4076,101.325,0.9230769,105,333.0,9.800000000000011,above,5-10 K,0.8548075,0.12987405,0.015318423,0.0057400945,0.5228515,0.4714084
no,1-butyl-4-methylpyridinium tetrafluoroborate,CCCC[n+]1ccc(C)cc1.F[B-](F)(F)F,[C4MPy][BF4],n-butylbenzene,CCCCc1ccccc1,aromatic,n-dodecane,CCCCCCCCCCCC,alkane,0.7544,0.2395,0.0061,0.0019,0.6092,0.3889,101.325,1.0,105,333.0,9.800000000000011,above,5-10 K,0.84174675,0.14206952,0.016183821,0.005146518,0.55580014,0.43905333
,1-butyl-3-methylimidazolium dicyanamide,CCCCn1cc[n+](C)c1.N#CN=C=[N-],[BMIm][N(CN)2],toluene,Cc1ccccc1,aromatic,n-heptane,CCCCCCC,alkane,0.981,0.0,0.019,0.001,0.0,0.999,101.325,0.0,120,328.15,4.949999999999989,above,0-5 K,0.9356199,0.0605121,0.0038679994,0.002177887,0.30606422,0.6917579
,1-butyl-3-methylimidazolium dicyanamide,CCCCn1cc[n+](C)c1.N#CN=C=[N-],[BMIm][N(CN)2],toluene,Cc1ccccc1,aromatic,n-heptane,CCCCCCC,alkane,0.944,0.039,0.017,0.001,0.07,0.929,101.325,0.16666667,120,328.15,4.949999999999989,above,0-5 K,0.9199345,0.07535431,0.00471125,0.0024775306,0.34630463,0.6512178
,1-butyl-3-methylimidazolium dicyanamide,CCCCn1cc[n+](C)c1.N#CN=C=[N-],[BMIm][N(CN)2],toluene,Cc1ccccc1,aromatic,n-heptane,CCCCCCC,alkane,0.901,0.084,0.015,0.001,0.163,0.836,101.325,0.33333334,120,328.15,4.949999999999989,above,0-5 K,0.90089405,0.093396276,0.005709793,0.0027824235,0.38909042,0.6081271
,1-butyl-3-methylimidazolium dicyanamide,CCCCn1cc[n+](C)c1.N#CN=C=[N-],[BMIm][N(CN)2],toluene,Cc1ccccc1,aromatic,n-heptane,CCCCCCC,alkane,0.838,0.15,0.012,0.001,0.318,0.681,101.325,0.5,120,328.15,4.949999999999989,above,0-5 K,0.8779965,0.11511976,0.0068836967,0.0030872,0.43386048,0.5630523
,1-butyl-3-methylimidazolium dicyanamide,CCCCn1cc[n+](C)c1.N#CN=C=[N-],[BMIm][N(CN)2],toluene,Cc1ccccc1,aromatic,n-heptane,CCCCCCC,alkane,0.778,0.213,0.009,0.001,0.492,0.507,101.325,0.6666667,120,328.15,4.949999999999989,above,0-5 K,0.85048056,0.14125071,0.008268641,0.0034224805,0.47922415,0.5173534
,1-butyl-3-methylimidazolium dicyanamide,CCCCn1cc[n+](C)c1.N#CN=C=[N-],[BMIm][N(CN)2],toluene,Cc1ccccc1,aromatic,n-heptane,CCCCCCC,alkane,0.698,0.295,0.007,0.001,0.705,0.294,101.325,0.8333333,120,328.15,4.949999999999989,above,0-5 K,0.8179621,0.1721674,0.009870558,0.0037626328,0.52500117,0.4712362
,1-butyl-3-methylimidazolium dicyanamide,CCCCn1cc[n+](C)c1.N#CN=C=[N-],[BMIm][N(CN)2],toluene,Cc1ccccc1,aromatic,n-heptane,CCCCCCC,alkane,0.533,0.467,0.0,0.001,0.999,0.0,101.325,1.0,120,328.15,4.949999999999989,above,0-5 K,0.7760434,0.21202451,0.01193203,0.00413152,0.5716822,0.4241863
,3-methyl-N-butylpyridinium dicyanamide,CCCC[n+]1cccc(C)c1.N#CN=C=[N-],[C4MPy][N(CN)2],benzene,c1ccccc1,aromatic,n-hexane,CCCCCC,alkane,0.97,0.0,0.03,0.001,0.0,0.999,101.325,0.0,122,328.15,4.949999999999989,above,0-5 K,0.82306856,0.16710569,0.0098257335,0.0035898422,0.27142707,0.72498316
,3-methyl-N-butylpyridinium dicyanamide,CCCC[n+]1cccc(C)c1.N#CN=C=[N-],[C4MPy][N(CN)2],benzene,c1ccccc1,aromatic,n-hexane,CCCCCC,alkane,0.885,0.09,0.025,0.001,0.081,0.918,101.325,0.11111111,122,328.15,4.949999999999989,above,0-5 K,0.8000681,0.18896154,0.0109704025,0.0038814638,0.29793328,0.69818527
,3-methyl-N-butylpyridinium dicyanamide,CCCC[n+]1cccc(C)c1.N#CN=C=[N-],[C4MPy][N(CN)2],benzene,c1ccccc1,aromatic,n-hexane,CCCCCC,alkane,0.829,0.147,0.024,0.001,0.148,0.851,101.325,0.22222222,122,328.15,4.949999999999989,above,0-5 K,0.7752068,0.21261656,0.01217669,0.0041399477,0.32594183,0.66991824
,3-methyl-N-butylpyridinium dicyanamide,CCCC[n+]1cccc(C)c1.N#CN=C=[N-],[C4MPy][N(CN)2],benzene,c1ccccc1,aromatic,n-hexane,CCCCCC,alkane,0.752,0.222,0.026,0.0,0.237,0.763,101.325,0.33333334,122,328.15,4.949999999999989,above,0-5 K,0.74750614,0.23896094,0.013532864,0.004485889,0.3550578,0.64045626
,3-methyl-N-butylpyridinium dicyanamide,CCCC[n+]1cccc(C)c1.N#CN=C=[N-],[C4MPy][N(CN)2],benzene,c1ccccc1,aromatic,n-hexane,CCCCCC,alkane,0.694,0.283,0.023,0.0,0.331,0.669,101.325,0.44444445,122,328.15,4.949999999999989,above,0-5 K,0.71764696,0.26738098,0.01497208,0.00483881,0.38533312,0.60982805
,3-methyl-N-butylpyridinium dicyanamide,CCCC[n+]1cccc(C)c1.N#CN=C=[N-],[C4MPy][N(CN)2],benzene,c1ccccc1,aromatic,n-hexane,CCCCCC,alkane,0.633,0.345,0.022,0.001,0.432,0.567,101.325,0.5555556,122,328.15,4.949999999999989,above,0-5 K,0.68671167,0.29677242,0.0165159,0.005780794,0.41146237,0.5827568
,3-methyl-N-butylpyridinium dicyanamide,CCCC[n+]1cccc(C)c1.N#CN=C=[N-],[C4MPy][N(CN)2],benzene,c1ccccc1,aromatic,n-hexane,CCCCCC,alkane,0.565,0.414,0.021,0.001,0.545,0.454,101.325,0.6666667,122,328.15,4.949999999999989,above,0-5 K,0.6545163,0.32735953,0.018124163,0.0065325294,0.44028574,0.5531817
,3-methyl-N-butylpyridinium dicyanamide,CCCC[n+]1cccc(C)c1.N#CN=C=[N-],[C4MPy][N(CN)2],benzene,c1ccccc1,aromatic,n-hexane,CCCCCC,alkane,0.56,0.42,0.02,0.001,0.641,0.358,101.325,0.7777778,122,328.15,4.949999999999989,above,0-5 K,0.6197698,0.36048022,0.019749926,0.0069562183,0.47195163,0.5210921
,3-methyl-N-butylpyridinium dicyanamide,CCCC[n+]1cccc(C)c1.N#CN=C=[N-],[C4MPy][N(CN)2],benzene,c1ccccc1,aromatic,n-hexane,CCCCCC,alkane,0.448,0.536,0.016,0.0,0.761,0.239,101.325,0.8888889,122,328.15,4.949999999999989,above,0-5 K,0.584099,0.39450672,0.021394344,0.007369498,0.50352734,0.48910323
,3-methyl-N-butylpyridinium dicyanamide,CCCC[n+]1cccc(C)c1.N#CN=C=[N-],[C4MPy][N(CN)2],benzene,c1ccccc1,aromatic,n-hexane,CCCCCC,alkane,0.3,0.7,0.0,0.001,0.999,0.0,101.325,1.0,122,328.15,4.949999999999989,above,0-5 K,0.54729754,0.42963043,0.023072004,0.0077791247,0.5351422,0.45707875
,3-methyl-N-butylpyridinium dicyanamide,CCCC[n+]1cccc(C)c1.N#CN=C=[N-],[C4MPy][N(CN)2],toluene,Cc1ccccc1,aromatic,n-heptane,CCCCCCC,alkane,0.978,0.0,0.022,0.001,0.0,0.999,101.325,0.0,124,328.15,4.949999999999989,above,0-5 K,0.90565854,0.08887225,0.0054692314,0.0031846515,0.27480602,0.72200924
,3-methyl-N-butylpyridinium dicyanamide,CCCC[n+]1cccc(C)c1.N#CN=C=[N-],[C4MPy][N(CN)2],toluene,Cc1ccccc1,aromatic,n-heptane,CCCCCCC,alkane,0.927,0.051,0.022,0.001,0.071,0.928,101.325,0.2,124,328.15,4.949999999999989,above,0-5 K,0.8795676,0.11360409,0.0068283533,0.0037272268,0.32137015,0.6749027
,3-methyl-N-butylpyridinium dicyanamide,CCCC[n+]1cccc(C)c1.N#CN=C=[N-],[C4MPy][N(CN)2],toluene,Cc1ccccc1,aromatic,n-heptane,CCCCCCC,alkane,0.886,0.093,0.021,0.001,0.141,0.858,101.325,0.4,124,328.15,4.949999999999989,above,0-5 K,0.8486993,0.14294538,0.008355377,0.0040866644,0.372588,0.6233253
,3-methyl-N-butylpyridinium dicyanamide,CCCC[n+]1cccc(C)c1.N#CN=C=[N-],[C4MPy][N(CN)2],toluene,Cc1ccccc1,aromatic,n-heptane,CCCCCCC,alkane,0.802,0.177,0.021,0.001,0.291,0.708,101.325,0.6,124,328.15,4.949999999999989,above,0-5 K,0.81052446,0.17925832,0.010217155,0.004547384,0.42681208,0.56864053
,3-methyl-N-butylpyridinium dicyanamide,CCCC[n+]1cccc(C)c1.N#CN=C=[N-],[C4MPy][N(CN)2],toluene,Cc1ccccc1,aromatic,n-heptane,CCCCCCC,alkane,0.70100003,0.28000003,0.019000001,0.001,0.445,0.554,101.325,0.8,124,328.15,4.949999999999989,above,0-5 K,0.76466876,0.2229105,0.012420768,0.005125765,0.4820688,0.5128054
,3-methyl-N-butylpyridinium dicyanamide,CCCC[n+]1cccc(C)c1.N#CN=C=[N-],[C4MPy][N(CN)2],toluene,Cc1ccccc1,aromatic,n-heptane,CCCCCCC,alkane,0.57500005,0.40600002,0.019000001,0.001,0.734,0.265,101.325,1.0,124,328.15,4.949999999999989,above,0-5 K,0.7117028,0.27340052,0.014896656,0.005700677,0.537621,0.4566783
,3-methyl-N-butylpyridinium dicyanamide,CCCC[n+]1cccc(C)c1.N#CN=C=[N-],[C4MPy][N(CN)2],p-xylene,Cc1ccc(C)cc1,aromatic,n-hexane,CCCCCC,alkane,0.974,0.0,0.026,0.0,0.0,1.0,101.325,0.0,126,328.15,4.949999999999989,above,0-5 K,0.91396487,0.080818616,0.0052165263,0.0029677285,0.2969031,0.70012915
,3-methyl-N-butylpyridinium dicyanamide,CCCC[n+]1cccc(C)c1.N#CN=C=[N-],[C4MPy][N(CN)2],p-xylene,Cc1ccc(C)cc1,aromatic,n-hexane,CCCCCC,alkane,0.939,0.034,0.027,0.0,0.071,0.929,101.325,0.1,126,328.15,4.949999999999989,above,0-5 K,0.9025965,0.09156462,0.0058388994,0.0032079637,0.32016343,0.67662865
,3-methyl-N-butylpyridinium dicyanamide,CCCC[n+]1cccc(C)c1.N#CN=C=[N-],[C4MPy][N(CN)2],p-xylene,Cc1ccc(C)cc1,aromatic,n-hexane,CCCCCC,alkane,0.901,0.071,0.028,0.0,0.145,0.855,101.325,0.2,126,328.15,4.949999999999989,above,0-5 K,0.8899226,0.10355388,0.006523557,0.0034558994,0.3443281,0.652216
,3-methyl-N-butylpyridinium dicyanamide,CCCC[n+]1cccc(C)c1.N#CN=C=[N-],[C4MPy][N(CN)2],p-xylene,Cc1ccc(C)cc1,aromatic,n-hexane,CCCCCC,alkane,0.87600005,0.09900001,0.025000002,0.0,0.226,0.774,101.325,0.3,126,328.15,4.949999999999989,above,0-5 K,0.8744154,0.11820576,0.0073787947,0.003758315,0.37018248,0.62605923
,3-methyl-N-butylpyridinium dicyanamide,CCCC[n+]1cccc(C)c1.N#CN=C=[N-],[C4MPy][N(CN)2],p-xylene,Cc1ccc(C)cc1,aromatic,n-hexane,CCCCCC,alkane,0.841,0.135,0.024,0.0,0.322,0.678,101.325,0.4,126,328.15,4.949999999999989,above,0-5 K,0.8579866,0.13374805,0.008265325,0.004047415,0.39616847,0.59978414
,3-methyl-N-butylpyridinium dicyanamide,CCCC[n+]1cccc(C)c1.N#CN=C=[N-],[C4MPy][N(CN)2],p-xylene,Cc1ccc(C)cc1,aromatic,n-hexane,CCCCCC,alkane,0.816,0.162,0.022,0.0,0.395,0.605,101.325,0.5,126,328.15,4.949999999999989,above,0-5 K,0.840578,0.15024452,0.0091774035,0.0043215784,0.4223892,0.5732893
,3-methyl-N-butylpyridinium dicyanamide,CCCC[n+]1cccc(C)c1.N#CN=C=[N-],[C4MPy][N(CN)2],p-xylene,Cc1ccc(C)cc1,aromatic,n-hexane,CCCCCC,alkane,0.761,0.216,0.023,0.0,0.504,0.496,101.325,0.6,126,328.15,4.949999999999989,above,0-5 K,0.8221688,0.16772515,0.010106056,0.0044840323,0.44963148,0.5458845
,3-methyl-N-butylpyridinium dicyanamide,CCCC[n+]1cccc(C)c1.N#CN=C=[N-],[C4MPy][N(CN)2],p-xylene,Cc1ccc(C)cc1,aromatic,n-hexane,CCCCCC,alkane,0.723,0.259,0.018,0.0,0.639,0.361,101.325,0.7,126,328.15,4.949999999999989,above,0-5 K,0.80134463,0.1874878,0.011167547,0.004758312,0.47650567,0.518736
,3-methyl-N-butylpyridinium dicyanamide,CCCC[n+]1cccc(C)c1.N#CN=C=[N-],[C4MPy][N(CN)2],p-xylene,Cc1ccc(C)cc1,aromatic,n-hexane,CCCCCC,alkane,0.712,0.274,0.014,0.0,0.735,0.265,101.325,0.8,126,328.15,4.949999999999989,above,0-5 K,0.7789199,0.20878278,0.012297387,0.0050322716,0.50333273,0.491635
,3-methyl-N-butylpyridinium dicyanamide,CCCC[n+]1cccc(C)c1.N#CN=C=[N-],[C4MPy][N(CN)2],p-xylene,Cc1ccc(C)cc1,aromatic,n-hexane,CCCCCC,alkane,0.68200004,0.30700004,0.011000001,0.0,0.802,0.198,101.325,0.9,126,328.15,4.949999999999989,above,0-5 K,0.7545538,0.23193668,0.013509446,0.005305647,0.5302513,0.46444306
,3-methyl-N-butylpyridinium dicyanamide,CCCC[n+]1cccc(C)c1.N#CN=C=[N-],[C4MPy][N(CN)2],p-xylene,Cc1ccc(C)cc1,aromatic,n-hexane,CCCCCC,alkane,0.619,0.381,0.0,0.0,1.0,0.0,101.325,1.0,126,328.15,4.949999999999989,above,0-5 K,0.7285726,0.25664318,0.01478425,0.005575704,0.5569098,0.43751448
,3-methyl-N-butylpyridinium dicyanamide,CCCC[n+]1cccc(C)c1.N#CN=C=[N-],[C4MPy][N(CN)2],cumene,CC(C)c1ccccc1,aromatic,n-nonane,CCCCCCCCC,alkane,0.9922,0.0,0.0078,0.001,0.0,0.999,101.325,0.0,128,328.15,4.949999999999989,above,0-5 K,0.93578553,0.058126606,0.006087841,0.002941824,0.34715667,0.64990145
,3-methyl-N-butylpyridinium dicyanamide,CCCC[n+]1cccc(C)c1.N#CN=C=[N-],[C4MPy][N(CN)2],cumene,CC(C)c1ccccc1,aromatic,n-nonane,CCCCCCCCC,alkane,0.9685,0.024,0.0075,0.002,0.082,0.916,101.325,0.11111111,128,328.15,4.949999999999989,above,0-5 K,0.9265699,0.066548295,0.0068818084,0.003177765,0.3699061,0.6269161
,3-methyl-N-butylpyridinium dicyanamide,CCCC[n+]1cccc(C)c1.N#CN=C=[N-],[C4MPy][N(CN)2],cumene,CC(C)c1ccccc1,aromatic,n-nonane,CCCCCCCCC,alkane,0.9447,0.048,0.0073,0.001,0.178,0.821,101.325,0.22222222,128,328.15,4.949999999999989,above,0-5 K,0.9163605,0.07576291,0.007876562,0.0033827065,0.39316866,0.6034486
,3-methyl-N-butylpyridinium dicyanamide,CCCC[n+]1cccc(C)c1.N#CN=C=[N-],[C4MPy][N(CN)2],cumene,CC(C)c1ccccc1,aromatic,n-nonane,CCCCCCCCC,alkane,0.9242,0.069,0.0068,0.002,0.267,0.731,101.325,0.33333334,128,328.15,4.949999999999989,above,0-5 K,0.90464073,0.086482614,0.008876647,0.0036352156,0.41693544,0.5794294
,3-methyl-N-butylpyridinium dicyanamide,CCCC[n+]1cccc(C)c1.N#CN=C=[N-],[C4MPy][N(CN)2],cumene,CC(C)c1ccccc1,aromatic,n-nonane,CCCCCCCCC,alkane,0.90430003,0.08900001,0.0067000003,0.002,0.358,0.64,101.325,0.44444445,128,328.15,4.949999999999989,above,0-5 K,0.89144045,0.09856636,0.009993195,0.003897861,0.44107103,0.5550311
,3-methyl-N-butylpyridinium dicyanamide,CCCC[n+]1cccc(C)c1.N#CN=C=[N-],[C4MPy][N(CN)2],cumene,CC(C)c1ccccc1,aromatic,n-nonane,CCCCCCCCC,alkane,0.8837,0.11,0.0063,0.002,0.454,0.544,101.325,0.5555556,128,328.15,4.949999999999989,above,0-5 K,0.87673104,0.11204795,0.011220962,0.0041513857,0.46573153,0.53011703
,3-methyl-N-butylpyridinium dicyanamide,CCCC[n+]1cccc(C)c1.N#CN=C=[N-],[C4MPy][N(CN)2],cumene,CC(C)c1ccccc1,aromatic,n-nonane,CCCCCCCCC,alkane,0.8597,0.135,0.0053,0.001,0.56,0.439,101.325,0.6666667,128,328.15,4.949999999999989,above,0-5 K,0.86033547,0.12709314,0.012571361,0.0044176257,0.49034876,0.5052336
,3-methyl-N-butylpyridinium dicyanamide,CCCC[n+]1cccc(C)c1.N#CN=C=[N-],[C4MPy][N(CN)2],cumene,CC(C)c1ccccc1,aromatic,n-nonane,CCCCCCCCC,alkane,0.8344,0.161,0.0046,0.001,0.655,0.344,101.325,0.7777778,128,328.15,4.949999999999989,above,0-5 K,0.84201187,0.14392513,0.014063025,0.004699554,0.5149341,0.48036632
,3-methyl-N-butylpyridinium dicyanamide,CCCC[n+]1cccc(C)c1.N#CN=C=[N-],[C4MPy][N(CN)2],cumene,CC(C)c1ccccc1,aromatic,n-nonane,CCCCCCCCC,alkane,0.8218,0.175,0.0032,0.002,0.778,0.22,101.325,0.8888889,128,328.15,4.949999999999989,above,0-5 K,0.8220177,0.16231413,0.015668185,0.0049615786,0.5395215,0.45551684
,3-methyl-N-butylpyridinium dicyanamide,CCCC[n+]1cccc(C)c1.N#CN=C=[N-],[C4MPy][N(CN)2],cumene,CC(C)c1ccccc1,aromatic,n-nonane,CCCCCCCCC,alkane,0.81560004,0.18200001,0.0024000003,0.001,0.841,0.158,101.325,1.0,128,328.15,4.949999999999989,above,0-5 K,0.7999572,0.18262373,0.01741905,0.005238648,0.563776,0.43098533
,1-butyl-3-methylimidazolium thiocyanate,CCCCn1cc[n+](C)c1.N#C[S-],[C4MIm][SCN],toluene,Cc1ccccc1,aromatic,n-heptane,CCCCCCC,alkane,0.991,0.0,0.009,0.001,0.0,0.999,101.325,0.0,137,328.15,4.949999999999989,above,0-5 K,0.92124254,0.07314154,0.0056159534,0.0029137349,0.31407145,0.6830148
,1-butyl-3-methylimidazolium thiocyanate,CCCCn1cc[n+](C)c1.N#C[S-],[C4MIm][SCN],toluene,Cc1ccccc1,aromatic,n-heptane,CCCCCCC,alkane,0.953,0.035,0.012,0.001,0.077,0.922,101.325,0.16666667,137,328.15,4.949999999999989,above,0-5 K,0.9031567,0.09006782,0.0067754937,0.003285825,0.35364026,0.64307386
,1-butyl-3-methylimidazolium thiocyanate,CCCCn1cc[n+](C)c1.N#C[S-],[C4MIm][SCN],toluene,Cc1ccccc1,aromatic,n-heptane,CCCCCCC,alkane,0.932,0.059,0.009,0.001,0.153,0.846,101.325,0.33333334,137,328.15,4.949999999999989,above,0-5 K,0.8813559,0.110502206,0.0081418315,0.0036832932,0.39531335,0.60100335
,1-butyl-3-methylimidazolium thiocyanate,CCCCn1cc[n+](C)c1.N#C[S-],[C4MIm][SCN],toluene,Cc1ccccc1,aromatic,n-heptane,CCCCCCC,alkane,0.86800003,0.12200001,0.010000001,0.001,0.335,0.664,101.325,0.5,137,328.15,4.949999999999989,above,0-5 K,0.8553428,0.13491718,0.009740024,0.0041043423,0.43844968,0.557446
,1-butyl-3-methylimidazolium thiocyanate,CCCCn1cc[n+](C)c1.N#C[S-],[C4MIm][SCN],toluene,Cc1ccccc1,aromatic,n-heptane,CCCCCCC,alkane,0.81,0.183,0.007,0.001,0.548,0.451,101.325,0.6666667,137,328.15,4.949999999999989,above,0-5 K,0.8239331,0.16443732,0.011629595,0.004664972,0.48225313,0.51308185
,1-butyl-3-methylimidazolium thiocyanate,CCCCn1cc[n+](C)c1.N#C[S-],[C4MIm][SCN],toluene,Cc1ccccc1,aromatic,n-heptane,CCCCCCC,alkane,0.744,0.251,0.005,0.001,0.747,0.252,101.325,0.8333333,137,328.15,4.949999999999989,above,0-5 K,0.78802395,0.1982254,0.013750651,0.005183819,0.52620745,0.4686087
,1-butyl-3-methylimidazolium thiocyanate,CCCCn1cc[n+](C)c1.N#C[S-],[C4MIm][SCN],toluene,Cc1ccccc1,aromatic,n-heptane,CCCCCCC,alkane,0.622,0.378,0.0,0.001,0.999,0.0,101.325,1.0,137,328.15,4.949999999999989,above,0-5 K,0.74781734,0.23611441,0.016068231,0.005626549,0.5695211,0.42485237
,3-methyl-N-butylpyridinium trifluoromethanesulfonate,CCCC[n+]1cccc(C)c1.O=S(=O)([O-])C(F)(F)F,[C4MPy][B(CN)4],benzene,c1ccccc1,aromatic,n-hexane,CCCCCC,alkane,0.9104,0.0,0.0896,0.001,0.0,0.999,101.325,0.0,157,328.2,5.0,above,0-5 K,0.7323523,0.2530123,0.014635407,0.005153052,0.31757072,0.6772762
,3-methyl-N-butylpyridinium trifluoromethanesulfonate,CCCC[n+]1cccc(C)c1.O=S(=O)([O-])C(F)(F)F,[C4MPy][B(CN)4],benzene,c1ccccc1,aromatic,n-hexane,CCCCCC,alkane,0.79937994,0.10521052,0.09540954,0.0013,0.0506,0.9481,101.325,0.071428575,157,328.2,5.0,above,0-5 K,0.7128981,0.27149877,0.01560317,0.005418041,0.33631128,0.6582707
,3-methyl-N-butylpyridinium trifluoromethanesulfonate,CCCC[n+]1cccc(C)c1.O=S(=O)([O-])C(F)(F)F,[C4MPy][B(CN)4],benzene,c1ccccc1,aromatic,n-hexane,CCCCCC,alkane,0.7309,0.1766,0.0925,0.001,0.0964,0.9026,101.325,0.14285715,157,328.2,5.0,above,0-5 K,0.6925628,0.29083067,0.016606541,0.0056982893,0.35551798,0.6387837
,3-methyl-N-butylpyridinium trifluoromethanesulfonate,CCCC[n+]1cccc(C)c1.O=S(=O)([O-])C(F)(F)F,[C4MPy][B(CN)4],benzene,c1ccccc1,aromatic,n-hexane,CCCCCC,alkane,0.6695,0.2429,0.0876,0.001,0.1407,0.8583,101.325,0.21428572,157,328.2,5.0,above,0-5 K,0.67157936,0.310797,0.017623562,0.0059539243,0.37538353,0.61866254
,3-methyl-N-butylpyridinium trifluoromethanesulfonate,CCCC[n+]1cccc(C)c1.O=S(=O)([O-])C(F)(F)F,[C4MPy][B(CN)4],benzene,c1ccccc1,aromatic,n-hexane,CCCCCC,alkane,0.6042,0.3045,0.0913,0.001,0.1836,0.8154,101.325,0.2857143,157,328.2,5.0,above,0-5 K,0.64983124,0.33149377,0.018675044,0.006224608,0.3955316,0.5982438
,3-methyl-N-butylpyridinium trifluoromethanesulfonate,CCCC[n+]1cccc(C)c1.O=S(=O)([O-])C(F)(F)F,[C4MPy][B(CN)4],benzene,c1ccccc1,aromatic,n-hexane,CCCCCC,alkane,0.5062,0.4173,0.0765,0.001,0.2935,0.7055,101.325,0.35714287,157,328.2,5.0,above,0-5 K,0.6273161,0.3529293,0.019754602,0.006510646,0.4160047,0.5774847
,3-methyl-N-butylpyridinium trifluoromethanesulfonate,CCCC[n+]1cccc(C)c1.O=S(=O)([O-])C(F)(F)F,[C4MPy][B(CN)4],benzene,c1ccccc1,aromatic,n-hexane,CCCCCC,alkane,0.4418,0.4833,0.0749,0.00090009003,0.37443745,0.62466246,101.325,0.42857143,157,328.2,5.0,above,0-5 K,0.60444295,0.37471917,0.020837873,0.0067793047,0.43672365,0.55649704
,3-methyl-N-butylpyridinium trifluoromethanesulfonate,CCCC[n+]1cccc(C)c1.O=S(=O)([O-])C(F)(F)F,[C4MPy][B(CN)4],benzene,c1ccccc1,aromatic,n-hexane,CCCCCC,alkane,0.3641,0.5729,0.063,0.0012001201,0.5028503,0.4959496,101.325,0.5,157,328.2,5.0,above,0-5 K,0.5810354,0.39702985,0.021934794,0.0070330948,0.4578802,0.5350867
,3-methyl-N-butylpyridinium trifluoromethanesulfonate,CCCC[n+]1cccc(C)c1.O=S(=O)([O-])C(F)(F)F,[C4MPy][B(CN)4],benzene,c1ccccc1,aromatic,n-hexane,CCCCCC,alkane,0.35296467,0.58324164,0.06379362,0.00090009003,0.5275527,0.4715472,101.325,0.5714286,157,328.2,5.0,above,0-5 K,0.55738986,0.41957346,0.023036722,0.0073097236,0.4786611,0.5140292
,3-methyl-N-butylpyridinium trifluoromethanesulfonate,CCCC[n+]1cccc(C)c1.O=S(=O)([O-])C(F)(F)F,[C4MPy][B(CN)4],benzene,c1ccccc1,aromatic,n-hexane,CCCCCC,alkane,0.30290002,0.64220005,0.054900005,0.00090000004,0.63530004,0.36380002,101.325,0.64285713,157,328.2,5.0,above,0-5 K,0.535173,0.44074482,0.024082204,0.007322527,0.4976242,0.4950532
,3-methyl-N-butylpyridinium trifluoromethanesulfonate,CCCC[n+]1cccc(C)c1.O=S(=O)([O-])C(F)(F)F,[C4MPy][B(CN)4],benzene,c1ccccc1,aromatic,n-hexane,CCCCCC,alkane,0.23797621,0.7163284,0.045695428,0.0009,0.7846,0.2145,101.325,0.71428573,157,328.2,5.0,above,0-5 K,0.5154262,0.45952213,0.025051638,0.007036941,0.51431096,0.4786521
,3-methyl-N-butylpyridinium trifluoromethanesulfonate,CCCC[n+]1cccc(C)c1.O=S(=O)([O-])C(F)(F)F,[C4MPy][B(CN)4],benzene,c1ccccc1,aromatic,n-hexane,CCCCCC,alkane,0.2391,0.7266,0.0343,0.0012,0.838,0.1608,101.325,0.78571427,157,328.2,5.0,above,0-5 K,0.4912914,0.48255754,0.026151117,0.0072781257,0.5350433,0.45767862
,3-methyl-N-butylpyridinium trifluoromethanesulfonate,CCCC[n+]1cccc(C)c1.O=S(=O)([O-])C(F)(F)F,[C4MPy][B(CN)4],benzene,c1ccccc1,aromatic,n-hexane,CCCCCC,alkane,0.211,0.763,0.026,0.0009,0.8916,0.1075,101.325,0.85714287,157,328.2,5.0,above,0-5 K,0.46840686,0.50440836,0.027184773,0.0073910053,0.5537804,0.4388286
,3-methyl-N-butylpyridinium trifluoromethanesulfonate,CCCC[n+]1cccc(C)c1.O=S(=O)([O-])C(F)(F)F,[C4MPy][B(CN)4],benzene,c1ccccc1,aromatic,n-hexane,CCCCCC,alkane,0.1958,0.7882,0.016,0.0009,0.9397,0.0594,101.325,0.9285714,157,328.2,5.0,above,0-5 K,0.44779897,0.524067,0.028134009,0.00731889,0.5701141,0.422567
,3-methyl-N-butylpyridinium trifluoromethanesulfonate,CCCC[n+]1cccc(C)c1.O=S(=O)([O-])C(F)(F)F,[C4MPy][B(CN)4],benzene,c1ccccc1,aromatic,n-hexane,CCCCCC,alkane,0.1647,0.8353,0.0,0.0009,0.9991,0.0,101.325,1.0,157,328.2,5.0,above,0-5 K,0.42406583,0.54675704,0.029177105,0.0075317393,0.5902514,0.4022169
,3-methyl-N-butylpyridinium trifluoromethanesulfonate,CCCC[n+]1cccc(C)c1.O=S(=O)([O-])C(F)(F)F,[C4MPy][B(CN)4],toluene,Cc1ccccc1,aromatic,n-heptane,CCCCCCC,alkane,0.9498,0.0195,0.0307,0.0011,0.0,0.9989,101.325,0.0,159,328.2,5.0,above,0-5 K,0.86613935,0.12610248,0.007758283,0.0033053467,0.28378823,0.7129065
,3-methyl-N-butylpyridinium trifluoromethanesulfonate,CCCC[n+]1cccc(C)c1.O=S(=O)([O-])C(F)(F)F,[C4MPy][B(CN)4],toluene,Cc1ccccc1,aromatic,n-heptane,CCCCCCC,alkane,0.7669,0.1882,0.0449,0.0011,0.1528,0.8461,101.325,0.083333336,159,328.2,5.0,above,0-5 K,0.8511452,0.14031498,0.008539836,0.0036713798,0.30483893,0.6914897
,3-methyl-N-butylpyridinium trifluoromethanesulfonate,CCCC[n+]1cccc(C)c1.O=S(=O)([O-])C(F)(F)F,[C4MPy][B(CN)4],toluene,Cc1ccccc1,aromatic,n-heptane,CCCCCCC,alkane,0.7326,0.2236,0.0438,0.0011,0.1941,0.8048,101.325,0.16666667,159,328.2,5.0,above,0-5 K,0.83583623,0.15482979,0.009333987,0.0039141164,0.3256569,0.670429
,3-methyl-N-butylpyridinium trifluoromethanesulfonate,CCCC[n+]1cccc(C)c1.O=S(=O)([O-])C(F)(F)F,[C4MPy][B(CN)4],toluene,Cc1ccccc1,aromatic,n-heptane,CCCCCCC,alkane,0.7019,0.2554,0.0427,0.0011,0.2226,0.7763,101.325,0.25,159,328.2,5.0,above,0-5 K,0.81393796,0.17546721,0.010594907,0.0049282,0.346735,0.64833677
,3-methyl-N-butylpyridinium trifluoromethanesulfonate,CCCC[n+]1cccc(C)c1.O=S(=O)([O-])C(F)(F)F,[C4MPy][B(CN)4],toluene,Cc1ccccc1,aromatic,n-heptane,CCCCCCC,alkane,0.6606,0.294,0.0454,0.0011,0.2603,0.7386,101.325,0.33333334,159,328.2,5.0,above,0-5 K,0.7854359,0.20200914,0.012554953,0.0073310193,0.36870727,0.6239617
,3-methyl-N-butylpyridinium trifluoromethanesulfonate,CCCC[n+]1cccc(C)c1.O=S(=O)([O-])C(F)(F)F,[C4MPy][B(CN)4],toluene,Cc1ccccc1,aromatic,n-heptane,CCCCCCC,alkane,0.59765977,0.36133614,0.041004103,0.0011,0.3433,0.6556,101.325,0.41666666,159,328.2,5.0,above,0-5 K,0.76605403,0.22036402,0.013581928,0.0077492986,0.39066267,0.6015881
,3-methyl-N-butylpyridinium trifluoromethanesulfonate,CCCC[n+]1cccc(C)c1.O=S(=O)([O-])C(F)(F)F,[C4MPy][B(CN)4],toluene,Cc1ccccc1,aromatic,n-heptane,CCCCCCC,alkane,0.5912409,0.369863,0.03889611,0.0011,0.3546,0.6443,101.325,0.5,159,328.2,5.0,above,0-5 K,0.74561554,0.23972975,0.014654719,0.008170278,0.41292402,0.5789057
,3-methyl-N-butylpyridinium trifluoromethanesulfonate,CCCC[n+]1cccc(C)c1.O=S(=O)([O-])C(F)(F)F,[C4MPy][B(CN)4],toluene,Cc1ccccc1,aromatic,n-heptane,CCCCCCC,alkane,0.54234576,0.42045796,0.03719628,0.0011,0.3986,0.6003,101.325,0.5833333,159,328.2,5.0,above,0-5 K,0.72389936,0.26031515,0.015785536,0.008597768,0.43563968,0.5557626
,3-methyl-N-butylpyridinium trifluoromethanesulfonate,CCCC[n+]1cccc(C)c1.O=S(=O)([O-])C(F)(F)F,[C4MPy][B(CN)4],toluene,Cc1ccccc1,aromatic,n-heptane,CCCCCCC,alkane,0.4758,0.4893,0.0349,0.00070007,0.49154916,0.5077508,101.325,0.6666667,159,328.2,5.0,above,0-5 K,0.70130926,0.28174514,0.016945597,0.009019941,0.4583928,0.5325873
,3-methyl-N-butylpyridinium trifluoromethanesulfonate,CCCC[n+]1cccc(C)c1.O=S(=O)([O-])C(F)(F)F,[C4MPy][B(CN)4],toluene,Cc1ccccc1,aromatic,n-heptane,CCCCCCC,alkane,0.3637,0.61,0.0263,0.00109989,0.64653534,0.35236475,101.325,0.75,159,328.2,5.0,above,0-5 K,0.6775884,0.3042527,0.018158939,0.009447497,0.48134592,0.5092066
,3-methyl-N-butylpyridinium trifluoromethanesulfonate,CCCC[n+]1cccc(C)c1.O=S(=O)([O-])C(F)(F)F,[C4MPy][B(CN)4],toluene,Cc1ccccc1,aromatic,n-heptane,CCCCCCC,alkane,0.30476952,0.66913307,0.02609739,0.00109989,0.7465253,0.25237477,101.325,0.8333333,159,328.2,5.0,above,0-5 K,0.6548227,0.32624617,0.018931108,0.008568951,0.5097404,0.48169062
,3-methyl-N-butylpyridinium trifluoromethanesulfonate,CCCC[n+]1cccc(C)c1.O=S(=O)([O-])C(F)(F)F,[C4MPy][B(CN)4],toluene,Cc1ccccc1,aromatic,n-heptane,CCCCCCC,alkane,0.2723,0.711,0.0167,0.0011,0.842,0.1569,101.325,0.9166667,159,328.2,5.0,above,0-5 K,0.63375133,0.34687957,0.019369029,0.006750307,0.5447263,0.4485234
,3-methyl-N-butylpyridinium trifluoromethanesulfonate,CCCC[n+]1cccc(C)c1.O=S(=O)([O-])C(F)(F)F,[C4MPy][B(CN)4],toluene,Cc1ccccc1,aromatic,n-heptane,CCCCCCC,alkane,0.2195,0.7714,0.0091,0.0011,0.9266,0.0723,101.325,1.0,159,328.2,5.0,above,0-5 K,0.60667324,0.37269706,0.020629771,0.007017089,0.5680957,0.42488718
,3-methyl-N-butylpyridinium trifluoromethanesulfonate,CCCC[n+]1cccc(C)c1.O=S(=O)([O-])C(F)(F)F,[C4MPy][B(CN)4],p-xylene,Cc1ccc(C)cc1,aromatic,n-octane,CCCCCCCC,alkane,0.9636,0.0,0.0364,0.0009,0.0,0.9991,101.325,0.0,161,328.2,5.0,above,0-5 K,0.8721149,0.120377064,0.00750809,0.0036424485,0.30885082,0.68750674
,3-methyl-N-butylpyridinium trifluoromethanesulfonate,CCCC[n+]1cccc(C)c1.O=S(=O)([O-])C(F)(F)F,[C4MPy][B(CN)4],p-xylene,Cc1ccc(C)cc1,aromatic,n-octane,CCCCCCCC,alkane,0.92390764,0.04059594,0.03549645,0.00129987,0.03659634,0.9621038,101.325,0.071428575,161,328.2,5.0,above,0-5 K,0.86516315,0.1268435,0.007993321,0.0038350674,0.31076804,0.68539685
,3-methyl-N-butylpyridinium trifluoromethanesulfonate,CCCC[n+]1cccc(C)c1.O=S(=O)([O-])C(F)(F)F,[C4MPy][B(CN)4],p-xylene,Cc1ccc(C)cc1,aromatic,n-octane,CCCCCCCC,alkane,0.8884111,0.074692525,0.036896307,0.0009,0.075,0.9241,101.325,0.14285715,161,328.2,5.0,above,0-5 K,0.85009336,0.14106078,0.00884585,0.0044222604,0.33206207,0.6635157
,3-methyl-N-butylpyridinium trifluoromethanesulfonate,CCCC[n+]1cccc(C)c1.O=S(=O)([O-])C(F)(F)F,[C4MPy][B(CN)4],p-xylene,Cc1ccc(C)cc1,aromatic,n-octane,CCCCCCCC,alkane,0.8485,0.1114,0.0401,0.00089991,0.11328867,0.88581145,101.325,0.21428572,161,328.2,5.0,above,0-5 K,0.8371673,0.15329859,0.009534127,0.004660407,0.3501276,0.64521205
,3-methyl-N-butylpyridinium trifluoromethanesulfonate,CCCC[n+]1cccc(C)c1.O=S(=O)([O-])C(F)(F)F,[C4MPy][B(CN)4],p-xylene,Cc1ccc(C)cc1,aromatic,n-octane,CCCCCCCC,alkane,0.8239,0.1387,0.0374,0.00129987,0.15248476,0.84621537,101.325,0.2857143,161,328.2,5.0,above,0-5 K,0.82579005,0.16408966,0.010120348,0.0048464322,0.3640348,0.6311188
,3-methyl-N-butylpyridinium trifluoromethanesulfonate,CCCC[n+]1cccc(C)c1.O=S(=O)([O-])C(F)(F)F,[C4MPy][B(CN)4],p-xylene,Cc1ccc(C)cc1,aromatic,n-octane,CCCCCCCC,alkane,0.7679,0.2001,0.032,0.00080008,0.2320232,0.7671767,101.325,0.35714287,161,328.2,5.0,above,0-5 K,0.8112526,0.17786549,0.010881993,0.005092847,0.38279405,0.6121131
,3-methyl-N-butylpyridinium trifluoromethanesulfonate,CCCC[n+]1cccc(C)c1.O=S(=O)([O-])C(F)(F)F,[C4MPy][B(CN)4],p-xylene,Cc1ccc(C)cc1,aromatic,n-octane,CCCCCCCC,alkane,0.6990301,0.27047294,0.03049695,0.0008,0.3314,0.6678,101.325,0.42857143,161,328.2,5.0,above,0-5 K,0.7958813,0.19243951,0.011679188,0.0053418023,0.40178502,0.5928731
,3-methyl-N-butylpyridinium trifluoromethanesulfonate,CCCC[n+]1cccc(C)c1.O=S(=O)([O-])C(F)(F)F,[C4MPy][B(CN)4],p-xylene,Cc1ccc(C)cc1,aromatic,n-octane,CCCCCCCC,alkane,0.6520652,0.31853187,0.029402941,0.00080008,0.4039404,0.59525955,101.325,0.5,161,328.2,5.0,above,0-5 K,0.7795301,0.20795317,0.01251673,0.005592866,0.42118046,0.57322663
,3-methyl-N-butylpyridinium trifluoromethanesulfonate,CCCC[n+]1cccc(C)c1.O=S(=O)([O-])C(F)(F)F,[C4MPy][B(CN)4],p-xylene,Cc1ccc(C)cc1,aromatic,n-octane,CCCCCCCC,alkane,0.5952,0.3749,0.0299,0.00080008,0.4938494,0.50535053,101.325,0.5714286,161,328.2,5.0,above,0-5 K,0.76524305,0.22148664,0.013270292,0.0058912095,0.43252024,0.5615885
,3-methyl-N-butylpyridinium trifluoromethanesulfonate,CCCC[n+]1cccc(C)c1.O=S(=O)([O-])C(F)(F)F,[C4MPy][B(CN)4],p-xylene,Cc1ccc(C)cc1,aromatic,n-octane,CCCCCCCC,alkane,0.535,0.4399,0.0251,0.0012,0.6175,0.3813,101.325,0.64285713,161,328.2,5.0,above,0-5 K,0.74909824,0.23679468,0.014107062,0.006157411,0.4479739,0.54586864
,3-methyl-N-butylpyridinium trifluoromethanesulfonate,CCCC[n+]1cccc(C)c1.O=S(=O)([O-])C(F)(F)F,[C4MPy][B(CN)4],p-xylene,Cc1ccc(C)cc1,aromatic,n-octane,CCCCCCCC,alkane,0.46510002,0.51280004,0.022100002,0.0012,0.7483,0.2505,101.325,0.71428573,161,328.2,5.0,above,0-5 K,0.7303502,0.25460267,0.015047072,0.0064212,0.46769735,0.52588147
,3-methyl-N-butylpyridinium trifluoromethanesulfonate,CCCC[n+]1cccc(C)c1.O=S(=O)([O-])C(F)(F)F,[C4MPy][B(CN)4],p-xylene,Cc1ccc(C)cc1,aromatic,n-octane,CCCCCCCC,alkane,0.4304,0.5497,0.0199,0.00080008,0.79127914,0.2079208,101.325,0.78571427,161,328.2,5.0,above,0-5 K,0.7087518,0.2752205,0.01602765,0.0065361555,0.49545437,0.49800953
,3-methyl-N-butylpyridinium trifluoromethanesulfonate,CCCC[n+]1cccc(C)c1.O=S(=O)([O-])C(F)(F)F,[C4MPy][B(CN)4],p-xylene,Cc1ccc(C)cc1,aromatic,n-octane,CCCCCCCC,alkane,0.4227,0.5621,0.0152,0.0008,0.8496,0.1496,101.325,0.85714287,161,328.2,5.0,above,0-5 K,0.68830043,0.2946676,0.017031876,0.006790339,0.5152094,0.47800028
,3-methyl-N-butylpyridinium trifluoromethanesulfonate,CCCC[n+]1cccc(C)c1.O=S(=O)([O-])C(F)(F)F,[C4MPy][B(CN)4],p-xylene,Cc1ccc(C)cc1,aromatic,n-octane,CCCCCCCC,alkane,0.38946104,0.5987401,0.01179882,0.0008,0.9083,0.0909,101.325,0.9285714,161,328.2,5.0,above,0-5 K,0.6669823,0.31495348,0.018064333,0.00704119,0.5349386,0.45802024
,3-methyl-N-butylpyridinium trifluoromethanesulfonate,CCCC[n+]1cccc(C)c1.O=S(=O)([O-])C(F)(F)F,[C4MPy][B(CN)4],p-xylene,Cc1ccc(C)cc1,aromatic,n-octane,CCCCCCCC,alkane,0.3358,0.6642,0.0,0.0008,0.9992,0.0,101.325,1.0,161,328.2,5.0,above,0-5 K,0.6497139,0.3312848,0.01900137,0.007609266,0.5430546,0.44933608
no,3-methyl-N-butylpyridinium tricyanomethanide,CCCC[n+]1cccc(C)c1.N#CC(=C=[N-])C#N,[C4MPy][C(CN)3],benzene,c1ccccc1,aromatic,n-hexane,CCCCCC,alkane,0.9333,0.0,0.0667,0.0011,0.0,0.9989,101.325,0.0,168,328.2,5.0,above,0-5 K,0.7533511,0.22947985,0.017169058,0.005694979,0.16092514,0.8333799
no,3-methyl-N-butylpyridinium tricyanomethanide,CCCC[n+]1cccc(C)c1.N#CC(=C=[N-])C#N,[C4MPy][C(CN)3],benzene,c1ccccc1,aromatic,n-hexane,CCCCCC,alkane,0.8846885,0.048304833,0.0670067,0.00109989,0.03309669,0.9658034,101.325,0.11111111,168,328.2,5.0,above,0-5 K,0.7250401,0.2560088,0.018951086,0.006289321,0.17935197,0.8143587
no,3-methyl-N-butylpyridinium tricyanomethanide,CCCC[n+]1cccc(C)c1.N#CC(=C=[N-])C#N,[C4MPy][C(CN)3],benzene,c1ccccc1,aromatic,n-hexane,CCCCCC,alkane,0.82710004,0.10620001,0.066700004,0.0007,0.0746,0.9247,101.325,0.22222222,168,328.2,5.0,above,0-5 K,0.69493973,0.2842371,0.020823145,0.0069277454,0.19941853,0.79365367
no,3-methyl-N-butylpyridinium tricyanomethanide,CCCC[n+]1cccc(C)c1.N#CC(=C=[N-])C#N,[C4MPy][C(CN)3],benzene,c1ccccc1,aromatic,n-hexane,CCCCCC,alkane,0.7551,0.1725,0.0724,0.0007,0.1158,0.8835,101.325,0.33333334,168,328.2,5.0,above,0-5 K,0.663117,0.31410685,0.022776175,0.007606304,0.22101422,0.77137953
no,3-methyl-N-butylpyridinium tricyanomethanide,CCCC[n+]1cccc(C)c1.N#CC(=C=[N-])C#N,[C4MPy][C(CN)3],benzene,c1ccccc1,aromatic,n-hexane,CCCCCC,alkane,0.72150004,0.21040002,0.068100005,0.0011,0.1504,0.8485,101.325,0.44444445,168,328.2,5.0,above,0-5 K,0.6295689,0.34561944,0.024811707,0.008325686,0.2443042,0.7473701
no,3-methyl-N-butylpyridinium tricyanomethanide,CCCC[n+]1cccc(C)c1.N#CC(=C=[N-])C#N,[C4MPy][C(CN)3],benzene,c1ccccc1,aromatic,n-hexane,CCCCCC,alkane,0.56560004,0.37510002,0.059300005,0.001,0.3102,0.6888,101.325,0.5555556,168,328.2,5.0,above,0-5 K,0.59482336,0.378289,0.026887625,0.009079026,0.2691603,0.7217607
no,3-methyl-N-butylpyridinium tricyanomethanide,CCCC[n+]1cccc(C)c1.N#CC(=C=[N-])C#N,[C4MPy][C(CN)3],benzene,c1ccccc1,aromatic,n-hexane,CCCCCC,alkane,0.4449445,0.49034905,0.064706475,0.001,0.4682,0.5308,101.325,0.6666667,168,328.2,5.0,above,0-5 K,0.55945146,0.41158557,0.028962998,0.009854495,0.2953522,0.69479334
no,3-methyl-N-butylpyridinium tricyanomethanide,CCCC[n+]1cccc(C)c1.N#CC(=C=[N-])C#N,[C4MPy][C(CN)3],benzene,c1ccccc1,aromatic,n-hexane,CCCCCC,alkane,0.2991,0.6552,0.0457,0.0007,0.7124,0.2869,101.325,0.7777778,168,328.2,5.0,above,0-5 K,0.5231275,0.44580844,0.03106404,0.010665022,0.323072,0.666263
no,3-methyl-N-butylpyridinium tricyanomethanide,CCCC[n+]1cccc(C)c1.N#CC(=C=[N-])C#N,[C4MPy][C(CN)3],benzene,c1ccccc1,aromatic,n-hexane,CCCCCC,alkane,0.2462,0.7195,0.0343,0.0007,0.8528,0.1465,101.325,0.8888889,168,328.2,5.0,above,0-5 K,0.4867257,0.48013338,0.03314096,0.011487408,0.35182607,0.63668656
no,3-methyl-N-butylpyridinium tricyanomethanide,CCCC[n+]1cccc(C)c1.N#CC(=C=[N-])C#N,[C4MPy][C(CN)3],benzene,c1ccccc1,aromatic,n-hexane,CCCCCC,alkane,0.1995,0.8005,0.0,0.0007,0.9993,0.0,101.325,1.0,168,328.2,5.0,above,0-5 K,0.4506249,0.5142125,0.035162568,0.01232691,0.38161993,0.60605323
no,3-methyl-N-butylpyridinium tricyanomethanide,CCCC[n+]1cccc(C)c1.N#CC(=C=[N-])C#N,[C4MPy][C(CN)3],toluene,Cc1ccccc1,aromatic,n-heptane,CCCCCCC,alkane,0.9579,0.0,0.0421,0.0008,0.0,0.9992,101.325,0.0,170,328.2,5.0,above,0-5 K,0.83593947,0.15314786,0.010912649,0.0051034847,0.2209651,0.77393144
no,3-methyl-N-butylpyridinium tricyanomethanide,CCCC[n+]1cccc(C)c1.N#CC(=C=[N-])C#N,[C4MPy][C(CN)3],toluene,Cc1ccccc1,aromatic,n-heptane,CCCCCCC,alkane,0.91230875,0.04449555,0.04319568,0.0012,0.0413,0.9575,101.325,0.1,170,328.2,5.0,above,0-5 K,0.816746,0.17118916,0.012064785,0.005552339,0.24120435,0.7532434
no,3-methyl-N-butylpyridinium tricyanomethanide,CCCC[n+]1cccc(C)c1.N#CC(=C=[N-])C#N,[C4MPy][C(CN)3],toluene,Cc1ccccc1,aromatic,n-heptane,CCCCCCC,alkane,0.8734126,0.08669133,0.03989601,0.00120012,0.08330833,0.9154915,101.325,0.2,170,328.2,5.0,above,0-5 K,0.7976361,0.18913002,0.013233932,0.0061887912,0.25781623,0.73599494
no,3-methyl-N-butylpyridinium tricyanomethanide,CCCC[n+]1cccc(C)c1.N#CC(=C=[N-])C#N,[C4MPy][C(CN)3],toluene,Cc1ccccc1,aromatic,n-heptane,CCCCCCC,alkane,0.8345,0.1267,0.0388,0.0012,0.1283,0.8705,101.325,0.3,170,328.2,5.0,above,0-5 K,0.7752066,0.21023674,0.014556647,0.006700944,0.28018078,0.7131183
no,3-methyl-N-butylpyridinium tricyanomethanide,CCCC[n+]1cccc(C)c1.N#CC(=C=[N-])C#N,[C4MPy][C(CN)3],toluene,Cc1ccccc1,aromatic,n-heptane,CCCCCCC,alkane,0.7996,0.1625,0.0379,0.0012,0.1751,0.8237,101.325,0.4,170,328.2,5.0,above,0-5 K,0.75113535,0.23290606,0.015958624,0.007232761,0.30359823,0.689169
no,3-methyl-N-butylpyridinium tricyanomethanide,CCCC[n+]1cccc(C)c1.N#CC(=C=[N-])C#N,[C4MPy][C(CN)3],toluene,Cc1ccccc1,aromatic,n-heptane,CCCCCCC,alkane,0.6557,0.3046,0.0397,0.0012,0.3422,0.6566,101.325,0.5,170,328.2,5.0,above,0-5 K,0.7253562,0.25720084,0.017443024,0.007785699,0.32812288,0.66409135
no,3-methyl-N-butylpyridinium tricyanomethanide,CCCC[n+]1cccc(C)c1.N#CC(=C=[N-])C#N,[C4MPy][C(CN)3],toluene,Cc1ccccc1,aromatic,n-heptane,CCCCCCC,alkane,0.5525,0.4179,0.0296,0.0008,0.5205,0.4787,101.325,0.6,170,328.2,5.0,above,0-5 K,0.6917389,0.28903,0.019231098,0.008202813,0.36393327,0.6278639
no,3-methyl-N-butylpyridinium tricyanomethanide,CCCC[n+]1cccc(C)c1.N#CC(=C=[N-])C#N,[C4MPy][C(CN)3],toluene,Cc1ccccc1,aromatic,n-heptane,CCCCCCC,alkane,0.44875512,0.5274472,0.02379762,0.0012,0.7272,0.2716,101.325,0.7,170,328.2,5.0,above,0-5 K,0.6535584,0.32525992,0.021181654,0.008138073,0.4098712,0.5819908
no,3-methyl-N-butylpyridinium tricyanomethanide,CCCC[n+]1cccc(C)c1.N#CC(=C=[N-])C#N,[C4MPy][C(CN)3],toluene,Cc1ccccc1,aromatic,n-heptane,CCCCCCC,alkane,0.3997,0.5837,0.0166,0.0012,0.8296,0.1692,101.325,0.8,170,328.2,5.0,above,0-5 K,0.6227668,0.3543889,0.02284432,0.008640504,0.43738833,0.5539712
no,3-methyl-N-butylpyridinium tricyanomethanide,CCCC[n+]1cccc(C)c1.N#CC(=C=[N-])C#N,[C4MPy][C(CN)3],toluene,Cc1ccccc1,aromatic,n-heptane,CCCCCCC,alkane,0.3559,0.6325,0.0116,0.0008,0.9344,0.0648,101.325,0.9,170,328.2,5.0,above,0-5 K,0.5880161,0.3871625,0.024821399,0.009432357,0.4672882,0.5232794
no,3-methyl-N-butylpyridinium tricyanomethanide,CCCC[n+]1cccc(C)c1.N#CC(=C=[N-])C#N,[C4MPy][C(CN)3],toluene,Cc1ccccc1,aromatic,n-heptane,CCCCCCC,alkane,0.3518,0.6482,0.0,0.0008,0.9992,0.0,101.325,1.0,170,328.2,5.0,above,0-5 K,0.55536485,0.4180855,0.02654969,0.0099449875,0.49533147,0.49472356
no,3-methyl-N-butylpyridinium tricyanomethanide,CCCC[n+]1cccc(C)c1.N#CC(=C=[N-])C#N,[C4MPy][C(CN)3],p-xylene,Cc1ccc(C)cc1,aromatic,n-octane,CCCCCCCC,alkane,0.9669,0.0,0.0331,0.0,0.0,1.0,101.325,0.0,172,328.2,5.0,above,0-5 K,0.8388277,0.15051416,0.010658042,0.004967825,0.25687307,0.7381591
no,3-methyl-N-butylpyridinium tricyanomethanide,CCCC[n+]1cccc(C)c1.N#CC(=C=[N-])C#N,[C4MPy][C(CN)3],p-xylene,Cc1ccc(C)cc1,aromatic,n-octane,CCCCCCCC,alkane,0.92840713,0.03919608,0.03239676,0.0,0.0418,0.9582,101.325,0.125,172,328.2,5.0,above,0-5 K,0.8163704,0.1716401,0.011989413,0.005445532,0.28228688,0.71226764
no,3-methyl-N-butylpyridinium tricyanomethanide,CCCC[n+]1cccc(C)c1.N#CC(=C=[N-])C#N,[C4MPy][C(CN)3],p-xylene,Cc1ccc(C)cc1,aromatic,n-octane,CCCCCCCC,alkane,0.8957,0.0726,0.0317,0.0,0.0898,0.9102,101.325,0.25,172,328.2,5.0,above,0-5 K,0.7908706,0.19564725,0.013482072,0.0059639663,0.31029254,0.6837435
no,3-methyl-N-butylpyridinium tricyanomethanide,CCCC[n+]1cccc(C)c1.N#CC(=C=[N-])C#N,[C4MPy][C(CN)3],p-xylene,Cc1ccc(C)cc1,aromatic,n-octane,CCCCCCCC,alkane,0.8858886,0.080608055,0.03350335,0.0,0.1025,0.8975,101.325,0.375,172,328.2,5.0,above,0-5 K,0.7634459,0.22151656,0.015037528,0.006478519,0.33862022,0.65490127
no,3-methyl-N-butylpyridinium tricyanomethanide,CCCC[n+]1cccc(C)c1.N#CC(=C=[N-])C#N,[C4MPy][C(CN)3],p-xylene,Cc1ccc(C)cc1,aromatic,n-octane,CCCCCCCC,alkane,0.85660005,0.11050001,0.032900006,0.0,0.1448,0.8552,101.325,0.5,172,328.2,5.0,above,0-5 K,0.73283017,0.2504099,0.016759973,0.007034197,0.36933646,0.62362933
no,3-methyl-N-butylpyridinium tricyanomethanide,CCCC[n+]1cccc(C)c1.N#CC(=C=[N-])C#N,[C4MPy][C(CN)3],p-xylene,Cc1ccc(C)cc1,aromatic,n-octane,CCCCCCCC,alkane,0.75560004,0.21530001,0.029100003,0.0,0.3115,0.6885,101.325,0.625,172,328.2,5.0,above,0-5 K,0.6988472,0.2824974,0.018655403,0.0076325582,0.40250716,0.58986026
no,3-methyl-N-butylpyridinium tricyanomethanide,CCCC[n+]1cccc(C)c1.N#CC(=C=[N-])C#N,[C4MPy][C(CN)3],p-xylene,Cc1ccc(C)cc1,aromatic,n-octane,CCCCCCCC,alkane,0.6649335,0.30766922,0.02739726,0.0,0.4873,0.5127,101.325,0.75,172,328.2,5.0,above,0-5 K,0.6626316,0.31672135,0.020647146,0.008241806,0.43636099,0.5553972
no,3-methyl-N-butylpyridinium tricyanomethanide,CCCC[n+]1cccc(C)c1.N#CC(=C=[N-])C#N,[C4MPy][C(CN)3],p-xylene,Cc1ccc(C)cc1,aromatic,n-octane,CCCCCCCC,alkane,0.5722,0.407,0.0208,0.0,0.7122,0.2878,101.325,0.875,172,328.2,5.0,above,0-5 K,0.63307786,0.3444524,0.022469686,0.0093100825,0.45209408,0.53859586
no,3-methyl-N-butylpyridinium tricyanomethanide,CCCC[n+]1cccc(C)c1.N#CC(=C=[N-])C#N,[C4MPy][C(CN)3],p-xylene,Cc1ccc(C)cc1,aromatic,n-octane,CCCCCCCC,alkane,0.4551,0.5449,0.0,0.0,1.0,0.0,101.325,1.0,172,328.2,5.0,above,0-5 K,0.5937931,0.38162723,0.024579586,0.009969134,0.48641726,0.5036136
,1-butyl-3-methylimidazolium hexafluorophosphate,CCCCn1cc[n+](C)c1.F[P-](F)(F)(F)(F)F,[C4MIm][PF6],n-propylbenzene,CCCc1ccccc1,aromatic,n-dodecane,CCCCCCCCCCCC,alkane,0.9351,0.0478,0.0171,0.0,0.1128,0.8872,101.325,0.0,224,333.0,9.800000000000011,above,5-10 K,0.9275367,0.065033406,0.007429767,0.002988602,0.3168618,0.68014956
,1-butyl-3-methylimidazolium hexafluorophosphate,CCCCn1cc[n+](C)c1.F[P-](F)(F)(F)(F)F,[C4MIm][PF6],n-propylbenzene,CCCc1ccccc1,aromatic,n-dodecane,CCCCCCCCCCCC,alkane,0.8913,0.0912,0.0175,0.0,0.2029,0.7971,101.325,0.11111111,224,333.0,9.800000000000011,above,5-10 K,0.9148793,0.07654053,0.008580152,0.003180869,0.3513123,0.64550686
,1-butyl-3-methylimidazolium hexafluorophosphate,CCCCn1cc[n+](C)c1.F[P-](F)(F)(F)(F)F,[C4MIm][PF6],n-propylbenzene,CCCc1ccccc1,aromatic,n-dodecane,CCCCCCCCCCCC,alkane,0.8507,0.1312,0.0181,0.0,0.2762,0.7238,101.325,0.22222222,224,333.0,9.800000000000011,above,5-10 K,0.90191114,0.08832837,0.009760432,0.003366238,0.3809303,0.61570346
,1-butyl-3-methylimidazolium hexafluorophosphate,CCCCn1cc[n+](C)c1.F[P-](F)(F)(F)(F)F,[C4MIm][PF6],n-propylbenzene,CCCc1ccccc1,aromatic,n-dodecane,CCCCCCCCCCCC,alkane,0.8093,0.1722,0.0185,0.0,0.3352,0.6648,101.325,0.33333334,224,333.0,9.800000000000011,above,5-10 K,0.88725847,0.101658486,0.011083102,0.003639193,0.40724963,0.5891112
,1-butyl-3-methylimidazolium hexafluorophosphate,CCCCn1cc[n+](C)c1.F[P-](F)(F)(F)(F)F,[C4MIm][PF6],n-propylbenzene,CCCc1ccccc1,aromatic,n-dodecane,CCCCCCCCCCCC,alkane,0.7746,0.2068,0.0186,0.0,0.3865,0.6135,101.325,0.44444445,224,333.0,9.800000000000011,above,5-10 K,0.87000895,0.117372714,0.012618358,0.0039322097,0.4358669,0.5602009
,1-butyl-3-methylimidazolium hexafluorophosphate,CCCCn1cc[n+](C)c1.F[P-](F)(F)(F)(F)F,[C4MIm][PF6],n-propylbenzene,CCCc1ccccc1,aromatic,n-dodecane,CCCCCCCCCCCC,alkane,0.741,0.2402,0.0188,0.0,0.4299,0.5701,101.325,0.5555556,224,333.0,9.800000000000011,above,5-10 K,0.8523138,0.13350925,0.014176925,0.004206158,0.46135792,0.5344359
,1-butyl-3-methylimidazolium hexafluorophosphate,CCCCn1cc[n+](C)c1.F[P-](F)(F)(F)(F)F,[C4MIm][PF6],n-propylbenzene,CCCc1ccccc1,aromatic,n-dodecane,CCCCCCCCCCCC,alkane,0.7123,0.2687,0.019,0.0,0.4684,0.5316,101.325,0.6666667,224,333.0,9.800000000000011,above,5-10 K,0.8328078,0.15131794,0.015874267,0.004483383,0.48684132,0.5086753
,1-butyl-3-methylimidazolium hexafluorophosphate,CCCCn1cc[n+](C)c1.F[P-](F)(F)(F)(F)F,[C4MIm][PF6],n-propylbenzene,CCCc1ccccc1,aromatic,n-dodecane,CCCCCCCCCCCC,alkane,0.6816,0.2991,0.0193,0.0,0.5006,0.4994,101.325,0.7777778,224,333.0,9.800000000000011,above,5-10 K,0.8111554,0.17111257,0.017732076,0.0047677923,0.51249385,0.48273835
,1-butyl-3-methylimidazolium hexafluorophosphate,CCCCn1cc[n+](C)c1.F[P-](F)(F)(F)(F)F,[C4MIm][PF6],n-propylbenzene,CCCc1ccccc1,aromatic,n-dodecane,CCCCCCCCCCCC,alkane,0.65340006,0.32700002,0.019600002,0.0,0.5292,0.4708,101.325,0.8888889,224,333.0,9.800000000000011,above,5-10 K,0.78855836,0.19179492,0.0196467,0.0050353166,0.5363897,0.45857498
,1-butyl-3-methylimidazolium hexafluorophosphate,CCCCn1cc[n+](C)c1.F[P-](F)(F)(F)(F)F,[C4MIm][PF6],n-propylbenzene,CCCc1ccccc1,aromatic,n-dodecane,CCCCCCCCCCCC,alkane,0.6276,0.3528,0.0196,0.0,0.5547,0.4453,101.325,1.0,224,333.0,9.800000000000011,above,5-10 K,0.76512355,0.21327062,0.02160589,0.0052775173,0.5585973,0.43612513
,1-butyl-3-methylimidazolium hexafluorophosphate,CCCCn1cc[n+](C)c1.F[P-](F)(F)(F)(F)F,[C4MIm][PF6],n-propylbenzene,CCCc1ccccc1,aromatic,n-tetradecane,CCCCCCCCCCCCCC,alkane,0.929,0.061,0.01,0.0,0.117,0.883,101.325,0.0,226,333.0,9.800000000000011,above,5-10 K,0.9270818,0.065679535,0.007238663,0.002728319,0.32690933,0.67036235
,1-butyl-3-methylimidazolium hexafluorophosphate,CCCCn1cc[n+](C)c1.F[P-](F)(F)(F)(F)F,[C4MIm][PF6],n-propylbenzene,CCCc1ccccc1,aromatic,n-tetradecane,CCCCCCCCCCCCCC,alkane,0.87700003,0.11200001,0.011000001,0.0,0.211,0.789,101.325,0.125,226,333.0,9.800000000000011,above,5-10 K,0.91495675,0.076711364,0.008331863,0.0029831217,0.35326564,0.6437512
,1-butyl-3-methylimidazolium hexafluorophosphate,CCCCn1cc[n+](C)c1.F[P-](F)(F)(F)(F)F,[C4MIm][PF6],n-propylbenzene,CCCc1ccccc1,aromatic,n-tetradecane,CCCCCCCCCCCCCC,alkane,0.829,0.159,0.012,0.0,0.287,0.713,101.325,0.25,226,333.0,9.800000000000011,above,5-10 K,0.9010142,0.089414224,0.009571604,0.0032517663,0.3805314,0.6162168
,1-butyl-3-methylimidazolium hexafluorophosphate,CCCCn1cc[n+](C)c1.F[P-](F)(F)(F)(F)F,[C4MIm][PF6],n-propylbenzene,CCCc1ccccc1,aromatic,n-tetradecane,CCCCCCCCCCCCCC,alkane,0.788,0.2,0.012,0.0,0.35,0.65,101.325,0.375,226,333.0,9.800000000000011,above,5-10 K,0.8869528,0.1022616,0.010785658,0.0034745322,0.40448284,0.5920426
,1-butyl-3-methylimidazolium hexafluorophosphate,CCCCn1cc[n+](C)c1.F[P-](F)(F)(F)(F)F,[C4MIm][PF6],n-propylbenzene,CCCc1ccccc1,aromatic,n-tetradecane,CCCCCCCCCCCCCC,alkane,0.751,0.237,0.012,0.0,0.403,0.597,101.325,0.5,226,333.0,9.800000000000011,above,5-10 K,0.86905825,0.11860741,0.012334363,0.0037624312,0.43298343,0.5632542
,1-butyl-3-methylimidazolium hexafluorophosphate,CCCCn1cc[n+](C)c1.F[P-](F)(F)(F)(F)F,[C4MIm][PF6],n-propylbenzene,CCCc1ccccc1,aromatic,n-tetradecane,CCCCCCCCCCCCCC,alkane,0.716,0.272,0.012,0.0,0.448,0.552,101.325,0.625,226,333.0,9.800000000000011,above,5-10 K,0.8488487,0.13709539,0.014055908,0.0040591336,0.4618758,0.53406507
,1-butyl-3-methylimidazolium hexafluorophosphate,CCCCn1cc[n+](C)c1.F[P-](F)(F)(F)(F)F,[C4MIm][PF6],n-propylbenzene,CCCc1ccccc1,aromatic,n-tetradecane,CCCCCCCCCCCCCC,alkane,0.684,0.303,0.013,0.0,0.487,0.513,101.325,0.75,226,333.0,9.800000000000011,above,5-10 K,0.8260787,0.15794943,0.015971826,0.004363757,0.49099475,0.50464153
,1-butyl-3-methylimidazolium hexafluorophosphate,CCCCn1cc[n+](C)c1.F[P-](F)(F)(F)(F)F,[C4MIm][PF6],n-propylbenzene,CCCc1ccccc1,aromatic,n-tetradecane,CCCCCCCCCCCCCC,alkane,0.653,0.334,0.013,0.0,0.519,0.481,101.325,0.875,226,333.0,9.800000000000011,above,5-10 K,0.8007518,0.18117815,0.01807005,0.0046735327,0.5200424,0.47528407
,1-butyl-3-methylimidazolium hexafluorophosphate,CCCCn1cc[n+](C)c1.F[P-](F)(F)(F)(F)F,[C4MIm][PF6],n-propylbenzene,CCCc1ccccc1,aromatic,n-tetradecane,CCCCCCCCCCCCCC,alkane,0.623,0.364,0.013,0.0,0.547,0.453,101.325,1.0,226,333.0,9.800000000000011,above,5-10 K,0.7673552,0.2117679,0.020876925,0.0051625296,0.55540526,0.43943223
,1-butyl-3-methylimidazolium hexafluorophosphate,CCCCn1cc[n+](C)c1.F[P-](F)(F)(F)(F)F,[C4MIm][PF6],n-butylbenzene,CCCCc1ccccc1,aromatic,n-dodecane,CCCCCCCCCCCC,alkane,0.942,0.0379,0.0201,0.0,0.1059,0.8941,101.325,0.0,228,333.0,9.800000000000011,above,5-10 K,0.93593276,0.056849062,0.007218122,0.002821641,0.35529697,0.6418814
,1-butyl-3-methylimidazolium hexafluorophosphate,CCCCn1cc[n+](C)c1.F[P-](F)(F)(F)(F)F,[C4MIm][PF6],n-butylbenzene,CCCCc1ccccc1,aromatic,n-dodecane,CCCCCCCCCCCC,alkane,0.908,0.0715,0.0205,0.0,0.1926,0.8074,101.325,0.09090909,228,333.0,9.800000000000011,above,5-10 K,0.9284849,0.06352932,0.007985737,0.003001424,0.37322927,0.6237693
,1-butyl-3-methylimidazolium hexafluorophosphate,CCCCn1cc[n+](C)c1.F[P-](F)(F)(F)(F)F,[C4MIm][PF6],n-butylbenzene,CCCCc1ccccc1,aromatic,n-dodecane,CCCCCCCCCCCC,alkane,0.87810004,0.10080001,0.021100001,0.0,0.2651,0.7349,101.325,0.18181819,228,333.0,9.800000000000011,above,5-10 K,0.9211285,0.07013337,0.008738077,0.0031601076,0.38895327,0.6078866
,1-butyl-3-methylimidazolium hexafluorophosphate,CCCCn1cc[n+](C)c1.F[P-](F)(F)(F)(F)F,[C4MIm][PF6],n-butylbenzene,CCCCc1ccccc1,aromatic,n-dodecane,CCCCCCCCCCCC,alkane,0.8505,0.128,0.0215,0.0,0.3259,0.6741,101.325,0.27272728,228,333.0,9.800000000000011,above,5-10 K,0.9126604,0.0777421,0.00959742,0.0033347553,0.40610245,0.5905628
,1-butyl-3-methylimidazolium hexafluorophosphate,CCCCn1cc[n+](C)c1.F[P-](F)(F)(F)(F)F,[C4MIm][PF6],n-butylbenzene,CCCCc1ccccc1,aromatic,n-dodecane,CCCCCCCCCCCC,alkane,0.8261,0.1523,0.0216,0.0,0.3779,0.6221,101.325,0.36363637,228,333.0,9.800000000000011,above,5-10 K,0.9027816,0.086631045,0.010587336,0.003531619,0.42489824,0.57157016
,1-butyl-3-methylimidazolium hexafluorophosphate,CCCCn1cc[n+](C)c1.F[P-](F)(F)(F)(F)F,[C4MIm][PF6],n-butylbenzene,CCCCc1ccccc1,aromatic,n-dodecane,CCCCCCCCCCCC,alkane,0.80420005,0.17400001,0.021800002,0.0,0.423,0.577,101.325,0.45454547,228,333.0,9.800000000000011,above,5-10 K,0.8918641,0.09646316,0.011672728,0.0037351027,0.44398317,0.5522818
,1-butyl-3-methylimidazolium hexafluorophosphate,CCCCn1cc[n+](C)c1.F[P-](F)(F)(F)(F)F,[C4MIm][PF6],n-butylbenzene,CCCCc1ccccc1,aromatic,n-dodecane,CCCCCCCCCCCC,alkane,0.7832,0.1948,0.022,0.0,0.462,0.538,101.325,0.54545456,228,333.0,9.800000000000011,above,5-10 K,0.8818049,0.105551176,0.012643968,0.003888009,0.4593128,0.5367992
,1-butyl-3-methylimidazolium hexafluorophosphate,CCCCn1cc[n+](C)c1.F[P-](F)(F)(F)(F)F,[C4MIm][PF6],n-butylbenzene,CCCCc1ccccc1,aromatic,n-dodecane,CCCCCCCCCCCC,alkane,0.7638,0.2139,0.0223,0.0,0.4963,0.5037,101.325,0.6363636,228,333.0,9.800000000000011,above,5-10 K,0.868899,0.117198825,0.01390225,0.004099835,0.47848925,0.51741093
,1-butyl-3-methylimidazolium hexafluorophosphate,CCCCn1cc[n+](C)c1.F[P-](F)(F)(F)(F)F,[C4MIm][PF6],n-butylbenzene,CCCCc1ccccc1,aromatic,n-dodecane,CCCCCCCCCCCC,alkane,0.7458,0.2316,0.0226,0.0,0.5267,0.4733,101.325,0.72727275,228,333.0,9.800000000000011,above,5-10 K,0.85485244,0.12988994,0.015257657,0.004315339,0.49771756,0.49796712
,1-butyl-3-methylimidazolium hexafluorophosphate,CCCCn1cc[n+](C)c1.F[P-](F)(F)(F)(F)F,[C4MIm][PF6],n-butylbenzene,CCCCc1ccccc1,aromatic,n-dodecane,CCCCCCCCCCCC,alkane,0.7291,0.2483,0.0226,0.0,0.5537,0.4463,101.325,0.8181818,228,333.0,9.800000000000011,above,5-10 K,0.8412516,0.1421723,0.016575975,0.0047680372,0.5059056,0.48932636
,1-butyl-3-methylimidazolium hexafluorophosphate,CCCCn1cc[n+](C)c1.F[P-](F)(F)(F)(F)F,[C4MIm][PF6],n-butylbenzene,CCCCc1ccccc1,aromatic,n-dodecane,CCCCCCCCCCCC,alkane,0.7127,0.2644,0.0229,0.0,0.5778,0.4222,101.325,0.90909094,228,333.0,9.800000000000011,above,5-10 K,0.824818,0.15704986,0.018132115,0.005007701,0.5251017,0.46989062
,1-butyl-3-methylimidazolium hexafluorophosphate,CCCCn1cc[n+](C)c1.F[P-](F)(F)(F)(F)F,[C4MIm][PF6],n-butylbenzene,CCCCc1ccccc1,aromatic,n-dodecane,CCCCCCCCCCCC,alkane,0.67350006,0.30330002,0.023200002,0.0,0.6379,0.3621,101.325,1.0,228,333.0,9.800000000000011,above,5-10 K,0.80709165,0.17311223,0.01979604,0.005250622,0.5441486,0.45060077
,1-hexyl-3-methylimidazolium hexafluorophosphate,CCCCCCn1cc[n+](C)c1.F[P-](F)(F)(F)(F)F,[C6MIm][PF6],n-butylbenzene,CCCCc1ccccc1,aromatic,n-dodecane,CCCCCCCCCCCC,alkane,0.9336,0.0453,0.0211,0.0,0.1029,0.8971,101.325,0.0,233,333.0,9.800000000000011,above,5-10 K,0.9072607,0.0804027,0.012336557,0.004455662,0.32225227,0.67329204
,1-hexyl-3-methylimidazolium hexafluorophosphate,CCCCCCn1cc[n+](C)c1.F[P-](F)(F)(F)(F)F,[C6MIm][PF6],n-butylbenzene,CCCCc1ccccc1,aromatic,n-dodecane,CCCCCCCCCCCC,alkane,0.8931,0.0854,0.0215,0.0,0.1873,0.8127,101.325,0.09090909,233,333.0,9.800000000000011,above,5-10 K,0.8972576,0.08918385,0.013558552,0.004742078,0.3390881,0.6561698
,1-hexyl-3-methylimidazolium hexafluorophosphate,CCCCCCn1cc[n+](C)c1.F[P-](F)(F)(F)(F)F,[C6MIm][PF6],n-butylbenzene,CCCCc1ccccc1,aromatic,n-dodecane,CCCCCCCCCCCC,alkane,0.8579,0.12,0.0221,0.0,0.2585,0.7415,101.325,0.18181819,233,333.0,9.800000000000011,above,5-10 K,0.88622844,0.09887362,0.014897895,0.005040386,0.3563887,0.63857096
,1-hexyl-3-methylimidazolium hexafluorophosphate,CCCCCCn1cc[n+](C)c1.F[P-](F)(F)(F)(F)F,[C6MIm][PF6],n-butylbenzene,CCCCc1ccccc1,aromatic,n-dodecane,CCCCCCCCCCCC,alkane,0.8262,0.1513,0.0225,0.0,0.3187,0.6813,101.325,0.27272728,233,333.0,9.800000000000011,above,5-10 K,0.8746579,0.10906623,0.016275812,0.005485381,0.37084174,0.6236729
,1-hexyl-3-methylimidazolium hexafluorophosphate,CCCCCCn1cc[n+](C)c1.F[P-](F)(F)(F)(F)F,[C6MIm][PF6],n-butylbenzene,CCCCc1ccccc1,aromatic,n-dodecane,CCCCCCCCCCCC,alkane,0.7992,0.1782,0.0226,0.0,0.3708,0.6292,101.325,0.36363637,233,333.0,9.800000000000011,above,5-10 K,0.8619448,0.120267145,0.017788101,0.0058855573,0.3870166,0.6070978
,1-hexyl-3-methylimidazolium hexafluorophosphate,CCCCCCn1cc[n+](C)c1.F[P-](F)(F)(F)(F)F,[C6MIm][PF6],n-butylbenzene,CCCCc1ccccc1,aromatic,n-dodecane,CCCCCCCCCCCC,alkane,0.7744,0.2028,0.0228,0.0,0.4158,0.5842,101.325,0.45454547,233,333.0,9.800000000000011,above,5-10 K,0.8477711,0.13276266,0.019466197,0.006230439,0.4052222,0.58854735
,1-hexyl-3-methylimidazolium hexafluorophosphate,CCCCCCn1cc[n+](C)c1.F[P-](F)(F)(F)(F)F,[C6MIm][PF6],n-butylbenzene,CCCCc1ccccc1,aromatic,n-dodecane,CCCCCCCCCCCC,alkane,0.7502,0.2268,0.023,0.0,0.4546,0.5454,101.325,0.54545456,233,333.0,9.800000000000011,above,5-10 K,0.832598,0.14615825,0.021243753,0.0065799546,0.423521,0.5698991
,1-hexyl-3-methylimidazolium hexafluorophosphate,CCCCCCn1cc[n+](C)c1.F[P-](F)(F)(F)(F)F,[C6MIm][PF6],n-butylbenzene,CCCCc1ccccc1,aromatic,n-dodecane,CCCCCCCCCCCC,alkane,0.7302,0.2465,0.0233,0.0,0.4895,0.5105,101.325,0.6363636,233,333.0,9.800000000000011,above,5-10 K,0.8159145,0.16088437,0.023201063,0.0070721367,0.4407532,0.5521746
,1-hexyl-3-methylimidazolium hexafluorophosphate,CCCCCCn1cc[n+](C)c1.F[P-](F)(F)(F)(F)F,[C6MIm][PF6],n-butylbenzene,CCCCc1ccccc1,aromatic,n-dodecane,CCCCCCCCCCCC,alkane,0.709,0.2674,0.0236,0.0,0.5196,0.4804,101.325,0.72727275,233,333.0,9.800000000000011,above,5-10 K,0.79813105,0.17660214,0.025266815,0.00752053,0.45870376,0.5337757
,1-hexyl-3-methylimidazolium hexafluorophosphate,CCCCCCn1cc[n+](C)c1.F[P-](F)(F)(F)(F)F,[C6MIm][PF6],n-butylbenzene,CCCCc1ccccc1,aromatic,n-dodecane,CCCCCCCCCCCC,alkane,0.6925,0.2839,0.0236,0.0,0.5473,0.4527,101.325,0.8181818,233,333.0,9.800000000000011,above,5-10 K,0.7792197,0.1933528,0.027427526,0.0079094125,0.47739515,0.5146954
,1-hexyl-3-methylimidazolium hexafluorophosphate,CCCCCCn1cc[n+](C)c1.F[P-](F)(F)(F)(F)F,[C6MIm][PF6],n-butylbenzene,CCCCc1ccccc1,aromatic,n-dodecane,CCCCCCCCCCCC,alkane,0.67570007,0.30040002,0.023900002,0.0,0.5718,0.4282,101.325,0.90909094,233,333.0,9.800000000000011,above,5-10 K,0.759163,0.21113414,0.029702866,0.008304228,0.4960176,0.49567813
,1-hexyl-3-methylimidazolium hexafluorophosphate,CCCCCCn1cc[n+](C)c1.F[P-](F)(F)(F)(F)F,[C6MIm][PF6],n-butylbenzene,CCCCc1ccccc1,aromatic,n-dodecane,CCCCCCCCCCCC,alkane,0.6291,0.3467,0.0242,0.0,0.6315,0.3685,101.325,1.0,233,333.0,9.800000000000011,above,5-10 K,0.73790896,0.22999622,0.032094855,0.008806477,0.51367366,0.4775199
,1-methyl-3-octyl-imidazolium hexafluorophosphate,CCCCCCCCn1cc[n+](C)c1.F[P-](F)(F)(F)(F)F,[C8MIm][PF6],n-butylbenzene,CCCCc1ccccc1,aromatic,n-dodecane,CCCCCCCCCCCC,alkane,0.9006,0.0723,0.0271,0.0,0.1006,0.8994,101.325,0.0,240,333.0,9.800000000000011,above,5-10 K,0.86967736,0.10985421,0.02046841,0.0069551063,0.29967102,0.69337386
,1-methyl-3-octyl-imidazolium hexafluorophosphate,CCCCCCCCn1cc[n+](C)c1.F[P-](F)(F)(F)(F)F,[C8MIm][PF6],n-butylbenzene,CCCCc1ccccc1,aromatic,n-dodecane,CCCCCCCCCCCC,alkane,0.83910006,0.13340001,0.027500002,0.0,0.1836,0.8164,101.325,0.1,240,333.0,9.800000000000011,above,5-10 K,0.85547787,0.12198469,0.022537442,0.0074384124,0.31693467,0.67562693
,1-methyl-3-octyl-imidazolium hexafluorophosphate,CCCCCCCCn1cc[n+](C)c1.F[P-](F)(F)(F)(F)F,[C8MIm][PF6],n-butylbenzene,CCCCc1ccccc1,aromatic,n-dodecane,CCCCCCCCCCCC,alkane,0.7855,0.1864,0.0281,0.0,0.2528,0.7472,101.325,0.2,240,333.0,9.800000000000011,above,5-10 K,0.8399946,0.13523185,0.024773521,0.007946566,0.3347019,0.65735155
,1-methyl-3-octyl-imidazolium hexafluorophosphate,CCCCCCCCn1cc[n+](C)c1.F[P-](F)(F)(F)(F)F,[C8MIm][PF6],n-butylbenzene,CCCCc1ccccc1,aromatic,n-dodecane,CCCCCCCCCCCC,alkane,0.7398,0.2317,0.0285,0.0,0.3118,0.6882,101.325,0.3,240,333.0,9.800000000000011,above,5-10 K,0.8246277,0.14857519,0.026797064,0.0070517147,0.3634889,0.6294593
,1-methyl-3-octyl-imidazolium hexafluorophosphate,CCCCCCCCn1cc[n+](C)c1.F[P-](F)(F)(F)(F)F,[C8MIm][PF6],n-butylbenzene,CCCCc1ccccc1,aromatic,n-dodecane,CCCCCCCCCCCC,alkane,0.6993,0.2721,0.0286,0.0,0.3622,0.6378,101.325,0.4,240,333.0,9.800000000000011,above,5-10 K,0.8062118,0.16439238,0.029395832,0.007505356,0.382664,0.6098306
,1-methyl-3-octyl-imidazolium hexafluorophosphate,CCCCCCCCn1cc[n+](C)c1.F[P-](F)(F)(F)(F)F,[C8MIm][PF6],n-butylbenzene,CCCCc1ccccc1,aromatic,n-dodecane,CCCCCCCCCCCC,alkane,0.6629,0.3083,0.0288,0.0,0.4059,0.5941,101.325,0.5,240,333.0,9.800000000000011,above,5-10 K,0.78637624,0.18145922,0.0321646,0.007971323,0.40217116,0.58985746
,1-methyl-3-octyl-imidazolium hexafluorophosphate,CCCCCCCCn1cc[n+](C)c1.F[P-](F)(F)(F)(F)F,[C8MIm][PF6],n-butylbenzene,CCCCc1ccccc1,aromatic,n-dodecane,CCCCCCCCCCCC,alkane,0.63030005,0.34070003,0.029000001,0.0,0.4441,0.5559,101.325,0.6,240,333.0,9.800000000000011,above,5-10 K,0.7651528,0.19975738,0.035089817,0.0084536,0.42199397,0.5695525
,1-methyl-3-octyl-imidazolium hexafluorophosphate,CCCCCCCCn1cc[n+](C)c1.F[P-](F)(F)(F)(F)F,[C8MIm][PF6],n-butylbenzene,CCCCc1ccccc1,aromatic,n-dodecane,CCCCCCCCCCCC,alkane,0.6007,0.37,0.0293,0.0,0.4778,0.5222,101.325,0.7,240,333.0,9.800000000000011,above,5-10 K,0.7425019,0.21930236,0.038195696,0.00894992,0.4419764,0.54907364
,1-methyl-3-octyl-imidazolium hexafluorophosphate,CCCCCCCCn1cc[n+](C)c1.F[P-](F)(F)(F)(F)F,[C8MIm][PF6],n-butylbenzene,CCCCc1ccccc1,aromatic,n-dodecane,CCCCCCCCCCCC,alkane,0.5707,0.3997,0.0296,0.0,0.5068,0.4932,101.325,0.8,240,333.0,9.800000000000011,above,5-10 K,0.7185111,0.24004093,0.041447952,0.009448926,0.46199304,0.528558
,1-methyl-3-octyl-imidazolium hexafluorophosphate,CCCCCCCCn1cc[n+](C)c1.F[P-](F)(F)(F)(F)F,[C8MIm][PF6],n-butylbenzene,CCCCc1ccccc1,aromatic,n-dodecane,CCCCCCCCCCCC,alkane,0.5466,0.4238,0.0296,0.0,0.5336,0.4664,101.325,0.9,240,333.0,9.800000000000011,above,5-10 K,0.68650395,0.26767966,0.04581639,0.010228258,0.4887749,0.5009969
,1-methyl-3-octyl-imidazolium hexafluorophosphate,CCCCCCCCn1cc[n+](C)c1.F[P-](F)(F)(F)(F)F,[C8MIm][PF6],n-butylbenzene,CCCCc1ccccc1,aromatic,n-dodecane,CCCCCCCCCCCC,alkane,0.5232,0.4469,0.0299,0.0,0.5574,0.4426,101.325,1.0,240,333.0,9.800000000000011,above,5-10 K,0.64939815,0.2995471,0.05105477,0.010951255,0.5212826,0.46776614
,1-ethyl-3-methylimidazolium methylsulfate,CCn1cc[n+](C)c1.COS(=O)(=O)[O-],[C2MIm][MeSO4],n-propylbenzene,CCCc1ccccc1,aromatic,n-dodecane,CCCCCCCCCCCC,alkane,0.9721,0.0252,0.0027,0.0,0.1234,0.8766,101.325,0.0,244,333.0,9.800000000000011,above,5-10 K,0.9851623,0.013579507,0.0012581463,0.0008406258,0.33331412,0.6658452
,1-ethyl-3-methylimidazolium methylsulfate,CCn1cc[n+](C)c1.COS(=O)(=O)[O-],[C2MIm][MeSO4],n-propylbenzene,CCCc1ccccc1,aromatic,n-dodecane,CCCCCCCCCCCC,alkane,0.9483,0.0487,0.003,0.0,0.22,0.78,101.325,0.11111111,244,333.0,9.800000000000011,above,5-10 K,0.98295724,0.015616929,0.0014257771,0.0008992827,0.35286304,0.64623773
,1-ethyl-3-methylimidazolium methylsulfate,CCn1cc[n+](C)c1.COS(=O)(=O)[O-],[C2MIm][MeSO4],n-propylbenzene,CCCc1ccccc1,aromatic,n-dodecane,CCCCCCCCCCCC,alkane,0.9226,0.074,0.0034,0.0,0.2961,0.7039,101.325,0.22222222,244,333.0,9.800000000000011,above,5-10 K,0.98031574,0.018060025,0.0016243249,0.0009673308,0.37401983,0.6250128
,1-ethyl-3-methylimidazolium methylsulfate,CCn1cc[n+](C)c1.COS(=O)(=O)[O-],[C2MIm][MeSO4],n-propylbenzene,CCCc1ccccc1,aromatic,n-dodecane,CCCCCCCCCCCC,alkane,0.8985,0.0978,0.0037,0.0,0.3587,0.6413,101.325,0.33333334,244,333.0,9.800000000000011,above,5-10 K,0.9771224,0.021017857,0.0018596626,0.0010463193,0.39688212,0.6020716
,1-ethyl-3-methylimidazolium methylsulfate,CCn1cc[n+](C)c1.COS(=O)(=O)[O-],[C2MIm][MeSO4],n-propylbenzene,CCCc1ccccc1,aromatic,n-dodecane,CCCCCCCCCCCC,alkane,0.8752,0.1207,0.0041,0.0,0.4111,0.5889,101.325,0.44444445,244,333.0,9.800000000000011,above,5-10 K,0.9734213,0.024449961,0.0021287422,0.0011294782,0.4202009,0.5786696
,1-ethyl-3-methylimidazolium methylsulfate,CCn1cc[n+](C)c1.COS(=O)(=O)[O-],[C2MIm][MeSO4],n-propylbenzene,CCCc1ccccc1,aromatic,n-dodecane,CCCCCCCCCCCC,alkane,0.8535,0.142,0.0045,0.0,0.4557,0.5443,101.325,0.5555556,244,333.0,9.800000000000011,above,5-10 K,0.96933216,0.02825567,0.0024121716,0.0011929863,0.44633123,0.55247575
,1-ethyl-3-methylimidazolium methylsulfate,CCn1cc[n+](C)c1.COS(=O)(=O)[O-],[C2MIm][MeSO4],n-propylbenzene,CCCc1ccccc1,aromatic,n-dodecane,CCCCCCCCCCCC,alkane,0.8324,0.1627,0.0049,0.0,0.4939,0.5061,101.325,0.6666667,244,333.0,9.800000000000011,above,5-10 K,0.9643918,0.032848787,0.002759425,0.0012813899,0.47041565,0.52830297
,1-ethyl-3-methylimidazolium methylsulfate,CCn1cc[n+](C)c1.COS(=O)(=O)[O-],[C2MIm][MeSO4],n-propylbenzene,CCCc1ccccc1,aromatic,n-dodecane,CCCCCCCCCCCC,alkane,0.8133,0.1814,0.0053,0.0,0.5275,0.4725,101.325,0.7777778,244,333.0,9.800000000000011,above,5-10 K,0.9586614,0.038181912,0.0031566417,0.0013735003,0.49475363,0.5038729
,1-ethyl-3-methylimidazolium methylsulfate,CCn1cc[n+](C)c1.COS(=O)(=O)[O-],[C2MIm][MeSO4],n-propylbenzene,CCCc1ccccc1,aromatic,n-dodecane,CCCCCCCCCCCC,alkane,0.792,0.2024,0.0056,0.0,0.556,0.444,101.325,0.8888889,244,333.0,9.800000000000011,above,5-10 K,0.952067,0.044325776,0.0036071981,0.0014686766,0.51906294,0.4794684
,1-ethyl-3-methylimidazolium methylsulfate,CCn1cc[n+](C)c1.COS(=O)(=O)[O-],[C2MIm][MeSO4],n-propylbenzene,CCCc1ccccc1,aromatic,n-dodecane,CCCCCCCCCCCC,alkane,0.7707,0.2234,0.0059,0.0,0.5811,0.4189,101.325,1.0,244,333.0,9.800000000000011,above,5-10 K,0.9444514,0.051428363,0.0041202693,0.0015660693,0.5433361,0.45509782
,1-ethyl-3-methylimidazolium methylsulfate,CCn1cc[n+](C)c1.COS(=O)(=O)[O-],[C2MIm][MeSO4],n-propylbenzene,CCCc1ccccc1,aromatic,n-tetradecane,CCCCCCCCCCCCCC,alkane,0.9662,0.0317,0.0021,0.0,0.1335,0.8665,101.325,0.0,246,333.0,9.800000000000011,above,5-10 K,0.9858148,0.013021929,0.0011631682,0.0007702279,0.3270408,0.672189
,1-ethyl-3-methylimidazolium methylsulfate,CCn1cc[n+](C)c1.COS(=O)(=O)[O-],[C2MIm][MeSO4],n-propylbenzene,CCCc1ccccc1,aromatic,n-tetradecane,CCCCCCCCCCCCCC,alkane,0.9366,0.061,0.0024,0.0,0.236,0.764,101.325,0.11111111,246,333.0,9.800000000000011,above,5-10 K,0.9834926,0.015173917,0.0013333958,0.00083739776,0.34884667,0.6503159
,1-ethyl-3-methylimidazolium methylsulfate,CCn1cc[n+](C)c1.COS(=O)(=O)[O-],[C2MIm][MeSO4],n-propylbenzene,CCCc1ccccc1,aromatic,n-tetradecane,CCCCCCCCCCCCCC,alkane,0.906,0.0913,0.0027,0.0,0.3153,0.6847,101.325,0.22222222,246,333.0,9.800000000000011,above,5-10 K,0.9816705,0.016856724,0.0014727557,0.00087360584,0.35721943,0.6419069
,1-ethyl-3-methylimidazolium methylsulfate,CCn1cc[n+](C)c1.COS(=O)(=O)[O-],[C2MIm][MeSO4],n-propylbenzene,CCCc1ccccc1,aromatic,n-tetradecane,CCCCCCCCCCCCCC,alkane,0.8772,0.1197,0.0031,0.0,0.3797,0.6203,101.325,0.33333334,246,333.0,9.800000000000011,above,5-10 K,0.9786632,0.01964855,0.0016882969,0.00094701647,0.3800811,0.6189719
,1-ethyl-3-methylimidazolium methylsulfate,CCn1cc[n+](C)c1.COS(=O)(=O)[O-],[C2MIm][MeSO4],n-propylbenzene,CCCc1ccccc1,aromatic,n-tetradecane,CCCCCCCCCCCCCC,alkane,0.853,0.1437,0.0033,0.0,0.4343,0.5657,101.325,0.44444445,246,333.0,9.800000000000011,above,5-10 K,0.9751574,0.022907143,0.0019355357,0.0010246146,0.4035579,0.5954175
,1-ethyl-3-methylimidazolium methylsulfate,CCn1cc[n+](C)c1.COS(=O)(=O)[O-],[C2MIm][MeSO4],n-propylbenzene,CCCc1ccccc1,aromatic,n-tetradecane,CCCCCCCCCCCCCC,alkane,0.8262,0.1701,0.0037,0.0,0.4786,0.5214,101.325,0.5555556,246,333.0,9.800000000000011,above,5-10 K,0.97109467,0.02668753,0.0022178378,0.0011057986,0.42754123,0.57135296
,1-ethyl-3-methylimidazolium methylsulfate,CCn1cc[n+](C)c1.COS(=O)(=O)[O-],[C2MIm][MeSO4],n-propylbenzene,CCCc1ccccc1,aromatic,n-tetradecane,CCCCCCCCCCCCCC,alkane,0.8044,0.1916,0.004,0.0,0.5177,0.4823,101.325,0.6666667,246,333.0,9.800000000000011,above,5-10 K,0.96640074,0.03106111,0.0025382147,0.0011898148,0.45188248,0.54692763
,1-ethyl-3-methylimidazolium methylsulfate,CCn1cc[n+](C)c1.COS(=O)(=O)[O-],[C2MIm][MeSO4],n-propylbenzene,CCCc1ccccc1,aromatic,n-tetradecane,CCCCCCCCCCCCCC,alkane,0.78,0.2157,0.0043,0.0,0.5502,0.4498,101.325,0.7777778,246,333.0,9.800000000000011,above,5-10 K,0.96092457,0.036168355,0.0029070405,0.0012781312,0.47654092,0.5221809
,1-ethyl-3-methylimidazolium methylsulfate,CCn1cc[n+](C)c1.COS(=O)(=O)[O-],[C2MIm][MeSO4],n-propylbenzene,CCCc1ccccc1,aromatic,n-tetradecane,CCCCCCCCCCCCCC,alkane,0.755,0.2403,0.0047,0.0,0.578,0.422,101.325,0.8888889,246,333.0,9.800000000000011,above,5-10 K,0.9546176,0.042056788,0.0033255287,0.0013692966,0.501239,0.49739173
,1-ethyl-3-methylimidazolium methylsulfate,CCn1cc[n+](C)c1.COS(=O)(=O)[O-],[C2MIm][MeSO4],n-propylbenzene,CCCc1ccccc1,aromatic,n-tetradecane,CCCCCCCCCCCCCC,alkane,0.7336,0.2614,0.005,0.0,0.6032,0.3968,101.325,1.0,246,333.0,9.800000000000011,above,5-10 K,0.9441079,0.051879443,0.0040127183,0.0015620129,0.5417603,0.4566777
,1-butyl-3-methylimidazolium methylsulfate,CCCCn1cc[n+](C)c1.COS(=O)(=O)[O-],[C4MIm][MeSO4],benzene,c1ccccc1,aromatic,n-hexane,CCCCCC,alkane,0.9174,0.0635,0.0191,0.0,0.0706,0.9294,101.325,0.0,249,328.2,5.0,above,0-5 K,0.9166706,0.07804284,0.005286509,0.002188735,0.17195037,0.8258609
,1-butyl-3-methylimidazolium methylsulfate,CCCCn1cc[n+](C)c1.COS(=O)(=O)[O-],[C4MIm][MeSO4],benzene,c1ccccc1,aromatic,n-hexane,CCCCCC,alkane,0.8787,0.1026,0.0187,0.0,0.1189,0.8811,101.325,0.14285715,249,328.2,5.0,above,0-5 K,0.9005391,0.09325567,0.0062053245,0.0024762333,0.19542383,0.8021
,1-butyl-3-methylimidazolium methylsulfate,CCCCn1cc[n+](C)c1.COS(=O)(=O)[O-],[C4MIm][MeSO4],benzene,c1ccccc1,aromatic,n-hexane,CCCCCC,alkane,0.8445,0.1374,0.0181,0.0,0.1704,0.8296,101.325,0.2857143,249,328.2,5.0,above,0-5 K,0.8823138,0.1104638,0.0072223875,0.0027604993,0.22028755,0.77695197
,1-butyl-3-methylimidazolium methylsulfate,CCCCn1cc[n+](C)c1.COS(=O)(=O)[O-],[C4MIm][MeSO4],benzene,c1ccccc1,aromatic,n-hexane,CCCCCC,alkane,0.8096,0.1728,0.0176,0.0,0.2289,0.7711,101.325,0.42857143,249,328.2,5.0,above,0-5 K,0.8598212,0.131717,0.008461752,0.0031245088,0.2495032,0.74737227
,1-butyl-3-methylimidazolium methylsulfate,CCCCn1cc[n+](C)c1.COS(=O)(=O)[O-],[C4MIm][MeSO4],benzene,c1ccccc1,aromatic,n-hexane,CCCCCC,alkane,0.7758,0.2069,0.0173,0.0,0.2825,0.7175,101.325,0.5714286,249,328.2,5.0,above,0-5 K,0.8338414,0.15628728,0.009871298,0.0035182547,0.281217,0.71526474
,1-butyl-3-methylimidazolium methylsulfate,CCCCn1cc[n+](C)c1.COS(=O)(=O)[O-],[C4MIm][MeSO4],benzene,c1ccccc1,aromatic,n-hexane,CCCCCC,alkane,0.7575,0.2258,0.0167,0.0,0.3314,0.6686,101.325,0.71428573,249,328.2,5.0,above,0-5 K,0.8040726,0.18447465,0.01145279,0.0039385925,0.3153035,0.6807579
,1-butyl-3-methylimidazolium methylsulfate,CCCCn1cc[n+](C)c1.COS(=O)(=O)[O-],[C4MIm][MeSO4],benzene,c1ccccc1,aromatic,n-hexane,CCCCCC,alkane,0.7281,0.2554,0.0165,0.0,0.388,0.612,101.325,0.85714287,249,328.2,5.0,above,0-5 K,0.7706416,0.21615782,0.013200547,0.004381841,0.351293,0.6443252
,1-butyl-3-methylimidazolium methylsulfate,CCCCn1cc[n+](C)c1.COS(=O)(=O)[O-],[C4MIm][MeSO4],benzene,c1ccccc1,aromatic,n-hexane,CCCCCC,alkane,0.7052,0.2786,0.0162,0.0,0.4502,0.5498,101.325,1.0,249,328.2,5.0,above,0-5 K,0.73323536,0.2516427,0.015121949,0.004845075,0.38915253,0.60600245
,1-butyl-3-methylimidazolium methylsulfate,CCCCn1cc[n+](C)c1.COS(=O)(=O)[O-],[C4MIm][MeSO4],toluene,Cc1ccccc1,aromatic,n-heptane,CCCCCCC,alkane,0.9843,0.0041,0.0116,0.0,0.0178,0.9822,101.325,0.0,254,348.2,25.0,above,>20 K,0.96427476,0.033309065,0.002416092,0.0015810535,0.25942826,0.7389907
,1-butyl-3-methylimidazolium methylsulfate,CCCCn1cc[n+](C)c1.COS(=O)(=O)[O-],[C4MIm][MeSO4],toluene,Cc1ccccc1,aromatic,n-heptane,CCCCCCC,alkane,0.97040004,0.018900001,0.010700001,1e-04,0.0562,0.9437,101.325,0.1,254,348.2,25.0,above,>20 K,0.95857614,0.038652003,0.0027718318,0.0017751963,0.28149036,0.7167344
,1-butyl-3-methylimidazolium methylsulfate,CCCCn1cc[n+](C)c1.COS(=O)(=O)[O-],[C4MIm][MeSO4],toluene,Cc1ccccc1,aromatic,n-heptane,CCCCCCC,alkane,0.96070004,0.029000001,0.010300001,0.0,0.0918,0.9082,101.325,0.2,254,348.2,25.0,above,>20 K,0.95261925,0.044251937,0.0031288827,0.0019260631,0.30335546,0.69471854
,1-butyl-3-methylimidazolium methylsulfate,CCCCn1cc[n+](C)c1.COS(=O)(=O)[O-],[C4MIm][MeSO4],toluene,Cc1ccccc1,aromatic,n-heptane,CCCCCCC,alkane,0.94640005,0.042600002,0.011000001,0.0026,0.1359,0.8615,101.325,0.3,254,348.2,25.0,above,>20 K,0.9458313,0.050638553,0.0035301663,0.0020850303,0.3262696,0.6716454
,1-butyl-3-methylimidazolium methylsulfate,CCCCn1cc[n+](C)c1.COS(=O)(=O)[O-],[C4MIm][MeSO4],toluene,Cc1ccccc1,aromatic,n-heptane,CCCCCCC,alkane,0.9423,0.0476,0.0101,0.0,0.1528,0.8472,101.325,0.4,254,348.2,25.0,above,>20 K,0.93819624,0.057827402,0.0039762873,0.002245099,0.35003996,0.6477149
,1-butyl-3-methylimidazolium methylsulfate,CCCCn1cc[n+](C)c1.COS(=O)(=O)[O-],[C4MIm][MeSO4],toluene,Cc1ccccc1,aromatic,n-heptane,CCCCCCC,alkane,0.89750004,0.09260001,0.009900001,0.0,0.3008,0.6992,101.325,0.5,254,348.2,25.0,above,>20 K,0.9294808,0.06604114,0.004478081,0.0024172133,0.37461475,0.622968
,1-butyl-3-methylimidazolium methylsulfate,CCCCn1cc[n+](C)c1.COS(=O)(=O)[O-],[C4MIm][MeSO4],toluene,Cc1ccccc1,aromatic,n-heptane,CCCCCCC,alkane,0.8595,0.1313,0.0092,0.0,0.4366,0.5634,101.325,0.6,254,348.2,25.0,above,>20 K,0.9196321,0.07533075,0.0050371643,0.0025950945,0.39984882,0.5975561
,1-butyl-3-methylimidazolium methylsulfate,CCCCn1cc[n+](C)c1.COS(=O)(=O)[O-],[C4MIm][MeSO4],toluene,Cc1ccccc1,aromatic,n-heptane,CCCCCCC,alkane,0.822,0.1684,0.0096,0.0065,0.5494,0.4441,101.325,0.7,254,348.2,25.0,above,>20 K,0.9086227,0.08572187,0.005655422,0.0027704732,0.42571875,0.57151073
,1-butyl-3-methylimidazolium methylsulfate,CCCCn1cc[n+](C)c1.COS(=O)(=O)[O-],[C4MIm][MeSO4],toluene,Cc1ccccc1,aromatic,n-heptane,CCCCCCC,alkane,0.7684,0.2245,0.0071,0.0039,0.7075,0.2886,101.325,0.8,254,348.2,25.0,above,>20 K,0.89624715,0.097416036,0.0063368576,0.0029553364,0.45177522,0.5452694
,1-butyl-3-methylimidazolium methylsulfate,CCCCn1cc[n+](C)c1.COS(=O)(=O)[O-],[C4MIm][MeSO4],toluene,Cc1ccccc1,aromatic,n-heptane,CCCCCCC,alkane,0.7569,0.2387,0.0044,0.0003,0.8243,0.1754,101.325,0.9,254,348.2,25.0,above,>20 K,0.882306,0.11059754,0.00709639,0.0031447469,0.4782374,0.51861787
,1-butyl-3-methylimidazolium methylsulfate,CCCCn1cc[n+](C)c1.COS(=O)(=O)[O-],[C4MIm][MeSO4],toluene,Cc1ccccc1,aromatic,n-heptane,CCCCCCC,alkane,0.6568,0.3431,1e-04,0.0,0.9967,0.0033,101.325,1.0,254,348.2,25.0,above,>20 K,0.86693585,0.1251399,0.007924257,0.0033264582,0.50484204,0.4918315
,"1,3-dimethylimidazolium methylsulfate",COS(=O)(=O)[O-].Cn1cc[n+](C)c1,[C1MIm][MeSO4],toluene,Cc1ccccc1,aromatic,n-heptane,CCCCCCC,alkane,0.9988,0.0,0.0012,0.0053,0.0,0.9947,101.325,0.0,259,348.2,25.0,above,>20 K,0.9784031,0.020518273,0.001078606,0.0008003504,0.28678653,0.7124132
,"1,3-dimethylimidazolium methylsulfate",COS(=O)(=O)[O-].Cn1cc[n+](C)c1,[C1MIm][MeSO4],toluene,Cc1ccccc1,aromatic,n-heptane,CCCCCCC,alkane,0.99480003,0.0039000001,0.0013000001,0.0369,0.0595,0.9036,101.325,0.05,259,348.2,25.0,above,>20 K,0.97680855,0.02204206,0.0011494309,0.0008346521,0.2978149,0.70135045
,"1,3-dimethylimidazolium methylsulfate",COS(=O)(=O)[O-].Cn1cc[n+](C)c1,[C1MIm][MeSO4],toluene,Cc1ccccc1,aromatic,n-heptane,CCCCCCC,alkane,0.9887,0.0101,0.0012,0.0187,0.1242,0.8571,101.325,0.1,259,348.2,25.0,above,>20 K,0.97499543,0.023777077,0.0012275131,0.0008763312,0.30936292,0.68976074
,"1,3-dimethylimidazolium methylsulfate",COS(=O)(=O)[O-].Cn1cc[n+](C)c1,[C1MIm][MeSO4],toluene,Cc1ccccc1,aromatic,n-heptane,CCCCCCC,alkane,0.986,0.0126,0.0014,0.0203,0.1725,0.8072,101.325,0.15,259,348.2,25.0,above,>20 K,0.97314906,0.025542647,0.001308321,0.00091270905,0.32091546,0.6781718
,"1,3-dimethylimidazolium methylsulfate",COS(=O)(=O)[O-].Cn1cc[n+](C)c1,[C1MIm][MeSO4],toluene,Cc1ccccc1,aromatic,n-heptane,CCCCCCC,alkane,0.9805,0.0184,0.0011,0.0198,0.2326,0.7476,101.325,0.2,259,348.2,25.0,above,>20 K,0.97116816,0.027437609,0.0013942481,0.0009501571,0.33278835,0.6662615
,"1,3-dimethylimidazolium methylsulfate",COS(=O)(=O)[O-].Cn1cc[n+](C)c1,[C1MIm][MeSO4],toluene,Cc1ccccc1,aromatic,n-heptane,CCCCCCC,alkane,0.9768,0.0219,0.0013,0.014,0.2727,0.7133,101.325,0.25,259,348.2,25.0,above,>20 K,0.96908367,0.02943195,0.0014843538,0.0009859042,0.34491277,0.6541014
,"1,3-dimethylimidazolium methylsulfate",COS(=O)(=O)[O-].Cn1cc[n+](C)c1,[C1MIm][MeSO4],toluene,Cc1ccccc1,aromatic,n-heptane,CCCCCCC,alkane,0.9722,0.0266,0.0012,0.0155,0.3349,0.6496,101.325,0.3,259,348.2,25.0,above,>20 K,0.96681356,0.031605504,0.0015809023,0.0010245829,0.3571547,0.6418207
,"1,3-dimethylimidazolium methylsulfate",COS(=O)(=O)[O-].Cn1cc[n+](C)c1,[C1MIm][MeSO4],toluene,Cc1ccccc1,aromatic,n-heptane,CCCCCCC,alkane,0.9713,0.0278,0.0009,0.0143,0.3885,0.5972,101.325,0.35,259,348.2,25.0,above,>20 K,0.964361,0.033954006,0.0016850068,0.001064739,0.369674,0.62926126
,"1,3-dimethylimidazolium methylsulfate",COS(=O)(=O)[O-].Cn1cc[n+](C)c1,[C1MIm][MeSO4],toluene,Cc1ccccc1,aromatic,n-heptane,CCCCCCC,alkane,0.9643,0.0346,0.0011,0.016,0.4367,0.5473,101.325,0.4,259,348.2,25.0,above,>20 K,0.9618205,0.036387105,0.0017923107,0.0011012355,0.38237306,0.61652565
,"1,3-dimethylimidazolium methylsulfate",COS(=O)(=O)[O-].Cn1cc[n+](C)c1,[C1MIm][MeSO4],toluene,Cc1ccccc1,aromatic,n-heptane,CCCCCCC,alkane,0.95860004,0.040400002,0.0010000002,0.0332,0.4806,0.4862,101.325,0.45,259,348.2,25.0,above,>20 K,0.9590168,0.039073706,0.0019095464,0.0011429802,0.3952132,0.60364383
,"1,3-dimethylimidazolium methylsulfate",COS(=O)(=O)[O-].Cn1cc[n+](C)c1,[C1MIm][MeSO4],toluene,Cc1ccccc1,aromatic,n-heptane,CCCCCCC,alkane,0.9558,0.0434,0.0008,0.0125,0.5356,0.4519,101.325,0.5,259,348.2,25.0,above,>20 K,0.956026,0.041940264,0.002033768,0.0011849337,0.4082315,0.59058356
,"1,3-dimethylimidazolium methylsulfate",COS(=O)(=O)[O-].Cn1cc[n+](C)c1,[C1MIm][MeSO4],toluene,Cc1ccccc1,aromatic,n-heptane,CCCCCCC,alkane,0.95680004,0.042300005,0.00090000004,0.021,0.5901,0.3889,101.325,0.55,259,348.2,25.0,above,>20 K,0.952865,0.044971336,0.0021636616,0.0012245347,0.42142272,0.5773527
,"1,3-dimethylimidazolium methylsulfate",COS(=O)(=O)[O-].Cn1cc[n+](C)c1,[C1MIm][MeSO4],toluene,Cc1ccccc1,aromatic,n-heptane,CCCCCCC,alkane,0.9495,0.0499,0.0006,0.0,0.6651,0.3349,101.325,0.6,259,348.2,25.0,above,>20 K,0.9494557,0.04824205,0.0023023132,0.0012659787,0.434742,0.56399196
,"1,3-dimethylimidazolium methylsulfate",COS(=O)(=O)[O-].Cn1cc[n+](C)c1,[C1MIm][MeSO4],toluene,Cc1ccccc1,aromatic,n-heptane,CCCCCCC,alkane,0.9377,0.0616,0.0007,0.0058,0.6977,0.2965,101.325,0.65,259,348.2,25.0,above,>20 K,0.9458027,0.05174674,0.0024506121,0.0013099051,0.44809648,0.5505936
,"1,3-dimethylimidazolium methylsulfate",COS(=O)(=O)[O-].Cn1cc[n+](C)c1,[C1MIm][MeSO4],toluene,Cc1ccccc1,aromatic,n-heptane,CCCCCCC,alkane,0.9372,0.0622,0.0006,0.0008,0.7452,0.254,101.325,0.7,259,348.2,25.0,above,>20 K,0.94213754,0.055261366,0.0026011413,0.0013715384,0.45628256,0.5423459
,"1,3-dimethylimidazolium methylsulfate",COS(=O)(=O)[O-].Cn1cc[n+](C)c1,[C1MIm][MeSO4],toluene,Cc1ccccc1,aromatic,n-heptane,CCCCCCC,alkane,0.9336,0.0659,0.0005,0.0004,0.7853,0.2143,101.325,0.75,259,348.2,25.0,above,>20 K,0.9381946,0.05904425,0.0027611132,0.0014237887,0.4669271,0.5316491
,"1,3-dimethylimidazolium methylsulfate",COS(=O)(=O)[O-].Cn1cc[n+](C)c1,[C1MIm][MeSO4],toluene,Cc1ccccc1,aromatic,n-heptane,CCCCCCC,alkane,0.9277,0.0716,0.0007,0.0,0.8285,0.1715,101.325,0.8,259,348.2,25.0,above,>20 K,0.93379843,0.06326608,0.002935582,0.0014697753,0.48038027,0.51815
,"1,3-dimethylimidazolium methylsulfate",COS(=O)(=O)[O-].Cn1cc[n+](C)c1,[C1MIm][MeSO4],toluene,Cc1ccccc1,aromatic,n-heptane,CCCCCCC,alkane,0.9227,0.0768,0.0005,0.0,0.876,0.124,101.325,0.85,259,348.2,25.0,above,>20 K,0.9290752,0.067801595,0.0031231984,0.0015199583,0.4930677,0.5054123
,"1,3-dimethylimidazolium methylsulfate",COS(=O)(=O)[O-].Cn1cc[n+](C)c1,[C1MIm][MeSO4],toluene,Cc1ccccc1,aromatic,n-heptane,CCCCCCC,alkane,0.9209,0.0787,0.0004,0.0,0.9242,0.0758,101.325,0.9,259,348.2,25.0,above,>20 K,0.92406994,0.07260943,0.0033206225,0.0015687548,0.5060952,0.4923361
,"1,3-dimethylimidazolium methylsulfate",COS(=O)(=O)[O-].Cn1cc[n+](C)c1,[C1MIm][MeSO4],toluene,Cc1ccccc1,aromatic,n-heptane,CCCCCCC,alkane,0.9171,0.0826,0.0003,0.0,0.9611,0.0389,101.325,0.95,259,348.2,25.0,above,>20 K,0.91871554,0.07775644,0.0035279715,0.0016162421,0.5196627,0.47872108
,"1,3-dimethylimidazolium methylsulfate",COS(=O)(=O)[O-].Cn1cc[n+](C)c1,[C1MIm][MeSO4],toluene,Cc1ccccc1,aromatic,n-heptane,CCCCCCC,alkane,0.8953,0.1047,0.0,0.0,1.0,0.0,101.325,1.0,259,348.2,25.0,above,>20 K,0.9123153,0.083905995,0.0037786136,0.0016847417,0.53721756,0.4610977
,"1,3-dimethylimidazolium methylsulfate",COS(=O)(=O)[O-].Cn1cc[n+](C)c1,[C1MIm][MeSO4],n-propylbenzene,CCCc1ccccc1,aromatic,n-dodecane,CCCCCCCCCCCC,alkane,0.9695,0.0268,0.0037,0.0,0.1204,0.8796,101.325,0.0,261,333.0,9.800000000000011,above,5-10 K,0.98552066,0.013327839,0.0011513995,0.00077053014,0.34423485,0.6549946
,"1,3-dimethylimidazolium methylsulfate",COS(=O)(=O)[O-].Cn1cc[n+](C)c1,[C1MIm][MeSO4],n-propylbenzene,CCCc1ccccc1,aromatic,n-dodecane,CCCCCCCCCCCC,alkane,0.9427,0.0531,0.0042,0.0,0.2143,0.7857,101.325,0.1,261,333.0,9.800000000000011,above,5-10 K,0.983404,0.0152937295,0.0013023259,0.0008295844,0.36406523,0.6351052
,"1,3-dimethylimidazolium methylsulfate",COS(=O)(=O)[O-].Cn1cc[n+](C)c1,[C1MIm][MeSO4],n-propylbenzene,CCCc1ccccc1,aromatic,n-dodecane,CCCCCCCCCCCC,alkane,0.91770005,0.077800006,0.0045000003,0.0,0.2904,0.7096,101.325,0.2,261,333.0,9.800000000000011,above,5-10 K,0.9792016,0.01918628,0.001612048,0.0011061848,0.3848733,0.6140205
,"1,3-dimethylimidazolium methylsulfate",COS(=O)(=O)[O-].Cn1cc[n+](C)c1,[C1MIm][MeSO4],n-propylbenzene,CCCc1ccccc1,aromatic,n-dodecane,CCCCCCCCCCCC,alkane,0.8934,0.1014,0.0052,0.0,0.353,0.647,101.325,0.3,261,333.0,9.800000000000011,above,5-10 K,0.97515285,0.02294305,0.0019041024,0.0013190727,0.40560466,0.59307635
,"1,3-dimethylimidazolium methylsulfate",COS(=O)(=O)[O-].Cn1cc[n+](C)c1,[C1MIm][MeSO4],n-propylbenzene,CCCc1ccccc1,aromatic,n-dodecane,CCCCCCCCCCCC,alkane,0.8687,0.1256,0.0057,0.0,0.4047,0.5953,101.325,0.4,261,333.0,9.800000000000011,above,5-10 K,0.97160417,0.026247602,0.002148174,0.0014122406,0.4265277,0.57206005
,"1,3-dimethylimidazolium methylsulfate",COS(=O)(=O)[O-].Cn1cc[n+](C)c1,[C1MIm][MeSO4],n-propylbenzene,CCCc1ccccc1,aromatic,n-dodecane,CCCCCCCCCCCC,alkane,0.8462,0.1477,0.0061,0.0,0.4491,0.5509,101.325,0.5,261,333.0,9.800000000000011,above,5-10 K,0.96755993,0.03001791,0.0024222191,0.0015087016,0.4477715,0.5507198
,"1,3-dimethylimidazolium methylsulfate",COS(=O)(=O)[O-].Cn1cc[n+](C)c1,[C1MIm][MeSO4],n-propylbenzene,CCCc1ccccc1,aromatic,n-dodecane,CCCCCCCCCCCC,alkane,0.8236,0.1699,0.0065,0.0,0.4869,0.5131,101.325,0.6,261,333.0,9.800000000000011,above,5-10 K,0.9629681,0.034302514,0.0027293605,0.0016085919,0.46920657,0.5291848
,"1,3-dimethylimidazolium methylsulfate",COS(=O)(=O)[O-].Cn1cc[n+](C)c1,[C1MIm][MeSO4],n-propylbenzene,CCCc1ccccc1,aromatic,n-dodecane,CCCCCCCCCCCC,alkane,0.8025,0.1907,0.0068,0.0,0.52,0.48,101.325,0.7,261,333.0,9.800000000000011,above,5-10 K,0.95772225,0.03920139,0.003076241,0.0017127056,0.49081224,0.5074751
,"1,3-dimethylimidazolium methylsulfate",COS(=O)(=O)[O-].Cn1cc[n+](C)c1,[C1MIm][MeSO4],n-propylbenzene,CCCc1ccccc1,aromatic,n-dodecane,CCCCCCCCCCCC,alkane,0.7823,0.2106,0.0071,0.0,0.5491,0.4509,101.325,0.8,261,333.0,9.800000000000011,above,5-10 K,0.95181227,0.04472682,0.0034608857,0.0018183475,0.51233387,0.48584777
,"1,3-dimethylimidazolium methylsulfate",COS(=O)(=O)[O-].Cn1cc[n+](C)c1,[C1MIm][MeSO4],n-propylbenzene,CCCc1ccccc1,aromatic,n-dodecane,CCCCCCCCCCCC,alkane,0.762,0.2305,0.0075,0.0,0.5746,0.4254,101.325,0.9,261,333.0,9.800000000000011,above,5-10 K,0.94819766,0.048146874,0.003655467,0.0015617196,0.54003614,0.4584022
,"1,3-dimethylimidazolium methylsulfate",COS(=O)(=O)[O-].Cn1cc[n+](C)c1,[C1MIm][MeSO4],n-propylbenzene,CCCc1ccccc1,aromatic,n-dodecane,CCCCCCCCCCCC,alkane,0.7436,0.2486,0.0078,0.0,0.5976,0.4024,101.325,1.0,261,333.0,9.800000000000011,above,5-10 K,0.94257784,0.053427815,0.0039943396,0.0014853291,0.56462854,0.43388614
,"1,3-dimethylimidazolium methylsulfate",COS(=O)(=O)[O-].Cn1cc[n+](C)c1,[C1MIm][MeSO4],n-propylbenzene,CCCc1ccccc1,aromatic,n-tetradecane,CCCCCCCCCCCCCC,alkane,0.9641,0.0334,0.0025,0.0,0.1294,0.8706,101.325,0.0,263,333.0,9.800000000000011,above,5-10 K,0.9854673,0.013414182,0.0011185005,0.0007415748,0.3455694,0.653689
,"1,3-dimethylimidazolium methylsulfate",COS(=O)(=O)[O-].Cn1cc[n+](C)c1,[C1MIm][MeSO4],n-propylbenzene,CCCc1ccccc1,aromatic,n-tetradecane,CCCCCCCCCCCCCC,alkane,0.9342,0.063,0.0028,0.0,0.2305,0.7695,101.325,0.11111111,263,333.0,9.800000000000011,above,5-10 K,0.98309267,0.015624348,0.001282869,0.0008015969,0.3675642,0.6316342
,"1,3-dimethylimidazolium methylsulfate",COS(=O)(=O)[O-].Cn1cc[n+](C)c1,[C1MIm][MeSO4],n-propylbenzene,CCCc1ccccc1,aromatic,n-tetradecane,CCCCCCCCCCCCCC,alkane,0.90610003,0.09080001,0.0031000003,0.0,0.3105,0.6895,101.325,0.22222222,263,333.0,9.800000000000011,above,5-10 K,0.9817869,0.016864343,0.0013487646,0.00086414063,0.36537948,0.6337564
,"1,3-dimethylimidazolium methylsulfate",COS(=O)(=O)[O-].Cn1cc[n+](C)c1,[C1MIm][MeSO4],n-propylbenzene,CCCc1ccccc1,aromatic,n-tetradecane,CCCCCCCCCCCCCC,alkane,0.8794,0.1171,0.0035,0.0,0.3756,0.6244,101.325,0.33333334,263,333.0,9.800000000000011,above,5-10 K,0.9798911,0.018640047,0.0014687814,0.0009134294,0.3749104,0.62417614
,"1,3-dimethylimidazolium methylsulfate",COS(=O)(=O)[O-].Cn1cc[n+](C)c1,[C1MIm][MeSO4],n-propylbenzene,CCCc1ccccc1,aromatic,n-tetradecane,CCCCCCCCCCCCCC,alkane,0.8517,0.1445,0.0038,0.0,0.4281,0.5719,101.325,0.44444445,263,333.0,9.800000000000011,above,5-10 K,0.9765321,0.021779127,0.0016887272,0.0009964702,0.39803645,0.6009671
,"1,3-dimethylimidazolium methylsulfate",COS(=O)(=O)[O-].Cn1cc[n+](C)c1,[C1MIm][MeSO4],n-propylbenzene,CCCc1ccccc1,aromatic,n-tetradecane,CCCCCCCCCCCCCC,alkane,0.8291,0.1668,0.0041,0.0,0.4741,0.5259,101.325,0.5555556,263,333.0,9.800000000000011,above,5-10 K,0.972561,0.0254932,0.0019457806,0.0010926607,0.42157656,0.5773308
,"1,3-dimethylimidazolium methylsulfate",COS(=O)(=O)[O-].Cn1cc[n+](C)c1,[C1MIm][MeSO4],n-propylbenzene,CCCc1ccccc1,aromatic,n-tetradecane,CCCCCCCCCCCCCC,alkane,0.8033,0.1923,0.0044,0.0,0.5115,0.4885,101.325,0.6666667,263,333.0,9.800000000000011,above,5-10 K,0.9680973,0.029674001,0.002228625,0.0011772017,0.44563654,0.55318624
,"1,3-dimethylimidazolium methylsulfate",COS(=O)(=O)[O-].Cn1cc[n+](C)c1,[C1MIm][MeSO4],n-propylbenzene,CCCc1ccccc1,aromatic,n-tetradecane,CCCCCCCCCCCCCC,alkane,0.7778,0.2174,0.0048,0.0,0.5436,0.4564,101.325,0.7777778,263,333.0,9.800000000000011,above,5-10 K,0.9629104,0.03453781,0.0025517822,0.0012656079,0.47003815,0.5286963
,"1,3-dimethylimidazolium methylsulfate",COS(=O)(=O)[O-].Cn1cc[n+](C)c1,[C1MIm][MeSO4],n-propylbenzene,CCCc1ccccc1,aromatic,n-tetradecane,CCCCCCCCCCCCCC,alkane,0.7546,0.2403,0.0051,0.0,0.572,0.428,101.325,0.8888889,263,333.0,9.800000000000011,above,5-10 K,0.95690346,0.04017654,0.002920019,0.0013569976,0.49461773,0.5040252
,"1,3-dimethylimidazolium methylsulfate",COS(=O)(=O)[O-].Cn1cc[n+](C)c1,[C1MIm][MeSO4],n-propylbenzene,CCCc1ccccc1,aromatic,n-tetradecane,CCCCCCCCCCCCCC,alkane,0.7316,0.2629,0.0055,0.0,0.5968,0.4032,101.325,1.0,263,333.0,9.800000000000011,above,5-10 K,0.9495281,0.047098845,0.003372978,0.0015020715,0.5182019,0.48029605
,1-ethyl-3-methylimidazolium ethylsulfate,CCOS(=O)(=O)[O-].CCn1cc[n+](C)c1,[C2MIm][EtSO4],benzene,c1ccccc1,aromatic,n-hexane,CCCCCC,alkane,0.959,0.032,0.009,0.0,0.067,0.933,101.325,0.0,271,328.2,5.0,above,0-5 K,0.9383227,0.058256906,0.003420343,0.0017221224,0.15046386,0.8478141
,1-ethyl-3-methylimidazolium ethylsulfate,CCOS(=O)(=O)[O-].CCn1cc[n+](C)c1,[C2MIm][EtSO4],benzene,c1ccccc1,aromatic,n-hexane,CCCCCC,alkane,0.925,0.066,0.009,0.0,0.135,0.865,101.325,0.14285715,271,328.2,5.0,above,0-5 K,0.92575,0.07020575,0.004044146,0.0019639817,0.17245795,0.8255781
,1-ethyl-3-methylimidazolium ethylsulfate,CCOS(=O)(=O)[O-].CCn1cc[n+](C)c1,[C2MIm][EtSO4],benzene,c1ccccc1,aromatic,n-hexane,CCCCCC,alkane,0.905,0.086,0.009,0.0,0.18,0.82,101.325,0.2857143,271,328.2,5.0,above,0-5 K,0.9108945,0.084340505,0.0047650617,0.0022190479,0.19719817,0.8005828
,1-ethyl-3-methylimidazolium ethylsulfate,CCOS(=O)(=O)[O-].CCn1cc[n+](C)c1,[C2MIm][EtSO4],benzene,c1ccccc1,aromatic,n-hexane,CCCCCC,alkane,0.875,0.116,0.009,0.0,0.244,0.756,101.325,0.42857143,271,328.2,5.0,above,0-5 K,0.8931315,0.10125088,0.0056176516,0.00252487,0.22428997,0.7731852
,1-ethyl-3-methylimidazolium ethylsulfate,CCOS(=O)(=O)[O-].CCn1cc[n+](C)c1,[C2MIm][EtSO4],benzene,c1ccccc1,aromatic,n-hexane,CCCCCC,alkane,0.852,0.139,0.009,0.0,0.303,0.697,101.325,0.5714286,271,328.2,5.0,above,0-5 K,0.8723264,0.121074475,0.0065991613,0.0028590877,0.25395095,0.74318993
,1-ethyl-3-methylimidazolium ethylsulfate,CCOS(=O)(=O)[O-].CCn1cc[n+](C)c1,[C2MIm][EtSO4],benzene,c1ccccc1,aromatic,n-hexane,CCCCCC,alkane,0.831,0.161,0.008,0.0,0.36,0.64,101.325,0.71428573,271,328.2,5.0,above,0-5 K,0.84699535,0.14518069,0.007823918,0.003394899,0.28566542,0.71093965
,1-ethyl-3-methylimidazolium ethylsulfate,CCOS(=O)(=O)[O-].CCn1cc[n+](C)c1,[C2MIm][EtSO4],benzene,c1ccccc1,aromatic,n-hexane,CCCCCC,alkane,0.803,0.189,0.008,0.0,0.429,0.571,101.325,0.85714287,271,328.2,5.0,above,0-5 K,0.8191712,0.17173281,0.009096014,0.0037982622,0.31996685,0.6762349
,1-ethyl-3-methylimidazolium ethylsulfate,CCOS(=O)(=O)[O-].CCn1cc[n+](C)c1,[C2MIm][EtSO4],benzene,c1ccccc1,aromatic,n-hexane,CCCCCC,alkane,0.787,0.205,0.008,0.0,0.474,0.526,101.325,1.0,271,328.2,5.0,above,0-5 K,0.7874495,0.20202884,0.010521663,0.0042264154,0.35638332,0.6393903
,1-ethyl-3-methylimidazolium ethylsulfate,CCOS(=O)(=O)[O-].CCn1cc[n+](C)c1,[C2MIm][EtSO4],toluene,Cc1ccccc1,aromatic,n-heptane,CCCCCCC,alkane,0.9948,0.0,0.0052,0.0087,0.0,0.9913,101.325,0.0,279,348.2,25.0,above,>20 K,0.97443706,0.024006099,0.001556751,0.0012986978,0.23142166,0.7672796
,1-ethyl-3-methylimidazolium ethylsulfate,CCOS(=O)(=O)[O-].CCn1cc[n+](C)c1,[C2MIm][EtSO4],toluene,Cc1ccccc1,aromatic,n-heptane,CCCCCCC,alkane,0.9822,0.0124,0.0054,0.0035,0.0601,0.9364,101.325,0.05,279,348.2,25.0,above,>20 K,0.97262675,0.025717776,0.001655473,0.001356986,0.24087785,0.75776523
,1-ethyl-3-methylimidazolium ethylsulfate,CCOS(=O)(=O)[O-].CCn1cc[n+](C)c1,[C2MIm][EtSO4],toluene,Cc1ccccc1,aromatic,n-heptane,CCCCCCC,alkane,0.9713,0.0229,0.0058,0.0266,0.1059,0.8675,101.325,0.1,279,348.2,25.0,above,>20 K,0.97068936,0.027550125,0.0017604483,0.0014176288,0.25062728,0.7479551
,1-ethyl-3-methylimidazolium ethylsulfate,CCOS(=O)(=O)[O-].CCn1cc[n+](C)c1,[C2MIm][EtSO4],toluene,Cc1ccccc1,aromatic,n-heptane,CCCCCCC,alkane,0.96110004,0.033300005,0.0056000003,0.0374,0.1395,0.8231,101.325,0.15,279,348.2,25.0,above,>20 K,0.9685869,0.029538907,0.0018741625,0.0014858561,0.26077428,0.73773986
,1-ethyl-3-methylimidazolium ethylsulfate,CCOS(=O)(=O)[O-].CCn1cc[n+](C)c1,[C2MIm][EtSO4],toluene,Cc1ccccc1,aromatic,n-heptane,CCCCCCC,alkane,0.9476,0.0465,0.0059,0.0357,0.2096,0.7547,101.325,0.2,279,348.2,25.0,above,>20 K,0.9663634,0.031643167,0.001993556,0.0015534253,0.27111608,0.7273305
,1-ethyl-3-methylimidazolium ethylsulfate,CCOS(=O)(=O)[O-].CCn1cc[n+](C)c1,[C2MIm][EtSO4],toluene,Cc1ccccc1,aromatic,n-heptane,CCCCCCC,alkane,0.941,0.0536,0.0054,0.0415,0.2456,0.7129,101.325,0.25,279,348.2,25.0,above,>20 K,0.96398586,0.033893887,0.002120239,0.0016203467,0.28168425,0.7166955
,1-ethyl-3-methylimidazolium ethylsulfate,CCOS(=O)(=O)[O-].CCn1cc[n+](C)c1,[C2MIm][EtSO4],toluene,Cc1ccccc1,aromatic,n-heptane,CCCCCCC,alkane,0.9263,0.0682,0.0055,0.0204,0.3102,0.6694,101.325,0.3,279,348.2,25.0,above,>20 K,0.96144253,0.036303107,0.0022544158,0.0016901161,0.2925374,0.7057726
,1-ethyl-3-methylimidazolium ethylsulfate,CCOS(=O)(=O)[O-].CCn1cc[n+](C)c1,[C2MIm][EtSO4],toluene,Cc1ccccc1,aromatic,n-heptane,CCCCCCC,alkane,0.9224,0.0721,0.0055,0.0292,0.3504,0.6204,101.325,0.35,279,348.2,25.0,above,>20 K,0.9587222,0.038881205,0.002396666,0.0017637096,0.30367467,0.6945616
,1-ethyl-3-methylimidazolium ethylsulfate,CCOS(=O)(=O)[O-].CCn1cc[n+](C)c1,[C2MIm][EtSO4],toluene,Cc1ccccc1,aromatic,n-heptane,CCCCCCC,alkane,0.9122,0.0826,0.0052,0.0329,0.3829,0.5842,101.325,0.4,279,348.2,25.0,above,>20 K,0.9558397,0.041613046,0.0025472157,0.0018358524,0.31492385,0.6832403
,1-ethyl-3-methylimidazolium ethylsulfate,CCOS(=O)(=O)[O-].CCn1cc[n+](C)c1,[C2MIm][EtSO4],toluene,Cc1ccccc1,aromatic,n-heptane,CCCCCCC,alkane,0.9016,0.0943,0.0041,0.0289,0.4482,0.5229,101.325,0.45,279,348.2,25.0,above,>20 K,0.95279443,0.04450111,0.0027045493,0.0019045743,0.3260503,0.6720451
,1-ethyl-3-methylimidazolium ethylsulfate,CCOS(=O)(=O)[O-].CCn1cc[n+](C)c1,[C2MIm][EtSO4],toluene,Cc1ccccc1,aromatic,n-heptane,CCCCCCC,alkane,0.88530004,0.11010001,0.0046000006,0.0274,0.5033,0.4693,101.325,0.5,279,348.2,25.0,above,>20 K,0.94956744,0.047564536,0.0028679797,0.0019689365,0.33709657,0.66093445
,1-ethyl-3-methylimidazolium ethylsulfate,CCOS(=O)(=O)[O-].CCn1cc[n+](C)c1,[C2MIm][EtSO4],toluene,Cc1ccccc1,aromatic,n-heptane,CCCCCCC,alkane,0.87380004,0.12200001,0.0042000003,0.0274,0.5391,0.4335,101.325,0.55,279,348.2,25.0,above,>20 K,0.94608516,0.050868645,0.003046158,0.0020454645,0.3489516,0.6490029
,1-ethyl-3-methylimidazolium ethylsulfate,CCOS(=O)(=O)[O-].CCn1cc[n+](C)c1,[C2MIm][EtSO4],toluene,Cc1ccccc1,aromatic,n-heptane,CCCCCCC,alkane,0.8771,0.119,0.0039,0.0274,0.5876,0.385,101.325,0.6,279,348.2,25.0,above,>20 K,0.9423398,0.05442547,0.0032347306,0.0021236988,0.3611216,0.6367547
,1-ethyl-3-methylimidazolium ethylsulfate,CCOS(=O)(=O)[O-].CCn1cc[n+](C)c1,[C2MIm][EtSO4],toluene,Cc1ccccc1,aromatic,n-heptane,CCCCCCC,alkane,0.8631,0.1335,0.0034,0.0213,0.6401,0.3386,101.325,0.65,279,348.2,25.0,above,>20 K,0.9383602,0.058204323,0.0034354585,0.0022040633,0.37343186,0.624364
,1-ethyl-3-methylimidazolium ethylsulfate,CCOS(=O)(=O)[O-].CCn1cc[n+](C)c1,[C2MIm][EtSO4],toluene,Cc1ccccc1,aromatic,n-heptane,CCCCCCC,alkane,0.85410005,0.14210002,0.0038000003,0.0254,0.6766,0.298,101.325,0.7,279,348.2,25.0,above,>20 K,0.9349554,0.061462775,0.0035817968,0.002147963,0.38687533,0.61097676
,1-ethyl-3-methylimidazolium ethylsulfate,CCOS(=O)(=O)[O-].CCn1cc[n+](C)c1,[C2MIm][EtSO4],toluene,Cc1ccccc1,aromatic,n-heptane,CCCCCCC,alkane,0.8429,0.1543,0.0028,0.0185,0.7399,0.2416,101.325,0.75,279,348.2,25.0,above,>20 K,0.93095446,0.06527817,0.0037673947,0.002157757,0.39995074,0.5978915
,1-ethyl-3-methylimidazolium ethylsulfate,CCOS(=O)(=O)[O-].CCn1cc[n+](C)c1,[C2MIm][EtSO4],toluene,Cc1ccccc1,aromatic,n-heptane,CCCCCCC,alkane,0.8362,0.1612,0.0026,0.0204,0.7922,0.1874,101.325,0.8,279,348.2,25.0,above,>20 K,0.92625743,0.069747634,0.003994927,0.0022262642,0.41275546,0.5850182
,1-ethyl-3-methylimidazolium ethylsulfate,CCOS(=O)(=O)[O-].CCn1cc[n+](C)c1,[C2MIm][EtSO4],toluene,Cc1ccccc1,aromatic,n-heptane,CCCCCCC,alkane,0.8203,0.1775,0.0022,0.0319,0.815,0.1531,101.325,0.85,279,348.2,25.0,above,>20 K,0.9212482,0.074516244,0.0042356104,0.0022884402,0.42581743,0.57189417
,1-ethyl-3-methylimidazolium ethylsulfate,CCOS(=O)(=O)[O-].CCn1cc[n+](C)c1,[C2MIm][EtSO4],toluene,Cc1ccccc1,aromatic,n-heptane,CCCCCCC,alkane,0.8159,0.1826,0.0015,0.0262,0.8888,0.085,101.325,0.9,279,348.2,25.0,above,>20 K,0.91593486,0.079573944,0.0044911555,0.0023657396,0.438839,0.5587953
,1-ethyl-3-methylimidazolium ethylsulfate,CCOS(=O)(=O)[O-].CCn1cc[n+](C)c1,[C2MIm][EtSO4],toluene,Cc1ccccc1,aromatic,n-heptane,CCCCCCC,alkane,0.8145,0.1844,0.0011,0.0143,0.9417,0.044,101.325,0.95,279,348.2,25.0,above,>20 K,0.9102416,0.08499492,0.004763395,0.0024443546,0.45202675,0.5455289
,1-ethyl-3-methylimidazolium ethylsulfate,CCOS(=O)(=O)[O-].CCn1cc[n+](C)c1,[C2MIm][EtSO4],toluene,Cc1ccccc1,aromatic,n-heptane,CCCCCCC,alkane,0.8192,0.1808,0.0,0.0373,0.9627,0.0,101.325,1.0,279,348.2,25.0,above,>20 K,0.90392613,0.09099822,0.0050756703,0.002579267,0.46470687,0.53271383
,3-methyl-N-ethylpyridinium ethylsulfate,CCOS(=O)(=O)[O-].CC[n+]1cccc(C)c1,[C2MPy][EtSO4],benzene,c1ccccc1,aromatic,n-hexane,CCCCCC,alkane,0.924,0.051,0.025,0.0,0.051,0.949,101.325,0.0,285,283.15,10.0,below,5-10 K,0.86923367,0.12440675,0.0063596247,0.0029949828,0.27553275,0.7214722
,3-methyl-N-ethylpyridinium ethylsulfate,CCOS(=O)(=O)[O-].CC[n+]1cccc(C)c1,[C2MPy][EtSO4],benzene,c1ccccc1,aromatic,n-hexane,CCCCCC,alkane,0.874,0.102,0.024,0.0,0.108,0.892,101.325,0.11111111,285,283.15,10.0,below,5-10 K,0.851186,0.14167295,0.0071410746,0.003247856,0.3010452,0.69570684
,3-methyl-N-ethylpyridinium ethylsulfate,CCOS(=O)(=O)[O-].CC[n+]1cccc(C)c1,[C2MPy][EtSO4],benzene,c1ccccc1,aromatic,n-hexane,CCCCCC,alkane,0.82600003,0.15000002,0.024000002,0.0,0.16983019,0.83016986,101.325,0.22222222,285,283.15,10.0,below,5-10 K,0.8308992,0.161074,0.008026755,0.003535589,0.3283398,0.6681246
,3-methyl-N-ethylpyridinium ethylsulfate,CCOS(=O)(=O)[O-].CC[n+]1cccc(C)c1,[C2MPy][EtSO4],benzene,c1ccccc1,aromatic,n-hexane,CCCCCC,alkane,0.781,0.196,0.023,0.0,0.235,0.765,101.325,0.33333334,285,283.15,10.0,below,5-10 K,0.80848724,0.18252349,0.008989319,0.003832645,0.35679987,0.6393675
,3-methyl-N-ethylpyridinium ethylsulfate,CCOS(=O)(=O)[O-].CC[n+]1cccc(C)c1,[C2MPy][EtSO4],benzene,c1ccccc1,aromatic,n-hexane,CCCCCC,alkane,0.762,0.215,0.023,0.0,0.263,0.737,101.325,0.44444445,285,283.15,10.0,below,5-10 K,0.78348583,0.20643231,0.010081834,0.00422263,0.3859037,0.60987365
,3-methyl-N-ethylpyridinium ethylsulfate,CCOS(=O)(=O)[O-].CC[n+]1cccc(C)c1,[C2MPy][EtSO4],benzene,c1ccccc1,aromatic,n-hexane,CCCCCC,alkane,0.702,0.277,0.021,0.0,0.367,0.633,101.325,0.5555556,285,283.15,10.0,below,5-10 K,0.7558443,0.23284206,0.011313632,0.004722876,0.41535366,0.57992345
,3-methyl-N-ethylpyridinium ethylsulfate,CCOS(=O)(=O)[O-].CC[n+]1cccc(C)c1,[C2MPy][EtSO4],benzene,c1ccccc1,aromatic,n-hexane,CCCCCC,alkane,0.676,0.303,0.021,0.0,0.425,0.575,101.325,0.6666667,285,283.15,10.0,below,5-10 K,0.727002,0.2604805,0.0125175435,0.0050565936,0.44605324,0.5488902
,3-methyl-N-ethylpyridinium ethylsulfate,CCOS(=O)(=O)[O-].CC[n+]1cccc(C)c1,[C2MPy][EtSO4],benzene,c1ccccc1,aromatic,n-hexane,CCCCCC,alkane,0.639,0.342,0.019,0.0,0.493,0.507,101.325,0.7777778,285,283.15,10.0,below,5-10 K,0.6960154,0.29018736,0.0137972105,0.00539406,0.47727025,0.5173357
,3-methyl-N-ethylpyridinium ethylsulfate,CCOS(=O)(=O)[O-].CC[n+]1cccc(C)c1,[C2MPy][EtSO4],benzene,c1ccccc1,aromatic,n-hexane,CCCCCC,alkane,0.583,0.403,0.014,0.0,0.626,0.374,101.325,0.8888889,285,283.15,10.0,below,5-10 K,0.6642268,0.3207946,0.014978591,0.00542421,0.51050687,0.48406893
,3-methyl-N-ethylpyridinium ethylsulfate,CCOS(=O)(=O)[O-].CC[n+]1cccc(C)c1,[C2MPy][EtSO4],benzene,c1ccccc1,aromatic,n-hexane,CCCCCC,alkane,0.519,0.472,0.009,0.0,0.769,0.231,101.325,1.0,285,283.15,10.0,below,5-10 K,0.62977725,0.35386905,0.016353618,0.005735465,0.54164094,0.45262355
,3-methyl-N-ethylpyridinium ethylsulfate,CCOS(=O)(=O)[O-].CC[n+]1cccc(C)c1,[C2MPy][EtSO4],benzene,c1ccccc1,aromatic,n-heptane,CCCCCCC,alkane,0.947,0.045,0.008,0.0,0.052,0.948,101.325,0.0,289,283.15,10.0,below,5-10 K,0.87115765,0.12272248,0.0061199176,0.0028811435,0.27232745,0.7247914
,3-methyl-N-ethylpyridinium ethylsulfate,CCOS(=O)(=O)[O-].CC[n+]1cccc(C)c1,[C2MPy][EtSO4],benzene,c1ccccc1,aromatic,n-heptane,CCCCCCC,alkane,0.864,0.128,0.008,0.0,0.163,0.837,101.325,0.125,289,283.15,10.0,below,5-10 K,0.8506503,0.1423531,0.006996611,0.003168604,0.3018185,0.6950129
,3-methyl-N-ethylpyridinium ethylsulfate,CCOS(=O)(=O)[O-].CC[n+]1cccc(C)c1,[C2MPy][EtSO4],benzene,c1ccccc1,aromatic,n-heptane,CCCCCCC,alkane,0.827,0.164,0.009,0.0,0.214,0.786,101.325,0.25,289,283.15,10.0,below,5-10 K,0.8275438,0.1644809,0.007975339,0.003484217,0.3328347,0.6636811
,3-methyl-N-ethylpyridinium ethylsulfate,CCOS(=O)(=O)[O-].CC[n+]1cccc(C)c1,[C2MPy][EtSO4],benzene,c1ccccc1,aromatic,n-heptane,CCCCCCC,alkane,0.791,0.199,0.01,0.0,0.271,0.729,101.325,0.375,289,283.15,10.0,below,5-10 K,0.80168164,0.18925807,0.009060333,0.003813688,0.36538386,0.63080245
,3-methyl-N-ethylpyridinium ethylsulfate,CCOS(=O)(=O)[O-].CC[n+]1cccc(C)c1,[C2MPy][EtSO4],benzene,c1ccccc1,aromatic,n-heptane,CCCCCCC,alkane,0.759,0.231,0.01,0.0,0.324,0.676,101.325,0.5,289,283.15,10.0,below,5-10 K,0.7729963,0.21676075,0.010242891,0.004153945,0.39913827,0.59670776
,3-methyl-N-ethylpyridinium ethylsulfate,CCOS(=O)(=O)[O-].CC[n+]1cccc(C)c1,[C2MPy][EtSO4],benzene,c1ccccc1,aromatic,n-heptane,CCCCCCC,alkane,0.69100004,0.29800004,0.011000001,0.0,0.442,0.558,101.325,0.625,289,283.15,10.0,below,5-10 K,0.741296,0.24714474,0.011559235,0.0045656986,0.4335261,0.56190825
,3-methyl-N-ethylpyridinium ethylsulfate,CCOS(=O)(=O)[O-].CC[n+]1cccc(C)c1,[C2MPy][EtSO4],benzene,c1ccccc1,aromatic,n-heptane,CCCCCCC,alkane,0.62700003,0.36400002,0.009000001,0.0,0.567,0.433,101.325,0.75,289,283.15,10.0,below,5-10 K,0.70715547,0.2798985,0.012946014,0.004954204,0.4685509,0.5264949
,3-methyl-N-ethylpyridinium ethylsulfate,CCOS(=O)(=O)[O-].CC[n+]1cccc(C)c1,[C2MPy][EtSO4],benzene,c1ccccc1,aromatic,n-heptane,CCCCCCC,alkane,0.562,0.431,0.007,0.0,0.697,0.303,101.325,0.875,289,283.15,10.0,below,5-10 K,0.67068654,0.31492445,0.014389055,0.0053077578,0.5039579,0.49073434
,3-methyl-N-ethylpyridinium ethylsulfate,CCOS(=O)(=O)[O-].CC[n+]1cccc(C)c1,[C2MPy][EtSO4],benzene,c1ccccc1,aromatic,n-heptane,CCCCCCC,alkane,0.491,0.509,0.0,0.0,0.841,0.159,101.325,1.0,289,283.15,10.0,below,5-10 K,0.6321283,0.35197937,0.015892318,0.005654097,0.53915095,0.45519495
,3-methyl-N-ethylpyridinium ethylsulfate,CCOS(=O)(=O)[O-].CC[n+]1cccc(C)c1,[C2MPy][EtSO4],benzene,c1ccccc1,aromatic,n-octane,CCCCCCCC,alkane,0.91400003,0.080000006,0.0060000005,0.0,0.102,0.898,101.325,0.0,292,283.15,10.0,below,5-10 K,0.87256074,0.12148636,0.005952941,0.0028688028,0.26872584,0.7284054
,3-methyl-N-ethylpyridinium ethylsulfate,CCOS(=O)(=O)[O-].CC[n+]1cccc(C)c1,[C2MPy][EtSO4],benzene,c1ccccc1,aromatic,n-octane,CCCCCCCC,alkane,0.864,0.13,0.006,0.0,0.167,0.833,101.325,0.125,292,283.15,10.0,below,5-10 K,0.85200745,0.14115955,0.006833062,0.003205155,0.2978634,0.6989315
,3-methyl-N-ethylpyridinium ethylsulfate,CCOS(=O)(=O)[O-].CC[n+]1cccc(C)c1,[C2MPy][EtSO4],benzene,c1ccccc1,aromatic,n-octane,CCCCCCCC,alkane,0.83,0.165,0.005,0.0,0.217,0.783,101.325,0.25,292,283.15,10.0,below,5-10 K,0.8289979,0.16320619,0.00779597,0.0035285696,0.3288429,0.6676285
,3-methyl-N-ethylpyridinium ethylsulfate,CCOS(=O)(=O)[O-].CC[n+]1cccc(C)c1,[C2MPy][EtSO4],benzene,c1ccccc1,aromatic,n-octane,CCCCCCCC,alkane,0.791,0.204,0.005,0.0,0.275,0.725,101.325,0.375,292,283.15,10.0,below,5-10 K,0.8032786,0.18786505,0.0088562565,0.0038645426,0.3613303,0.6348051
,3-methyl-N-ethylpyridinium ethylsulfate,CCOS(=O)(=O)[O-].CC[n+]1cccc(C)c1,[C2MPy][EtSO4],benzene,c1ccccc1,aromatic,n-octane,CCCCCCCC,alkane,0.74,0.256,0.004,0.0,0.373,0.627,101.325,0.5,292,283.15,10.0,below,5-10 K,0.7747761,0.21520764,0.010016255,0.004211348,0.39506084,0.6007278
,3-methyl-N-ethylpyridinium ethylsulfate,CCOS(=O)(=O)[O-].CC[n+]1cccc(C)c1,[C2MPy][EtSO4],benzene,c1ccccc1,aromatic,n-octane,CCCCCCCC,alkane,0.725,0.271,0.004,0.0,0.389,0.611,101.325,0.625,292,283.15,10.0,below,5-10 K,0.74368876,0.24506561,0.011245552,0.004501499,0.4301286,0.5653699
,3-methyl-N-ethylpyridinium ethylsulfate,CCOS(=O)(=O)[O-].CC[n+]1cccc(C)c1,[C2MPy][EtSO4],benzene,c1ccccc1,aromatic,n-octane,CCCCCCCC,alkane,0.693,0.303,0.004,0.0,0.451,0.549,101.325,0.75,292,283.15,10.0,below,5-10 K,0.7104081,0.27707475,0.012517224,0.0047148876,0.4658916,0.5293935
,3-methyl-N-ethylpyridinium ethylsulfate,CCOS(=O)(=O)[O-].CC[n+]1cccc(C)c1,[C2MPy][EtSO4],benzene,c1ccccc1,aromatic,n-octane,CCCCCCCC,alkane,0.632,0.365,0.003,0.0,0.574,0.426,101.325,0.875,292,283.15,10.0,below,5-10 K,0.6739633,0.31210932,0.013927324,0.0050548255,0.50154597,0.49339917
,3-methyl-N-ethylpyridinium ethylsulfate,CCOS(=O)(=O)[O-].CC[n+]1cccc(C)c1,[C2MPy][EtSO4],benzene,c1ccccc1,aromatic,n-octane,CCCCCCCC,alkane,0.55,0.448,0.002,0.0,0.698,0.302,101.325,1.0,292,283.15,10.0,below,5-10 K,0.6353634,0.34923267,0.015403922,0.0053904564,0.53703654,0.457573
,3-methyl-N-ethylpyridinium ethylsulfate,CCOS(=O)(=O)[O-].CC[n+]1cccc(C)c1,[C2MPy][EtSO4],benzene,c1ccccc1,aromatic,n-nonane,CCCCCCCCC,alkane,0.915,0.081,0.004,0.0,0.116,0.884,101.325,0.0,294,283.15,10.0,below,5-10 K,0.87454903,0.119691305,0.005759676,0.0027660194,0.26532486,0.7319091
,3-methyl-N-ethylpyridinium ethylsulfate,CCOS(=O)(=O)[O-].CC[n+]1cccc(C)c1,[C2MPy][EtSO4],benzene,c1ccccc1,aromatic,n-nonane,CCCCCCCCC,alkane,0.893,0.103,0.004,0.0,0.172,0.828,101.325,0.125,294,283.15,10.0,below,5-10 K,0.8543735,0.13902861,0.006597932,0.0030611504,0.29444057,0.70249826
,3-methyl-N-ethylpyridinium ethylsulfate,CCOS(=O)(=O)[O-].CC[n+]1cccc(C)c1,[C2MPy][EtSO4],benzene,c1ccccc1,aromatic,n-nonane,CCCCCCCCC,alkane,0.856,0.14,0.004,0.0,0.232,0.768,101.325,0.25,294,283.15,10.0,below,5-10 K,0.8315923,0.16087422,0.0075334595,0.0033715633,0.32538065,0.6712477
,3-methyl-N-ethylpyridinium ethylsulfate,CCOS(=O)(=O)[O-].CC[n+]1cccc(C)c1,[C2MPy][EtSO4],benzene,c1ccccc1,aromatic,n-nonane,CCCCCCCCC,alkane,0.816,0.18,0.004,0.0,0.287,0.713,101.325,0.375,294,283.15,10.0,below,5-10 K,0.8059327,0.1854899,0.008577375,0.0037155184,0.3578337,0.6384508
,3-methyl-N-ethylpyridinium ethylsulfate,CCOS(=O)(=O)[O-].CC[n+]1cccc(C)c1,[C2MPy][EtSO4],benzene,c1ccccc1,aromatic,n-nonane,CCCCCCCCC,alkane,0.781,0.215,0.004,0.0,0.344,0.656,101.325,0.5,294,283.15,10.0,below,5-10 K,0.77739906,0.21287051,0.009730384,0.0040932707,0.39152792,0.6043789
,3-methyl-N-ethylpyridinium ethylsulfate,CCOS(=O)(=O)[O-].CC[n+]1cccc(C)c1,[C2MPy][EtSO4],benzene,c1ccccc1,aromatic,n-nonane,CCCCCCCCC,alkane,0.718,0.278,0.004,0.0,0.46,0.54,101.325,0.625,294,283.15,10.0,below,5-10 K,0.7462307,0.24281205,0.010957255,0.0044398373,0.42637017,0.56919
,3-methyl-N-ethylpyridinium ethylsulfate,CCOS(=O)(=O)[O-].CC[n+]1cccc(C)c1,[C2MPy][EtSO4],benzene,c1ccccc1,aromatic,n-nonane,CCCCCCCCC,alkane,0.652,0.345,0.003,0.0,0.584,0.416,101.325,0.75,294,283.15,10.0,below,5-10 K,0.71182644,0.27584967,0.012323843,0.0048856684,0.46174154,0.5333728
,3-methyl-N-ethylpyridinium ethylsulfate,CCOS(=O)(=O)[O-].CC[n+]1cccc(C)c1,[C2MPy][EtSO4],benzene,c1ccccc1,aromatic,n-nonane,CCCCCCCCC,alkane,0.589,0.409,0.002,0.0,0.715,0.285,101.325,0.875,294,283.15,10.0,below,5-10 K,0.6743871,0.31179345,0.013819499,0.0054482776,0.49723646,0.49731523
,3-methyl-N-ethylpyridinium ethylsulfate,CCOS(=O)(=O)[O-].CC[n+]1cccc(C)c1,[C2MPy][EtSO4],benzene,c1ccccc1,aromatic,n-nonane,CCCCCCCCC,alkane,0.52900004,0.47000003,0.0010000002,0.0,0.842,0.158,101.325,1.0,294,283.15,10.0,below,5-10 K,0.63593054,0.34879336,0.015276048,0.005810756,0.53278726,0.46140197
no,1-ethylpyridinium ethylsulfate,CCOS(=O)(=O)[O-].CC[n+]1ccccc1,[C2Py][EtSO4],benzene,c1ccccc1,aromatic,n-hexane,CCCCCC,alkane,0.933,0.061,0.006,0.0,0.111,0.889,101.325,0.0,307,283.15,10.0,below,5-10 K,0.9182996,0.07766596,0.0040343786,0.0022628398,0.24839652,0.74934065
no,1-ethylpyridinium ethylsulfate,CCOS(=O)(=O)[O-].CC[n+]1ccccc1,[C2Py][EtSO4],benzene,c1ccccc1,aromatic,n-hexane,CCCCCC,alkane,0.90000004,0.094000004,0.0060000005,0.0,0.184,0.816,101.325,0.125,307,283.15,10.0,below,5-10 K,0.90433395,0.09100494,0.004661167,0.0025305836,0.27512795,0.7223415
no,1-ethylpyridinium ethylsulfate,CCOS(=O)(=O)[O-].CC[n+]1ccccc1,[C2Py][EtSO4],benzene,c1ccccc1,aromatic,n-hexane,CCCCCC,alkane,0.873,0.122,0.005,0.0,0.252,0.748,101.325,0.25,307,283.15,10.0,below,5-10 K,0.88841623,0.10622072,0.005363052,0.002797044,0.30328268,0.69392025
no,1-ethylpyridinium ethylsulfate,CCOS(=O)(=O)[O-].CC[n+]1ccccc1,[C2Py][EtSO4],benzene,c1ccccc1,aromatic,n-hexane,CCCCCC,alkane,0.848,0.147,0.005,0.0,0.314,0.686,101.325,0.375,307,283.15,10.0,below,5-10 K,0.8702031,0.123642676,0.0061542545,0.003078392,0.33304638,0.6638752
no,1-ethylpyridinium ethylsulfate,CCOS(=O)(=O)[O-].CC[n+]1ccccc1,[C2Py][EtSO4],benzene,c1ccccc1,aromatic,n-hexane,CCCCCC,alkane,0.822,0.173,0.005,0.0,0.382,0.618,101.325,0.5,307,283.15,10.0,below,5-10 K,0.84960645,0.14335558,0.0070380257,0.0033744967,0.36340562,0.63321984
no,1-ethylpyridinium ethylsulfate,CCOS(=O)(=O)[O-].CC[n+]1ccccc1,[C2Py][EtSO4],benzene,c1ccccc1,aromatic,n-hexane,CCCCCC,alkane,0.797,0.198,0.005,0.0,0.454,0.546,101.325,0.625,307,283.15,10.0,below,5-10 K,0.82633054,0.1656486,0.008020827,0.003680897,0.39570096,0.6006182
no,1-ethylpyridinium ethylsulfate,CCOS(=O)(=O)[O-].CC[n+]1ccccc1,[C2Py][EtSO4],benzene,c1ccccc1,aromatic,n-hexane,CCCCCC,alkane,0.776,0.22,0.004,0.0,0.53,0.47,101.325,0.75,307,283.15,10.0,below,5-10 K,0.80029684,0.19059888,0.009104261,0.003995638,0.42883906,0.5671654
no,1-ethylpyridinium ethylsulfate,CCOS(=O)(=O)[O-].CC[n+]1ccccc1,[C2Py][EtSO4],benzene,c1ccccc1,aromatic,n-hexane,CCCCCC,alkane,0.756,0.24,0.004,0.0,0.596,0.404,101.325,0.875,307,283.15,10.0,below,5-10 K,0.7715746,0.21814257,0.010282772,0.004314019,0.46250424,0.5331817
no,1-ethylpyridinium ethylsulfate,CCOS(=O)(=O)[O-].CC[n+]1ccccc1,[C2Py][EtSO4],benzene,c1ccccc1,aromatic,n-hexane,CCCCCC,alkane,0.733,0.263,0.004,0.0,0.668,0.332,101.325,1.0,307,283.15,10.0,below,5-10 K,0.7396608,0.24874662,0.011592557,0.0047018672,0.49570116,0.49959698
no,1-ethylpyridinium ethylsulfate,CCOS(=O)(=O)[O-].CC[n+]1ccccc1,[C2Py][EtSO4],benzene,c1ccccc1,aromatic,n-heptane,CCCCCCC,alkane,0.966,0.029,0.005,0.0,0.058,0.942,101.325,0.0,309,283.15,10.0,below,5-10 K,0.9191336,0.07695135,0.00391497,0.0022485342,0.24439098,0.7533605
no,1-ethylpyridinium ethylsulfate,CCOS(=O)(=O)[O-].CC[n+]1ccccc1,[C2Py][EtSO4],benzene,c1ccccc1,aromatic,n-heptane,CCCCCCC,alkane,0.93,0.065,0.005,0.0,0.134,0.866,101.325,0.125,309,283.15,10.0,below,5-10 K,0.9053946,0.090089,0.0045164274,0.0024975142,0.27070442,0.7267981
no,1-ethylpyridinium ethylsulfate,CCOS(=O)(=O)[O-].CC[n+]1ccccc1,[C2Py][EtSO4],benzene,c1ccccc1,aromatic,n-heptane,CCCCCCC,alkane,0.905,0.09,0.005,0.0,0.192,0.808,101.325,0.25,309,283.15,10.0,below,5-10 K,0.88958806,0.10521371,0.005198178,0.0027628036,0.29875746,0.69847965
no,1-ethylpyridinium ethylsulfate,CCOS(=O)(=O)[O-].CC[n+]1ccccc1,[C2Py][EtSO4],benzene,c1ccccc1,aromatic,n-heptane,CCCCCCC,alkane,0.879,0.116,0.005,0.0,0.255,0.745,101.325,0.375,309,283.15,10.0,below,5-10 K,0.8713351,0.122684024,0.0059809447,0.0030716958,0.32800448,0.6689239
no,1-ethylpyridinium ethylsulfate,CCOS(=O)(=O)[O-].CC[n+]1ccccc1,[C2Py][EtSO4],benzene,c1ccccc1,aromatic,n-heptane,CCCCCCC,alkane,0.837,0.159,0.004,0.0,0.368,0.632,101.325,0.5,309,283.15,10.0,below,5-10 K,0.8507659,0.14238845,0.0068455557,0.0033700084,0.3590962,0.6375338
no,1-ethylpyridinium ethylsulfate,CCOS(=O)(=O)[O-].CC[n+]1ccccc1,[C2Py][EtSO4],benzene,c1ccccc1,aromatic,n-heptane,CCCCCCC,alkane,0.802,0.194,0.004,0.0,0.462,0.538,101.325,0.625,309,283.15,10.0,below,5-10 K,0.8276643,0.16453518,0.007800509,0.0036771053,0.3913217,0.6050012
no,1-ethylpyridinium ethylsulfate,CCOS(=O)(=O)[O-].CC[n+]1ccccc1,[C2Py][EtSO4],benzene,c1ccccc1,aromatic,n-heptane,CCCCCCC,alkane,0.781,0.215,0.004,0.0,0.522,0.478,101.325,0.75,309,283.15,10.0,below,5-10 K,0.80246466,0.18873547,0.008799874,0.003892932,0.42530778,0.5707993
no,1-ethylpyridinium ethylsulfate,CCOS(=O)(=O)[O-].CC[n+]1ccccc1,[C2Py][EtSO4],benzene,c1ccccc1,aromatic,n-heptane,CCCCCCC,alkane,0.761,0.235,0.004,0.0,0.585,0.415,101.325,0.875,309,283.15,10.0,below,5-10 K,0.77529085,0.21488598,0.009823159,0.003996046,0.4609071,0.5350969
no,1-ethylpyridinium ethylsulfate,CCOS(=O)(=O)[O-].CC[n+]1ccccc1,[C2Py][EtSO4],benzene,c1ccccc1,aromatic,n-heptane,CCCCCCC,alkane,0.743,0.254,0.003,0.0,0.649,0.351,101.325,1.0,309,283.15,10.0,below,5-10 K,0.7438035,0.24513933,0.011057102,0.0042960383,0.49528694,0.50041705
no,1-ethylpyridinium ethylsulfate,CCOS(=O)(=O)[O-].CC[n+]1ccccc1,[C2Py][EtSO4],benzene,c1ccccc1,aromatic,n-octane,CCCCCCCC,alkane,0.966,0.029,0.005,0.0,0.062,0.938,101.325,0.0,311,283.15,10.0,below,5-10 K,0.92160875,0.0746954,0.0036958775,0.0020430891,0.24182534,0.7561316
no,1-ethylpyridinium ethylsulfate,CCOS(=O)(=O)[O-].CC[n+]1ccccc1,[C2Py][EtSO4],benzene,c1ccccc1,aromatic,n-octane,CCCCCCCC,alkane,0.939,0.057,0.004,0.0,0.126,0.874,101.325,0.11111111,311,283.15,10.0,below,5-10 K,0.90956897,0.08621805,0.0042129876,0.0022666357,0.26549453,0.7322388
no,1-ethylpyridinium ethylsulfate,CCOS(=O)(=O)[O-].CC[n+]1ccccc1,[C2Py][EtSO4],benzene,c1ccccc1,aromatic,n-octane,CCCCCCCC,alkane,0.906,0.09,0.004,0.0,0.2,0.8,101.325,0.22222222,311,283.15,10.0,below,5-10 K,0.8960643,0.09915371,0.004781991,0.002483214,0.29027075,0.70724607
no,1-ethylpyridinium ethylsulfate,CCOS(=O)(=O)[O-].CC[n+]1ccccc1,[C2Py][EtSO4],benzene,c1ccccc1,aromatic,n-octane,CCCCCCCC,alkane,0.882,0.114,0.004,0.0,0.256,0.744,101.325,0.33333334,311,283.15,10.0,below,5-10 K,0.8808086,0.11377565,0.005415766,0.0027113731,0.31640697,0.6808816
no,1-ethylpyridinium ethylsulfate,CCOS(=O)(=O)[O-].CC[n+]1ccccc1,[C2Py][EtSO4],benzene,c1ccccc1,aromatic,n-octane,CCCCCCCC,alkane,0.856,0.14,0.004,0.0,0.32,0.68,101.325,0.44444445,311,283.15,10.0,below,5-10 K,0.8645601,0.1293992,0.0060406234,0.0027989103,0.3437692,0.6534319
no,1-ethylpyridinium ethylsulfate,CCOS(=O)(=O)[O-].CC[n+]1ccccc1,[C2Py][EtSO4],benzene,c1ccccc1,aromatic,n-octane,CCCCCCCC,alkane,0.833,0.163,0.004,0.0,0.382,0.618,101.325,0.5555556,311,283.15,10.0,below,5-10 K,0.8458201,0.14740649,0.006773469,0.0029588307,0.37230828,0.62473285
no,1-ethylpyridinium ethylsulfate,CCOS(=O)(=O)[O-].CC[n+]1ccccc1,[C2Py][EtSO4],benzene,c1ccccc1,aromatic,n-octane,CCCCCCCC,alkane,0.806,0.19,0.004,0.0,0.451,0.549,101.325,0.6666667,311,283.15,10.0,below,5-10 K,0.8246189,0.16776703,0.007614051,0.0031957577,0.40160966,0.5951946
no,1-ethylpyridinium ethylsulfate,CCOS(=O)(=O)[O-].CC[n+]1ccccc1,[C2Py][EtSO4],benzene,c1ccccc1,aromatic,n-octane,CCCCCCCC,alkane,0.778,0.218,0.004,0.0,0.533,0.467,101.325,0.7777778,311,283.15,10.0,below,5-10 K,0.8006182,0.19080365,0.008578241,0.0035178002,0.43130562,0.5651766
no,1-ethylpyridinium ethylsulfate,CCOS(=O)(=O)[O-].CC[n+]1ccccc1,[C2Py][EtSO4],benzene,c1ccccc1,aromatic,n-octane,CCCCCCCC,alkane,0.754,0.242,0.004,0.0,0.6,0.4,101.325,0.8888889,311,283.15,10.0,below,5-10 K,0.77488005,0.21554822,0.009571758,0.0037686813,0.46177056,0.5344608
no,1-ethylpyridinium ethylsulfate,CCOS(=O)(=O)[O-].CC[n+]1ccccc1,[C2Py][EtSO4],benzene,c1ccccc1,aromatic,n-octane,CCCCCCCC,alkane,0.735,0.261,0.004,0.0,0.66,0.34,101.325,1.0,311,283.15,10.0,below,5-10 K,0.7467939,0.24256234,0.010643731,0.004022565,0.49256644,0.50341105
no,1-ethylpyridinium ethylsulfate,CCOS(=O)(=O)[O-].CC[n+]1ccccc1,[C2Py][EtSO4],benzene,c1ccccc1,aromatic,n-nonane,CCCCCCCCC,alkane,0.94,0.056,0.004,0.0,0.129,0.871,101.325,0.0,313,283.15,10.0,below,5-10 K,0.9235402,0.07294311,0.003516667,0.0018710396,0.23872143,0.7594076
no,1-ethylpyridinium ethylsulfate,CCOS(=O)(=O)[O-].CC[n+]1ccccc1,[C2Py][EtSO4],benzene,c1ccccc1,aromatic,n-nonane,CCCCCCCCC,alkane,0.915,0.082,0.003,0.0,0.19,0.81,101.325,0.125,313,283.15,10.0,below,5-10 K,0.91086507,0.08510779,0.0040271673,0.0020170524,0.26582256,0.73216045
no,1-ethylpyridinium ethylsulfate,CCOS(=O)(=O)[O-].CC[n+]1ccccc1,[C2Py][EtSO4],benzene,c1ccccc1,aromatic,n-nonane,CCCCCCCCC,alkane,0.89,0.107,0.003,0.0,0.249,0.751,101.325,0.25,313,283.15,10.0,below,5-10 K,0.895581,0.099768646,0.0046503046,0.0022358238,0.29417962,0.70358455
no,1-ethylpyridinium ethylsulfate,CCOS(=O)(=O)[O-].CC[n+]1ccccc1,[C2Py][EtSO4],benzene,c1ccccc1,aromatic,n-nonane,CCCCCCCCC,alkane,0.864,0.133,0.003,0.0,0.314,0.686,101.325,0.375,313,283.15,10.0,below,5-10 K,0.8780161,0.11662739,0.005356492,0.0024672123,0.32416978,0.673363
no,1-ethylpyridinium ethylsulfate,CCOS(=O)(=O)[O-].CC[n+]1ccccc1,[C2Py][EtSO4],benzene,c1ccccc1,aromatic,n-nonane,CCCCCCCCC,alkane,0.841,0.156,0.003,0.0,0.372,0.628,101.325,0.5,313,283.15,10.0,below,5-10 K,0.85800093,0.13585217,0.0061469385,0.0027098402,0.35574156,0.6415486
no,1-ethylpyridinium ethylsulfate,CCOS(=O)(=O)[O-].CC[n+]1ccccc1,[C2Py][EtSO4],benzene,c1ccccc1,aromatic,n-nonane,CCCCCCCCC,alkane,0.792,0.205,0.003,0.0,0.502,0.498,101.325,0.625,313,283.15,10.0,below,5-10 K,0.83527756,0.1576898,0.0070325816,0.0029626007,0.38859695,0.6084404
no,1-ethylpyridinium ethylsulfate,CCOS(=O)(=O)[O-].CC[n+]1ccccc1,[C2Py][EtSO4],benzene,c1ccccc1,aromatic,n-nonane,CCCCCCCCC,alkane,0.749,0.248,0.003,0.0,0.625,0.375,101.325,0.75,313,283.15,10.0,below,5-10 K,0.80974376,0.18224266,0.008013555,0.0032238588,0.42246494,0.5743112
no,1-ethylpyridinium ethylsulfate,CCOS(=O)(=O)[O-].CC[n+]1ccccc1,[C2Py][EtSO4],benzene,c1ccccc1,aromatic,n-nonane,CCCCCCCCC,alkane,0.705,0.292,0.003,0.0,0.751,0.249,101.325,0.875,313,283.15,10.0,below,5-10 K,0.7807099,0.21014808,0.009141955,0.0035829039,0.45650694,0.53991014
no,1-ethylpyridinium ethylsulfate,CCOS(=O)(=O)[O-].CC[n+]1ccccc1,[C2Py][EtSO4],benzene,c1ccccc1,aromatic,n-nonane,CCCCCCCCC,alkane,0.661,0.336,0.003,0.0,0.88,0.12,101.325,1.0,313,283.15,10.0,below,5-10 K,0.7482496,0.24132149,0.010428886,0.0040693954,0.49010205,0.50582856
no,1-butyl-3-methylimidazolium tetracyanoborate,CCCCn1cc[n+](C)c1.N#C[B-](C#N)(C#N)C#N,[C4MIm][B(CN)4],toluene,Cc1ccccc1,aromatic,methylcyclohexane,CC1CCCCC1,cycloalkane,0.8292,0.0921,0.0787,0.0,0.1024,0.8976,101.325,0.0,352,333.15,9.949999999999989,above,5-10 K,0.75742304,0.22508202,0.017494993,0.005843436,0.32491437,0.6692422
no,1-butyl-3-methylimidazolium tetracyanoborate,CCCCn1cc[n+](C)c1.N#C[B-](C#N)(C#N)C#N,[C4MIm][B(CN)4],toluene,Cc1ccccc1,aromatic,methylcyclohexane,CC1CCCCC1,cycloalkane,0.7083,0.2035,0.0882,0.0,0.2499,0.7501,101.325,0.125,352,333.15,9.949999999999989,above,5-10 K,0.72480893,0.2555651,0.019625986,0.006390072,0.356404,0.6372059
no,1-butyl-3-methylimidazolium tetracyanoborate,CCCCn1cc[n+](C)c1.N#C[B-](C#N)(C#N)C#N,[C4MIm][B(CN)4],toluene,Cc1ccccc1,aromatic,methylcyclohexane,CC1CCCCC1,cycloalkane,0.6494,0.2834,0.0672,0.0,0.3212,0.6788,101.325,0.25,352,333.15,9.949999999999989,above,5-10 K,0.68959373,0.28850573,0.02190046,0.0069924644,0.38922083,0.60378665
no,1-butyl-3-methylimidazolium tetracyanoborate,CCCCn1cc[n+](C)c1.N#C[B-](C#N)(C#N)C#N,[C4MIm][B(CN)4],toluene,Cc1ccccc1,aromatic,methylcyclohexane,CC1CCCCC1,cycloalkane,0.569,0.3688,0.0622,0.0,0.444,0.556,101.325,0.375,352,333.15,9.949999999999989,above,5-10 K,0.6521042,0.32361528,0.024280459,0.007592604,0.42288136,0.569526
no,1-butyl-3-methylimidazolium tetracyanoborate,CCCCn1cc[n+](C)c1.N#C[B-](C#N)(C#N)C#N,[C4MIm][B(CN)4],toluene,Cc1ccccc1,aromatic,methylcyclohexane,CC1CCCCC1,cycloalkane,0.49550003,0.43670002,0.06780001,0.0,0.5698,0.4302,101.325,0.5,352,333.15,9.949999999999989,above,5-10 K,0.6128213,0.36045828,0.026720397,0.008167378,0.45707968,0.5347529
no,1-butyl-3-methylimidazolium tetracyanoborate,CCCCn1cc[n+](C)c1.N#C[B-](C#N)(C#N)C#N,[C4MIm][B(CN)4],toluene,Cc1ccccc1,aromatic,methylcyclohexane,CC1CCCCC1,cycloalkane,0.4336,0.5085,0.0579,0.0,0.6667,0.3333,101.325,0.625,352,333.15,9.949999999999989,above,5-10 K,0.5724323,0.3984621,0.029105613,0.008510921,0.49188277,0.4996063
no,1-butyl-3-methylimidazolium tetracyanoborate,CCCCn1cc[n+](C)c1.N#C[B-](C#N)(C#N)C#N,[C4MIm][B(CN)4],toluene,Cc1ccccc1,aromatic,methylcyclohexane,CC1CCCCC1,cycloalkane,0.3851,0.569,0.0459,0.0,0.778,0.222,101.325,0.75,352,333.15,9.949999999999989,above,5-10 K,0.5312788,0.43734255,0.03137866,0.00859034,0.5269797,0.46443
no,1-butyl-3-methylimidazolium tetracyanoborate,CCCCn1cc[n+](C)c1.N#C[B-](C#N)(C#N)C#N,[C4MIm][B(CN)4],toluene,Cc1ccccc1,aromatic,methylcyclohexane,CC1CCCCC1,cycloalkane,0.3473,0.6193,0.0334,0.0,0.8563,0.1437,101.325,0.875,352,333.15,9.949999999999989,above,5-10 K,0.48914483,0.47701028,0.03384487,0.009100627,0.56089425,0.4300051
no,1-butyl-3-methylimidazolium tetracyanoborate,CCCCn1cc[n+](C)c1.N#C[B-](C#N)(C#N)C#N,[C4MIm][B(CN)4],toluene,Cc1ccccc1,aromatic,methylcyclohexane,CC1CCCCC1,cycloalkane,0.3092,0.6656,0.0252,0.0,0.9346,0.0654,101.325,1.0,352,333.15,9.949999999999989,above,5-10 K,0.4472942,0.51639605,0.036309782,0.009744317,0.59352386,0.39673182
,1-hexyl-3-methylimidazolium tetracyanoborate,CCCCCCn1cc[n+](C)c1.N#C[B-](C#N)(C#N)C#N,[C6MIm][B(CN)4],toluene,Cc1ccccc1,aromatic,methylcyclohexane,CC1CCCCC1,cycloalkane,0.77110004,0.11050001,0.11840001,0.0,0.0964,0.9036,101.325,0.0,355,333.15,9.949999999999989,above,5-10 K,0.70484513,0.2690848,0.02607005,0.0075179106,0.3227889,0.66969323
,1-hexyl-3-methylimidazolium tetracyanoborate,CCCCCCn1cc[n+](C)c1.N#C[B-](C#N)(C#N)C#N,[C6MIm][B(CN)4],toluene,Cc1ccccc1,aromatic,methylcyclohexane,CC1CCCCC1,cycloalkane,0.6698,0.211,0.1192,1e-04,0.2093,0.7906,101.325,0.14285715,355,333.15,9.949999999999989,above,5-10 K,0.66390127,0.3067493,0.02934942,0.008296745,0.35763454,0.6340688
,1-hexyl-3-methylimidazolium tetracyanoborate,CCCCCCn1cc[n+](C)c1.N#C[B-](C#N)(C#N)C#N,[C6MIm][B(CN)4],toluene,Cc1ccccc1,aromatic,methylcyclohexane,CC1CCCCC1,cycloalkane,0.5736,0.3259,0.1005,0.0,0.3165,0.6835,101.325,0.2857143,355,333.15,9.949999999999989,above,5-10 K,0.62046653,0.3467734,0.032760084,0.0090932045,0.39387986,0.59702694
,1-hexyl-3-methylimidazolium tetracyanoborate,CCCCCCn1cc[n+](C)c1.N#C[B-](C#N)(C#N)C#N,[C6MIm][B(CN)4],toluene,Cc1ccccc1,aromatic,methylcyclohexane,CC1CCCCC1,cycloalkane,0.4944,0.4178,0.0878,1e-04,0.4389,0.561,101.325,0.42857143,355,333.15,9.949999999999989,above,5-10 K,0.57515365,0.3885831,0.036263265,0.00990387,0.4310971,0.55899906
,1-hexyl-3-methylimidazolium tetracyanoborate,CCCCCCn1cc[n+](C)c1.N#C[B-](C#N)(C#N)C#N,[C6MIm][B(CN)4],toluene,Cc1ccccc1,aromatic,methylcyclohexane,CC1CCCCC1,cycloalkane,0.4602,0.4489,0.0909,0.0,0.4946,0.5054,101.325,0.5714286,355,333.15,9.949999999999989,above,5-10 K,0.5285535,0.43164402,0.03980243,0.010720932,0.4689668,0.52031225
,1-hexyl-3-methylimidazolium tetracyanoborate,CCCCCCn1cc[n+](C)c1.N#C[B-](C#N)(C#N)C#N,[C6MIm][B(CN)4],toluene,Cc1ccccc1,aromatic,methylcyclohexane,CC1CCCCC1,cycloalkane,0.3646,0.5693,0.0661,0.0,0.6666,0.3334,101.325,0.71428573,355,333.15,9.949999999999989,above,5-10 K,0.48156208,0.47515118,0.043286733,0.011521394,0.50691026,0.48156828
,1-hexyl-3-methylimidazolium tetracyanoborate,CCCCCCn1cc[n+](C)c1.N#C[B-](C#N)(C#N)C#N,[C6MIm][B(CN)4],toluene,Cc1ccccc1,aromatic,methylcyclohexane,CC1CCCCC1,cycloalkane,0.3149,0.6354,0.0497,1e-04,0.7973,0.2026,101.325,0.85714287,355,333.15,9.949999999999989,above,5-10 K,0.43516907,0.5181783,0.046652682,0.012238788,0.544353,0.44340825
,1-hexyl-3-methylimidazolium tetracyanoborate,CCCCCCn1cc[n+](C)c1.N#C[B-](C#N)(C#N)C#N,[C6MIm][B(CN)4],toluene,Cc1ccccc1,aromatic,methylcyclohexane,CC1CCCCC1,cycloalkane,0.2903,0.6789,0.0308,0.0,0.8611,0.1389,101.325,1.0,355,333.15,9.949999999999989,above,5-10 K,0.3899167,0.5602317,0.04985159,0.012952846,0.5810183,0.40602887
,1-butyl-3-methylimidazolium chloride,CCCCn1cc[n+](C)c1.[Cl-],[C4MIm][Cl],benzene,c1ccccc1,aromatic,cyclohexane,C1CCCCC1,cycloalkane,0.884,0.025,0.091,0.0,0.065,0.935,101.325,0.0,357,339.15,15.949999999999989,above,10-20 K,0.9017869,0.084217384,0.013995736,0.004338243,0.30600622,0.68965554
,1-butyl-3-methylimidazolium chloride,CCCCn1cc[n+](C)c1.[Cl-],[C4MIm][Cl],benzene,c1ccccc1,aromatic,cyclohexane,C1CCCCC1,cycloalkane,0.87200004,0.043000005,0.08500001,0.0,0.112,0.888,101.325,0.11111111,357,339.15,15.949999999999989,above,10-20 K,0.88815624,0.096056946,0.015786793,0.0047134417,0.32699624,0.6682903
,1-butyl-3-methylimidazolium chloride,CCCCn1cc[n+](C)c1.[Cl-],[C4MIm][Cl],benzene,c1ccccc1,aromatic,cyclohexane,C1CCCCC1,cycloalkane,0.844,0.073,0.083,0.0,0.188,0.812,101.325,0.22222222,357,339.15,15.949999999999989,above,10-20 K,0.8727783,0.10943016,0.017791655,0.0051331157,0.34868684,0.64618003
,1-butyl-3-methylimidazolium chloride,CCCCn1cc[n+](C)c1.[Cl-],[C4MIm][Cl],benzene,c1ccccc1,aromatic,cyclohexane,C1CCCCC1,cycloalkane,0.81,0.109,0.081,0.0,0.278,0.722,101.325,0.33333334,357,339.15,15.949999999999989,above,10-20 K,0.8558752,0.12416908,0.01995571,0.0055251024,0.3709335,0.62354136
,1-butyl-3-methylimidazolium chloride,CCCCn1cc[n+](C)c1.[Cl-],[C4MIm][Cl],benzene,c1ccccc1,aromatic,cyclohexane,C1CCCCC1,cycloalkane,0.78400004,0.14100002,0.07500001,0.0,0.366,0.634,101.325,0.44444445,357,339.15,15.949999999999989,above,10-20 K,0.8370651,0.14059484,0.02234004,0.0059511657,0.39377654,0.60027224
,1-butyl-3-methylimidazolium chloride,CCCCn1cc[n+](C)c1.[Cl-],[C4MIm][Cl],benzene,c1ccccc1,aromatic,cyclohexane,C1CCCCC1,cycloalkane,0.745,0.179,0.076,0.0,0.46,0.54,101.325,0.5555556,357,339.15,15.949999999999989,above,10-20 K,0.8161347,0.15888113,0.024984177,0.0064234277,0.41716278,0.57641375
,1-butyl-3-methylimidazolium chloride,CCCCn1cc[n+](C)c1.[Cl-],[C4MIm][Cl],benzene,c1ccccc1,aromatic,cyclohexane,C1CCCCC1,cycloalkane,0.72,0.211,0.069,0.0,0.555,0.445,101.325,0.6666667,357,339.15,15.949999999999989,above,10-20 K,0.79354537,0.1786791,0.027775435,0.0068588206,0.44067353,0.5524676
,1-butyl-3-methylimidazolium chloride,CCCCn1cc[n+](C)c1.[Cl-],[C4MIm][Cl],benzene,c1ccccc1,aromatic,cyclohexane,C1CCCCC1,cycloalkane,0.693,0.242,0.065,0.0,0.654,0.346,101.325,0.7777778,357,339.15,15.949999999999989,above,10-20 K,0.768799,0.20038998,0.030811066,0.0073293187,0.4645615,0.5281092
,1-butyl-3-methylimidazolium chloride,CCCCn1cc[n+](C)c1.[Cl-],[C4MIm][Cl],benzene,c1ccccc1,aromatic,cyclohexane,C1CCCCC1,cycloalkane,0.653,0.284,0.063,0.0,0.75,0.25,101.325,0.8888889,357,339.15,15.949999999999989,above,10-20 K,0.7420783,0.22385554,0.034066148,0.007833865,0.48843354,0.50373256
,1-butyl-3-methylimidazolium chloride,CCCCn1cc[n+](C)c1.[Cl-],[C4MIm][Cl],benzene,c1ccccc1,aromatic,cyclohexane,C1CCCCC1,cycloalkane,0.615,0.326,0.059,0.0,0.857,0.143,101.325,1.0,357,339.15,15.949999999999989,above,10-20 K,0.713529,0.24900158,0.0374695,0.008300929,0.5123112,0.47938785
,1-ethyl-3-methylimidazolium thiocyanate,CCn1cc[n+](C)c1.N#C[S-],[C2MIm][SCN],ethylbenzene,CCc1ccccc1,aromatic,styrene,C=Cc1ccccc1,aromatic,0.672,0.019,0.309,0.0,0.118,0.882,101.325,0.0,409,333.2,10.0,above,5-10 K,0.90097755,0.03511689,0.06390557,0.008025744,0.5953421,0.39663222
,1-ethyl-3-methylimidazolium thiocyanate,CCn1cc[n+](C)c1.N#C[S-],[C2MIm][SCN],ethylbenzene,CCc1ccccc1,aromatic,styrene,C=Cc1ccccc1,aromatic,0.703,0.035,0.262,0.0,0.23,0.77,101.325,0.11111111,409,333.2,10.0,above,5-10 K,0.8920899,0.038286157,0.069623895,0.008241115,0.588567,0.4031919
,1-ethyl-3-methylimidazolium thiocyanate,CCn1cc[n+](C)c1.N#C[S-],[C2MIm][SCN],ethylbenzene,CCc1ccccc1,aromatic,styrene,C=Cc1ccccc1,aromatic,0.732,0.049,0.219,0.0,0.332,0.668,101.325,0.22222222,409,333.2,10.0,above,5-10 K,0.8813732,0.04214584,0.07648092,0.0087005235,0.581924,0.40937552
,1-ethyl-3-methylimidazolium thiocyanate,CCn1cc[n+](C)c1.N#C[S-],[C2MIm][SCN],ethylbenzene,CCc1ccccc1,aromatic,styrene,C=Cc1ccccc1,aromatic,0.766,0.06,0.174,0.0,0.437,0.563,101.325,0.33333334,409,333.2,10.0,above,5-10 K,0.8695281,0.04641176,0.08406008,0.009228366,0.5752549,0.41551673
,1-ethyl-3-methylimidazolium thiocyanate,CCn1cc[n+](C)c1.N#C[S-],[C2MIm][SCN],ethylbenzene,CCc1ccccc1,aromatic,styrene,C=Cc1ccccc1,aromatic,0.788,0.07,0.142,0.0,0.529,0.471,101.325,0.44444445,409,333.2,10.0,above,5-10 K,0.8564812,0.051125806,0.09239305,0.009831833,0.56858325,0.42158496
,1-ethyl-3-methylimidazolium thiocyanate,CCn1cc[n+](C)c1.N#C[S-],[C2MIm][SCN],ethylbenzene,CCc1ccccc1,aromatic,styrene,C=Cc1ccccc1,aromatic,0.806,0.08,0.114,0.0,0.62,0.38,101.325,0.5555556,409,333.2,10.0,above,5-10 K,0.84284097,0.056037713,0.10112133,0.010366467,0.56177133,0.42786223
,1-ethyl-3-methylimidazolium thiocyanate,CCn1cc[n+](C)c1.N#C[S-],[C2MIm][SCN],ethylbenzene,CCc1ccccc1,aromatic,styrene,C=Cc1ccccc1,aromatic,0.82500005,0.09000001,0.08500001,0.0,0.714,0.286,101.325,0.6666667,409,333.2,10.0,above,5-10 K,0.82802075,0.061391912,0.11058736,0.0109644625,0.5549756,0.43405992
,1-ethyl-3-methylimidazolium thiocyanate,CCn1cc[n+](C)c1.N#C[S-],[C2MIm][SCN],ethylbenzene,CCc1ccccc1,aromatic,styrene,C=Cc1ccccc1,aromatic,0.847,0.098,0.055,0.0,0.809,0.191,101.325,0.7777778,409,333.2,10.0,above,5-10 K,0.81184965,0.067248315,0.12090205,0.011642528,0.54815096,0.4402065
,1-ethyl-3-methylimidazolium thiocyanate,CCn1cc[n+](C)c1.N#C[S-],[C2MIm][SCN],ethylbenzene,CCc1ccccc1,aromatic,styrene,C=Cc1ccccc1,aromatic,0.869,0.105,0.026,0.0,0.906,0.094,101.325,0.8888889,409,333.2,10.0,above,5-10 K,0.7950232,0.07332332,0.1316534,0.012255939,0.5412514,0.4464926
,1-ethyl-3-methylimidazolium thiocyanate,CCn1cc[n+](C)c1.N#C[S-],[C2MIm][SCN],ethylbenzene,CCc1ccccc1,aromatic,styrene,C=Cc1ccccc1,aromatic,0.887,0.113,0.0,0.0,1.0,0.0,101.325,1.0,409,333.2,10.0,above,5-10 K,0.77700967,0.07983196,0.14315835,0.0129028335,0.5342749,0.45282227
,1-ethyl-3-methylimidazolium thiocyanate,CCn1cc[n+](C)c1.N#C[S-],[C2MIm][SCN],ethylbenzene,CCc1ccccc1,aromatic,styrene,C=Cc1ccccc1,aromatic,0.65,0.0,0.35,0.0,0.0,1.0,101.325,0.0,410,353.2,30.0,above,>20 K,0.91153544,0.031301163,0.057163388,0.007675795,0.6001793,0.39214483
,1-ethyl-3-methylimidazolium thiocyanate,CCn1cc[n+](C)c1.N#C[S-],[C2MIm][SCN],ethylbenzene,CCc1ccccc1,aromatic,styrene,C=Cc1ccccc1,aromatic,0.687,0.018,0.295,0.0,0.114,0.886,101.325,0.1,410,353.2,30.0,above,>20 K,0.90349096,0.034192026,0.062317036,0.0080641145,0.59429425,0.39764166
,1-ethyl-3-methylimidazolium thiocyanate,CCn1cc[n+](C)c1.N#C[S-],[C2MIm][SCN],ethylbenzene,CCc1ccccc1,aromatic,styrene,C=Cc1ccccc1,aromatic,0.716,0.034,0.25,0.0,0.224,0.776,101.325,0.2,410,353.2,30.0,above,>20 K,0.8947736,0.037329182,0.06789721,0.008471672,0.5883572,0.4031711
,1-ethyl-3-methylimidazolium thiocyanate,CCn1cc[n+](C)c1.N#C[S-],[C2MIm][SCN],ethylbenzene,CCc1ccccc1,aromatic,styrene,C=Cc1ccccc1,aromatic,0.744,0.047,0.209,0.0,0.326,0.674,101.325,0.3,410,353.2,30.0,above,>20 K,0.88382673,0.041087974,0.07508526,0.008818185,0.58153754,0.40964428
,1-ethyl-3-methylimidazolium thiocyanate,CCn1cc[n+](C)c1.N#C[S-],[C2MIm][SCN],ethylbenzene,CCc1ccccc1,aromatic,styrene,C=Cc1ccccc1,aromatic,0.769,0.06,0.171,0.0,0.431,0.569,101.325,0.4,410,353.2,30.0,above,>20 K,0.8736255,0.044746965,0.08162756,0.009253075,0.5755039,0.41524306
,1-ethyl-3-methylimidazolium thiocyanate,CCn1cc[n+](C)c1.N#C[S-],[C2MIm][SCN],ethylbenzene,CCc1ccccc1,aromatic,styrene,C=Cc1ccccc1,aromatic,0.793,0.069,0.138,0.0,0.522,0.478,101.325,0.5,410,353.2,30.0,above,>20 K,0.8626221,0.048699923,0.088678,0.0097068725,0.56942743,0.42086568
,1-ethyl-3-methylimidazolium thiocyanate,CCn1cc[n+](C)c1.N#C[S-],[C2MIm][SCN],ethylbenzene,CCc1ccccc1,aromatic,styrene,C=Cc1ccccc1,aromatic,0.807,0.081,0.112,0.0,0.614,0.386,101.325,0.6,410,353.2,30.0,above,>20 K,0.8501569,0.053246662,0.096596375,0.01035991,0.5634978,0.42614228
,1-ethyl-3-methylimidazolium thiocyanate,CCn1cc[n+](C)c1.N#C[S-],[C2MIm][SCN],ethylbenzene,CCc1ccccc1,aromatic,styrene,C=Cc1ccccc1,aromatic,0.828,0.09,0.082,0.0,0.709,0.291,101.325,0.7,410,353.2,30.0,above,>20 K,0.8374839,0.05780882,0.10470725,0.010860598,0.55734074,0.4317986
,1-ethyl-3-methylimidazolium thiocyanate,CCn1cc[n+](C)c1.N#C[S-],[C2MIm][SCN],ethylbenzene,CCc1ccccc1,aromatic,styrene,C=Cc1ccccc1,aromatic,0.84900004,0.098000005,0.053000003,0.0,0.807,0.193,101.325,0.8,410,353.2,30.0,above,>20 K,0.82409894,0.06260885,0.11329224,0.011331422,0.5508981,0.43777046
,1-ethyl-3-methylimidazolium thiocyanate,CCn1cc[n+](C)c1.N#C[S-],[C2MIm][SCN],ethylbenzene,CCc1ccccc1,aromatic,styrene,C=Cc1ccccc1,aromatic,0.867,0.107,0.026,0.0,0.905,0.095,101.325,0.9,410,353.2,30.0,above,>20 K,0.8097993,0.06772136,0.122479394,0.0117701255,0.54412186,0.44410798
,1-ethyl-3-methylimidazolium thiocyanate,CCn1cc[n+](C)c1.N#C[S-],[C2MIm][SCN],ethylbenzene,CCc1ccccc1,aromatic,styrene,C=Cc1ccccc1,aromatic,0.885,0.115,0.0,0.0,1.0,0.0,101.325,1.0,410,353.2,30.0,above,>20 K,0.79450405,0.073235944,0.13226,0.012327897,0.5378771,0.449795
,1-butyl-3-methylimidazolium nitrate,CCCCn1cc[n+](C)c1.O=[N+]([O-])[O-],[C4MIm][NO3],thiophene,c1ccsc1,S-compound,n-decane,CCCCCCCCCC,alkane,0.481,0.516,0.003,0.0,0.566,0.434,101.325,0.0,491,288.15,5.0,below,0-5 K,0.8545128,0.13697778,0.008509367,0.0032870902,0.12357613,0.87313676
,1-butyl-3-methylimidazolium nitrate,CCCCn1cc[n+](C)c1.O=[N+]([O-])[O-],[C4MIm][NO3],thiophene,c1ccsc1,S-compound,n-decane,CCCCCCCCCC,alkane,0.537,0.461,0.002,0.0,0.516,0.484,101.325,0.11111111,491,288.15,5.0,below,0-5 K,0.8004536,0.18749404,0.012052412,0.005658128,0.16524597,0.8290959
,1-butyl-3-methylimidazolium nitrate,CCCCn1cc[n+](C)c1.O=[N+]([O-])[O-],[C4MIm][NO3],thiophene,c1ccsc1,S-compound,n-decane,CCCCCCCCCC,alkane,0.582,0.416,0.002,0.0,0.453,0.547,101.325,0.22222222,491,288.15,5.0,below,0-5 K,0.77584577,0.21075086,0.013403334,0.006246614,0.18282329,0.8109301
,1-butyl-3-methylimidazolium nitrate,CCCCn1cc[n+](C)c1.O=[N+]([O-])[O-],[C4MIm][NO3],thiophene,c1ccsc1,S-compound,n-decane,CCCCCCCCCC,alkane,0.625,0.373,0.002,0.0,0.37,0.63,101.325,0.33333334,491,288.15,5.0,below,0-5 K,0.7491826,0.23596866,0.014848684,0.0068797576,0.20173675,0.7913835
,1-butyl-3-methylimidazolium nitrate,CCCCn1cc[n+](C)c1.O=[N+]([O-])[O-],[C4MIm][NO3],thiophene,c1ccsc1,S-compound,n-decane,CCCCCCCCCC,alkane,0.65500003,0.34300002,0.0020000003,0.0,0.348,0.652,101.325,0.44444445,491,288.15,5.0,below,0-5 K,0.72048664,0.26312512,0.016388264,0.0075561665,0.22210544,0.7703384
,1-butyl-3-methylimidazolium nitrate,CCCCn1cc[n+](C)c1.O=[N+]([O-])[O-],[C4MIm][NO3],thiophene,c1ccsc1,S-compound,n-decane,CCCCCCCCCC,alkane,0.689,0.309,0.002,0.0,0.32,0.68,101.325,0.5555556,491,288.15,5.0,below,0-5 K,0.6898149,0.2921698,0.018015318,0.0082768295,0.24397567,0.7477475
,1-butyl-3-methylimidazolium nitrate,CCCCn1cc[n+](C)c1.O=[N+]([O-])[O-],[C4MIm][NO3],thiophene,c1ccsc1,S-compound,n-decane,CCCCCCCCCC,alkane,0.778,0.22,0.002,0.0,0.199,0.801,101.325,0.6666667,491,288.15,5.0,below,0-5 K,0.6576514,0.32265207,0.019696506,0.009029079,0.26696187,0.7240091
,1-butyl-3-methylimidazolium nitrate,CCCCn1cc[n+](C)c1.O=[N+]([O-])[O-],[C4MIm][NO3],thiophene,c1ccsc1,S-compound,n-decane,CCCCCCCCCC,alkane,0.8,0.198,0.002,0.0,0.161,0.839,101.325,0.7777778,491,288.15,5.0,below,0-5 K,0.6237869,0.35477132,0.021441765,0.009824453,0.29139358,0.69878197
,1-butyl-3-methylimidazolium nitrate,CCCCn1cc[n+](C)c1.O=[N+]([O-])[O-],[C4MIm][NO3],thiophene,c1ccsc1,S-compound,n-decane,CCCCCCCCCC,alkane,0.866,0.132,0.002,0.0,0.105,0.895,101.325,0.8888889,491,288.15,5.0,below,0-5 K,0.641847,0.33882755,0.019325418,0.0073230234,0.27595687,0.7167201
,1-butyl-3-methylimidazolium nitrate,CCCCn1cc[n+](C)c1.O=[N+]([O-])[O-],[C4MIm][NO3],thiophene,c1ccsc1,S-compound,n-decane,CCCCCCCCCC,alkane,0.93600005,0.062000003,0.0020000003,0.0,0.049,0.951,101.325,1.0,491,288.15,5.0,below,0-5 K,0.60671824,0.37226748,0.021014296,0.007966926,0.30122942,0.6908037
,1-methyl-3-octyl-imidazolium nitrate,CCCCCCCC[n+]1ccn(C)c1.O=[N+]([O-])[O-],[C8MIm][NO3],thiophene,c1ccsc1,S-compound,n-decane,CCCCCCCCCC,alkane,0.544,0.42,0.036,0.0,0.298,0.702,101.325,0.0,497,288.15,5.0,below,0-5 K,0.77820826,0.19806154,0.023730231,0.006242655,0.11107403,0.8826834
,1-methyl-3-octyl-imidazolium nitrate,CCCCCCCC[n+]1ccn(C)c1.O=[N+]([O-])[O-],[C8MIm][NO3],thiophene,c1ccsc1,S-compound,n-decane,CCCCCCCCCC,alkane,0.616,0.352,0.032,0.0,0.237,0.763,101.325,0.125,497,288.15,5.0,below,0-5 K,0.74922353,0.22410655,0.026669879,0.0071525136,0.12392387,0.86892354
,1-methyl-3-octyl-imidazolium nitrate,CCCCCCCC[n+]1ccn(C)c1.O=[N+]([O-])[O-],[C8MIm][NO3],thiophene,c1ccsc1,S-compound,n-decane,CCCCCCCCCC,alkane,0.679,0.288,0.033,0.0,0.184,0.816,101.325,0.25,497,288.15,5.0,below,0-5 K,0.7039713,0.2639605,0.032068223,0.0071511865,0.15375583,0.83909297
,1-methyl-3-octyl-imidazolium nitrate,CCCCCCCC[n+]1ccn(C)c1.O=[N+]([O-])[O-],[C8MIm][NO3],thiophene,c1ccsc1,S-compound,n-decane,CCCCCCCCCC,alkane,0.70900005,0.25700003,0.034000006,0.0,0.154,0.846,101.325,0.375,497,288.15,5.0,below,0-5 K,0.66945225,0.2950486,0.035499163,0.007953281,0.171194,0.8208527
,1-methyl-3-octyl-imidazolium nitrate,CCCCCCCC[n+]1ccn(C)c1.O=[N+]([O-])[O-],[C8MIm][NO3],thiophene,c1ccsc1,S-compound,n-decane,CCCCCCCCCC,alkane,0.751,0.217,0.032,0.0,0.138,0.862,101.325,0.5,497,288.15,5.0,below,0-5 K,0.64318985,0.3195078,0.037302338,0.009503347,0.17859025,0.81190646
,1-methyl-3-octyl-imidazolium nitrate,CCCCCCCC[n+]1ccn(C)c1.O=[N+]([O-])[O-],[C8MIm][NO3],thiophene,c1ccsc1,S-compound,n-decane,CCCCCCCCCC,alkane,0.811,0.158,0.031,0.0,0.1,0.9,101.325,0.625,497,288.15,5.0,below,0-5 K,0.61305076,0.34712404,0.039825276,0.010797684,0.19040069,0.7988016
,1-methyl-3-octyl-imidazolium nitrate,CCCCCCCC[n+]1ccn(C)c1.O=[N+]([O-])[O-],[C8MIm][NO3],thiophene,c1ccsc1,S-compound,n-decane,CCCCCCCCCC,alkane,0.824,0.139,0.037,0.0,0.072,0.928,101.325,0.75,497,288.15,5.0,below,0-5 K,0.5721896,0.38360283,0.044207502,0.0122244945,0.2122947,0.7754808
,1-methyl-3-octyl-imidazolium nitrate,CCCCCCCC[n+]1ccn(C)c1.O=[N+]([O-])[O-],[C8MIm][NO3],thiophene,c1ccsc1,S-compound,n-decane,CCCCCCCCCC,alkane,0.851,0.112,0.037,0.0,0.057,0.943,101.325,0.875,497,288.15,5.0,below,0-5 K,0.53217417,0.41955653,0.0482693,0.013606913,0.2346337,0.7517594
,1-methyl-3-octyl-imidazolium nitrate,CCCCCCCC[n+]1ccn(C)c1.O=[N+]([O-])[O-],[C8MIm][NO3],thiophene,c1ccsc1,S-compound,n-decane,CCCCCCCCCC,alkane,0.92,0.045,0.035,0.0,0.023,0.977,101.325,1.0,497,288.15,5.0,below,0-5 K,0.47098926,0.47617385,0.05283698,0.01685282,0.26777375,0.71537346
no,tetrabutylammonium methanesulfonate,CCCC[N+](CCCC)(CCCC)CCCC.CS(=O)(=O)[O-],"[P4,4,4,4][CH3SO3]",benzothiophene,c1ccc2sccc2c1,S-compound,n-hexadecane,CCCCCCCCCCCCCCCC,alkane,0.5068,0.4309,0.0623,0.0,0.2033,0.7967,101.325,0.0,502,333.15,9.949999999999989,above,5-10 K,0.61740047,0.27129376,0.11130578,0.014877499,0.46198165,0.5231409
no,tetrabutylammonium methanesulfonate,CCCC[N+](CCCC)(CCCC)CCCC.CS(=O)(=O)[O-],"[P4,4,4,4][CH3SO3]",benzothiophene,c1ccc2sccc2c1,S-compound,n-hexadecane,CCCCCCCCCCCCCCCC,alkane,0.58140004,0.37530002,0.043300003,0.0,0.1227,0.8773,101.325,0.2,502,333.15,9.949999999999989,above,5-10 K,0.5635087,0.31037033,0.12612104,0.016303845,0.4908088,0.49288738
no,tetrabutylammonium methanesulfonate,CCCC[N+](CCCC)(CCCC)CCCC.CS(=O)(=O)[O-],"[P4,4,4,4][CH3SO3]",benzothiophene,c1ccc2sccc2c1,S-compound,n-hexadecane,CCCCCCCCCCCCCCCC,alkane,0.6673,0.2611,0.0716,0.0,0.1106,0.8894,101.325,0.4,502,333.15,9.949999999999989,above,5-10 K,0.5069423,0.35154983,0.1415079,0.018290564,0.5184304,0.46327907
no,tetrabutylammonium methanesulfonate,CCCC[N+](CCCC)(CCCC)CCCC.CS(=O)(=O)[O-],"[P4,4,4,4][CH3SO3]",benzothiophene,c1ccc2sccc2c1,S-compound,n-hexadecane,CCCCCCCCCCCCCCCC,alkane,0.7675,0.1429,0.0896,0.0,0.0567,0.9433,101.325,0.6,502,333.15,9.949999999999989,above,5-10 K,0.4512044,0.39228633,0.15650924,0.020134132,0.5457537,0.43411216
no,tetrabutylammonium methanesulfonate,CCCC[N+](CCCC)(CCCC)CCCC.CS(=O)(=O)[O-],"[P4,4,4,4][CH3SO3]",benzothiophene,c1ccc2sccc2c1,S-compound,n-hexadecane,CCCCCCCCCCCCCCCC,alkane,0.8468,0.0726,0.0806,0.0,0.036,0.964,101.325,0.8,502,333.15,9.949999999999989,above,5-10 K,0.39766642,0.43166232,0.17067124,0.021748133,0.5726568,0.40559503
no,tetrabutylammonium methanesulfonate,CCCC[N+](CCCC)(CCCC)CCCC.CS(=O)(=O)[O-],"[P4,4,4,4][CH3SO3]",benzothiophene,c1ccc2sccc2c1,S-compound,n-hexadecane,CCCCCCCCCCCCCCCC,alkane,0.9022,0.0,0.0978,0.0,0.0,1.0,101.325,1.0,502,333.15,9.949999999999989,above,5-10 K,0.34652528,0.4694736,0.18400112,0.023395967,0.59864205,0.37796196
,methyltris(2-methylpropyl)phosphonium tosylate,CC(C)C[P+](C)(CC(C)C)CC(C)C.Cc1ccc(S(=O)(=O)[O-])cc1,"[Pi4,i4,i4,1][Tos]",benzothiophene,c1ccc2sccc2c1,S-compound,n-hexadecane,CCCCCCCCCCCCCCCC,alkane,0.44950002,0.53810006,0.012400001,0.0,0.2435,0.7565,101.325,0.0,513,333.15,9.949999999999989,above,5-10 K,0.5725539,0.34348485,0.083961256,0.015030136,0.18092076,0.8040491
,methyltris(2-methylpropyl)phosphonium tosylate,CC(C)C[P+](C)(CC(C)C)CC(C)C.Cc1ccc(S(=O)(=O)[O-])cc1,"[Pi4,i4,i4,1][Tos]",benzothiophene,c1ccc2sccc2c1,S-compound,n-hexadecane,CCCCCCCCCCCCCCCC,alkane,0.5367,0.4459,0.0174,0.0,0.1716,0.8284,101.325,0.16666667,513,333.15,9.949999999999989,above,5-10 K,0.52495974,0.382196,0.092844225,0.016913792,0.20472856,0.7783577
,methyltris(2-methylpropyl)phosphonium tosylate,CC(C)C[P+](C)(CC(C)C)CC(C)C.Cc1ccc(S(=O)(=O)[O-])cc1,"[Pi4,i4,i4,1][Tos]",benzothiophene,c1ccc2sccc2c1,S-compound,n-hexadecane,CCCCCCCCCCCCCCCC,alkane,0.5904,0.3811,0.0285,0.0,0.1668,0.8332,101.325,0.33333334,513,333.15,9.949999999999989,above,5-10 K,0.4769253,0.42134744,0.101727225,0.01893715,0.23064166,0.7504211
,methyltris(2-methylpropyl)phosphonium tosylate,CC(C)C[P+](C)(CC(C)C)CC(C)C.Cc1ccc(S(=O)(=O)[O-])cc1,"[Pi4,i4,i4,1][Tos]",benzothiophene,c1ccc2sccc2c1,S-compound,n-hexadecane,CCCCCCCCCCCCCCCC,alkane,0.68,0.2891,0.0309,0.0,0.1051,0.8949,101.325,0.5,513,333.15,9.949999999999989,above,5-10 K,0.42975453,0.46019235,0.11005313,0.020469263,0.2588159,0.7207148
,methyltris(2-methylpropyl)phosphonium tosylate,CC(C)C[P+](C)(CC(C)C)CC(C)C.Cc1ccc(S(=O)(=O)[O-])cc1,"[Pi4,i4,i4,1][Tos]",benzothiophene,c1ccc2sccc2c1,S-compound,n-hexadecane,CCCCCCCCCCCCCCCC,alkane,0.7918,0.1594,0.0488,0.0,0.0574,0.9426,101.325,0.6666667,513,333.15,9.949999999999989,above,5-10 K,0.38363737,0.49814224,0.11822043,0.02234165,0.28881288,0.6888454
,methyltris(2-methylpropyl)phosphonium tosylate,CC(C)C[P+](C)(CC(C)C)CC(C)C.Cc1ccc(S(=O)(=O)[O-])cc1,"[Pi4,i4,i4,1][Tos]",benzothiophene,c1ccc2sccc2c1,S-compound,n-hexadecane,CCCCCCCCCCCCCCCC,alkane,0.84790003,0.08280001,0.06930001,0.0,0.03,0.97,101.325,0.8333333,513,333.15,9.949999999999989,above,5-10 K,0.33927613,0.5346415,0.12608236,0.02459647,0.32045808,0.65494543
,methyltris(2-methylpropyl)phosphonium tosylate,CC(C)C[P+](C)(CC(C)C)CC(C)C.Cc1ccc(S(=O)(=O)[O-])cc1,"[Pi4,i4,i4,1][Tos]",benzothiophene,c1ccc2sccc2c1,S-compound,n-hexadecane,CCCCCCCCCCCCCCCC,alkane,0.92,0.0,0.08,0.0,0.0,1.0,101.325,1.0,513,333.15,9.949999999999989,above,5-10 K,0.3000099,0.5675205,0.13246955,0.025760703,0.35059595,0.62364334
,1-ethyl-3-methylimidazolium bis(trifluoromethylsulfonyl)imide,CCn1cc[n+](C)c1.O=S(=O)([N-]S(=O)(=O)C(F)(F)F)C(F)(F)F,[C2MIm][NTf2],1-propanol,CCCO,alcohol,water,O,water,0.76,0.0,0.24,0.001,0.0,0.999,101.325,0.0,724,283.2,9.949999999999989,below,5-10 K,0.3309418,0.20113075,0.46792743,0.009619845,0.039575856,0.9508043
,1-ethyl-3-methylimidazolium bis(trifluoromethylsulfonyl)imide,CCn1cc[n+](C)c1.O=S(=O)([N-]S(=O)(=O)C(F)(F)F)C(F)(F)F,[C2MIm][NTf2],1-propanol,CCCO,alcohol,water,O,water,0.604,0.1,0.296,0.001,0.025,0.974,101.325,0.14285715,724,283.2,9.949999999999989,below,5-10 K,0.29353395,0.21380654,0.49265957,0.010153305,0.039140623,0.9507061
,1-ethyl-3-methylimidazolium bis(trifluoromethylsulfonyl)imide,CCn1cc[n+](C)c1.O=S(=O)([N-]S(=O)(=O)C(F)(F)F)C(F)(F)F,[C2MIm][NTf2],1-propanol,CCCO,alcohol,water,O,water,0.446,0.199,0.355,0.001,0.053,0.946,101.325,0.2857143,724,283.2,9.949999999999989,below,5-10 K,0.25882497,0.22579424,0.51538086,0.010712708,0.038712952,0.9505744
,1-ethyl-3-methylimidazolium bis(trifluoromethylsulfonyl)imide,CCn1cc[n+](C)c1.O=S(=O)([N-]S(=O)(=O)C(F)(F)F)C(F)(F)F,[C2MIm][NTf2],1-propanol,CCCO,alcohol,water,O,water,0.314,0.261,0.425,0.002,0.071,0.927,101.325,0.42857143,724,283.2,9.949999999999989,below,5-10 K,0.22701317,0.2369873,0.53599954,0.011296677,0.038321298,0.95038205
,1-ethyl-3-methylimidazolium bis(trifluoromethylsulfonyl)imide,CCn1cc[n+](C)c1.O=S(=O)([N-]S(=O)(=O)C(F)(F)F)C(F)(F)F,[C2MIm][NTf2],1-propanol,CCCO,alcohol,water,O,water,0.243,0.294,0.463,0.004,0.092,0.904,101.325,0.5714286,724,283.2,9.949999999999989,below,5-10 K,0.1981738,0.24738628,0.55443996,0.011908318,0.037942406,0.9501493
,1-ethyl-3-methylimidazolium bis(trifluoromethylsulfonyl)imide,CCn1cc[n+](C)c1.O=S(=O)([N-]S(=O)(=O)C(F)(F)F)C(F)(F)F,[C2MIm][NTf2],1-propanol,CCCO,alcohol,water,O,water,0.203,0.313,0.484,0.007,0.111,0.882,101.325,0.71428573,724,283.2,9.949999999999989,below,5-10 K,0.17573412,0.25604412,0.56822175,0.013149067,0.038145583,0.94870543
,1-ethyl-3-methylimidazolium bis(trifluoromethylsulfonyl)imide,CCn1cc[n+](C)c1.O=S(=O)([N-]S(=O)(=O)C(F)(F)F)C(F)(F)F,[C2MIm][NTf2],1-propanol,CCCO,alcohol,water,O,water,0.145,0.296,0.559,0.013,0.146,0.841,101.325,0.85714287,724,283.2,9.949999999999989,below,5-10 K,0.15421514,0.26435846,0.5814264,0.014158016,0.03810691,0.947735
,1-ethyl-3-methylimidazolium bis(trifluoromethylsulfonyl)imide,CCn1cc[n+](C)c1.O=S(=O)([N-]S(=O)(=O)C(F)(F)F)C(F)(F)F,[C2MIm][NTf2],1-propanol,CCCO,alcohol,water,O,water,0.12,0.285,0.595,0.019,0.164,0.817,101.325,1.0,724,283.2,9.949999999999989,below,5-10 K,0.13328789,0.27250648,0.5942056,0.014903013,0.037768055,0.9473289
,1-butyl-3-methylimidazolium bis(trifluoromethylsulfonyl)imide,CCCCn1cc[n+](C)c1.O=S(=O)([N-]S(=O)(=O)C(F)(F)F)C(F)(F)F,[C4MIm][NTf2],ethanol,CCO,alcohol,water,O,water,0.804,0.0,0.196,0.001,0.0,0.999,101.325,0.0,727,283.2,9.949999999999989,below,5-10 K,0.4399036,0.19222851,0.3678679,0.012414638,0.027048053,0.9605374
,1-butyl-3-methylimidazolium bis(trifluoromethylsulfonyl)imide,CCCCn1cc[n+](C)c1.O=S(=O)([N-]S(=O)(=O)C(F)(F)F)C(F)(F)F,[C4MIm][NTf2],ethanol,CCO,alcohol,water,O,water,0.74700004,0.039000005,0.21400002,0.0,0.028,0.972,101.325,0.083333336,727,283.2,9.949999999999989,below,5-10 K,0.416265,0.20106158,0.38267347,0.0128876595,0.027212026,0.9599003
,1-butyl-3-methylimidazolium bis(trifluoromethylsulfonyl)imide,CCCCn1cc[n+](C)c1.O=S(=O)([N-]S(=O)(=O)C(F)(F)F)C(F)(F)F,[C4MIm][NTf2],ethanol,CCO,alcohol,water,O,water,0.679,0.094,0.227,0.001,0.061,0.938,101.325,0.16666667,727,283.2,9.949999999999989,below,5-10 K,0.3854636,0.21251781,0.40201864,0.01354112,0.027336955,0.95912194
,1-butyl-3-methylimidazolium bis(trifluoromethylsulfonyl)imide,CCCCn1cc[n+](C)c1.O=S(=O)([N-]S(=O)(=O)C(F)(F)F)C(F)(F)F,[C4MIm][NTf2],ethanol,CCO,alcohol,water,O,water,0.601,0.155,0.244,0.0,0.095,0.905,101.325,0.25,727,283.2,9.949999999999989,below,5-10 K,0.34916574,0.22582005,0.42501423,0.014306938,0.027548423,0.9581446
,1-butyl-3-methylimidazolium bis(trifluoromethylsulfonyl)imide,CCCCn1cc[n+](C)c1.O=S(=O)([N-]S(=O)(=O)C(F)(F)F)C(F)(F)F,[C4MIm][NTf2],ethanol,CCO,alcohol,water,O,water,0.531,0.207,0.262,0.001,0.12,0.879,101.325,0.33333334,727,283.2,9.949999999999989,below,5-10 K,0.32769853,0.23408313,0.4382184,0.014840693,0.027732885,0.95742637
,1-butyl-3-methylimidazolium bis(trifluoromethylsulfonyl)imide,CCCCn1cc[n+](C)c1.O=S(=O)([N-]S(=O)(=O)C(F)(F)F)C(F)(F)F,[C4MIm][NTf2],ethanol,CCO,alcohol,water,O,water,0.465,0.257,0.278,0.001,0.144,0.855,101.325,0.41666666,727,283.2,9.949999999999989,below,5-10 K,0.30679056,0.24217506,0.45103437,0.015392849,0.027920524,0.9566866
,1-butyl-3-methylimidazolium bis(trifluoromethylsulfonyl)imide,CCCCn1cc[n+](C)c1.O=S(=O)([N-]S(=O)(=O)C(F)(F)F)C(F)(F)F,[C4MIm][NTf2],ethanol,CCO,alcohol,water,O,water,0.395,0.302,0.303,0.001,0.173,0.826,101.325,0.5,727,283.2,9.949999999999989,below,5-10 K,0.28682646,0.2499968,0.4631767,0.015960727,0.028104234,0.955935
,1-butyl-3-methylimidazolium bis(trifluoromethylsulfonyl)imide,CCCCn1cc[n+](C)c1.O=S(=O)([N-]S(=O)(=O)C(F)(F)F)C(F)(F)F,[C4MIm][NTf2],ethanol,CCO,alcohol,water,O,water,0.299,0.349,0.352,0.005,0.22,0.775,101.325,0.6666667,727,283.2,9.949999999999989,below,5-10 K,0.24938093,0.26489615,0.48572293,0.017155318,0.02849905,0.9543456
,1-butyl-3-methylimidazolium bis(trifluoromethylsulfonyl)imide,CCCCn1cc[n+](C)c1.O=S(=O)([N-]S(=O)(=O)C(F)(F)F)C(F)(F)F,[C4MIm][NTf2],ethanol,CCO,alcohol,water,O,water,0.277,0.359,0.364,0.006,0.23,0.764,101.325,0.75,727,283.2,9.949999999999989,below,5-10 K,0.23185802,0.27196196,0.4961801,0.017782705,0.028700769,0.9535166
,1-butyl-3-methylimidazolium bis(trifluoromethylsulfonyl)imide,CCCCn1cc[n+](C)c1.O=S(=O)([N-]S(=O)(=O)C(F)(F)F)C(F)(F)F,[C4MIm][NTf2],ethanol,CCO,alcohol,water,O,water,0.229,0.38,0.391,0.01,0.263,0.727,101.325,0.8333333,727,283.2,9.949999999999989,below,5-10 K,0.21613556,0.2787984,0.50506604,0.018584102,0.028795874,0.95262015
,1-butyl-3-methylimidazolium bis(trifluoromethylsulfonyl)imide,CCCCn1cc[n+](C)c1.O=S(=O)([N-]S(=O)(=O)C(F)(F)F)C(F)(F)F,[C4MIm][NTf2],ethanol,CCO,alcohol,water,O,water,0.368,0.316,0.316,0.002,0.181,0.817,101.325,0.5833333,727,283.2,9.949999999999989,below,5-10 K,0.26897526,0.25761464,0.4734101,0.016832493,0.028157957,0.9550095
,1-butyl-3-methylimidazolium bis(trifluoromethylsulfonyl)imide,CCCCn1cc[n+](C)c1.O=S(=O)([N-]S(=O)(=O)C(F)(F)F)C(F)(F)F,[C4MIm][NTf2],ethanol,CCO,alcohol,water,O,water,0.224,0.379,0.397,0.01,0.264,0.726,101.325,0.9166667,727,283.2,9.949999999999989,below,5-10 K,0.20095655,0.28528956,0.5137539,0.019404361,0.02897365,0.9516219
,1-butyl-3-methylimidazolium bis(trifluoromethylsulfonyl)imide,CCCCn1cc[n+](C)c1.O=S(=O)([N-]S(=O)(=O)C(F)(F)F)C(F)(F)F,[C4MIm][NTf2],ethanol,CCO,alcohol,water,O,water,0.178,0.387,0.435,0.017,0.292,0.691,101.325,1.0,727,283.2,9.949999999999989,below,5-10 K,0.18618019,0.2915026,0.52231723,0.020102581,0.02919487,0.9507025
,1-butyl-3-methylimidazolium bis(trifluoromethylsulfonyl)imide,CCCCn1cc[n+](C)c1.O=S(=O)([N-]S(=O)(=O)C(F)(F)F)C(F)(F)F,[C4MIm][NTf2],ethanol,CCO,alcohol,water,O,water,0.65,0.0,0.35,0.001,0.0,0.999,101.325,0.0,729,283.2,9.949999999999989,below,5-10 K,0.4189159,0.19989349,0.38119057,0.013020354,0.026871648,0.9601079
,1-butyl-3-methylimidazolium bis(trifluoromethylsulfonyl)imide,CCCCn1cc[n+](C)c1.O=S(=O)([N-]S(=O)(=O)C(F)(F)F)C(F)(F)F,[C4MIm][NTf2],ethanol,CCO,alcohol,water,O,water,0.572,0.078,0.35,0.0,0.021,0.979,101.325,0.14285715,729,283.2,9.949999999999989,below,5-10 K,0.38296556,0.21341115,0.40362325,0.013578067,0.027135555,0.95928633
,1-butyl-3-methylimidazolium bis(trifluoromethylsulfonyl)imide,CCCCn1cc[n+](C)c1.O=S(=O)([N-]S(=O)(=O)C(F)(F)F)C(F)(F)F,[C4MIm][NTf2],ethanol,CCO,alcohol,water,O,water,0.48,0.137,0.383,0.001,0.043,0.956,101.325,0.2857143,729,283.2,9.949999999999989,below,5-10 K,0.34647602,0.22731629,0.4262077,0.014348096,0.027450424,0.9582014
,1-butyl-3-methylimidazolium bis(trifluoromethylsulfonyl)imide,CCCCn1cc[n+](C)c1.O=S(=O)([N-]S(=O)(=O)C(F)(F)F)C(F)(F)F,[C4MIm][NTf2],ethanol,CCO,alcohol,water,O,water,0.367,0.215,0.418,0.001,0.075,0.924,101.325,0.42857143,729,283.2,9.949999999999989,below,5-10 K,0.31017494,0.24135469,0.44847032,0.015275193,0.027763566,0.9569612
,1-butyl-3-methylimidazolium bis(trifluoromethylsulfonyl)imide,CCCCn1cc[n+](C)c1.O=S(=O)([N-]S(=O)(=O)C(F)(F)F)C(F)(F)F,[C4MIm][NTf2],ethanol,CCO,alcohol,water,O,water,0.31,0.256,0.434,0.002,0.096,0.902,101.325,0.5714286,729,283.2,9.949999999999989,below,5-10 K,0.28429645,0.2497775,0.46592605,0.014135175,0.027432783,0.9584321
,1-butyl-3-methylimidazolium bis(trifluoromethylsulfonyl)imide,CCCCn1cc[n+](C)c1.O=S(=O)([N-]S(=O)(=O)C(F)(F)F)C(F)(F)F,[C4MIm][NTf2],ethanol,CCO,alcohol,water,O,water,0.27,0.281,0.449,0.003,0.12,0.877,101.325,0.71428573,729,283.2,9.949999999999989,below,5-10 K,0.25187853,0.2625751,0.48554644,0.015053155,0.027771942,0.9571749
,1-butyl-3-methylimidazolium bis(trifluoromethylsulfonyl)imide,CCCCn1cc[n+](C)c1.O=S(=O)([N-]S(=O)(=O)C(F)(F)F)C(F)(F)F,[C4MIm][NTf2],ethanol,CCO,alcohol,water,O,water,0.186,0.321,0.493,0.005,0.146,0.849,101.325,0.85714287,729,283.2,9.949999999999989,below,5-10 K,0.21726486,0.2780057,0.5047294,0.017774561,0.028620677,0.9536048
,1-butyl-3-methylimidazolium bis(trifluoromethylsulfonyl)imide,CCCCn1cc[n+](C)c1.O=S(=O)([N-]S(=O)(=O)C(F)(F)F)C(F)(F)F,[C4MIm][NTf2],ethanol,CCO,alcohol,water,O,water,0.139,0.305,0.556,0.007,0.166,0.827,101.325,1.0,729,283.2,9.949999999999989,below,5-10 K,0.18865435,0.2906582,0.52068746,0.019906603,0.029260602,0.9508328
,1-butyl-3-methylimidazolium bis(trifluoromethylsulfonyl)imide,CCCCn1cc[n+](C)c1.O=S(=O)([N-]S(=O)(=O)C(F)(F)F)C(F)(F)F,[C4MIm][NTf2],2-propanol,CC(C)O,alcohol,water,O,water,0.812,0.0,0.188,0.0,0.0,1.0,101.325,0.0,730,283.2,9.949999999999989,below,5-10 K,0.33686,0.2177308,0.4454092,0.011578473,0.04446035,0.94396126
,1-butyl-3-methylimidazolium bis(trifluoromethylsulfonyl)imide,CCCCn1cc[n+](C)c1.O=S(=O)([N-]S(=O)(=O)C(F)(F)F)C(F)(F)F,[C4MIm][NTf2],2-propanol,CC(C)O,alcohol,water,O,water,0.728,0.068,0.204,0.001,0.024,0.975,101.325,0.125,730,283.2,9.949999999999989,below,5-10 K,0.29001287,0.23280635,0.47718072,0.011768416,0.04307039,0.9451613
,1-butyl-3-methylimidazolium bis(trifluoromethylsulfonyl)imide,CCCCn1cc[n+](C)c1.O=S(=O)([N-]S(=O)(=O)C(F)(F)F)C(F)(F)F,[C4MIm][NTf2],2-propanol,CC(C)O,alcohol,water,O,water,0.623,0.145,0.232,0.001,0.052,0.947,101.325,0.25,730,283.2,9.949999999999989,below,5-10 K,0.2597935,0.24410462,0.49610186,0.012318342,0.0426808,0.9450008
,1-butyl-3-methylimidazolium bis(trifluoromethylsulfonyl)imide,CCCCn1cc[n+](C)c1.O=S(=O)([N-]S(=O)(=O)C(F)(F)F)C(F)(F)F,[C4MIm][NTf2],2-propanol,CC(C)O,alcohol,water,O,water,0.471,0.24,0.289,0.0,0.075,0.925,101.325,0.375,730,283.2,9.949999999999989,below,5-10 K,0.23369671,0.25559574,0.51070756,0.0133152185,0.042287275,0.9443975
,1-butyl-3-methylimidazolium bis(trifluoromethylsulfonyl)imide,CCCCn1cc[n+](C)c1.O=S(=O)([N-]S(=O)(=O)C(F)(F)F)C(F)(F)F,[C4MIm][NTf2],2-propanol,CC(C)O,alcohol,water,O,water,0.33900002,0.30800003,0.35300002,0.001,0.101,0.898,101.325,0.5,730,283.2,9.949999999999989,below,5-10 K,0.20788772,0.26565012,0.52646214,0.0139258895,0.041945674,0.94412845
,1-butyl-3-methylimidazolium bis(trifluoromethylsulfonyl)imide,CCCCn1cc[n+](C)c1.O=S(=O)([N-]S(=O)(=O)C(F)(F)F)C(F)(F)F,[C4MIm][NTf2],2-propanol,CC(C)O,alcohol,water,O,water,0.224,0.34,0.436,0.005,0.137,0.858,101.325,0.625,730,283.2,9.949999999999989,below,5-10 K,0.18428713,0.275028,0.54068494,0.014560188,0.041604802,0.94383496
,1-butyl-3-methylimidazolium bis(trifluoromethylsulfonyl)imide,CCCCn1cc[n+](C)c1.O=S(=O)([N-]S(=O)(=O)C(F)(F)F)C(F)(F)F,[C4MIm][NTf2],2-propanol,CC(C)O,alcohol,water,O,water,0.184,0.342,0.474,0.007,0.158,0.835,101.325,0.75,730,283.2,9.949999999999989,below,5-10 K,0.17012598,0.27623978,0.5536342,0.013670737,0.04005796,0.9462713
,1-butyl-3-methylimidazolium bis(trifluoromethylsulfonyl)imide,CCCCn1cc[n+](C)c1.O=S(=O)([N-]S(=O)(=O)C(F)(F)F)C(F)(F)F,[C4MIm][NTf2],2-propanol,CC(C)O,alcohol,water,O,water,0.15,0.337,0.513,0.01,0.179,0.811,101.325,0.875,730,283.2,9.949999999999989,below,5-10 K,0.16958477,0.26433656,0.56607866,0.010227392,0.038859278,0.95091337
,1-butyl-3-methylimidazolium bis(trifluoromethylsulfonyl)imide,CCCCn1cc[n+](C)c1.O=S(=O)([N-]S(=O)(=O)C(F)(F)F)C(F)(F)F,[C4MIm][NTf2],2-propanol,CC(C)O,alcohol,water,O,water,0.118,0.323,0.559,0.016,0.202,0.782,101.325,1.0,730,283.2,9.949999999999989,below,5-10 K,0.14899357,0.2723884,0.57861805,0.010707168,0.038542096,0.95075077
,1-butyl-1-methylpyrrolidinium bis(trifluoromethylsulfonyl)imide,CCCC[N+]1(C)CCCC1.O=S(=O)([N-]S(=O)(=O)C(F)(F)F)C(F)(F)F,[C4MPyr][NTf2],ethanol,CCO,alcohol,water,O,water,0.831,0.0,0.169,0.001,0.0,0.999,101.325,0.0,739,283.0,10.149999999999977,below,10-20 K,0.5298238,0.15736954,0.31280667,0.005598889,0.019521061,0.97488004
,1-butyl-1-methylpyrrolidinium bis(trifluoromethylsulfonyl)imide,CCCC[N+]1(C)CCCC1.O=S(=O)([N-]S(=O)(=O)C(F)(F)F)C(F)(F)F,[C4MPyr][NTf2],ethanol,CCO,alcohol,water,O,water,0.788,0.029,0.183,0.0,0.023,0.977,101.325,0.1,739,283.0,10.149999999999977,below,10-20 K,0.49942952,0.16828765,0.33228275,0.005872924,0.019665327,0.97446173
,1-butyl-1-methylpyrrolidinium bis(trifluoromethylsulfonyl)imide,CCCC[N+]1(C)CCCC1.O=S(=O)([N-]S(=O)(=O)C(F)(F)F)C(F)(F)F,[C4MPyr][NTf2],ethanol,CCO,alcohol,water,O,water,0.732,0.073,0.195,0.0,0.052,0.948,101.325,0.2,739,283.0,10.149999999999977,below,10-20 K,0.44555205,0.19043203,0.36401597,0.007201404,0.019942703,0.9728559
,1-butyl-1-methylpyrrolidinium bis(trifluoromethylsulfonyl)imide,CCCC[N+]1(C)CCCC1.O=S(=O)([N-]S(=O)(=O)C(F)(F)F)C(F)(F)F,[C4MPyr][NTf2],ethanol,CCO,alcohol,water,O,water,0.682,0.114,0.204,0.0,0.078,0.922,101.325,0.3,739,283.0,10.149999999999977,below,10-20 K,0.3837004,0.2174839,0.39881578,0.009056259,0.020972759,0.969971
,1-butyl-1-methylpyrrolidinium bis(trifluoromethylsulfonyl)imide,CCCC[N+]1(C)CCCC1.O=S(=O)([N-]S(=O)(=O)C(F)(F)F)C(F)(F)F,[C4MPyr][NTf2],ethanol,CCO,alcohol,water,O,water,0.585,0.19,0.225,0.001,0.118,0.881,101.325,0.4,739,283.0,10.149999999999977,below,10-20 K,0.3571316,0.22797595,0.41489244,0.009390827,0.02117142,0.9694378
,1-butyl-1-methylpyrrolidinium bis(trifluoromethylsulfonyl)imide,CCCC[N+]1(C)CCCC1.O=S(=O)([N-]S(=O)(=O)C(F)(F)F)C(F)(F)F,[C4MPyr][NTf2],ethanol,CCO,alcohol,water,O,water,0.482,0.262,0.256,0.001,0.164,0.835,101.325,0.5,739,283.0,10.149999999999977,below,10-20 K,0.3594039,0.22611949,0.41447657,0.010425871,0.021433026,0.968141
,1-butyl-1-methylpyrrolidinium bis(trifluoromethylsulfonyl)imide,CCCC[N+]1(C)CCCC1.O=S(=O)([N-]S(=O)(=O)C(F)(F)F)C(F)(F)F,[C4MPyr][NTf2],ethanol,CCO,alcohol,water,O,water,0.379,0.324,0.297,0.004,0.217,0.779,101.325,0.6,739,283.0,10.149999999999977,below,10-20 K,0.35166535,0.2279591,0.4203756,0.010736821,0.02204349,0.96721977
,1-butyl-1-methylpyrrolidinium bis(trifluoromethylsulfonyl)imide,CCCC[N+]1(C)CCCC1.O=S(=O)([N-]S(=O)(=O)C(F)(F)F)C(F)(F)F,[C4MPyr][NTf2],ethanol,CCO,alcohol,water,O,water,0.297,0.366,0.337,0.008,0.271,0.721,101.325,0.7,739,283.0,10.149999999999977,below,10-20 K,0.3254126,0.23817009,0.43641728,0.011237909,0.022227963,0.96653414
,1-butyl-1-methylpyrrolidinium bis(trifluoromethylsulfonyl)imide,CCCC[N+]1(C)CCCC1.O=S(=O)([N-]S(=O)(=O)C(F)(F)F)C(F)(F)F,[C4MPyr][NTf2],ethanol,CCO,alcohol,water,O,water,0.285,0.372,0.343,0.009,0.281,0.71,101.325,0.8,739,283.0,10.149999999999977,below,10-20 K,0.2842828,0.25055262,0.46516454,0.011054929,0.021542976,0.96740216
,1-butyl-1-methylpyrrolidinium bis(trifluoromethylsulfonyl)imide,CCCC[N+]1(C)CCCC1.O=S(=O)([N-]S(=O)(=O)C(F)(F)F)C(F)(F)F,[C4MPyr][NTf2],ethanol,CCO,alcohol,water,O,water,0.284,0.369,0.347,0.009,0.283,0.708,101.325,0.9,739,283.0,10.149999999999977,below,10-20 K,0.23675178,0.2575772,0.505671,0.010008347,0.020785255,0.96920633
,1-butyl-1-methylpyrrolidinium bis(trifluoromethylsulfonyl)imide,CCCC[N+]1(C)CCCC1.O=S(=O)([N-]S(=O)(=O)C(F)(F)F)C(F)(F)F,[C4MPyr][NTf2],ethanol,CCO,alcohol,water,O,water,0.199,0.4,0.401,0.021,0.338,0.641,101.325,1.0,739,283.0,10.149999999999977,below,10-20 K,0.21582203,0.26579604,0.5183819,0.01046746,0.020951,0.96858144
,1-butyl-1-methylpyrrolidinium bis(trifluoromethylsulfonyl)imide,CCCC[N+]1(C)CCCC1.O=S(=O)([N-]S(=O)(=O)C(F)(F)F)C(F)(F)F,[C4MPyr][NTf2],ethanol,CCO,alcohol,water,O,water,0.64,0.0,0.36,0.001,0.0,0.999,101.325,0.0,742,333.0,9.800000000000011,above,5-10 K,0.5396032,0.13519669,0.3252001,0.0050831535,0.0178035,0.97711337
,1-butyl-1-methylpyrrolidinium bis(trifluoromethylsulfonyl)imide,CCCC[N+]1(C)CCCC1.O=S(=O)([N-]S(=O)(=O)C(F)(F)F)C(F)(F)F,[C4MPyr][NTf2],ethanol,CCO,alcohol,water,O,water,0.563,0.06,0.377,0.001,0.017,0.982,101.325,0.16666667,742,333.0,9.800000000000011,above,5-10 K,0.48774254,0.15176572,0.36049175,0.0054996526,0.01794069,0.97655964
,1-butyl-1-methylpyrrolidinium bis(trifluoromethylsulfonyl)imide,CCCC[N+]1(C)CCCC1.O=S(=O)([N-]S(=O)(=O)C(F)(F)F)C(F)(F)F,[C4MPyr][NTf2],ethanol,CCO,alcohol,water,O,water,0.474,0.134,0.392,0.001,0.041,0.958,101.325,0.33333334,742,333.0,9.800000000000011,above,5-10 K,0.4297464,0.1714704,0.39878318,0.006494406,0.018350014,0.9751556
,1-butyl-1-methylpyrrolidinium bis(trifluoromethylsulfonyl)imide,CCCC[N+]1(C)CCCC1.O=S(=O)([N-]S(=O)(=O)C(F)(F)F)C(F)(F)F,[C4MPyr][NTf2],ethanol,CCO,alcohol,water,O,water,0.391,0.193,0.416,0.001,0.064,0.935,101.325,0.5,742,333.0,9.800000000000011,above,5-10 K,0.3801538,0.18798462,0.43186152,0.007017668,0.018515684,0.9744666
,1-butyl-1-methylpyrrolidinium bis(trifluoromethylsulfonyl)imide,CCCC[N+]1(C)CCCC1.O=S(=O)([N-]S(=O)(=O)C(F)(F)F)C(F)(F)F,[C4MPyr][NTf2],ethanol,CCO,alcohol,water,O,water,0.211,0.288,0.501,0.004,0.14,0.856,101.325,0.8333333,742,333.0,9.800000000000011,above,5-10 K,0.3039939,0.22762255,0.4683835,0.008347774,0.01941761,0.97223467
,1-butyl-1-methylpyrrolidinium bis(trifluoromethylsulfonyl)imide,CCCC[N+]1(C)CCCC1.O=S(=O)([N-]S(=O)(=O)C(F)(F)F)C(F)(F)F,[C4MPyr][NTf2],ethanol,CCO,alcohol,water,O,water,0.221,0.284,0.495,0.004,0.134,0.862,101.325,0.6666667,742,333.0,9.800000000000011,above,5-10 K,0.36210987,0.21060784,0.4272822,0.007479369,0.019504331,0.9730163
,1-butyl-1-methylpyrrolidinium bis(trifluoromethylsulfonyl)imide,CCCC[N+]1(C)CCCC1.O=S(=O)([N-]S(=O)(=O)C(F)(F)F)C(F)(F)F,[C4MPyr][NTf2],ethanol,CCO,alcohol,water,O,water,0.141,0.273,0.586,0.014,0.179,0.807,101.325,1.0,742,333.0,9.800000000000011,above,5-10 K,0.2757273,0.24241012,0.48186255,0.008728524,0.020068953,0.9712026
no,1-decyl-3-methylimidazolium bis(trifluoromethylsulfonyl)imide,CCCCCCCCCCn1cc[n+](C)c1.O=S(=O)([N-]S(=O)(=O)C(F)(F)F)C(F)(F)F,[C10MIm][NTf2],2-propanol,CC(C)O,alcohol,water,O,water,0.895,0.0,0.105,0.0,0.0,1.0,101.325,0.0,748,278.15,15.0,below,10-20 K,0.39696264,0.2525565,0.35048082,0.007959901,0.023087831,0.96895224
no,1-decyl-3-methylimidazolium bis(trifluoromethylsulfonyl)imide,CCCCCCCCCCn1cc[n+](C)c1.O=S(=O)([N-]S(=O)(=O)C(F)(F)F)C(F)(F)F,[C10MIm][NTf2],2-propanol,CC(C)O,alcohol,water,O,water,0.74,0.144,0.116,0.0,0.052947048,0.9470529,101.325,0.14285715,748,278.15,15.0,below,10-20 K,0.35807967,0.2703115,0.37160885,0.008423133,0.02324394,0.9683329
no,1-decyl-3-methylimidazolium bis(trifluoromethylsulfonyl)imide,CCCCCCCCCCn1cc[n+](C)c1.O=S(=O)([N-]S(=O)(=O)C(F)(F)F)C(F)(F)F,[C10MIm][NTf2],2-propanol,CC(C)O,alcohol,water,O,water,0.642,0.217,0.141,0.0,0.071,0.929,101.325,0.2857143,748,278.15,15.0,below,10-20 K,0.32111615,0.28738338,0.39150044,0.008912448,0.02341661,0.967671
no,1-decyl-3-methylimidazolium bis(trifluoromethylsulfonyl)imide,CCCCCCCCCCn1cc[n+](C)c1.O=S(=O)([N-]S(=O)(=O)C(F)(F)F)C(F)(F)F,[C10MIm][NTf2],2-propanol,CC(C)O,alcohol,water,O,water,0.519,0.321,0.16,0.0,0.1,0.9,101.325,0.42857143,748,278.15,15.0,below,10-20 K,0.28635582,0.30364516,0.40999895,0.009423084,0.023594651,0.9669822
no,1-decyl-3-methylimidazolium bis(trifluoromethylsulfonyl)imide,CCCCCCCCCCn1cc[n+](C)c1.O=S(=O)([N-]S(=O)(=O)C(F)(F)F)C(F)(F)F,[C10MIm][NTf2],2-propanol,CC(C)O,alcohol,water,O,water,0.356,0.393,0.251,0.0,0.127,0.873,101.325,0.5714286,748,278.15,15.0,below,10-20 K,0.2539443,0.31900916,0.42704657,0.00996168,0.023791928,0.96624637
no,1-decyl-3-methylimidazolium bis(trifluoromethylsulfonyl)imide,CCCCCCCCCCn1cc[n+](C)c1.O=S(=O)([N-]S(=O)(=O)C(F)(F)F)C(F)(F)F,[C10MIm][NTf2],2-propanol,CC(C)O,alcohol,water,O,water,0.259,0.416,0.325,0.0,0.139,0.861,101.325,0.71428573,748,278.15,15.0,below,10-20 K,0.22418149,0.33330366,0.4425148,0.0105306655,0.02400361,0.9654658
no,1-decyl-3-methylimidazolium bis(trifluoromethylsulfonyl)imide,CCCCCCCCCCn1cc[n+](C)c1.O=S(=O)([N-]S(=O)(=O)C(F)(F)F)C(F)(F)F,[C10MIm][NTf2],2-propanol,CC(C)O,alcohol,water,O,water,0.208,0.418,0.374,0.001,0.157,0.842,101.325,0.85714287,748,278.15,15.0,below,10-20 K,0.19711623,0.34652728,0.4563565,0.011125848,0.024228215,0.9646459
no,1-decyl-3-methylimidazolium bis(trifluoromethylsulfonyl)imide,CCCCCCCCCCn1cc[n+](C)c1.O=S(=O)([N-]S(=O)(=O)C(F)(F)F)C(F)(F)F,[C10MIm][NTf2],2-propanol,CC(C)O,alcohol,water,O,water,0.17,0.411,0.419,0.001,0.176,0.823,101.325,1.0,748,278.15,15.0,below,10-20 K,0.17830461,0.35156646,0.47012892,0.010242217,0.023802085,0.96595573
no,1-decyl-3-methylimidazolium bis(trifluoromethylsulfonyl)imide,CCCCCCCCCCn1cc[n+](C)c1.O=S(=O)([N-]S(=O)(=O)C(F)(F)F)C(F)(F)F,[C10MIm][NTf2],2-propanol,CC(C)O,alcohol,water,O,water,0.812,0.0,0.188,0.0,0.0,1.0,101.325,0.0,749,288.15,5.0,below,0-5 K,0.41522208,0.23826286,0.346515,0.006759534,0.022117872,0.9711227
no,1-decyl-3-methylimidazolium bis(trifluoromethylsulfonyl)imide,CCCCCCCCCCn1cc[n+](C)c1.O=S(=O)([N-]S(=O)(=O)C(F)(F)F)C(F)(F)F,[C10MIm][NTf2],2-propanol,CC(C)O,alcohol,water,O,water,0.607,0.165,0.228,0.0,0.029,0.971,101.325,0.14285715,749,288.15,5.0,below,0-5 K,0.37509668,0.2560846,0.3688187,0.007159839,0.022250582,0.97058964
no,1-decyl-3-methylimidazolium bis(trifluoromethylsulfonyl)imide,CCCCCCCCCCn1cc[n+](C)c1.O=S(=O)([N-]S(=O)(=O)C(F)(F)F)C(F)(F)F,[C10MIm][NTf2],2-propanol,CC(C)O,alcohol,water,O,water,0.485,0.247,0.268,0.0,0.043,0.957,101.325,0.2857143,749,288.15,5.0,below,0-5 K,0.32733944,0.28069565,0.3919649,0.00853532,0.022891475,0.9685732
no,1-decyl-3-methylimidazolium bis(trifluoromethylsulfonyl)imide,CCCCCCCCCCn1cc[n+](C)c1.O=S(=O)([N-]S(=O)(=O)C(F)(F)F)C(F)(F)F,[C10MIm][NTf2],2-propanol,CC(C)O,alcohol,water,O,water,0.384,0.312,0.304,0.0,0.06,0.94,101.325,0.42857143,749,288.15,5.0,below,0-5 K,0.29198673,0.29701045,0.41100278,0.009028249,0.023056883,0.9679148
no,1-decyl-3-methylimidazolium bis(trifluoromethylsulfonyl)imide,CCCCCCCCCCn1cc[n+](C)c1.O=S(=O)([N-]S(=O)(=O)C(F)(F)F)C(F)(F)F,[C10MIm][NTf2],2-propanol,CC(C)O,alcohol,water,O,water,0.26,0.358,0.382,0.001,0.079,0.92,101.325,0.5714286,749,288.15,5.0,below,0-5 K,0.25910288,0.31238165,0.42851543,0.009547301,0.023238858,0.96721387
no,1-decyl-3-methylimidazolium bis(trifluoromethylsulfonyl)imide,CCCCCCCCCCn1cc[n+](C)c1.O=S(=O)([N-]S(=O)(=O)C(F)(F)F)C(F)(F)F,[C10MIm][NTf2],2-propanol,CC(C)O,alcohol,water,O,water,0.189,0.368,0.443,0.001,0.09,0.909,101.325,0.71428573,749,288.15,5.0,below,0-5 K,0.22870919,0.32681704,0.44447377,0.010092975,0.023439994,0.966467
no,1-decyl-3-methylimidazolium bis(trifluoromethylsulfonyl)imide,CCCCCCCCCCn1cc[n+](C)c1.O=S(=O)([N-]S(=O)(=O)C(F)(F)F)C(F)(F)F,[C10MIm][NTf2],2-propanol,CC(C)O,alcohol,water,O,water,0.145,0.391,0.464,0.001,0.111,0.888,101.325,0.85714287,749,288.15,5.0,below,0-5 K,0.2011379,0.34011123,0.45875084,0.0106652165,0.023652265,0.9656825
no,1-decyl-3-methylimidazolium bis(trifluoromethylsulfonyl)imide,CCCCCCCCCCn1cc[n+](C)c1.O=S(=O)([N-]S(=O)(=O)C(F)(F)F)C(F)(F)F,[C10MIm][NTf2],2-propanol,CC(C)O,alcohol,water,O,water,0.114,0.353,0.533,0.003,0.127,0.87,101.325,1.0,749,288.15,5.0,below,0-5 K,0.17606544,0.35237798,0.47155666,0.011268583,0.023875415,0.9648559
,1-butyl-3-methylimidazolium hexafluorophosphate,CCCCn1cc[n+](C)c1.F[P-](F)(F)(F)(F)F,[C4MIm][PF6],ethanol,CCO,alcohol,water,O,water,0.795,0.0,0.205,0.001,0.0,0.999,101.325,0.0,781,283.2,9.949999999999989,below,5-10 K,0.46711817,0.18688008,0.3460018,0.007741509,0.042718455,0.94953996
,1-butyl-3-methylimidazolium hexafluorophosphate,CCCCn1cc[n+](C)c1.F[P-](F)(F)(F)(F)F,[C4MIm][PF6],ethanol,CCO,alcohol,water,O,water,0.76,0.019,0.221,0.001,0.025,0.974,101.325,0.05263158,781,283.2,9.949999999999989,below,5-10 K,0.4510975,0.19291271,0.3559898,0.007922733,0.042771585,0.94930565
,1-butyl-3-methylimidazolium hexafluorophosphate,CCCCn1cc[n+](C)c1.F[P-](F)(F)(F)(F)F,[C4MIm][PF6],ethanol,CCO,alcohol,water,O,water,0.736,0.043,0.221,0.001,0.056,0.943,101.325,0.10526316,781,283.2,9.949999999999989,below,5-10 K,0.43521878,0.19893238,0.36584884,0.008113489,0.04284494,0.9490416
,1-butyl-3-methylimidazolium hexafluorophosphate,CCCCn1cc[n+](C)c1.F[P-](F)(F)(F)(F)F,[C4MIm][PF6],ethanol,CCO,alcohol,water,O,water,0.695,0.087,0.218,0.001,0.094,0.905,101.325,0.15789473,781,283.2,9.949999999999989,below,5-10 K,0.4195175,0.20490289,0.37557968,0.008307549,0.042931918,0.94876057
,1-butyl-3-methylimidazolium hexafluorophosphate,CCCCn1cc[n+](C)c1.F[P-](F)(F)(F)(F)F,[C4MIm][PF6],ethanol,CCO,alcohol,water,O,water,0.649,0.122,0.229,0.002,0.127,0.871,101.325,0.21052632,781,283.2,9.949999999999989,below,5-10 K,0.4039451,0.21085836,0.3851965,0.008504542,0.043012097,0.9484834
,1-butyl-3-methylimidazolium hexafluorophosphate,CCCCn1cc[n+](C)c1.F[P-](F)(F)(F)(F)F,[C4MIm][PF6],ethanol,CCO,alcohol,water,O,water,0.607,0.156,0.237,0.003,0.159,0.838,101.325,0.2631579,781,283.2,9.949999999999989,below,5-10 K,0.37691018,0.22215818,0.40093166,0.009395712,0.04338122,0.9472231
,1-butyl-3-methylimidazolium hexafluorophosphate,CCCCn1cc[n+](C)c1.F[P-](F)(F)(F)(F)F,[C4MIm][PF6],ethanol,CCO,alcohol,water,O,water,0.572,0.18,0.248,0.003,0.19,0.807,101.325,0.31578946,781,283.2,9.949999999999989,below,5-10 K,0.35732782,0.23017843,0.41249382,0.009911607,0.043689,0.9463993
,1-butyl-3-methylimidazolium hexafluorophosphate,CCCCn1cc[n+](C)c1.F[P-](F)(F)(F)(F)F,[C4MIm][PF6],ethanol,CCO,alcohol,water,O,water,0.545,0.197,0.258,0.004,0.222,0.774,101.325,0.36842105,781,283.2,9.949999999999989,below,5-10 K,0.3428291,0.2358776,0.42129335,0.010142169,0.0437789,0.9460789
,1-butyl-3-methylimidazolium hexafluorophosphate,CCCCn1cc[n+](C)c1.F[P-](F)(F)(F)(F)F,[C4MIm][PF6],ethanol,CCO,alcohol,water,O,water,0.51100004,0.22000001,0.26900002,0.007,0.261,0.732,101.325,0.42105263,781,283.2,9.949999999999989,below,5-10 K,0.32871234,0.24142267,0.42986494,0.010378252,0.043872315,0.9457494
,1-butyl-3-methylimidazolium hexafluorophosphate,CCCCn1cc[n+](C)c1.F[P-](F)(F)(F)(F)F,[C4MIm][PF6],ethanol,CCO,alcohol,water,O,water,0.493,0.234,0.273,0.008,0.285,0.707,101.325,0.47368422,781,283.2,9.949999999999989,below,5-10 K,0.31485292,0.24691725,0.4382298,0.010619831,0.04397668,0.9454035
,1-butyl-3-methylimidazolium hexafluorophosphate,CCCCn1cc[n+](C)c1.F[P-](F)(F)(F)(F)F,[C4MIm][PF6],ethanol,CCO,alcohol,water,O,water,0.469,0.253,0.278,0.011,0.315,0.674,101.325,0.5263158,781,283.2,9.949999999999989,below,5-10 K,0.3013564,0.25229102,0.4463526,0.010864845,0.04407587,0.9450593
,1-butyl-3-methylimidazolium hexafluorophosphate,CCCCn1cc[n+](C)c1.F[P-](F)(F)(F)(F)F,[C4MIm][PF6],ethanol,CCO,alcohol,water,O,water,0.462,0.26,0.278,0.013,0.336,0.651,101.325,0.57894737,781,283.2,9.949999999999989,below,5-10 K,0.28814268,0.2575823,0.45427498,0.011111753,0.044162605,0.94472563
,1-butyl-3-methylimidazolium hexafluorophosphate,CCCCn1cc[n+](C)c1.F[P-](F)(F)(F)(F)F,[C4MIm][PF6],ethanol,CCO,alcohol,water,O,water,0.446,0.268,0.286,0.015,0.36,0.625,101.325,0.6315789,781,283.2,9.949999999999989,below,5-10 K,0.2746421,0.26306877,0.46228912,0.011526819,0.044303317,0.9441698
,1-butyl-3-methylimidazolium hexafluorophosphate,CCCCn1cc[n+](C)c1.F[P-](F)(F)(F)(F)F,[C4MIm][PF6],ethanol,CCO,alcohol,water,O,water,0.43,0.282,0.288,0.016,0.381,0.603,101.325,0.68421054,781,283.2,9.949999999999989,below,5-10 K,0.26221895,0.26810783,0.46967322,0.01178786,0.044393845,0.94381833
,1-butyl-3-methylimidazolium hexafluorophosphate,CCCCn1cc[n+](C)c1.F[P-](F)(F)(F)(F)F,[C4MIm][PF6],ethanol,CCO,alcohol,water,O,water,0.407,0.298,0.295,0.02,0.419,0.561,101.325,0.7368421,781,283.2,9.949999999999989,below,5-10 K,0.25015536,0.27301845,0.47682616,0.012057731,0.04450652,0.9434357
,1-butyl-3-methylimidazolium hexafluorophosphate,CCCCn1cc[n+](C)c1.F[P-](F)(F)(F)(F)F,[C4MIm][PF6],ethanol,CCO,alcohol,water,O,water,0.386,0.326,0.288,0.023,0.458,0.519,101.325,0.7894737,781,283.2,9.949999999999989,below,5-10 K,0.23852323,0.27778885,0.4836879,0.012333756,0.044609424,0.9430569
,1-butyl-3-methylimidazolium hexafluorophosphate,CCCCn1cc[n+](C)c1.F[P-](F)(F)(F)(F)F,[C4MIm][PF6],ethanol,CCO,alcohol,water,O,water,0.371,0.349,0.28,0.027,0.485,0.488,101.325,0.84210527,781,283.2,9.949999999999989,below,5-10 K,0.22728024,0.28243482,0.49028495,0.012612261,0.04472763,0.9426601
,1-butyl-3-methylimidazolium hexafluorophosphate,CCCCn1cc[n+](C)c1.F[P-](F)(F)(F)(F)F,[C4MIm][PF6],ethanol,CCO,alcohol,water,O,water,0.36200002,0.36400002,0.27400002,0.029,0.517,0.454,101.325,0.8947368,781,283.2,9.949999999999989,below,5-10 K,0.2260683,0.28075534,0.49317634,0.011181054,0.043982167,0.94483674
,1-butyl-3-methylimidazolium hexafluorophosphate,CCCCn1cc[n+](C)c1.F[P-](F)(F)(F)(F)F,[C4MIm][PF6],ethanol,CCO,alcohol,water,O,water,0.349,0.397,0.254,0.03,0.575,0.395,101.325,0.94736844,781,283.2,9.949999999999989,below,5-10 K,0.21507183,0.28528103,0.49964714,0.011439473,0.04408677,0.94447374
,1-butyl-3-methylimidazolium hexafluorophosphate,CCCCn1cc[n+](C)c1.F[P-](F)(F)(F)(F)F,[C4MIm][PF6],ethanol,CCO,alcohol,water,O,water,0.35400003,0.41300002,0.23300001,0.027,0.621,0.352,101.325,1.0,781,283.2,9.949999999999989,below,5-10 K,0.20499276,0.28940192,0.50560534,0.011661352,0.04418928,0.94414943
,1-ethyl-3-methylimidazolium bis(trifluoromethylsulfonyl)imide,CCn1cc[n+](C)c1.O=S(=O)([N-]S(=O)(=O)C(F)(F)F)C(F)(F)F,[C2MIm][NTf2],ethanol,CCO,alcohol,water,O,water,0.673,0.061,0.266,0.0,0.044,0.956,101.325,0.0,788,283.2,9.949999999999989,below,5-10 K,0.44915298,0.17030077,0.38054627,0.008539078,0.030221252,0.9612397
,1-ethyl-3-methylimidazolium bis(trifluoromethylsulfonyl)imide,CCn1cc[n+](C)c1.O=S(=O)([N-]S(=O)(=O)C(F)(F)F)C(F)(F)F,[C2MIm][NTf2],ethanol,CCO,alcohol,water,O,water,0.603,0.108,0.289,0.001,0.072,0.927,101.325,0.16666667,788,283.2,9.949999999999989,below,5-10 K,0.40025562,0.18666366,0.4130807,0.009211124,0.030393185,0.9603957
,1-ethyl-3-methylimidazolium bis(trifluoromethylsulfonyl)imide,CCn1cc[n+](C)c1.O=S(=O)([N-]S(=O)(=O)C(F)(F)F)C(F)(F)F,[C2MIm][NTf2],ethanol,CCO,alcohol,water,O,water,0.457,0.209,0.334,0.002,0.122,0.876,101.325,0.33333334,788,283.2,9.949999999999989,below,5-10 K,0.34821647,0.2046509,0.4471326,0.010195586,0.030676821,0.95912766
,1-ethyl-3-methylimidazolium bis(trifluoromethylsulfonyl)imide,CCn1cc[n+](C)c1.O=S(=O)([N-]S(=O)(=O)C(F)(F)F)C(F)(F)F,[C2MIm][NTf2],ethanol,CCO,alcohol,water,O,water,0.373,0.254,0.373,0.004,0.156,0.84,101.325,0.5,788,283.2,9.949999999999989,below,5-10 K,0.30441025,0.21982522,0.47576454,0.010986165,0.03088821,0.9581257
,1-ethyl-3-methylimidazolium bis(trifluoromethylsulfonyl)imide,CCn1cc[n+](C)c1.O=S(=O)([N-]S(=O)(=O)C(F)(F)F)C(F)(F)F,[C2MIm][NTf2],ethanol,CCO,alcohol,water,O,water,0.31,0.284,0.406,0.007,0.185,0.808,101.325,0.6666667,788,283.2,9.949999999999989,below,5-10 K,0.25968483,0.23488753,0.50542766,0.011642239,0.031176362,0.95718145
,1-ethyl-3-methylimidazolium bis(trifluoromethylsulfonyl)imide,CCn1cc[n+](C)c1.O=S(=O)([N-]S(=O)(=O)C(F)(F)F)C(F)(F)F,[C2MIm][NTf2],ethanol,CCO,alcohol,water,O,water,0.235,0.315,0.45,0.016,0.224,0.76,101.325,0.8333333,788,283.2,9.949999999999989,below,5-10 K,0.21642503,0.24872041,0.53485453,0.012032907,0.03171206,0.9562551
,1-ethyl-3-methylimidazolium bis(trifluoromethylsulfonyl)imide,CCn1cc[n+](C)c1.O=S(=O)([N-]S(=O)(=O)C(F)(F)F)C(F)(F)F,[C2MIm][NTf2],ethanol,CCO,alcohol,water,O,water,0.174,0.318,0.508,0.027,0.25,0.723,101.325,1.0,788,283.2,9.949999999999989,below,5-10 K,0.1805763,0.2628948,0.5565289,0.014179384,0.032085758,0.95373493
,1-ethyl-3-methylimidazolium bis(trifluoromethylsulfonyl)imide,CCn1cc[n+](C)c1.O=S(=O)([N-]S(=O)(=O)C(F)(F)F)C(F)(F)F,[C2MIm][NTf2],ethanol,CCO,alcohol,water,O,water,0.729,0.068,0.203,0.001,0.041,0.958,101.325,0.0,791,283.2,9.949999999999989,below,5-10 K,0.40522182,0.18485957,0.40991864,0.011321901,0.031323105,0.9573549
,1-ethyl-3-methylimidazolium bis(trifluoromethylsulfonyl)imide,CCn1cc[n+](C)c1.O=S(=O)([N-]S(=O)(=O)C(F)(F)F)C(F)(F)F,[C2MIm][NTf2],ethanol,CCO,alcohol,water,O,water,0.652,0.144,0.204,0.0,0.081,0.919,101.325,0.14285715,791,283.2,9.949999999999989,below,5-10 K,0.36507896,0.19853185,0.43638927,0.01206081,0.0314714,0.9564678
,1-ethyl-3-methylimidazolium bis(trifluoromethylsulfonyl)imide,CCn1cc[n+](C)c1.O=S(=O)([N-]S(=O)(=O)C(F)(F)F)C(F)(F)F,[C2MIm][NTf2],ethanol,CCO,alcohol,water,O,water,0.522,0.248,0.23,0.0,0.129,0.871,101.325,0.2857143,791,283.2,9.949999999999989,below,5-10 K,0.32674724,0.211764,0.46148878,0.012846529,0.03164395,0.9555096
,1-ethyl-3-methylimidazolium bis(trifluoromethylsulfonyl)imide,CCn1cc[n+](C)c1.O=S(=O)([N-]S(=O)(=O)C(F)(F)F)C(F)(F)F,[C2MIm][NTf2],ethanol,CCO,alcohol,water,O,water,0.422,0.318,0.26,0.001,0.168,0.831,101.325,0.42857143,791,283.2,9.949999999999989,below,5-10 K,0.29926157,0.22247934,0.47825903,0.012713433,0.0305387,0.95674795
,1-ethyl-3-methylimidazolium bis(trifluoromethylsulfonyl)imide,CCn1cc[n+](C)c1.O=S(=O)([N-]S(=O)(=O)C(F)(F)F)C(F)(F)F,[C2MIm][NTf2],ethanol,CCO,alcohol,water,O,water,0.342,0.365,0.293,0.002,0.207,0.791,101.325,0.5714286,791,283.2,9.949999999999989,below,5-10 K,0.26941967,0.23372754,0.49685284,0.013147168,0.030266436,0.95658636
,1-ethyl-3-methylimidazolium bis(trifluoromethylsulfonyl)imide,CCn1cc[n+](C)c1.O=S(=O)([N-]S(=O)(=O)C(F)(F)F)C(F)(F)F,[C2MIm][NTf2],ethanol,CCO,alcohol,water,O,water,0.259,0.405,0.336,0.004,0.258,0.738,101.325,0.71428573,791,283.2,9.949999999999989,below,5-10 K,0.23746939,0.24534972,0.51718086,0.013993049,0.030473942,0.955533
,1-ethyl-3-methylimidazolium bis(trifluoromethylsulfonyl)imide,CCn1cc[n+](C)c1.O=S(=O)([N-]S(=O)(=O)C(F)(F)F)C(F)(F)F,[C2MIm][NTf2],ethanol,CCO,alcohol,water,O,water,0.216,0.417,0.367,0.007,0.285,0.708,101.325,0.85714287,791,283.2,9.949999999999989,below,5-10 K,0.2084086,0.2561473,0.53544414,0.014882438,0.030674625,0.95444286
,1-ethyl-3-methylimidazolium bis(trifluoromethylsulfonyl)imide,CCn1cc[n+](C)c1.O=S(=O)([N-]S(=O)(=O)C(F)(F)F)C(F)(F)F,[C2MIm][NTf2],ethanol,CCO,alcohol,water,O,water,0.138,0.428,0.434,0.028,0.33,0.642,101.325,1.0,791,283.2,9.949999999999989,below,5-10 K,0.18206832,0.2661743,0.5517574,0.015820213,0.03090009,0.9532796
,1-butyl-3-methylimidazolium bis(trifluoromethylsulfonyl)imide,CCCCn1cc[n+](C)c1.O=S(=O)([N-]S(=O)(=O)C(F)(F)F)C(F)(F)F,[C4MIm][NTf2],2-propanol,CC(C)O,alcohol,water,O,water,0.728,0.068,0.204,0.001,0.024,0.975,101.325,0.0,794,283.2,9.949999999999989,below,5-10 K,0.34538162,0.212676,0.44194242,0.009519104,0.040927887,0.9495531
,1-butyl-3-methylimidazolium bis(trifluoromethylsulfonyl)imide,CCCCn1cc[n+](C)c1.O=S(=O)([N-]S(=O)(=O)C(F)(F)F)C(F)(F)F,[C4MIm][NTf2],2-propanol,CC(C)O,alcohol,water,O,water,0.623,0.145,0.232,0.001,0.052,0.947,101.325,0.14285715,794,283.2,9.949999999999989,below,5-10 K,0.30625156,0.22760397,0.4661445,0.0102308225,0.040702473,0.9490667
,1-butyl-3-methylimidazolium bis(trifluoromethylsulfonyl)imide,CCCCn1cc[n+](C)c1.O=S(=O)([N-]S(=O)(=O)C(F)(F)F)C(F)(F)F,[C4MIm][NTf2],2-propanol,CC(C)O,alcohol,water,O,water,0.471,0.24,0.289,0.0,0.075,0.925,101.325,0.2857143,794,283.2,9.949999999999989,below,5-10 K,0.271306,0.2407266,0.48796737,0.010827681,0.040342428,0.94882977
,1-butyl-3-methylimidazolium bis(trifluoromethylsulfonyl)imide,CCCCn1cc[n+](C)c1.O=S(=O)([N-]S(=O)(=O)C(F)(F)F)C(F)(F)F,[C4MIm][NTf2],2-propanol,CC(C)O,alcohol,water,O,water,0.33900002,0.30800003,0.35300002,0.001,0.101,0.898,101.325,0.42857143,794,283.2,9.949999999999989,below,5-10 K,0.26511806,0.23221052,0.5026714,0.011084172,0.042337913,0.94657797
,1-butyl-3-methylimidazolium bis(trifluoromethylsulfonyl)imide,CCCCn1cc[n+](C)c1.O=S(=O)([N-]S(=O)(=O)C(F)(F)F)C(F)(F)F,[C4MIm][NTf2],2-propanol,CC(C)O,alcohol,water,O,water,0.224,0.34,0.436,0.005,0.137,0.858,101.325,0.5714286,794,283.2,9.949999999999989,below,5-10 K,0.23250055,0.24419844,0.52330095,0.011680102,0.041890927,0.946429
,1-butyl-3-methylimidazolium bis(trifluoromethylsulfonyl)imide,CCCCn1cc[n+](C)c1.O=S(=O)([N-]S(=O)(=O)C(F)(F)F)C(F)(F)F,[C4MIm][NTf2],2-propanol,CC(C)O,alcohol,water,O,water,0.184,0.342,0.474,0.007,0.158,0.835,101.325,0.71428573,794,283.2,9.949999999999989,below,5-10 K,0.20288779,0.2553441,0.54176813,0.012301576,0.04144368,0.94625473
,1-butyl-3-methylimidazolium bis(trifluoromethylsulfonyl)imide,CCCCn1cc[n+](C)c1.O=S(=O)([N-]S(=O)(=O)C(F)(F)F)C(F)(F)F,[C4MIm][NTf2],2-propanol,CC(C)O,alcohol,water,O,water,0.15,0.337,0.513,0.01,0.179,0.811,101.325,0.85714287,794,283.2,9.949999999999989,below,5-10 K,0.17559081,0.26417482,0.56023437,0.01293321,0.04111864,0.9459482
,1-butyl-3-methylimidazolium bis(trifluoromethylsulfonyl)imide,CCCCn1cc[n+](C)c1.O=S(=O)([N-]S(=O)(=O)C(F)(F)F)C(F)(F)F,[C4MIm][NTf2],2-propanol,CC(C)O,alcohol,water,O,water,0.118,0.323,0.559,0.016,0.202,0.782,101.325,1.0,794,283.2,9.949999999999989,below,5-10 K,0.15180895,0.27262452,0.57556653,0.013601993,0.04075815,0.9456398
,1-butyl-1-methylpyrrolidinium bis(trifluoromethylsulfonyl)imide,CCCC[N+]1(C)CCCC1.O=S(=O)([N-]S(=O)(=O)C(F)(F)F)C(F)(F)F,[C4MPyr][NTf2],2-propanol,CC(C)O,alcohol,water,O,water,0.65000004,0.14500001,0.20500001,0.0,0.055,0.945,101.325,0.0,797,282.2,10.949999999999989,below,10-20 K,0.42575827,0.1806481,0.39359364,0.0068682185,0.032825362,0.9603064
,1-butyl-1-methylpyrrolidinium bis(trifluoromethylsulfonyl)imide,CCCC[N+]1(C)CCCC1.O=S(=O)([N-]S(=O)(=O)C(F)(F)F)C(F)(F)F,[C4MPyr][NTf2],2-propanol,CC(C)O,alcohol,water,O,water,0.52,0.227,0.253,0.001,0.08,0.919,101.325,0.16666667,797,282.2,10.949999999999989,below,10-20 K,0.37716964,0.19821782,0.4246125,0.0075405757,0.03263913,0.9598202
,1-butyl-1-methylpyrrolidinium bis(trifluoromethylsulfonyl)imide,CCCC[N+]1(C)CCCC1.O=S(=O)([N-]S(=O)(=O)C(F)(F)F)C(F)(F)F,[C4MPyr][NTf2],2-propanol,CC(C)O,alcohol,water,O,water,0.396,0.292,0.312,0.001,0.108,0.891,101.325,0.33333334,797,282.2,10.949999999999989,below,10-20 K,0.33052906,0.214767,0.45470396,0.008041375,0.032259595,0.959699
,1-butyl-1-methylpyrrolidinium bis(trifluoromethylsulfonyl)imide,CCCC[N+]1(C)CCCC1.O=S(=O)([N-]S(=O)(=O)C(F)(F)F)C(F)(F)F,[C4MPyr][NTf2],2-propanol,CC(C)O,alcohol,water,O,water,0.295,0.333,0.372,0.004,0.151,0.845,101.325,0.5,797,282.2,10.949999999999989,below,10-20 K,0.28696784,0.23042433,0.48260787,0.008583263,0.03190917,0.9595075
,1-butyl-1-methylpyrrolidinium bis(trifluoromethylsulfonyl)imide,CCCC[N+]1(C)CCCC1.O=S(=O)([N-]S(=O)(=O)C(F)(F)F)C(F)(F)F,[C4MPyr][NTf2],2-propanol,CC(C)O,alcohol,water,O,water,0.234,0.349,0.417,0.008,0.189,0.803,101.325,0.6666667,797,282.2,10.949999999999989,below,10-20 K,0.24742565,0.24510074,0.50747365,0.009129035,0.031585336,0.9592857
,1-butyl-1-methylpyrrolidinium bis(trifluoromethylsulfonyl)imide,CCCC[N+]1(C)CCCC1.O=S(=O)([N-]S(=O)(=O)C(F)(F)F)C(F)(F)F,[C4MPyr][NTf2],2-propanol,CC(C)O,alcohol,water,O,water,0.161,0.351,0.488,0.021,0.244,0.735,101.325,1.0,797,282.2,10.949999999999989,below,10-20 K,0.16395439,0.291648,0.5443976,0.010853157,0.029943991,0.9592029
,1-butyl-1-methylpyrrolidinium bis(trifluoromethylsulfonyl)imide,CCCC[N+]1(C)CCCC1.O=S(=O)([N-]S(=O)(=O)C(F)(F)F)C(F)(F)F,[C4MPyr][NTf2],2-propanol,CC(C)O,alcohol,water,O,water,0.161,0.352,0.487,0.02,0.244,0.736,101.325,0.8333333,797,282.2,10.949999999999989,below,10-20 K,0.19266352,0.27987576,0.52746075,0.010213033,0.030109117,0.9596778
,1-butyl-3-methylimidazolium bis(trifluoromethylsulfonyl)imide,CCCCn1cc[n+](C)c1.O=S(=O)([N-]S(=O)(=O)C(F)(F)F)C(F)(F)F,[C4MIm][NTf2],1-propanol,CCCO,alcohol,water,O,water,0.804,0.0,0.196,0.001,0.0,0.999,101.325,0.0,800,283.15,10.0,below,5-10 K,0.3545449,0.21671535,0.4287398,0.009717628,0.031651285,0.9586311
,1-butyl-3-methylimidazolium bis(trifluoromethylsulfonyl)imide,CCCCn1cc[n+](C)c1.O=S(=O)([N-]S(=O)(=O)C(F)(F)F)C(F)(F)F,[C4MIm][NTf2],1-propanol,CCCO,alcohol,water,O,water,0.67300004,0.117000006,0.21000001,0.0,0.024,0.976,101.325,0.14285715,800,283.15,10.0,below,5-10 K,0.31650802,0.23122509,0.45226687,0.01038813,0.031638004,0.95797384
,1-butyl-3-methylimidazolium bis(trifluoromethylsulfonyl)imide,CCCCn1cc[n+](C)c1.O=S(=O)([N-]S(=O)(=O)C(F)(F)F)C(F)(F)F,[C4MIm][NTf2],1-propanol,CCCO,alcohol,water,O,water,0.524,0.242,0.234,0.0,0.046,0.954,101.325,0.2857143,800,283.15,10.0,below,5-10 K,0.28099912,0.24480134,0.4741996,0.010966647,0.031506427,0.9575269
,1-butyl-3-methylimidazolium bis(trifluoromethylsulfonyl)imide,CCCCn1cc[n+](C)c1.O=S(=O)([N-]S(=O)(=O)C(F)(F)F)C(F)(F)F,[C4MIm][NTf2],1-propanol,CCCO,alcohol,water,O,water,0.424,0.304,0.272,0.001,0.057,0.942,101.325,0.42857143,800,283.15,10.0,below,5-10 K,0.24815257,0.25759354,0.49425387,0.011579712,0.031423874,0.9569964
,1-butyl-3-methylimidazolium bis(trifluoromethylsulfonyl)imide,CCCCn1cc[n+](C)c1.O=S(=O)([N-]S(=O)(=O)C(F)(F)F)C(F)(F)F,[C4MIm][NTf2],1-propanol,CCCO,alcohol,water,O,water,0.27,0.357,0.373,0.001,0.076,0.923,101.325,0.5714286,800,283.15,10.0,below,5-10 K,0.21803412,0.26953605,0.5124298,0.01221751,0.031328518,0.9564539
,1-butyl-3-methylimidazolium bis(trifluoromethylsulfonyl)imide,CCCCn1cc[n+](C)c1.O=S(=O)([N-]S(=O)(=O)C(F)(F)F)C(F)(F)F,[C4MIm][NTf2],1-propanol,CCCO,alcohol,water,O,water,0.179,0.372,0.449,0.002,0.099,0.899,101.325,0.71428573,800,283.15,10.0,below,5-10 K,0.19068485,0.28061727,0.5286979,0.012890037,0.031262435,0.95584756
,1-butyl-3-methylimidazolium bis(trifluoromethylsulfonyl)imide,CCCCn1cc[n+](C)c1.O=S(=O)([N-]S(=O)(=O)C(F)(F)F)C(F)(F)F,[C4MIm][NTf2],1-propanol,CCCO,alcohol,water,O,water,0.132,0.37,0.498,0.003,0.118,0.879,101.325,0.85714287,800,283.15,10.0,below,5-10 K,0.16624297,0.29074582,0.5430112,0.013588362,0.031199377,0.95521224
,1-butyl-3-methylimidazolium bis(trifluoromethylsulfonyl)imide,CCCCn1cc[n+](C)c1.O=S(=O)([N-]S(=O)(=O)C(F)(F)F)C(F)(F)F,[C4MIm][NTf2],1-propanol,CCCO,alcohol,water,O,water,0.089,0.346,0.565,0.007,0.148,0.845,101.325,1.0,800,283.15,10.0,below,5-10 K,0.14452314,0.29979655,0.5556803,0.0142249465,0.031101461,0.9546736
,1-ethyl-3-methylimidazolium acetate,CC(=O)[O-].CCn1cc[n+](C)c1,[C2MIm][OAc],ethanol,CCO,alcohol,ethyl acetate,CCOC(C)=O,ester,0.794,0.0,0.206,0.03,0.0,0.97,101.325,0.0,807,288.15,5.0,below,0-5 K,0.5959897,0.18789911,0.21611121,0.017482396,0.14921182,0.83330584
,1-ethyl-3-methylimidazolium acetate,CC(=O)[O-].CCn1cc[n+](C)c1,[C2MIm][OAc],ethanol,CCO,alcohol,ethyl acetate,CCOC(C)=O,ester,0.67,0.098,0.232,0.03,0.01,0.96,101.325,0.2,807,288.15,5.0,below,0-5 K,0.5463891,0.2111189,0.24249199,0.018932084,0.14810179,0.8329661
,1-ethyl-3-methylimidazolium acetate,CC(=O)[O-].CCn1cc[n+](C)c1,[C2MIm][OAc],ethanol,CCO,alcohol,ethyl acetate,CCOC(C)=O,ester,0.537,0.202,0.261,0.029,0.027,0.944,101.325,0.4,807,288.15,5.0,below,0-5 K,0.49574363,0.23483056,0.26942575,0.020534026,0.14709464,0.83237135
,1-ethyl-3-methylimidazolium acetate,CC(=O)[O-].CCn1cc[n+](C)c1,[C2MIm][OAc],ethanol,CCO,alcohol,ethyl acetate,CCOC(C)=O,ester,0.401,0.301,0.298,0.029,0.059,0.912,101.325,0.6,807,288.15,5.0,below,0-5 K,0.4450477,0.25856513,0.29638717,0.02231205,0.14617775,0.8315102
,1-ethyl-3-methylimidazolium acetate,CC(=O)[O-].CCn1cc[n+](C)c1,[C2MIm][OAc],ethanol,CCO,alcohol,ethyl acetate,CCOC(C)=O,ester,0.225,0.401,0.374,0.03,0.149,0.821,101.325,0.8,807,288.15,5.0,below,0-5 K,0.39620432,0.28144896,0.32234672,0.02408042,0.14514628,0.8307733
,1-ethyl-3-methylimidazolium acetate,CC(=O)[O-].CCn1cc[n+](C)c1,[C2MIm][OAc],ethanol,CCO,alcohol,ethyl acetate,CCOC(C)=O,ester,0.177,0.412,0.411,0.034,0.196,0.77,101.325,1.0,807,288.15,5.0,below,0-5 K,0.34945503,0.303329,0.34721595,0.025962068,0.1441322,0.8299058
,"1,3-dimethylimidazolium dimethylphosphate",COP(=O)([O-])OC.Cn1cc[n+](C)c1,[C1MIm][DMP],methanol,CO,alcohol,methyl acetate,COC(C)=O,ester,0.758,0.0,0.242,0.031,0.0,0.969,101.325,0.0,814,328.2,5.0,above,0-5 K,0.673694,0.111277774,0.21502824,0.0053739315,0.017201386,0.97742474
,"1,3-dimethylimidazolium dimethylphosphate",COP(=O)([O-])OC.Cn1cc[n+](C)c1,[C1MIm][DMP],methanol,CO,alcohol,methyl acetate,COC(C)=O,ester,0.702,0.039,0.259,0.035,0.012,0.953,101.325,0.1,814,328.2,5.0,above,0-5 K,0.65192837,0.11870843,0.2293632,0.0056311483,0.017366163,0.97700274
,"1,3-dimethylimidazolium dimethylphosphate",COP(=O)([O-])OC.Cn1cc[n+](C)c1,[C1MIm][DMP],methanol,CO,alcohol,methyl acetate,COC(C)=O,ester,0.65,0.075,0.275,0.038,0.027,0.935,101.325,0.2,814,328.2,5.0,above,0-5 K,0.6304553,0.12609094,0.24345376,0.0058780317,0.017506307,0.97661567
,"1,3-dimethylimidazolium dimethylphosphate",COP(=O)([O-])OC.Cn1cc[n+](C)c1,[C1MIm][DMP],methanol,CO,alcohol,methyl acetate,COC(C)=O,ester,0.613,0.1,0.287,0.04,0.038,0.922,101.325,0.3,814,328.2,5.0,above,0-5 K,0.60925406,0.13346745,0.25727853,0.0061163167,0.017621487,0.9762622
,"1,3-dimethylimidazolium dimethylphosphate",COP(=O)([O-])OC.Cn1cc[n+](C)c1,[C1MIm][DMP],methanol,CO,alcohol,methyl acetate,COC(C)=O,ester,0.581,0.121,0.298,0.041,0.05,0.909,101.325,0.4,814,328.2,5.0,above,0-5 K,0.5859511,0.1414262,0.27262267,0.006402649,0.017786477,0.9758109
,"1,3-dimethylimidazolium dimethylphosphate",COP(=O)([O-])OC.Cn1cc[n+](C)c1,[C1MIm][DMP],methanol,CO,alcohol,methyl acetate,COC(C)=O,ester,0.542,0.147,0.311,0.043,0.066,0.891,101.325,0.5,814,328.2,5.0,above,0-5 K,0.5622366,0.14956146,0.28820196,0.0067016156,0.017963193,0.9753352
,"1,3-dimethylimidazolium dimethylphosphate",COP(=O)([O-])OC.Cn1cc[n+](C)c1,[C1MIm][DMP],methanol,CO,alcohol,methyl acetate,COC(C)=O,ester,0.51,0.156,0.334,0.043,0.072,0.885,101.325,0.6,814,328.2,5.0,above,0-5 K,0.5382696,0.15779038,0.30394006,0.0070133037,0.018142086,0.9748446
,"1,3-dimethylimidazolium dimethylphosphate",COP(=O)([O-])OC.Cn1cc[n+](C)c1,[C1MIm][DMP],methanol,CO,alcohol,methyl acetate,COC(C)=O,ester,0.466,0.178,0.356,0.044,0.085,0.871,101.325,0.7,814,328.2,5.0,above,0-5 K,0.514174,0.16606605,0.31976,0.007338736,0.018318001,0.97434324
,"1,3-dimethylimidazolium dimethylphosphate",COP(=O)([O-])OC.Cn1cc[n+](C)c1,[C1MIm][DMP],methanol,CO,alcohol,methyl acetate,COC(C)=O,ester,0.428,0.193,0.379,0.047,0.093,0.86,101.325,0.8,814,328.2,5.0,above,0-5 K,0.4862193,0.17536771,0.338413,0.0077857575,0.018616125,0.9735981
,"1,3-dimethylimidazolium dimethylphosphate",COP(=O)([O-])OC.Cn1cc[n+](C)c1,[C1MIm][DMP],methanol,CO,alcohol,methyl acetate,COC(C)=O,ester,0.381,0.202,0.417,0.048,0.099,0.853,101.325,0.9,814,328.2,5.0,above,0-5 K,0.46218714,0.183636,0.35417688,0.008143789,0.018804932,0.9730513
,"1,3-dimethylimidazolium dimethylphosphate",COP(=O)([O-])OC.Cn1cc[n+](C)c1,[C1MIm][DMP],methanol,CO,alcohol,methyl acetate,COC(C)=O,ester,0.332,0.225,0.443,0.052,0.114,0.834,101.325,1.0,814,328.2,5.0,above,0-5 K,0.43842572,0.1918193,0.36975503,0.008512657,0.01899457,0.97249275
no,Tetrabutylammonium,CCCC[N+](CCCC)(CCCC)CCCC,[N4444][Br],water,O,water,benzene,c1ccccc1,aromatic,0.027,0.96,0.013,0.001,0.011,0.988,101.325,0.0,839,328.15,4.949999999999989,above,0-5 K,0.1392617,0.7641979,0.096540466,0.0020545893,0.010552071,0.9873934
no,Tetrabutylammonium,CCCC[N+](CCCC)(CCCC)CCCC,[N4444][Br],water,O,water,benzene,c1ccccc1,aromatic,0.043,0.924,0.033,0.004,0.013,0.983,101.325,0.16666667,839,328.15,4.949999999999989,above,0-5 K,0.11809678,0.7822968,0.09960647,0.0022279525,0.010885248,0.9868868
no,Tetrabutylammonium,CCCC[N+](CCCC)(CCCC)CCCC,[N4444][Br],water,O,water,benzene,c1ccccc1,aromatic,0.043,0.922,0.035,0.001,0.011,0.988,101.325,0.33333334,839,328.15,4.949999999999989,above,0-5 K,0.09993094,0.7976339,0.10243516,0.002415247,0.011233178,0.98635155
no,Tetrabutylammonium,CCCC[N+](CCCC)(CCCC)CCCC,[N4444][Br],water,O,water,benzene,c1ccccc1,aromatic,0.061,0.864,0.075,0.001,0.009,0.99,101.325,0.5,839,328.15,4.949999999999989,above,0-5 K,0.084349096,0.8105759,0.10507503,0.0026214728,0.011610576,0.9857679
no,Tetrabutylammonium,CCCC[N+](CCCC)(CCCC)CCCC,[N4444][Br],water,O,water,benzene,c1ccccc1,aromatic,0.07,0.829,0.101,0.0,0.01,0.99,101.325,0.6666667,839,328.15,4.949999999999989,above,0-5 K,0.07112438,0.8213308,0.10754484,0.0028469446,0.012011466,0.98514163
no,Tetrabutylammonium,CCCC[N+](CCCC)(CCCC)CCCC,[N4444][Br],water,O,water,benzene,c1ccccc1,aromatic,0.092,0.716,0.192,0.001,0.009,0.99,101.325,0.8333333,839,328.15,4.949999999999989,above,0-5 K,0.05986534,0.83027494,0.10985971,0.0030844458,0.012436756,0.9844788
no,Tetrabutylammonium,CCCC[N+](CCCC)(CCCC)CCCC,[N4444][Br],water,O,water,benzene,c1ccccc1,aromatic,0.108,0.605,0.287,0.001,0.009,0.99,101.325,1.0,839,328.15,4.949999999999989,above,0-5 K,0.050377406,0.8375745,0.11204816,0.003340689,0.012889425,0.9837699
no,Tetrabutylammonium,CCCC[N+](CCCC)(CCCC)CCCC,[N4444][Br],water,O,water,benzene,c1ccccc1,aromatic,0.016,0.977,0.007,0.002,0.02,0.978,101.325,0.0,840,338.0,14.800000000000011,above,10-20 K,0.14241855,0.76167357,0.09590786,0.0020256292,0.01052569,0.98744875
no,Tetrabutylammonium,CCCC[N+](CCCC)(CCCC)CCCC,[N4444][Br],water,O,water,benzene,c1ccccc1,aromatic,0.027,0.959,0.014,0.001,0.015,0.984,101.325,0.14285715,840,338.0,14.800000000000011,above,10-20 K,0.12383058,0.7776686,0.098500796,0.0021580681,0.010790923,0.987051
no,Tetrabutylammonium,CCCC[N+](CCCC)(CCCC)CCCC,[N4444][Br],water,O,water,benzene,c1ccccc1,aromatic,0.041,0.927,0.032,0.001,0.015,0.984,101.325,0.2857143,840,338.0,14.800000000000011,above,10-20 K,0.107550144,0.79155284,0.10089698,0.0022842097,0.011059578,0.9866563
no,Tetrabutylammonium,CCCC[N+](CCCC)(CCCC)CCCC,[N4444][Br],water,O,water,benzene,c1ccccc1,aromatic,0.053,0.888,0.059,0.004,0.014,0.982,101.325,0.42857143,840,338.0,14.800000000000011,above,10-20 K,0.093061626,0.80372006,0.10321835,0.002449975,0.011378725,0.9861713
no,Tetrabutylammonium,CCCC[N+](CCCC)(CCCC)CCCC,[N4444][Br],water,O,water,benzene,c1ccccc1,aromatic,0.063,0.852,0.085,0.002,0.015,0.983,101.325,0.5714286,840,338.0,14.800000000000011,above,10-20 K,0.080591775,0.8140556,0.10535259,0.0026004168,0.011678113,0.98572147
no,Tetrabutylammonium,CCCC[N+](CCCC)(CCCC)CCCC,[N4444][Br],water,O,water,benzene,c1ccccc1,aromatic,0.079,0.777,0.144,0.001,0.014,0.985,101.325,0.71428573,840,338.0,14.800000000000011,above,10-20 K,0.06955239,0.8230682,0.10737946,0.002773169,0.012005973,0.98522085
no,Tetrabutylammonium,CCCC[N+](CCCC)(CCCC)CCCC,[N4444][Br],water,O,water,benzene,c1ccccc1,aromatic,0.095,0.712,0.193,0.001,0.012,0.987,101.325,0.85714287,840,338.0,14.800000000000011,above,10-20 K,0.0599411,0.8306796,0.10937931,0.002992713,0.012390794,0.9846165
no,Tetrabutylammonium,CCCC[N+](CCCC)(CCCC)CCCC,[N4444][Br],water,O,water,benzene,c1ccccc1,aromatic,0.113,0.577,0.31,0.001,0.012,0.987,101.325,1.0,840,338.0,14.800000000000011,above,10-20 K,0.05156528,0.83709604,0.11133865,0.0032525521,0.012811319,0.9839361
,1-ethyl-3-methylimidazolium tetrafluoroborate,CCn1cc[n+](C)c1.F[B-](F)(F)F,[C2MIm][BF4],water,O,water,tetrahydrofuran,C1CCOC1,ether,0.303,0.399,0.298,0.002,0.079,0.919,101.325,0.2857143,841,337.15,13.949999999999989,above,10-20 K,0.3061507,0.5533735,0.14047581,0.008767049,0.7040774,0.2871555
,1-ethyl-3-methylimidazolium tetrafluoroborate,CCn1cc[n+](C)c1.F[B-](F)(F)F,[C2MIm][BF4],water,O,water,tetrahydrofuran,C1CCOC1,ether,0.129,0.567,0.304,0.007,0.199,0.794,101.325,0.0,841,337.15,13.949999999999989,above,10-20 K,0.37716424,0.49684596,0.12598981,0.007727873,0.7038047,0.2884674
,1-ethyl-3-methylimidazolium tetrafluoroborate,CCn1cc[n+](C)c1.F[B-](F)(F)F,[C2MIm][BF4],water,O,water,tetrahydrofuran,C1CCOC1,ether,0.378,0.316,0.306,0.002,0.053,0.945,101.325,0.42857143,841,337.15,13.949999999999989,above,10-20 K,0.24497038,0.6005112,0.15451847,0.009994166,0.72922504,0.2607808
,1-ethyl-3-methylimidazolium tetrafluoroborate,CCn1cc[n+](C)c1.F[B-](F)(F)F,[C2MIm][BF4],water,O,water,tetrahydrofuran,C1CCOC1,ether,0.174,0.53,0.296,0.005,0.139,0.856,101.325,0.14285715,841,337.15,13.949999999999989,above,10-20 K,0.3226367,0.53858376,0.13877957,0.009356485,0.7134444,0.2771991
,1-ethyl-3-methylimidazolium tetrafluoroborate,CCn1cc[n+](C)c1.F[B-](F)(F)F,[C2MIm][BF4],water,O,water,tetrahydrofuran,C1CCOC1,ether,0.549,0.117,0.334,0.002,0.031,0.967,101.325,0.71428573,841,337.15,13.949999999999989,above,10-20 K,0.17987779,0.6516845,0.16843769,0.0122606065,0.7366196,0.25111976
,1-ethyl-3-methylimidazolium tetrafluoroborate,CCn1cc[n+](C)c1.F[B-](F)(F)F,[C2MIm][BF4],water,O,water,tetrahydrofuran,C1CCOC1,ether,0.492,0.18,0.328,0.002,0.042,0.956,101.325,0.5714286,841,337.15,13.949999999999989,above,10-20 K,0.20995109,0.6278877,0.16216114,0.011572449,0.73070306,0.2577245
,1-butyl-3-methylimidazolium tetrafluoroborate,CCCCn1cc[n+](C)c1.F[B-](F)(F)F,[C4MIm][BF4],water,O,water,tetrahydrofuran,C1CCOC1,ether,0.27,0.053,0.677,0.005,0.015,0.98,101.325,1.0,841,337.15,13.949999999999989,above,10-20 K,0.13403307,0.6416075,0.22435936,0.017215643,0.7827886,0.19999582
,1-butyl-3-methylimidazolium tetrafluoroborate,CCCCn1cc[n+](C)c1.F[B-](F)(F)F,[C4MIm][BF4],water,O,water,tetrahydrofuran,C1CCOC1,ether,0.192,0.126,0.682,0.01,0.046,0.944,101.325,0.85714287,841,337.15,13.949999999999989,above,10-20 K,0.15152553,0.64013577,0.20833866,0.008734771,0.78944707,0.2018181
,trihexyltetradecylphosphonium bis(trifluoromethylsulfonyl)imide,CCCCCCCCCCCCCC[P+](CCCCCC)(CCCCCC)CCCCCC.O=S(=O)([N-]S(=O)(=O)C(F)(F)F)C(F)(F)F,"[P6,6,6,14][NTf2]",n-dodecane,CCCCCCCCCCCC,alkane,water,O,water,0.823,0.0,0.177,0.0,0.0,1.0,101.325,0.0,852,348.15,24.94999999999999,above,>20 K,0.7656064,0.16664228,0.06775129,0.0006260605,0.019219836,0.98015416
,trihexyltetradecylphosphonium bis(trifluoromethylsulfonyl)imide,CCCCCCCCCCCCCC[P+](CCCCCC)(CCCCCC)CCCCCC.O=S(=O)([N-]S(=O)(=O)C(F)(F)F)C(F)(F)F,"[P6,6,6,14][NTf2]",n-dodecane,CCCCCCCCCCCC,alkane,water,O,water,0.774,0.063,0.163,0.0,0.0,1.0,101.325,0.11111111,852,348.15,24.94999999999999,above,>20 K,0.7426321,0.1833401,0.07402785,0.00064887654,0.019129084,0.98022205
,trihexyltetradecylphosphonium bis(trifluoromethylsulfonyl)imide,CCCCCCCCCCCCCC[P+](CCCCCC)(CCCCCC)CCCCCC.O=S(=O)([N-]S(=O)(=O)C(F)(F)F)C(F)(F)F,"[P6,6,6,14][NTf2]",n-dodecane,CCCCCCCCCCCC,alkane,water,O,water,0.72900003,0.12200001,0.14900002,0.0,0.0,1.0,101.325,0.22222222,852,348.15,24.94999999999999,above,>20 K,0.71830606,0.20104945,0.0806445,0.00067259045,0.019061973,0.9802654
,trihexyltetradecylphosphonium bis(trifluoromethylsulfonyl)imide,CCCCCCCCCCCCCC[P+](CCCCCC)(CCCCCC)CCCCCC.O=S(=O)([N-]S(=O)(=O)C(F)(F)F)C(F)(F)F,"[P6,6,6,14][NTf2]",n-dodecane,CCCCCCCCCCCC,alkane,water,O,water,0.679,0.201,0.12,0.0,0.0,1.0,101.325,0.33333334,852,348.15,24.94999999999999,above,>20 K,0.6925974,0.21980356,0.087599024,0.00069715804,0.018986825,0.980316
,trihexyltetradecylphosphonium bis(trifluoromethylsulfonyl)imide,CCCCCCCCCCCCCC[P+](CCCCCC)(CCCCCC)CCCCCC.O=S(=O)([N-]S(=O)(=O)C(F)(F)F)C(F)(F)F,"[P6,6,6,14][NTf2]",n-dodecane,CCCCCCCCCCCC,alkane,water,O,water,0.624,0.277,0.099,0.0,0.0,1.0,101.325,0.44444445,852,348.15,24.94999999999999,above,>20 K,0.6906121,0.21932618,0.090061754,0.00037643008,0.014756435,0.98486716
,trihexyltetradecylphosphonium bis(trifluoromethylsulfonyl)imide,CCCCCCCCCCCCCC[P+](CCCCCC)(CCCCCC)CCCCCC.O=S(=O)([N-]S(=O)(=O)C(F)(F)F)C(F)(F)F,"[P6,6,6,14][NTf2]",n-dodecane,CCCCCCCCCCCC,alkane,water,O,water,0.542,0.387,0.071,0.0,0.0,1.0,101.325,0.5555556,852,348.15,24.94999999999999,above,>20 K,0.66320056,0.2391406,0.09765885,0.00039012113,0.014688806,0.98492104
,trihexyltetradecylphosphonium bis(trifluoromethylsulfonyl)imide,CCCCCCCCCCCCCC[P+](CCCCCC)(CCCCCC)CCCCCC.O=S(=O)([N-]S(=O)(=O)C(F)(F)F)C(F)(F)F,"[P6,6,6,14][NTf2]",n-dodecane,CCCCCCCCCCCC,alkane,water,O,water,0.502,0.439,0.059,0.0,0.0,1.0,101.325,0.6666667,852,348.15,24.94999999999999,above,>20 K,0.6427557,0.25448692,0.102757365,0.00054658635,0.015889604,0.9835638
,trihexyltetradecylphosphonium bis(trifluoromethylsulfonyl)imide,CCCCCCCCCCCCCC[P+](CCCCCC)(CCCCCC)CCCCCC.O=S(=O)([N-]S(=O)(=O)C(F)(F)F)C(F)(F)F,"[P6,6,6,14][NTf2]",n-dodecane,CCCCCCCCCCCC,alkane,water,O,water,0.453,0.495,0.052,0.0,0.0,1.0,101.325,0.7777778,852,348.15,24.94999999999999,above,>20 K,0.62258196,0.2700276,0.10739046,0.0010791698,0.018133732,0.98078704
,trihexyltetradecylphosphonium bis(trifluoromethylsulfonyl)imide,CCCCCCCCCCCCCC[P+](CCCCCC)(CCCCCC)CCCCCC.O=S(=O)([N-]S(=O)(=O)C(F)(F)F)C(F)(F)F,"[P6,6,6,14][NTf2]",n-dodecane,CCCCCCCCCCCC,alkane,water,O,water,0.422,0.528,0.05,0.0,0.0,1.0,101.325,0.8888889,852,348.15,24.94999999999999,above,>20 K,0.59414107,0.2907797,0.1150792,0.0011184057,0.018099142,0.9807824
,trihexyltetradecylphosphonium bis(trifluoromethylsulfonyl)imide,CCCCCCCCCCCCCC[P+](CCCCCC)(CCCCCC)CCCCCC.O=S(=O)([N-]S(=O)(=O)C(F)(F)F)C(F)(F)F,"[P6,6,6,14][NTf2]",n-dodecane,CCCCCCCCCCCC,alkane,water,O,water,0.282,0.671,0.047,0.0,0.0,1.0,101.325,1.0,852,348.15,24.94999999999999,above,>20 K,0.5648262,0.31217542,0.12299834,0.0011598839,0.018085195,0.98075485
