Involved in the gama database,IL (Component 1) full name,smiles1,IL abbreviation,Component 2,smiles2,Family of component 2,Component 3,smiles3,Family of component 3,Ex1,Ex2,Ex3,Rx1,Rx2,Rx3,P,t,system_id,T,pred_Ex1,pred_Ex2,pred_Ex3,pred_Rx1,pred_Rx2,pred_Rx3
,1-ethyl-3-methylimidazolium bis(trifluoromethylsulfonyl)imide,CCn1cc[n+](C)c1.O=S(=O)([N-]S(=O)(=O)C(F)(F)F)C(F)(F)F,[C2MIm][NTf2],toluene,Cc1ccccc1,aromatic,n-heptane,CCCCCCC,alkane,0.977,0.0,0.023,0.0,0.0,1.0,101.325,0.0,3,298.15,0.821172,0.17005879,0.008769235,0.0041451342,0.33326295,0.6625919
,1-ethyl-3-methylimidazolium bis(trifluoromethylsulfonyl)imide,CCn1cc[n+](C)c1.O=S(=O)([N-]S(=O)(=O)C(F)(F)F)C(F)(F)F,[C2MIm][NTf2],toluene,Cc1ccccc1,aromatic,n-heptane,CCCCCCC,alkane,0.919,0.053,0.028,0.0,0.064,0.936,101.325,0.11111111,3,298.15,0.7969595,0.19319609,0.00984445,0.004497557,0.36320916,0.6322932
,1-ethyl-3-methylimidazolium bis(trifluoromethylsulfonyl)imide,CCn1cc[n+](C)c1.O=S(=O)([N-]S(=O)(=O)C(F)(F)F)C(F)(F)F,[C2MIm][NTf2],toluene,Cc1ccccc1,aromatic,n-heptane,CCCCCCC,alkane,0.809,0.166,0.025,0.0,0.207,0.793,101.325,0.22222222,3,298.15,0.770435,0.2185547,0.011010295,0.00485995,0.39422914,0.6009109
,1-ethyl-3-methylimidazolium bis(trifluoromethylsulfonyl)imide,CCn1cc[n+](C)c1.O=S(=O)([N-]S(=O)(=O)C(F)(F)F)C(F)(F)F,[C2MIm][NTf2],toluene,Cc1ccccc1,aromatic,n-heptane,CCCCCCC,alkane,0.769,0.204,0.027,0.0,0.256,0.744,101.325,0.33333334,3,298.15,0.7398814,0.24780723,0.012311374,0.005038956,0.4287012,0.5662599
,1-ethyl-3-methylimidazolium bis(trifluoromethylsulfonyl)imide,CCn1cc[n+](C)c1.O=S(=O)([N-]S(=O)(=O)C(F)(F)F)C(F)(F)F,[C2MIm][NTf2],toluene,Cc1ccccc1,aromatic,n-heptane,CCCCCCC,alkane,0.674,0.301,0.025,0.0,0.418,0.582,101.325,0.44444445,3,298.15,0.70766693,0.27865192,0.013681121,0.0052965707,0.4626738,0.5320296
,1-ethyl-3-methylimidazolium bis(trifluoromethylsulfonyl)imide,CCn1cc[n+](C)c1.O=S(=O)([N-]S(=O)(=O)C(F)(F)F)C(F)(F)F,[C2MIm][NTf2],toluene,Cc1ccccc1,aromatic,n-heptane,CCCCCCC,alkane,0.602,0.375,0.023,0.0,0.541,0.459,101.325,0.5555556,3,298.15,0.6742373,0.31067556,0.015087124,0.005642831,0.49542153,0.4989357
,1-ethyl-3-methylimidazolium bis(trifluoromethylsulfonyl)imide,CCn1cc[n+](C)c1.O=S(=O)([N-]S(=O)(=O)C(F)(F)F)C(F)(F)F,[C2MIm][NTf2],toluene,Cc1ccccc1,aromatic,n-heptane,CCCCCCC,alkane,0.542,0.435,0.023,0.0,0.655,0.345,101.325,0.6666667,3,298.15,0.6392496,0.34421465,0.016535686,0.0059611714,0.5282557,0.46578306
,1-ethyl-3-methylimidazolium bis(trifluoromethylsulfonyl)imide,CCn1cc[n+](C)c1.O=S(=O)([N-]S(=O)(=O)C(F)(F)F)C(F)(F)F,[C2MIm][NTf2],toluene,Cc1ccccc1,aromatic,n-heptane,CCCCCCC,alkane,0.438,0.545,0.017,0.0,0.831,0.169,101.325,0.7777778,3,298.15,0.6026138,0.3793576,0.01802863,0.006246405,0.5613279,0.4324257
,1-ethyl-3-methylimidazolium bis(trifluoromethylsulfonyl)imide,CCn1cc[n+](C)c1.O=S(=O)([N-]S(=O)(=O)C(F)(F)F)C(F)(F)F,[C2MIm][NTf2],toluene,Cc1ccccc1,aromatic,n-heptane,CCCCCCC,alkane,0.386,0.606,0.008,0.0,0.932,0.068,101.325,0.8888889,3,298.15,0.56493765,0.41551813,0.019544195,0.0065609915,0.592821,0.40061805
,1-ethyl-3-methylimidazolium bis(trifluoromethylsulfonyl)imide,CCn1cc[n+](C)c1.O=S(=O)([N-]S(=O)(=O)C(F)(F)F)C(F)(F)F,[C2MIm][NTf2],toluene,Cc1ccccc1,aromatic,n-heptane,CCCCCCC,alkane,0.346,0.654,0.0,0.0,1.0,0.0,101.325,1.0,3,298.15,0.5263494,0.45258322,0.021067299,0.00686193,0.62363577,0.3695023
,1-butyl-3-methylimidazolium bis(trifluoromethylsulfonyl)imide,CCCCn1cc[n+](C)c1.O=S(=O)([N-]S(=O)(=O)C(F)(F)F)C(F)(F)F,[C4MIm][NTf2],benzene,c1ccccc1,aromatic,n-hexane,CCCCCC,alkane,0.907,0.0,0.093,0.0,0.0,1.0,101.325,0.0,10,298.15,0.65079933,0.32465616,0.024544457,0.008402612,0.3158411,0.67575634
,1-butyl-3-methylimidazolium bis(trifluoromethylsulfonyl)imide,CCCCn1cc[n+](C)c1.O=S(=O)([N-]S(=O)(=O)C(F)(F)F)C(F)(F)F,[C4MIm][NTf2],benzene,c1ccccc1,aromatic,n-hexane,CCCCCC,alkane,0.833,0.068,0.099,0.0,0.038,0.962,101.325,0.11111111,10,298.15,0.616609,0.356647,0.026744056,0.009071433,0.34417683,0.64675176
,1-butyl-3-methylimidazolium bis(trifluoromethylsulfonyl)imide,CCCCn1cc[n+](C)c1.O=S(=O)([N-]S(=O)(=O)C(F)(F)F)C(F)(F)F,[C4MIm][NTf2],benzene,c1ccccc1,aromatic,n-hexane,CCCCCC,alkane,0.74,0.166,0.094,0.0,0.1,0.9,101.325,0.22222222,10,298.15,0.5812597,0.38974655,0.028993756,0.009753738,0.37359083,0.6166554
,1-butyl-3-methylimidazolium bis(trifluoromethylsulfonyl)imide,CCCCn1cc[n+](C)c1.O=S(=O)([N-]S(=O)(=O)C(F)(F)F)C(F)(F)F,[C4MIm][NTf2],benzene,c1ccccc1,aromatic,n-hexane,CCCCCC,alkane,0.681,0.232,0.087,0.0,0.154,0.846,101.325,0.33333334,10,298.15,0.577432,0.39242217,0.030145908,0.010379558,0.37178174,0.6178387
,1-butyl-3-methylimidazolium bis(trifluoromethylsulfonyl)imide,CCCCn1cc[n+](C)c1.O=S(=O)([N-]S(=O)(=O)C(F)(F)F)C(F)(F)F,[C4MIm][NTf2],benzene,c1ccccc1,aromatic,n-hexane,CCCCCC,alkane,0.595,0.319,0.086,0.0,0.223,0.777,101.325,0.44444445,10,298.15,0.5417318,0.42582038,0.03244783,0.01111118,0.4013929,0.5874959
,1-butyl-3-methylimidazolium bis(trifluoromethylsulfonyl)imide,CCCCn1cc[n+](C)c1.O=S(=O)([N-]S(=O)(=O)C(F)(F)F)C(F)(F)F,[C4MIm][NTf2],benzene,c1ccccc1,aromatic,n-hexane,CCCCCC,alkane,0.51600003,0.40100002,0.083000004,0.0,0.319,0.681,101.325,0.5555556,10,298.15,0.4825824,0.4820572,0.035360426,0.010981419,0.45618194,0.5328366
,1-butyl-3-methylimidazolium bis(trifluoromethylsulfonyl)imide,CCCCn1cc[n+](C)c1.O=S(=O)([N-]S(=O)(=O)C(F)(F)F)C(F)(F)F,[C4MIm][NTf2],benzene,c1ccccc1,aromatic,n-hexane,CCCCCC,alkane,0.446,0.486,0.068,0.0,0.444,0.556,101.325,0.6666667,10,298.15,0.43937284,0.5229558,0.03767137,0.010829182,0.49838156,0.49078926
,1-butyl-3-methylimidazolium bis(trifluoromethylsulfonyl)imide,CCCCn1cc[n+](C)c1.O=S(=O)([N-]S(=O)(=O)C(F)(F)F)C(F)(F)F,[C4MIm][NTf2],benzene,c1ccccc1,aromatic,n-hexane,CCCCCC,alkane,0.381,0.554,0.065,0.0,0.542,0.458,101.325,0.7777778,10,298.15,0.40353695,0.5566617,0.039801333,0.011398165,0.52979964,0.4588022
,1-butyl-3-methylimidazolium bis(trifluoromethylsulfonyl)imide,CCCCn1cc[n+](C)c1.O=S(=O)([N-]S(=O)(=O)C(F)(F)F)C(F)(F)F,[C4MIm][NTf2],benzene,c1ccccc1,aromatic,n-hexane,CCCCCC,alkane,0.32200003,0.61600006,0.062000003,0.0,0.647,0.353,101.325,0.8888889,10,298.15,0.36987525,0.5884933,0.041631483,0.011940582,0.55869555,0.42936385
,1-butyl-3-methylimidazolium bis(trifluoromethylsulfonyl)imide,CCCCn1cc[n+](C)c1.O=S(=O)([N-]S(=O)(=O)C(F)(F)F)C(F)(F)F,[C4MIm][NTf2],benzene,c1ccccc1,aromatic,n-hexane,CCCCCC,alkane,0.254,0.699,0.047,0.0,0.805,0.195,101.325,1.0,10,298.15,0.33954954,0.617263,0.043187432,0.01235635,0.5847421,0.40290153
,1-butyl-3-methylimidazolium bis(trifluoromethylsulfonyl)imide,CCCCn1cc[n+](C)c1.O=S(=O)([N-]S(=O)(=O)C(F)(F)F)C(F)(F)F,[C4MIm][NTf2],benzene,c1ccccc1,aromatic,n-octane,CCCCCCCC,alkane,0.957,0.0,0.043,0.0,0.0,1.0,101.325,0.0,12,298.15,0.6676366,0.31006286,0.022300623,0.006759536,0.3016826,0.6915579
,1-butyl-3-methylimidazolium bis(trifluoromethylsulfonyl)imide,CCCCn1cc[n+](C)c1.O=S(=O)([N-]S(=O)(=O)C(F)(F)F)C(F)(F)F,[C4MIm][NTf2],benzene,c1ccccc1,aromatic,n-octane,CCCCCCCC,alkane,0.887,0.073,0.04,0.0,0.045,0.955,101.325,0.11111111,12,298.15,0.633756,0.3418596,0.024384433,0.0073214173,0.3298235,0.66285515
,1-butyl-3-methylimidazolium bis(trifluoromethylsulfonyl)imide,CCCCn1cc[n+](C)c1.O=S(=O)([N-]S(=O)(=O)C(F)(F)F)C(F)(F)F,[C4MIm][NTf2],benzene,c1ccccc1,aromatic,n-octane,CCCCCCCC,alkane,0.754,0.208,0.038,0.0,0.136,0.864,101.325,0.22222222,12,298.15,0.6017424,0.37159953,0.0266581,0.0077741803,0.3601021,0.63212377
,1-butyl-3-methylimidazolium bis(trifluoromethylsulfonyl)imide,CCCCn1cc[n+](C)c1.O=S(=O)([N-]S(=O)(=O)C(F)(F)F)C(F)(F)F,[C4MIm][NTf2],benzene,c1ccccc1,aromatic,n-octane,CCCCCCCC,alkane,0.69400007,0.26700002,0.039000005,0.0,0.178,0.822,101.325,0.33333334,12,298.15,0.56882733,0.4022998,0.028872877,0.008171596,0.3908603,0.6009682
,1-butyl-3-methylimidazolium bis(trifluoromethylsulfonyl)imide,CCCCn1cc[n+](C)c1.O=S(=O)([N-]S(=O)(=O)C(F)(F)F)C(F)(F)F,[C4MIm][NTf2],benzene,c1ccccc1,aromatic,n-octane,CCCCCCCC,alkane,0.64800006,0.31300002,0.039000005,0.0,0.225,0.775,101.325,0.44444445,12,298.15,0.5317708,0.43712878,0.031100439,0.008742954,0.42207792,0.5691792
,1-butyl-3-methylimidazolium bis(trifluoromethylsulfonyl)imide,CCCCn1cc[n+](C)c1.O=S(=O)([N-]S(=O)(=O)C(F)(F)F)C(F)(F)F,[C4MIm][NTf2],benzene,c1ccccc1,aromatic,n-octane,CCCCCCCC,alkane,0.6,0.36,0.04,0.0,0.269,0.731,101.325,0.5555556,12,298.15,0.49439684,0.47228876,0.033314392,0.009311166,0.45389673,0.53679216
,1-butyl-3-methylimidazolium bis(trifluoromethylsulfonyl)imide,CCCCn1cc[n+](C)c1.O=S(=O)([N-]S(=O)(=O)C(F)(F)F)C(F)(F)F,[C4MIm][NTf2],benzene,c1ccccc1,aromatic,n-octane,CCCCCCCC,alkane,0.474,0.485,0.041,0.0,0.415,0.585,101.325,0.6666667,12,298.15,0.4588596,0.50542474,0.03571565,0.010639022,0.4816423,0.5077186
,1-butyl-3-methylimidazolium bis(trifluoromethylsulfonyl)imide,CCCCn1cc[n+](C)c1.O=S(=O)([N-]S(=O)(=O)C(F)(F)F)C(F)(F)F,[C4MIm][NTf2],benzene,c1ccccc1,aromatic,n-octane,CCCCCCCC,alkane,0.403,0.557,0.04,0.0,0.532,0.468,101.325,0.7777778,12,298.15,0.42352477,0.5385289,0.0379463,0.0116294,0.5111908,0.47717986
,1-butyl-3-methylimidazolium bis(trifluoromethylsulfonyl)imide,CCCCn1cc[n+](C)c1.O=S(=O)([N-]S(=O)(=O)C(F)(F)F)C(F)(F)F,[C4MIm][NTf2],benzene,c1ccccc1,aromatic,n-octane,CCCCCCCC,alkane,0.333,0.632,0.035,0.0,0.663,0.337,101.325,0.8888889,12,298.15,0.3881855,0.5718395,0.039975014,0.012217153,0.54246646,0.44531634
,1-butyl-3-methylimidazolium bis(trifluoromethylsulfonyl)imide,CCCCn1cc[n+](C)c1.O=S(=O)([N-]S(=O)(=O)C(F)(F)F)C(F)(F)F,[C4MIm][NTf2],benzene,c1ccccc1,aromatic,n-octane,CCCCCCCC,alkane,0.258,0.72,0.022,0.0,0.797,0.203,101.325,1.0,12,298.15,0.40204543,0.5592075,0.038747072,0.012202276,0.5166509,0.47114682
no,1-(2-hydroxyethyl)-3-methylimidazolium bis(trifluoromethylsulfonyl)imide,C[n+]1ccn(CCO)c1.O=S(=O)([N-]S(=O)(=O)C(F)(F)F)C(F)(F)F,[OH-C2MIm][NTf2],benzene,c1ccccc1,aromatic,n-heptane,CCCCCCC,alkane,0.8431,0.139,0.0179,0.0,0.0955,0.9045,101.325,0.0,28,313.2,0.8472981,0.1448602,0.007841676,0.0035186626,0.3060485,0.69043285
no,1-(2-hydroxyethyl)-3-methylimidazolium bis(trifluoromethylsulfonyl)imide,C[n+]1ccn(CCO)c1.O=S(=O)([N-]S(=O)(=O)C(F)(F)F)C(F)(F)F,[OH-C2MIm][NTf2],benzene,c1ccccc1,aromatic,n-heptane,CCCCCCC,alkane,0.7406,0.2437,0.0157,0.0,0.2101,0.7899,101.325,0.125,28,313.2,0.81804746,0.172898,0.009054511,0.0033204039,0.35388616,0.6427934
no,1-(2-hydroxyethyl)-3-methylimidazolium bis(trifluoromethylsulfonyl)imide,C[n+]1ccn(CCO)c1.O=S(=O)([N-]S(=O)(=O)C(F)(F)F)C(F)(F)F,[OH-C2MIm][NTf2],benzene,c1ccccc1,aromatic,n-heptane,CCCCCCC,alkane,0.7137,0.2762,0.0101,0.0,0.3571,0.6429,101.325,0.25,28,313.2,0.7881347,0.20152825,0.010337047,0.0033395116,0.3953826,0.6012778
no,1-(2-hydroxyethyl)-3-methylimidazolium bis(trifluoromethylsulfonyl)imide,C[n+]1ccn(CCO)c1.O=S(=O)([N-]S(=O)(=O)C(F)(F)F)C(F)(F)F,[OH-C2MIm][NTf2],benzene,c1ccccc1,aromatic,n-heptane,CCCCCCC,alkane,0.69130003,0.30120003,0.0075000003,0.0,0.4358,0.5642,101.325,0.375,28,313.2,0.75724834,0.23105393,0.011697727,0.0036224555,0.43024144,0.5661361
no,1-(2-hydroxyethyl)-3-methylimidazolium bis(trifluoromethylsulfonyl)imide,C[n+]1ccn(CCO)c1.O=S(=O)([N-]S(=O)(=O)C(F)(F)F)C(F)(F)F,[OH-C2MIm][NTf2],benzene,c1ccccc1,aromatic,n-heptane,CCCCCCC,alkane,0.5514,0.4422,0.0064,0.0,0.604,0.396,101.325,0.5,28,313.2,0.70377916,0.2820526,0.014168207,0.0046511427,0.485319,0.51002985
no,1-(2-hydroxyethyl)-3-methylimidazolium bis(trifluoromethylsulfonyl)imide,C[n+]1ccn(CCO)c1.O=S(=O)([N-]S(=O)(=O)C(F)(F)F)C(F)(F)F,[OH-C2MIm][NTf2],benzene,c1ccccc1,aromatic,n-heptane,CCCCCCC,alkane,0.5068,0.4873,0.0059,0.0,0.638,0.362,101.325,0.625,28,313.2,0.6569905,0.32674643,0.016263051,0.0053027566,0.5302929,0.46440428
no,1-(2-hydroxyethyl)-3-methylimidazolium bis(trifluoromethylsulfonyl)imide,C[n+]1ccn(CCO)c1.O=S(=O)([N-]S(=O)(=O)C(F)(F)F)C(F)(F)F,[OH-C2MIm][NTf2],benzene,c1ccccc1,aromatic,n-heptane,CCCCCCC,alkane,0.4318,0.563,0.0052,0.0,0.7495,0.2505,101.325,0.875,28,313.2,0.574946,0.4053431,0.019710932,0.0059477948,0.6000501,0.39400208
no,1-(2-hydroxyethyl)-3-methylimidazolium bis(trifluoromethylsulfonyl)imide,C[n+]1ccn(CCO)c1.O=S(=O)([N-]S(=O)(=O)C(F)(F)F)C(F)(F)F,[OH-C2MIm][NTf2],benzene,c1ccccc1,aromatic,n-heptane,CCCCCCC,alkane,0.4697,0.5239,0.0064,0.0,0.6998,0.3002,101.325,0.75,28,313.2,0.6167378,0.36528882,0.017973455,0.0056332787,0.5655893,0.42877743
no,1-(2-hydroxyethyl)-3-methylimidazolium bis(trifluoromethylsulfonyl)imide,C[n+]1ccn(CCO)c1.O=S(=O)([N-]S(=O)(=O)C(F)(F)F)C(F)(F)F,[OH-C2MIm][NTf2],benzene,c1ccccc1,aromatic,n-heptane,CCCCCCC,alkane,0.3353,0.6598,0.0049,0.0,0.8901,0.1099,101.325,1.0,28,313.2,0.5322184,0.4463189,0.021462655,0.0062497407,0.6333107,0.3604396
,1-dodecyl-3-methylimidazolium bis(trifluoromethylsulfonyl)imide,CCCCCCCCCCCCn1cc[n+](C)c1.O=S(=O)([N-]S(=O)(=O)C(F)(F)F)C(F)(F)F,[C12MIm][NTf2],benzene,c1ccccc1,aromatic,n-hexane,CCCCCC,alkane,0.364,0.168,0.468,0.0,0.092,0.908,101.325,0.0,41,298.15,0.49920025,0.4253824,0.07541732,0.015286116,0.28272837,0.7019854
,1-dodecyl-3-methylimidazolium bis(trifluoromethylsulfonyl)imide,CCCCCCCCCCCCn1cc[n+](C)c1.O=S(=O)([N-]S(=O)(=O)C(F)(F)F)C(F)(F)F,[C12MIm][NTf2],benzene,c1ccccc1,aromatic,n-hexane,CCCCCC,alkane,0.272,0.345,0.383,0.0,0.227,0.773,101.325,0.16666667,41,298.15,0.44843814,0.46909967,0.0824622,0.0169936,0.31770825,0.66529816
,1-dodecyl-3-methylimidazolium bis(trifluoromethylsulfonyl)imide,CCCCCCCCCCCCn1cc[n+](C)c1.O=S(=O)([N-]S(=O)(=O)C(F)(F)F)C(F)(F)F,[C12MIm][NTf2],benzene,c1ccccc1,aromatic,n-hexane,CCCCCC,alkane,0.231,0.416,0.353,0.0,0.303,0.697,101.325,0.33333334,41,298.15,0.3988884,0.5118893,0.089222275,0.0187461,0.35458353,0.62667036
,1-dodecyl-3-methylimidazolium bis(trifluoromethylsulfonyl)imide,CCCCCCCCCCCCn1cc[n+](C)c1.O=S(=O)([N-]S(=O)(=O)C(F)(F)F)C(F)(F)F,[C12MIm][NTf2],benzene,c1ccccc1,aromatic,n-hexane,CCCCCC,alkane,0.143,0.573,0.284,0.0,0.504,0.496,101.325,0.5,41,298.15,0.35226214,0.5525454,0.095192425,0.019816672,0.39188647,0.58829683
,1-dodecyl-3-methylimidazolium bis(trifluoromethylsulfonyl)imide,CCCCCCCCCCCCn1cc[n+](C)c1.O=S(=O)([N-]S(=O)(=O)C(F)(F)F)C(F)(F)F,[C12MIm][NTf2],benzene,c1ccccc1,aromatic,n-hexane,CCCCCC,alkane,0.114,0.641,0.245,0.0,0.615,0.385,101.325,0.6666667,41,298.15,0.30757847,0.59136033,0.101061225,0.021541238,0.43116614,0.5472926
,1-dodecyl-3-methylimidazolium bis(trifluoromethylsulfonyl)imide,CCCCCCCCCCCCn1cc[n+](C)c1.O=S(=O)([N-]S(=O)(=O)C(F)(F)F)C(F)(F)F,[C12MIm][NTf2],benzene,c1ccccc1,aromatic,n-hexane,CCCCCC,alkane,0.063,0.748,0.189,0.001,0.748,0.251,101.325,0.8333333,41,298.15,0.26621458,0.6274507,0.106334716,0.023238868,0.4710248,0.50573635
,1-dodecyl-3-methylimidazolium bis(trifluoromethylsulfonyl)imide,CCCCCCCCCCCCn1cc[n+](C)c1.O=S(=O)([N-]S(=O)(=O)C(F)(F)F)C(F)(F)F,[C12MIm][NTf2],benzene,c1ccccc1,aromatic,n-hexane,CCCCCC,alkane,0.04,0.809,0.151,0.003,0.82,0.177,101.325,1.0,41,298.15,0.25025967,0.63930833,0.11043199,0.025769755,0.47977632,0.49445394
no,N-allyl-N-methylmorpholinium bis(trifluoromethylsulfonyl)imide,C=CC[N+]1(C)CCOCC1.O=S(=O)([N-]S(=O)(=O)C(F)(F)F)C(F)(F)F,[AMMor][NTf2],benzene,c1ccccc1,aromatic,n-hexane,CCCCCC,alkane,0.942,0.0,0.058,0.0,0.0,1.0,101.325,0.0,54,298.2,0.7840015,0.20784526,0.00815315,0.0032128496,0.34199464,0.6547925
no,N-allyl-N-methylmorpholinium bis(trifluoromethylsulfonyl)imide,C=CC[N+]1(C)CCOCC1.O=S(=O)([N-]S(=O)(=O)C(F)(F)F)C(F)(F)F,[AMMor][NTf2],benzene,c1ccccc1,aromatic,n-hexane,CCCCCC,alkane,0.91700006,0.06700001,0.016000003,0.0,0.048,0.952,101.325,0.11111111,54,298.2,0.7565277,0.23438573,0.009086488,0.0034784845,0.3725694,0.6239521
no,N-allyl-N-methylmorpholinium bis(trifluoromethylsulfonyl)imide,C=CC[N+]1(C)CCOCC1.O=S(=O)([N-]S(=O)(=O)C(F)(F)F)C(F)(F)F,[AMMor][NTf2],benzene,c1ccccc1,aromatic,n-hexane,CCCCCC,alkane,0.797,0.185,0.018,0.0,0.13,0.87,101.325,0.22222222,54,298.2,0.71804065,0.27164423,0.010315098,0.0038456095,0.41865548,0.577499
no,N-allyl-N-methylmorpholinium bis(trifluoromethylsulfonyl)imide,C=CC[N+]1(C)CCOCC1.O=S(=O)([N-]S(=O)(=O)C(F)(F)F)C(F)(F)F,[AMMor][NTf2],benzene,c1ccccc1,aromatic,n-hexane,CCCCCC,alkane,0.727,0.253,0.02,0.0,0.21,0.79,101.325,0.33333334,54,298.2,0.6825367,0.30599603,0.011467211,0.00411028,0.45817828,0.53771144
no,N-allyl-N-methylmorpholinium bis(trifluoromethylsulfonyl)imide,C=CC[N+]1(C)CCOCC1.O=S(=O)([N-]S(=O)(=O)C(F)(F)F)C(F)(F)F,[AMMor][NTf2],benzene,c1ccccc1,aromatic,n-hexane,CCCCCC,alkane,0.66400003,0.31700003,0.019000001,0.0,0.303,0.697,101.325,0.44444445,54,298.2,0.6479722,0.33944649,0.012581356,0.004377041,0.49137682,0.5042462
no,N-allyl-N-methylmorpholinium bis(trifluoromethylsulfonyl)imide,C=CC[N+]1(C)CCOCC1.O=S(=O)([N-]S(=O)(=O)C(F)(F)F)C(F)(F)F,[AMMor][NTf2],benzene,c1ccccc1,aromatic,n-hexane,CCCCCC,alkane,0.62,0.363,0.017,0.0,0.39,0.61,101.325,0.5555556,54,298.2,0.61264604,0.37361735,0.013736548,0.004642253,0.52176905,0.4735887
no,N-allyl-N-methylmorpholinium bis(trifluoromethylsulfonyl)imide,C=CC[N+]1(C)CCOCC1.O=S(=O)([N-]S(=O)(=O)C(F)(F)F)C(F)(F)F,[AMMor][NTf2],benzene,c1ccccc1,aromatic,n-hexane,CCCCCC,alkane,0.553,0.435,0.012,0.0,0.515,0.485,101.325,0.6666667,54,298.2,0.57835686,0.40673974,0.014903392,0.0048803114,0.54841083,0.44670886
no,N-allyl-N-methylmorpholinium bis(trifluoromethylsulfonyl)imide,C=CC[N+]1(C)CCOCC1.O=S(=O)([N-]S(=O)(=O)C(F)(F)F)C(F)(F)F,[AMMor][NTf2],benzene,c1ccccc1,aromatic,n-hexane,CCCCCC,alkane,0.502,0.485,0.013,0.0,0.619,0.381,101.325,0.7777778,54,298.2,0.54021883,0.44368985,0.016091274,0.0051312763,0.58085316,0.41401556
no,N-allyl-N-methylmorpholinium bis(trifluoromethylsulfonyl)imide,C=CC[N+]1(C)CCOCC1.O=S(=O)([N-]S(=O)(=O)C(F)(F)F)C(F)(F)F,[AMMor][NTf2],benzene,c1ccccc1,aromatic,n-hexane,CCCCCC,alkane,0.446,0.544,0.01,0.0,0.723,0.277,101.325,0.8888889,54,298.2,0.49818113,0.4845397,0.017279193,0.0053325137,0.6186217,0.37604576
no,N-allyl-N-methylmorpholinium bis(trifluoromethylsulfonyl)imide,C=CC[N+]1(C)CCOCC1.O=S(=O)([N-]S(=O)(=O)C(F)(F)F)C(F)(F)F,[AMMor][NTf2],benzene,c1ccccc1,aromatic,n-hexane,CCCCCC,alkane,0.371,0.622,0.007,0.0,0.863,0.137,101.325,1.0,54,298.2,0.45424348,0.5273101,0.01844642,0.005400513,0.660341,0.33425844
no,ethyl(2-hydroxyethyl)dimethylammonium bis(trifluoromethylsulfonyl)imide,CC[N+](C)(C)CCO.O=S(=O)([N-]S(=O)(=O)C(F)(F)F)C(F)(F)F,[N112(C2OH)][NTf2],m-xylene,Cc1cccc(C)c1,aromatic,n-octane,CCCCCCCC,alkane,0.99,0.0,0.01,0.0,0.0,1.0,101.325,0.0,59,298.15,0.8831786,0.110229686,0.006591685,0.0031293873,0.35814616,0.63872445
no,ethyl(2-hydroxyethyl)dimethylammonium bis(trifluoromethylsulfonyl)imide,CC[N+](C)(C)CCO.O=S(=O)([N-]S(=O)(=O)C(F)(F)F)C(F)(F)F,[N112(C2OH)][NTf2],m-xylene,Cc1cccc(C)c1,aromatic,n-octane,CCCCCCCC,alkane,0.97,0.02,0.01,0.0,0.06,0.94,101.325,0.1,59,298.15,0.86784977,0.12475465,0.007395522,0.003373962,0.38303646,0.6135896
no,ethyl(2-hydroxyethyl)dimethylammonium bis(trifluoromethylsulfonyl)imide,CC[N+](C)(C)CCO.O=S(=O)([N-]S(=O)(=O)C(F)(F)F)C(F)(F)F,[N112(C2OH)][NTf2],m-xylene,Cc1cccc(C)c1,aromatic,n-octane,CCCCCCCC,alkane,0.96000004,0.030000001,0.010000001,0.0,0.1,0.9,101.325,0.2,59,298.15,0.8510017,0.14070347,0.008294819,0.0036353278,0.40746146,0.5889032
no,ethyl(2-hydroxyethyl)dimethylammonium bis(trifluoromethylsulfonyl)imide,CC[N+](C)(C)CCO.O=S(=O)([N-]S(=O)(=O)C(F)(F)F)C(F)(F)F,[N112(C2OH)][NTf2],m-xylene,Cc1cccc(C)c1,aromatic,n-octane,CCCCCCCC,alkane,0.93,0.06,0.01,0.0,0.19,0.81,101.325,0.3,59,298.15,0.8323796,0.15838917,0.009231244,0.003879969,0.43432418,0.56179583
no,ethyl(2-hydroxyethyl)dimethylammonium bis(trifluoromethylsulfonyl)imide,CC[N+](C)(C)CCO.O=S(=O)([N-]S(=O)(=O)C(F)(F)F)C(F)(F)F,[N112(C2OH)][NTf2],m-xylene,Cc1cccc(C)c1,aromatic,n-octane,CCCCCCCC,alkane,0.9,0.09,0.01,0.0,0.29,0.71,101.325,0.4,59,298.15,0.8136721,0.17642036,0.0099074505,0.0043957005,0.45445132,0.541153
no,ethyl(2-hydroxyethyl)dimethylammonium bis(trifluoromethylsulfonyl)imide,CC[N+](C)(C)CCO.O=S(=O)([N-]S(=O)(=O)C(F)(F)F)C(F)(F)F,[N112(C2OH)][NTf2],m-xylene,Cc1cccc(C)c1,aromatic,n-octane,CCCCCCCC,alkane,0.9,0.1,0.0,0.0,0.37,0.63,101.325,0.5,59,298.15,0.7917178,0.19731584,0.010966344,0.0046636355,0.48177278,0.51356363
no,ethyl(2-hydroxyethyl)dimethylammonium bis(trifluoromethylsulfonyl)imide,CC[N+](C)(C)CCO.O=S(=O)([N-]S(=O)(=O)C(F)(F)F)C(F)(F)F,[N112(C2OH)][NTf2],m-xylene,Cc1cccc(C)c1,aromatic,n-octane,CCCCCCCC,alkane,0.88,0.12,0.0,0.0,0.42,0.58,101.325,0.6,59,298.15,0.767943,0.21996002,0.012097009,0.004929296,0.5091066,0.48596412
no,ethyl(2-hydroxyethyl)dimethylammonium bis(trifluoromethylsulfonyl)imide,CC[N+](C)(C)CCO.O=S(=O)([N-]S(=O)(=O)C(F)(F)F)C(F)(F)F,[N112(C2OH)][NTf2],m-xylene,Cc1cccc(C)c1,aromatic,n-octane,CCCCCCCC,alkane,0.82,0.18,0.0,0.0,0.57,0.43,101.325,0.7,59,298.15,0.74071884,0.24598148,0.013299614,0.0045920108,0.5441765,0.45123145
no,ethyl(2-hydroxyethyl)dimethylammonium bis(trifluoromethylsulfonyl)imide,CC[N+](C)(C)CCO.O=S(=O)([N-]S(=O)(=O)C(F)(F)F)C(F)(F)F,[N112(C2OH)][NTf2],m-xylene,Cc1cccc(C)c1,aromatic,n-octane,CCCCCCCC,alkane,0.77,0.23,0.0,0.0,0.7,0.3,101.325,0.8,59,298.15,0.71317333,0.2722535,0.014573208,0.0048218193,0.5710494,0.4241288
no,ethyl(2-hydroxyethyl)dimethylammonium bis(trifluoromethylsulfonyl)imide,CC[N+](C)(C)CCO.O=S(=O)([N-]S(=O)(=O)C(F)(F)F)C(F)(F)F,[N112(C2OH)][NTf2],m-xylene,Cc1cccc(C)c1,aromatic,n-octane,CCCCCCCC,alkane,0.74,0.26,0.0,0.0,0.82,0.18,101.325,0.9,59,298.15,0.6838226,0.30026707,0.015910363,0.0050459495,0.59766895,0.39728513
no,ethyl(2-hydroxyethyl)dimethylammonium bis(trifluoromethylsulfonyl)imide,CC[N+](C)(C)CCO.O=S(=O)([N-]S(=O)(=O)C(F)(F)F)C(F)(F)F,[N112(C2OH)][NTf2],m-xylene,Cc1cccc(C)c1,aromatic,n-octane,CCCCCCCC,alkane,0.69,0.31,0.0,0.0,0.99,0.01,101.325,1.0,59,298.15,0.65400505,0.32869753,0.017297417,0.005527707,0.62039596,0.37407634
,1-hexyl-3-methylimidazolium tetrafluoroborate,CCCCCCn1cc[n+](C)c1.F[B-](F)(F)F,[C6MIm][BF4],benzene,c1ccccc1,aromatic,n-heptane,CCCCCCC,alkane,0.2798,0.7179,0.0023,0.003,0.9438,0.0532,101.325,0.0,77,298.2,0.73986316,0.23567615,0.024460675,0.0066599958,0.46163622,0.53170377
,1-hexyl-3-methylimidazolium tetrafluoroborate,CCCCCCn1cc[n+](C)c1.F[B-](F)(F)F,[C6MIm][BF4],benzene,c1ccccc1,aromatic,n-heptane,CCCCCCC,alkane,0.2894,0.7044,0.0062,0.0032,0.9333,0.0635,101.325,0.09090909,77,298.2,0.7167146,0.25683457,0.026450777,0.006989763,0.48388174,0.5091285
,1-hexyl-3-methylimidazolium tetrafluoroborate,CCCCCCn1cc[n+](C)c1.F[B-](F)(F)F,[C6MIm][BF4],benzene,c1ccccc1,aromatic,n-heptane,CCCCCCC,alkane,0.3155,0.6769,0.0076,0.0022,0.8881,0.1097,101.325,0.18181819,77,298.2,0.6924021,0.27907932,0.028518597,0.007289208,0.5064408,0.48626992
,1-hexyl-3-methylimidazolium tetrafluoroborate,CCCCCCn1cc[n+](C)c1.F[B-](F)(F)F,[C6MIm][BF4],benzene,c1ccccc1,aromatic,n-heptane,CCCCCCC,alkane,0.3844,0.5961,0.0195,0.0016,0.8067,0.1917,101.325,0.27272728,77,298.2,0.6668738,0.3024566,0.030669715,0.0076024174,0.52885985,0.46353775
,1-hexyl-3-methylimidazolium tetrafluoroborate,CCCCCCn1cc[n+](C)c1.F[B-](F)(F)F,[C6MIm][BF4],benzene,c1ccccc1,aromatic,n-heptane,CCCCCCC,alkane,0.4562,0.514,0.0298,0.002,0.7095,0.2885,101.325,0.36363637,77,298.2,0.64042276,0.32669437,0.032882914,0.007924287,0.5508798,0.44119588
,1-hexyl-3-methylimidazolium tetrafluoroborate,CCCCCCn1cc[n+](C)c1.F[B-](F)(F)F,[C6MIm][BF4],benzene,c1ccccc1,aromatic,n-heptane,CCCCCCC,alkane,0.4818,0.4852,0.033,0.0022,0.6495,0.3483,101.325,0.45454547,77,298.2,0.61350566,0.35143602,0.03505824,0.008207306,0.5720271,0.41976565
,1-hexyl-3-methylimidazolium tetrafluoroborate,CCCCCCn1cc[n+](C)c1.F[B-](F)(F)F,[C6MIm][BF4],benzene,c1ccccc1,aromatic,n-heptane,CCCCCCC,alkane,0.537,0.418,0.045,0.0032,0.46,0.5368,101.325,0.54545456,77,298.2,0.5857158,0.3769704,0.03731387,0.008503879,0.5931212,0.39837492
,1-hexyl-3-methylimidazolium tetrafluoroborate,CCCCCCn1cc[n+](C)c1.F[B-](F)(F)F,[C6MIm][BF4],benzene,c1ccccc1,aromatic,n-heptane,CCCCCCC,alkane,0.5738,0.38,0.0462,0.0022,0.4799,0.5179,101.325,0.6363636,77,298.2,0.55721164,0.4031675,0.039620895,0.008807705,0.61409014,0.37710214
,1-hexyl-3-methylimidazolium tetrafluoroborate,CCCCCCn1cc[n+](C)c1.F[B-](F)(F)F,[C6MIm][BF4],benzene,c1ccccc1,aromatic,n-heptane,CCCCCCC,alkane,0.6,0.348,0.052,0.0018,0.4199,0.5783,101.325,0.72727275,77,298.2,0.5283654,0.42969707,0.041937582,0.009105705,0.63454497,0.35634938
,1-hexyl-3-methylimidazolium tetrafluoroborate,CCCCCCn1cc[n+](C)c1.F[B-](F)(F)F,[C6MIm][BF4],benzene,c1ccccc1,aromatic,n-heptane,CCCCCCC,alkane,0.6792,0.26,0.0608,0.0016,0.3203,0.6781,101.325,0.8181818,77,298.2,0.4991889,0.45656562,0.04424551,0.00939369,0.65457124,0.33603504
,1-hexyl-3-methylimidazolium tetrafluoroborate,CCCCCCn1cc[n+](C)c1.F[B-](F)(F)F,[C6MIm][BF4],benzene,c1ccccc1,aromatic,n-heptane,CCCCCCC,alkane,0.7499,0.1783,0.0718,0.0011,0.2286,0.7703,101.325,0.90909094,77,298.2,0.47030634,0.48317122,0.04652249,0.009672242,0.67378277,0.316545
,1-hexyl-3-methylimidazolium tetrafluoroborate,CCCCCCn1cc[n+](C)c1.F[B-](F)(F)F,[C6MIm][BF4],benzene,c1ccccc1,aromatic,n-heptane,CCCCCCC,alkane,0.8108,0.1043,0.0849,0.0016,0.128,0.8704,101.325,1.0,77,298.2,0.44167694,0.5095832,0.048739895,0.009940229,0.69232965,0.2977301
,3-methyl-N-butylpyridinium tetrafluoroborate,CCCC[n+]1cccc(C)c1.F[B-](F)(F)F,[C4MPy][BF4],toluene,Cc1ccccc1,aromatic,n-heptane,CCCCCCC,alkane,0.944,0.045,0.011,0.0,0.067,0.933,101.325,0.0,80,313.2,0.9059846,0.087913446,0.006102031,0.0030386217,0.3071899,0.6897715
,3-methyl-N-butylpyridinium tetrafluoroborate,CCCC[n+]1cccc(C)c1.F[B-](F)(F)F,[C4MPy][BF4],toluene,Cc1ccccc1,aromatic,n-heptane,CCCCCCC,alkane,0.873,0.117,0.01,0.0,0.218,0.782,101.325,0.14285715,80,313.2,0.8879626,0.10487975,0.0071576843,0.003384827,0.34131113,0.6553041
,3-methyl-N-butylpyridinium tetrafluoroborate,CCCC[n+]1cccc(C)c1.F[B-](F)(F)F,[C4MPy][BF4],toluene,Cc1ccccc1,aromatic,n-heptane,CCCCCCC,alkane,0.826,0.166,0.008,0.0,0.336,0.664,101.325,0.2857143,80,313.2,0.8669582,0.1246721,0.008369624,0.0037497412,0.37716722,0.61908305
,3-methyl-N-butylpyridinium tetrafluoroborate,CCCC[n+]1cccc(C)c1.F[B-](F)(F)F,[C4MPy][BF4],toluene,Cc1ccccc1,aromatic,n-heptane,CCCCCCC,alkane,0.739,0.252,0.009,0.0,0.488,0.512,101.325,0.42857143,80,313.2,0.8427778,0.14748113,0.009741028,0.0041272086,0.41432574,0.581547
,3-methyl-N-butylpyridinium tetrafluoroborate,CCCC[n+]1cccc(C)c1.F[B-](F)(F)F,[C4MPy][BF4],toluene,Cc1ccccc1,aromatic,n-heptane,CCCCCCC,alkane,0.678,0.314,0.008,0.0,0.621,0.379,101.325,0.5714286,80,313.2,0.81644404,0.17229815,0.011257839,0.0043307473,0.45062554,0.54504377
,3-methyl-N-butylpyridinium tetrafluoroborate,CCCC[n+]1cccc(C)c1.F[B-](F)(F)F,[C4MPy][BF4],toluene,Cc1ccccc1,aromatic,n-heptane,CCCCCCC,alkane,0.633,0.36,0.007,0.0,0.724,0.276,101.325,0.71428573,80,313.2,0.78640777,0.20064291,0.012949311,0.004598349,0.48818883,0.5072128
,3-methyl-N-butylpyridinium tetrafluoroborate,CCCC[n+]1cccc(C)c1.F[B-](F)(F)F,[C4MPy][BF4],toluene,Cc1ccccc1,aromatic,n-heptane,CCCCCCC,alkane,0.56600004,0.42800003,0.0060000005,0.0,0.808,0.192,101.325,0.85714287,80,313.2,0.7515134,0.23363934,0.014847261,0.005008354,0.52695644,0.46803522
,3-methyl-N-butylpyridinium tetrafluoroborate,CCCC[n+]1cccc(C)c1.F[B-](F)(F)F,[C4MPy][BF4],toluene,Cc1ccccc1,aromatic,n-heptane,CCCCCCC,alkane,0.544,0.451,0.005,0.0,0.844,0.156,101.325,1.0,80,313.2,0.712855,0.27022982,0.016915254,0.0054621757,0.5654198,0.42911807
no,hexyl(2-hydroxyethyl)dimethylammonium,CCCCCC[N+](C)(C)CCO,[(C8H17OCH2)2Im][BF4],p-xylene,Cc1ccc(C)cc1,aromatic,n-hexane,CCCCCC,alkane,0.99,0.0,0.01,0.0,0.0,1.0,101.325,0.0,110,298.15,0.8137157,0.14482109,0.041463178,0.007870999,0.4909233,0.5012057
no,hexyl(2-hydroxyethyl)dimethylammonium,CCCCCC[N+](C)(C)CCO,[(C8H17OCH2)2Im][BF4],p-xylene,Cc1ccc(C)cc1,aromatic,n-hexane,CCCCCC,alkane,0.97,0.02,0.01,0.0,0.31,0.69,101.325,0.16666667,110,298.15,0.783062,0.16908205,0.047855888,0.008538524,0.5163441,0.47511744
no,hexyl(2-hydroxyethyl)dimethylammonium,CCCCCC[N+](C)(C)CCO,[(C8H17OCH2)2Im][BF4],p-xylene,Cc1ccc(C)cc1,aromatic,n-hexane,CCCCCC,alkane,0.94,0.05,0.01,0.0,0.45,0.55,101.325,0.33333334,110,298.15,0.7489438,0.19617768,0.05487859,0.00923558,0.5415356,0.44922882
no,hexyl(2-hydroxyethyl)dimethylammonium,CCCCCC[N+](C)(C)CCO,[(C8H17OCH2)2Im][BF4],p-xylene,Cc1ccc(C)cc1,aromatic,n-hexane,CCCCCC,alkane,0.87,0.12,0.01,0.0,0.56,0.44,101.325,0.5,110,298.15,0.7064624,0.22987074,0.063666895,0.010707339,0.56662786,0.4226648
no,hexyl(2-hydroxyethyl)dimethylammonium,CCCCCC[N+](C)(C)CCO,[(C8H17OCH2)2Im][BF4],p-xylene,Cc1ccc(C)cc1,aromatic,n-hexane,CCCCCC,alkane,0.7,0.29,0.01,0.0,0.63,0.37,101.325,0.6666667,110,298.15,0.6561573,0.26962727,0.07421536,0.013232733,0.5906737,0.3960936
no,hexyl(2-hydroxyethyl)dimethylammonium,CCCCCC[N+](C)(C)CCO,[(C8H17OCH2)2Im][BF4],p-xylene,Cc1ccc(C)cc1,aromatic,n-hexane,CCCCCC,alkane,0.45,0.51,0.04,0.0,0.71,0.29,101.325,0.8333333,110,298.15,0.61298275,0.30418384,0.08283343,0.014149299,0.6138329,0.37201783
no,hexyl(2-hydroxyethyl)dimethylammonium,CCCCCC[N+](C)(C)CCO,[(C8H17OCH2)2Im][BF4],p-xylene,Cc1ccc(C)cc1,aromatic,n-hexane,CCCCCC,alkane,0.36,0.6,0.04,0.0,0.76,0.24,101.325,1.0,110,298.15,0.5664488,0.3420929,0.09145833,0.014316741,0.64043474,0.34524855
,1-butyl-1-methylpyrrolidinium dicyanamide,CCCC[N+]1(C)CCCC1.N#CN=C=[N-],[C4MPyr][N(CN)2],benzene,c1ccccc1,aromatic,n-dodecane,CCCCCCCCCCCC,alkane,0.948,0.051,0.001,0.0,0.046,0.954,101.325,0.0,131,298.15,0.7846819,0.20283279,0.012485388,0.0032890982,0.30333173,0.69337916
,1-butyl-1-methylpyrrolidinium dicyanamide,CCCC[N+]1(C)CCCC1.N#CN=C=[N-],[C4MPyr][N(CN)2],benzene,c1ccccc1,aromatic,n-dodecane,CCCCCCCCCCCC,alkane,0.91,0.089,0.001,0.0,0.09,0.91,101.325,0.125,131,298.15,0.75453997,0.23138833,0.014071678,0.0036074314,0.33423042,0.6621622
,1-butyl-1-methylpyrrolidinium dicyanamide,CCCC[N+]1(C)CCCC1.N#CN=C=[N-],[C4MPyr][N(CN)2],benzene,c1ccccc1,aromatic,n-dodecane,CCCCCCCCCCCC,alkane,0.85,0.149,0.001,0.0,0.193,0.807,101.325,0.25,131,298.15,0.72170347,0.2625206,0.015775908,0.0039375476,0.36656657,0.62949586
,1-butyl-1-methylpyrrolidinium dicyanamide,CCCC[N+]1(C)CCCC1.N#CN=C=[N-],[C4MPyr][N(CN)2],benzene,c1ccccc1,aromatic,n-dodecane,CCCCCCCCCCCC,alkane,0.778,0.221,0.001,0.0,0.298,0.702,101.325,0.375,131,298.15,0.6903462,0.29234013,0.017313575,0.004161643,0.39668804,0.59915036
,1-butyl-1-methylpyrrolidinium dicyanamide,CCCC[N+]1(C)CCCC1.N#CN=C=[N-],[C4MPyr][N(CN)2],benzene,c1ccccc1,aromatic,n-dodecane,CCCCCCCCCCCC,alkane,0.662,0.337,0.001,0.0,0.41,0.59,101.325,0.5,131,298.15,0.6623194,0.3190741,0.01860646,0.0042342856,0.42369187,0.5720739
,1-butyl-1-methylpyrrolidinium dicyanamide,CCCC[N+]1(C)CCCC1.N#CN=C=[N-],[C4MPyr][N(CN)2],benzene,c1ccccc1,aromatic,n-dodecane,CCCCCCCCCCCC,alkane,0.582,0.416,0.002,0.0,0.573,0.427,101.325,0.625,131,298.15,0.6233437,0.35612512,0.02053117,0.0045581665,0.45848402,0.5369578
,1-butyl-1-methylpyrrolidinium dicyanamide,CCCC[N+]1(C)CCCC1.N#CN=C=[N-],[C4MPyr][N(CN)2],benzene,c1ccccc1,aromatic,n-dodecane,CCCCCCCCCCCC,alkane,0.474,0.524,0.002,0.0,0.678,0.322,101.325,0.75,131,298.15,0.5827742,0.39472258,0.022503287,0.004879132,0.4935544,0.5015664
,1-butyl-1-methylpyrrolidinium dicyanamide,CCCC[N+]1(C)CCCC1.N#CN=C=[N-],[C4MPyr][N(CN)2],benzene,c1ccccc1,aromatic,n-dodecane,CCCCCCCCCCCC,alkane,0.407,0.592,0.001,0.0,0.787,0.213,101.325,0.875,131,298.15,0.5428648,0.43277186,0.024363337,0.0054056575,0.5266932,0.46790114
,1-butyl-1-methylpyrrolidinium dicyanamide,CCCC[N+]1(C)CCCC1.N#CN=C=[N-],[C4MPyr][N(CN)2],benzene,c1ccccc1,aromatic,n-dodecane,CCCCCCCCCCCC,alkane,0.33900002,0.65900004,0.0020000003,0.0,0.927,0.073,101.325,1.0,131,298.15,0.5008754,0.4727826,0.026341986,0.005727314,0.56116337,0.43310934
,3-methyl-N-butylpyridinium trifluoromethanesulfonate,CCCC[n+]1cccc(C)c1.O=S(=O)([O-])C(F)(F)F,[C4MPy][B(CN)4],toluene,Cc1ccccc1,aromatic,n-heptane,CCCCCCC,alkane,0.9316,0.0,0.0684,0.0011,0.0,0.9989,101.325,0.0,158,303.2,0.8375469,0.1533328,0.009120267,0.003976341,0.32036212,0.6756615
,3-methyl-N-butylpyridinium trifluoromethanesulfonate,CCCC[n+]1cccc(C)c1.O=S(=O)([O-])C(F)(F)F,[C4MPy][B(CN)4],toluene,Cc1ccccc1,aromatic,n-heptane,CCCCCCC,alkane,0.7588,0.1943,0.0469,0.0007,0.1432,0.8561,101.325,0.07692308,158,303.2,0.8228749,0.16727541,0.009849693,0.004146163,0.3398412,0.65601265
,3-methyl-N-butylpyridinium trifluoromethanesulfonate,CCCC[n+]1cccc(C)c1.O=S(=O)([O-])C(F)(F)F,[C4MPy][B(CN)4],toluene,Cc1ccccc1,aromatic,n-heptane,CCCCCCC,alkane,0.7234,0.2245,0.0521,0.0011,0.1719,0.827,101.325,0.15384616,158,303.2,0.8070101,0.18234698,0.010642846,0.0043500727,0.35995483,0.6356951
,3-methyl-N-butylpyridinium trifluoromethanesulfonate,CCCC[n+]1cccc(C)c1.O=S(=O)([O-])C(F)(F)F,[C4MPy][B(CN)4],toluene,Cc1ccccc1,aromatic,n-heptane,CCCCCCC,alkane,0.6805,0.267,0.0525,0.00110011,0.20782079,0.7910791,101.325,0.23076923,158,303.2,0.78998786,0.19851683,0.011495373,0.00458727,0.38053995,0.6148728
,3-methyl-N-butylpyridinium trifluoromethanesulfonate,CCCC[n+]1cccc(C)c1.O=S(=O)([O-])C(F)(F)F,[C4MPy][B(CN)4],toluene,Cc1ccccc1,aromatic,n-heptane,CCCCCCC,alkane,0.6557,0.2929,0.0514,0.00110011,0.24352436,0.75537556,101.325,0.30769232,158,303.2,0.77239794,0.21525022,0.012351833,0.0047534634,0.4016152,0.5936313
,3-methyl-N-butylpyridinium trifluoromethanesulfonate,CCCC[n+]1cccc(C)c1.O=S(=O)([O-])C(F)(F)F,[C4MPy][B(CN)4],toluene,Cc1ccccc1,aromatic,n-heptane,CCCCCCC,alkane,0.609,0.3436,0.0474,0.0007,0.3235,0.6758,101.325,0.3846154,158,303.2,0.7534987,0.23323387,0.013267484,0.0049530305,0.42310327,0.5719437
,3-methyl-N-butylpyridinium trifluoromethanesulfonate,CCCC[n+]1cccc(C)c1.O=S(=O)([O-])C(F)(F)F,[C4MPy][B(CN)4],toluene,Cc1ccccc1,aromatic,n-heptane,CCCCCCC,alkane,0.5823,0.3733,0.0444,0.0011,0.3319,0.667,101.325,0.46153846,158,303.2,0.7332472,0.25249574,0.014257027,0.0051946146,0.4448162,0.5499892
,3-methyl-N-butylpyridinium trifluoromethanesulfonate,CCCC[n+]1cccc(C)c1.O=S(=O)([O-])C(F)(F)F,[C4MPy][B(CN)4],toluene,Cc1ccccc1,aromatic,n-heptane,CCCCCCC,alkane,0.55700004,0.39970002,0.043300003,0.0011,0.371,0.6279,101.325,0.53846157,158,303.2,0.71154577,0.2728369,0.015617325,0.005791708,0.46408847,0.53011984
,3-methyl-N-butylpyridinium trifluoromethanesulfonate,CCCC[n+]1cccc(C)c1.O=S(=O)([O-])C(F)(F)F,[C4MPy][B(CN)4],toluene,Cc1ccccc1,aromatic,n-heptane,CCCCCCC,alkane,0.5229523,0.4387439,0.038303833,0.0007,0.4512,0.5481,101.325,0.61538464,158,303.2,0.68961674,0.29370004,0.016683282,0.0060459087,0.48579657,0.50815755
,3-methyl-N-butylpyridinium trifluoromethanesulfonate,CCCC[n+]1cccc(C)c1.O=S(=O)([O-])C(F)(F)F,[C4MPy][B(CN)4],toluene,Cc1ccccc1,aromatic,n-heptane,CCCCCCC,alkane,0.4399,0.5231,0.037,0.00070007,0.5822582,0.41704172,101.325,0.6923077,158,303.2,0.66656893,0.31563675,0.017794302,0.0063005253,0.5077371,0.48596233
,3-methyl-N-butylpyridinium trifluoromethanesulfonate,CCCC[n+]1cccc(C)c1.O=S(=O)([O-])C(F)(F)F,[C4MPy][B(CN)4],toluene,Cc1ccccc1,aromatic,n-heptane,CCCCCCC,alkane,0.3966,0.5697,0.0337,0.0011,0.6417,0.3572,101.325,0.7692308,158,303.2,0.64195067,0.33912385,0.018925427,0.0065900856,0.53073126,0.46267858
,3-methyl-N-butylpyridinium trifluoromethanesulfonate,CCCC[n+]1cccc(C)c1.O=S(=O)([O-])C(F)(F)F,[C4MPy][B(CN)4],toluene,Cc1ccccc1,aromatic,n-heptane,CCCCCCC,alkane,0.37080002,0.59800005,0.031200001,0.0007,0.7095,0.2898,101.325,0.84615386,158,303.2,0.61737275,0.36254668,0.020080548,0.0068378667,0.5524229,0.44073918
,3-methyl-N-butylpyridinium trifluoromethanesulfonate,CCCC[n+]1cccc(C)c1.O=S(=O)([O-])C(F)(F)F,[C4MPy][B(CN)4],toluene,Cc1ccccc1,aromatic,n-heptane,CCCCCCC,alkane,0.3258,0.6519,0.0223,0.00109989,0.8049195,0.1939806,101.325,0.9230769,158,303.2,0.59243584,0.38632196,0.021242263,0.0070778155,0.5736621,0.4192601
,3-methyl-N-butylpyridinium trifluoromethanesulfonate,CCCC[n+]1cccc(C)c1.O=S(=O)([O-])C(F)(F)F,[C4MPy][B(CN)4],toluene,Cc1ccccc1,aromatic,n-heptane,CCCCCCC,alkane,0.27070004,0.71540004,0.013900001,0.0011,0.8835,0.1154,101.325,1.0,158,303.2,0.55348355,0.4234351,0.023081308,0.007923517,0.60373414,0.3883424
,1-butyl-3-methylimidazolium nitrate,CCCCn1cc[n+](C)c1.O=[N+]([O-])[O-],[C4MIm][NO3],toluene,Cc1ccccc1,aromatic,n-heptane,CCCCCCC,alkane,0.927,0.066,0.007,0.0,0.185,0.815,101.325,0.125,183,298.15,0.904703,0.089482404,0.0058146124,0.0031303489,0.39355072,0.6033189
,1-butyl-3-methylimidazolium nitrate,CCCCn1cc[n+](C)c1.O=[N+]([O-])[O-],[C4MIm][NO3],toluene,Cc1ccccc1,aromatic,n-heptane,CCCCCCC,alkane,0.888,0.105,0.007,0.0,0.388,0.612,101.325,0.375,183,298.15,0.8659431,0.12569182,0.008365072,0.005317561,0.44368178,0.5510007
,1-butyl-3-methylimidazolium nitrate,CCCCn1cc[n+](C)c1.O=[N+]([O-])[O-],[C4MIm][NO3],toluene,Cc1ccccc1,aromatic,n-heptane,CCCCCCC,alkane,0.86800003,0.12600002,0.0060000005,0.0,0.489,0.511,101.325,0.5,183,298.15,0.84409773,0.146265,0.009637288,0.005826799,0.47571093,0.5184623
,1-butyl-3-methylimidazolium nitrate,CCCCn1cc[n+](C)c1.O=[N+]([O-])[O-],[C4MIm][NO3],toluene,Cc1ccccc1,aromatic,n-heptane,CCCCCCC,alkane,0.841,0.153,0.006,0.0,0.594,0.406,101.325,0.75,183,298.15,0.7953944,0.19226275,0.012342812,0.0066647874,0.5394101,0.45392516
,1-butyl-3-methylimidazolium nitrate,CCCCn1cc[n+](C)c1.O=[N+]([O-])[O-],[C4MIm][NO3],toluene,Cc1ccccc1,aromatic,n-heptane,CCCCCCC,alkane,0.767,0.226,0.007,0.0,0.784,0.216,101.325,1.0,183,298.15,0.7363694,0.2481122,0.015518504,0.007482221,0.60141355,0.39110425
,1-butyl-3-methylimidazolium nitrate,CCCCn1cc[n+](C)c1.O=[N+]([O-])[O-],[C4MIm][NO3],toluene,Cc1ccccc1,aromatic,n-heptane,CCCCCCC,alkane,0.935,0.058,0.007,0.0,0.163,0.837,101.325,0.0,183,298.15,0.9132065,0.08114564,0.0056479494,0.004223531,0.35192627,0.64385015
,1-butyl-3-methylimidazolium nitrate,CCCCn1cc[n+](C)c1.O=[N+]([O-])[O-],[C4MIm][NO3],toluene,Cc1ccccc1,aromatic,n-heptane,CCCCCCC,alkane,0.9,0.092,0.008,0.0,0.336,0.664,101.325,0.25,183,298.15,0.882983,0.10959724,0.0074197263,0.0050061527,0.41252607,0.58246773
,1-butyl-3-methylimidazolium nitrate,CCCCn1cc[n+](C)c1.O=[N+]([O-])[O-],[C4MIm][NO3],toluene,Cc1ccccc1,aromatic,n-heptane,CCCCCCC,alkane,0.867,0.125,0.008,0.0,0.499,0.501,101.325,0.625,183,298.15,0.82516366,0.16419266,0.010643741,0.005988724,0.50627875,0.4877325
,1-butyl-3-methylimidazolium nitrate,CCCCn1cc[n+](C)c1.O=[N+]([O-])[O-],[C4MIm][NO3],toluene,Cc1ccccc1,aromatic,n-heptane,CCCCCCC,alkane,0.811,0.179,0.01,0.0,0.662,0.338,101.325,0.875,183,298.15,0.772072,0.21438749,0.013540455,0.006788928,0.56952447,0.42368662
,1-butyl-3-methylimidazolium nitrate,CCCCn1cc[n+](C)c1.O=[N+]([O-])[O-],[C4MIm][NO3],ethylbenzene,CCc1ccccc1,aromatic,n-hexane,CCCCCC,alkane,0.97,0.023,0.007,0.0,0.135,0.865,101.325,0.0,185,298.15,0.92834747,0.06446495,0.007187648,0.0045421664,0.40436366,0.5910942
,1-butyl-3-methylimidazolium nitrate,CCCCn1cc[n+](C)c1.O=[N+]([O-])[O-],[C4MIm][NO3],ethylbenzene,CCc1ccccc1,aromatic,n-hexane,CCCCCC,alkane,0.967,0.027,0.006,0.0,0.159,0.841,101.325,0.125,185,298.15,0.9193381,0.072846495,0.007815479,0.004062652,0.43355417,0.56238323
,1-butyl-3-methylimidazolium nitrate,CCCCn1cc[n+](C)c1.O=[N+]([O-])[O-],[C4MIm][NO3],ethylbenzene,CCc1ccccc1,aromatic,n-hexane,CCCCCC,alkane,0.95,0.042,0.008,0.0,0.28,0.72,101.325,0.25,185,298.15,0.91163886,0.080164164,0.008196948,0.0029690065,0.46873024,0.52830076
,1-butyl-3-methylimidazolium nitrate,CCCCn1cc[n+](C)c1.O=[N+]([O-])[O-],[C4MIm][NO3],ethylbenzene,CCc1ccccc1,aromatic,n-hexane,CCCCCC,alkane,0.941,0.051,0.008,0.0,0.336,0.664,101.325,0.375,185,298.15,0.8973501,0.09325106,0.009398777,0.0031935375,0.49624765,0.5005588
,1-butyl-3-methylimidazolium nitrate,CCCCn1cc[n+](C)c1.O=[N+]([O-])[O-],[C4MIm][NO3],ethylbenzene,CCc1ccccc1,aromatic,n-hexane,CCCCCC,alkane,0.93,0.061,0.009,0.0,0.435,0.565,101.325,0.5,185,298.15,0.8810252,0.10821914,0.010755677,0.0034253756,0.52381194,0.47276273
,1-butyl-3-methylimidazolium nitrate,CCCCn1cc[n+](C)c1.O=[N+]([O-])[O-],[C4MIm][NO3],ethylbenzene,CCc1ccccc1,aromatic,n-hexane,CCCCCC,alkane,0.912,0.079,0.009,0.0,0.527,0.473,101.325,0.625,185,298.15,0.86107975,0.12647156,0.0124486955,0.0038320904,0.55089664,0.44527128
,1-butyl-3-methylimidazolium nitrate,CCCCn1cc[n+](C)c1.O=[N+]([O-])[O-],[C4MIm][NO3],ethylbenzene,CCc1ccccc1,aromatic,n-hexane,CCCCCC,alkane,0.888,0.102,0.01,0.0,0.632,0.368,101.325,0.75,185,298.15,0.8380828,0.14744374,0.014473469,0.0044094715,0.57666296,0.4189275
,1-butyl-3-methylimidazolium nitrate,CCCCn1cc[n+](C)c1.O=[N+]([O-])[O-],[C4MIm][NO3],ethylbenzene,CCc1ccccc1,aromatic,n-hexane,CCCCCC,alkane,0.866,0.125,0.009,0.0,0.746,0.254,101.325,0.875,185,298.15,0.8145222,0.16911013,0.016367657,0.0046817446,0.60292184,0.39239642
,1-butyl-3-methylimidazolium nitrate,CCCCn1cc[n+](C)c1.O=[N+]([O-])[O-],[C4MIm][NO3],ethylbenzene,CCc1ccccc1,aromatic,n-hexane,CCCCCC,alkane,0.858,0.135,0.007,0.0,0.795,0.205,101.325,1.0,185,298.15,0.78842336,0.19313586,0.01844084,0.0049564885,0.6284967,0.3665468
,1-methyl-3-octyl-imidazolium nitrate,CCCCCCCC[n+]1ccn(C)c1.O=[N+]([O-])[O-],[C8MIm][NO3],p-xylene,Cc1ccc(C)cc1,aromatic,n-octane,CCCCCCCC,alkane,0.839,0.087,0.074,0.0,0.154,0.846,101.325,0.0,202,298.15,0.8536024,0.13139273,0.015004882,0.005951065,0.37473214,0.61931676
,1-methyl-3-octyl-imidazolium nitrate,CCCCCCCC[n+]1ccn(C)c1.O=[N+]([O-])[O-],[C8MIm][NO3],p-xylene,Cc1ccc(C)cc1,aromatic,n-octane,CCCCCCCC,alkane,0.832,0.099,0.069,0.0,0.177,0.823,101.325,0.11111111,202,298.15,0.83682823,0.14650424,0.016667565,0.006510638,0.3997175,0.5937719
,1-methyl-3-octyl-imidazolium nitrate,CCCCCCCC[n+]1ccn(C)c1.O=[N+]([O-])[O-],[C8MIm][NO3],p-xylene,Cc1ccc(C)cc1,aromatic,n-octane,CCCCCCCC,alkane,0.774,0.161,0.065,0.0,0.319,0.681,101.325,0.22222222,202,298.15,0.8164861,0.16494054,0.01857334,0.0069695124,0.4256307,0.5673998
,1-methyl-3-octyl-imidazolium nitrate,CCCCCCCC[n+]1ccn(C)c1.O=[N+]([O-])[O-],[C8MIm][NO3],p-xylene,Cc1ccc(C)cc1,aromatic,n-octane,CCCCCCCC,alkane,0.77,0.174,0.056,0.0,0.37,0.63,101.325,0.33333334,202,298.15,0.8057946,0.17456818,0.019637192,0.0070229513,0.4237636,0.5692134
,1-methyl-3-octyl-imidazolium nitrate,CCCCCCCC[n+]1ccn(C)c1.O=[N+]([O-])[O-],[C8MIm][NO3],p-xylene,Cc1ccc(C)cc1,aromatic,n-octane,CCCCCCCC,alkane,0.736,0.213,0.051,0.0,0.465,0.535,101.325,0.44444445,202,298.15,0.78257066,0.19565614,0.021773215,0.0074972822,0.44993693,0.5425658
,1-methyl-3-octyl-imidazolium nitrate,CCCCCCCC[n+]1ccn(C)c1.O=[N+]([O-])[O-],[C8MIm][NO3],p-xylene,Cc1ccc(C)cc1,aromatic,n-octane,CCCCCCCC,alkane,0.728,0.222,0.05,0.0,0.483,0.517,101.325,0.5555556,202,298.15,0.7574397,0.21850637,0.024053905,0.007976221,0.47633886,0.5156849
,1-methyl-3-octyl-imidazolium nitrate,CCCCCCCC[n+]1ccn(C)c1.O=[N+]([O-])[O-],[C8MIm][NO3],p-xylene,Cc1ccc(C)cc1,aromatic,n-octane,CCCCCCCC,alkane,0.693,0.259,0.048,0.0,0.565,0.435,101.325,0.6666667,202,298.15,0.7341194,0.2401729,0.025707714,0.007208587,0.5071449,0.4856465
,1-methyl-3-octyl-imidazolium nitrate,CCCCCCCC[n+]1ccn(C)c1.O=[N+]([O-])[O-],[C8MIm][NO3],p-xylene,Cc1ccc(C)cc1,aromatic,n-octane,CCCCCCCC,alkane,0.646,0.309,0.045,0.0,0.648,0.352,101.325,0.7777778,202,298.15,0.7073798,0.2648005,0.027819654,0.007024738,0.53570104,0.45727426
,1-methyl-3-octyl-imidazolium nitrate,CCCCCCCC[n+]1ccn(C)c1.O=[N+]([O-])[O-],[C8MIm][NO3],p-xylene,Cc1ccc(C)cc1,aromatic,n-octane,CCCCCCCC,alkane,0.59000003,0.37800002,0.032000005,0.0,0.77,0.23,101.325,0.8888889,202,298.15,0.6769714,0.2926059,0.030422747,0.0074011744,0.56189924,0.43069965
,1-methyl-3-octyl-imidazolium nitrate,CCCCCCCC[n+]1ccn(C)c1.O=[N+]([O-])[O-],[C8MIm][NO3],p-xylene,Cc1ccc(C)cc1,aromatic,n-octane,CCCCCCCC,alkane,0.555,0.415,0.03,0.0,0.816,0.184,101.325,1.0,202,298.15,0.6449344,0.32193306,0.033132493,0.0077750124,0.5877138,0.40451124
no,N-butylpyridinium nitrate,CCCC[n+]1ccccc1.O=[N+]([O-])[O-],[C4Py][NO3],p-xylene,Cc1ccc(C)cc1,aromatic,n-decane,CCCCCCCCCC,alkane,0.962,0.029,0.009,0.0,0.038,0.962,101.325,0.0,211,298.15,0.9436821,0.053222794,0.0030951423,0.0019632978,0.2939687,0.70406795
no,N-butylpyridinium nitrate,CCCC[n+]1ccccc1.O=[N+]([O-])[O-],[C4Py][NO3],p-xylene,Cc1ccc(C)cc1,aromatic,n-decane,CCCCCCCCCC,alkane,0.941,0.05,0.009,0.0,0.08,0.92,101.325,0.11111111,211,298.15,0.93492883,0.061543267,0.0035278613,0.002143752,0.3196259,0.6782303
no,N-butylpyridinium nitrate,CCCC[n+]1ccccc1.O=[N+]([O-])[O-],[C4Py][NO3],p-xylene,Cc1ccc(C)cc1,aromatic,n-decane,CCCCCCCCCC,alkane,0.907,0.086,0.007,0.0,0.166,0.834,101.325,0.22222222,211,298.15,0.92487746,0.07110281,0.004019732,0.0023336182,0.34656549,0.6511009
no,N-butylpyridinium nitrate,CCCC[n+]1ccccc1.O=[N+]([O-])[O-],[C4Py][NO3],p-xylene,Cc1ccc(C)cc1,aromatic,n-decane,CCCCCCCCCC,alkane,0.883,0.111,0.006,0.0,0.262,0.738,101.325,0.33333334,211,298.15,0.91410875,0.08139276,0.0044985185,0.002373145,0.37387854,0.6237483
no,N-butylpyridinium nitrate,CCCC[n+]1ccccc1.O=[N+]([O-])[O-],[C4Py][NO3],p-xylene,Cc1ccc(C)cc1,aromatic,n-decane,CCCCCCCCCC,alkane,0.855,0.139,0.006,0.0,0.356,0.644,101.325,0.44444445,211,298.15,0.9015814,0.09335012,0.0050685476,0.0024829996,0.40228796,0.595229
no,N-butylpyridinium nitrate,CCCC[n+]1ccccc1.O=[N+]([O-])[O-],[C4Py][NO3],p-xylene,Cc1ccc(C)cc1,aromatic,n-decane,CCCCCCCCCC,alkane,0.828,0.166,0.006,0.0,0.453,0.547,101.325,0.5555556,211,298.15,0.8869939,0.10726181,0.005744306,0.0026737922,0.43169743,0.56562877
no,N-butylpyridinium nitrate,CCCC[n+]1ccccc1.O=[N+]([O-])[O-],[C4Py][NO3],p-xylene,Cc1ccc(C)cc1,aromatic,n-decane,CCCCCCCCCC,alkane,0.794,0.2,0.006,0.0,0.554,0.446,101.325,0.6666667,211,298.15,0.86906344,0.12420773,0.0067288205,0.0031177148,0.45736217,0.5395201
no,N-butylpyridinium nitrate,CCCC[n+]1ccccc1.O=[N+]([O-])[O-],[C4Py][NO3],p-xylene,Cc1ccc(C)cc1,aromatic,n-decane,CCCCCCCCCC,alkane,0.759,0.236,0.005,0.0,0.655,0.345,101.325,0.7777778,211,298.15,0.85022706,0.1420721,0.0077008037,0.0034496672,0.48493746,0.51161283
no,N-butylpyridinium nitrate,CCCC[n+]1ccccc1.O=[N+]([O-])[O-],[C4Py][NO3],p-xylene,Cc1ccc(C)cc1,aromatic,n-decane,CCCCCCCCCC,alkane,0.713,0.282,0.005,0.0,0.76,0.24,101.325,0.8888889,211,298.15,0.8296764,0.16167946,0.008644201,0.0036715092,0.51484054,0.48148796
no,N-butylpyridinium nitrate,CCCC[n+]1ccccc1.O=[N+]([O-])[O-],[C4Py][NO3],p-xylene,Cc1ccc(C)cc1,aromatic,n-decane,CCCCCCCCCC,alkane,0.66400003,0.33200002,0.0040000007,0.0,0.874,0.126,101.325,1.0,211,298.15,0.80748296,0.18285374,0.009663274,0.0039673024,0.53810865,0.45792407
no,N-hexylpyridinium nitrate,CCCCCC[n+]1ccccc1.O=[N+]([O-])[O-],[C6Py][NO3],benzene,c1ccccc1,aromatic,n-heptane,CCCCCCC,alkane,0.932,0.04,0.028,0.0,0.034,0.966,101.325,0.0,213,308.15,0.9133091,0.07997857,0.006712377,0.002825766,0.2229345,0.7742397
no,N-hexylpyridinium nitrate,CCCCCC[n+]1ccccc1.O=[N+]([O-])[O-],[C6Py][NO3],benzene,c1ccccc1,aromatic,n-heptane,CCCCCCC,alkane,0.913,0.064,0.023,0.0,0.074,0.926,101.325,0.125,213,308.15,0.89916384,0.09312949,0.007706694,0.0031366018,0.24657202,0.7502914
no,N-hexylpyridinium nitrate,CCCCCC[n+]1ccccc1.O=[N+]([O-])[O-],[C6Py][NO3],benzene,c1ccccc1,aromatic,n-heptane,CCCCCCC,alkane,0.87700003,0.10400001,0.019000001,0.0,0.159,0.841,101.325,0.25,213,308.15,0.87961715,0.11134701,0.009035821,0.0035842755,0.27955204,0.71686363
no,N-hexylpyridinium nitrate,CCCCCC[n+]1ccccc1.O=[N+]([O-])[O-],[C6Py][NO3],benzene,c1ccccc1,aromatic,n-heptane,CCCCCCC,alkane,0.843,0.139,0.018,0.0,0.252,0.748,101.325,0.375,213,308.15,0.8547379,0.1345945,0.010667516,0.0040563215,0.32264134,0.67330235
no,N-hexylpyridinium nitrate,CCCCCC[n+]1ccccc1.O=[N+]([O-])[O-],[C6Py][NO3],benzene,c1ccccc1,aromatic,n-heptane,CCCCCCC,alkane,0.805,0.176,0.019,0.0,0.342,0.658,101.325,0.5,213,308.15,0.8327578,0.15510985,0.012132372,0.004439734,0.35218307,0.6433772
no,N-hexylpyridinium nitrate,CCCCCC[n+]1ccccc1.O=[N+]([O-])[O-],[C6Py][NO3],benzene,c1ccccc1,aromatic,n-heptane,CCCCCCC,alkane,0.775,0.208,0.017,0.0,0.44,0.56,101.325,0.625,213,308.15,0.8082751,0.17799014,0.013734741,0.004834929,0.3828109,0.6123542
no,N-hexylpyridinium nitrate,CCCCCC[n+]1ccccc1.O=[N+]([O-])[O-],[C6Py][NO3],benzene,c1ccccc1,aromatic,n-heptane,CCCCCCC,alkane,0.735,0.249,0.016,0.0,0.538,0.462,101.325,0.75,213,308.15,0.8035872,0.18301183,0.013400989,0.003721967,0.3973862,0.5988918
no,N-hexylpyridinium nitrate,CCCCCC[n+]1ccccc1.O=[N+]([O-])[O-],[C6Py][NO3],benzene,c1ccccc1,aromatic,n-heptane,CCCCCCC,alkane,0.685,0.301,0.014,0.0,0.637,0.363,101.325,0.875,213,308.15,0.7752441,0.20960687,0.015148951,0.0040317266,0.42988002,0.56608826
no,N-hexylpyridinium nitrate,CCCCCC[n+]1ccccc1.O=[N+]([O-])[O-],[C6Py][NO3],benzene,c1ccccc1,aromatic,n-heptane,CCCCCCC,alkane,0.641,0.346,0.013,0.0,0.748,0.252,101.325,1.0,213,308.15,0.74416214,0.23880698,0.017030835,0.0043439413,0.46286023,0.53279585
,1-butyl-3-methylimidazolium hexafluorophosphate,CCCCn1cc[n+](C)c1.F[P-](F)(F)(F)(F)F,[C4MIm][PF6],n-propylbenzene,CCCc1ccccc1,aromatic,n-tetradecane,CCCCCCCCCCCCCC,alkane,0.932,0.059,0.009,0.0,0.119,0.881,101.325,0.0,225,313.0,0.9250423,0.067962304,0.0069953883,0.0019395578,0.34964332,0.6484171
,1-butyl-3-methylimidazolium hexafluorophosphate,CCCCn1cc[n+](C)c1.F[P-](F)(F)(F)(F)F,[C4MIm][PF6],n-propylbenzene,CCCc1ccccc1,aromatic,n-tetradecane,CCCCCCCCCCCCCC,alkane,0.881,0.11,0.009,0.0,0.212,0.788,101.325,0.125,225,313.0,0.91231126,0.07954052,0.0081482595,0.0021459525,0.37629113,0.6215629
,1-butyl-3-methylimidazolium hexafluorophosphate,CCCCn1cc[n+](C)c1.F[P-](F)(F)(F)(F)F,[C4MIm][PF6],n-propylbenzene,CCCc1ccccc1,aromatic,n-tetradecane,CCCCCCCCCCCCCC,alkane,0.837,0.154,0.009,0.0,0.29,0.71,101.325,0.25,225,313.0,0.897758,0.0928204,0.00942155,0.0023447464,0.40417692,0.5934784
,1-butyl-3-methylimidazolium hexafluorophosphate,CCCCn1cc[n+](C)c1.F[P-](F)(F)(F)(F)F,[C4MIm][PF6],n-propylbenzene,CCCc1ccccc1,aromatic,n-tetradecane,CCCCCCCCCCCCCC,alkane,0.795,0.195,0.01,0.0,0.353,0.647,101.325,0.375,225,313.0,0.8809224,0.10824667,0.010830897,0.0025413134,0.43342632,0.5640323
,1-butyl-3-methylimidazolium hexafluorophosphate,CCCCn1cc[n+](C)c1.F[P-](F)(F)(F)(F)F,[C4MIm][PF6],n-propylbenzene,CCCc1ccccc1,aromatic,n-tetradecane,CCCCCCCCCCCCCC,alkane,0.762,0.228,0.01,0.0,0.408,0.592,101.325,0.5,225,313.0,0.86171937,0.12586376,0.012416925,0.0027444207,0.46315005,0.5341055
,1-butyl-3-methylimidazolium hexafluorophosphate,CCCCn1cc[n+](C)c1.F[P-](F)(F)(F)(F)F,[C4MIm][PF6],n-propylbenzene,CCCc1ccccc1,aromatic,n-tetradecane,CCCCCCCCCCCCCC,alkane,0.728,0.262,0.01,0.0,0.452,0.548,101.325,0.625,225,313.0,0.8400022,0.14581671,0.014181034,0.0029510176,0.49311912,0.5039298
,1-butyl-3-methylimidazolium hexafluorophosphate,CCCCn1cc[n+](C)c1.F[P-](F)(F)(F)(F)F,[C4MIm][PF6],n-propylbenzene,CCCc1ccccc1,aromatic,n-tetradecane,CCCCCCCCCCCCCC,alkane,0.695,0.295,0.01,0.0,0.49,0.51,101.325,0.75,225,313.0,0.8105526,0.17274597,0.016701456,0.0036219012,0.5198567,0.47652137
,1-butyl-3-methylimidazolium hexafluorophosphate,CCCCn1cc[n+](C)c1.F[P-](F)(F)(F)(F)F,[C4MIm][PF6],n-propylbenzene,CCCc1ccccc1,aromatic,n-tetradecane,CCCCCCCCCCCCCC,alkane,0.66300005,0.32600003,0.011000001,0.0,0.522,0.478,101.325,0.875,225,313.0,0.77169466,0.20800218,0.020303203,0.004870959,0.5510043,0.44412473
,1-butyl-3-methylimidazolium hexafluorophosphate,CCCCn1cc[n+](C)c1.F[P-](F)(F)(F)(F)F,[C4MIm][PF6],n-propylbenzene,CCCc1ccccc1,aromatic,n-tetradecane,CCCCCCCCCCCCCC,alkane,0.63000005,0.35900003,0.011000001,0.0,0.549,0.451,101.325,1.0,225,313.0,0.74111027,0.23613372,0.022755975,0.005176255,0.57938755,0.41543618
,1-hexyl-3-methylimidazolium hexafluorophosphate,CCCCCCn1cc[n+](C)c1.F[P-](F)(F)(F)(F)F,[C6MIm][PF6],benzene,c1ccccc1,aromatic,n-dodecane,CCCCCCCCCCCC,alkane,0.3308,0.6603,0.0089,0.0038000003,0.94280005,0.053400002,101.325,0.0,230,298.2,0.7091318,0.26126143,0.029606817,0.006094752,0.37934974,0.6145554
,1-hexyl-3-methylimidazolium hexafluorophosphate,CCCCCCn1cc[n+](C)c1.F[P-](F)(F)(F)(F)F,[C6MIm][PF6],benzene,c1ccccc1,aromatic,n-dodecane,CCCCCCCCCCCC,alkane,0.35970002,0.63060004,0.009700001,0.0032,0.8279,0.1689,101.325,0.16666667,230,298.2,0.65766674,0.30779228,0.03454102,0.0068903523,0.42450744,0.56860214
,1-hexyl-3-methylimidazolium hexafluorophosphate,CCCCCCn1cc[n+](C)c1.F[P-](F)(F)(F)(F)F,[C6MIm][PF6],benzene,c1ccccc1,aromatic,n-dodecane,CCCCCCCCCCCC,alkane,0.4309,0.559,0.0101,0.0028,0.7446,0.2526,101.325,0.33333334,230,298.2,0.6074909,0.35336483,0.039144255,0.007540958,0.46696937,0.5254897
,1-hexyl-3-methylimidazolium hexafluorophosphate,CCCCCCn1cc[n+](C)c1.F[P-](F)(F)(F)(F)F,[C6MIm][PF6],benzene,c1ccccc1,aromatic,n-dodecane,CCCCCCCCCCCC,alkane,0.492,0.4912,0.0168,0.0024,0.6562,0.3414,101.325,0.5,230,298.2,0.55498075,0.401135,0.043884214,0.008186915,0.5097691,0.48204404
,1-hexyl-3-methylimidazolium hexafluorophosphate,CCCCCCn1cc[n+](C)c1.F[P-](F)(F)(F)(F)F,[C6MIm][PF6],benzene,c1ccccc1,aromatic,n-dodecane,CCCCCCCCCCCC,alkane,0.6448,0.3274,0.0278,0.0021,0.4602,0.5377,101.325,0.6666667,230,298.2,0.5019221,0.4494933,0.0485846,0.008785262,0.5520192,0.4391956
,1-hexyl-3-methylimidazolium hexafluorophosphate,CCCCCCn1cc[n+](C)c1.F[P-](F)(F)(F)(F)F,[C6MIm][PF6],benzene,c1ccccc1,aromatic,n-dodecane,CCCCCCCCCCCC,alkane,0.8299,0.1275,0.0426,0.0018,0.2536,0.7446,101.325,0.8333333,230,298.2,0.4485207,0.49826178,0.053217445,0.009372166,0.5933916,0.39723623
,1-hexyl-3-methylimidazolium hexafluorophosphate,CCCCCCn1cc[n+](C)c1.F[P-](F)(F)(F)(F)F,[C6MIm][PF6],benzene,c1ccccc1,aromatic,n-dodecane,CCCCCCCCCCCC,alkane,0.8912,0.059,0.0498,0.001,0.1451,0.8539,101.325,1.0,230,298.2,0.3965304,0.54583436,0.057635225,0.0099354265,0.6328931,0.35717148
,1-ethyl-3-methylimidazolium methylsulfate,CCn1cc[n+](C)c1.COS(=O)(=O)[O-],[C2MIm][MeSO4],toluene,Cc1ccccc1,aromatic,n-heptane,CCCCCCC,alkane,0.97400004,0.024000002,0.0020000003,0.0,0.127,0.873,101.325,0.0,241,298.15,0.9667318,0.031582564,0.0016856892,0.001115505,0.32495907,0.67392546
,1-ethyl-3-methylimidazolium methylsulfate,CCn1cc[n+](C)c1.COS(=O)(=O)[O-],[C2MIm][MeSO4],toluene,Cc1ccccc1,aromatic,n-heptane,CCCCCCC,alkane,0.963,0.036,0.001,0.0,0.205,0.795,101.325,0.125,241,298.15,0.9604341,0.03759878,0.001967101,0.0012280281,0.35545355,0.6433184
,1-ethyl-3-methylimidazolium methylsulfate,CCn1cc[n+](C)c1.COS(=O)(=O)[O-],[C2MIm][MeSO4],toluene,Cc1ccccc1,aromatic,n-heptane,CCCCCCC,alkane,0.952,0.047,0.001,0.0,0.271,0.729,101.325,0.25,241,298.15,0.9529632,0.044738714,0.0022980168,0.0013478403,0.38667697,0.61197525
,1-ethyl-3-methylimidazolium methylsulfate,CCn1cc[n+](C)c1.COS(=O)(=O)[O-],[C2MIm][MeSO4],toluene,Cc1ccccc1,aromatic,n-heptane,CCCCCCC,alkane,0.938,0.061,0.001,0.0,0.344,0.656,101.325,0.375,241,298.15,0.9443564,0.052969992,0.0026736634,0.0014578511,0.41770998,0.5808322
,1-ethyl-3-methylimidazolium methylsulfate,CCn1cc[n+](C)c1.COS(=O)(=O)[O-],[C2MIm][MeSO4],toluene,Cc1ccccc1,aromatic,n-heptane,CCCCCCC,alkane,0.926,0.074,0.0,0.0,0.432,0.568,101.325,0.5,241,298.15,0.9346551,0.062253945,0.0030910047,0.0015485546,0.44795933,0.55049217
,1-ethyl-3-methylimidazolium methylsulfate,CCn1cc[n+](C)c1.COS(=O)(=O)[O-],[C2MIm][MeSO4],toluene,Cc1ccccc1,aromatic,n-heptane,CCCCCCC,alkane,0.915,0.085,0.0,0.0,0.531,0.469,101.325,0.625,241,298.15,0.9226649,0.07373847,0.0035966916,0.0016783356,0.48132533,0.5169963
,1-ethyl-3-methylimidazolium methylsulfate,CCn1cc[n+](C)c1.COS(=O)(=O)[O-],[C2MIm][MeSO4],toluene,Cc1ccccc1,aromatic,n-heptane,CCCCCCC,alkane,0.895,0.105,0.0,0.0,0.642,0.358,101.325,0.75,241,298.15,0.9079586,0.08782801,0.004213347,0.0018747897,0.51617783,0.48194736
,1-ethyl-3-methylimidazolium methylsulfate,CCn1cc[n+](C)c1.COS(=O)(=O)[O-],[C2MIm][MeSO4],toluene,Cc1ccccc1,aromatic,n-heptane,CCCCCCC,alkane,0.878,0.122,0.0,0.0,0.727,0.273,101.325,0.875,241,298.15,0.8917161,0.10340961,0.0048742676,0.0020107606,0.54945385,0.4485354
,1-ethyl-3-methylimidazolium methylsulfate,CCn1cc[n+](C)c1.COS(=O)(=O)[O-],[C2MIm][MeSO4],toluene,Cc1ccccc1,aromatic,n-heptane,CCCCCCC,alkane,0.874,0.126,0.0,0.0,0.814,0.186,101.325,1.0,241,298.15,0.8729557,0.12141882,0.00562556,0.002147415,0.58233005,0.41552255
,1-butyl-3-methylimidazolium methylsulfate,CCCCn1cc[n+](C)c1.COS(=O)(=O)[O-],[C4MIm][MeSO4],benzene,c1ccccc1,aromatic,n-nonane,CCCCCCCCC,alkane,0.963,0.034,0.003,0.0,0.051,0.949,101.325,0.0,251,298.15,0.9028801,0.091478005,0.005641945,0.0022085188,0.18451966,0.8132719
,1-butyl-3-methylimidazolium methylsulfate,CCCCn1cc[n+](C)c1.COS(=O)(=O)[O-],[C4MIm][MeSO4],benzene,c1ccccc1,aromatic,n-nonane,CCCCCCCCC,alkane,0.925,0.072,0.003,0.0,0.11,0.89,101.325,0.11111111,251,298.15,0.8896577,0.10402309,0.0063192514,0.0023755021,0.20255256,0.79507196
,1-butyl-3-methylimidazolium methylsulfate,CCCCn1cc[n+](C)c1.COS(=O)(=O)[O-],[C4MIm][MeSO4],benzene,c1ccccc1,aromatic,n-nonane,CCCCCCCCC,alkane,0.887,0.11,0.003,0.0,0.172,0.828,101.325,0.22222222,251,298.15,0.8733119,0.119523525,0.0071645617,0.002624419,0.22403555,0.77334005
,1-butyl-3-methylimidazolium methylsulfate,CCCCn1cc[n+](C)c1.COS(=O)(=O)[O-],[C4MIm][MeSO4],benzene,c1ccccc1,aromatic,n-nonane,CCCCCCCCC,alkane,0.855,0.142,0.003,0.0,0.222,0.778,101.325,0.33333334,251,298.15,0.8549253,0.13697144,0.008103314,0.002891304,0.2471593,0.74994934
,1-butyl-3-methylimidazolium methylsulfate,CCCCn1cc[n+](C)c1.COS(=O)(=O)[O-],[C4MIm][MeSO4],benzene,c1ccccc1,aromatic,n-nonane,CCCCCCCCC,alkane,0.825,0.172,0.003,0.0,0.277,0.723,101.325,0.44444445,251,298.15,0.83044636,0.160072,0.009481599,0.003483604,0.27717143,0.719345
,1-butyl-3-methylimidazolium methylsulfate,CCCCn1cc[n+](C)c1.COS(=O)(=O)[O-],[C4MIm][MeSO4],benzene,c1ccccc1,aromatic,n-nonane,CCCCCCCCC,alkane,0.795,0.202,0.003,0.0,0.327,0.673,101.325,0.5555556,251,298.15,0.80734646,0.18200545,0.010648185,0.0038086744,0.30353132,0.69266
,1-butyl-3-methylimidazolium methylsulfate,CCCCn1cc[n+](C)c1.COS(=O)(=O)[O-],[C4MIm][MeSO4],benzene,c1ccccc1,aromatic,n-nonane,CCCCCCCCC,alkane,0.73,0.267,0.003,0.0,0.448,0.552,101.325,0.6666667,251,298.15,0.781993,0.20610005,0.011907048,0.004146738,0.33120504,0.6646482
,1-butyl-3-methylimidazolium methylsulfate,CCCCn1cc[n+](C)c1.COS(=O)(=O)[O-],[C4MIm][MeSO4],benzene,c1ccccc1,aromatic,n-nonane,CCCCCCCCC,alkane,0.668,0.329,0.003,0.0,0.572,0.428,101.325,0.7777778,251,298.15,0.75429904,0.23243731,0.013263678,0.004497132,0.36006993,0.6354329
,1-butyl-3-methylimidazolium methylsulfate,CCCCn1cc[n+](C)c1.COS(=O)(=O)[O-],[C4MIm][MeSO4],benzene,c1ccccc1,aromatic,n-nonane,CCCCCCCCC,alkane,0.605,0.392,0.003,0.0,0.71,0.29,101.325,0.8888889,251,298.15,0.72698224,0.2584289,0.01458889,0.0049197827,0.38451183,0.6105684
,1-butyl-3-methylimidazolium methylsulfate,CCCCn1cc[n+](C)c1.COS(=O)(=O)[O-],[C4MIm][MeSO4],benzene,c1ccccc1,aromatic,n-nonane,CCCCCCCCC,alkane,0.547,0.451,0.002,0.0,0.837,0.163,101.325,1.0,251,298.15,0.6950664,0.28882363,0.01611002,0.0052964156,0.41502157,0.579682
,1-ethyl-3-methylimidazolium ethylsulfate,CCOS(=O)(=O)[O-].CCn1cc[n+](C)c1,[C2MIm][EtSO4],benzene,c1ccccc1,aromatic,n-octane,CCCCCCCC,alkane,0.964,0.033,0.003,0.0,0.066,0.934,101.325,0.0,273,298.15,0.9183768,0.077431604,0.0041915756,0.0018390948,0.18972515,0.8084358
,1-ethyl-3-methylimidazolium ethylsulfate,CCOS(=O)(=O)[O-].CCn1cc[n+](C)c1,[C2MIm][EtSO4],benzene,c1ccccc1,aromatic,n-octane,CCCCCCCC,alkane,0.937,0.06,0.003,0.0,0.116,0.884,101.325,0.125,273,298.15,0.9080098,0.087368764,0.0046214946,0.0018636733,0.206027,0.79210925
,1-ethyl-3-methylimidazolium ethylsulfate,CCOS(=O)(=O)[O-].CCn1cc[n+](C)c1,[C2MIm][EtSO4],benzene,c1ccccc1,aromatic,n-octane,CCCCCCCC,alkane,0.907,0.09,0.003,0.0,0.175,0.825,101.325,0.25,273,298.15,0.89197963,0.10267595,0.005344525,0.002085996,0.23072845,0.76718557
,1-ethyl-3-methylimidazolium ethylsulfate,CCOS(=O)(=O)[O-].CCn1cc[n+](C)c1,[C2MIm][EtSO4],benzene,c1ccccc1,aromatic,n-octane,CCCCCCCC,alkane,0.889,0.109,0.002,0.0,0.235,0.765,101.325,0.375,273,298.15,0.86807275,0.12545028,0.0064769704,0.002464206,0.2699249,0.7276108
,1-ethyl-3-methylimidazolium ethylsulfate,CCOS(=O)(=O)[O-].CCn1cc[n+](C)c1,[C2MIm][EtSO4],benzene,c1ccccc1,aromatic,n-octane,CCCCCCCC,alkane,0.824,0.173,0.003,0.0,0.345,0.655,101.325,0.5,273,298.15,0.84622884,0.14633127,0.007439836,0.0027313812,0.29961708,0.69765157
,1-ethyl-3-methylimidazolium ethylsulfate,CCOS(=O)(=O)[O-].CCn1cc[n+](C)c1,[C2MIm][EtSO4],benzene,c1ccccc1,aromatic,n-octane,CCCCCCCC,alkane,0.768,0.229,0.003,0.0,0.473,0.527,101.325,0.625,273,298.15,0.8215222,0.16996886,0.008508979,0.0030117733,0.33102843,0.6659598
,1-ethyl-3-methylimidazolium ethylsulfate,CCOS(=O)(=O)[O-].CCn1cc[n+](C)c1,[C2MIm][EtSO4],benzene,c1ccccc1,aromatic,n-octane,CCCCCCCC,alkane,0.72,0.277,0.003,0.0,0.591,0.409,101.325,0.75,273,298.15,0.79098344,0.19916749,0.00984906,0.003550847,0.3638438,0.6326053
,1-ethyl-3-methylimidazolium ethylsulfate,CCOS(=O)(=O)[O-].CCn1cc[n+](C)c1,[C2MIm][EtSO4],benzene,c1ccccc1,aromatic,n-octane,CCCCCCCC,alkane,0.667,0.331,0.002,0.0,0.725,0.275,101.325,0.875,273,298.15,0.760071,0.22877973,0.011149212,0.003876458,0.3980237,0.5980999
,1-ethyl-3-methylimidazolium ethylsulfate,CCOS(=O)(=O)[O-].CCn1cc[n+](C)c1,[C2MIm][EtSO4],benzene,c1ccccc1,aromatic,n-octane,CCCCCCCC,alkane,0.61200005,0.38700002,0.0010000002,0.0,0.861,0.139,101.325,1.0,273,298.15,0.72621447,0.2612381,0.012547453,0.004207838,0.43315786,0.5626343
,1-ethyl-3-methylimidazolium ethylsulfate,CCOS(=O)(=O)[O-].CCn1cc[n+](C)c1,[C2MIm][EtSO4],benzene,c1ccccc1,aromatic,n-nonane,CCCCCCCCC,alkane,0.97,0.028,0.002,0.0,0.052,0.948,101.325,0.0,274,298.15,0.9179948,0.07786226,0.004142915,0.0018447083,0.1900664,0.80808884
,1-ethyl-3-methylimidazolium ethylsulfate,CCOS(=O)(=O)[O-].CCn1cc[n+](C)c1,[C2MIm][EtSO4],benzene,c1ccccc1,aromatic,n-nonane,CCCCCCCCC,alkane,0.939,0.059,0.002,0.0,0.115,0.885,101.325,0.125,274,298.15,0.9035651,0.09163985,0.0047950833,0.0020661652,0.21373355,0.78420025
,1-ethyl-3-methylimidazolium ethylsulfate,CCOS(=O)(=O)[O-].CCn1cc[n+](C)c1,[C2MIm][EtSO4],benzene,c1ccccc1,aromatic,n-nonane,CCCCCCCCC,alkane,0.90900004,0.08900001,0.0020000003,0.0,0.175,0.825,101.325,0.25,274,298.15,0.88689065,0.10757504,0.00553434,0.0023017467,0.23984852,0.7578497
,1-ethyl-3-methylimidazolium ethylsulfate,CCOS(=O)(=O)[O-].CCn1cc[n+](C)c1,[C2MIm][EtSO4],benzene,c1ccccc1,aromatic,n-nonane,CCCCCCCCC,alkane,0.88,0.118,0.002,0.0,0.229,0.771,101.325,0.375,274,298.15,0.86770076,0.12592216,0.0063770316,0.002563798,0.26744914,0.729987
,1-ethyl-3-methylimidazolium ethylsulfate,CCOS(=O)(=O)[O-].CCn1cc[n+](C)c1,[C2MIm][EtSO4],benzene,c1ccccc1,aromatic,n-nonane,CCCCCCCCC,alkane,0.823,0.175,0.002,0.0,0.353,0.647,101.325,0.5,274,298.15,0.84668374,0.14602703,0.0072892183,0.0028339108,0.29362252,0.7035435
,1-ethyl-3-methylimidazolium ethylsulfate,CCOS(=O)(=O)[O-].CCn1cc[n+](C)c1,[C2MIm][EtSO4],benzene,c1ccccc1,aromatic,n-nonane,CCCCCCCCC,alkane,0.767,0.231,0.002,0.0,0.475,0.525,101.325,0.625,274,298.15,0.82462317,0.16713028,0.008246499,0.0030886568,0.31716207,0.6797493
,1-ethyl-3-methylimidazolium ethylsulfate,CCOS(=O)(=O)[O-].CCn1cc[n+](C)c1,[C2MIm][EtSO4],benzene,c1ccccc1,aromatic,n-nonane,CCCCCCCCC,alkane,0.72,0.278,0.002,0.0,0.597,0.403,101.325,0.75,274,298.15,0.7972817,0.19332394,0.009394328,0.0033975253,0.34958205,0.6470204
,1-ethyl-3-methylimidazolium ethylsulfate,CCOS(=O)(=O)[O-].CCn1cc[n+](C)c1,[C2MIm][EtSO4],benzene,c1ccccc1,aromatic,n-nonane,CCCCCCCCC,alkane,0.667,0.331,0.002,0.0,0.723,0.277,101.325,0.875,274,298.15,0.76681983,0.22253102,0.010649122,0.0037243038,0.38439822,0.61187744
,1-ethyl-3-methylimidazolium ethylsulfate,CCOS(=O)(=O)[O-].CCn1cc[n+](C)c1,[C2MIm][EtSO4],benzene,c1ccccc1,aromatic,n-nonane,CCCCCCCCC,alkane,0.614,0.385,0.001,0.0,0.853,0.147,101.325,1.0,274,298.15,0.73344404,0.25456005,0.011995889,0.0040624635,0.42123416,0.57470345
,1-ethyl-3-methylimidazolium ethylsulfate,CCOS(=O)(=O)[O-].CCn1cc[n+](C)c1,[C2MIm][EtSO4],toluene,Cc1ccccc1,aromatic,n-heptane,CCCCCCC,alkane,0.9967,0.0,0.0033,0.0,0.0,1.0,101.325,0.0,277,313.2,0.9639145,0.033988643,0.0020968248,0.0014003625,0.28970522,0.7088944
,1-ethyl-3-methylimidazolium ethylsulfate,CCOS(=O)(=O)[O-].CCn1cc[n+](C)c1,[C2MIm][EtSO4],toluene,Cc1ccccc1,aromatic,n-heptane,CCCCCCC,alkane,0.9866,0.0101,0.0033,0.0,0.043,0.957,101.325,0.09090909,277,313.2,0.9591405,0.03851482,0.002344694,0.0015080149,0.30993387,0.6885581
,1-ethyl-3-methylimidazolium ethylsulfate,CCOS(=O)(=O)[O-].CCn1cc[n+](C)c1,[C2MIm][EtSO4],toluene,Cc1ccccc1,aromatic,n-heptane,CCCCCCC,alkane,0.9746,0.0219,0.0035,0.0,0.085,0.915,101.325,0.18181819,277,313.2,0.9535556,0.043811403,0.002632963,0.0016320574,0.3333894,0.6649786
,1-ethyl-3-methylimidazolium ethylsulfate,CCOS(=O)(=O)[O-].CCn1cc[n+](C)c1,[C2MIm][EtSO4],toluene,Cc1ccccc1,aromatic,n-heptane,CCCCCCC,alkane,0.9515,0.0449,0.0036,0.0,0.1761,0.8239,101.325,0.27272728,277,313.2,0.9474571,0.04960139,0.002941572,0.0017494115,0.3552718,0.6429787
,1-ethyl-3-methylimidazolium ethylsulfate,CCOS(=O)(=O)[O-].CCn1cc[n+](C)c1,[C2MIm][EtSO4],toluene,Cc1ccccc1,aromatic,n-heptane,CCCCCCC,alkane,0.9343,0.0628,0.0029,0.0,0.2919,0.7081,101.325,0.36363637,277,313.2,0.940617,0.056098472,0.0032845396,0.0018715402,0.37774566,0.62038285
,1-ethyl-3-methylimidazolium ethylsulfate,CCOS(=O)(=O)[O-].CCn1cc[n+](C)c1,[C2MIm][EtSO4],toluene,Cc1ccccc1,aromatic,n-heptane,CCCCCCC,alkane,0.9149,0.0827,0.0024,0.0,0.4223,0.5777,101.325,0.45454547,277,313.2,0.93178254,0.06448206,0.0037354298,0.002034284,0.40542236,0.59254336
,1-ethyl-3-methylimidazolium ethylsulfate,CCOS(=O)(=O)[O-].CCn1cc[n+](C)c1,[C2MIm][EtSO4],toluene,Cc1ccccc1,aromatic,n-heptane,CCCCCCC,alkane,0.8832,0.1142,0.0026,0.0,0.5186,0.4814,101.325,0.54545456,277,313.2,0.9225159,0.07328755,0.0041965805,0.002179897,0.43122274,0.5665974
,1-ethyl-3-methylimidazolium ethylsulfate,CCOS(=O)(=O)[O-].CCn1cc[n+](C)c1,[C2MIm][EtSO4],toluene,Cc1ccccc1,aromatic,n-heptane,CCCCCCC,alkane,0.8689,0.1285,0.0026,0.0,0.5914,0.4086,101.325,0.6363636,277,313.2,0.9127275,0.08260167,0.004670885,0.002313116,0.45515868,0.5425282
,1-ethyl-3-methylimidazolium ethylsulfate,CCOS(=O)(=O)[O-].CCn1cc[n+](C)c1,[C2MIm][EtSO4],toluene,Cc1ccccc1,aromatic,n-heptane,CCCCCCC,alkane,0.8644,0.1333,0.0023,0.0,0.6788,0.3212,101.325,0.72727275,277,313.2,0.90372014,0.091178775,0.0051010665,0.0025208567,0.46555078,0.53192836
,1-ethyl-3-methylimidazolium ethylsulfate,CCOS(=O)(=O)[O-].CCn1cc[n+](C)c1,[C2MIm][EtSO4],toluene,Cc1ccccc1,aromatic,n-heptane,CCCCCCC,alkane,0.8288,0.1686,0.0026,0.0,0.7869,0.2131,101.325,0.8181818,277,313.2,0.89366233,0.10075259,0.0055851364,0.0026670909,0.48215985,0.515173
,1-ethyl-3-methylimidazolium ethylsulfate,CCOS(=O)(=O)[O-].CCn1cc[n+](C)c1,[C2MIm][EtSO4],toluene,Cc1ccccc1,aromatic,n-heptane,CCCCCCC,alkane,0.8073,0.1908,0.0019,0.0,0.8479,0.1521,101.325,0.90909094,277,313.2,0.8806867,0.11312113,0.0061921813,0.0028155243,0.5063379,0.49084663
,1-ethyl-3-methylimidazolium ethylsulfate,CCOS(=O)(=O)[O-].CCn1cc[n+](C)c1,[C2MIm][EtSO4],toluene,Cc1ccccc1,aromatic,n-heptane,CCCCCCC,alkane,0.773,0.227,0.0,0.0,1.0,0.0,101.325,1.0,277,313.2,0.8625689,0.13042924,0.007001823,0.0028610579,0.54758817,0.44955078
,1-ethyl-3-methylimidazolium ethylsulfate,CCOS(=O)(=O)[O-].CCn1cc[n+](C)c1,[C2MIm][EtSO4],toluene,Cc1ccccc1,aromatic,n-heptane,CCCCCCC,alkane,0.9949,0.0,0.0051,0.0066,0.0,0.9934,101.325,0.0,278,313.2,0.9629564,0.03488908,0.0021545494,0.0014089108,0.30016077,0.6984303
,1-ethyl-3-methylimidazolium ethylsulfate,CCOS(=O)(=O)[O-].CCn1cc[n+](C)c1,[C2MIm][EtSO4],toluene,Cc1ccccc1,aromatic,n-heptane,CCCCCCC,alkane,0.982,0.014,0.004,0.009,0.059,0.932,101.325,0.05,278,313.2,0.96055096,0.037176233,0.002272731,0.0014513648,0.3108937,0.687655
,1-ethyl-3-methylimidazolium ethylsulfate,CCOS(=O)(=O)[O-].CCn1cc[n+](C)c1,[C2MIm][EtSO4],toluene,Cc1ccccc1,aromatic,n-heptane,CCCCCCC,alkane,0.9721,0.024,0.0039,0.016,0.107,0.877,101.325,0.1,278,313.2,0.9582481,0.039376214,0.0023756525,0.0014767859,0.32109398,0.67742926
,1-ethyl-3-methylimidazolium ethylsulfate,CCOS(=O)(=O)[O-].CCn1cc[n+](C)c1,[C2MIm][EtSO4],toluene,Cc1ccccc1,aromatic,n-heptane,CCCCCCC,alkane,0.9602,0.036,0.0038,0.022,0.159,0.819,101.325,0.15,278,313.2,0.95530003,0.042173747,0.0025261634,0.0015360516,0.3328351,0.6656289
,1-ethyl-3-methylimidazolium ethylsulfate,CCOS(=O)(=O)[O-].CCn1cc[n+](C)c1,[C2MIm][EtSO4],toluene,Cc1ccccc1,aromatic,n-heptane,CCCCCCC,alkane,0.9493,0.047,0.0037,0.011,0.212,0.777,101.325,0.2,278,313.2,0.9519231,0.045374777,0.0027020904,0.0016088075,0.34553966,0.6528515
,1-ethyl-3-methylimidazolium ethylsulfate,CCOS(=O)(=O)[O-].CCn1cc[n+](C)c1,[C2MIm][EtSO4],toluene,Cc1ccccc1,aromatic,n-heptane,CCCCCCC,alkane,0.9414,0.055,0.0036,0.013,0.26,0.727,101.325,0.25,278,313.2,0.94809437,0.049000207,0.002905478,0.0016961291,0.35923594,0.6390679
,1-ethyl-3-methylimidazolium ethylsulfate,CCOS(=O)(=O)[O-].CCn1cc[n+](C)c1,[C2MIm][EtSO4],toluene,Cc1ccccc1,aromatic,n-heptane,CCCCCCC,alkane,0.9269,0.0695,0.0036,0.0218,0.3131,0.6651,101.325,0.3,278,313.2,0.94446373,0.052447468,0.0030887886,0.0017608978,0.37159905,0.62664
,1-ethyl-3-methylimidazolium ethylsulfate,CCOS(=O)(=O)[O-].CCn1cc[n+](C)c1,[C2MIm][EtSO4],toluene,Cc1ccccc1,aromatic,n-heptane,CCCCCCC,alkane,0.91080004,0.085300006,0.0039000001,0.032,0.3634,0.6046,101.325,0.35,278,313.2,0.94058233,0.056135323,0.0032823724,0.0018264229,0.384231,0.61394256
,1-ethyl-3-methylimidazolium ethylsulfate,CCOS(=O)(=O)[O-].CCn1cc[n+](C)c1,[C2MIm][EtSO4],toluene,Cc1ccccc1,aromatic,n-heptane,CCCCCCC,alkane,0.89330006,0.102900006,0.0038000003,0.0218,0.4139,0.5643,101.325,0.4,278,313.2,0.9365086,0.060012385,0.0034790915,0.0018914277,0.3973591,0.6007495
,1-ethyl-3-methylimidazolium ethylsulfate,CCOS(=O)(=O)[O-].CCn1cc[n+](C)c1,[C2MIm][EtSO4],toluene,Cc1ccccc1,aromatic,n-heptane,CCCCCCC,alkane,0.9005,0.0964,0.0031,0.0185,0.4705,0.511,101.325,0.45,278,313.2,0.93211967,0.064184695,0.0036956016,0.0019593085,0.4102175,0.58782315
,1-ethyl-3-methylimidazolium ethylsulfate,CCOS(=O)(=O)[O-].CCn1cc[n+](C)c1,[C2MIm][EtSO4],toluene,Cc1ccccc1,aromatic,n-heptane,CCCCCCC,alkane,0.8885,0.1079,0.0036,0.0138,0.5174,0.4688,101.325,0.5,278,313.2,0.92743254,0.06864268,0.003924684,0.0020282422,0.42327926,0.5746925
,1-ethyl-3-methylimidazolium ethylsulfate,CCOS(=O)(=O)[O-].CCn1cc[n+](C)c1,[C2MIm][EtSO4],toluene,Cc1ccccc1,aromatic,n-heptane,CCCCCCC,alkane,0.8797,0.1165,0.0038,0.0168,0.5542,0.429,101.325,0.55,278,313.2,0.9225925,0.073249646,0.0041579045,0.00208817,0.43649027,0.5614216
,1-ethyl-3-methylimidazolium ethylsulfate,CCOS(=O)(=O)[O-].CCn1cc[n+](C)c1,[C2MIm][EtSO4],toluene,Cc1ccccc1,aromatic,n-heptane,CCCCCCC,alkane,0.8732,0.1238,0.003,0.0065,0.6446,0.3489,101.325,0.6,278,313.2,0.9172746,0.07830996,0.004415425,0.0021594022,0.449784,0.5480566
,1-ethyl-3-methylimidazolium ethylsulfate,CCOS(=O)(=O)[O-].CCn1cc[n+](C)c1,[C2MIm][EtSO4],toluene,Cc1ccccc1,aromatic,n-heptane,CCCCCCC,alkane,0.8542,0.1429,0.0029,0.0271,0.6664,0.3065,101.325,0.65,278,313.2,0.9117029,0.083615534,0.0046816757,0.0022291054,0.46304518,0.53472567
,1-ethyl-3-methylimidazolium ethylsulfate,CCOS(=O)(=O)[O-].CCn1cc[n+](C)c1,[C2MIm][EtSO4],toluene,Cc1ccccc1,aromatic,n-heptane,CCCCCCC,alkane,0.8483,0.1492,0.0025,0.0011,0.7396,0.2593,101.325,0.7,278,313.2,0.9066279,0.08846502,0.004907046,0.002269436,0.47237608,0.5253545
,1-ethyl-3-methylimidazolium ethylsulfate,CCOS(=O)(=O)[O-].CCn1cc[n+](C)c1,[C2MIm][EtSO4],toluene,Cc1ccccc1,aromatic,n-heptane,CCCCCCC,alkane,0.8331,0.1645,0.0024,0.007,0.7646,0.2284,101.325,0.75,278,313.2,0.90042627,0.094373986,0.005199683,0.0023401724,0.48565704,0.5120028
,1-ethyl-3-methylimidazolium ethylsulfate,CCOS(=O)(=O)[O-].CCn1cc[n+](C)c1,[C2MIm][EtSO4],toluene,Cc1ccccc1,aromatic,n-heptane,CCCCCCC,alkane,0.8286,0.1692,0.0022,0.0052,0.8179,0.1769,101.325,0.8,278,313.2,0.8938299,0.10066309,0.005506983,0.002411376,0.49897873,0.4986099
,1-ethyl-3-methylimidazolium ethylsulfate,CCOS(=O)(=O)[O-].CCn1cc[n+](C)c1,[C2MIm][EtSO4],toluene,Cc1ccccc1,aromatic,n-heptane,CCCCCCC,alkane,0.8133,0.1849,0.0018,0.0034,0.8646,0.132,101.325,0.85,278,313.2,0.8867897,0.10737572,0.0058346745,0.0024833225,0.51242673,0.48508993
,1-ethyl-3-methylimidazolium ethylsulfate,CCOS(=O)(=O)[O-].CCn1cc[n+](C)c1,[C2MIm][EtSO4],toluene,Cc1ccccc1,aromatic,n-heptane,CCCCCCC,alkane,0.8263,0.1724,0.0013,0.0,0.905945,0.09405501,101.325,0.9,278,313.2,0.87942755,0.11439883,0.0061735404,0.0025550616,0.5257246,0.47172028
,1-ethyl-3-methylimidazolium ethylsulfate,CCOS(=O)(=O)[O-].CCn1cc[n+](C)c1,[C2MIm][EtSO4],toluene,Cc1ccccc1,aromatic,n-heptane,CCCCCCC,alkane,0.7958,0.2034,0.0008,0.0,0.94927543,0.05072464,101.325,0.95,278,313.2,0.87156105,0.121904746,0.0065341555,0.0026278906,0.53909296,0.4582791
,1-ethyl-3-methylimidazolium ethylsulfate,CCOS(=O)(=O)[O-].CCn1cc[n+](C)c1,[C2MIm][EtSO4],toluene,Cc1ccccc1,aromatic,n-heptane,CCCCCCC,alkane,0.821,0.179,0.0,0.0325,0.9675,0.0,101.325,1.0,278,313.2,0.86337,0.1297232,0.006906768,0.002699382,0.55226845,0.44503218
,3-methyl-N-ethylpyridinium ethylsulfate,CCOS(=O)(=O)[O-].CC[n+]1cccc(C)c1,[C2MPy][EtSO4],ethylbenzene,CCc1ccccc1,aromatic,n-hexane,CCCCCC,alkane,0.982,0.01,0.008,0.0,0.082,0.918,101.325,0.0,301,298.15,0.9465217,0.048866082,0.0046122544,0.00223302,0.36044094,0.63732606
,3-methyl-N-ethylpyridinium ethylsulfate,CCOS(=O)(=O)[O-].CC[n+]1cccc(C)c1,[C2MPy][EtSO4],ethylbenzene,CCc1ccccc1,aromatic,n-hexane,CCCCCC,alkane,0.976,0.017,0.007,0.0,0.137,0.863,101.325,0.16666667,301,298.15,0.93405783,0.060359947,0.0055822073,0.0025056181,0.3961423,0.6013521
,3-methyl-N-ethylpyridinium ethylsulfate,CCOS(=O)(=O)[O-].CC[n+]1cccc(C)c1,[C2MPy][EtSO4],ethylbenzene,CCc1ccccc1,aromatic,n-hexane,CCCCCC,alkane,0.964,0.029,0.007,0.0,0.197,0.803,101.325,0.33333334,301,298.15,0.91891545,0.07434592,0.0067386483,0.002795336,0.43301055,0.5641941
,3-methyl-N-ethylpyridinium ethylsulfate,CCOS(=O)(=O)[O-].CC[n+]1cccc(C)c1,[C2MPy][EtSO4],ethylbenzene,CCc1ccccc1,aromatic,n-hexane,CCCCCC,alkane,0.95100003,0.043000005,0.0060000005,0.0,0.262,0.738,101.325,0.5,301,298.15,0.9006271,0.091262944,0.008109992,0.003100909,0.47065422,0.5262449
,3-methyl-N-ethylpyridinium ethylsulfate,CCOS(=O)(=O)[O-].CC[n+]1cccc(C)c1,[C2MPy][EtSO4],ethylbenzene,CCc1ccccc1,aromatic,n-hexane,CCCCCC,alkane,0.937,0.058,0.005,0.0,0.336,0.664,101.325,0.6666667,301,298.15,0.88044614,0.109920576,0.009633318,0.0035172827,0.49666274,0.49981993
,3-methyl-N-ethylpyridinium ethylsulfate,CCOS(=O)(=O)[O-].CC[n+]1cccc(C)c1,[C2MPy][EtSO4],ethylbenzene,CCc1ccccc1,aromatic,n-hexane,CCCCCC,alkane,0.899,0.098,0.003,0.0,0.542,0.458,101.325,0.8333333,301,298.15,0.8548987,0.13362002,0.011481276,0.0038588103,0.5344542,0.4616869
,3-methyl-N-ethylpyridinium ethylsulfate,CCOS(=O)(=O)[O-].CC[n+]1cccc(C)c1,[C2MPy][EtSO4],ethylbenzene,CCc1ccccc1,aromatic,n-hexane,CCCCCC,alkane,0.882,0.116,0.002,0.0,0.657,0.343,101.325,1.0,301,298.15,0.824583,0.16181101,0.013606046,0.004169817,0.5754483,0.42038193
,3-methyl-N-ethylpyridinium ethylsulfate,CCOS(=O)(=O)[O-].CC[n+]1cccc(C)c1,[C2MPy][EtSO4],o-xylene,Cc1ccccc1C,aromatic,n-hexane,CCCCCC,alkane,0.972,0.017,0.011,0.0,0.068,0.932,101.325,0.0,302,298.15,0.9438252,0.052898224,0.0032766035,0.0020419327,0.32502547,0.6729326
,3-methyl-N-ethylpyridinium ethylsulfate,CCOS(=O)(=O)[O-].CC[n+]1cccc(C)c1,[C2MPy][EtSO4],o-xylene,Cc1ccccc1C,aromatic,n-hexane,CCCCCC,alkane,0.961,0.029,0.01,0.001,0.131,0.868,101.325,0.14285715,302,298.15,0.9324171,0.063708715,0.0038740973,0.0022733742,0.35853907,0.6391876
,3-methyl-N-ethylpyridinium ethylsulfate,CCOS(=O)(=O)[O-].CC[n+]1cccc(C)c1,[C2MPy][EtSO4],o-xylene,Cc1ccccc1C,aromatic,n-hexane,CCCCCC,alkane,0.931,0.06,0.009,0.0,0.258,0.742,101.325,0.2857143,302,298.15,0.91889316,0.076538324,0.0045685493,0.002517431,0.3935189,0.60396373
,3-methyl-N-ethylpyridinium ethylsulfate,CCOS(=O)(=O)[O-].CC[n+]1cccc(C)c1,[C2MPy][EtSO4],o-xylene,Cc1ccccc1C,aromatic,n-hexane,CCCCCC,alkane,0.903,0.089,0.008,0.0,0.389,0.611,101.325,0.42857143,302,298.15,0.9029148,0.09170987,0.0053752963,0.0027720823,0.4296679,0.56756
,3-methyl-N-ethylpyridinium ethylsulfate,CCOS(=O)(=O)[O-].CC[n+]1cccc(C)c1,[C2MPy][EtSO4],o-xylene,Cc1ccccc1C,aromatic,n-hexane,CCCCCC,alkane,0.878,0.115,0.007,0.0,0.519,0.481,101.325,0.5714286,302,298.15,0.87943125,0.11395423,0.0066145468,0.0034056162,0.46933264,0.5272617
,3-methyl-N-ethylpyridinium ethylsulfate,CCOS(=O)(=O)[O-].CC[n+]1cccc(C)c1,[C2MPy][EtSO4],o-xylene,Cc1ccccc1C,aromatic,n-hexane,CCCCCC,alkane,0.854,0.141,0.005,0.0,0.655,0.345,101.325,0.71428573,302,298.15,0.8544861,0.13762158,0.00789234,0.0039144363,0.50760525,0.48848036
,3-methyl-N-ethylpyridinium ethylsulfate,CCOS(=O)(=O)[O-].CC[n+]1cccc(C)c1,[C2MPy][EtSO4],o-xylene,Cc1ccccc1C,aromatic,n-hexane,CCCCCC,alkane,0.823,0.173,0.004,0.0,0.78,0.22,101.325,0.85714287,302,298.15,0.82865846,0.16219746,0.009144144,0.0042268215,0.5442539,0.4515193
,3-methyl-N-ethylpyridinium ethylsulfate,CCOS(=O)(=O)[O-].CC[n+]1cccc(C)c1,[C2MPy][EtSO4],o-xylene,Cc1ccccc1C,aromatic,n-hexane,CCCCCC,alkane,0.805,0.193,0.002,0.0,0.906,0.094,101.325,1.0,302,298.15,0.8014433,0.18819281,0.010363908,0.004186532,0.5838419,0.41197154
,3-methyl-N-ethylpyridinium ethylsulfate,CCOS(=O)(=O)[O-].CC[n+]1cccc(C)c1,[C2MPy][EtSO4],p-xylene,Cc1ccc(C)cc1,aromatic,n-hexane,CCCCCC,alkane,0.969,0.022,0.009,0.0,0.131,0.869,101.325,0.0,304,298.15,0.941585,0.054991324,0.003423695,0.0021588784,0.33229497,0.66554606
,3-methyl-N-ethylpyridinium ethylsulfate,CCOS(=O)(=O)[O-].CC[n+]1cccc(C)c1,[C2MPy][EtSO4],p-xylene,Cc1ccc(C)cc1,aromatic,n-hexane,CCCCCC,alkane,0.942,0.049,0.009,0.0,0.261,0.739,101.325,0.16666667,304,298.15,0.9276259,0.06821704,0.0041571264,0.0024416617,0.37201706,0.62554127
,3-methyl-N-ethylpyridinium ethylsulfate,CCOS(=O)(=O)[O-].CC[n+]1cccc(C)c1,[C2MPy][EtSO4],p-xylene,Cc1ccc(C)cc1,aromatic,n-hexane,CCCCCC,alkane,0.919,0.073,0.008,0.0,0.398,0.602,101.325,0.33333334,304,298.15,0.9106364,0.084333226,0.0050303163,0.002740249,0.41354457,0.5837152
,3-methyl-N-ethylpyridinium ethylsulfate,CCOS(=O)(=O)[O-].CC[n+]1cccc(C)c1,[C2MPy][EtSO4],p-xylene,Cc1ccc(C)cc1,aromatic,n-hexane,CCCCCC,alkane,0.9,0.093,0.007,0.0,0.505,0.495,101.325,0.5,304,298.15,0.89094365,0.10303811,0.006018236,0.003028142,0.45483118,0.5421407
,3-methyl-N-ethylpyridinium ethylsulfate,CCOS(=O)(=O)[O-].CC[n+]1cccc(C)c1,[C2MPy][EtSO4],p-xylene,Cc1ccc(C)cc1,aromatic,n-hexane,CCCCCC,alkane,0.879,0.115,0.006,0.0,0.65,0.35,101.325,0.6666667,304,298.15,0.86710143,0.12570699,0.0071916436,0.003332621,0.4974164,0.499251
,3-methyl-N-ethylpyridinium ethylsulfate,CCOS(=O)(=O)[O-].CC[n+]1cccc(C)c1,[C2MPy][EtSO4],p-xylene,Cc1ccc(C)cc1,aromatic,n-hexane,CCCCCC,alkane,0.855,0.14,0.005,0.0,0.784,0.216,101.325,0.8333333,304,298.15,0.83833367,0.15308559,0.008580766,0.0036542658,0.5407971,0.45554864
,3-methyl-N-ethylpyridinium ethylsulfate,CCOS(=O)(=O)[O-].CC[n+]1cccc(C)c1,[C2MPy][EtSO4],p-xylene,Cc1ccc(C)cc1,aromatic,n-hexane,CCCCCC,alkane,0.833,0.165,0.002,0.0,0.92,0.08,101.325,1.0,304,298.15,0.80550224,0.18437865,0.010119123,0.0039543924,0.5823783,0.4136672
,1-butyl-3-methylimidazolium methylsulfate,CCCCn1cc[n+](C)c1.COS(=O)(=O)[O-],[C4MIm][MeSO4],toluene,Cc1ccccc1,aromatic,cyclohexene,C1=CCCCC1,alkene,0.88600004,0.053000003,0.061000004,0.0,0.131,0.869,101.325,0.0,322,298.15,0.9300506,0.05358133,0.0163681,0.0042821565,0.38362452,0.6120933
,1-butyl-3-methylimidazolium methylsulfate,CCCCn1cc[n+](C)c1.COS(=O)(=O)[O-],[C4MIm][MeSO4],toluene,Cc1ccccc1,aromatic,cyclohexene,C1=CCCCC1,alkene,0.875,0.071,0.054,0.0,0.189,0.811,101.325,0.125,322,298.15,0.919431,0.06187328,0.018695671,0.004622416,0.40183628,0.5935413
,1-butyl-3-methylimidazolium methylsulfate,CCCCn1cc[n+](C)c1.COS(=O)(=O)[O-],[C4MIm][MeSO4],toluene,Cc1ccccc1,aromatic,cyclohexene,C1=CCCCC1,alkene,0.85800004,0.09000001,0.052000005,0.0,0.243,0.757,101.325,0.25,322,298.15,0.9073489,0.0713332,0.02131789,0.0049818587,0.42029628,0.5747219
,1-butyl-3-methylimidazolium methylsulfate,CCCCn1cc[n+](C)c1.COS(=O)(=O)[O-],[C4MIm][MeSO4],toluene,Cc1ccccc1,aromatic,cyclohexene,C1=CCCCC1,alkene,0.842,0.11,0.048,0.0,0.312,0.688,101.325,0.375,322,298.15,0.89493185,0.08108385,0.02398429,0.005328119,0.43310514,0.56156677
,1-butyl-3-methylimidazolium methylsulfate,CCCCn1cc[n+](C)c1.COS(=O)(=O)[O-],[C4MIm][MeSO4],toluene,Cc1ccccc1,aromatic,cyclohexene,C1=CCCCC1,alkene,0.828,0.127,0.045,0.0,0.37162837,0.6283716,101.325,0.5,322,298.15,0.87960386,0.09314341,0.027252728,0.005726536,0.45190048,0.542373
,1-butyl-3-methylimidazolium methylsulfate,CCCCn1cc[n+](C)c1.COS(=O)(=O)[O-],[C4MIm][MeSO4],toluene,Cc1ccccc1,aromatic,cyclohexene,C1=CCCCC1,alkene,0.80300003,0.15900001,0.038000003,0.0,0.493,0.507,101.325,0.625,322,298.15,0.8624033,0.10670977,0.030886956,0.006143288,0.47074017,0.5231165
,1-butyl-3-methylimidazolium methylsulfate,CCCCn1cc[n+](C)c1.COS(=O)(=O)[O-],[C4MIm][MeSO4],toluene,Cc1ccccc1,aromatic,cyclohexene,C1=CCCCC1,alkene,0.774,0.195,0.031,0.0,0.627,0.373,101.325,0.75,322,298.15,0.8434251,0.12172827,0.034846682,0.0065596616,0.48936182,0.50407857
,1-butyl-3-methylimidazolium methylsulfate,CCCCn1cc[n+](C)c1.COS(=O)(=O)[O-],[C4MIm][MeSO4],toluene,Cc1ccccc1,aromatic,cyclohexene,C1=CCCCC1,alkene,0.752,0.22,0.028,0.0,0.707,0.293,101.325,0.875,322,298.15,0.8220504,0.13867773,0.03927187,0.007013627,0.5082058,0.48478058
,1-butyl-3-methylimidazolium methylsulfate,CCCCn1cc[n+](C)c1.COS(=O)(=O)[O-],[C4MIm][MeSO4],toluene,Cc1ccccc1,aromatic,cyclohexene,C1=CCCCC1,alkene,0.714,0.272,0.014,0.0,0.885,0.115,101.325,1.0,322,298.15,0.7966469,0.15882692,0.044526152,0.007615569,0.5294772,0.46290722
,1-butyl-3-methylimidazolium bis(trifluoromethylsulfonyl)imide,CCCCn1cc[n+](C)c1.O=S(=O)([N-]S(=O)(=O)C(F)(F)F)C(F)(F)F,[C4MIm][NTf2],benzene,c1ccccc1,aromatic,methylcyclohexane,CC1CCCCC1,cycloalkane,0.87,0.0,0.13,0.0,0.0,1.0,101.325,0.0,326,298.15,0.62980884,0.34723526,0.022955908,0.006634816,0.3286948,0.66467035
,1-butyl-3-methylimidazolium bis(trifluoromethylsulfonyl)imide,CCCCn1cc[n+](C)c1.O=S(=O)([N-]S(=O)(=O)C(F)(F)F)C(F)(F)F,[C4MIm][NTf2],benzene,c1ccccc1,aromatic,methylcyclohexane,CC1CCCCC1,cycloalkane,0.807,0.078,0.115,0.0,0.039,0.961,101.325,0.09090909,326,298.15,0.6007191,0.374698,0.024582854,0.0070697186,0.35269728,0.640233
,1-butyl-3-methylimidazolium bis(trifluoromethylsulfonyl)imide,CCCCn1cc[n+](C)c1.O=S(=O)([N-]S(=O)(=O)C(F)(F)F)C(F)(F)F,[C4MIm][NTf2],benzene,c1ccccc1,aromatic,methylcyclohexane,CC1CCCCC1,cycloalkane,0.739,0.155,0.106,0.0,0.092,0.908,101.325,0.18181819,326,298.15,0.5708513,0.4029202,0.026228452,0.007495387,0.37761036,0.6148943
,1-butyl-3-methylimidazolium bis(trifluoromethylsulfonyl)imide,CCCCn1cc[n+](C)c1.O=S(=O)([N-]S(=O)(=O)C(F)(F)F)C(F)(F)F,[C4MIm][NTf2],benzene,c1ccccc1,aromatic,methylcyclohexane,CC1CCCCC1,cycloalkane,0.683,0.21,0.107,0.0,0.134,0.866,101.325,0.27272728,326,298.15,0.54041815,0.43170682,0.027875079,0.007909294,0.403344,0.58874667
,1-butyl-3-methylimidazolium bis(trifluoromethylsulfonyl)imide,CCCCn1cc[n+](C)c1.O=S(=O)([N-]S(=O)(=O)C(F)(F)F)C(F)(F)F,[C4MIm][NTf2],benzene,c1ccccc1,aromatic,methylcyclohexane,CC1CCCCC1,cycloalkane,0.641,0.249,0.11,0.0,0.175,0.825,101.325,0.36363637,326,298.15,0.5099954,0.46048427,0.029520309,0.008350834,0.42899904,0.5626502
,1-butyl-3-methylimidazolium bis(trifluoromethylsulfonyl)imide,CCCCn1cc[n+](C)c1.O=S(=O)([N-]S(=O)(=O)C(F)(F)F)C(F)(F)F,[C4MIm][NTf2],benzene,c1ccccc1,aromatic,methylcyclohexane,CC1CCCCC1,cycloalkane,0.586,0.302,0.112,0.0,0.223,0.777,101.325,0.45454547,326,298.15,0.47809646,0.4906995,0.031203989,0.008780451,0.456479,0.5347405
,1-butyl-3-methylimidazolium bis(trifluoromethylsulfonyl)imide,CCCCn1cc[n+](C)c1.O=S(=O)([N-]S(=O)(=O)C(F)(F)F)C(F)(F)F,[C4MIm][NTf2],benzene,c1ccccc1,aromatic,methylcyclohexane,CC1CCCCC1,cycloalkane,0.54,0.348,0.112,0.0,0.272,0.728,101.325,0.54545456,326,298.15,0.44540408,0.5216984,0.03289752,0.009185393,0.4852039,0.50561076
,1-butyl-3-methylimidazolium bis(trifluoromethylsulfonyl)imide,CCCCn1cc[n+](C)c1.O=S(=O)([N-]S(=O)(=O)C(F)(F)F)C(F)(F)F,[C4MIm][NTf2],benzene,c1ccccc1,aromatic,methylcyclohexane,CC1CCCCC1,cycloalkane,0.463,0.428,0.109,0.0,0.375,0.625,101.325,0.6363636,326,298.15,0.41296247,0.552048,0.03498949,0.010603808,0.5093861,0.48001012
,1-butyl-3-methylimidazolium bis(trifluoromethylsulfonyl)imide,CCCCn1cc[n+](C)c1.O=S(=O)([N-]S(=O)(=O)C(F)(F)F)C(F)(F)F,[C4MIm][NTf2],benzene,c1ccccc1,aromatic,methylcyclohexane,CC1CCCCC1,cycloalkane,0.429,0.465,0.106,0.0,0.427,0.573,101.325,0.72727275,326,298.15,0.38073888,0.58143675,0.037824366,0.013678329,0.52758515,0.45873657
,1-butyl-3-methylimidazolium bis(trifluoromethylsulfonyl)imide,CCCCn1cc[n+](C)c1.O=S(=O)([N-]S(=O)(=O)C(F)(F)F)C(F)(F)F,[C4MIm][NTf2],benzene,c1ccccc1,aromatic,methylcyclohexane,CC1CCCCC1,cycloalkane,0.36,0.546,0.094,0.0,0.543,0.457,101.325,0.8181818,326,298.15,0.35313258,0.6075849,0.039282553,0.014221687,0.55287606,0.4329023
,1-butyl-3-methylimidazolium bis(trifluoromethylsulfonyl)imide,CCCCn1cc[n+](C)c1.O=S(=O)([N-]S(=O)(=O)C(F)(F)F)C(F)(F)F,[C4MIm][NTf2],benzene,c1ccccc1,aromatic,methylcyclohexane,CC1CCCCC1,cycloalkane,0.298,0.625,0.077,0.0,0.68,0.32,101.325,0.90909094,326,298.15,0.32662997,0.63271993,0.040650103,0.014734927,0.5776081,0.40765703
,1-butyl-3-methylimidazolium bis(trifluoromethylsulfonyl)imide,CCCCn1cc[n+](C)c1.O=S(=O)([N-]S(=O)(=O)C(F)(F)F)C(F)(F)F,[C4MIm][NTf2],benzene,c1ccccc1,aromatic,methylcyclohexane,CC1CCCCC1,cycloalkane,0.265,0.686,0.049,0.0,0.817,0.183,101.325,1.0,326,298.15,0.30130598,0.65674925,0.041944765,0.015229303,0.6017559,0.38301477
,1-butyl-3-methylimidazolium methylsulfate,CCCCn1cc[n+](C)c1.COS(=O)(=O)[O-],[C4MIm][MeSO4],benzene,c1ccccc1,aromatic,cyclohexane,C1CCCCC1,cycloalkane,0.926,0.037,0.037,0.0,0.052,0.948,101.325,0.0,365,298.2,0.8728552,0.11199202,0.0151528325,0.004940772,0.25425845,0.74080074
,1-butyl-3-methylimidazolium methylsulfate,CCCCn1cc[n+](C)c1.COS(=O)(=O)[O-],[C4MIm][MeSO4],benzene,c1ccccc1,aromatic,cyclohexane,C1CCCCC1,cycloalkane,0.893,0.073,0.034,0.0,0.104,0.896,101.325,0.11111111,365,298.2,0.8557548,0.12723197,0.017013242,0.005365699,0.275459,0.7191753
,1-butyl-3-methylimidazolium methylsulfate,CCCCn1cc[n+](C)c1.COS(=O)(=O)[O-],[C4MIm][MeSO4],benzene,c1ccccc1,aromatic,cyclohexane,C1CCCCC1,cycloalkane,0.857,0.11,0.033,0.0,0.16,0.84,101.325,0.22222222,365,298.2,0.8369693,0.14401042,0.019020215,0.005789382,0.29795727,0.69625336
,1-butyl-3-methylimidazolium methylsulfate,CCCCn1cc[n+](C)c1.COS(=O)(=O)[O-],[C4MIm][MeSO4],benzene,c1ccccc1,aromatic,cyclohexane,C1CCCCC1,cycloalkane,0.823,0.145,0.032,0.0,0.216,0.784,101.325,0.33333334,365,298.2,0.8157686,0.16294873,0.021282675,0.0062774913,0.32104155,0.672681
,1-butyl-3-methylimidazolium methylsulfate,CCCCn1cc[n+](C)c1.COS(=O)(=O)[O-],[C4MIm][MeSO4],benzene,c1ccccc1,aromatic,cyclohexane,C1CCCCC1,cycloalkane,0.79,0.179,0.031,0.0,0.274,0.726,101.325,0.44444445,365,298.2,0.7924857,0.18376653,0.02374774,0.006789765,0.3449462,0.64826405
,1-butyl-3-methylimidazolium methylsulfate,CCCCn1cc[n+](C)c1.COS(=O)(=O)[O-],[C4MIm][MeSO4],benzene,c1ccccc1,aromatic,cyclohexane,C1CCCCC1,cycloalkane,0.758,0.211,0.031,0.0,0.332,0.668,101.325,0.5555556,365,298.2,0.774888,0.19990261,0.025209334,0.0058279233,0.37215242,0.62201965
,1-butyl-3-methylimidazolium methylsulfate,CCCCn1cc[n+](C)c1.COS(=O)(=O)[O-],[C4MIm][MeSO4],benzene,c1ccccc1,aromatic,cyclohexane,C1CCCCC1,cycloalkane,0.702,0.269,0.029,0.0,0.45,0.55,101.325,0.6666667,365,298.2,0.7519192,0.22070515,0.027375534,0.005584459,0.39901763,0.5953979
,1-butyl-3-methylimidazolium methylsulfate,CCCCn1cc[n+](C)c1.COS(=O)(=O)[O-],[C4MIm][MeSO4],benzene,c1ccccc1,aromatic,cyclohexane,C1CCCCC1,cycloalkane,0.646,0.327,0.027,0.0,0.573,0.427,101.325,0.7777778,365,298.2,0.7225075,0.24717882,0.030313773,0.0059910887,0.42560354,0.5684054
,1-butyl-3-methylimidazolium methylsulfate,CCCCn1cc[n+](C)c1.COS(=O)(=O)[O-],[C4MIm][MeSO4],benzene,c1ccccc1,aromatic,cyclohexane,C1CCCCC1,cycloalkane,0.591,0.386,0.023,0.0,0.699,0.301,101.325,0.8888889,365,298.2,0.69122815,0.27537102,0.033400882,0.0064049875,0.4523848,0.54121023
,1-butyl-3-methylimidazolium methylsulfate,CCCCn1cc[n+](C)c1.COS(=O)(=O)[O-],[C4MIm][MeSO4],benzene,c1ccccc1,aromatic,cyclohexane,C1CCCCC1,cycloalkane,0.531,0.453,0.016,0.0,0.839,0.161,101.325,1.0,365,298.2,0.65768826,0.3055424,0.036769293,0.0070012473,0.4784505,0.5145483
,1-ethyl-3-methylimidazolium ethylsulfate,CCOS(=O)(=O)[O-].CCn1cc[n+](C)c1,[C2MIm][EtSO4],toluene,Cc1ccccc1,aromatic,cyclohexane,C1CCCCC1,cycloalkane,0.95900005,0.016000003,0.025000002,0.0,0.055,0.945,101.325,0.0,376,298.15,0.9592618,0.03566925,0.0050688717,0.0019854424,0.36016926,0.6378453
,1-ethyl-3-methylimidazolium ethylsulfate,CCOS(=O)(=O)[O-].CCn1cc[n+](C)c1,[C2MIm][EtSO4],toluene,Cc1ccccc1,aromatic,cyclohexane,C1CCCCC1,cycloalkane,0.946,0.032,0.022,0.0,0.121,0.879,101.325,0.11111111,376,298.15,0.9528718,0.04133657,0.0057915426,0.0021472722,0.3828348,0.6150179
,1-ethyl-3-methylimidazolium ethylsulfate,CCOS(=O)(=O)[O-].CCn1cc[n+](C)c1,[C2MIm][EtSO4],toluene,Cc1ccccc1,aromatic,cyclohexane,C1CCCCC1,cycloalkane,0.931,0.048,0.021,0.0,0.181,0.819,101.325,0.22222222,376,298.15,0.9455213,0.047865134,0.0066134925,0.0023177017,0.40603086,0.59165144
,1-ethyl-3-methylimidazolium ethylsulfate,CCOS(=O)(=O)[O-].CCn1cc[n+](C)c1,[C2MIm][EtSO4],toluene,Cc1ccccc1,aromatic,cyclohexane,C1CCCCC1,cycloalkane,0.917,0.063,0.02,0.0,0.244,0.756,101.325,0.33333334,376,298.15,0.9374345,0.05505746,0.0075080767,0.00254095,0.42966774,0.56779134
,1-ethyl-3-methylimidazolium ethylsulfate,CCOS(=O)(=O)[O-].CCn1cc[n+](C)c1,[C2MIm][EtSO4],toluene,Cc1ccccc1,aromatic,cyclohexane,C1CCCCC1,cycloalkane,0.89,0.093,0.017,0.0,0.372,0.628,101.325,0.44444445,376,298.15,0.92783517,0.06361039,0.008554475,0.0027290343,0.45362106,0.54365
,1-ethyl-3-methylimidazolium ethylsulfate,CCOS(=O)(=O)[O-].CCn1cc[n+](C)c1,[C2MIm][EtSO4],toluene,Cc1ccccc1,aromatic,cyclohexane,C1CCCCC1,cycloalkane,0.86300004,0.12200001,0.015000001,0.0,0.494,0.506,101.325,0.6666667,376,298.15,0.90475726,0.084215626,0.011027167,0.0030951977,0.5006478,0.49625707
,1-ethyl-3-methylimidazolium ethylsulfate,CCOS(=O)(=O)[O-].CCn1cc[n+](C)c1,[C2MIm][EtSO4],toluene,Cc1ccccc1,aromatic,cyclohexane,C1CCCCC1,cycloalkane,0.866,0.119,0.015,0.0,0.49,0.51,101.325,0.5555556,376,298.15,0.91772676,0.07261222,0.009661051,0.0028396524,0.4736653,0.523495
,1-ethyl-3-methylimidazolium ethylsulfate,CCOS(=O)(=O)[O-].CCn1cc[n+](C)c1,[C2MIm][EtSO4],toluene,Cc1ccccc1,aromatic,cyclohexane,C1CCCCC1,cycloalkane,0.839,0.149,0.012,0.0,0.625,0.375,101.325,0.7777778,376,298.15,0.89142936,0.09613035,0.012440355,0.0032366621,0.5221123,0.474651
,1-ethyl-3-methylimidazolium ethylsulfate,CCOS(=O)(=O)[O-].CCn1cc[n+](C)c1,[C2MIm][EtSO4],toluene,Cc1ccccc1,aromatic,cyclohexane,C1CCCCC1,cycloalkane,0.81,0.18,0.01,0.0,0.756,0.244,101.325,0.8888889,376,298.15,0.87571746,0.11021236,0.014070148,0.0034423424,0.54612106,0.4504366
,1-ethyl-3-methylimidazolium ethylsulfate,CCOS(=O)(=O)[O-].CCn1cc[n+](C)c1,[C2MIm][EtSO4],toluene,Cc1ccccc1,aromatic,cyclohexane,C1CCCCC1,cycloalkane,0.781,0.213,0.006,0.0,0.898,0.102,101.325,1.0,376,298.15,0.85911906,0.12514608,0.015734835,0.0035377552,0.5699564,0.4265058
,1-ethyl-3-methylimidazolium ethylsulfate,CCOS(=O)(=O)[O-].CCn1cc[n+](C)c1,[C2MIm][EtSO4],ethylbenzene,CCc1ccccc1,aromatic,methylcyclohexane,CC1CCCCC1,cycloalkane,0.955,0.022,0.023,0.0,0.143,0.857,101.325,0.0,380,298.15,0.9674979,0.03002772,0.0024743779,0.0011565743,0.36470383,0.63413954
,1-ethyl-3-methylimidazolium ethylsulfate,CCOS(=O)(=O)[O-].CCn1cc[n+](C)c1,[C2MIm][EtSO4],ethylbenzene,CCc1ccccc1,aromatic,methylcyclohexane,CC1CCCCC1,cycloalkane,0.941,0.033,0.026,0.0,0.204,0.796,101.325,0.125,380,298.15,0.9615791,0.03554266,0.0028783355,0.0012646957,0.39191377,0.60682154
,1-ethyl-3-methylimidazolium ethylsulfate,CCOS(=O)(=O)[O-].CCn1cc[n+](C)c1,[C2MIm][EtSO4],ethylbenzene,CCc1ccccc1,aromatic,methylcyclohexane,CC1CCCCC1,cycloalkane,0.934,0.041,0.025,0.0,0.271,0.729,101.325,0.375,380,298.15,0.9464014,0.0497131,0.0038855684,0.0014941371,0.45030198,0.5482039
,1-ethyl-3-methylimidazolium ethylsulfate,CCOS(=O)(=O)[O-].CCn1cc[n+](C)c1,[C2MIm][EtSO4],ethylbenzene,CCc1ccccc1,aromatic,methylcyclohexane,CC1CCCCC1,cycloalkane,0.935,0.04,0.025,0.0,0.27,0.73,101.325,0.25,380,298.15,0.9544874,0.042168383,0.0033441698,0.0013677375,0.42571884,0.57291347
,1-ethyl-3-methylimidazolium ethylsulfate,CCOS(=O)(=O)[O-].CCn1cc[n+](C)c1,[C2MIm][EtSO4],ethylbenzene,CCc1ccccc1,aromatic,methylcyclohexane,CC1CCCCC1,cycloalkane,0.92,0.057,0.023,0.0,0.399,0.601,101.325,0.5,380,298.15,0.93666804,0.05882498,0.004507003,0.0016071585,0.48346516,0.5149277
,1-ethyl-3-methylimidazolium ethylsulfate,CCOS(=O)(=O)[O-].CCn1cc[n+](C)c1,[C2MIm][EtSO4],ethylbenzene,CCc1ccccc1,aromatic,methylcyclohexane,CC1CCCCC1,cycloalkane,0.908,0.073,0.019,0.0,0.537,0.463,101.325,0.625,380,298.15,0.92549497,0.069285296,0.0052197096,0.0017329047,0.51256114,0.485706
,1-ethyl-3-methylimidazolium ethylsulfate,CCOS(=O)(=O)[O-].CCn1cc[n+](C)c1,[C2MIm][EtSO4],ethylbenzene,CCc1ccccc1,aromatic,methylcyclohexane,CC1CCCCC1,cycloalkane,0.897,0.088,0.015,0.0,0.667,0.333,101.325,0.75,380,298.15,0.91186154,0.08205938,0.0060790875,0.0019082219,0.5395737,0.45851803
,1-ethyl-3-methylimidazolium ethylsulfate,CCOS(=O)(=O)[O-].CCn1cc[n+](C)c1,[C2MIm][EtSO4],ethylbenzene,CCc1ccccc1,aromatic,methylcyclohexane,CC1CCCCC1,cycloalkane,0.887,0.103,0.01,0.0,0.801,0.199,101.325,0.875,380,298.15,0.89683664,0.09615619,0.0070071677,0.0020429825,0.56817096,0.42978606
,1-ethyl-3-methylimidazolium ethylsulfate,CCOS(=O)(=O)[O-].CCn1cc[n+](C)c1,[C2MIm][EtSO4],ethylbenzene,CCc1ccccc1,aromatic,methylcyclohexane,CC1CCCCC1,cycloalkane,0.87600005,0.12200001,0.0020000003,0.0,0.961,0.039,101.325,1.0,380,298.15,0.8795481,0.11239599,0.008055914,0.0021799966,0.59632194,0.40149808
,1-ethyl-3-methylimidazolium ethylsulfate,CCOS(=O)(=O)[O-].CCn1cc[n+](C)c1,[C2MIm][EtSO4],ethylbenzene,CCc1ccccc1,aromatic,cyclooctane,C1CCCCCCC1,cycloalkane,0.978,0.012,0.01,0.0,0.14,0.86,101.325,0.0,381,298.15,0.9666876,0.027328826,0.005983457,0.0019998585,0.40635377,0.5916464
,1-ethyl-3-methylimidazolium ethylsulfate,CCOS(=O)(=O)[O-].CCn1cc[n+](C)c1,[C2MIm][EtSO4],ethylbenzene,CCc1ccccc1,aromatic,cyclooctane,C1CCCCCCC1,cycloalkane,0.968,0.02,0.012,0.0,0.2,0.8,101.325,0.14285715,381,298.15,0.9600778,0.03284916,0.007072968,0.0021924223,0.43049714,0.5673104
,1-ethyl-3-methylimidazolium ethylsulfate,CCOS(=O)(=O)[O-].CCn1cc[n+](C)c1,[C2MIm][EtSO4],ethylbenzene,CCc1ccccc1,aromatic,cyclooctane,C1CCCCCCC1,cycloalkane,0.95600003,0.030000001,0.014000001,0.0,0.272,0.728,101.325,0.2857143,381,298.15,0.9521782,0.03946285,0.008359015,0.0023986548,0.45497563,0.5426257
,1-ethyl-3-methylimidazolium ethylsulfate,CCOS(=O)(=O)[O-].CCn1cc[n+](C)c1,[C2MIm][EtSO4],ethylbenzene,CCc1ccccc1,aromatic,cyclooctane,C1CCCCCCC1,cycloalkane,0.94200003,0.044000003,0.014000001,0.0,0.395,0.605,101.325,0.42857143,381,298.15,0.94299304,0.04714139,0.009865578,0.002624496,0.4767362,0.5206393
,1-ethyl-3-methylimidazolium ethylsulfate,CCOS(=O)(=O)[O-].CCn1cc[n+](C)c1,[C2MIm][EtSO4],ethylbenzene,CCc1ccccc1,aromatic,cyclooctane,C1CCCCCCC1,cycloalkane,0.925,0.062,0.013,0.0,0.525,0.475,101.325,0.5714286,381,298.15,0.93194443,0.05643669,0.011618921,0.0028554995,0.5015297,0.4956148
,1-ethyl-3-methylimidazolium ethylsulfate,CCOS(=O)(=O)[O-].CCn1cc[n+](C)c1,[C2MIm][EtSO4],ethylbenzene,CCc1ccccc1,aromatic,cyclooctane,C1CCCCCCC1,cycloalkane,0.91,0.079,0.011,0.0,0.662,0.338,101.325,0.71428573,381,298.15,0.91886175,0.06747119,0.013667009,0.003101412,0.5263066,0.4705919
,1-ethyl-3-methylimidazolium ethylsulfate,CCOS(=O)(=O)[O-].CCn1cc[n+](C)c1,[C2MIm][EtSO4],ethylbenzene,CCc1ccccc1,aromatic,cyclooctane,C1CCCCCCC1,cycloalkane,0.895,0.097,0.008,0.0,0.801,0.199,101.325,0.85714287,381,298.15,0.9040516,0.08022133,0.01572712,0.003233114,0.55908585,0.43768108
,1-ethyl-3-methylimidazolium ethylsulfate,CCOS(=O)(=O)[O-].CCn1cc[n+](C)c1,[C2MIm][EtSO4],ethylbenzene,CCc1ccccc1,aromatic,cyclooctane,C1CCCCCCC1,cycloalkane,0.879,0.117,0.004,0.0,0.928,0.072,101.325,1.0,381,298.15,0.8870122,0.0948236,0.018164221,0.0033828092,0.5872707,0.40934652
,3-methyl-N-ethylpyridinium ethylsulfate,CCOS(=O)(=O)[O-].CC[n+]1cccc(C)c1,[C2MPy][EtSO4],benzene,c1ccccc1,aromatic,cyclohexane,C1CCCCC1,cycloalkane,0.909,0.07,0.021,0.0,0.11,0.89,101.325,0.0,382,298.15,0.88022476,0.107239686,0.012535537,0.0035747343,0.30786356,0.6885617
,3-methyl-N-ethylpyridinium ethylsulfate,CCOS(=O)(=O)[O-].CC[n+]1cccc(C)c1,[C2MPy][EtSO4],benzene,c1ccccc1,aromatic,cyclohexane,C1CCCCC1,cycloalkane,0.87,0.109,0.021,0.0,0.166,0.834,101.325,0.125,382,298.15,0.8641897,0.12177428,0.014035948,0.004129365,0.32080713,0.67506355
,3-methyl-N-ethylpyridinium ethylsulfate,CCOS(=O)(=O)[O-].CC[n+]1cccc(C)c1,[C2MPy][EtSO4],benzene,c1ccccc1,aromatic,cyclohexane,C1CCCCC1,cycloalkane,0.835,0.144,0.021,0.0,0.221,0.779,101.325,0.25,382,298.15,0.8571455,0.12813808,0.014716432,0.0044004945,0.3162549,0.6793446
,3-methyl-N-ethylpyridinium ethylsulfate,CCOS(=O)(=O)[O-].CC[n+]1cccc(C)c1,[C2MPy][EtSO4],benzene,c1ccccc1,aromatic,cyclohexane,C1CCCCC1,cycloalkane,0.804,0.176,0.02,0.0,0.276,0.724,101.325,0.375,382,298.15,0.83543617,0.14780626,0.016757602,0.004813024,0.34312168,0.65206534
,3-methyl-N-ethylpyridinium ethylsulfate,CCOS(=O)(=O)[O-].CC[n+]1cccc(C)c1,[C2MPy][EtSO4],benzene,c1ccccc1,aromatic,cyclohexane,C1CCCCC1,cycloalkane,0.774,0.207,0.019,0.0,0.333,0.667,101.325,0.5,382,298.15,0.8111124,0.16987135,0.019016296,0.0052462593,0.37105,0.6237037
,3-methyl-N-ethylpyridinium ethylsulfate,CCOS(=O)(=O)[O-].CC[n+]1cccc(C)c1,[C2MPy][EtSO4],benzene,c1ccccc1,aromatic,cyclohexane,C1CCCCC1,cycloalkane,0.714,0.269,0.017,0.0,0.442,0.558,101.325,0.625,382,298.15,0.7841793,0.19433914,0.021481615,0.0056941793,0.3997777,0.59452814
,3-methyl-N-ethylpyridinium ethylsulfate,CCOS(=O)(=O)[O-].CC[n+]1cccc(C)c1,[C2MPy][EtSO4],benzene,c1ccccc1,aromatic,cyclohexane,C1CCCCC1,cycloalkane,0.659,0.326,0.015,0.0,0.565,0.435,101.325,0.75,382,298.15,0.75424826,0.2215171,0.024234619,0.006235577,0.4287903,0.5649741
,3-methyl-N-ethylpyridinium ethylsulfate,CCOS(=O)(=O)[O-].CC[n+]1cccc(C)c1,[C2MPy][EtSO4],benzene,c1ccccc1,aromatic,cyclohexane,C1CCCCC1,cycloalkane,0.6,0.388,0.012,0.0,0.701,0.299,101.325,0.875,382,298.15,0.72207874,0.2508181,0.02710318,0.0067154886,0.45850697,0.5347775
,3-methyl-N-ethylpyridinium ethylsulfate,CCOS(=O)(=O)[O-].CC[n+]1cccc(C)c1,[C2MPy][EtSO4],benzene,c1ccccc1,aromatic,cyclohexane,C1CCCCC1,cycloalkane,0.538,0.453,0.009,0.0,0.84,0.16,101.325,1.0,382,298.15,0.68745816,0.28239548,0.030146359,0.0072020227,0.48842034,0.5043776
no,1-ethylpyridinium ethylsulfate,CCOS(=O)(=O)[O-].CC[n+]1ccccc1,[C2Py][EtSO4],benzene,c1ccccc1,aromatic,cyclooctane,C1CCCCCCC1,cycloalkane,0.95,0.042,0.008,0.0,0.111,0.889,101.325,0.0,393,298.15,0.9283004,0.06415534,0.007544309,0.0026985006,0.25849062,0.7388109
no,1-ethylpyridinium ethylsulfate,CCOS(=O)(=O)[O-].CC[n+]1ccccc1,[C2Py][EtSO4],benzene,c1ccccc1,aromatic,cyclooctane,C1CCCCCCC1,cycloalkane,0.929,0.063,0.008,0.0,0.168,0.832,101.325,0.125,393,298.15,0.9161086,0.075175785,0.008715606,0.0029933448,0.28213966,0.71486706
no,1-ethylpyridinium ethylsulfate,CCOS(=O)(=O)[O-].CC[n+]1ccccc1,[C2Py][EtSO4],benzene,c1ccccc1,aromatic,cyclooctane,C1CCCCCCC1,cycloalkane,0.908,0.085,0.007,0.0,0.227,0.773,101.325,0.25,393,298.15,0.90284604,0.08725485,0.009899047,0.0032007794,0.30943063,0.68736863
no,1-ethylpyridinium ethylsulfate,CCOS(=O)(=O)[O-].CC[n+]1ccccc1,[C2Py][EtSO4],benzene,c1ccccc1,aromatic,cyclooctane,C1CCCCCCC1,cycloalkane,0.885,0.108,0.007,0.0,0.291,0.709,101.325,0.375,393,298.15,0.88748187,0.10123327,0.011284831,0.0034411945,0.33695626,0.6596026
no,1-ethylpyridinium ethylsulfate,CCOS(=O)(=O)[O-].CC[n+]1ccccc1,[C2Py][EtSO4],benzene,c1ccccc1,aromatic,cyclooctane,C1CCCCCCC1,cycloalkane,0.865,0.128,0.007,0.0,0.346,0.654,101.325,0.5,393,298.15,0.8693762,0.11768502,0.012938863,0.0037602887,0.36445585,0.63178384
no,1-ethylpyridinium ethylsulfate,CCOS(=O)(=O)[O-].CC[n+]1ccccc1,[C2Py][EtSO4],benzene,c1ccccc1,aromatic,cyclooctane,C1CCCCCCC1,cycloalkane,0.82000005,0.17400001,0.0060000005,0.0,0.469,0.531,101.325,0.625,393,298.15,0.84882814,0.13638254,0.014789297,0.004090581,0.39275348,0.6031559
no,1-ethylpyridinium ethylsulfate,CCOS(=O)(=O)[O-].CC[n+]1ccccc1,[C2Py][EtSO4],benzene,c1ccccc1,aromatic,cyclooctane,C1CCCCCCC1,cycloalkane,0.774,0.221,0.005,0.0,0.601,0.399,101.325,0.75,393,298.15,0.82565975,0.15749234,0.016847951,0.004428743,0.4216485,0.57392275
no,1-ethylpyridinium ethylsulfate,CCOS(=O)(=O)[O-].CC[n+]1ccccc1,[C2Py][EtSO4],benzene,c1ccccc1,aromatic,cyclooctane,C1CCCCCCC1,cycloalkane,0.731,0.265,0.004,0.0,0.73,0.27,101.325,0.875,393,298.15,0.7998795,0.18101424,0.01910626,0.0047848616,0.45119295,0.54402214
no,1-ethylpyridinium ethylsulfate,CCOS(=O)(=O)[O-].CC[n+]1ccccc1,[C2Py][EtSO4],benzene,c1ccccc1,aromatic,cyclooctane,C1CCCCCCC1,cycloalkane,0.681,0.316,0.003,0.0,0.863,0.137,101.325,1.0,393,298.15,0.7713795,0.20704663,0.021573927,0.0051503857,0.48092967,0.51391995
,1-ethyl-3-methylimidazolium bis(trifluoromethylsulfonyl)imide,CCn1cc[n+](C)c1.O=S(=O)([N-]S(=O)(=O)C(F)(F)F)C(F)(F)F,[C2MIm][NTf2],benzene,c1ccccc1,aromatic,cyclohexane,C1CCCCC1,cycloalkane,0.846,0.095,0.059,0.0,0.078,0.922,101.325,0.0,403,298.2,0.7512135,0.2259892,0.022797376,0.0060337577,0.2631472,0.730819
,1-ethyl-3-methylimidazolium bis(trifluoromethylsulfonyl)imide,CCn1cc[n+](C)c1.O=S(=O)([N-]S(=O)(=O)C(F)(F)F)C(F)(F)F,[C2MIm][NTf2],benzene,c1ccccc1,aromatic,cyclohexane,C1CCCCC1,cycloalkane,0.757,0.185,0.058,0.0,0.157,0.843,101.325,0.2,403,298.2,0.6969778,0.27571204,0.027310211,0.0070243464,0.30683014,0.6861455
,1-ethyl-3-methylimidazolium bis(trifluoromethylsulfonyl)imide,CCn1cc[n+](C)c1.O=S(=O)([N-]S(=O)(=O)C(F)(F)F)C(F)(F)F,[C2MIm][NTf2],benzene,c1ccccc1,aromatic,cyclohexane,C1CCCCC1,cycloalkane,0.6843157,0.25874126,0.056943055,0.0,0.243,0.757,101.325,0.4,403,298.2,0.63676643,0.33102164,0.032211885,0.008086027,0.3540786,0.6378354
,1-ethyl-3-methylimidazolium bis(trifluoromethylsulfonyl)imide,CCn1cc[n+](C)c1.O=S(=O)([N-]S(=O)(=O)C(F)(F)F)C(F)(F)F,[C2MIm][NTf2],benzene,c1ccccc1,aromatic,cyclohexane,C1CCCCC1,cycloalkane,0.615,0.331,0.054,0.0,0.332,0.668,101.325,0.6,403,298.2,0.5723219,0.39046168,0.03721645,0.0089912545,0.40463653,0.58637226
,1-ethyl-3-methylimidazolium bis(trifluoromethylsulfonyl)imide,CCn1cc[n+](C)c1.O=S(=O)([N-]S(=O)(=O)C(F)(F)F)C(F)(F)F,[C2MIm][NTf2],benzene,c1ccccc1,aromatic,cyclohexane,C1CCCCC1,cycloalkane,0.5495495,0.39639637,0.05405405,0.0,0.417,0.583,101.325,0.8,403,298.2,0.5053752,0.45230407,0.04232072,0.009986231,0.45663118,0.5333826
,1-ethyl-3-methylimidazolium bis(trifluoromethylsulfonyl)imide,CCn1cc[n+](C)c1.O=S(=O)([N-]S(=O)(=O)C(F)(F)F)C(F)(F)F,[C2MIm][NTf2],benzene,c1ccccc1,aromatic,cyclohexane,C1CCCCC1,cycloalkane,0.487,0.459,0.054,0.0,0.518,0.482,101.325,1.0,403,298.2,0.43820903,0.5144454,0.047345523,0.0110841105,0.5089094,0.48000646
,1-ethyl-3-methylimidazolium dicyanamide,CCn1cc[n+](C)c1.N#CN=C=[N-],[C2MIm][N(CN)2],ethylbenzene,CCc1ccccc1,aromatic,styrene,C=Cc1ccccc1,aromatic,0.444,0.048,0.508,0.0,0.17,0.83,101.325,0.23529412,405,298.15,0.8037499,0.065692954,0.13055709,0.010526081,0.55904347,0.4304304
,1-butyl-3-methylimidazolium dicyanamide,CCCCn1cc[n+](C)c1.N#CN=C=[N-],[BMIm][N(CN)2],ethylbenzene,CCc1ccccc1,aromatic,styrene,C=Cc1ccccc1,aromatic,0.674,0.326,0.0,0.0,1.0,0.0,101.325,1.0,405,298.15,0.5626489,0.15563476,0.28171626,0.02585093,0.4906049,0.4835441
,1-butyl-3-methylimidazolium dicyanamide,CCCCn1cc[n+](C)c1.N#CN=C=[N-],[BMIm][N(CN)2],ethylbenzene,CCc1ccccc1,aromatic,styrene,C=Cc1ccccc1,aromatic,0.664,0.319,0.017,0.0,0.975,0.025,101.325,0.9411765,405,298.15,0.5770028,0.15022334,0.27277386,0.024694806,0.49413827,0.4811669
,1-butyl-3-methylimidazolium dicyanamide,CCCCn1cc[n+](C)c1.N#CN=C=[N-],[BMIm][N(CN)2],ethylbenzene,CCc1ccccc1,aromatic,styrene,C=Cc1ccccc1,aromatic,0.64,0.302,0.058,0.0,0.916,0.084,101.325,0.88235295,405,298.15,0.5923738,0.1442227,0.2634035,0.02305784,0.49750364,0.4794386
,1-butyl-3-methylimidazolium dicyanamide,CCCCn1cc[n+](C)c1.N#CN=C=[N-],[BMIm][N(CN)2],ethylbenzene,CCc1ccccc1,aromatic,styrene,C=Cc1ccccc1,aromatic,0.608,0.277,0.115,0.0,0.822,0.178,101.325,0.8235294,405,298.15,0.60564774,0.13946272,0.25488952,0.022509443,0.50124,0.47625056
,1-butyl-3-methylimidazolium dicyanamide,CCCCn1cc[n+](C)c1.N#CN=C=[N-],[BMIm][N(CN)2],ethylbenzene,CCc1ccccc1,aromatic,styrene,C=Cc1ccccc1,aromatic,0.579,0.253,0.168,0.0,0.743,0.257,101.325,0.7647059,405,298.15,0.6188656,0.13473208,0.24640231,0.021970207,0.50498074,0.47304904
,1-butyl-3-methylimidazolium dicyanamide,CCCCn1cc[n+](C)c1.N#CN=C=[N-],[BMIm][N(CN)2],ethylbenzene,CCc1ccccc1,aromatic,styrene,C=Cc1ccccc1,aromatic,0.549,0.229,0.222,0.0,0.67,0.33,101.325,0.7058824,405,298.15,0.6294216,0.13149959,0.2390788,0.022483269,0.5093964,0.46812034
,1-butyl-3-methylimidazolium dicyanamide,CCCCn1cc[n+](C)c1.N#CN=C=[N-],[BMIm][N(CN)2],ethylbenzene,CCc1ccccc1,aromatic,styrene,C=Cc1ccccc1,aromatic,0.531,0.215,0.254,0.0,0.611,0.389,101.325,0.64705884,405,298.15,0.6422791,0.1268803,0.23084067,0.021938315,0.5131423,0.46491945
,1-butyl-3-methylimidazolium dicyanamide,CCCCn1cc[n+](C)c1.N#CN=C=[N-],[BMIm][N(CN)2],ethylbenzene,CCc1ccccc1,aromatic,styrene,C=Cc1ccccc1,aromatic,0.5,0.187,0.313,0.0,0.513,0.487,101.325,0.5882353,405,298.15,0.654792,0.12238175,0.22282623,0.021406993,0.51685065,0.46174237
,1-butyl-3-methylimidazolium dicyanamide,CCCCn1cc[n+](C)c1.N#CN=C=[N-],[BMIm][N(CN)2],ethylbenzene,CCc1ccccc1,aromatic,styrene,C=Cc1ccccc1,aromatic,0.47,0.16,0.37,0.0,0.426,0.574,101.325,0.5294118,405,298.15,0.66713625,0.11785067,0.2150131,0.020887857,0.52034354,0.45876858
,1-butyl-3-methylimidazolium dicyanamide,CCCCn1cc[n+](C)c1.N#CN=C=[N-],[BMIm][N(CN)2],ethylbenzene,CCc1ccccc1,aromatic,styrene,C=Cc1ccccc1,aromatic,0.437,0.132,0.431,0.0,0.338,0.662,101.325,0.47058824,405,298.15,0.6791446,0.113357306,0.20749816,0.020388627,0.5235771,0.4560343
,1-butyl-3-methylimidazolium dicyanamide,CCCCn1cc[n+](C)c1.N#CN=C=[N-],[BMIm][N(CN)2],ethylbenzene,CCc1ccccc1,aromatic,styrene,C=Cc1ccccc1,aromatic,0.414,0.108,0.478,0.0,0.282,0.718,101.325,0.4117647,405,298.15,0.69105875,0.10908737,0.19985388,0.019885385,0.52729434,0.4528203
,1-butyl-3-methylimidazolium dicyanamide,CCCCn1cc[n+](C)c1.N#CN=C=[N-],[BMIm][N(CN)2],ethylbenzene,CCc1ccccc1,aromatic,styrene,C=Cc1ccccc1,aromatic,0.397,0.091,0.512,0.0,0.232,0.768,101.325,0.3529412,405,298.15,0.702775,0.10489752,0.19232748,0.019388445,0.53101146,0.4496001
,1-butyl-3-methylimidazolium dicyanamide,CCCCn1cc[n+](C)c1.N#CN=C=[N-],[BMIm][N(CN)2],ethylbenzene,CCc1ccccc1,aromatic,styrene,C=Cc1ccccc1,aromatic,0.382,0.075,0.543,0.0,0.194,0.806,101.325,0.29411766,405,298.15,0.7141778,0.10076947,0.18505274,0.018887112,0.5346714,0.44644147
,1-butyl-3-methylimidazolium dicyanamide,CCCCn1cc[n+](C)c1.N#CN=C=[N-],[BMIm][N(CN)2],ethylbenzene,CCc1ccccc1,aromatic,styrene,C=Cc1ccccc1,aromatic,0.364,0.055,0.581,0.0,0.158,0.842,101.325,0.1764706,405,298.15,0.7362815,0.09278409,0.17093438,0.017912203,0.5420132,0.44007453
,1-butyl-3-methylimidazolium dicyanamide,CCCCn1cc[n+](C)c1.N#CN=C=[N-],[BMIm][N(CN)2],ethylbenzene,CCc1ccccc1,aromatic,styrene,C=Cc1ccccc1,aromatic,0.353,0.038,0.609,0.001,0.114,0.885,101.325,0.11764706,405,298.15,0.7469095,0.088984706,0.1641058,0.017457662,0.5456997,0.43684262
,1-butyl-3-methylimidazolium dicyanamide,CCCCn1cc[n+](C)c1.N#CN=C=[N-],[BMIm][N(CN)2],ethylbenzene,CCc1ccccc1,aromatic,styrene,C=Cc1ccccc1,aromatic,0.345,0.021,0.634,0.005,0.043,0.952,101.325,0.05882353,405,298.15,0.75672084,0.08569859,0.15758054,0.0172363,0.5494951,0.43326852
,1-butyl-3-methylimidazolium dicyanamide,CCCCn1cc[n+](C)c1.N#CN=C=[N-],[BMIm][N(CN)2],ethylbenzene,CCc1ccccc1,aromatic,styrene,C=Cc1ccccc1,aromatic,0.344,0.01,0.646,0.007,0.021,0.972,101.325,0.0,405,298.15,0.7664824,0.08231446,0.1512031,0.016910603,0.5532084,0.429881
,1-ethyl-3-methylimidazolium tricyanomethanide,CCn1cc[n+](C)c1.N#CC(=C=[N-])C#N,[C2MIm][C(CN)3],ethylbenzene,CCc1ccccc1,aromatic,styrene,C=Cc1ccccc1,aromatic,0.6,0.4,0.0,0.0,1.0,0.0,101.325,0.0,411,298.15,0.5374089,0.17125425,0.29133683,0.028402587,0.63570565,0.3358918
,1-ethyl-3-methylimidazolium tricyanomethanide,CCn1cc[n+](C)c1.N#CC(=C=[N-])C#N,[C2MIm][C(CN)3],ethylbenzene,CCc1ccccc1,aromatic,styrene,C=Cc1ccccc1,aromatic,0.573,0.394,0.033,0.0,0.956,0.044,101.325,0.1,411,298.15,0.5135784,0.18004654,0.30637503,0.029833354,0.6281767,0.34198996
,1-ethyl-3-methylimidazolium tricyanomethanide,CCn1cc[n+](C)c1.N#CC(=C=[N-])C#N,[C2MIm][C(CN)3],ethylbenzene,CCc1ccccc1,aromatic,styrene,C=Cc1ccccc1,aromatic,0.529,0.37,0.101,0.0,0.876,0.124,101.325,0.2,411,298.15,0.49071604,0.18870093,0.32058302,0.031071154,0.62064356,0.34828535
,1-ethyl-3-methylimidazolium tricyanomethanide,CCn1cc[n+](C)c1.N#CC(=C=[N-])C#N,[C2MIm][C(CN)3],ethylbenzene,CCc1ccccc1,aromatic,styrene,C=Cc1ccccc1,aromatic,0.476,0.336,0.188,0.0,0.775,0.225,101.325,0.3,411,298.15,0.4684121,0.19711795,0.33446997,0.03201736,0.61311245,0.35487017
,1-ethyl-3-methylimidazolium tricyanomethanide,CCn1cc[n+](C)c1.N#CC(=C=[N-])C#N,[C2MIm][C(CN)3],ethylbenzene,CCc1ccccc1,aromatic,styrene,C=Cc1ccccc1,aromatic,0.445,0.311,0.244,0.0,0.708,0.292,101.325,0.4,411,298.15,0.44683963,0.20525418,0.34790623,0.03264526,0.6056571,0.3616976
,1-ethyl-3-methylimidazolium tricyanomethanide,CCn1cc[n+](C)c1.N#CC(=C=[N-])C#N,[C2MIm][C(CN)3],ethylbenzene,CCc1ccccc1,aromatic,styrene,C=Cc1ccccc1,aromatic,0.423,0.29,0.287,0.0,0.655,0.345,101.325,0.5,411,298.15,0.42430842,0.21377797,0.3619136,0.03395755,0.5979067,0.36813575
,1-ethyl-3-methylimidazolium tricyanomethanide,CCn1cc[n+](C)c1.N#CC(=C=[N-])C#N,[C2MIm][C(CN)3],ethylbenzene,CCc1ccccc1,aromatic,styrene,C=Cc1ccccc1,aromatic,0.39,0.268,0.342,0.0,0.588,0.412,101.325,0.6,411,298.15,0.40213764,0.22217137,0.37569097,0.035301067,0.5901581,0.3745408
,1-ethyl-3-methylimidazolium tricyanomethanide,CCn1cc[n+](C)c1.N#CC(=C=[N-])C#N,[C2MIm][C(CN)3],ethylbenzene,CCc1ccccc1,aromatic,styrene,C=Cc1ccccc1,aromatic,0.367,0.245,0.388,0.0,0.531,0.469,101.325,0.7,411,298.15,0.38036448,0.23040746,0.38922808,0.036675654,0.5823463,0.38097805
,1-ethyl-3-methylimidazolium tricyanomethanide,CCn1cc[n+](C)c1.N#CC(=C=[N-])C#N,[C2MIm][C(CN)3],ethylbenzene,CCc1ccccc1,aromatic,styrene,C=Cc1ccccc1,aromatic,0.352,0.224,0.424,0.0,0.488,0.512,101.325,0.8,411,298.15,0.35946134,0.23811838,0.40242034,0.037685957,0.57443607,0.38787794
,1-ethyl-3-methylimidazolium tricyanomethanide,CCn1cc[n+](C)c1.N#CC(=C=[N-])C#N,[C2MIm][C(CN)3],ethylbenzene,CCc1ccccc1,aromatic,styrene,C=Cc1ccccc1,aromatic,0.33900002,0.21100001,0.45000002,0.0,0.453,0.547,101.325,0.9,411,298.15,0.33885473,0.24581881,0.4153264,0.03890731,0.5665566,0.39453614
,1-ethyl-3-methylimidazolium tricyanomethanide,CCn1cc[n+](C)c1.N#CC(=C=[N-])C#N,[C2MIm][C(CN)3],ethylbenzene,CCc1ccccc1,aromatic,styrene,C=Cc1ccccc1,aromatic,0.314,0.185,0.501,0.0,0.389,0.611,101.325,1.0,411,298.15,0.31871542,0.25343144,0.42785317,0.040368117,0.55868065,0.40095127
,1-(2-methoxyethyl)-1-methylpyrrolidinium bis(trifluoromethylsulfonyl)imide,COCC[N+]1(C)CCCC1.O=S(=O)([N-]S(=O)(=O)C(F)(F)F)C(F)(F)F,[COC2mPyr][NTf2],thiophene,c1ccsc1,S-compound,n-heptane,CCCCCCC,alkane,0.951,0.0,0.049,0.0,0.0,1.0,101.325,0.0,434,298.15,0.71872985,0.26614353,0.015126644,0.0045006685,0.31956795,0.6759314
,1-(2-methoxyethyl)-1-methylpyrrolidinium bis(trifluoromethylsulfonyl)imide,COCC[N+]1(C)CCCC1.O=S(=O)([N-]S(=O)(=O)C(F)(F)F)C(F)(F)F,[COC2mPyr][NTf2],thiophene,c1ccsc1,S-compound,n-heptane,CCCCCCC,alkane,0.88,0.087,0.033,0.0,0.036,0.964,101.325,0.09090909,434,298.15,0.692686,0.2909147,0.016399255,0.004823191,0.3417864,0.6533904
,1-(2-methoxyethyl)-1-methylpyrrolidinium bis(trifluoromethylsulfonyl)imide,COCC[N+]1(C)CCCC1.O=S(=O)([N-]S(=O)(=O)C(F)(F)F)C(F)(F)F,[COC2mPyr][NTf2],thiophene,c1ccsc1,S-compound,n-heptane,CCCCCCC,alkane,0.744,0.223,0.033,0.0,0.109,0.891,101.325,0.18181819,434,298.15,0.6654134,0.3168747,0.017711882,0.0051354724,0.36512467,0.6297399
,1-(2-methoxyethyl)-1-methylpyrrolidinium bis(trifluoromethylsulfonyl)imide,COCC[N+]1(C)CCCC1.O=S(=O)([N-]S(=O)(=O)C(F)(F)F)C(F)(F)F,[COC2mPyr][NTf2],thiophene,c1ccsc1,S-compound,n-heptane,CCCCCCC,alkane,0.596,0.368,0.036,0.0,0.212,0.788,101.325,0.27272728,434,298.15,0.6364002,0.34442064,0.019179046,0.0056173815,0.38867193,0.6057106
,1-(2-methoxyethyl)-1-methylpyrrolidinium bis(trifluoromethylsulfonyl)imide,COCC[N+]1(C)CCCC1.O=S(=O)([N-]S(=O)(=O)C(F)(F)F)C(F)(F)F,[COC2mPyr][NTf2],thiophene,c1ccsc1,S-compound,n-heptane,CCCCCCC,alkane,0.555,0.41,0.035,0.0,0.249,0.751,101.325,0.36363637,434,298.15,0.60682225,0.37255257,0.020625139,0.006037888,0.41280907,0.58115304
,1-(2-methoxyethyl)-1-methylpyrrolidinium bis(trifluoromethylsulfonyl)imide,COCC[N+]1(C)CCCC1.O=S(=O)([N-]S(=O)(=O)C(F)(F)F)C(F)(F)F,[COC2mPyr][NTf2],thiophene,c1ccsc1,S-compound,n-heptane,CCCCCCC,alkane,0.43400002,0.53200006,0.034000006,0.0,0.392,0.608,101.325,0.45454547,434,298.15,0.5767609,0.40120184,0.022037216,0.0063796747,0.43756092,0.5560594
,1-(2-methoxyethyl)-1-methylpyrrolidinium bis(trifluoromethylsulfonyl)imide,COCC[N+]1(C)CCCC1.O=S(=O)([N-]S(=O)(=O)C(F)(F)F)C(F)(F)F,[COC2mPyr][NTf2],thiophene,c1ccsc1,S-compound,n-heptane,CCCCCCC,alkane,0.371,0.596,0.033,0.0,0.493,0.507,101.325,0.54545456,434,298.15,0.54612535,0.43042684,0.023447845,0.0066852462,0.46321952,0.5300952
,1-(2-methoxyethyl)-1-methylpyrrolidinium bis(trifluoromethylsulfonyl)imide,COCC[N+]1(C)CCCC1.O=S(=O)([N-]S(=O)(=O)C(F)(F)F)C(F)(F)F,[COC2mPyr][NTf2],thiophene,c1ccsc1,S-compound,n-heptane,CCCCCCC,alkane,0.324,0.642,0.034,0.0,0.577,0.423,101.325,0.6363636,434,298.15,0.515187,0.45997682,0.024836158,0.0069463323,0.48957044,0.50348324
,1-(2-methoxyethyl)-1-methylpyrrolidinium bis(trifluoromethylsulfonyl)imide,COCC[N+]1(C)CCCC1.O=S(=O)([N-]S(=O)(=O)C(F)(F)F)C(F)(F)F,[COC2mPyr][NTf2],thiophene,c1ccsc1,S-compound,n-heptane,CCCCCCC,alkane,0.28,0.687,0.033,0.0,0.677,0.323,101.325,0.72727275,434,298.15,0.48423216,0.4895307,0.026237184,0.0072768065,0.5146106,0.4781126
,1-(2-methoxyethyl)-1-methylpyrrolidinium bis(trifluoromethylsulfonyl)imide,COCC[N+]1(C)CCCC1.O=S(=O)([N-]S(=O)(=O)C(F)(F)F)C(F)(F)F,[COC2mPyr][NTf2],thiophene,c1ccsc1,S-compound,n-heptane,CCCCCCC,alkane,0.253,0.716,0.031,0.0,0.756,0.244,101.325,0.8181818,434,298.15,0.4532726,0.51911205,0.027615367,0.0076017044,0.5396429,0.45275545
,1-(2-methoxyethyl)-1-methylpyrrolidinium bis(trifluoromethylsulfonyl)imide,COCC[N+]1(C)CCCC1.O=S(=O)([N-]S(=O)(=O)C(F)(F)F)C(F)(F)F,[COC2mPyr][NTf2],thiophene,c1ccsc1,S-compound,n-heptane,CCCCCCC,alkane,0.252,0.717,0.031,0.0,0.762,0.238,101.325,0.90909094,434,298.15,0.4230729,0.54804057,0.028886486,0.0077848397,0.5638419,0.42837334
,1-(2-methoxyethyl)-1-methylpyrrolidinium bis(trifluoromethylsulfonyl)imide,COCC[N+]1(C)CCCC1.O=S(=O)([N-]S(=O)(=O)C(F)(F)F)C(F)(F)F,[COC2mPyr][NTf2],thiophene,c1ccsc1,S-compound,n-heptane,CCCCCCC,alkane,0.21,0.764,0.026,0.0,0.861,0.139,101.325,1.0,434,298.15,0.39338538,0.5764468,0.030167839,0.008086816,0.5879675,0.40394565
no,"1-hexyl-3,5-dimethylpyridinium bis(trifluoromethylsulfonyl)imide",CCCCCC[n+]1cc(C)cc(C)c1.O=S(=O)([N-]S(=O)(=O)C(F)(F)F)C(F)(F)F,"[C63,5MMPy][NTf2]",thiophene,c1ccsc1,S-compound,n-hexane,CCCCCC,alkane,0.691,0.112,0.197,0.0,0.032,0.968,101.325,0.0,442,298.15,0.6406762,0.32318047,0.036143374,0.009144793,0.2416656,0.7491896
no,"1-hexyl-3,5-dimethylpyridinium bis(trifluoromethylsulfonyl)imide",CCCCCC[n+]1cc(C)cc(C)c1.O=S(=O)([N-]S(=O)(=O)C(F)(F)F)C(F)(F)F,"[C63,5MMPy][NTf2]",thiophene,c1ccsc1,S-compound,n-hexane,CCCCCC,alkane,0.58000004,0.24300002,0.17700002,0.0,0.079,0.921,101.325,0.1,442,298.15,0.6092211,0.35149536,0.039283495,0.010592046,0.26158693,0.72782105
no,"1-hexyl-3,5-dimethylpyridinium bis(trifluoromethylsulfonyl)imide",CCCCCC[n+]1cc(C)cc(C)c1.O=S(=O)([N-]S(=O)(=O)C(F)(F)F)C(F)(F)F,"[C63,5MMPy][NTf2]",thiophene,c1ccsc1,S-compound,n-hexane,CCCCCC,alkane,0.453,0.399,0.148,0.0,0.173,0.827,101.325,0.2,442,298.15,0.5782528,0.37962037,0.042126887,0.011384105,0.28237253,0.7062434
no,"1-hexyl-3,5-dimethylpyridinium bis(trifluoromethylsulfonyl)imide",CCCCCC[n+]1cc(C)cc(C)c1.O=S(=O)([N-]S(=O)(=O)C(F)(F)F)C(F)(F)F,"[C63,5MMPy][NTf2]",thiophene,c1ccsc1,S-compound,n-hexane,CCCCCC,alkane,0.314,0.553,0.133,0.0,0.357,0.643,101.325,0.3,442,298.15,0.5466508,0.4083598,0.044989422,0.01219991,0.30407074,0.6837293
no,"1-hexyl-3,5-dimethylpyridinium bis(trifluoromethylsulfonyl)imide",CCCCCC[n+]1cc(C)cc(C)c1.O=S(=O)([N-]S(=O)(=O)C(F)(F)F)C(F)(F)F,"[C63,5MMPy][NTf2]",thiophene,c1ccsc1,S-compound,n-hexane,CCCCCC,alkane,0.262,0.615,0.123,0.0,0.456,0.544,101.325,0.4,442,298.15,0.5146904,0.4375713,0.04773837,0.012650494,0.32773122,0.6596183
no,"1-hexyl-3,5-dimethylpyridinium bis(trifluoromethylsulfonyl)imide",CCCCCC[n+]1cc(C)cc(C)c1.O=S(=O)([N-]S(=O)(=O)C(F)(F)F)C(F)(F)F,"[C63,5MMPy][NTf2]",thiophene,c1ccsc1,S-compound,n-hexane,CCCCCC,alkane,0.244,0.638,0.118,0.0,0.495,0.505,101.325,0.5,442,298.15,0.48260537,0.46681505,0.05057965,0.0134854205,0.35108745,0.6354271
no,"1-hexyl-3,5-dimethylpyridinium bis(trifluoromethylsulfonyl)imide",CCCCCC[n+]1cc(C)cc(C)c1.O=S(=O)([N-]S(=O)(=O)C(F)(F)F)C(F)(F)F,"[C63,5MMPy][NTf2]",thiophene,c1ccsc1,S-compound,n-hexane,CCCCCC,alkane,0.216,0.674,0.11,0.0,0.598,0.402,101.325,0.6,442,298.15,0.45124003,0.49589598,0.05286397,0.013417694,0.37616706,0.6104152
no,"1-hexyl-3,5-dimethylpyridinium bis(trifluoromethylsulfonyl)imide",CCCCCC[n+]1cc(C)cc(C)c1.O=S(=O)([N-]S(=O)(=O)C(F)(F)F)C(F)(F)F,"[C63,5MMPy][NTf2]",thiophene,c1ccsc1,S-compound,n-hexane,CCCCCC,alkane,0.215,0.68,0.105,0.0,0.637,0.363,101.325,0.7,442,298.15,0.41979966,0.52488357,0.055316783,0.013761668,0.40137598,0.58486235
no,"1-hexyl-3,5-dimethylpyridinium bis(trifluoromethylsulfonyl)imide",CCCCCC[n+]1cc(C)cc(C)c1.O=S(=O)([N-]S(=O)(=O)C(F)(F)F)C(F)(F)F,"[C63,5MMPy][NTf2]",thiophene,c1ccsc1,S-compound,n-hexane,CCCCCC,alkane,0.168,0.746,0.086,0.0,0.78,0.22,101.325,0.8,442,298.15,0.3889943,0.5531128,0.057892907,0.014538769,0.4263331,0.55912817
no,"1-hexyl-3,5-dimethylpyridinium bis(trifluoromethylsulfonyl)imide",CCCCCC[n+]1cc(C)cc(C)c1.O=S(=O)([N-]S(=O)(=O)C(F)(F)F)C(F)(F)F,"[C63,5MMPy][NTf2]",thiophene,c1ccsc1,S-compound,n-hexane,CCCCCC,alkane,0.138,0.805,0.057,0.0,0.887,0.113,101.325,0.9,442,298.15,0.35890535,0.5804738,0.06062082,0.015765384,0.45079756,0.5334371
no,"1-hexyl-3,5-dimethylpyridinium bis(trifluoromethylsulfonyl)imide",CCCCCC[n+]1cc(C)cc(C)c1.O=S(=O)([N-]S(=O)(=O)C(F)(F)F)C(F)(F)F,"[C63,5MMPy][NTf2]",thiophene,c1ccsc1,S-compound,n-hexane,CCCCCC,alkane,0.133,0.828,0.039,0.0,0.931,0.069,101.325,1.0,442,298.15,0.3301222,0.6067717,0.06310604,0.016795335,0.4755987,0.50760597
,1-ethyl-3-methylimidazolium thiocyanate,CCn1cc[n+](C)c1.N#C[S-],[C2MIm][SCN],thiophene,c1ccsc1,S-compound,n-heptane,CCCCCCC,alkane,0.9473,0.0523,0.0004,0.0,0.0824,0.9176,101.325,0.0,447,298.15,0.92131174,0.075048946,0.0036392375,0.0017057091,0.10013933,0.89815503
,1-ethyl-3-methylimidazolium thiocyanate,CCn1cc[n+](C)c1.N#C[S-],[C2MIm][SCN],thiophene,c1ccsc1,S-compound,n-heptane,CCCCCCC,alkane,0.8918,0.1082,0.0,0.0,0.1561,0.8439,101.325,0.14285715,447,298.15,0.90599984,0.08972913,0.004271004,0.0019525475,0.11533469,0.88271284
,1-ethyl-3-methylimidazolium thiocyanate,CCn1cc[n+](C)c1.N#C[S-],[C2MIm][SCN],thiophene,c1ccsc1,S-compound,n-heptane,CCCCCCC,alkane,0.8693,0.1287,0.002,0.0,0.2045,0.7955,101.325,0.2857143,447,298.15,0.8881885,0.10682516,0.004986321,0.0022114273,0.13258629,0.86520225
,1-ethyl-3-methylimidazolium thiocyanate,CCn1cc[n+](C)c1.N#C[S-],[C2MIm][SCN],thiophene,c1ccsc1,S-compound,n-heptane,CCCCCCC,alkane,0.7689,0.2311,0.0,0.0316,0.3088,0.6596,101.325,0.42857143,447,298.15,0.8670093,0.12715764,0.0058330917,0.0025391127,0.15201609,0.8454448
,1-ethyl-3-methylimidazolium thiocyanate,CCn1cc[n+](C)c1.N#C[S-],[C2MIm][SCN],thiophene,c1ccsc1,S-compound,n-heptane,CCCCCCC,alkane,0.734,0.266,0.0,0.014,0.3701,0.6159,101.325,0.5714286,447,298.15,0.8424387,0.15075928,0.006802013,0.0029137859,0.17380822,0.82327807
,1-ethyl-3-methylimidazolium thiocyanate,CCn1cc[n+](C)c1.N#C[S-],[C2MIm][SCN],thiophene,c1ccsc1,S-compound,n-heptane,CCCCCCC,alkane,0.6604,0.3396,0.0,0.0,0.4486,0.5514,101.325,0.71428573,447,298.15,0.8141646,0.17793323,0.007902178,0.0033430487,0.19811906,0.79853785
,1-ethyl-3-methylimidazolium thiocyanate,CCn1cc[n+](C)c1.N#C[S-],[C2MIm][SCN],thiophene,c1ccsc1,S-compound,n-heptane,CCCCCCC,alkane,0.597,0.403,0.0,0.0,0.5702,0.4298,101.325,0.85714287,447,298.15,0.7824255,0.20846947,0.009104956,0.0037920699,0.22472103,0.77148694
,1-ethyl-3-methylimidazolium thiocyanate,CCn1cc[n+](C)c1.N#C[S-],[C2MIm][SCN],thiophene,c1ccsc1,S-compound,n-heptane,CCCCCCC,alkane,0.48300004,0.51530004,0.0017000001,0.0,0.7361,0.2639,101.325,1.0,447,298.15,0.74711627,0.24247171,0.010412038,0.0042645335,0.25346044,0.74227506
no,1-methyl-3-octyl-imidazolium thiocyanate,CCCCCCCCn1cc[n+](C)c1.N#C[S-],[C8MIm][SCN],thiophene,c1ccsc1,S-compound,n-hexane,CCCCCC,alkane,0.862,0.017,0.121,0.0,0.008,0.992,101.325,0.0,455,298.15,0.81525904,0.16125785,0.023483098,0.005530995,0.09163541,0.9028336
no,1-methyl-3-octyl-imidazolium thiocyanate,CCCCCCCCn1cc[n+](C)c1.N#C[S-],[C8MIm][SCN],thiophene,c1ccsc1,S-compound,n-hexane,CCCCCC,alkane,0.807,0.054,0.139,0.0,0.023,0.977,101.325,0.11111111,455,298.15,0.7938919,0.18009487,0.026013253,0.006099756,0.100638874,0.8932613
no,1-methyl-3-octyl-imidazolium thiocyanate,CCCCCCCCn1cc[n+](C)c1.N#C[S-],[C8MIm][SCN],thiophene,c1ccsc1,S-compound,n-hexane,CCCCCC,alkane,0.798,0.065,0.137,0.0,0.026,0.974,101.325,0.22222222,455,298.15,0.77069944,0.20055874,0.028741848,0.006721233,0.11043741,0.8828413
no,1-methyl-3-octyl-imidazolium thiocyanate,CCCCCCCCn1cc[n+](C)c1.N#C[S-],[C8MIm][SCN],thiophene,c1ccsc1,S-compound,n-hexane,CCCCCC,alkane,0.742,0.12,0.138,0.0,0.05,0.95,101.325,0.33333334,455,298.15,0.7457317,0.22262019,0.03164808,0.007393747,0.12104306,0.87156326
no,1-methyl-3-octyl-imidazolium thiocyanate,CCCCCCCCn1cc[n+](C)c1.N#C[S-],[C8MIm][SCN],thiophene,c1ccsc1,S-compound,n-hexane,CCCCCC,alkane,0.684,0.183,0.133,0.0,0.077,0.923,101.325,0.44444445,455,298.15,0.7190121,0.24625233,0.03473558,0.008123301,0.13251178,0.8593649
no,1-methyl-3-octyl-imidazolium thiocyanate,CCCCCCCCn1cc[n+](C)c1.N#C[S-],[C8MIm][SCN],thiophene,c1ccsc1,S-compound,n-hexane,CCCCCC,alkane,0.649,0.222,0.129,0.0,0.102,0.898,101.325,0.5555556,455,298.15,0.69062096,0.2713941,0.037984967,0.008912966,0.14489903,0.846188
no,1-methyl-3-octyl-imidazolium thiocyanate,CCCCCCCCn1cc[n+](C)c1.N#C[S-],[C8MIm][SCN],thiophene,c1ccsc1,S-compound,n-hexane,CCCCCC,alkane,0.568,0.322,0.11,0.0,0.192,0.808,101.325,0.6666667,455,298.15,0.66086775,0.29776964,0.0413626,0.009758586,0.15814976,0.8320916
no,1-methyl-3-octyl-imidazolium thiocyanate,CCCCCCCCn1cc[n+](C)c1.N#C[S-],[C8MIm][SCN],thiophene,c1ccsc1,S-compound,n-hexane,CCCCCC,alkane,0.524,0.367,0.109,0.0,0.238,0.762,101.325,0.7777778,455,298.15,0.6296082,0.32552338,0.044868354,0.010667097,0.17242552,0.8169073
no,1-methyl-3-octyl-imidazolium thiocyanate,CCCCCCCCn1cc[n+](C)c1.N#C[S-],[C8MIm][SCN],thiophene,c1ccsc1,S-compound,n-hexane,CCCCCC,alkane,0.453,0.442,0.105,0.0,0.31,0.69,101.325,0.8888889,455,298.15,0.59741354,0.3541372,0.048449207,0.011633587,0.18756913,0.8007972
no,1-methyl-3-octyl-imidazolium thiocyanate,CCCCCCCCn1cc[n+](C)c1.N#C[S-],[C8MIm][SCN],thiophene,c1ccsc1,S-compound,n-hexane,CCCCCC,alkane,0.377,0.528,0.095,0.0,0.419,0.581,101.325,1.0,455,298.15,0.56422126,0.3836848,0.052093916,0.01266708,0.20374228,0.7835907
,1-butyl-1-methylpyrrolidinium tricyanomethanide,CCCC[N+]1(C)CCCC1.N#CC(=C=[N-])C#N,[C4MPyr][C(CN)3],thiophene,c1ccsc1,S-compound,n-heptane,CCCCCCC,alkane,0.923,0.051,0.026,0.0,0.015,0.985,101.325,0.0,480,298.15,0.725131,0.2560093,0.018859759,0.0051262556,0.29897338,0.6959003
,1-butyl-1-methylpyrrolidinium tricyanomethanide,CCCC[N+]1(C)CCCC1.N#CC(=C=[N-])C#N,[C4MPyr][C(CN)3],thiophene,c1ccsc1,S-compound,n-heptane,CCCCCCC,alkane,0.796,0.178,0.026,0.0,0.057,0.943,101.325,0.1,480,298.15,0.6978807,0.28151837,0.020600963,0.005602196,0.32047978,0.673918
,1-butyl-1-methylpyrrolidinium tricyanomethanide,CCCC[N+]1(C)CCCC1.N#CC(=C=[N-])C#N,[C4MPyr][C(CN)3],thiophene,c1ccsc1,S-compound,n-heptane,CCCCCCC,alkane,0.62100005,0.35000002,0.029000001,0.0,0.129,0.871,101.325,0.2,480,298.15,0.6694889,0.3081542,0.022356812,0.0060013053,0.3438689,0.6501298
,1-butyl-1-methylpyrrolidinium tricyanomethanide,CCCC[N+]1(C)CCCC1.N#CC(=C=[N-])C#N,[C4MPyr][C(CN)3],thiophene,c1ccsc1,S-compound,n-heptane,CCCCCCC,alkane,0.539,0.435,0.026,0.0,0.189,0.811,101.325,0.3,480,298.15,0.6402336,0.33566925,0.024097132,0.006291579,0.36889684,0.62481153
,1-butyl-1-methylpyrrolidinium tricyanomethanide,CCCC[N+]1(C)CCCC1.N#CC(=C=[N-])C#N,[C4MPyr][C(CN)3],thiophene,c1ccsc1,S-compound,n-heptane,CCCCCCC,alkane,0.469,0.506,0.025,0.0,0.245,0.755,101.325,0.4,480,298.15,0.60950714,0.36453843,0.025954423,0.0067021335,0.3936244,0.59967345
,1-butyl-1-methylpyrrolidinium tricyanomethanide,CCCC[N+]1(C)CCCC1.N#CC(=C=[N-])C#N,[C4MPyr][C(CN)3],thiophene,c1ccsc1,S-compound,n-heptane,CCCCCCC,alkane,0.37600002,0.59900004,0.025000002,0.0,0.352,0.648,101.325,0.5,480,298.15,0.57785165,0.3943072,0.02784116,0.007118679,0.41896573,0.57391554
,1-butyl-1-methylpyrrolidinium tricyanomethanide,CCCC[N+]1(C)CCCC1.N#CC(=C=[N-])C#N,[C4MPyr][C(CN)3],thiophene,c1ccsc1,S-compound,n-heptane,CCCCCCC,alkane,0.325,0.651,0.024,0.0,0.445,0.555,101.325,0.6,480,298.15,0.5456347,0.42462966,0.02973564,0.0075378222,0.44454443,0.5479178
,1-butyl-1-methylpyrrolidinium tricyanomethanide,CCCC[N+]1(C)CCCC1.N#CC(=C=[N-])C#N,[C4MPyr][C(CN)3],thiophene,c1ccsc1,S-compound,n-heptane,CCCCCCC,alkane,0.274,0.703,0.023,0.0,0.551,0.449,101.325,0.7,480,298.15,0.51306546,0.4553054,0.03162909,0.007957515,0.47038704,0.5216554
,1-butyl-1-methylpyrrolidinium tricyanomethanide,CCCC[N+]1(C)CCCC1.N#CC(=C=[N-])C#N,[C4MPyr][C(CN)3],thiophene,c1ccsc1,S-compound,n-heptane,CCCCCCC,alkane,0.245,0.734,0.021,0.0,0.667,0.333,101.325,0.8,480,298.15,0.4602266,0.50479704,0.03497635,0.008275032,0.5072575,0.48446745
,1-butyl-1-methylpyrrolidinium tricyanomethanide,CCCC[N+]1(C)CCCC1.N#CC(=C=[N-])C#N,[C4MPyr][C(CN)3],thiophene,c1ccsc1,S-compound,n-heptane,CCCCCCC,alkane,0.191,0.782,0.027,0.0,0.807,0.193,101.325,0.9,480,298.15,0.42793724,0.5352751,0.036787655,0.00867531,0.5330039,0.4583207
,1-butyl-1-methylpyrrolidinium tricyanomethanide,CCCC[N+]1(C)CCCC1.N#CC(=C=[N-])C#N,[C4MPyr][C(CN)3],thiophene,c1ccsc1,S-compound,n-heptane,CCCCCCC,alkane,0.172,0.815,0.013,0.0,0.893,0.107,101.325,1.0,480,298.15,0.39620954,0.56524694,0.03854353,0.009068152,0.55849236,0.4324395
,1-ethyl-3-methylimidazolium ethylsulfate,CCOS(=O)(=O)[O-].CCn1cc[n+](C)c1,[C2MIm][EtSO4],thiophene,c1ccsc1,S-compound,n-hexadecane,CCCCCCCCCCCCCCCC,alkane,0.918,0.06,0.022,0.0,0.074,0.926,101.325,0.0,507,298.15,0.8325701,0.15955827,0.007871587,0.0027923556,0.25945467,0.73775303
,1-ethyl-3-methylimidazolium ethylsulfate,CCOS(=O)(=O)[O-].CCn1cc[n+](C)c1,[C2MIm][EtSO4],thiophene,c1ccsc1,S-compound,n-hexadecane,CCCCCCCCCCCCCCCC,alkane,0.868,0.111,0.021,0.0,0.134,0.866,101.325,0.11111111,507,298.15,0.80908096,0.18205208,0.008866969,0.003061971,0.28523588,0.71170217
,1-ethyl-3-methylimidazolium ethylsulfate,CCOS(=O)(=O)[O-].CCn1cc[n+](C)c1,[C2MIm][EtSO4],thiophene,c1ccsc1,S-compound,n-hexadecane,CCCCCCCCCCCCCCCC,alkane,0.814,0.168,0.018,0.0,0.193,0.807,101.325,0.22222222,507,298.15,0.78316724,0.20688187,0.009950888,0.0033454655,0.31238866,0.68426585
,1-ethyl-3-methylimidazolium ethylsulfate,CCOS(=O)(=O)[O-].CCn1cc[n+](C)c1,[C2MIm][EtSO4],thiophene,c1ccsc1,S-compound,n-hexadecane,CCCCCCCCCCCCCCCC,alkane,0.781,0.207,0.012,0.0,0.25,0.75,101.325,0.33333334,507,298.15,0.7548721,0.23401067,0.011117269,0.0036398557,0.34082225,0.65553784
,1-ethyl-3-methylimidazolium ethylsulfate,CCOS(=O)(=O)[O-].CCn1cc[n+](C)c1,[C2MIm][EtSO4],thiophene,c1ccsc1,S-compound,n-hexadecane,CCCCCCCCCCCCCCCC,alkane,0.73600006,0.24800001,0.016000003,0.0,0.304,0.696,101.325,0.44444445,507,298.15,0.72438234,0.26327613,0.012341597,0.003912726,0.37040484,0.62568253
,1-ethyl-3-methylimidazolium ethylsulfate,CCOS(=O)(=O)[O-].CCn1cc[n+](C)c1,[C2MIm][EtSO4],thiophene,c1ccsc1,S-compound,n-hexadecane,CCCCCCCCCCCCCCCC,alkane,0.688,0.305,0.007,0.0,0.356,0.644,101.325,0.5555556,507,298.15,0.69140184,0.29493713,0.013660999,0.0042241365,0.40101314,0.5947627
,1-ethyl-3-methylimidazolium ethylsulfate,CCOS(=O)(=O)[O-].CCn1cc[n+](C)c1,[C2MIm][EtSO4],thiophene,c1ccsc1,S-compound,n-hexadecane,CCCCCCCCCCCCCCCC,alkane,0.65400004,0.33000004,0.016000003,0.0,0.409,0.591,101.325,0.6666667,507,298.15,0.6564709,0.32849175,0.015037312,0.004538873,0.43231472,0.56314635
,1-ethyl-3-methylimidazolium ethylsulfate,CCOS(=O)(=O)[O-].CCn1cc[n+](C)c1,[C2MIm][EtSO4],thiophene,c1ccsc1,S-compound,n-hexadecane,CCCCCCCCCCCCCCCC,alkane,0.624,0.37,0.006,0.0,0.455,0.545,101.325,0.7777778,507,298.15,0.6199403,0.36361456,0.01644513,0.004840309,0.46417516,0.5309845
,1-ethyl-3-methylimidazolium ethylsulfate,CCOS(=O)(=O)[O-].CCn1cc[n+](C)c1,[C2MIm][EtSO4],thiophene,c1ccsc1,S-compound,n-hexadecane,CCCCCCCCCCCCCCCC,alkane,0.589,0.404,0.007,0.0,0.505,0.495,101.325,0.8888889,507,298.15,0.5820985,0.40002042,0.017881066,0.0051460997,0.49608397,0.49876994
,1-ethyl-3-methylimidazolium ethylsulfate,CCOS(=O)(=O)[O-].CCn1cc[n+](C)c1,[C2MIm][EtSO4],thiophene,c1ccsc1,S-compound,n-hexadecane,CCCCCCCCCCCCCCCC,alkane,0.566,0.424,0.01,0.0,0.555,0.445,101.325,1.0,507,298.15,0.54302394,0.43762445,0.019351648,0.005460162,0.5280344,0.46650544
,1-ethyl-3-methylimidazolium diethylphosphate,CCOP(=O)([O-])OCC.CCn1cc[n+](C)c1,[C2MIm][DEP],thiophene,c1ccsc1,S-compound,n-hexane,CCCCCC,alkane,0.942,0.0,0.058,0.0,0.0,1.0,101.325,0.0,510,298.15,0.80728054,0.17778274,0.014936681,0.004916272,0.14678039,0.8483034
,1-ethyl-3-methylimidazolium diethylphosphate,CCOP(=O)([O-])OCC.CCn1cc[n+](C)c1,[C2MIm][DEP],thiophene,c1ccsc1,S-compound,n-hexane,CCCCCC,alkane,0.896,0.046,0.058,0.0,0.016,0.984,101.325,0.125,510,298.15,0.7798504,0.20325671,0.016892796,0.005555787,0.16438597,0.8300582
,1-ethyl-3-methylimidazolium diethylphosphate,CCOP(=O)([O-])OCC.CCn1cc[n+](C)c1,[C2MIm][DEP],thiophene,c1ccsc1,S-compound,n-hexane,CCCCCC,alkane,0.735,0.21,0.055,0.0,0.09,0.91,101.325,0.25,510,298.15,0.74963176,0.23136689,0.01900133,0.0062057963,0.1840822,0.809712
,1-ethyl-3-methylimidazolium diethylphosphate,CCOP(=O)([O-])OCC.CCn1cc[n+](C)c1,[C2MIm][DEP],thiophene,c1ccsc1,S-compound,n-hexane,CCCCCC,alkane,0.611,0.34,0.049,0.0,0.168,0.832,101.325,0.375,510,298.15,0.71673113,0.2619973,0.021271594,0.0069258395,0.20550334,0.7875708
,1-ethyl-3-methylimidazolium diethylphosphate,CCOP(=O)([O-])OCC.CCn1cc[n+](C)c1,[C2MIm][DEP],thiophene,c1ccsc1,S-compound,n-hexane,CCCCCC,alkane,0.506,0.45,0.044,0.0,0.304,0.696,101.325,0.5,510,298.15,0.6811989,0.29511112,0.023690011,0.007720072,0.22869506,0.7635849
,1-ethyl-3-methylimidazolium diethylphosphate,CCOP(=O)([O-])OCC.CCn1cc[n+](C)c1,[C2MIm][DEP],thiophene,c1ccsc1,S-compound,n-hexane,CCCCCC,alkane,0.405,0.54,0.055,0.0,0.431,0.569,101.325,0.625,510,298.15,0.6437664,0.33003408,0.026199497,0.008533237,0.25360525,0.7378615
,1-ethyl-3-methylimidazolium diethylphosphate,CCOP(=O)([O-])OCC.CCn1cc[n+](C)c1,[C2MIm][DEP],thiophene,c1ccsc1,S-compound,n-hexane,CCCCCC,alkane,0.332,0.617,0.051,0.0,0.608,0.392,101.325,0.75,510,298.15,0.6043795,0.36682606,0.02879446,0.00930947,0.2808737,0.7098168
,1-ethyl-3-methylimidazolium diethylphosphate,CCOP(=O)([O-])OCC.CCn1cc[n+](C)c1,[C2MIm][DEP],thiophene,c1ccsc1,S-compound,n-hexane,CCCCCC,alkane,0.26900002,0.67800003,0.053000003,0.0,0.71,0.29,101.325,0.875,510,298.15,0.5636654,0.40489867,0.03143588,0.010159196,0.30937633,0.68046445
,1-ethyl-3-methylimidazolium diethylphosphate,CCOP(=O)([O-])OCC.CCn1cc[n+](C)c1,[C2MIm][DEP],thiophene,c1ccsc1,S-compound,n-hexane,CCCCCC,alkane,0.239,0.712,0.049,0.0,0.804,0.196,101.325,1.0,510,298.15,0.5222711,0.44365332,0.03407554,0.011083351,0.33891973,0.649997
,1-butyl-3-methylimidazolium thiocyanate,CCCCn1cc[n+](C)c1.N#C[S-],[C4MIm][SCN],Thiophene,c1ccsc1,S-compound,n-Hexane,CCCCCC,alkane,0.958,0.029,0.013,0.0,0.012,0.988,101.325,0.0,518,298.15,0.8847871,0.1072444,0.0079685645,0.0029266393,0.09358579,0.90348756
,1-butyl-3-methylimidazolium thiocyanate,CCCCn1cc[n+](C)c1.N#C[S-],[C4MIm][SCN],Thiophene,c1ccsc1,S-compound,n-Hexane,CCCCCC,alkane,0.904,0.083,0.013,0.0,0.038,0.962,101.325,0.125,518,298.15,0.8669869,0.123924986,0.009088079,0.0033000628,0.10539298,0.8913069
,1-butyl-3-methylimidazolium thiocyanate,CCCCn1cc[n+](C)c1.N#C[S-],[C4MIm][SCN],Thiophene,c1ccsc1,S-compound,n-Hexane,CCCCCC,alkane,0.883,0.105,0.012,0.0,0.054,0.946,101.325,0.25,518,298.15,0.8467937,0.14286134,0.010344959,0.0037176094,0.11849055,0.8777918
,1-butyl-3-methylimidazolium thiocyanate,CCCCn1cc[n+](C)c1.N#C[S-],[C4MIm][SCN],Thiophene,c1ccsc1,S-compound,n-Hexane,CCCCCC,alkane,0.829,0.158,0.013,0.0,0.078,0.922,101.325,0.375,518,298.15,0.82396805,0.16429815,0.011733831,0.0041812444,0.13311133,0.86270744
,1-butyl-3-methylimidazolium thiocyanate,CCCCn1cc[n+](C)c1.N#C[S-],[C4MIm][SCN],Thiophene,c1ccsc1,S-compound,n-Hexane,CCCCCC,alkane,0.795,0.192,0.013,0.0,0.11,0.89,101.325,0.5,518,298.15,0.7985728,0.1881608,0.013266454,0.0046923016,0.1492074,0.8461002
,1-butyl-3-methylimidazolium thiocyanate,CCCCn1cc[n+](C)c1.N#C[S-],[C4MIm][SCN],Thiophene,c1ccsc1,S-compound,n-Hexane,CCCCCC,alkane,0.71500003,0.27100003,0.014000001,0.0,0.175,0.825,101.325,0.625,518,298.15,0.7434734,0.23930718,0.017219462,0.0071750246,0.18733478,0.80549014
,1-butyl-3-methylimidazolium thiocyanate,CCCCn1cc[n+](C)c1.N#C[S-],[C4MIm][SCN],Thiophene,c1ccsc1,S-compound,n-Hexane,CCCCCC,alkane,0.66400003,0.32500002,0.011000001,0.0,0.245,0.755,101.325,0.75,518,298.15,0.699692,0.279852,0.02045604,0.0089175645,0.21811652,0.7729659
,1-butyl-3-methylimidazolium thiocyanate,CCCCn1cc[n+](C)c1.N#C[S-],[C4MIm][SCN],Thiophene,c1ccsc1,S-compound,n-Hexane,CCCCCC,alkane,0.6046046,0.3823824,0.013013014,0.0,0.294,0.706,101.325,0.875,518,298.15,0.6647976,0.3126118,0.022590548,0.009848972,0.24098793,0.74916315
,1-butyl-3-methylimidazolium thiocyanate,CCCCn1cc[n+](C)c1.N#C[S-],[C4MIm][SCN],Thiophene,c1ccsc1,S-compound,n-Hexane,CCCCCC,alkane,0.5189621,0.46706587,0.013972057,0.0,0.386,0.614,101.325,1.0,518,298.15,0.6281238,0.34706843,0.024807725,0.010836927,0.265333,0.7238301
,1-methyl-3-octyl-imidazolium tetrafluoroborate,CCCCCCCC[n+]1ccn(C)c1.F[B-](F)(F)F,[C8MIm][BF4],thiophene,c1ccsc1,S-compound,cyclohexane,C1CCCCC1,cycloalkane,0.792,0.0,0.208,0.052,0.0,0.948,101.325,0.0,527,298.15,0.5797866,0.32600147,0.09421199,0.018584289,0.27493086,0.70648485
,1-methyl-3-octyl-imidazolium tetrafluoroborate,CCCCCCCC[n+]1ccn(C)c1.F[B-](F)(F)F,[C8MIm][BF4],thiophene,c1ccsc1,S-compound,cyclohexane,C1CCCCC1,cycloalkane,0.676,0.126,0.198,0.048,0.066,0.886,101.325,0.11111111,527,298.15,0.54681784,0.3521511,0.101031095,0.019926913,0.29211777,0.68795526
,1-methyl-3-octyl-imidazolium tetrafluoroborate,CCCCCCCC[n+]1ccn(C)c1.F[B-](F)(F)F,[C8MIm][BF4],thiophene,c1ccsc1,S-compound,cyclohexane,C1CCCCC1,cycloalkane,0.591,0.22,0.189,0.045,0.125,0.83,101.325,0.22222222,527,298.15,0.5140474,0.3783409,0.10761165,0.021174211,0.31009084,0.66873497
,1-methyl-3-octyl-imidazolium tetrafluoroborate,CCCCCCCC[n+]1ccn(C)c1.F[B-](F)(F)F,[C8MIm][BF4],thiophene,c1ccsc1,S-compound,cyclohexane,C1CCCCC1,cycloalkane,0.47000003,0.34800002,0.18200001,0.043,0.234,0.723,101.325,0.33333334,527,298.15,0.48100865,0.40476376,0.11422767,0.02252829,0.32833204,0.6491397
,1-methyl-3-octyl-imidazolium tetrafluoroborate,CCCCCCCC[n+]1ccn(C)c1.F[B-](F)(F)F,[C8MIm][BF4],thiophene,c1ccsc1,S-compound,cyclohexane,C1CCCCC1,cycloalkane,0.349,0.483,0.168,0.042,0.376,0.582,101.325,0.44444445,527,298.15,0.44779345,0.43135023,0.12085629,0.023999015,0.34684524,0.6291557
,1-methyl-3-octyl-imidazolium tetrafluoroborate,CCCCCCCC[n+]1ccn(C)c1.F[B-](F)(F)F,[C8MIm][BF4],thiophene,c1ccsc1,S-compound,cyclohexane,C1CCCCC1,cycloalkane,0.297,0.54,0.163,0.04,0.494,0.466,101.325,0.5555556,527,298.15,0.41505107,0.45763275,0.1273162,0.02551961,0.36569482,0.6087856
,1-methyl-3-octyl-imidazolium tetrafluoroborate,CCCCCCCC[n+]1ccn(C)c1.F[B-](F)(F)F,[C8MIm][BF4],thiophene,c1ccsc1,S-compound,cyclohexane,C1CCCCC1,cycloalkane,0.233,0.619,0.148,0.033,0.606,0.361,101.325,0.6666667,527,298.15,0.4364459,0.44632843,0.11722568,0.01892409,0.35582888,0.62524706
,1-methyl-3-octyl-imidazolium tetrafluoroborate,CCCCCCCC[n+]1ccn(C)c1.F[B-](F)(F)F,[C8MIm][BF4],thiophene,c1ccsc1,S-compound,cyclohexane,C1CCCCC1,cycloalkane,0.206,0.659,0.135,0.031,0.671,0.298,101.325,0.7777778,527,298.15,0.40323412,0.47333497,0.12343086,0.02014091,0.3753609,0.6044982
,1-methyl-3-octyl-imidazolium tetrafluoroborate,CCCCCCCC[n+]1ccn(C)c1.F[B-](F)(F)F,[C8MIm][BF4],thiophene,c1ccsc1,S-compound,cyclohexane,C1CCCCC1,cycloalkane,0.142,0.776,0.082,0.024,0.81,0.166,101.325,0.8888889,527,298.15,0.3711326,0.4995232,0.1293442,0.02138179,0.3950117,0.5836066
,1-methyl-3-octyl-imidazolium tetrafluoroborate,CCCCCCCC[n+]1ccn(C)c1.F[B-](F)(F)F,[C8MIm][BF4],thiophene,c1ccsc1,S-compound,cyclohexane,C1CCCCC1,cycloalkane,0.121,0.827,0.052,0.02,0.89,0.09,101.325,1.0,527,298.15,0.34003982,0.52498716,0.134973,0.02265273,0.4148984,0.5624489
no,N-hexylisoquinolinium bis(trifluoromethylsulfonyl)imide,CCCCCC[n+]1ccc2ccccc2c1.O=S(=O)([N-]S(=O)(=O)C(F)(F)F)C(F)(F)F,[C6iQuin][NTf2],pyridine,c1ccncc1,N-compound,n-heptane,CCCCCCC,alkane,0.445,0.458,0.097,0.0,0.045,0.955,101.325,0.0,537,298.15,0.5725671,0.38436857,0.043064293,0.008071259,0.13502371,0.856905
no,N-hexylisoquinolinium bis(trifluoromethylsulfonyl)imide,CCCCCC[n+]1ccc2ccccc2c1.O=S(=O)([N-]S(=O)(=O)C(F)(F)F)C(F)(F)F,[C6iQuin][NTf2],pyridine,c1ccncc1,N-compound,n-heptane,CCCCCCC,alkane,0.418,0.483,0.099,0.0,0.076,0.924,101.325,0.11111111,537,298.15,0.5369257,0.41668013,0.04639422,0.008877295,0.14976634,0.84135634
no,N-hexylisoquinolinium bis(trifluoromethylsulfonyl)imide,CCCCCC[n+]1ccc2ccccc2c1.O=S(=O)([N-]S(=O)(=O)C(F)(F)F)C(F)(F)F,[C6iQuin][NTf2],pyridine,c1ccncc1,N-compound,n-heptane,CCCCCCC,alkane,0.378,0.527,0.095,0.0,0.089,0.911,101.325,0.22222222,537,298.15,0.50107265,0.4492247,0.04970264,0.009741083,0.16575156,0.8245073
no,N-hexylisoquinolinium bis(trifluoromethylsulfonyl)imide,CCCCCC[n+]1ccc2ccccc2c1.O=S(=O)([N-]S(=O)(=O)C(F)(F)F)C(F)(F)F,[C6iQuin][NTf2],pyridine,c1ccncc1,N-compound,n-heptane,CCCCCCC,alkane,0.31200004,0.59000003,0.098000005,0.0,0.108,0.892,101.325,0.33333334,537,298.15,0.46502826,0.48204657,0.052925166,0.0105009945,0.18353549,0.8059635
no,N-hexylisoquinolinium bis(trifluoromethylsulfonyl)imide,CCCCCC[n+]1ccc2ccccc2c1.O=S(=O)([N-]S(=O)(=O)C(F)(F)F)C(F)(F)F,[C6iQuin][NTf2],pyridine,c1ccncc1,N-compound,n-heptane,CCCCCCC,alkane,0.241,0.656,0.103,0.0,0.169,0.831,101.325,0.44444445,537,298.15,0.4292914,0.5147163,0.055992287,0.01111356,0.20308599,0.7858004
no,N-hexylisoquinolinium bis(trifluoromethylsulfonyl)imide,CCCCCC[n+]1ccc2ccccc2c1.O=S(=O)([N-]S(=O)(=O)C(F)(F)F)C(F)(F)F,[C6iQuin][NTf2],pyridine,c1ccncc1,N-compound,n-heptane,CCCCCCC,alkane,0.205,0.691,0.104,0.0,0.208,0.792,101.325,0.5555556,537,298.15,0.39426216,0.54662305,0.05911477,0.012104374,0.22331707,0.76457846
no,N-hexylisoquinolinium bis(trifluoromethylsulfonyl)imide,CCCCCC[n+]1ccc2ccccc2c1.O=S(=O)([N-]S(=O)(=O)C(F)(F)F)C(F)(F)F,[C6iQuin][NTf2],pyridine,c1ccncc1,N-compound,n-heptane,CCCCCCC,alkane,0.161,0.73,0.109,0.0,0.264,0.736,101.325,0.6666667,537,298.15,0.36129665,0.57642287,0.062280465,0.013630845,0.24286745,0.7435017
no,N-hexylisoquinolinium bis(trifluoromethylsulfonyl)imide,CCCCCC[n+]1ccc2ccccc2c1.O=S(=O)([N-]S(=O)(=O)C(F)(F)F)C(F)(F)F,[C6iQuin][NTf2],pyridine,c1ccncc1,N-compound,n-heptane,CCCCCCC,alkane,0.116,0.757,0.127,0.0,0.346,0.654,101.325,0.7777778,537,298.15,0.32941094,0.6053741,0.065215036,0.015024882,0.26434729,0.72062784
no,N-hexylisoquinolinium bis(trifluoromethylsulfonyl)imide,CCCCCC[n+]1ccc2ccccc2c1.O=S(=O)([N-]S(=O)(=O)C(F)(F)F)C(F)(F)F,[C6iQuin][NTf2],pyridine,c1ccncc1,N-compound,n-heptane,CCCCCCC,alkane,0.087,0.767,0.146,0.0,0.412,0.588,101.325,0.8888889,537,298.15,0.29881185,0.6333237,0.06786444,0.01620244,0.28784186,0.69595575
no,N-hexylisoquinolinium bis(trifluoromethylsulfonyl)imide,CCCCCC[n+]1ccc2ccccc2c1.O=S(=O)([N-]S(=O)(=O)C(F)(F)F)C(F)(F)F,[C6iQuin][NTf2],pyridine,c1ccncc1,N-compound,n-heptane,CCCCCCC,alkane,0.055,0.771,0.174,0.0,0.498,0.502,101.325,1.0,537,298.15,0.26976892,0.6599392,0.07029185,0.017320102,0.31271052,0.6699694
no,1-(3-hydroxypropyl)-3-methylimidazolium dicyanamide,C[n+]1ccn(CCCO)c1.N#CN=C=[N-],[OHC3MIm][N(CN)2],hex-1-ene,C=CCCCC,alkene,hexane,CCCCCC,alkane,0.991,0.009,0.0,0.0,1.0,0.0,101.325,0.0,570,298.15,0.9964294,0.0024813544,0.001089302,0.0008000914,0.42881554,0.5703844
no,1-(3-hydroxypropyl)-3-methylimidazolium dicyanamide,C[n+]1ccn(CCCO)c1.N#CN=C=[N-],[OHC3MIm][N(CN)2],hex-1-ene,C=CCCCC,alkene,hexane,CCCCCC,alkane,0.992,0.008,0.0,0.0,0.965,0.035,101.325,0.083333336,570,298.15,0.996093,0.002720895,0.0011860711,0.0008398965,0.43389678,0.5652634
no,1-(3-hydroxypropyl)-3-methylimidazolium dicyanamide,C[n+]1ccn(CCCO)c1.N#CN=C=[N-],[OHC3MIm][N(CN)2],hex-1-ene,C=CCCCC,alkene,hexane,CCCCCC,alkane,0.992,0.008,0.0,0.0,0.873,0.127,101.325,0.16666667,570,298.15,0.9957243,0.0029839994,0.0012916664,0.00088158314,0.43901426,0.5601042
no,1-(3-hydroxypropyl)-3-methylimidazolium dicyanamide,C[n+]1ccn(CCCO)c1.N#CN=C=[N-],[OHC3MIm][N(CN)2],hex-1-ene,C=CCCCC,alkene,hexane,CCCCCC,alkane,0.992,0.008,0.0,0.0,0.814,0.186,101.325,0.25,570,298.15,0.9952827,0.0033018899,0.0014153369,0.0009368168,0.44520596,0.5538572
no,1-(3-hydroxypropyl)-3-methylimidazolium dicyanamide,C[n+]1ccn(CCCO)c1.N#CN=C=[N-],[OHC3MIm][N(CN)2],hex-1-ene,C=CCCCC,alkene,hexane,CCCCCC,alkane,0.992,0.007,0.001,0.0,0.701,0.299,101.325,0.33333334,570,298.15,0.994816,0.003637777,0.0015462062,0.0009891143,0.45098162,0.5480293
no,1-(3-hydroxypropyl)-3-methylimidazolium dicyanamide,C[n+]1ccn(CCCO)c1.N#CN=C=[N-],[OHC3MIm][N(CN)2],hex-1-ene,C=CCCCC,alkene,hexane,CCCCCC,alkane,0.992,0.007,0.001,0.0,0.619,0.381,101.325,0.41666666,570,298.15,0.9943211,0.003993199,0.001685691,0.0010383723,0.45630836,0.54265326
no,1-(3-hydroxypropyl)-3-methylimidazolium dicyanamide,C[n+]1ccn(CCCO)c1.N#CN=C=[N-],[OHC3MIm][N(CN)2],hex-1-ene,C=CCCCC,alkene,hexane,CCCCCC,alkane,0.99200004,0.0060000005,0.0020000003,0.0,0.522,0.478,101.325,0.5,570,298.15,0.9938367,0.0043420075,0.0018212948,0.0010696441,0.46134737,0.537583
no,1-(3-hydroxypropyl)-3-methylimidazolium dicyanamide,C[n+]1ccn(CCCO)c1.N#CN=C=[N-],[OHC3MIm][N(CN)2],hex-1-ene,C=CCCCC,alkene,hexane,CCCCCC,alkane,0.993,0.004,0.003,0.0,0.412,0.588,101.325,0.5833333,570,298.15,0.9933711,0.004676734,0.0019520944,0.0010825603,0.46607986,0.53283757
no,1-(3-hydroxypropyl)-3-methylimidazolium dicyanamide,C[n+]1ccn(CCCO)c1.N#CN=C=[N-],[OHC3MIm][N(CN)2],hex-1-ene,C=CCCCC,alkene,hexane,CCCCCC,alkane,0.995,0.003,0.002,0.0,0.324,0.676,101.325,0.6666667,570,298.15,0.99273866,0.005133739,0.0021275803,0.0011352544,0.47148025,0.5273845
no,1-(3-hydroxypropyl)-3-methylimidazolium dicyanamide,C[n+]1ccn(CCCO)c1.N#CN=C=[N-],[OHC3MIm][N(CN)2],hex-1-ene,C=CCCCC,alkene,hexane,CCCCCC,alkane,0.995,0.002,0.003,0.0,0.235,0.765,101.325,0.75,570,298.15,0.9920144,0.005656803,0.002328745,0.0011980393,0.47687,0.521932
no,1-(3-hydroxypropyl)-3-methylimidazolium dicyanamide,C[n+]1ccn(CCCO)c1.N#CN=C=[N-],[OHC3MIm][N(CN)2],hex-1-ene,C=CCCCC,alkene,hexane,CCCCCC,alkane,0.996,0.001,0.003,0.0,0.112,0.888,101.325,0.8333333,570,298.15,0.99119204,0.0062495274,0.0025583871,0.0012716897,0.48223585,0.5164925
no,1-(3-hydroxypropyl)-3-methylimidazolium dicyanamide,C[n+]1ccn(CCCO)c1.N#CN=C=[N-],[OHC3MIm][N(CN)2],hex-1-ene,C=CCCCC,alkene,hexane,CCCCCC,alkane,0.996,0.0,0.004,0.0,0.043,0.957,101.325,0.9166667,570,298.15,0.9903402,0.006868559,0.002791191,0.0013337997,0.48776674,0.5108995
no,1-(3-hydroxypropyl)-3-methylimidazolium dicyanamide,C[n+]1ccn(CCCO)c1.N#CN=C=[N-],[OHC3MIm][N(CN)2],hex-1-ene,C=CCCCC,alkene,hexane,CCCCCC,alkane,0.997,0.0,0.003,0.0,0.0,1.0,101.325,1.0,570,298.15,0.98934746,0.007586284,0.0030662003,0.0014212864,0.49230117,0.5062775
,1-(3-hydroxypropyl)pyridinium dicyanamide,N#CN=C=[N-].OCCC[n+]1ccccc1,[OHC3Py][N(CN)2],hex-1-ene,C=CCCCC,alkene,hexane,CCCCCC,alkane,0.993,0.007,0.0,0.0,1.0,0.0,101.325,0.0,571,298.15,0.9969549,0.0021122126,0.0009327966,0.0007346151,0.42724746,0.5720179
,1-(3-hydroxypropyl)pyridinium dicyanamide,N#CN=C=[N-].OCCC[n+]1ccccc1,[OHC3Py][N(CN)2],hex-1-ene,C=CCCCC,alkene,hexane,CCCCCC,alkane,0.993,0.007,0.0,0.0,0.935,0.065,101.325,0.07692308,571,298.15,0.996696,0.0022963444,0.0010077198,0.00076795794,0.43174243,0.5674896
,1-(3-hydroxypropyl)pyridinium dicyanamide,N#CN=C=[N-].OCCC[n+]1ccccc1,[OHC3Py][N(CN)2],hex-1-ene,C=CCCCC,alkene,hexane,CCCCCC,alkane,0.993,0.007,0.0,0.0,0.871,0.129,101.325,0.15384616,571,298.15,0.99641365,0.0024972656,0.0010891138,0.00080281554,0.43629384,0.5629033
,1-(3-hydroxypropyl)pyridinium dicyanamide,N#CN=C=[N-].OCCC[n+]1ccccc1,[OHC3Py][N(CN)2],hex-1-ene,C=CCCCC,alkene,hexane,CCCCCC,alkane,0.99300003,0.0060000005,0.0010000002,0.0,0.784,0.216,101.325,0.23076923,571,298.15,0.9961337,0.0027052164,0.0011611509,0.0008174616,0.4442531,0.5549295
,1-(3-hydroxypropyl)pyridinium dicyanamide,N#CN=C=[N-].OCCC[n+]1ccccc1,[OHC3Py][N(CN)2],hex-1-ene,C=CCCCC,alkene,hexane,CCCCCC,alkane,0.99300003,0.0060000005,0.0010000002,0.0,0.71,0.29,101.325,0.30769232,571,298.15,0.9958015,0.0029430613,0.0012554319,0.00085471425,0.4489081,0.55023724
,1-(3-hydroxypropyl)pyridinium dicyanamide,N#CN=C=[N-].OCCC[n+]1ccccc1,[OHC3Py][N(CN)2],hex-1-ene,C=CCCCC,alkene,hexane,CCCCCC,alkane,0.994,0.005,0.001,0.0,0.626,0.374,101.325,0.3846154,571,298.15,0.99543875,0.003203718,0.0013575788,0.0008934492,0.45359224,0.5455143
,1-(3-hydroxypropyl)pyridinium dicyanamide,N#CN=C=[N-].OCCC[n+]1ccccc1,[OHC3Py][N(CN)2],hex-1-ene,C=CCCCC,alkene,hexane,CCCCCC,alkane,0.994,0.005,0.001,0.0,0.529,0.471,101.325,0.46153846,571,298.15,0.9950393,0.0034917889,0.0014689417,0.0009491243,0.45704097,0.54200995
,1-(3-hydroxypropyl)pyridinium dicyanamide,N#CN=C=[N-].OCCC[n+]1ccccc1,[OHC3Py][N(CN)2],hex-1-ene,C=CCCCC,alkene,hexane,CCCCCC,alkane,0.994,0.004,0.002,0.0,0.47,0.53,101.325,0.53846157,571,298.15,0.994605,0.0038051873,0.0015898341,0.0010005547,0.4611493,0.53785014
,1-(3-hydroxypropyl)pyridinium dicyanamide,N#CN=C=[N-].OCCC[n+]1ccccc1,[OHC3Py][N(CN)2],hex-1-ene,C=CCCCC,alkene,hexane,CCCCCC,alkane,0.995,0.002,0.003,0.0,0.376,0.624,101.325,0.61538464,571,298.15,0.9941408,0.0041404776,0.001718701,0.0010451506,0.46592316,0.53303164
,1-(3-hydroxypropyl)pyridinium dicyanamide,N#CN=C=[N-].OCCC[n+]1ccccc1,[OHC3Py][N(CN)2],hex-1-ene,C=CCCCC,alkene,hexane,CCCCCC,alkane,0.995,0.002,0.003,0.0,0.295,0.705,101.325,0.6923077,571,298.15,0.9936287,0.0045109815,0.0018603808,0.001092616,0.47076693,0.5281404
,1-(3-hydroxypropyl)pyridinium dicyanamide,N#CN=C=[N-].OCCC[n+]1ccccc1,[OHC3Py][N(CN)2],hex-1-ene,C=CCCCC,alkene,hexane,CCCCCC,alkane,0.99600005,0.0020000003,0.0020000003,0.0,0.219,0.781,101.325,0.7692308,571,298.15,0.99306774,0.004916989,0.002015203,0.0011442913,0.47555995,0.52329576
,1-(3-hydroxypropyl)pyridinium dicyanamide,N#CN=C=[N-].OCCC[n+]1ccccc1,[OHC3Py][N(CN)2],hex-1-ene,C=CCCCC,alkene,hexane,CCCCCC,alkane,0.996,0.001,0.003,0.0,0.12,0.88,101.325,0.84615386,571,298.15,0.99244237,0.0053700292,0.002187604,0.0012011066,0.48035687,0.51844203
,1-(3-hydroxypropyl)pyridinium dicyanamide,N#CN=C=[N-].OCCC[n+]1ccccc1,[OHC3Py][N(CN)2],hex-1-ene,C=CCCCC,alkene,hexane,CCCCCC,alkane,0.996,0.0,0.004,0.0,0.049,0.951,101.325,0.9230769,571,298.15,0.99178183,0.0058500124,0.0023681084,0.0012550716,0.48527643,0.5134685
,1-(3-hydroxypropyl)pyridinium dicyanamide,N#CN=C=[N-].OCCC[n+]1ccccc1,[OHC3Py][N(CN)2],hex-1-ene,C=CCCCC,alkene,hexane,CCCCCC,alkane,0.997,0.0,0.003,0.0,0.0,1.0,101.325,1.0,571,298.15,0.9910617,0.0063746492,0.002563632,0.0013108111,0.49023905,0.50845015
,1-butyl-3-methylimidazolium dicyanamide,CCCCn1cc[n+](C)c1.N#CN=C=[N-],[BMIm][N(CN)2],1-hexene,C=CCCCC,alkene,n-hexane,CCCCCC,alkane,0.983,0.0,0.017,0.0,0.0,1.0,101.325,0.0,578,298.15,0.9954091,0.0031591884,0.0014317284,0.0010132401,0.426607,0.5723797
,1-butyl-3-methylimidazolium dicyanamide,CCCCn1cc[n+](C)c1.N#CN=C=[N-],[BMIm][N(CN)2],1-hexene,C=CCCCC,alkene,n-hexane,CCCCCC,alkane,0.981,0.002,0.017,0.0,0.047,0.953,101.325,0.071428575,578,298.15,0.99502987,0.003426857,0.0015433629,0.0010648048,0.43081772,0.5681175
,1-butyl-3-methylimidazolium dicyanamide,CCCCn1cc[n+](C)c1.N#CN=C=[N-],[BMIm][N(CN)2],1-hexene,C=CCCCC,alkene,n-hexane,CCCCCC,alkane,0.97800004,0.0060000005,0.016000003,0.0,0.138,0.862,101.325,0.14285715,578,298.15,0.99537045,0.0031614846,0.0014680859,0.0007068574,0.44832185,0.55097127
,1-butyl-3-methylimidazolium dicyanamide,CCCCn1cc[n+](C)c1.N#CN=C=[N-],[BMIm][N(CN)2],1-hexene,C=CCCCC,alkene,n-hexane,CCCCCC,alkane,0.975,0.011,0.014,0.0,0.224,0.776,101.325,0.21428572,578,298.15,0.9949923,0.003426262,0.0015814736,0.00073679356,0.4528866,0.54637665
,1-butyl-3-methylimidazolium dicyanamide,CCCCn1cc[n+](C)c1.N#CN=C=[N-],[BMIm][N(CN)2],1-hexene,C=CCCCC,alkene,n-hexane,CCCCCC,alkane,0.973,0.015,0.012,0.0,0.31,0.69,101.325,0.2857143,578,298.15,0.9945813,0.0037141703,0.0017046431,0.0007680488,0.45746538,0.5417666
,1-butyl-3-methylimidazolium dicyanamide,CCCCn1cc[n+](C)c1.N#CN=C=[N-],[BMIm][N(CN)2],1-hexene,C=CCCCC,alkene,n-hexane,CCCCCC,alkane,0.971,0.017,0.012,0.0,0.386,0.614,101.325,0.35714287,578,298.15,0.9941362,0.004026265,0.0018374909,0.00080051756,0.4620958,0.5371037
,1-butyl-3-methylimidazolium dicyanamide,CCCCn1cc[n+](C)c1.N#CN=C=[N-],[BMIm][N(CN)2],1-hexene,C=CCCCC,alkene,n-hexane,CCCCCC,alkane,0.97,0.02,0.01,0.0,0.455,0.545,101.325,0.42857143,578,298.15,0.9935905,0.0044023166,0.002007188,0.000857788,0.46538103,0.5337612
,1-butyl-3-methylimidazolium dicyanamide,CCCCn1cc[n+](C)c1.N#CN=C=[N-],[BMIm][N(CN)2],1-hexene,C=CCCCC,alkene,n-hexane,CCCCCC,alkane,0.968,0.023,0.009,0.0,0.513,0.487,101.325,0.5,578,298.15,0.9930352,0.0047887233,0.0021761663,0.0009057831,0.46929595,0.5297983
,1-butyl-3-methylimidazolium dicyanamide,CCCCn1cc[n+](C)c1.N#CN=C=[N-],[BMIm][N(CN)2],1-hexene,C=CCCCC,alkene,n-hexane,CCCCCC,alkane,0.967,0.025,0.008,0.0,0.571,0.429,101.325,0.5714286,578,298.15,0.99246407,0.005190703,0.0023452907,0.0009436604,0.47390303,0.5251533
,1-butyl-3-methylimidazolium dicyanamide,CCCCn1cc[n+](C)c1.N#CN=C=[N-],[BMIm][N(CN)2],1-hexene,C=CCCCC,alkene,n-hexane,CCCCCC,alkane,0.96500003,0.029000001,0.0060000005,0.0,0.621,0.379,101.325,0.64285713,578,298.15,0.9918395,0.0056314357,0.002528907,0.0009831965,0.47860613,0.52041066
,1-butyl-3-methylimidazolium dicyanamide,CCCCn1cc[n+](C)c1.N#CN=C=[N-],[BMIm][N(CN)2],1-hexene,C=CCCCC,alkene,n-hexane,CCCCCC,alkane,0.963,0.033,0.004,0.0,0.739,0.261,101.325,0.71428573,578,298.15,0.9911684,0.006105226,0.0027263046,0.0010241802,0.4832427,0.51573306
,1-butyl-3-methylimidazolium dicyanamide,CCCCn1cc[n+](C)c1.N#CN=C=[N-],[BMIm][N(CN)2],1-hexene,C=CCCCC,alkene,n-hexane,CCCCCC,alkane,0.961,0.035,0.004,0.0,0.772,0.228,101.325,0.78571427,578,298.15,0.9904384,0.0066217864,0.0029397747,0.0010669762,0.48796278,0.5109702
,1-butyl-3-methylimidazolium dicyanamide,CCCCn1cc[n+](C)c1.N#CN=C=[N-],[BMIm][N(CN)2],1-hexene,C=CCCCC,alkene,n-hexane,CCCCCC,alkane,0.96000004,0.038000003,0.0020000003,0.0,0.885,0.115,101.325,0.85714287,578,298.15,0.9896478,0.0071820784,0.0031701543,0.0011113632,0.4926802,0.5062084
,1-butyl-3-methylimidazolium dicyanamide,CCCCn1cc[n+](C)c1.N#CN=C=[N-],[BMIm][N(CN)2],1-hexene,C=CCCCC,alkene,n-hexane,CCCCCC,alkane,0.959,0.04,0.001,0.0,0.966,0.034,101.325,0.9285714,578,298.15,0.98871416,0.007865482,0.0034202933,0.00114972,0.49869135,0.5001589
,1-butyl-3-methylimidazolium dicyanamide,CCCCn1cc[n+](C)c1.N#CN=C=[N-],[BMIm][N(CN)2],1-hexene,C=CCCCC,alkene,n-hexane,CCCCCC,alkane,0.959,0.041,0.0,0.0,1.0,0.0,101.325,1.0,578,298.15,0.987772,0.008537605,0.003690439,0.0011969308,0.5035698,0.49523333
,1-butyl-3-methylimidazolium tricyanomethanide,CCCCn1cc[n+](C)c1.N#CC(=C=[N-])C#N,[C4MIm][C(CN)3],1-hexene,C=CCCCC,alkene,n-hexane,CCCCCC,alkane,0.966,0.0,0.034,0.0,0.0,1.0,101.325,0.0,588,298.15,0.98514915,0.01010961,0.0047412687,0.0015865077,0.46810433,0.53030914
,1-butyl-3-methylimidazolium tricyanomethanide,CCCCn1cc[n+](C)c1.N#CC(=C=[N-])C#N,[C4MIm][C(CN)3],1-hexene,C=CCCCC,alkene,n-hexane,CCCCCC,alkane,0.963,0.004,0.033,0.0,0.057,0.943,101.325,0.05263158,588,298.15,0.9842599,0.010729779,0.0050103078,0.0016345415,0.47172782,0.5266376
,1-butyl-3-methylimidazolium tricyanomethanide,CCCCn1cc[n+](C)c1.N#CC(=C=[N-])C#N,[C4MIm][C(CN)3],1-hexene,C=CCCCC,alkene,n-hexane,CCCCCC,alkane,0.95900005,0.011000001,0.030000001,0.0,0.137,0.863,101.325,0.10526316,588,298.15,0.9826963,0.011774623,0.005529061,0.001849077,0.47243723,0.5257137
,1-butyl-3-methylimidazolium tricyanomethanide,CCCCn1cc[n+](C)c1.N#CC(=C=[N-])C#N,[C4MIm][C(CN)3],1-hexene,C=CCCCC,alkene,n-hexane,CCCCCC,alkane,0.95600003,0.015000001,0.029000001,0.0,0.186,0.814,101.325,0.15789473,588,298.15,0.98168325,0.012479476,0.005837193,0.0019039236,0.4759775,0.52211857
,1-butyl-3-methylimidazolium tricyanomethanide,CCCCn1cc[n+](C)c1.N#CC(=C=[N-])C#N,[C4MIm][C(CN)3],1-hexene,C=CCCCC,alkene,n-hexane,CCCCCC,alkane,0.954,0.018,0.028,0.0,0.225,0.775,101.325,0.21052632,588,298.15,0.9805926,0.013240229,0.00616716,0.00196133,0.47955847,0.5184802
,1-butyl-3-methylimidazolium tricyanomethanide,CCCCn1cc[n+](C)c1.N#CC(=C=[N-])C#N,[C4MIm][C(CN)3],1-hexene,C=CCCCC,alkene,n-hexane,CCCCCC,alkane,0.952,0.021,0.027,0.0,0.285,0.715,101.325,0.2631579,588,298.15,0.97798586,0.015209381,0.0068048197,0.0022782248,0.48835757,0.5093642
,1-butyl-3-methylimidazolium tricyanomethanide,CCCCn1cc[n+](C)c1.N#CC(=C=[N-])C#N,[C4MIm][C(CN)3],1-hexene,C=CCCCC,alkene,n-hexane,CCCCCC,alkane,0.949,0.028,0.023,0.0,0.343,0.657,101.325,0.31578946,588,298.15,0.9763747,0.016407777,0.00721749,0.0023926778,0.49466494,0.5029424
,1-butyl-3-methylimidazolium tricyanomethanide,CCCCn1cc[n+](C)c1.N#CC(=C=[N-])C#N,[C4MIm][C(CN)3],1-hexene,C=CCCCC,alkene,n-hexane,CCCCCC,alkane,0.946,0.032,0.022,0.0,0.407,0.593,101.325,0.36842105,588,298.15,0.97484934,0.017522255,0.0076282774,0.0025330973,0.49541926,0.50204766
,1-butyl-3-methylimidazolium tricyanomethanide,CCCCn1cc[n+](C)c1.N#CC(=C=[N-])C#N,[C4MIm][C(CN)3],1-hexene,C=CCCCC,alkene,n-hexane,CCCCCC,alkane,0.944,0.037,0.019,0.0,0.482,0.518,101.325,0.42105263,588,298.15,0.97333544,0.01861342,0.008051112,0.002640502,0.49765792,0.49970156
,1-butyl-3-methylimidazolium tricyanomethanide,CCCCn1cc[n+](C)c1.N#CC(=C=[N-])C#N,[C4MIm][C(CN)3],1-hexene,C=CCCCC,alkene,n-hexane,CCCCCC,alkane,0.94100004,0.043000005,0.016000003,0.0,0.556,0.444,101.325,0.47368422,588,298.15,0.97177887,0.019722145,0.008498924,0.0027186438,0.50136715,0.4959142
,1-butyl-3-methylimidazolium tricyanomethanide,CCCCn1cc[n+](C)c1.N#CC(=C=[N-])C#N,[C4MIm][C(CN)3],1-hexene,C=CCCCC,alkene,n-hexane,CCCCCC,alkane,0.938,0.048,0.014,0.0,0.608,0.392,101.325,0.5263158,588,298.15,0.97111195,0.020174103,0.008713917,0.0025996114,0.50390077,0.4934997
,1-butyl-3-methylimidazolium tricyanomethanide,CCCCn1cc[n+](C)c1.N#CC(=C=[N-])C#N,[C4MIm][C(CN)3],1-hexene,C=CCCCC,alkene,n-hexane,CCCCCC,alkane,0.936,0.052,0.012,0.0,0.67,0.33,101.325,0.57894737,588,298.15,0.96992797,0.021004902,0.009067113,0.002578015,0.5070271,0.49039492
,1-butyl-3-methylimidazolium tricyanomethanide,CCCCn1cc[n+](C)c1.N#CC(=C=[N-])C#N,[C4MIm][C(CN)3],1-hexene,C=CCCCC,alkene,n-hexane,CCCCCC,alkane,0.933,0.057,0.01,0.0,0.73,0.27,101.325,0.6315789,588,298.15,0.9681816,0.022250595,0.009567723,0.0026528107,0.51075244,0.48659474
,1-butyl-3-methylimidazolium tricyanomethanide,CCCCn1cc[n+](C)c1.N#CC(=C=[N-])C#N,[C4MIm][C(CN)3],1-hexene,C=CCCCC,alkene,n-hexane,CCCCCC,alkane,0.932,0.06,0.008,0.0,0.77,0.23,101.325,0.68421054,588,298.15,0.9663191,0.023579292,0.010101573,0.002731161,0.51448303,0.4827858
,1-butyl-3-methylimidazolium tricyanomethanide,CCCCn1cc[n+](C)c1.N#CC(=C=[N-])C#N,[C4MIm][C(CN)3],1-hexene,C=CCCCC,alkene,n-hexane,CCCCCC,alkane,0.93,0.064,0.006,0.0,0.823,0.177,101.325,0.7368421,588,298.15,0.964336,0.0249979,0.010666114,0.0028113325,0.5182587,0.47892994
,1-butyl-3-methylimidazolium tricyanomethanide,CCCCn1cc[n+](C)c1.N#CC(=C=[N-])C#N,[C4MIm][C(CN)3],1-hexene,C=CCCCC,alkene,n-hexane,CCCCCC,alkane,0.928,0.068,0.004,0.0,0.869,0.131,101.325,0.7894737,588,298.15,0.96025276,0.027949607,0.0117975995,0.0032734326,0.52401775,0.4727088
,1-butyl-3-methylimidazolium tricyanomethanide,CCCCn1cc[n+](C)c1.N#CC(=C=[N-])C#N,[C4MIm][C(CN)3],1-hexene,C=CCCCC,alkene,n-hexane,CCCCCC,alkane,0.927,0.07,0.003,0.0,0.904,0.096,101.325,0.84210527,588,298.15,0.957944,0.029604768,0.012451277,0.0033693002,0.52778864,0.4688421
,1-butyl-3-methylimidazolium tricyanomethanide,CCCCn1cc[n+](C)c1.N#CC(=C=[N-])C#N,[C4MIm][C(CN)3],1-hexene,C=CCCCC,alkene,n-hexane,CCCCCC,alkane,0.926,0.072,0.002,0.0,0.943,0.057,101.325,0.8947368,588,298.15,0.9562601,0.030735413,0.01300443,0.0033639441,0.5288469,0.46778917
,1-butyl-3-methylimidazolium tricyanomethanide,CCCCn1cc[n+](C)c1.N#CC(=C=[N-])C#N,[C4MIm][C(CN)3],1-hexene,C=CCCCC,alkene,n-hexane,CCCCCC,alkane,0.924,0.075,0.001,0.0,0.983,0.017,101.325,0.94736844,588,298.15,0.95760703,0.029508786,0.012884191,0.0029067714,0.5257308,0.47136244
,1-butyl-3-methylimidazolium tricyanomethanide,CCCCn1cc[n+](C)c1.N#CC(=C=[N-])C#N,[C4MIm][C(CN)3],1-hexene,C=CCCCC,alkene,n-hexane,CCCCCC,alkane,0.924,0.076,0.0,0.0,1.0,0.0,101.325,1.0,588,298.15,0.9551261,0.031273033,0.013600918,0.0029916887,0.5293684,0.46763995
no,1-(3-hydroxypropyl)-3-methylimidazolium dicyanamide,C[n+]1ccn(CCCO)c1.N#CN=C=[N-],[OHC3MIm][N(CN)2],cyclohexane,C1CCCCC1,cycloalkane,cyclohexene,C1=CCCCC1,alkene,0.971,0.0,0.029,0.0,0.0,1.0,101.325,0.0,606,298.15,0.9968645,0.00097510236,0.002160447,0.00073142117,0.5093352,0.4899334
no,1-(3-hydroxypropyl)-3-methylimidazolium dicyanamide,C[n+]1ccn(CCCO)c1.N#CN=C=[N-],[OHC3MIm][N(CN)2],cyclohexane,C1CCCCC1,cycloalkane,cyclohexene,C1=CCCCC1,alkene,0.972,0.001,0.027,0.0,0.086,0.914,101.325,0.09090909,606,298.15,0.99655306,0.0010796954,0.0023672907,0.00076794624,0.50414014,0.49509192
no,1-(3-hydroxypropyl)-3-methylimidazolium dicyanamide,C[n+]1ccn(CCCO)c1.N#CN=C=[N-],[OHC3MIm][N(CN)2],cyclohexane,C1CCCCC1,cycloalkane,cyclohexene,C1=CCCCC1,alkene,0.97400004,0.0020000003,0.024000002,0.0,0.194,0.806,101.325,0.18181819,606,298.15,0.9961987,0.0011926763,0.002608652,0.0008082545,0.4998234,0.4993684
no,1-(3-hydroxypropyl)-3-methylimidazolium dicyanamide,C[n+]1ccn(CCCO)c1.N#CN=C=[N-],[OHC3MIm][N(CN)2],cyclohexane,C1CCCCC1,cycloalkane,cyclohexene,C1=CCCCC1,alkene,0.976,0.002,0.022,0.0,0.278,0.722,101.325,0.27272728,606,298.15,0.995806,0.0013181363,0.0028759048,0.0008505266,0.49551255,0.50363696
no,1-(3-hydroxypropyl)-3-methylimidazolium dicyanamide,C[n+]1ccn(CCCO)c1.N#CN=C=[N-],[OHC3MIm][N(CN)2],cyclohexane,C1CCCCC1,cycloalkane,cyclohexene,C1=CCCCC1,alkene,0.977,0.004,0.019,0.0,0.367,0.633,101.325,0.36363637,606,298.15,0.9955462,0.0014082441,0.003045466,0.00082094246,0.4924164,0.5067626
no,1-(3-hydroxypropyl)-3-methylimidazolium dicyanamide,C[n+]1ccn(CCCO)c1.N#CN=C=[N-],[OHC3MIm][N(CN)2],cyclohexane,C1CCCCC1,cycloalkane,cyclohexene,C1=CCCCC1,alkene,0.98,0.005,0.015,0.0,0.484,0.516,101.325,0.45454547,606,298.15,0.995169,0.0015329897,0.003298045,0.00082729943,0.48866954,0.5105032
no,1-(3-hydroxypropyl)-3-methylimidazolium dicyanamide,C[n+]1ccn(CCCO)c1.N#CN=C=[N-],[OHC3MIm][N(CN)2],cyclohexane,C1CCCCC1,cycloalkane,cyclohexene,C1=CCCCC1,alkene,0.98300004,0.0060000005,0.011000001,0.0,0.589,0.411,101.325,0.54545456,606,298.15,0.9946597,0.0016971258,0.003643131,0.00087077456,0.4842752,0.514854
no,1-(3-hydroxypropyl)-3-methylimidazolium dicyanamide,C[n+]1ccn(CCCO)c1.N#CN=C=[N-],[OHC3MIm][N(CN)2],cyclohexane,C1CCCCC1,cycloalkane,cyclohexene,C1=CCCCC1,alkene,0.984,0.007,0.009,0.0,0.677,0.323,101.325,0.6363636,606,298.15,0.9940989,0.0018779283,0.0040231887,0.0009161572,0.47988874,0.51919514
no,1-(3-hydroxypropyl)-3-methylimidazolium dicyanamide,C[n+]1ccn(CCCO)c1.N#CN=C=[N-],[OHC3MIm][N(CN)2],cyclohexane,C1CCCCC1,cycloalkane,cyclohexene,C1=CCCCC1,alkene,0.986,0.008,0.006,0.0,0.772,0.228,101.325,0.72727275,606,298.15,0.99215937,0.0025439805,0.005296673,0.0015718683,0.47487015,0.523558
no,1-(3-hydroxypropyl)-3-methylimidazolium dicyanamide,C[n+]1ccn(CCCO)c1.N#CN=C=[N-],[OHC3MIm][N(CN)2],cyclohexane,C1CCCCC1,cycloalkane,cyclohexene,C1=CCCCC1,alkene,0.987,0.009,0.004,0.0,0.85,0.15,101.325,0.8181818,606,298.15,0.99135333,0.0028093245,0.005837263,0.0016524596,0.470713,0.5276345
no,1-(3-hydroxypropyl)-3-methylimidazolium dicyanamide,C[n+]1ccn(CCCO)c1.N#CN=C=[N-],[OHC3MIm][N(CN)2],cyclohexane,C1CCCCC1,cycloalkane,cyclohexene,C1=CCCCC1,alkene,0.989,0.009,0.002,0.0,0.935,0.065,101.325,0.90909094,606,298.15,0.9904643,0.003102826,0.006432848,0.0017370125,0.46657312,0.5316899
no,1-(3-hydroxypropyl)-3-methylimidazolium dicyanamide,C[n+]1ccn(CCCO)c1.N#CN=C=[N-],[OHC3MIm][N(CN)2],cyclohexane,C1CCCCC1,cycloalkane,cyclohexene,C1=CCCCC1,alkene,0.99,0.01,0.0,0.0,1.0,0.0,101.325,1.0,606,298.15,0.98948026,0.00342761,0.0070920135,0.0018257918,0.46243134,0.5357429
no,(3-cyanopropyl)pyridinium dicyanamide,N#CCCC[n+]1ccccc1.N#CN=C=[N-],[C3CNPy][N(CN)2],cyclohexane,C1CCCCC1,cycloalkane,cyclohexene,C1=CCCCC1,alkene,0.979,0.0,0.021,0.0,0.0,1.0,101.325,0.0,607,298.15,0.994972,0.00165538,0.0033725577,0.0013827039,0.507154,0.4914633
no,(3-cyanopropyl)pyridinium dicyanamide,N#CCCC[n+]1ccccc1.N#CN=C=[N-],[C3CNPy][N(CN)2],cyclohexane,C1CCCCC1,cycloalkane,cyclohexene,C1=CCCCC1,alkene,0.979,0.0,0.021,0.0,0.051,0.949,101.325,0.11111111,607,298.15,0.99418086,0.0019240541,0.003895015,0.0015540868,0.50196546,0.4964805
no,(3-cyanopropyl)pyridinium dicyanamide,N#CCCC[n+]1ccccc1.N#CN=C=[N-],[C3CNPy][N(CN)2],cyclohexane,C1CCCCC1,cycloalkane,cyclohexene,C1=CCCCC1,alkene,0.97900003,0.0010000002,0.020000001,0.0,0.11,0.89,101.325,0.22222222,607,298.15,0.99347514,0.002161282,0.0043636267,0.0016514736,0.4970113,0.50133723
no,(3-cyanopropyl)pyridinium dicyanamide,N#CCCC[n+]1ccccc1.N#CN=C=[N-],[C3CNPy][N(CN)2],cyclohexane,C1CCCCC1,cycloalkane,cyclohexene,C1=CCCCC1,alkene,0.981,0.002,0.017,0.0,0.21,0.79,101.325,0.33333334,607,298.15,0.9926813,0.0024285093,0.004890104,0.0017550449,0.49205038,0.5061946
no,(3-cyanopropyl)pyridinium dicyanamide,N#CCCC[n+]1ccccc1.N#CN=C=[N-],[C3CNPy][N(CN)2],cyclohexane,C1CCCCC1,cycloalkane,cyclohexene,C1=CCCCC1,alkene,0.983,0.003,0.014,0.0,0.402,0.598,101.325,0.44444445,607,298.15,0.9918616,0.0027009211,0.005437491,0.0018495623,0.48683462,0.51131576
no,(3-cyanopropyl)pyridinium dicyanamide,N#CCCC[n+]1ccccc1.N#CN=C=[N-],[C3CNPy][N(CN)2],cyclohexane,C1CCCCC1,cycloalkane,cyclohexene,C1=CCCCC1,alkene,0.986,0.004,0.01,0.0,0.542,0.458,101.325,0.5555556,607,298.15,0.9909779,0.0029871673,0.0060350127,0.0019494916,0.48135033,0.51670015
no,(3-cyanopropyl)pyridinium dicyanamide,N#CCCC[n+]1ccccc1.N#CN=C=[N-],[C3CNPy][N(CN)2],cyclohexane,C1CCCCC1,cycloalkane,cyclohexene,C1=CCCCC1,alkene,0.989,0.005,0.006,0.0,0.726,0.274,101.325,0.6666667,607,298.15,0.9898672,0.0033598621,0.006772974,0.002070318,0.47644034,0.5214893
no,(3-cyanopropyl)pyridinium dicyanamide,N#CCCC[n+]1ccccc1.N#CN=C=[N-],[C3CNPy][N(CN)2],cyclohexane,C1CCCCC1,cycloalkane,cyclohexene,C1=CCCCC1,alkene,0.99200004,0.0060000005,0.0020000003,0.0,0.891,0.109,101.325,0.7777778,607,298.15,0.9905868,0.0031032541,0.0063100355,0.0013724108,0.47652903,0.5220986
no,(3-cyanopropyl)pyridinium dicyanamide,N#CCCC[n+]1ccccc1.N#CN=C=[N-],[C3CNPy][N(CN)2],cyclohexane,C1CCCCC1,cycloalkane,cyclohexene,C1=CCCCC1,alkene,0.99200004,0.0060000005,0.0020000003,0.0,0.953,0.047,101.325,0.8888889,607,298.15,0.98939264,0.0035014062,0.007105934,0.0014585627,0.471328,0.5272134
no,(3-cyanopropyl)pyridinium dicyanamide,N#CCCC[n+]1ccccc1.N#CN=C=[N-],[C3CNPy][N(CN)2],cyclohexane,C1CCCCC1,cycloalkane,cyclohexene,C1=CCCCC1,alkene,0.994,0.006,0.0,0.0,1.0,0.0,101.325,1.0,607,298.15,0.98803663,0.003953545,0.008009888,0.0015502272,0.4660856,0.5323642
,1-ethyl-3-methylimidazolium bis(trifluoromethylsulfonyl)imide,CCn1cc[n+](C)c1.O=S(=O)([N-]S(=O)(=O)C(F)(F)F)C(F)(F)F,[C2MIm][NTf2],2-pentyl butyrate,CCCC(=O)OC(C)CCC,ester,n-hexane,CCCCCC,alkane,0.709,0.291,0.0,0.0,0.856,0.144,101.325,0.0,620,303.15,0.8514117,0.12868682,0.019901443,0.004984972,0.38138235,0.6136327
,1-ethyl-3-methylimidazolium bis(trifluoromethylsulfonyl)imide,CCn1cc[n+](C)c1.O=S(=O)([N-]S(=O)(=O)C(F)(F)F)C(F)(F)F,[C2MIm][NTf2],2-pentyl butyrate,CCCC(=O)OC(C)CCC,ester,n-hexane,CCCCCC,alkane,0.779,0.221,0.0,0.0,0.727,0.273,101.325,0.2,620,303.15,0.81307673,0.16192818,0.024995051,0.0062569417,0.4181697,0.5755733
,1-ethyl-3-methylimidazolium bis(trifluoromethylsulfonyl)imide,CCn1cc[n+](C)c1.O=S(=O)([N-]S(=O)(=O)C(F)(F)F)C(F)(F)F,[C2MIm][NTf2],2-pentyl butyrate,CCCC(=O)OC(C)CCC,ester,n-hexane,CCCCCC,alkane,0.79,0.21,0.0,0.0,0.582,0.418,101.325,0.4,620,303.15,0.77271086,0.19721313,0.030075964,0.007018874,0.45218098,0.5408002
,1-ethyl-3-methylimidazolium bis(trifluoromethylsulfonyl)imide,CCn1cc[n+](C)c1.O=S(=O)([N-]S(=O)(=O)C(F)(F)F)C(F)(F)F,[C2MIm][NTf2],2-pentyl butyrate,CCCC(=O)OC(C)CCC,ester,n-hexane,CCCCCC,alkane,0.82,0.18,0.0,0.0,0.419,0.581,101.325,0.6,620,303.15,0.7239336,0.23990762,0.036158785,0.008406017,0.48432243,0.5072715
,1-ethyl-3-methylimidazolium bis(trifluoromethylsulfonyl)imide,CCn1cc[n+](C)c1.O=S(=O)([N-]S(=O)(=O)C(F)(F)F)C(F)(F)F,[C2MIm][NTf2],2-pentyl butyrate,CCCC(=O)OC(C)CCC,ester,n-hexane,CCCCCC,alkane,0.83,0.17,0.0,0.0,0.233,0.767,101.325,0.8,620,303.15,0.66720665,0.28943813,0.04335523,0.010877989,0.5135621,0.47555995
,1-ethyl-3-methylimidazolium bis(trifluoromethylsulfonyl)imide,CCn1cc[n+](C)c1.O=S(=O)([N-]S(=O)(=O)C(F)(F)F)C(F)(F)F,[C2MIm][NTf2],2-pentyl butyrate,CCCC(=O)OC(C)CCC,ester,n-hexane,CCCCCC,alkane,0.927,0.073,0.0,0.0,0.106,0.894,101.325,1.0,620,303.15,0.6124885,0.33782622,0.049685277,0.011472643,0.54773283,0.44079453
,1-butyl-3-methylimidazolium bis(trifluoromethylsulfonyl)imide,CCCCn1cc[n+](C)c1.O=S(=O)([N-]S(=O)(=O)C(F)(F)F)C(F)(F)F,[C4MIm][NTf2],ethanol,CCO,alcohol,n-heptane,CCCCCCC,alkane,0.939,0.0,0.061,0.0,0.0,1.0,101.325,0.0,641,298.15,0.58697426,0.36232483,0.05070089,0.003784428,0.032654032,0.9635615
,1-butyl-3-methylimidazolium bis(trifluoromethylsulfonyl)imide,CCCCn1cc[n+](C)c1.O=S(=O)([N-]S(=O)(=O)C(F)(F)F)C(F)(F)F,[C4MIm][NTf2],ethanol,CCO,alcohol,n-heptane,CCCCCCC,alkane,0.673,0.268,0.059,0.0,0.014,0.986,101.325,0.125,641,298.15,0.54793954,0.39622945,0.055831067,0.0045797173,0.03652028,0.95890003
,1-butyl-3-methylimidazolium bis(trifluoromethylsulfonyl)imide,CCCCn1cc[n+](C)c1.O=S(=O)([N-]S(=O)(=O)C(F)(F)F)C(F)(F)F,[C4MIm][NTf2],ethanol,CCO,alcohol,n-heptane,CCCCCCC,alkane,0.555,0.38,0.065,0.0,0.028,0.972,101.325,0.25,641,298.15,0.5078759,0.43012083,0.0620033,0.0061199665,0.040941633,0.9529384
,1-butyl-3-methylimidazolium bis(trifluoromethylsulfonyl)imide,CCCCn1cc[n+](C)c1.O=S(=O)([N-]S(=O)(=O)C(F)(F)F)C(F)(F)F,[C4MIm][NTf2],ethanol,CCO,alcohol,n-heptane,CCCCCCC,alkane,0.499,0.434,0.067,0.0,0.038,0.962,101.325,0.375,641,298.15,0.47014952,0.4633015,0.06654898,0.006790692,0.045627132,0.9475821
,1-butyl-3-methylimidazolium bis(trifluoromethylsulfonyl)imide,CCCCn1cc[n+](C)c1.O=S(=O)([N-]S(=O)(=O)C(F)(F)F)C(F)(F)F,[C4MIm][NTf2],ethanol,CCO,alcohol,n-heptane,CCCCCCC,alkane,0.432,0.498,0.07,0.0,0.075,0.925,101.325,0.5,641,298.15,0.44765052,0.48204815,0.070301406,0.0071022296,0.04756835,0.9453295
,1-butyl-3-methylimidazolium bis(trifluoromethylsulfonyl)imide,CCCCn1cc[n+](C)c1.O=S(=O)([N-]S(=O)(=O)C(F)(F)F)C(F)(F)F,[C4MIm][NTf2],ethanol,CCO,alcohol,n-heptane,CCCCCCC,alkane,0.372,0.559,0.069,0.0,0.112,0.888,101.325,0.625,641,298.15,0.4565257,0.47231328,0.071160965,0.005879607,0.047064543,0.9470559
,1-butyl-3-methylimidazolium bis(trifluoromethylsulfonyl)imide,CCCCn1cc[n+](C)c1.O=S(=O)([N-]S(=O)(=O)C(F)(F)F)C(F)(F)F,[C4MIm][NTf2],ethanol,CCO,alcohol,n-heptane,CCCCCCC,alkane,0.332,0.596,0.072,0.0,0.151,0.849,101.325,0.75,641,298.15,0.41848865,0.5056854,0.07582597,0.0065254723,0.05240735,0.9410671
,1-butyl-3-methylimidazolium bis(trifluoromethylsulfonyl)imide,CCCCn1cc[n+](C)c1.O=S(=O)([N-]S(=O)(=O)C(F)(F)F)C(F)(F)F,[C4MIm][NTf2],ethanol,CCO,alcohol,n-heptane,CCCCCCC,alkane,0.293,0.633,0.074,0.0,0.198,0.802,101.325,0.875,641,298.15,0.3814089,0.5382458,0.080345266,0.00723723,0.058333203,0.9344296
,1-butyl-3-methylimidazolium bis(trifluoromethylsulfonyl)imide,CCCCn1cc[n+](C)c1.O=S(=O)([N-]S(=O)(=O)C(F)(F)F)C(F)(F)F,[C4MIm][NTf2],ethanol,CCO,alcohol,n-heptane,CCCCCCC,alkane,0.221,0.695,0.084,0.0,0.23,0.77,101.325,1.0,641,298.15,0.3457083,0.5696373,0.084654376,0.008017664,0.064877406,0.92710495
,1-(2-methoxyethyl)-1-methylpiperidinium bis(trifluoromethylsulfonyl)imide,COCC[N+]1(C)CCCCC1.O=S(=O)([N-]S(=O)(=O)C(F)(F)F)C(F)(F)F,[COC2mPip][NTf2],methanol,CO,alcohol,n-heptane,CCCCCCC,alkane,0.961,0.0,0.039,0.0,0.0,1.0,101.325,0.0,650,298.15,0.5661316,0.40050787,0.033360634,0.0023544289,0.023983601,0.97366196
,1-(2-methoxyethyl)-1-methylpiperidinium bis(trifluoromethylsulfonyl)imide,COCC[N+]1(C)CCCCC1.O=S(=O)([N-]S(=O)(=O)C(F)(F)F)C(F)(F)F,[COC2mPip][NTf2],methanol,CO,alcohol,n-heptane,CCCCCCC,alkane,0.907,0.055,0.038,0.0,0.008,0.992,101.325,0.07692308,650,298.15,0.5408103,0.4240117,0.035178035,0.0025351425,0.026017854,0.971447
,1-(2-methoxyethyl)-1-methylpiperidinium bis(trifluoromethylsulfonyl)imide,COCC[N+]1(C)CCCCC1.O=S(=O)([N-]S(=O)(=O)C(F)(F)F)C(F)(F)F,[COC2mPip][NTf2],methanol,CO,alcohol,n-heptane,CCCCCCC,alkane,0.795,0.168,0.037,0.0,0.01,0.99,101.325,0.15384616,650,298.15,0.5152218,0.44777706,0.037001222,0.002728598,0.028226342,0.96904516
,1-(2-methoxyethyl)-1-methylpiperidinium bis(trifluoromethylsulfonyl)imide,COCC[N+]1(C)CCCCC1.O=S(=O)([N-]S(=O)(=O)C(F)(F)F)C(F)(F)F,[COC2mPip][NTf2],methanol,CO,alcohol,n-heptane,CCCCCCC,alkane,0.583,0.382,0.035,0.0,0.011,0.989,101.325,0.23076923,650,298.15,0.48956293,0.47161672,0.0388204,0.0029371043,0.030627634,0.96643525
,1-(2-methoxyethyl)-1-methylpiperidinium bis(trifluoromethylsulfonyl)imide,COCC[N+]1(C)CCCCC1.O=S(=O)([N-]S(=O)(=O)C(F)(F)F)C(F)(F)F,[COC2mPip][NTf2],methanol,CO,alcohol,n-heptane,CCCCCCC,alkane,0.472,0.497,0.031,0.0,0.014,0.986,101.325,0.30769232,650,298.15,0.46393257,0.49544305,0.040624317,0.003161196,0.033233423,0.9636053
,1-(2-methoxyethyl)-1-methylpiperidinium bis(trifluoromethylsulfonyl)imide,COCC[N+]1(C)CCCCC1.O=S(=O)([N-]S(=O)(=O)C(F)(F)F)C(F)(F)F,[COC2mPip][NTf2],methanol,CO,alcohol,n-heptane,CCCCCCC,alkane,0.36,0.609,0.031,0.0,0.022,0.978,101.325,0.3846154,650,298.15,0.43858477,0.5190104,0.042404775,0.003401203,0.03604651,0.96055233
,1-(2-methoxyethyl)-1-methylpiperidinium bis(trifluoromethylsulfonyl)imide,COCC[N+]1(C)CCCCC1.O=S(=O)([N-]S(=O)(=O)C(F)(F)F)C(F)(F)F,[COC2mPip][NTf2],methanol,CO,alcohol,n-heptane,CCCCCCC,alkane,0.282,0.688,0.03,0.0,0.03,0.97,101.325,0.46153846,650,298.15,0.41309947,0.5428717,0.044028755,0.0035919752,0.039117817,0.95729023
,1-(2-methoxyethyl)-1-methylpiperidinium bis(trifluoromethylsulfonyl)imide,COCC[N+]1(C)CCCCC1.O=S(=O)([N-]S(=O)(=O)C(F)(F)F)C(F)(F)F,[COC2mPip][NTf2],methanol,CO,alcohol,n-heptane,CCCCCCC,alkane,0.184,0.784,0.032,0.0,0.049,0.951,101.325,0.53846157,650,298.15,0.3879665,0.5665776,0.045455877,0.0037243566,0.0424379,0.95383775
,1-(2-methoxyethyl)-1-methylpiperidinium bis(trifluoromethylsulfonyl)imide,COCC[N+]1(C)CCCCC1.O=S(=O)([N-]S(=O)(=O)C(F)(F)F)C(F)(F)F,[COC2mPip][NTf2],methanol,CO,alcohol,n-heptane,CCCCCCC,alkane,0.11,0.855,0.035,0.0,0.063,0.937,101.325,0.61538464,650,298.15,0.3639842,0.58892554,0.047090277,0.0040020803,0.04600951,0.9499884
,1-(2-methoxyethyl)-1-methylpiperidinium bis(trifluoromethylsulfonyl)imide,COCC[N+]1(C)CCCCC1.O=S(=O)([N-]S(=O)(=O)C(F)(F)F)C(F)(F)F,[COC2mPip][NTf2],methanol,CO,alcohol,n-heptane,CCCCCCC,alkane,0.102,0.862,0.036,0.0,0.068,0.932,101.325,0.6923077,650,298.15,0.34049878,0.61080956,0.048691675,0.0043025617,0.049904812,0.9457927
,1-(2-methoxyethyl)-1-methylpiperidinium bis(trifluoromethylsulfonyl)imide,COCC[N+]1(C)CCCCC1.O=S(=O)([N-]S(=O)(=O)C(F)(F)F)C(F)(F)F,[COC2mPip][NTf2],methanol,CO,alcohol,n-heptane,CCCCCCC,alkane,0.059,0.9,0.041,0.0,0.077,0.923,101.325,0.7692308,650,298.15,0.31807095,0.6316823,0.050246738,0.0046410295,0.054060083,0.9412989
,1-(2-methoxyethyl)-1-methylpiperidinium bis(trifluoromethylsulfonyl)imide,COCC[N+]1(C)CCCCC1.O=S(=O)([N-]S(=O)(=O)C(F)(F)F)C(F)(F)F,[COC2mPip][NTf2],methanol,CO,alcohol,n-heptane,CCCCCCC,alkane,0.026,0.915,0.059,0.0,0.114,0.886,101.325,0.84615386,650,298.15,0.29641333,0.65179086,0.05179582,0.0050256373,0.058518916,0.93645537
,1-(2-methoxyethyl)-1-methylpiperidinium bis(trifluoromethylsulfonyl)imide,COCC[N+]1(C)CCCCC1.O=S(=O)([N-]S(=O)(=O)C(F)(F)F)C(F)(F)F,[COC2mPip][NTf2],methanol,CO,alcohol,n-heptane,CCCCCCC,alkane,0.009,0.909,0.082,0.0,0.139,0.861,101.325,0.9230769,650,298.15,0.27560908,0.6712152,0.053175732,0.0053910813,0.0633703,0.93123865
,1-(2-methoxyethyl)-1-methylpiperidinium bis(trifluoromethylsulfonyl)imide,COCC[N+]1(C)CCCCC1.O=S(=O)([N-]S(=O)(=O)C(F)(F)F)C(F)(F)F,[COC2mPip][NTf2],methanol,CO,alcohol,n-heptane,CCCCCCC,alkane,0.0,0.899,0.101,0.0,0.152,0.848,101.325,1.0,650,298.15,0.25564772,0.68985385,0.054498438,0.005782864,0.06864283,0.92557424
no,1-methyl-3-propylimidazolium bis(trifluoromethylsulfonyl)imide,CCCn1cc[n+](C)c1.O=S(=O)([N-]S(=O)(=O)C(F)(F)F)C(F)(F)F,[C3MIm][NTf2],ethanol,CCO,alcohol,n-heptane,CCCCCCC,alkane,0.956,0.0,0.044,0.0,0.0,1.0,101.325,0.0,653,298.15,0.65119296,0.3067324,0.04207464,0.0029449393,0.03203489,0.9650202
no,1-methyl-3-propylimidazolium bis(trifluoromethylsulfonyl)imide,CCCn1cc[n+](C)c1.O=S(=O)([N-]S(=O)(=O)C(F)(F)F)C(F)(F)F,[C3MIm][NTf2],ethanol,CCO,alcohol,n-heptane,CCCCCCC,alkane,0.72400004,0.23300001,0.043000005,0.0,0.013,0.987,101.325,0.14285715,653,298.15,0.60895,0.34417045,0.04687948,0.0033382655,0.036365245,0.9602965
no,1-methyl-3-propylimidazolium bis(trifluoromethylsulfonyl)imide,CCCn1cc[n+](C)c1.O=S(=O)([N-]S(=O)(=O)C(F)(F)F)C(F)(F)F,[C3MIm][NTf2],ethanol,CCO,alcohol,n-heptane,CCCCCCC,alkane,0.698,0.257,0.045,0.0,0.018,0.982,101.325,0.2857143,653,298.15,0.5583625,0.3926766,0.04896086,0.0030748143,0.04237409,0.95455104
no,1-methyl-3-propylimidazolium bis(trifluoromethylsulfonyl)imide,CCCn1cc[n+](C)c1.O=S(=O)([N-]S(=O)(=O)C(F)(F)F)C(F)(F)F,[C3MIm][NTf2],ethanol,CCO,alcohol,n-heptane,CCCCCCC,alkane,0.59800005,0.35500002,0.047000002,0.0,0.028,0.972,101.325,0.42857143,653,298.15,0.51331866,0.4329762,0.053705227,0.0034794027,0.048135832,0.9483847
no,1-methyl-3-propylimidazolium bis(trifluoromethylsulfonyl)imide,CCCn1cc[n+](C)c1.O=S(=O)([N-]S(=O)(=O)C(F)(F)F)C(F)(F)F,[C3MIm][NTf2],ethanol,CCO,alcohol,n-heptane,CCCCCCC,alkane,0.51600003,0.43100002,0.053000003,0.0,0.045,0.955,101.325,0.5714286,653,298.15,0.46807882,0.4734589,0.0584624,0.0039359042,0.05464149,0.9414226
no,1-methyl-3-propylimidazolium bis(trifluoromethylsulfonyl)imide,CCCn1cc[n+](C)c1.O=S(=O)([N-]S(=O)(=O)C(F)(F)F)C(F)(F)F,[C3MIm][NTf2],ethanol,CCO,alcohol,n-heptane,CCCCCCC,alkane,0.448,0.496,0.056,0.0,0.081,0.919,101.325,0.71428573,653,298.15,0.39712524,0.5375111,0.06536362,0.0050787567,0.06494156,0.92997974
no,1-methyl-3-propylimidazolium bis(trifluoromethylsulfonyl)imide,CCCn1cc[n+](C)c1.O=S(=O)([N-]S(=O)(=O)C(F)(F)F)C(F)(F)F,[C3MIm][NTf2],ethanol,CCO,alcohol,n-heptane,CCCCCCC,alkane,0.407,0.535,0.058,0.0,0.112,0.888,101.325,0.85714287,653,298.15,0.35475084,0.57552874,0.06972035,0.0057264897,0.07363413,0.92063934
no,1-methyl-3-propylimidazolium bis(trifluoromethylsulfonyl)imide,CCCn1cc[n+](C)c1.O=S(=O)([N-]S(=O)(=O)C(F)(F)F)C(F)(F)F,[C3MIm][NTf2],ethanol,CCO,alcohol,n-heptane,CCCCCCC,alkane,0.367,0.573,0.06,0.0,0.153,0.847,101.325,1.0,653,298.15,0.3146096,0.61156166,0.073828734,0.0064464207,0.08338891,0.91016465
no,3-methyl-N-butylpyridinium,CCCC[n+]1cccc(C)c1,[C4MPy][CF3SO3],ethanol,CCO,alcohol,n-hexane,CCCCCC,alkane,0.923,0.0,0.077,0.0,0.0,1.0,101.325,0.0,683,298.15,0.5477676,0.40501666,0.04721581,0.0021425842,0.025239184,0.9726183
no,3-methyl-N-butylpyridinium,CCCC[n+]1cccc(C)c1,[C4MPy][CF3SO3],ethanol,CCO,alcohol,n-hexane,CCCCCC,alkane,0.72800004,0.21000001,0.062000003,0.0,0.004,0.996,101.325,0.14285715,683,298.15,0.51169026,0.43740278,0.050906938,0.0023329398,0.028021488,0.9696455
no,3-methyl-N-butylpyridinium,CCCC[n+]1cccc(C)c1,[C4MPy][CF3SO3],ethanol,CCO,alcohol,n-hexane,CCCCCC,alkane,0.556,0.375,0.069,0.0,0.016,0.984,101.325,0.2857143,683,298.15,0.48580948,0.46055937,0.05363116,0.002390174,0.030706989,0.9669028
no,3-methyl-N-butylpyridinium,CCCC[n+]1cccc(C)c1,[C4MPy][CF3SO3],ethanol,CCO,alcohol,n-hexane,CCCCCC,alkane,0.424,0.507,0.069,0.0,0.032,0.968,101.325,0.42857143,683,298.15,0.4431336,0.49892026,0.057946105,0.0026913197,0.034632504,0.96267617
no,3-methyl-N-butylpyridinium,CCCC[n+]1cccc(C)c1,[C4MPy][CF3SO3],ethanol,CCO,alcohol,n-hexane,CCCCCC,alkane,0.37,0.561,0.069,0.0,0.045,0.955,101.325,0.5714286,683,298.15,0.40482682,0.5334952,0.061678022,0.0028670835,0.038453408,0.95867956
no,3-methyl-N-butylpyridinium,CCCC[n+]1cccc(C)c1,[C4MPy][CF3SO3],ethanol,CCO,alcohol,n-hexane,CCCCCC,alkane,0.28100002,0.64400005,0.07500001,0.0,0.087,0.913,101.325,0.71428573,683,298.15,0.36600357,0.5684845,0.06551192,0.0031324949,0.043026663,0.95384085
no,3-methyl-N-butylpyridinium,CCCC[n+]1cccc(C)c1,[C4MPy][CF3SO3],ethanol,CCO,alcohol,n-hexane,CCCCCC,alkane,0.246,0.671,0.083,0.0,0.119,0.881,101.325,0.85714287,683,298.15,0.32720625,0.60340434,0.06938941,0.0035196787,0.048485115,0.9479951
no,3-methyl-N-butylpyridinium,CCCC[n+]1cccc(C)c1,[C4MPy][CF3SO3],ethanol,CCO,alcohol,n-hexane,CCCCCC,alkane,0.202,0.698,0.1,0.0,0.177,0.823,101.325,1.0,683,298.15,0.2854172,0.6415629,0.073019885,0.004005486,0.05600596,0.93998855
,1-ethyl-3-methylimidazolium methylsulfate,CCn1cc[n+](C)c1.COS(=O)(=O)[O-],[C2MIm][MeSO4],ethanol,CCO,alcohol,n-hexadecane,CCCCCCCCCCCCCCCC,alkane,0.796,0.187,0.017,0.0,0.002,0.998,101.325,0.0,696,298.15,0.6801332,0.30515546,0.014711325,0.00040688642,0.00860275,0.9909904
,1-ethyl-3-methylimidazolium methylsulfate,CCn1cc[n+](C)c1.COS(=O)(=O)[O-],[C2MIm][MeSO4],ethanol,CCO,alcohol,n-hexadecane,CCCCCCCCCCCCCCCC,alkane,0.734,0.246,0.02,0.0,0.002,0.998,101.325,0.09090909,696,298.15,0.65224385,0.3318551,0.015901053,0.00044488956,0.009409016,0.9901461
,1-ethyl-3-methylimidazolium methylsulfate,CCn1cc[n+](C)c1.COS(=O)(=O)[O-],[C2MIm][MeSO4],ethanol,CCO,alcohol,n-hexadecane,CCCCCCCCCCCCCCCC,alkane,0.674,0.303,0.023,0.0,0.002,0.998,101.325,0.18181819,696,298.15,0.623345,0.3595359,0.017119115,0.00048605402,0.010282912,0.98923105
,1-ethyl-3-methylimidazolium methylsulfate,CCn1cc[n+](C)c1.COS(=O)(=O)[O-],[C2MIm][MeSO4],ethanol,CCO,alcohol,n-hexadecane,CCCCCCCCCCCCCCCC,alkane,0.602,0.373,0.025,0.0,0.002,0.998,101.325,0.27272728,696,298.15,0.5938797,0.38764086,0.01847946,0.0005506465,0.01119216,0.9882572
,1-ethyl-3-methylimidazolium methylsulfate,CCn1cc[n+](C)c1.COS(=O)(=O)[O-],[C2MIm][MeSO4],ethanol,CCO,alcohol,n-hexadecane,CCCCCCCCCCCCCCCC,alkane,0.522,0.452,0.026,0.0,0.003,0.997,101.325,0.36363637,696,298.15,0.56341815,0.41682276,0.019759126,0.00060203555,0.012243682,0.98715425
,1-ethyl-3-methylimidazolium methylsulfate,CCn1cc[n+](C)c1.COS(=O)(=O)[O-],[C2MIm][MeSO4],ethanol,CCO,alcohol,n-hexadecane,CCCCCCCCCCCCCCCC,alkane,0.465,0.504,0.031,0.0,0.003,0.997,101.325,0.45454547,696,298.15,0.5325025,0.4464445,0.021053027,0.000658027,0.013390213,0.98595166
,1-ethyl-3-methylimidazolium methylsulfate,CCn1cc[n+](C)c1.COS(=O)(=O)[O-],[C2MIm][MeSO4],ethanol,CCO,alcohol,n-hexadecane,CCCCCCCCCCCCCCCC,alkane,0.421,0.545,0.034,0.0,0.003,0.997,101.325,0.54545456,696,298.15,0.4973827,0.48013115,0.022486148,0.000751711,0.014585598,0.98466265
,1-ethyl-3-methylimidazolium methylsulfate,CCn1cc[n+](C)c1.COS(=O)(=O)[O-],[C2MIm][MeSO4],ethanol,CCO,alcohol,n-hexadecane,CCCCCCCCCCCCCCCC,alkane,0.36,0.601,0.039,0.0,0.003,0.997,101.325,0.6363636,696,298.15,0.45915347,0.5168075,0.024039011,0.0008975173,0.015808482,0.983294
,1-ethyl-3-methylimidazolium methylsulfate,CCn1cc[n+](C)c1.COS(=O)(=O)[O-],[C2MIm][MeSO4],ethanol,CCO,alcohol,n-hexadecane,CCCCCCCCCCCCCCCC,alkane,0.299,0.658,0.043,0.0,0.0039960044,0.99600405,101.325,0.72727275,696,298.15,0.42862654,0.5460842,0.025289277,0.0009805377,0.017291898,0.9817276
,1-ethyl-3-methylimidazolium methylsulfate,CCn1cc[n+](C)c1.COS(=O)(=O)[O-],[C2MIm][MeSO4],ethanol,CCO,alcohol,n-hexadecane,CCCCCCCCCCCCCCCC,alkane,0.22300002,0.72900003,0.048000004,0.0,0.004,0.996,101.325,0.8181818,696,298.15,0.3985411,0.5749443,0.026514625,0.0010713292,0.018923337,0.9800054
,1-ethyl-3-methylimidazolium methylsulfate,CCn1cc[n+](C)c1.COS(=O)(=O)[O-],[C2MIm][MeSO4],ethanol,CCO,alcohol,n-hexadecane,CCCCCCCCCCCCCCCC,alkane,0.156,0.792,0.052,0.0,0.005,0.995,101.325,0.90909094,696,298.15,0.36948302,0.6028312,0.027685741,0.0011696909,0.020698762,0.9781316
,1-ethyl-3-methylimidazolium methylsulfate,CCn1cc[n+](C)c1.COS(=O)(=O)[O-],[C2MIm][MeSO4],ethanol,CCO,alcohol,n-hexadecane,CCCCCCCCCCCCCCCC,alkane,0.105,0.838,0.057,0.0,0.005,0.995,101.325,1.0,696,298.15,0.29392445,0.6737758,0.032299735,0.0020260152,0.026665615,0.9713084
,1-butyl-3-methylimidazolium methylsulfate,CCCCn1cc[n+](C)c1.COS(=O)(=O)[O-],[C4MIm][MeSO4],ethanol,CCO,alcohol,n-dodecane,CCCCCCCCCCCC,alkane,0.898,0.086,0.016,0.0,0.004,0.996,101.325,0.0,697,298.15,0.6013111,0.36998525,0.028703624,0.0010951826,0.0076483428,0.9912565
,1-butyl-3-methylimidazolium methylsulfate,CCCCn1cc[n+](C)c1.COS(=O)(=O)[O-],[C4MIm][MeSO4],ethanol,CCO,alcohol,n-dodecane,CCCCCCCCCCCC,alkane,0.83100003,0.15000002,0.019000001,0.0,0.005,0.995,101.325,0.1,697,298.15,0.5704571,0.398747,0.0307959,0.0012002098,0.008384369,0.99041533
,1-butyl-3-methylimidazolium methylsulfate,CCCCn1cc[n+](C)c1.COS(=O)(=O)[O-],[C4MIm][MeSO4],ethanol,CCO,alcohol,n-dodecane,CCCCCCCCCCCC,alkane,0.757,0.219,0.024,0.0,0.006,0.994,101.325,0.2,697,298.15,0.5390835,0.42799595,0.03292061,0.0013152309,0.009191889,0.9894929
,1-butyl-3-methylimidazolium methylsulfate,CCCCn1cc[n+](C)c1.COS(=O)(=O)[O-],[C4MIm][MeSO4],ethanol,CCO,alcohol,n-dodecane,CCCCCCCCCCCC,alkane,0.674,0.295,0.031,0.0,0.007,0.993,101.325,0.3,697,298.15,0.52802825,0.43951032,0.03246143,0.0012584128,0.009481798,0.9892597
,1-butyl-3-methylimidazolium methylsulfate,CCCCn1cc[n+](C)c1.COS(=O)(=O)[O-],[C4MIm][MeSO4],ethanol,CCO,alcohol,n-dodecane,CCCCCCCCCCCC,alkane,0.573,0.383,0.044,0.0,0.007,0.993,101.325,0.4,697,298.15,0.5075609,0.4590223,0.03341684,0.0012999073,0.010102837,0.98859733
,1-butyl-3-methylimidazolium methylsulfate,CCCCn1cc[n+](C)c1.COS(=O)(=O)[O-],[C4MIm][MeSO4],ethanol,CCO,alcohol,n-dodecane,CCCCCCCCCCCC,alkane,0.522,0.425,0.053,0.0,0.007,0.993,101.325,0.5,697,298.15,0.48566073,0.47926798,0.03507125,0.0013414441,0.010778791,0.9878798
,1-butyl-3-methylimidazolium methylsulfate,CCCCn1cc[n+](C)c1.COS(=O)(=O)[O-],[C4MIm][MeSO4],ethanol,CCO,alcohol,n-dodecane,CCCCCCCCCCCC,alkane,0.41500002,0.52300006,0.062000003,0.0,0.008,0.992,101.325,0.6,697,298.15,0.4824132,0.4816891,0.035897758,0.0012285858,0.0112268645,0.98754454
,1-butyl-3-methylimidazolium methylsulfate,CCCCn1cc[n+](C)c1.COS(=O)(=O)[O-],[C4MIm][MeSO4],ethanol,CCO,alcohol,n-dodecane,CCCCCCCCCCCC,alkane,0.349,0.583,0.068,0.001,0.008,0.991,101.325,0.7,697,298.15,0.45066482,0.51137567,0.03795952,0.0013461078,0.012315939,0.98633796
,1-butyl-3-methylimidazolium methylsulfate,CCCCn1cc[n+](C)c1.COS(=O)(=O)[O-],[C4MIm][MeSO4],ethanol,CCO,alcohol,n-dodecane,CCCCCCCCCCCC,alkane,0.275,0.653,0.072,0.001,0.009,0.99,101.325,0.8,697,298.15,0.41946182,0.5405619,0.039976314,0.0014742324,0.013512072,0.98501366
,1-butyl-3-methylimidazolium methylsulfate,CCCCn1cc[n+](C)c1.COS(=O)(=O)[O-],[C4MIm][MeSO4],ethanol,CCO,alcohol,n-dodecane,CCCCCCCCCCCC,alkane,0.193,0.728,0.079,0.001,0.01,0.989,101.325,0.9,697,298.15,0.37544,0.5827693,0.041790698,0.0015397993,0.015438474,0.98302174
,1-butyl-3-methylimidazolium methylsulfate,CCCCn1cc[n+](C)c1.COS(=O)(=O)[O-],[C4MIm][MeSO4],ethanol,CCO,alcohol,n-dodecane,CCCCCCCCCCCC,alkane,0.088,0.809,0.103,0.001,0.011,0.988,101.325,1.0,697,298.15,0.34121892,0.61539847,0.043382596,0.0016132476,0.01728475,0.98110193
,1-(2-methoxyethyl)-1-methylpyrrolidinium bis(trifluoromethylsulfonyl)imide,COCC[N+]1(C)CCCC1.O=S(=O)([N-]S(=O)(=O)C(F)(F)F)C(F)(F)F,[COC2mPyr][NTf2],1-butanol,CCCCO,alcohol,water,O,water,0.202,0.299,0.499,0.001,0.016,0.983,101.325,0.0,758,298.15,0.34570473,0.18936478,0.46493053,0.0052565853,0.061029937,0.9337135
,1-(2-methoxyethyl)-1-methylpyrrolidinium bis(trifluoromethylsulfonyl)imide,COCC[N+]1(C)CCCC1.O=S(=O)([N-]S(=O)(=O)C(F)(F)F)C(F)(F)F,[COC2mPyr][NTf2],1-butanol,CCCCO,alcohol,water,O,water,0.176,0.315,0.509,0.001,0.016,0.983,101.325,0.083333336,758,298.15,0.31370163,0.20087002,0.4854283,0.005687738,0.059994325,0.934318
,1-(2-methoxyethyl)-1-methylpyrrolidinium bis(trifluoromethylsulfonyl)imide,COCC[N+]1(C)CCCC1.O=S(=O)([N-]S(=O)(=O)C(F)(F)F)C(F)(F)F,[COC2mPyr][NTf2],1-butanol,CCCCO,alcohol,water,O,water,0.174,0.315,0.511,0.001,0.016,0.983,101.325,0.16666667,758,298.15,0.2876589,0.21003889,0.5023022,0.005986835,0.059148956,0.9348643
,1-(2-methoxyethyl)-1-methylpyrrolidinium bis(trifluoromethylsulfonyl)imide,COCC[N+]1(C)CCCC1.O=S(=O)([N-]S(=O)(=O)C(F)(F)F)C(F)(F)F,[COC2mPyr][NTf2],1-butanol,CCCCO,alcohol,water,O,water,0.127,0.334,0.539,0.001,0.017,0.982,101.325,0.25,758,298.15,0.26196027,0.22170982,0.51632994,0.0074984278,0.057632063,0.93486947
,1-(2-methoxyethyl)-1-methylpyrrolidinium bis(trifluoromethylsulfonyl)imide,COCC[N+]1(C)CCCC1.O=S(=O)([N-]S(=O)(=O)C(F)(F)F)C(F)(F)F,[COC2mPyr][NTf2],1-butanol,CCCCO,alcohol,water,O,water,0.061,0.356,0.583,0.001,0.017,0.982,101.325,0.33333334,758,298.15,0.24020536,0.2308607,0.52893394,0.008994036,0.05693831,0.9340677
,1-(2-methoxyethyl)-1-methylpyrrolidinium bis(trifluoromethylsulfonyl)imide,COCC[N+]1(C)CCCC1.O=S(=O)([N-]S(=O)(=O)C(F)(F)F)C(F)(F)F,[COC2mPyr][NTf2],1-butanol,CCCCO,alcohol,water,O,water,0.054,0.361,0.585,0.001,0.018,0.981,101.325,0.41666666,758,298.15,0.2108086,0.24341363,0.54577774,0.010145804,0.057180062,0.9326741
,1-(2-methoxyethyl)-1-methylpyrrolidinium bis(trifluoromethylsulfonyl)imide,COCC[N+]1(C)CCCC1.O=S(=O)([N-]S(=O)(=O)C(F)(F)F)C(F)(F)F,[COC2mPyr][NTf2],1-butanol,CCCCO,alcohol,water,O,water,0.027,0.376,0.597,0.001,0.018,0.981,101.325,0.5,758,298.15,0.18950258,0.25238338,0.55811405,0.01108692,0.057276174,0.9316369
,1-(2-methoxyethyl)-1-methylpyrrolidinium bis(trifluoromethylsulfonyl)imide,COCC[N+]1(C)CCCC1.O=S(=O)([N-]S(=O)(=O)C(F)(F)F)C(F)(F)F,[COC2mPyr][NTf2],1-butanol,CCCCO,alcohol,water,O,water,0.014,0.4,0.586,0.001,0.018,0.981,101.325,0.6666667,758,298.15,0.15991436,0.26350412,0.5765816,0.011707825,0.055953298,0.9323389
,1-(2-methoxyethyl)-1-methylpyrrolidinium bis(trifluoromethylsulfonyl)imide,COCC[N+]1(C)CCCC1.O=S(=O)([N-]S(=O)(=O)C(F)(F)F)C(F)(F)F,[COC2mPyr][NTf2],1-butanol,CCCCO,alcohol,water,O,water,0.014,0.398,0.588,0.001,0.019,0.98,101.325,0.5833333,758,298.15,0.19305958,0.24203919,0.56490123,0.010572258,0.056934435,0.93249327
,1-(2-methoxyethyl)-1-methylpyrrolidinium bis(trifluoromethylsulfonyl)imide,COCC[N+]1(C)CCCC1.O=S(=O)([N-]S(=O)(=O)C(F)(F)F)C(F)(F)F,[COC2mPyr][NTf2],1-butanol,CCCCO,alcohol,water,O,water,0.01,0.415,0.575,0.001,0.019,0.98,101.325,0.75,758,298.15,0.17588842,0.24177006,0.5823415,0.009972662,0.05690646,0.93312085
,1-(2-methoxyethyl)-1-methylpyrrolidinium bis(trifluoromethylsulfonyl)imide,COCC[N+]1(C)CCCC1.O=S(=O)([N-]S(=O)(=O)C(F)(F)F)C(F)(F)F,[COC2mPyr][NTf2],1-butanol,CCCCO,alcohol,water,O,water,0.009,0.418,0.573,0.0,0.019,0.981,101.325,0.8333333,758,298.15,0.16127208,0.24704655,0.5916813,0.010249212,0.0561648,0.933586
,1-(2-methoxyethyl)-1-methylpyrrolidinium bis(trifluoromethylsulfonyl)imide,COCC[N+]1(C)CCCC1.O=S(=O)([N-]S(=O)(=O)C(F)(F)F)C(F)(F)F,[COC2mPyr][NTf2],1-butanol,CCCCO,alcohol,water,O,water,0.008,0.418,0.574,0.0,0.019,0.981,101.325,0.9166667,758,298.15,0.14777854,0.25200266,0.60021883,0.010530299,0.055478472,0.93399125
,1-(2-methoxyethyl)-1-methylpyrrolidinium bis(trifluoromethylsulfonyl)imide,COCC[N+]1(C)CCCC1.O=S(=O)([N-]S(=O)(=O)C(F)(F)F)C(F)(F)F,[COC2mPyr][NTf2],1-butanol,CCCCO,alcohol,water,O,water,0.0,0.486,0.514,0.0,0.019,0.981,101.325,1.0,758,298.15,0.13519439,0.25669843,0.60810715,0.010824314,0.0548022,0.9343735
no,diethylmethylsulfonium bis(trifluoromethylsulfonyl)imide,CC[S+](C)CC.O=S(=O)([N-]S(=O)(=O)C(F)(F)F)C(F)(F)F,[S221][NTf2],2-phenylethanol,OCCc1ccccc1,alcohol,water,O,water,0.706,0.0,0.294,0.001,0.0,0.999,101.325,0.0,770,308.15,0.4684652,0.2648177,0.26671708,0.0036180543,0.007573479,0.98880845
no,diethylmethylsulfonium bis(trifluoromethylsulfonyl)imide,CC[S+](C)CC.O=S(=O)([N-]S(=O)(=O)C(F)(F)F)C(F)(F)F,[S221][NTf2],2-phenylethanol,OCCc1ccccc1,alcohol,water,O,water,0.653,0.036,0.311,0.001,0.001,0.998,101.325,0.083333336,770,308.15,0.4437046,0.2778206,0.27847484,0.0037891243,0.007774286,0.9884367
no,diethylmethylsulfonium bis(trifluoromethylsulfonyl)imide,CC[S+](C)CC.O=S(=O)([N-]S(=O)(=O)C(F)(F)F)C(F)(F)F,[S221][NTf2],2-phenylethanol,OCCc1ccccc1,alcohol,water,O,water,0.629,0.058,0.313,0.001,0.001,0.998,101.325,0.16666667,770,308.15,0.4193006,0.2906573,0.29004216,0.0039683348,0.007980123,0.98805153
no,diethylmethylsulfonium bis(trifluoromethylsulfonyl)imide,CC[S+](C)CC.O=S(=O)([N-]S(=O)(=O)C(F)(F)F)C(F)(F)F,[S221][NTf2],2-phenylethanol,OCCc1ccccc1,alcohol,water,O,water,0.565,0.104,0.331,0.001,0.002,0.997,101.325,0.25,770,308.15,0.39516824,0.3034253,0.30140644,0.004156227,0.008197401,0.98764634
no,diethylmethylsulfonium bis(trifluoromethylsulfonyl)imide,CC[S+](C)CC.O=S(=O)([N-]S(=O)(=O)C(F)(F)F)C(F)(F)F,[S221][NTf2],2-phenylethanol,OCCc1ccccc1,alcohol,water,O,water,0.516,0.139,0.345,0.001,0.002,0.997,101.325,0.33333334,770,308.15,0.37172106,0.31588283,0.31239614,0.004350087,0.008415395,0.98723453
no,diethylmethylsulfonium bis(trifluoromethylsulfonyl)imide,CC[S+](C)CC.O=S(=O)([N-]S(=O)(=O)C(F)(F)F)C(F)(F)F,[S221][NTf2],2-phenylethanol,OCCc1ccccc1,alcohol,water,O,water,0.444,0.195,0.361,0.001,0.002,0.997,101.325,0.41666666,770,308.15,0.34873006,0.32816344,0.32310647,0.004553739,0.008642104,0.9868041
no,diethylmethylsulfonium bis(trifluoromethylsulfonyl)imide,CC[S+](C)CC.O=S(=O)([N-]S(=O)(=O)C(F)(F)F)C(F)(F)F,[S221][NTf2],2-phenylethanol,OCCc1ccccc1,alcohol,water,O,water,0.373,0.26,0.367,0.0,0.002,0.998,101.325,0.5,770,308.15,0.319618,0.34333035,0.33705166,0.0044260025,0.008505369,0.98706865
no,diethylmethylsulfonium bis(trifluoromethylsulfonyl)imide,CC[S+](C)CC.O=S(=O)([N-]S(=O)(=O)C(F)(F)F)C(F)(F)F,[S221][NTf2],2-phenylethanol,OCCc1ccccc1,alcohol,water,O,water,0.285,0.321,0.394,0.0,0.003,0.997,101.325,0.5833333,770,308.15,0.29555166,0.3558797,0.34856868,0.0044601643,0.008570665,0.9869691
no,diethylmethylsulfonium bis(trifluoromethylsulfonyl)imide,CC[S+](C)CC.O=S(=O)([N-]S(=O)(=O)C(F)(F)F)C(F)(F)F,[S221][NTf2],2-phenylethanol,OCCc1ccccc1,alcohol,water,O,water,0.254,0.35,0.396,0.0,0.002,0.998,101.325,0.6666667,770,308.15,0.2752122,0.36692578,0.35786203,0.004668516,0.008806147,0.9865254
no,diethylmethylsulfonium bis(trifluoromethylsulfonyl)imide,CC[S+](C)CC.O=S(=O)([N-]S(=O)(=O)C(F)(F)F)C(F)(F)F,[S221][NTf2],2-phenylethanol,OCCc1ccccc1,alcohol,water,O,water,0.229,0.374,0.397,0.0,0.003,0.997,101.325,0.75,770,308.15,0.255715,0.377561,0.36672398,0.0048879855,0.00904901,0.98606306
no,diethylmethylsulfonium bis(trifluoromethylsulfonyl)imide,CC[S+](C)CC.O=S(=O)([N-]S(=O)(=O)C(F)(F)F)C(F)(F)F,[S221][NTf2],2-phenylethanol,OCCc1ccccc1,alcohol,water,O,water,0.14,0.442,0.418,0.0,0.003,0.997,101.325,0.8333333,770,308.15,0.23728904,0.38767827,0.3750327,0.005191082,0.009336843,0.985472
no,diethylmethylsulfonium bis(trifluoromethylsulfonyl)imide,CC[S+](C)CC.O=S(=O)([N-]S(=O)(=O)C(F)(F)F)C(F)(F)F,[S221][NTf2],2-phenylethanol,OCCc1ccccc1,alcohol,water,O,water,0.117,0.467,0.416,0.0,0.003,0.997,101.325,0.9166667,770,308.15,0.2199139,0.39726046,0.38282564,0.005470554,0.009609952,0.98491955
no,diethylmethylsulfonium bis(trifluoromethylsulfonyl)imide,CC[S+](C)CC.O=S(=O)([N-]S(=O)(=O)C(F)(F)F)C(F)(F)F,[S221][NTf2],2-phenylethanol,OCCc1ccccc1,alcohol,water,O,water,0.031,0.555,0.414,0.0,0.004,0.996,101.325,1.0,770,308.15,0.20332983,0.40648675,0.3901834,0.0057262774,0.009882875,0.98439085
,1-ethyl-3-methylimidazolium bis(trifluoromethylsulfonyl)imide,CCn1cc[n+](C)c1.O=S(=O)([N-]S(=O)(=O)C(F)(F)F)C(F)(F)F,[C2MIm][NTf2],ethanol,CCO,alcohol,water,O,water,0.693,0.0,0.307,0.0,0.0,1.0,101.325,0.0,793,323.2,0.47021076,0.14688471,0.38290447,0.008546483,0.028441906,0.96301156
,1-ethyl-3-methylimidazolium bis(trifluoromethylsulfonyl)imide,CCn1cc[n+](C)c1.O=S(=O)([N-]S(=O)(=O)C(F)(F)F)C(F)(F)F,[C2MIm][NTf2],ethanol,CCO,alcohol,water,O,water,0.542,0.121,0.337,0.0,0.035,0.965,101.325,0.16666667,793,323.2,0.43062824,0.16005118,0.40932056,0.009732947,0.029634891,0.96063215
,1-ethyl-3-methylimidazolium bis(trifluoromethylsulfonyl)imide,CCn1cc[n+](C)c1.O=S(=O)([N-]S(=O)(=O)C(F)(F)F)C(F)(F)F,[C2MIm][NTf2],ethanol,CCO,alcohol,water,O,water,0.416,0.219,0.365,0.001,0.07,0.929,101.325,0.33333334,793,323.2,0.38238254,0.17511268,0.44250473,0.010407691,0.029679136,0.95991313
,1-ethyl-3-methylimidazolium bis(trifluoromethylsulfonyl)imide,CCn1cc[n+](C)c1.O=S(=O)([N-]S(=O)(=O)C(F)(F)F)C(F)(F)F,[C2MIm][NTf2],ethanol,CCO,alcohol,water,O,water,0.307,0.292,0.401,0.001,0.106,0.893,101.325,0.5,793,323.2,0.3372674,0.18956214,0.47317046,0.011030377,0.029732173,0.9592374
,1-ethyl-3-methylimidazolium bis(trifluoromethylsulfonyl)imide,CCn1cc[n+](C)c1.O=S(=O)([N-]S(=O)(=O)C(F)(F)F)C(F)(F)F,[C2MIm][NTf2],ethanol,CCO,alcohol,water,O,water,0.222,0.333,0.445,0.002,0.143,0.855,101.325,0.6666667,793,323.2,0.2936561,0.20363721,0.50270665,0.011875242,0.029831259,0.9582935
,1-ethyl-3-methylimidazolium bis(trifluoromethylsulfonyl)imide,CCn1cc[n+](C)c1.O=S(=O)([N-]S(=O)(=O)C(F)(F)F)C(F)(F)F,[C2MIm][NTf2],ethanol,CCO,alcohol,water,O,water,0.156,0.347,0.497,0.004,0.177,0.819,101.325,0.8333333,793,323.2,0.25331616,0.21653467,0.5301492,0.012540822,0.029813478,0.95764565
,1-ethyl-3-methylimidazolium bis(trifluoromethylsulfonyl)imide,CCn1cc[n+](C)c1.O=S(=O)([N-]S(=O)(=O)C(F)(F)F)C(F)(F)F,[C2MIm][NTf2],ethanol,CCO,alcohol,water,O,water,0.103,0.338,0.559,0.016,0.21,0.774,101.325,1.0,793,323.2,0.21668401,0.2279837,0.5553323,0.012994215,0.029667038,0.95733875
,1-(2-methoxyethyl)-1-methylpyrrolidinium bis(trifluoromethylsulfonyl)imide,COCC[N+]1(C)CCCC1.O=S(=O)([N-]S(=O)(=O)C(F)(F)F)C(F)(F)F,[COC2mPyr][NTf2],2-propanol,CC(C)O,alcohol,di-iso-propyl ether,CC(C)OC(C)C,ether,0.795,0.0,0.205,0.0,0.0,1.0,101.325,0.0,817,298.15,0.6694761,0.24147832,0.0890455,0.017481124,0.15754369,0.82497513
,1-(2-methoxyethyl)-1-methylpyrrolidinium bis(trifluoromethylsulfonyl)imide,COCC[N+]1(C)CCCC1.O=S(=O)([N-]S(=O)(=O)C(F)(F)F)C(F)(F)F,[COC2mPyr][NTf2],2-propanol,CC(C)O,alcohol,di-iso-propyl ether,CC(C)OC(C)C,ether,0.66,0.123,0.217,0.0,0.093,0.907,101.325,0.1,817,298.15,0.64540225,0.25928977,0.09530802,0.018527431,0.16309632,0.8183762
,1-(2-methoxyethyl)-1-methylpyrrolidinium bis(trifluoromethylsulfonyl)imide,COCC[N+]1(C)CCCC1.O=S(=O)([N-]S(=O)(=O)C(F)(F)F)C(F)(F)F,[COC2mPyr][NTf2],2-propanol,CC(C)O,alcohol,di-iso-propyl ether,CC(C)OC(C)C,ether,0.579,0.201,0.22,0.001,0.169,0.83,101.325,0.2,817,298.15,0.620548,0.27769944,0.1017525,0.019623294,0.16878729,0.81158936
,1-(2-methoxyethyl)-1-methylpyrrolidinium bis(trifluoromethylsulfonyl)imide,COCC[N+]1(C)CCCC1.O=S(=O)([N-]S(=O)(=O)C(F)(F)F)C(F)(F)F,[COC2mPyr][NTf2],2-propanol,CC(C)O,alcohol,di-iso-propyl ether,CC(C)OC(C)C,ether,0.522,0.241,0.237,0.002,0.227,0.771,101.325,0.3,817,298.15,0.59381175,0.29737842,0.108809836,0.021362614,0.1746643,0.80397314
,1-(2-methoxyethyl)-1-methylpyrrolidinium bis(trifluoromethylsulfonyl)imide,COCC[N+]1(C)CCCC1.O=S(=O)([N-]S(=O)(=O)C(F)(F)F)C(F)(F)F,[COC2mPyr][NTf2],2-propanol,CC(C)O,alcohol,di-iso-propyl ether,CC(C)OC(C)C,ether,0.498,0.263,0.239,0.002,0.259,0.739,101.325,0.4,817,298.15,0.5673302,0.31693527,0.11573451,0.022911929,0.18059976,0.79648834
,1-(2-methoxyethyl)-1-methylpyrrolidinium bis(trifluoromethylsulfonyl)imide,COCC[N+]1(C)CCCC1.O=S(=O)([N-]S(=O)(=O)C(F)(F)F)C(F)(F)F,[COC2mPyr][NTf2],2-propanol,CC(C)O,alcohol,di-iso-propyl ether,CC(C)OC(C)C,ether,0.453,0.31,0.237,0.004,0.331,0.665,101.325,0.5,817,298.15,0.54113024,0.3363792,0.122490585,0.02421889,0.18666342,0.78911763
,1-(2-methoxyethyl)-1-methylpyrrolidinium bis(trifluoromethylsulfonyl)imide,COCC[N+]1(C)CCCC1.O=S(=O)([N-]S(=O)(=O)C(F)(F)F)C(F)(F)F,[COC2mPyr][NTf2],2-propanol,CC(C)O,alcohol,di-iso-propyl ether,CC(C)OC(C)C,ether,0.394,0.353,0.253,0.005,0.407,0.588,101.325,0.6,817,298.15,0.5146165,0.35570684,0.12967668,0.025748266,0.19184887,0.78240275
,1-(2-methoxyethyl)-1-methylpyrrolidinium bis(trifluoromethylsulfonyl)imide,COCC[N+]1(C)CCCC1.O=S(=O)([N-]S(=O)(=O)C(F)(F)F)C(F)(F)F,[COC2mPyr][NTf2],2-propanol,CC(C)O,alcohol,di-iso-propyl ether,CC(C)OC(C)C,ether,0.36,0.401,0.239,0.009,0.473,0.518,101.325,0.7,817,298.15,0.48816267,0.37535512,0.13648218,0.027181773,0.19811189,0.77470636
,1-(2-methoxyethyl)-1-methylpyrrolidinium bis(trifluoromethylsulfonyl)imide,COCC[N+]1(C)CCCC1.O=S(=O)([N-]S(=O)(=O)C(F)(F)F)C(F)(F)F,[COC2mPyr][NTf2],2-propanol,CC(C)O,alcohol,di-iso-propyl ether,CC(C)OC(C)C,ether,0.353,0.413,0.234,0.011,0.496,0.493,101.325,0.8,817,298.15,0.46159458,0.39521635,0.14318901,0.028817806,0.20506725,0.76611495
,1-(2-methoxyethyl)-1-methylpyrrolidinium bis(trifluoromethylsulfonyl)imide,COCC[N+]1(C)CCCC1.O=S(=O)([N-]S(=O)(=O)C(F)(F)F)C(F)(F)F,[COC2mPyr][NTf2],2-propanol,CC(C)O,alcohol,di-iso-propyl ether,CC(C)OC(C)C,ether,0.326,0.438,0.236,0.014,0.531,0.455,101.325,0.9,817,298.15,0.43486872,0.41531977,0.14981152,0.03069151,0.21275474,0.7565537
,1-(2-methoxyethyl)-1-methylpyrrolidinium bis(trifluoromethylsulfonyl)imide,COCC[N+]1(C)CCCC1.O=S(=O)([N-]S(=O)(=O)C(F)(F)F)C(F)(F)F,[COC2mPyr][NTf2],2-propanol,CC(C)O,alcohol,di-iso-propyl ether,CC(C)OC(C)C,ether,0.296,0.463,0.241,0.019,0.558,0.423,101.325,1.0,817,298.15,0.4090706,0.4345618,0.15636759,0.032336764,0.21947014,0.7481931
,1-ethyl-3-methylimidazolium,CCn1cc[n+](C)c1,[C2MIm][EtSO4],ethanol,CCO,alcohol,tert-butylmethyl ether,COC(C)(C)C,ether,0.926,0.0,0.074,0.002,0.0,0.998,101.325,0.0,825,298.15,0.6599752,0.2880585,0.051966403,0.011588842,0.077598505,0.9108126
,1-ethyl-3-methylimidazolium,CCn1cc[n+](C)c1,[C2MIm][EtSO4],ethanol,CCO,alcohol,tert-butylmethyl ether,COC(C)(C)C,ether,0.824,0.101,0.075,0.0,0.014,0.986,101.325,0.125,825,298.15,0.6281851,0.3151769,0.056638006,0.012693062,0.08310177,0.9042052
,1-ethyl-3-methylimidazolium,CCn1cc[n+](C)c1,[C2MIm][EtSO4],ethanol,CCO,alcohol,tert-butylmethyl ether,COC(C)(C)C,ether,0.718,0.201,0.081,0.001,0.039,0.96,101.325,0.25,825,298.15,0.59521306,0.34329778,0.061489098,0.013916082,0.08886996,0.897214
,1-ethyl-3-methylimidazolium,CCn1cc[n+](C)c1,[C2MIm][EtSO4],ethanol,CCO,alcohol,tert-butylmethyl ether,COC(C)(C)C,ether,0.589,0.319,0.092,0.001,0.095,0.904,101.325,0.375,825,298.15,0.5617271,0.37193075,0.06634217,0.01517929,0.09514643,0.8896743
,1-ethyl-3-methylimidazolium,CCn1cc[n+](C)c1,[C2MIm][EtSO4],ethanol,CCO,alcohol,tert-butylmethyl ether,COC(C)(C)C,ether,0.514,0.38,0.106,0.001,0.136,0.863,101.325,0.5,825,298.15,0.52768576,0.40106,0.071254246,0.01653867,0.10180309,0.88165826
,1-ethyl-3-methylimidazolium,CCn1cc[n+](C)c1,[C2MIm][EtSO4],ethanol,CCO,alcohol,tert-butylmethyl ether,COC(C)(C)C,ether,0.429,0.446,0.125,0.002,0.196,0.802,101.325,0.625,825,298.15,0.46214274,0.46093416,0.07692307,0.020564627,0.11089806,0.8685373
,1-ethyl-3-methylimidazolium,CCn1cc[n+](C)c1,[C2MIm][EtSO4],ethanol,CCO,alcohol,tert-butylmethyl ether,COC(C)(C)C,ether,0.328,0.509,0.163,0.011,0.266,0.723,101.325,0.75,825,298.15,0.4245699,0.4943259,0.0811041,0.022552399,0.11923052,0.858217
,1-ethyl-3-methylimidazolium,CCn1cc[n+](C)c1,[C2MIm][EtSO4],ethanol,CCO,alcohol,tert-butylmethyl ether,COC(C)(C)C,ether,0.241,0.549,0.21,0.01,0.353,0.637,101.325,0.875,825,298.15,0.39235103,0.522145,0.08550395,0.024444021,0.12722921,0.84832674
,1-ethyl-3-methylimidazolium,CCn1cc[n+](C)c1,[C2MIm][EtSO4],ethanol,CCO,alcohol,tert-butylmethyl ether,COC(C)(C)C,ether,0.156,0.57,0.274,0.034,0.443,0.523,101.325,1.0,825,298.15,0.36105952,0.5491622,0.089778274,0.026459908,0.13563946,0.83790064
,"1,3-dimethylimidazolium methylsulfate",COS(=O)(=O)[O-].Cn1cc[n+](C)c1,[C1MIm][MeSO4],ethanol,CCO,alcohol,butanone,CCC(C)=O,ketone,0.667,0.03,0.303,0.005,0.02,0.975,101.325,0.0,831,298.15,0.637131,0.26649174,0.09637728,0.006936487,0.082861535,0.91020197
,"1,3-dimethylimidazolium methylsulfate",COS(=O)(=O)[O-].Cn1cc[n+](C)c1,[C1MIm][MeSO4],ethanol,CCO,alcohol,butanone,CCC(C)=O,ketone,0.645,0.047,0.308,0.006,0.024,0.97,101.325,0.2,831,298.15,0.5786811,0.3096081,0.11171083,0.008130372,0.08954975,0.90231985
,"1,3-dimethylimidazolium methylsulfate",COS(=O)(=O)[O-].Cn1cc[n+](C)c1,[C1MIm][MeSO4],ethanol,CCO,alcohol,butanone,CCC(C)=O,ketone,0.619,0.065,0.316,0.007,0.03,0.963,101.325,0.4,831,298.15,0.5223681,0.35136527,0.1262666,0.009187987,0.09623076,0.8945812
,"1,3-dimethylimidazolium methylsulfate",COS(=O)(=O)[O-].Cn1cc[n+](C)c1,[C1MIm][MeSO4],ethanol,CCO,alcohol,butanone,CCC(C)=O,ketone,0.573,0.093,0.334,0.01,0.059,0.931,101.325,0.6,831,298.15,0.46549997,0.39358777,0.14091228,0.01037128,0.10336745,0.8862612
,"1,3-dimethylimidazolium methylsulfate",COS(=O)(=O)[O-].Cn1cc[n+](C)c1,[C1MIm][MeSO4],ethanol,CCO,alcohol,butanone,CCC(C)=O,ketone,0.517,0.124,0.359,0.022,0.107,0.871,101.325,0.8,831,298.15,0.40969393,0.435049,0.15525712,0.011689434,0.11096434,0.8773462
,"1,3-dimethylimidazolium methylsulfate",COS(=O)(=O)[O-].Cn1cc[n+](C)c1,[C1MIm][MeSO4],ethanol,CCO,alcohol,butanone,CCC(C)=O,ketone,0.453,0.157,0.39,0.031,0.126,0.843,101.325,1.0,831,298.15,0.35866195,0.47312242,0.16821566,0.012992646,0.119076304,0.867931
,1-butyl-3-methylimidazolium tetrafluoroborate,CCCCn1cc[n+](C)c1.F[B-](F)(F)F,[C4MIm][BF4],water,O,water,di-iso-propyl ether,CC(C)OC(C)C,ether,0.609,0.359,0.032,0.002,0.002,0.996,101.325,0.0,843,293.15,0.41672325,0.557614,0.025662784,0.0027379848,0.018081669,0.9791804
,1-butyl-3-methylimidazolium tetrafluoroborate,CCCCn1cc[n+](C)c1.F[B-](F)(F)F,[C4MIm][BF4],water,O,water,di-iso-propyl ether,CC(C)OC(C)C,ether,0.434,0.54,0.026,0.001,0.006,0.993,101.325,0.2,843,293.15,0.37943074,0.59336555,0.027203714,0.00265837,0.019978866,0.9773627
,1-butyl-3-methylimidazolium tetrafluoroborate,CCCCn1cc[n+](C)c1.F[B-](F)(F)F,[C4MIm][BF4],water,O,water,di-iso-propyl ether,CC(C)OC(C)C,ether,0.298,0.68,0.022,0.0,0.008,0.992,101.325,0.4,843,293.15,0.33951843,0.63102794,0.029453568,0.0028367199,0.02302455,0.9741388
,1-butyl-3-methylimidazolium tetrafluoroborate,CCCCn1cc[n+](C)c1.F[B-](F)(F)F,[C4MIm][BF4],water,O,water,di-iso-propyl ether,CC(C)OC(C)C,ether,0.181,0.801,0.018,0.0,0.011,0.989,101.325,0.6,843,293.15,0.28307644,0.6849349,0.031988643,0.003374662,0.026906256,0.96971905
,1-butyl-3-methylimidazolium tetrafluoroborate,CCCCn1cc[n+](C)c1.F[B-](F)(F)F,[C4MIm][BF4],water,O,water,di-iso-propyl ether,CC(C)OC(C)C,ether,0.064,0.921,0.015,0.0,0.013,0.987,101.325,0.8,843,293.15,0.23307422,0.73263985,0.034285944,0.004008633,0.031422935,0.9645685
,1-butyl-3-methylimidazolium tetrafluoroborate,CCCCn1cc[n+](C)c1.F[B-](F)(F)F,[C4MIm][BF4],water,O,water,di-iso-propyl ether,CC(C)OC(C)C,ether,0.0,0.998,0.002,0.0,0.027,0.973,101.325,1.0,843,293.15,0.18818386,0.7768196,0.034996558,0.003575005,0.03736993,0.95905507
,butyltrimethylammonium bis(trifluoromethylsulfonyl)imide,CCCC[N+](C)(C)C.O=S(=O)([N-]S(=O)(=O)C(F)(F)F)C(F)(F)F,[N4111][NTf2],acetic acid,CC(=O)O,acid,water,O,water,0.77,0.0,0.23,0.0,0.0,1.0,101.325,0.0,861,293.15,0.697581,0.121820986,0.18059799,0.005271124,0.045113623,0.9496153
,butyltrimethylammonium bis(trifluoromethylsulfonyl)imide,CCCC[N+](C)(C)C.O=S(=O)([N-]S(=O)(=O)C(F)(F)F)C(F)(F)F,[N4111][NTf2],acetic acid,CC(=O)O,acid,water,O,water,0.675,0.042,0.283,0.0,0.011,0.989,101.325,0.125,861,293.15,0.6635744,0.13591114,0.20051453,0.005664109,0.04625492,0.94808096
,butyltrimethylammonium bis(trifluoromethylsulfonyl)imide,CCCC[N+](C)(C)C.O=S(=O)([N-]S(=O)(=O)C(F)(F)F)C(F)(F)F,[N4111][NTf2],acetic acid,CC(=O)O,acid,water,O,water,0.658,0.046,0.296,0.0,0.022,0.978,101.325,0.25,861,293.15,0.57414806,0.16825843,0.2575935,0.0077662324,0.04768291,0.9445509
,butyltrimethylammonium bis(trifluoromethylsulfonyl)imide,CCCC[N+](C)(C)C.O=S(=O)([N-]S(=O)(=O)C(F)(F)F)C(F)(F)F,[N4111][NTf2],acetic acid,CC(=O)O,acid,water,O,water,0.643,0.061,0.296,0.0,0.031,0.969,101.325,0.375,861,293.15,0.5357038,0.18399091,0.28030527,0.008328505,0.04885298,0.9428185
,butyltrimethylammonium bis(trifluoromethylsulfonyl)imide,CCCC[N+](C)(C)C.O=S(=O)([N-]S(=O)(=O)C(F)(F)F)C(F)(F)F,[N4111][NTf2],acetic acid,CC(=O)O,acid,water,O,water,0.603,0.078,0.319,0.0,0.043,0.957,101.325,0.5,861,293.15,0.5443619,0.18739398,0.26824418,0.0082848305,0.049882248,0.941833
,butyltrimethylammonium bis(trifluoromethylsulfonyl)imide,CCCC[N+](C)(C)C.O=S(=O)([N-]S(=O)(=O)C(F)(F)F)C(F)(F)F,[N4111][NTf2],acetic acid,CC(=O)O,acid,water,O,water,0.598,0.085,0.317,0.0,0.046,0.954,101.325,0.625,861,293.15,0.5056891,0.20386933,0.29044157,0.008886244,0.05116783,0.9399459
,butyltrimethylammonium bis(trifluoromethylsulfonyl)imide,CCCC[N+](C)(C)C.O=S(=O)([N-]S(=O)(=O)C(F)(F)F)C(F)(F)F,[N4111][NTf2],acetic acid,CC(=O)O,acid,water,O,water,0.564,0.092,0.344,0.0,0.049,0.951,101.325,0.75,861,293.15,0.42842084,0.23996016,0.331619,0.01561533,0.05452906,0.92985564
,butyltrimethylammonium bis(trifluoromethylsulfonyl)imide,CCCC[N+](C)(C)C.O=S(=O)([N-]S(=O)(=O)C(F)(F)F)C(F)(F)F,[N4111][NTf2],acetic acid,CC(=O)O,acid,water,O,water,0.452,0.145,0.403,0.0,0.089,0.911,101.325,0.875,861,293.15,0.39241424,0.25578788,0.35179785,0.016673604,0.05589772,0.92742866
,butyltrimethylammonium bis(trifluoromethylsulfonyl)imide,CCCC[N+](C)(C)C.O=S(=O)([N-]S(=O)(=O)C(F)(F)F)C(F)(F)F,[N4111][NTf2],acetic acid,CC(=O)O,acid,water,O,water,0.35,0.199,0.451,0.0,0.125,0.875,101.325,1.0,861,293.15,0.35756585,0.27120352,0.37123063,0.01779006,0.057298258,0.92491174
