dataset_id,stage,system_id,n_points
Curated IL-LLE,raw_workbook,1,8
Curated IL-LLE,raw_workbook,2,8
Curated IL-LLE,raw_workbook,3,10
Curated IL-LLE,raw_workbook,4,10
Curated IL-LLE,raw_workbook,5,12
Curated IL-LLE,raw_workbook,6,12
Curated IL-LLE,raw_workbook,7,10
Curated IL-LLE,raw_workbook,8,11
Curated IL-LLE,raw_workbook,9,13
Curated IL-LLE,raw_workbook,10,10
Curated IL-LLE,raw_workbook,11,12
Curated IL-LLE,raw_workbook,12,10
Curated IL-LLE,raw_workbook,13,11
Curated IL-LLE,raw_workbook,14,11
Curated IL-LLE,raw_workbook,15,11
Curated IL-LLE,raw_workbook,16,11
Curated IL-LLE,raw_workbook,17,10
Curated IL-LLE,raw_workbook,18,11
Curated IL-LLE,raw_workbook,19,8
Curated IL-LLE,raw_workbook,20,12
Curated IL-LLE,raw_workbook,21,10
Curated IL-LLE,raw_workbook,22,9
Curated IL-LLE,raw_workbook,23,9
Curated IL-LLE,raw_workbook,24,12
Curated IL-LLE,raw_workbook,25,12
Curated IL-LLE,raw_workbook,26,10
Curated IL-LLE,raw_workbook,27,10
Curated IL-LLE,raw_workbook,28,9
Curated IL-LLE,raw_workbook,29,9
Curated IL-LLE,raw_workbook,30,12
Curated IL-LLE,raw_workbook,31,12
Curated IL-LLE,raw_workbook,32,8
Curated IL-LLE,raw_workbook,33,10
Curated IL-LLE,raw_workbook,34,9
Curated IL-LLE,raw_workbook,35,9
Curated IL-LLE,raw_workbook,36,10
Curated IL-LLE,raw_workbook,37,11
Curated IL-LLE,raw_workbook,38,9
Curated IL-LLE,raw_workbook,39,10
Curated IL-LLE,raw_workbook,40,12
Curated IL-LLE,raw_workbook,41,7
Curated IL-LLE,raw_workbook,44,10
Curated IL-LLE,raw_workbook,45,10
Curated IL-LLE,raw_workbook,46,11
Curated IL-LLE,raw_workbook,47,11
Curated IL-LLE,raw_workbook,48,12
Curated IL-LLE,raw_workbook,49,10
Curated IL-LLE,raw_workbook,50,11
Curated IL-LLE,raw_workbook,51,11
Curated IL-LLE,raw_workbook,52,10
Curated IL-LLE,raw_workbook,53,10
Curated IL-LLE,raw_workbook,54,10
Curated IL-LLE,raw_workbook,55,11
Curated IL-LLE,raw_workbook,56,8
Curated IL-LLE,raw_workbook,57,9
Curated IL-LLE,raw_workbook,58,9
Curated IL-LLE,raw_workbook,59,11
Curated IL-LLE,raw_workbook,60,8
Curated IL-LLE,raw_workbook,61,14
Curated IL-LLE,raw_workbook,62,10
Curated IL-LLE,raw_workbook,63,10
Curated IL-LLE,raw_workbook,64,7
Curated IL-LLE,raw_workbook,65,6
Curated IL-LLE,raw_workbook,66,8
Curated IL-LLE,raw_workbook,67,9
Curated IL-LLE,raw_workbook,68,7
Curated IL-LLE,raw_workbook,69,8
Curated IL-LLE,raw_workbook,70,10
Curated IL-LLE,raw_workbook,72,10
Curated IL-LLE,raw_workbook,77,12
Curated IL-LLE,raw_workbook,78,7
Curated IL-LLE,raw_workbook,79,9
Curated IL-LLE,raw_workbook,80,8
Curated IL-LLE,raw_workbook,81,7
Curated IL-LLE,raw_workbook,82,8
Curated IL-LLE,raw_workbook,83,7
Curated IL-LLE,raw_workbook,84,8
Curated IL-LLE,raw_workbook,85,13
Curated IL-LLE,raw_workbook,86,13
Curated IL-LLE,raw_workbook,87,8
Curated IL-LLE,raw_workbook,88,8
Curated IL-LLE,raw_workbook,89,10
Curated IL-LLE,raw_workbook,90,10
Curated IL-LLE,raw_workbook,91,10
Curated IL-LLE,raw_workbook,92,10
Curated IL-LLE,raw_workbook,93,9
Curated IL-LLE,raw_workbook,94,10
Curated IL-LLE,raw_workbook,95,10
Curated IL-LLE,raw_workbook,96,10
Curated IL-LLE,raw_workbook,97,10
Curated IL-LLE,raw_workbook,98,10
Curated IL-LLE,raw_workbook,99,10
Curated IL-LLE,raw_workbook,100,10
Curated IL-LLE,raw_workbook,101,10
Curated IL-LLE,raw_workbook,102,9
Curated IL-LLE,raw_workbook,103,14
Curated IL-LLE,raw_workbook,104,14
Curated IL-LLE,raw_workbook,105,14
Curated IL-LLE,raw_workbook,106,8
Curated IL-LLE,raw_workbook,107,8
Curated IL-LLE,raw_workbook,108,9
Curated IL-LLE,raw_workbook,109,6
Curated IL-LLE,raw_workbook,110,7
Curated IL-LLE,raw_workbook,112,11
Curated IL-LLE,raw_workbook,113,13
Curated IL-LLE,raw_workbook,118,7
Curated IL-LLE,raw_workbook,119,12
Curated IL-LLE,raw_workbook,120,7
Curated IL-LLE,raw_workbook,121,11
Curated IL-LLE,raw_workbook,122,10
Curated IL-LLE,raw_workbook,123,7
Curated IL-LLE,raw_workbook,124,6
Curated IL-LLE,raw_workbook,125,11
Curated IL-LLE,raw_workbook,126,11
Curated IL-LLE,raw_workbook,127,11
Curated IL-LLE,raw_workbook,128,10
Curated IL-LLE,raw_workbook,129,10
Curated IL-LLE,raw_workbook,130,10
Curated IL-LLE,raw_workbook,131,9
Curated IL-LLE,raw_workbook,132,12
Curated IL-LLE,raw_workbook,133,12
Curated IL-LLE,raw_workbook,134,12
Curated IL-LLE,raw_workbook,135,7
Curated IL-LLE,raw_workbook,136,12
Curated IL-LLE,raw_workbook,137,7
Curated IL-LLE,raw_workbook,138,10
Curated IL-LLE,raw_workbook,139,9
Curated IL-LLE,raw_workbook,140,10
Curated IL-LLE,raw_workbook,141,9
Curated IL-LLE,raw_workbook,142,8
Curated IL-LLE,raw_workbook,143,10
Curated IL-LLE,raw_workbook,144,11
Curated IL-LLE,raw_workbook,149,11
Curated IL-LLE,raw_workbook,150,10
Curated IL-LLE,raw_workbook,151,10
Curated IL-LLE,raw_workbook,152,9
Curated IL-LLE,raw_workbook,153,9
Curated IL-LLE,raw_workbook,154,9
Curated IL-LLE,raw_workbook,155,10
Curated IL-LLE,raw_workbook,156,14
Curated IL-LLE,raw_workbook,157,15
Curated IL-LLE,raw_workbook,158,14
Curated IL-LLE,raw_workbook,159,13
Curated IL-LLE,raw_workbook,160,14
Curated IL-LLE,raw_workbook,161,15
Curated IL-LLE,raw_workbook,163,12
Curated IL-LLE,raw_workbook,164,11
Curated IL-LLE,raw_workbook,165,12
Curated IL-LLE,raw_workbook,166,12
Curated IL-LLE,raw_workbook,167,10
Curated IL-LLE,raw_workbook,168,10
Curated IL-LLE,raw_workbook,169,10
Curated IL-LLE,raw_workbook,170,11
Curated IL-LLE,raw_workbook,171,9
Curated IL-LLE,raw_workbook,172,9
Curated IL-LLE,raw_workbook,173,11
Curated IL-LLE,raw_workbook,174,12
Curated IL-LLE,raw_workbook,175,11
Curated IL-LLE,raw_workbook,176,11
Curated IL-LLE,raw_workbook,177,4
Curated IL-LLE,raw_workbook,178,4
Curated IL-LLE,raw_workbook,179,9
Curated IL-LLE,raw_workbook,180,9
Curated IL-LLE,raw_workbook,181,10
Curated IL-LLE,raw_workbook,182,10
Curated IL-LLE,raw_workbook,183,9
Curated IL-LLE,raw_workbook,184,9
Curated IL-LLE,raw_workbook,185,9
Curated IL-LLE,raw_workbook,186,8
Curated IL-LLE,raw_workbook,187,8
Curated IL-LLE,raw_workbook,188,9
Curated IL-LLE,raw_workbook,189,8
Curated IL-LLE,raw_workbook,190,9
Curated IL-LLE,raw_workbook,191,10
Curated IL-LLE,raw_workbook,192,10
Curated IL-LLE,raw_workbook,193,10
Curated IL-LLE,raw_workbook,194,10
Curated IL-LLE,raw_workbook,195,10
Curated IL-LLE,raw_workbook,196,10
Curated IL-LLE,raw_workbook,197,9
Curated IL-LLE,raw_workbook,198,10
Curated IL-LLE,raw_workbook,199,10
Curated IL-LLE,raw_workbook,200,10
Curated IL-LLE,raw_workbook,201,9
Curated IL-LLE,raw_workbook,202,10
Curated IL-LLE,raw_workbook,203,9
Curated IL-LLE,raw_workbook,204,9
Curated IL-LLE,raw_workbook,205,9
Curated IL-LLE,raw_workbook,206,10
Curated IL-LLE,raw_workbook,207,10
Curated IL-LLE,raw_workbook,208,10
Curated IL-LLE,raw_workbook,209,10
Curated IL-LLE,raw_workbook,210,10
Curated IL-LLE,raw_workbook,211,10
Curated IL-LLE,raw_workbook,212,9
Curated IL-LLE,raw_workbook,213,9
Curated IL-LLE,raw_workbook,214,7
Curated IL-LLE,raw_workbook,215,9
Curated IL-LLE,raw_workbook,216,5
Curated IL-LLE,raw_workbook,217,9
Curated IL-LLE,raw_workbook,218,3
Curated IL-LLE,raw_workbook,219,4
Curated IL-LLE,raw_workbook,220,9
Curated IL-LLE,raw_workbook,221,5
Curated IL-LLE,raw_workbook,223,9
Curated IL-LLE,raw_workbook,224,10
Curated IL-LLE,raw_workbook,225,9
Curated IL-LLE,raw_workbook,226,9
Curated IL-LLE,raw_workbook,227,12
Curated IL-LLE,raw_workbook,228,12
Curated IL-LLE,raw_workbook,229,12
Curated IL-LLE,raw_workbook,230,7
Curated IL-LLE,raw_workbook,231,5
Curated IL-LLE,raw_workbook,232,13
Curated IL-LLE,raw_workbook,233,12
Curated IL-LLE,raw_workbook,234,4
Curated IL-LLE,raw_workbook,235,4
Curated IL-LLE,raw_workbook,236,5
Curated IL-LLE,raw_workbook,237,4
Curated IL-LLE,raw_workbook,238,5
Curated IL-LLE,raw_workbook,239,11
Curated IL-LLE,raw_workbook,240,11
Curated IL-LLE,raw_workbook,241,9
Curated IL-LLE,raw_workbook,242,12
Curated IL-LLE,raw_workbook,243,10
Curated IL-LLE,raw_workbook,244,10
Curated IL-LLE,raw_workbook,245,10
Curated IL-LLE,raw_workbook,246,10
Curated IL-LLE,raw_workbook,247,8
Curated IL-LLE,raw_workbook,248,8
Curated IL-LLE,raw_workbook,249,8
Curated IL-LLE,raw_workbook,250,10
Curated IL-LLE,raw_workbook,251,10
Curated IL-LLE,raw_workbook,252,11
Curated IL-LLE,raw_workbook,253,14
Curated IL-LLE,raw_workbook,254,11
Curated IL-LLE,raw_workbook,255,9
Curated IL-LLE,raw_workbook,256,11
Curated IL-LLE,raw_workbook,257,12
Curated IL-LLE,raw_workbook,258,21
Curated IL-LLE,raw_workbook,259,21
Curated IL-LLE,raw_workbook,260,11
Curated IL-LLE,raw_workbook,261,11
Curated IL-LLE,raw_workbook,262,10
Curated IL-LLE,raw_workbook,263,10
Curated IL-LLE,raw_workbook,264,11
Curated IL-LLE,raw_workbook,265,12
Curated IL-LLE,raw_workbook,266,12
Curated IL-LLE,raw_workbook,267,11
Curated IL-LLE,raw_workbook,268,8
Curated IL-LLE,raw_workbook,269,8
Curated IL-LLE,raw_workbook,270,8
Curated IL-LLE,raw_workbook,271,8
Curated IL-LLE,raw_workbook,272,8
Curated IL-LLE,raw_workbook,273,9
Curated IL-LLE,raw_workbook,274,9
Curated IL-LLE,raw_workbook,275,8
Curated IL-LLE,raw_workbook,276,9
Curated IL-LLE,raw_workbook,277,12
Curated IL-LLE,raw_workbook,278,21
Curated IL-LLE,raw_workbook,279,21
Curated IL-LLE,raw_workbook,280,7
Curated IL-LLE,raw_workbook,281,7
Curated IL-LLE,raw_workbook,282,10
Curated IL-LLE,raw_workbook,283,10
Curated IL-LLE,raw_workbook,284,8
Curated IL-LLE,raw_workbook,285,10
Curated IL-LLE,raw_workbook,286,13
Curated IL-LLE,raw_workbook,287,10
Curated IL-LLE,raw_workbook,288,10
Curated IL-LLE,raw_workbook,289,9
Curated IL-LLE,raw_workbook,290,11
Curated IL-LLE,raw_workbook,291,8
Curated IL-LLE,raw_workbook,292,9
Curated IL-LLE,raw_workbook,293,8
Curated IL-LLE,raw_workbook,294,9
Curated IL-LLE,raw_workbook,295,9
Curated IL-LLE,raw_workbook,296,8
Curated IL-LLE,raw_workbook,297,8
Curated IL-LLE,raw_workbook,298,7
Curated IL-LLE,raw_workbook,299,8
Curated IL-LLE,raw_workbook,300,8
Curated IL-LLE,raw_workbook,301,7
Curated IL-LLE,raw_workbook,302,8
Curated IL-LLE,raw_workbook,303,8
Curated IL-LLE,raw_workbook,304,7
Curated IL-LLE,raw_workbook,305,9
Curated IL-LLE,raw_workbook,306,9
Curated IL-LLE,raw_workbook,307,9
Curated IL-LLE,raw_workbook,308,9
Curated IL-LLE,raw_workbook,309,9
Curated IL-LLE,raw_workbook,310,9
Curated IL-LLE,raw_workbook,311,10
Curated IL-LLE,raw_workbook,312,8
Curated IL-LLE,raw_workbook,313,9
Curated IL-LLE,raw_workbook,314,8
Curated IL-LLE,raw_workbook,315,9
Curated IL-LLE,raw_workbook,316,9
Curated IL-LLE,raw_workbook,317,4
Curated IL-LLE,raw_workbook,318,4
Curated IL-LLE,raw_workbook,319,9
Curated IL-LLE,raw_workbook,320,4
Curated IL-LLE,raw_workbook,321,5
Curated IL-LLE,raw_workbook,322,9
Curated IL-LLE,raw_workbook,323,11
Curated IL-LLE,raw_workbook,324,9
Curated IL-LLE,raw_workbook,325,10
Curated IL-LLE,raw_workbook,326,12
Curated IL-LLE,raw_workbook,327,10
Curated IL-LLE,raw_workbook,328,12
Curated IL-LLE,raw_workbook,329,11
Curated IL-LLE,raw_workbook,330,9
Curated IL-LLE,raw_workbook,331,11
Curated IL-LLE,raw_workbook,332,10
Curated IL-LLE,raw_workbook,333,9
Curated IL-LLE,raw_workbook,335,11
Curated IL-LLE,raw_workbook,336,12
Curated IL-LLE,raw_workbook,337,12
Curated IL-LLE,raw_workbook,338,11
Curated IL-LLE,raw_workbook,339,11
Curated IL-LLE,raw_workbook,340,10
Curated IL-LLE,raw_workbook,341,10
Curated IL-LLE,raw_workbook,342,14
Curated IL-LLE,raw_workbook,343,14
Curated IL-LLE,raw_workbook,344,17
Curated IL-LLE,raw_workbook,345,5
Curated IL-LLE,raw_workbook,346,11
Curated IL-LLE,raw_workbook,347,10
Curated IL-LLE,raw_workbook,348,10
Curated IL-LLE,raw_workbook,349,8
Curated IL-LLE,raw_workbook,350,9
Curated IL-LLE,raw_workbook,351,9
Curated IL-LLE,raw_workbook,352,9
Curated IL-LLE,raw_workbook,353,8
Curated IL-LLE,raw_workbook,354,8
Curated IL-LLE,raw_workbook,355,8
Curated IL-LLE,raw_workbook,356,11
Curated IL-LLE,raw_workbook,357,10
Curated IL-LLE,raw_workbook,358,5
Curated IL-LLE,raw_workbook,359,8
Curated IL-LLE,raw_workbook,360,5
Curated IL-LLE,raw_workbook,361,5
Curated IL-LLE,raw_workbook,362,8
Curated IL-LLE,raw_workbook,363,8
Curated IL-LLE,raw_workbook,364,8
Curated IL-LLE,raw_workbook,365,10
Curated IL-LLE,raw_workbook,366,9
Curated IL-LLE,raw_workbook,367,9
Curated IL-LLE,raw_workbook,368,9
Curated IL-LLE,raw_workbook,369,10
Curated IL-LLE,raw_workbook,370,10
Curated IL-LLE,raw_workbook,371,9
Curated IL-LLE,raw_workbook,372,9
Curated IL-LLE,raw_workbook,373,17
Curated IL-LLE,raw_workbook,374,10
Curated IL-LLE,raw_workbook,375,9
Curated IL-LLE,raw_workbook,376,10
Curated IL-LLE,raw_workbook,377,10
Curated IL-LLE,raw_workbook,378,9
Curated IL-LLE,raw_workbook,379,10
Curated IL-LLE,raw_workbook,380,9
Curated IL-LLE,raw_workbook,381,8
Curated IL-LLE,raw_workbook,382,9
Curated IL-LLE,raw_workbook,383,9
Curated IL-LLE,raw_workbook,384,10
Curated IL-LLE,raw_workbook,385,7
Curated IL-LLE,raw_workbook,386,10
Curated IL-LLE,raw_workbook,387,10
Curated IL-LLE,raw_workbook,388,8
Curated IL-LLE,raw_workbook,389,9
Curated IL-LLE,raw_workbook,390,7
Curated IL-LLE,raw_workbook,391,9
Curated IL-LLE,raw_workbook,392,9
Curated IL-LLE,raw_workbook,393,9
Curated IL-LLE,raw_workbook,394,8
Curated IL-LLE,raw_workbook,395,6
Curated IL-LLE,raw_workbook,396,8
Curated IL-LLE,raw_workbook,397,15
Curated IL-LLE,raw_workbook,398,6
Curated IL-LLE,raw_workbook,399,8
Curated IL-LLE,raw_workbook,400,6
Curated IL-LLE,raw_workbook,401,6
Curated IL-LLE,raw_workbook,402,6
Curated IL-LLE,raw_workbook,403,6
Curated IL-LLE,raw_workbook,404,13
Curated IL-LLE,raw_workbook,405,18
Curated IL-LLE,raw_workbook,406,19
Curated IL-LLE,raw_workbook,407,13
Curated IL-LLE,raw_workbook,408,9
Curated IL-LLE,raw_workbook,409,10
Curated IL-LLE,raw_workbook,410,11
Curated IL-LLE,raw_workbook,411,11
Curated IL-LLE,raw_workbook,412,21
Curated IL-LLE,raw_workbook,413,13
Curated IL-LLE,raw_workbook,414,13
Curated IL-LLE,raw_workbook,415,14
Curated IL-LLE,raw_workbook,416,14
Curated IL-LLE,raw_workbook,417,12
Curated IL-LLE,raw_workbook,418,9
Curated IL-LLE,raw_workbook,419,11
Curated IL-LLE,raw_workbook,420,9
Curated IL-LLE,raw_workbook,421,8
Curated IL-LLE,raw_workbook,422,9
Curated IL-LLE,raw_workbook,423,13
Curated IL-LLE,raw_workbook,424,6
Curated IL-LLE,raw_workbook,425,6
Curated IL-LLE,raw_workbook,426,9
Curated IL-LLE,raw_workbook,427,8
Curated IL-LLE,raw_workbook,428,7
Curated IL-LLE,raw_workbook,429,9
Curated IL-LLE,raw_workbook,430,7
Curated IL-LLE,raw_workbook,431,6
Curated IL-LLE,raw_workbook,432,11
Curated IL-LLE,raw_workbook,433,12
Curated IL-LLE,raw_workbook,434,12
Curated IL-LLE,raw_workbook,435,12
Curated IL-LLE,raw_workbook,436,18
Curated IL-LLE,raw_workbook,437,13
Curated IL-LLE,raw_workbook,438,10
Curated IL-LLE,raw_workbook,439,12
Curated IL-LLE,raw_workbook,440,11
Curated IL-LLE,raw_workbook,441,11
Curated IL-LLE,raw_workbook,442,11
Curated IL-LLE,raw_workbook,443,10
Curated IL-LLE,raw_workbook,444,8
Curated IL-LLE,raw_workbook,445,7
Curated IL-LLE,raw_workbook,446,12
Curated IL-LLE,raw_workbook,447,8
Curated IL-LLE,raw_workbook,448,9
Curated IL-LLE,raw_workbook,449,9
Curated IL-LLE,raw_workbook,450,10
Curated IL-LLE,raw_workbook,451,13
Curated IL-LLE,raw_workbook,452,14
Curated IL-LLE,raw_workbook,453,12
Curated IL-LLE,raw_workbook,454,10
Curated IL-LLE,raw_workbook,455,10
Curated IL-LLE,raw_workbook,456,13
Curated IL-LLE,raw_workbook,457,11
Curated IL-LLE,raw_workbook,458,14
Curated IL-LLE,raw_workbook,459,11
Curated IL-LLE,raw_workbook,460,12
Curated IL-LLE,raw_workbook,461,13
Curated IL-LLE,raw_workbook,472,12
Curated IL-LLE,raw_workbook,473,11
Curated IL-LLE,raw_workbook,474,11
Curated IL-LLE,raw_workbook,475,10
Curated IL-LLE,raw_workbook,476,12
Curated IL-LLE,raw_workbook,477,11
Curated IL-LLE,raw_workbook,478,13
Curated IL-LLE,raw_workbook,479,6
Curated IL-LLE,raw_workbook,480,11
Curated IL-LLE,raw_workbook,481,9
Curated IL-LLE,raw_workbook,482,5
Curated IL-LLE,raw_workbook,483,7
Curated IL-LLE,raw_workbook,484,8
Curated IL-LLE,raw_workbook,485,7
Curated IL-LLE,raw_workbook,486,7
Curated IL-LLE,raw_workbook,487,7
Curated IL-LLE,raw_workbook,488,10
Curated IL-LLE,raw_workbook,489,10
Curated IL-LLE,raw_workbook,490,10
Curated IL-LLE,raw_workbook,491,10
Curated IL-LLE,raw_workbook,492,11
Curated IL-LLE,raw_workbook,493,10
Curated IL-LLE,raw_workbook,494,10
Curated IL-LLE,raw_workbook,495,10
Curated IL-LLE,raw_workbook,496,10
Curated IL-LLE,raw_workbook,497,9
Curated IL-LLE,raw_workbook,498,9
Curated IL-LLE,raw_workbook,499,10
Curated IL-LLE,raw_workbook,500,10
Curated IL-LLE,raw_workbook,501,10
Curated IL-LLE,raw_workbook,502,6
Curated IL-LLE,raw_workbook,503,8
Curated IL-LLE,raw_workbook,504,6
Curated IL-LLE,raw_workbook,505,8
Curated IL-LLE,raw_workbook,506,8
Curated IL-LLE,raw_workbook,507,10
Curated IL-LLE,raw_workbook,508,8
Curated IL-LLE,raw_workbook,509,10
Curated IL-LLE,raw_workbook,510,9
Curated IL-LLE,raw_workbook,511,9
Curated IL-LLE,raw_workbook,512,10
Curated IL-LLE,raw_workbook,513,7
Curated IL-LLE,raw_workbook,518,9
Curated IL-LLE,raw_workbook,519,10
Curated IL-LLE,raw_workbook,520,13
Curated IL-LLE,raw_workbook,521,6
Curated IL-LLE,raw_workbook,522,4
Curated IL-LLE,raw_workbook,523,7
Curated IL-LLE,raw_workbook,524,10
Curated IL-LLE,raw_workbook,525,8
Curated IL-LLE,raw_workbook,526,9
Curated IL-LLE,raw_workbook,527,10
Curated IL-LLE,raw_workbook,528,9
Curated IL-LLE,raw_workbook,529,10
Curated IL-LLE,raw_workbook,530,9
Curated IL-LLE,raw_workbook,531,6
Curated IL-LLE,raw_workbook,532,6
Curated IL-LLE,raw_workbook,533,6
Curated IL-LLE,raw_workbook,534,8
Curated IL-LLE,raw_workbook,535,5
Curated IL-LLE,raw_workbook,536,6
Curated IL-LLE,raw_workbook,537,10
Curated IL-LLE,raw_workbook,538,10
Curated IL-LLE,raw_workbook,539,7
Curated IL-LLE,raw_workbook,540,9
Curated IL-LLE,raw_workbook,541,8
Curated IL-LLE,raw_workbook,542,7
Curated IL-LLE,raw_workbook,543,11
Curated IL-LLE,raw_workbook,544,11
Curated IL-LLE,raw_workbook,545,10
Curated IL-LLE,raw_workbook,546,5
Curated IL-LLE,raw_workbook,547,7
Curated IL-LLE,raw_workbook,548,7
Curated IL-LLE,raw_workbook,549,13
Curated IL-LLE,raw_workbook,550,8
Curated IL-LLE,raw_workbook,551,9
Curated IL-LLE,raw_workbook,552,8
Curated IL-LLE,raw_workbook,553,8
Curated IL-LLE,raw_workbook,554,8
Curated IL-LLE,raw_workbook,555,10
Curated IL-LLE,raw_workbook,556,8
Curated IL-LLE,raw_workbook,557,8
Curated IL-LLE,raw_workbook,558,8
Curated IL-LLE,raw_workbook,559,10
Curated IL-LLE,raw_workbook,560,10
Curated IL-LLE,raw_workbook,561,9
Curated IL-LLE,raw_workbook,562,5
Curated IL-LLE,raw_workbook,563,5
Curated IL-LLE,raw_workbook,564,9
Curated IL-LLE,raw_workbook,565,5
Curated IL-LLE,raw_workbook,566,10
Curated IL-LLE,raw_workbook,567,10
Curated IL-LLE,raw_workbook,568,12
Curated IL-LLE,raw_workbook,569,12
Curated IL-LLE,raw_workbook,570,13
Curated IL-LLE,raw_workbook,571,14
Curated IL-LLE,raw_workbook,572,10
Curated IL-LLE,raw_workbook,573,12
Curated IL-LLE,raw_workbook,574,17
Curated IL-LLE,raw_workbook,575,19
Curated IL-LLE,raw_workbook,576,17
Curated IL-LLE,raw_workbook,577,12
Curated IL-LLE,raw_workbook,578,15
Curated IL-LLE,raw_workbook,579,18
Curated IL-LLE,raw_workbook,580,21
Curated IL-LLE,raw_workbook,581,12
Curated IL-LLE,raw_workbook,582,13
Curated IL-LLE,raw_workbook,583,12
Curated IL-LLE,raw_workbook,584,12
Curated IL-LLE,raw_workbook,585,10
Curated IL-LLE,raw_workbook,586,14
Curated IL-LLE,raw_workbook,587,16
Curated IL-LLE,raw_workbook,588,20
Curated IL-LLE,raw_workbook,589,17
Curated IL-LLE,raw_workbook,590,15
Curated IL-LLE,raw_workbook,591,17
Curated IL-LLE,raw_workbook,592,16
Curated IL-LLE,raw_workbook,593,15
Curated IL-LLE,raw_workbook,594,23
Curated IL-LLE,raw_workbook,595,10
Curated IL-LLE,raw_workbook,596,14
Curated IL-LLE,raw_workbook,597,12
Curated IL-LLE,raw_workbook,598,12
Curated IL-LLE,raw_workbook,599,10
Curated IL-LLE,raw_workbook,600,12
Curated IL-LLE,raw_workbook,601,14
Curated IL-LLE,raw_workbook,602,13
Curated IL-LLE,raw_workbook,603,15
Curated IL-LLE,raw_workbook,604,12
Curated IL-LLE,raw_workbook,605,12
Curated IL-LLE,raw_workbook,606,12
Curated IL-LLE,raw_workbook,607,10
Curated IL-LLE,raw_workbook,608,10
Curated IL-LLE,raw_workbook,609,10
Curated IL-LLE,raw_workbook,610,9
Curated IL-LLE,raw_workbook,611,10
Curated IL-LLE,raw_workbook,612,10
Curated IL-LLE,raw_workbook,613,10
Curated IL-LLE,raw_workbook,614,10
Curated IL-LLE,raw_workbook,615,10
Curated IL-LLE,raw_workbook,616,9
Curated IL-LLE,raw_workbook,617,7
Curated IL-LLE,raw_workbook,618,9
Curated IL-LLE,raw_workbook,619,6
Curated IL-LLE,raw_workbook,620,6
Curated IL-LLE,raw_workbook,621,5
Curated IL-LLE,raw_workbook,622,5
Curated IL-LLE,raw_workbook,623,9
Curated IL-LLE,raw_workbook,624,7
Curated IL-LLE,raw_workbook,625,7
Curated IL-LLE,raw_workbook,626,7
Curated IL-LLE,raw_workbook,627,13
Curated IL-LLE,raw_workbook,628,13
Curated IL-LLE,raw_workbook,629,5
Curated IL-LLE,raw_workbook,630,5
Curated IL-LLE,raw_workbook,631,12
Curated IL-LLE,raw_workbook,632,9
Curated IL-LLE,raw_workbook,633,7
Curated IL-LLE,raw_workbook,634,8
Curated IL-LLE,raw_workbook,635,9
Curated IL-LLE,raw_workbook,636,10
Curated IL-LLE,raw_workbook,637,6
Curated IL-LLE,raw_workbook,638,8
Curated IL-LLE,raw_workbook,639,5
Curated IL-LLE,raw_workbook,640,7
Curated IL-LLE,raw_workbook,641,9
Curated IL-LLE,raw_workbook,642,9
Curated IL-LLE,raw_workbook,643,8
Curated IL-LLE,raw_workbook,644,5
Curated IL-LLE,raw_workbook,645,6
Curated IL-LLE,raw_workbook,646,6
Curated IL-LLE,raw_workbook,647,5
Curated IL-LLE,raw_workbook,648,6
Curated IL-LLE,raw_workbook,649,14
Curated IL-LLE,raw_workbook,650,14
Curated IL-LLE,raw_workbook,651,14
Curated IL-LLE,raw_workbook,652,8
Curated IL-LLE,raw_workbook,653,8
Curated IL-LLE,raw_workbook,654,6
Curated IL-LLE,raw_workbook,655,6
Curated IL-LLE,raw_workbook,656,6
Curated IL-LLE,raw_workbook,657,7
Curated IL-LLE,raw_workbook,658,8
Curated IL-LLE,raw_workbook,659,7
Curated IL-LLE,raw_workbook,660,6
Curated IL-LLE,raw_workbook,661,7
Curated IL-LLE,raw_workbook,662,8
Curated IL-LLE,raw_workbook,663,7
Curated IL-LLE,raw_workbook,664,4
Curated IL-LLE,raw_workbook,665,5
Curated IL-LLE,raw_workbook,666,4
Curated IL-LLE,raw_workbook,667,5
Curated IL-LLE,raw_workbook,668,6
Curated IL-LLE,raw_workbook,669,10
Curated IL-LLE,raw_workbook,670,9
Curated IL-LLE,raw_workbook,671,9
Curated IL-LLE,raw_workbook,672,6
Curated IL-LLE,raw_workbook,673,9
Curated IL-LLE,raw_workbook,674,6
Curated IL-LLE,raw_workbook,675,5
Curated IL-LLE,raw_workbook,679,9
Curated IL-LLE,raw_workbook,680,7
Curated IL-LLE,raw_workbook,681,8
Curated IL-LLE,raw_workbook,682,7
Curated IL-LLE,raw_workbook,683,8
Curated IL-LLE,raw_workbook,684,9
Curated IL-LLE,raw_workbook,685,9
Curated IL-LLE,raw_workbook,686,3
Curated IL-LLE,raw_workbook,687,5
Curated IL-LLE,raw_workbook,688,3
Curated IL-LLE,raw_workbook,689,4
Curated IL-LLE,raw_workbook,690,5
Curated IL-LLE,raw_workbook,691,4
Curated IL-LLE,raw_workbook,692,5
Curated IL-LLE,raw_workbook,693,8
Curated IL-LLE,raw_workbook,694,7
Curated IL-LLE,raw_workbook,695,13
Curated IL-LLE,raw_workbook,696,12
Curated IL-LLE,raw_workbook,697,11
Curated IL-LLE,raw_workbook,698,13
Curated IL-LLE,raw_workbook,699,13
Curated IL-LLE,raw_workbook,700,11
Curated IL-LLE,raw_workbook,701,12
Curated IL-LLE,raw_workbook,702,12
Curated IL-LLE,raw_workbook,703,10
Curated IL-LLE,raw_workbook,704,9
Curated IL-LLE,raw_workbook,705,9
Curated IL-LLE,raw_workbook,706,9
Curated IL-LLE,raw_workbook,707,9
Curated IL-LLE,raw_workbook,708,9
Curated IL-LLE,raw_workbook,709,4
Curated IL-LLE,raw_workbook,710,4
Curated IL-LLE,raw_workbook,711,9
Curated IL-LLE,raw_workbook,712,9
Curated IL-LLE,raw_workbook,713,5
Curated IL-LLE,raw_workbook,715,6
Curated IL-LLE,raw_workbook,716,7
Curated IL-LLE,raw_workbook,721,10
Curated IL-LLE,raw_workbook,722,6
Curated IL-LLE,raw_workbook,724,8
Curated IL-LLE,raw_workbook,725,7
Curated IL-LLE,raw_workbook,726,6
Curated IL-LLE,raw_workbook,727,13
Curated IL-LLE,raw_workbook,728,10
Curated IL-LLE,raw_workbook,729,8
Curated IL-LLE,raw_workbook,730,9
Curated IL-LLE,raw_workbook,731,7
Curated IL-LLE,raw_workbook,732,7
Curated IL-LLE,raw_workbook,733,9
Curated IL-LLE,raw_workbook,734,9
Curated IL-LLE,raw_workbook,735,9
Curated IL-LLE,raw_workbook,736,9
Curated IL-LLE,raw_workbook,737,9
Curated IL-LLE,raw_workbook,738,8
Curated IL-LLE,raw_workbook,739,11
Curated IL-LLE,raw_workbook,740,8
Curated IL-LLE,raw_workbook,741,7
Curated IL-LLE,raw_workbook,742,7
Curated IL-LLE,raw_workbook,743,8
Curated IL-LLE,raw_workbook,744,7
Curated IL-LLE,raw_workbook,745,7
Curated IL-LLE,raw_workbook,746,8
Curated IL-LLE,raw_workbook,747,9
Curated IL-LLE,raw_workbook,748,8
Curated IL-LLE,raw_workbook,749,8
Curated IL-LLE,raw_workbook,750,9
Curated IL-LLE,raw_workbook,751,6
Curated IL-LLE,raw_workbook,752,6
Curated IL-LLE,raw_workbook,753,12
Curated IL-LLE,raw_workbook,754,6
Curated IL-LLE,raw_workbook,755,6
Curated IL-LLE,raw_workbook,756,12
Curated IL-LLE,raw_workbook,757,26
Curated IL-LLE,raw_workbook,758,13
Curated IL-LLE,raw_workbook,759,14
Curated IL-LLE,raw_workbook,760,24
Curated IL-LLE,raw_workbook,761,25
Curated IL-LLE,raw_workbook,763,16
Curated IL-LLE,raw_workbook,764,24
Curated IL-LLE,raw_workbook,765,13
Curated IL-LLE,raw_workbook,766,30
Curated IL-LLE,raw_workbook,767,11
Curated IL-LLE,raw_workbook,768,19
Curated IL-LLE,raw_workbook,769,17
Curated IL-LLE,raw_workbook,770,13
Curated IL-LLE,raw_workbook,771,19
Curated IL-LLE,raw_workbook,772,13
Curated IL-LLE,raw_workbook,773,15
Curated IL-LLE,raw_workbook,774,13
Curated IL-LLE,raw_workbook,775,14
Curated IL-LLE,raw_workbook,776,6
Curated IL-LLE,raw_workbook,777,6
Curated IL-LLE,raw_workbook,778,12
Curated IL-LLE,raw_workbook,779,6
Curated IL-LLE,raw_workbook,780,6
Curated IL-LLE,raw_workbook,781,20
Curated IL-LLE,raw_workbook,782,10
Curated IL-LLE,raw_workbook,783,7
Curated IL-LLE,raw_workbook,784,24
Curated IL-LLE,raw_workbook,785,30
Curated IL-LLE,raw_workbook,786,26
Curated IL-LLE,raw_workbook,787,25
Curated IL-LLE,raw_workbook,788,7
Curated IL-LLE,raw_workbook,789,7
Curated IL-LLE,raw_workbook,790,6
Curated IL-LLE,raw_workbook,791,8
Curated IL-LLE,raw_workbook,792,8
Curated IL-LLE,raw_workbook,793,7
Curated IL-LLE,raw_workbook,794,8
Curated IL-LLE,raw_workbook,795,7
Curated IL-LLE,raw_workbook,796,7
Curated IL-LLE,raw_workbook,797,7
Curated IL-LLE,raw_workbook,798,7
Curated IL-LLE,raw_workbook,799,7
Curated IL-LLE,raw_workbook,800,8
Curated IL-LLE,raw_workbook,801,7
Curated IL-LLE,raw_workbook,802,7
Curated IL-LLE,raw_workbook,803,6
Curated IL-LLE,raw_workbook,804,6
Curated IL-LLE,raw_workbook,805,4
Curated IL-LLE,raw_workbook,806,8
Curated IL-LLE,raw_workbook,807,6
Curated IL-LLE,raw_workbook,808,7
Curated IL-LLE,raw_workbook,809,6
Curated IL-LLE,raw_workbook,810,9
Curated IL-LLE,raw_workbook,811,8
Curated IL-LLE,raw_workbook,812,12
Curated IL-LLE,raw_workbook,813,11
Curated IL-LLE,raw_workbook,814,11
Curated IL-LLE,raw_workbook,815,17
Curated IL-LLE,raw_workbook,816,12
Curated IL-LLE,raw_workbook,817,11
Curated IL-LLE,raw_workbook,818,7
Curated IL-LLE,raw_workbook,819,8
Curated IL-LLE,raw_workbook,820,5
Curated IL-LLE,raw_workbook,821,7
Curated IL-LLE,raw_workbook,822,12
Curated IL-LLE,raw_workbook,823,8
Curated IL-LLE,raw_workbook,824,11
Curated IL-LLE,raw_workbook,825,9
Curated IL-LLE,raw_workbook,826,11
Curated IL-LLE,raw_workbook,827,6
Curated IL-LLE,raw_workbook,828,12
Curated IL-LLE,raw_workbook,829,6
Curated IL-LLE,raw_workbook,830,11
Curated IL-LLE,raw_workbook,831,6
Curated IL-LLE,raw_workbook,832,6
Curated IL-LLE,raw_workbook,833,8
Curated IL-LLE,raw_workbook,834,8
Curated IL-LLE,raw_workbook,835,6
Curated IL-LLE,raw_workbook,836,11
Curated IL-LLE,raw_workbook,837,10
Curated IL-LLE,raw_workbook,838,7
Curated IL-LLE,raw_workbook,839,7
Curated IL-LLE,raw_workbook,840,8
Curated IL-LLE,raw_workbook,841,8
Curated IL-LLE,raw_workbook,842,10
Curated IL-LLE,raw_workbook,843,6
Curated IL-LLE,raw_workbook,844,10
Curated IL-LLE,raw_workbook,845,8
Curated IL-LLE,raw_workbook,846,9
Curated IL-LLE,raw_workbook,847,11
Curated IL-LLE,raw_workbook,848,9
Curated IL-LLE,raw_workbook,849,10
Curated IL-LLE,raw_workbook,850,9
Curated IL-LLE,raw_workbook,851,7
Curated IL-LLE,raw_workbook,852,10
Curated IL-LLE,raw_workbook,853,10
Curated IL-LLE,raw_workbook,854,11
Curated IL-LLE,raw_workbook,855,14
Curated IL-LLE,raw_workbook,856,8
Curated IL-LLE,raw_workbook,857,5
Curated IL-LLE,raw_workbook,858,9
Curated IL-LLE,raw_workbook,859,7
Curated IL-LLE,raw_workbook,860,9
Curated IL-LLE,raw_workbook,861,9
Curated IL-LLE,filtered_min6_no_aug,1,8
Curated IL-LLE,filtered_min6_no_aug,10,10
Curated IL-LLE,filtered_min6_no_aug,100,10
Curated IL-LLE,filtered_min6_no_aug,101,10
Curated IL-LLE,filtered_min6_no_aug,102,9
Curated IL-LLE,filtered_min6_no_aug,103,14
Curated IL-LLE,filtered_min6_no_aug,104,14
Curated IL-LLE,filtered_min6_no_aug,105,14
Curated IL-LLE,filtered_min6_no_aug,106,8
Curated IL-LLE,filtered_min6_no_aug,107,8
Curated IL-LLE,filtered_min6_no_aug,108,9
Curated IL-LLE,filtered_min6_no_aug,109,6
Curated IL-LLE,filtered_min6_no_aug,11,12
Curated IL-LLE,filtered_min6_no_aug,110,7
Curated IL-LLE,filtered_min6_no_aug,112,11
Curated IL-LLE,filtered_min6_no_aug,113,13
Curated IL-LLE,filtered_min6_no_aug,118,7
Curated IL-LLE,filtered_min6_no_aug,119,12
Curated IL-LLE,filtered_min6_no_aug,12,10
Curated IL-LLE,filtered_min6_no_aug,120,7
Curated IL-LLE,filtered_min6_no_aug,121,11
Curated IL-LLE,filtered_min6_no_aug,122,10
Curated IL-LLE,filtered_min6_no_aug,123,7
Curated IL-LLE,filtered_min6_no_aug,124,6
Curated IL-LLE,filtered_min6_no_aug,125,11
Curated IL-LLE,filtered_min6_no_aug,126,11
Curated IL-LLE,filtered_min6_no_aug,127,11
Curated IL-LLE,filtered_min6_no_aug,128,10
Curated IL-LLE,filtered_min6_no_aug,129,10
Curated IL-LLE,filtered_min6_no_aug,13,11
Curated IL-LLE,filtered_min6_no_aug,130,10
Curated IL-LLE,filtered_min6_no_aug,131,9
Curated IL-LLE,filtered_min6_no_aug,132,12
Curated IL-LLE,filtered_min6_no_aug,133,12
Curated IL-LLE,filtered_min6_no_aug,134,12
Curated IL-LLE,filtered_min6_no_aug,135,7
Curated IL-LLE,filtered_min6_no_aug,136,12
Curated IL-LLE,filtered_min6_no_aug,137,7
Curated IL-LLE,filtered_min6_no_aug,138,10
Curated IL-LLE,filtered_min6_no_aug,139,9
Curated IL-LLE,filtered_min6_no_aug,14,11
Curated IL-LLE,filtered_min6_no_aug,140,10
Curated IL-LLE,filtered_min6_no_aug,141,9
Curated IL-LLE,filtered_min6_no_aug,142,8
Curated IL-LLE,filtered_min6_no_aug,143,10
Curated IL-LLE,filtered_min6_no_aug,144,11
Curated IL-LLE,filtered_min6_no_aug,149,11
Curated IL-LLE,filtered_min6_no_aug,15,11
Curated IL-LLE,filtered_min6_no_aug,150,10
Curated IL-LLE,filtered_min6_no_aug,151,10
Curated IL-LLE,filtered_min6_no_aug,152,9
Curated IL-LLE,filtered_min6_no_aug,153,9
Curated IL-LLE,filtered_min6_no_aug,154,9
Curated IL-LLE,filtered_min6_no_aug,155,10
Curated IL-LLE,filtered_min6_no_aug,156,14
Curated IL-LLE,filtered_min6_no_aug,157,15
Curated IL-LLE,filtered_min6_no_aug,158,14
Curated IL-LLE,filtered_min6_no_aug,159,13
Curated IL-LLE,filtered_min6_no_aug,16,11
Curated IL-LLE,filtered_min6_no_aug,160,14
Curated IL-LLE,filtered_min6_no_aug,161,15
Curated IL-LLE,filtered_min6_no_aug,163,12
Curated IL-LLE,filtered_min6_no_aug,164,11
Curated IL-LLE,filtered_min6_no_aug,165,12
Curated IL-LLE,filtered_min6_no_aug,166,12
Curated IL-LLE,filtered_min6_no_aug,167,10
Curated IL-LLE,filtered_min6_no_aug,168,10
Curated IL-LLE,filtered_min6_no_aug,169,10
Curated IL-LLE,filtered_min6_no_aug,17,10
Curated IL-LLE,filtered_min6_no_aug,170,11
Curated IL-LLE,filtered_min6_no_aug,171,9
Curated IL-LLE,filtered_min6_no_aug,172,9
Curated IL-LLE,filtered_min6_no_aug,173,11
Curated IL-LLE,filtered_min6_no_aug,174,12
Curated IL-LLE,filtered_min6_no_aug,175,11
Curated IL-LLE,filtered_min6_no_aug,176,11
Curated IL-LLE,filtered_min6_no_aug,179,9
Curated IL-LLE,filtered_min6_no_aug,18,11
Curated IL-LLE,filtered_min6_no_aug,180,9
Curated IL-LLE,filtered_min6_no_aug,181,10
Curated IL-LLE,filtered_min6_no_aug,182,10
Curated IL-LLE,filtered_min6_no_aug,183,9
Curated IL-LLE,filtered_min6_no_aug,184,9
Curated IL-LLE,filtered_min6_no_aug,185,9
Curated IL-LLE,filtered_min6_no_aug,186,8
Curated IL-LLE,filtered_min6_no_aug,187,8
Curated IL-LLE,filtered_min6_no_aug,188,9
Curated IL-LLE,filtered_min6_no_aug,189,8
Curated IL-LLE,filtered_min6_no_aug,19,8
Curated IL-LLE,filtered_min6_no_aug,190,9
Curated IL-LLE,filtered_min6_no_aug,191,10
Curated IL-LLE,filtered_min6_no_aug,192,10
Curated IL-LLE,filtered_min6_no_aug,193,10
Curated IL-LLE,filtered_min6_no_aug,194,10
Curated IL-LLE,filtered_min6_no_aug,195,10
Curated IL-LLE,filtered_min6_no_aug,196,10
Curated IL-LLE,filtered_min6_no_aug,197,9
Curated IL-LLE,filtered_min6_no_aug,198,10
Curated IL-LLE,filtered_min6_no_aug,199,10
Curated IL-LLE,filtered_min6_no_aug,2,8
Curated IL-LLE,filtered_min6_no_aug,20,12
Curated IL-LLE,filtered_min6_no_aug,200,10
Curated IL-LLE,filtered_min6_no_aug,201,9
Curated IL-LLE,filtered_min6_no_aug,202,10
Curated IL-LLE,filtered_min6_no_aug,203,9
Curated IL-LLE,filtered_min6_no_aug,204,9
Curated IL-LLE,filtered_min6_no_aug,205,9
Curated IL-LLE,filtered_min6_no_aug,206,10
Curated IL-LLE,filtered_min6_no_aug,207,10
Curated IL-LLE,filtered_min6_no_aug,208,10
Curated IL-LLE,filtered_min6_no_aug,209,10
Curated IL-LLE,filtered_min6_no_aug,21,10
Curated IL-LLE,filtered_min6_no_aug,210,10
Curated IL-LLE,filtered_min6_no_aug,211,10
Curated IL-LLE,filtered_min6_no_aug,212,9
Curated IL-LLE,filtered_min6_no_aug,213,9
Curated IL-LLE,filtered_min6_no_aug,214,7
Curated IL-LLE,filtered_min6_no_aug,215,9
Curated IL-LLE,filtered_min6_no_aug,217,9
Curated IL-LLE,filtered_min6_no_aug,22,9
Curated IL-LLE,filtered_min6_no_aug,220,9
Curated IL-LLE,filtered_min6_no_aug,223,9
Curated IL-LLE,filtered_min6_no_aug,224,10
Curated IL-LLE,filtered_min6_no_aug,225,9
Curated IL-LLE,filtered_min6_no_aug,226,9
Curated IL-LLE,filtered_min6_no_aug,227,12
Curated IL-LLE,filtered_min6_no_aug,228,12
Curated IL-LLE,filtered_min6_no_aug,229,12
Curated IL-LLE,filtered_min6_no_aug,23,9
Curated IL-LLE,filtered_min6_no_aug,230,7
Curated IL-LLE,filtered_min6_no_aug,232,13
Curated IL-LLE,filtered_min6_no_aug,233,12
Curated IL-LLE,filtered_min6_no_aug,239,11
Curated IL-LLE,filtered_min6_no_aug,24,12
Curated IL-LLE,filtered_min6_no_aug,240,11
Curated IL-LLE,filtered_min6_no_aug,241,9
Curated IL-LLE,filtered_min6_no_aug,242,12
Curated IL-LLE,filtered_min6_no_aug,243,10
Curated IL-LLE,filtered_min6_no_aug,244,10
Curated IL-LLE,filtered_min6_no_aug,245,10
Curated IL-LLE,filtered_min6_no_aug,246,10
Curated IL-LLE,filtered_min6_no_aug,247,8
Curated IL-LLE,filtered_min6_no_aug,248,8
Curated IL-LLE,filtered_min6_no_aug,249,8
Curated IL-LLE,filtered_min6_no_aug,25,12
Curated IL-LLE,filtered_min6_no_aug,250,10
Curated IL-LLE,filtered_min6_no_aug,251,10
Curated IL-LLE,filtered_min6_no_aug,252,11
Curated IL-LLE,filtered_min6_no_aug,253,14
Curated IL-LLE,filtered_min6_no_aug,254,11
Curated IL-LLE,filtered_min6_no_aug,255,9
Curated IL-LLE,filtered_min6_no_aug,256,11
Curated IL-LLE,filtered_min6_no_aug,257,12
Curated IL-LLE,filtered_min6_no_aug,258,21
Curated IL-LLE,filtered_min6_no_aug,259,21
Curated IL-LLE,filtered_min6_no_aug,26,10
Curated IL-LLE,filtered_min6_no_aug,260,11
Curated IL-LLE,filtered_min6_no_aug,261,11
Curated IL-LLE,filtered_min6_no_aug,262,10
Curated IL-LLE,filtered_min6_no_aug,263,10
Curated IL-LLE,filtered_min6_no_aug,264,11
Curated IL-LLE,filtered_min6_no_aug,265,12
Curated IL-LLE,filtered_min6_no_aug,266,12
Curated IL-LLE,filtered_min6_no_aug,267,11
Curated IL-LLE,filtered_min6_no_aug,268,8
Curated IL-LLE,filtered_min6_no_aug,269,8
Curated IL-LLE,filtered_min6_no_aug,27,10
Curated IL-LLE,filtered_min6_no_aug,270,8
Curated IL-LLE,filtered_min6_no_aug,271,8
Curated IL-LLE,filtered_min6_no_aug,272,8
Curated IL-LLE,filtered_min6_no_aug,273,9
Curated IL-LLE,filtered_min6_no_aug,274,9
Curated IL-LLE,filtered_min6_no_aug,275,8
Curated IL-LLE,filtered_min6_no_aug,276,9
Curated IL-LLE,filtered_min6_no_aug,277,12
Curated IL-LLE,filtered_min6_no_aug,278,21
Curated IL-LLE,filtered_min6_no_aug,279,21
Curated IL-LLE,filtered_min6_no_aug,28,9
Curated IL-LLE,filtered_min6_no_aug,280,7
Curated IL-LLE,filtered_min6_no_aug,281,7
Curated IL-LLE,filtered_min6_no_aug,282,10
Curated IL-LLE,filtered_min6_no_aug,283,10
Curated IL-LLE,filtered_min6_no_aug,284,8
Curated IL-LLE,filtered_min6_no_aug,285,10
Curated IL-LLE,filtered_min6_no_aug,286,13
Curated IL-LLE,filtered_min6_no_aug,287,10
Curated IL-LLE,filtered_min6_no_aug,288,10
Curated IL-LLE,filtered_min6_no_aug,289,9
Curated IL-LLE,filtered_min6_no_aug,29,9
Curated IL-LLE,filtered_min6_no_aug,290,11
Curated IL-LLE,filtered_min6_no_aug,291,8
Curated IL-LLE,filtered_min6_no_aug,292,9
Curated IL-LLE,filtered_min6_no_aug,293,8
Curated IL-LLE,filtered_min6_no_aug,294,9
Curated IL-LLE,filtered_min6_no_aug,295,9
Curated IL-LLE,filtered_min6_no_aug,296,8
Curated IL-LLE,filtered_min6_no_aug,297,8
Curated IL-LLE,filtered_min6_no_aug,298,7
Curated IL-LLE,filtered_min6_no_aug,299,8
Curated IL-LLE,filtered_min6_no_aug,3,10
Curated IL-LLE,filtered_min6_no_aug,30,12
Curated IL-LLE,filtered_min6_no_aug,300,8
Curated IL-LLE,filtered_min6_no_aug,301,7
Curated IL-LLE,filtered_min6_no_aug,302,8
Curated IL-LLE,filtered_min6_no_aug,303,8
Curated IL-LLE,filtered_min6_no_aug,304,7
Curated IL-LLE,filtered_min6_no_aug,305,9
Curated IL-LLE,filtered_min6_no_aug,306,9
Curated IL-LLE,filtered_min6_no_aug,307,9
Curated IL-LLE,filtered_min6_no_aug,308,9
Curated IL-LLE,filtered_min6_no_aug,309,9
Curated IL-LLE,filtered_min6_no_aug,31,12
Curated IL-LLE,filtered_min6_no_aug,310,9
Curated IL-LLE,filtered_min6_no_aug,311,10
Curated IL-LLE,filtered_min6_no_aug,312,8
Curated IL-LLE,filtered_min6_no_aug,313,9
Curated IL-LLE,filtered_min6_no_aug,314,8
Curated IL-LLE,filtered_min6_no_aug,315,9
Curated IL-LLE,filtered_min6_no_aug,316,9
Curated IL-LLE,filtered_min6_no_aug,319,9
Curated IL-LLE,filtered_min6_no_aug,32,8
Curated IL-LLE,filtered_min6_no_aug,322,9
Curated IL-LLE,filtered_min6_no_aug,323,11
Curated IL-LLE,filtered_min6_no_aug,324,9
Curated IL-LLE,filtered_min6_no_aug,325,10
Curated IL-LLE,filtered_min6_no_aug,326,12
Curated IL-LLE,filtered_min6_no_aug,327,10
Curated IL-LLE,filtered_min6_no_aug,328,12
Curated IL-LLE,filtered_min6_no_aug,329,11
Curated IL-LLE,filtered_min6_no_aug,33,10
Curated IL-LLE,filtered_min6_no_aug,330,9
Curated IL-LLE,filtered_min6_no_aug,331,11
Curated IL-LLE,filtered_min6_no_aug,332,10
Curated IL-LLE,filtered_min6_no_aug,333,9
Curated IL-LLE,filtered_min6_no_aug,335,11
Curated IL-LLE,filtered_min6_no_aug,336,12
Curated IL-LLE,filtered_min6_no_aug,337,12
Curated IL-LLE,filtered_min6_no_aug,338,11
Curated IL-LLE,filtered_min6_no_aug,339,11
Curated IL-LLE,filtered_min6_no_aug,34,9
Curated IL-LLE,filtered_min6_no_aug,340,10
Curated IL-LLE,filtered_min6_no_aug,341,10
Curated IL-LLE,filtered_min6_no_aug,342,14
Curated IL-LLE,filtered_min6_no_aug,343,14
Curated IL-LLE,filtered_min6_no_aug,344,17
Curated IL-LLE,filtered_min6_no_aug,346,11
Curated IL-LLE,filtered_min6_no_aug,347,10
Curated IL-LLE,filtered_min6_no_aug,348,10
Curated IL-LLE,filtered_min6_no_aug,349,8
Curated IL-LLE,filtered_min6_no_aug,35,9
Curated IL-LLE,filtered_min6_no_aug,350,9
Curated IL-LLE,filtered_min6_no_aug,351,9
Curated IL-LLE,filtered_min6_no_aug,352,9
Curated IL-LLE,filtered_min6_no_aug,353,8
Curated IL-LLE,filtered_min6_no_aug,354,8
Curated IL-LLE,filtered_min6_no_aug,355,8
Curated IL-LLE,filtered_min6_no_aug,356,11
Curated IL-LLE,filtered_min6_no_aug,357,10
Curated IL-LLE,filtered_min6_no_aug,359,8
Curated IL-LLE,filtered_min6_no_aug,36,10
Curated IL-LLE,filtered_min6_no_aug,362,8
Curated IL-LLE,filtered_min6_no_aug,363,8
Curated IL-LLE,filtered_min6_no_aug,364,8
Curated IL-LLE,filtered_min6_no_aug,365,10
Curated IL-LLE,filtered_min6_no_aug,366,9
Curated IL-LLE,filtered_min6_no_aug,367,9
Curated IL-LLE,filtered_min6_no_aug,368,9
Curated IL-LLE,filtered_min6_no_aug,369,10
Curated IL-LLE,filtered_min6_no_aug,37,11
Curated IL-LLE,filtered_min6_no_aug,370,10
Curated IL-LLE,filtered_min6_no_aug,371,9
Curated IL-LLE,filtered_min6_no_aug,372,9
Curated IL-LLE,filtered_min6_no_aug,373,17
Curated IL-LLE,filtered_min6_no_aug,374,10
Curated IL-LLE,filtered_min6_no_aug,375,9
Curated IL-LLE,filtered_min6_no_aug,376,10
Curated IL-LLE,filtered_min6_no_aug,377,10
Curated IL-LLE,filtered_min6_no_aug,378,9
Curated IL-LLE,filtered_min6_no_aug,379,10
Curated IL-LLE,filtered_min6_no_aug,38,9
Curated IL-LLE,filtered_min6_no_aug,380,9
Curated IL-LLE,filtered_min6_no_aug,381,8
Curated IL-LLE,filtered_min6_no_aug,382,9
Curated IL-LLE,filtered_min6_no_aug,383,9
Curated IL-LLE,filtered_min6_no_aug,384,10
Curated IL-LLE,filtered_min6_no_aug,385,7
Curated IL-LLE,filtered_min6_no_aug,386,10
Curated IL-LLE,filtered_min6_no_aug,387,10
Curated IL-LLE,filtered_min6_no_aug,388,8
Curated IL-LLE,filtered_min6_no_aug,389,9
Curated IL-LLE,filtered_min6_no_aug,39,10
Curated IL-LLE,filtered_min6_no_aug,390,7
Curated IL-LLE,filtered_min6_no_aug,391,9
Curated IL-LLE,filtered_min6_no_aug,392,9
Curated IL-LLE,filtered_min6_no_aug,393,9
Curated IL-LLE,filtered_min6_no_aug,394,8
Curated IL-LLE,filtered_min6_no_aug,395,6
Curated IL-LLE,filtered_min6_no_aug,396,8
Curated IL-LLE,filtered_min6_no_aug,397,15
Curated IL-LLE,filtered_min6_no_aug,398,6
Curated IL-LLE,filtered_min6_no_aug,399,8
Curated IL-LLE,filtered_min6_no_aug,4,10
Curated IL-LLE,filtered_min6_no_aug,40,12
Curated IL-LLE,filtered_min6_no_aug,400,6
Curated IL-LLE,filtered_min6_no_aug,401,6
Curated IL-LLE,filtered_min6_no_aug,402,6
Curated IL-LLE,filtered_min6_no_aug,403,6
Curated IL-LLE,filtered_min6_no_aug,404,13
Curated IL-LLE,filtered_min6_no_aug,405,18
Curated IL-LLE,filtered_min6_no_aug,406,19
Curated IL-LLE,filtered_min6_no_aug,407,13
Curated IL-LLE,filtered_min6_no_aug,408,9
Curated IL-LLE,filtered_min6_no_aug,409,10
Curated IL-LLE,filtered_min6_no_aug,41,7
Curated IL-LLE,filtered_min6_no_aug,410,11
Curated IL-LLE,filtered_min6_no_aug,411,11
Curated IL-LLE,filtered_min6_no_aug,412,21
Curated IL-LLE,filtered_min6_no_aug,413,13
Curated IL-LLE,filtered_min6_no_aug,414,13
Curated IL-LLE,filtered_min6_no_aug,415,14
Curated IL-LLE,filtered_min6_no_aug,416,14
Curated IL-LLE,filtered_min6_no_aug,417,12
Curated IL-LLE,filtered_min6_no_aug,418,9
Curated IL-LLE,filtered_min6_no_aug,419,11
Curated IL-LLE,filtered_min6_no_aug,420,9
Curated IL-LLE,filtered_min6_no_aug,421,8
Curated IL-LLE,filtered_min6_no_aug,422,9
Curated IL-LLE,filtered_min6_no_aug,423,13
Curated IL-LLE,filtered_min6_no_aug,424,6
Curated IL-LLE,filtered_min6_no_aug,425,6
Curated IL-LLE,filtered_min6_no_aug,426,9
Curated IL-LLE,filtered_min6_no_aug,427,8
Curated IL-LLE,filtered_min6_no_aug,428,7
Curated IL-LLE,filtered_min6_no_aug,429,9
Curated IL-LLE,filtered_min6_no_aug,430,7
Curated IL-LLE,filtered_min6_no_aug,431,6
Curated IL-LLE,filtered_min6_no_aug,432,11
Curated IL-LLE,filtered_min6_no_aug,433,12
Curated IL-LLE,filtered_min6_no_aug,434,12
Curated IL-LLE,filtered_min6_no_aug,435,12
Curated IL-LLE,filtered_min6_no_aug,436,18
Curated IL-LLE,filtered_min6_no_aug,437,13
Curated IL-LLE,filtered_min6_no_aug,438,10
Curated IL-LLE,filtered_min6_no_aug,439,12
Curated IL-LLE,filtered_min6_no_aug,44,10
Curated IL-LLE,filtered_min6_no_aug,440,11
Curated IL-LLE,filtered_min6_no_aug,441,11
Curated IL-LLE,filtered_min6_no_aug,442,11
Curated IL-LLE,filtered_min6_no_aug,443,10
Curated IL-LLE,filtered_min6_no_aug,444,8
Curated IL-LLE,filtered_min6_no_aug,445,7
Curated IL-LLE,filtered_min6_no_aug,446,12
Curated IL-LLE,filtered_min6_no_aug,447,8
Curated IL-LLE,filtered_min6_no_aug,448,9
Curated IL-LLE,filtered_min6_no_aug,449,9
Curated IL-LLE,filtered_min6_no_aug,45,10
Curated IL-LLE,filtered_min6_no_aug,450,10
Curated IL-LLE,filtered_min6_no_aug,451,13
Curated IL-LLE,filtered_min6_no_aug,452,14
Curated IL-LLE,filtered_min6_no_aug,453,12
Curated IL-LLE,filtered_min6_no_aug,454,10
Curated IL-LLE,filtered_min6_no_aug,455,10
Curated IL-LLE,filtered_min6_no_aug,456,13
Curated IL-LLE,filtered_min6_no_aug,457,11
Curated IL-LLE,filtered_min6_no_aug,458,14
Curated IL-LLE,filtered_min6_no_aug,459,11
Curated IL-LLE,filtered_min6_no_aug,46,11
Curated IL-LLE,filtered_min6_no_aug,460,12
Curated IL-LLE,filtered_min6_no_aug,461,13
Curated IL-LLE,filtered_min6_no_aug,47,11
Curated IL-LLE,filtered_min6_no_aug,472,12
Curated IL-LLE,filtered_min6_no_aug,473,11
Curated IL-LLE,filtered_min6_no_aug,474,11
Curated IL-LLE,filtered_min6_no_aug,475,10
Curated IL-LLE,filtered_min6_no_aug,476,12
Curated IL-LLE,filtered_min6_no_aug,477,11
Curated IL-LLE,filtered_min6_no_aug,478,13
Curated IL-LLE,filtered_min6_no_aug,479,6
Curated IL-LLE,filtered_min6_no_aug,48,12
Curated IL-LLE,filtered_min6_no_aug,480,11
Curated IL-LLE,filtered_min6_no_aug,481,9
Curated IL-LLE,filtered_min6_no_aug,483,7
Curated IL-LLE,filtered_min6_no_aug,484,8
Curated IL-LLE,filtered_min6_no_aug,485,7
Curated IL-LLE,filtered_min6_no_aug,486,7
Curated IL-LLE,filtered_min6_no_aug,487,7
Curated IL-LLE,filtered_min6_no_aug,488,10
Curated IL-LLE,filtered_min6_no_aug,489,10
Curated IL-LLE,filtered_min6_no_aug,49,10
Curated IL-LLE,filtered_min6_no_aug,490,10
Curated IL-LLE,filtered_min6_no_aug,491,10
Curated IL-LLE,filtered_min6_no_aug,492,11
Curated IL-LLE,filtered_min6_no_aug,493,10
Curated IL-LLE,filtered_min6_no_aug,494,10
Curated IL-LLE,filtered_min6_no_aug,495,10
Curated IL-LLE,filtered_min6_no_aug,496,10
Curated IL-LLE,filtered_min6_no_aug,497,9
Curated IL-LLE,filtered_min6_no_aug,498,9
Curated IL-LLE,filtered_min6_no_aug,499,10
Curated IL-LLE,filtered_min6_no_aug,5,12
Curated IL-LLE,filtered_min6_no_aug,50,11
Curated IL-LLE,filtered_min6_no_aug,500,10
Curated IL-LLE,filtered_min6_no_aug,501,10
Curated IL-LLE,filtered_min6_no_aug,502,6
Curated IL-LLE,filtered_min6_no_aug,503,8
Curated IL-LLE,filtered_min6_no_aug,504,6
Curated IL-LLE,filtered_min6_no_aug,505,8
Curated IL-LLE,filtered_min6_no_aug,506,8
Curated IL-LLE,filtered_min6_no_aug,507,10
Curated IL-LLE,filtered_min6_no_aug,508,8
Curated IL-LLE,filtered_min6_no_aug,509,10
Curated IL-LLE,filtered_min6_no_aug,51,11
Curated IL-LLE,filtered_min6_no_aug,510,9
Curated IL-LLE,filtered_min6_no_aug,511,9
Curated IL-LLE,filtered_min6_no_aug,512,10
Curated IL-LLE,filtered_min6_no_aug,513,7
Curated IL-LLE,filtered_min6_no_aug,518,9
Curated IL-LLE,filtered_min6_no_aug,519,10
Curated IL-LLE,filtered_min6_no_aug,52,10
Curated IL-LLE,filtered_min6_no_aug,520,13
Curated IL-LLE,filtered_min6_no_aug,521,6
Curated IL-LLE,filtered_min6_no_aug,523,7
Curated IL-LLE,filtered_min6_no_aug,524,10
Curated IL-LLE,filtered_min6_no_aug,525,8
Curated IL-LLE,filtered_min6_no_aug,526,9
Curated IL-LLE,filtered_min6_no_aug,527,10
Curated IL-LLE,filtered_min6_no_aug,528,9
Curated IL-LLE,filtered_min6_no_aug,529,10
Curated IL-LLE,filtered_min6_no_aug,53,10
Curated IL-LLE,filtered_min6_no_aug,530,9
Curated IL-LLE,filtered_min6_no_aug,531,6
Curated IL-LLE,filtered_min6_no_aug,532,6
Curated IL-LLE,filtered_min6_no_aug,533,6
Curated IL-LLE,filtered_min6_no_aug,534,8
Curated IL-LLE,filtered_min6_no_aug,536,6
Curated IL-LLE,filtered_min6_no_aug,537,10
Curated IL-LLE,filtered_min6_no_aug,538,10
Curated IL-LLE,filtered_min6_no_aug,539,7
Curated IL-LLE,filtered_min6_no_aug,54,10
Curated IL-LLE,filtered_min6_no_aug,540,9
Curated IL-LLE,filtered_min6_no_aug,541,8
Curated IL-LLE,filtered_min6_no_aug,542,7
Curated IL-LLE,filtered_min6_no_aug,543,11
Curated IL-LLE,filtered_min6_no_aug,544,11
Curated IL-LLE,filtered_min6_no_aug,545,10
Curated IL-LLE,filtered_min6_no_aug,547,7
Curated IL-LLE,filtered_min6_no_aug,548,7
Curated IL-LLE,filtered_min6_no_aug,549,13
Curated IL-LLE,filtered_min6_no_aug,55,11
Curated IL-LLE,filtered_min6_no_aug,550,8
Curated IL-LLE,filtered_min6_no_aug,551,9
Curated IL-LLE,filtered_min6_no_aug,552,8
Curated IL-LLE,filtered_min6_no_aug,553,8
Curated IL-LLE,filtered_min6_no_aug,554,8
Curated IL-LLE,filtered_min6_no_aug,555,10
Curated IL-LLE,filtered_min6_no_aug,556,8
Curated IL-LLE,filtered_min6_no_aug,557,8
Curated IL-LLE,filtered_min6_no_aug,558,8
Curated IL-LLE,filtered_min6_no_aug,559,10
Curated IL-LLE,filtered_min6_no_aug,56,8
Curated IL-LLE,filtered_min6_no_aug,560,10
Curated IL-LLE,filtered_min6_no_aug,561,9
Curated IL-LLE,filtered_min6_no_aug,564,9
Curated IL-LLE,filtered_min6_no_aug,566,10
Curated IL-LLE,filtered_min6_no_aug,567,10
Curated IL-LLE,filtered_min6_no_aug,568,12
Curated IL-LLE,filtered_min6_no_aug,569,12
Curated IL-LLE,filtered_min6_no_aug,57,9
Curated IL-LLE,filtered_min6_no_aug,570,13
Curated IL-LLE,filtered_min6_no_aug,571,14
Curated IL-LLE,filtered_min6_no_aug,572,10
Curated IL-LLE,filtered_min6_no_aug,573,12
Curated IL-LLE,filtered_min6_no_aug,574,17
Curated IL-LLE,filtered_min6_no_aug,575,19
Curated IL-LLE,filtered_min6_no_aug,576,17
Curated IL-LLE,filtered_min6_no_aug,577,12
Curated IL-LLE,filtered_min6_no_aug,578,15
Curated IL-LLE,filtered_min6_no_aug,579,18
Curated IL-LLE,filtered_min6_no_aug,58,9
Curated IL-LLE,filtered_min6_no_aug,580,21
Curated IL-LLE,filtered_min6_no_aug,581,12
Curated IL-LLE,filtered_min6_no_aug,582,13
Curated IL-LLE,filtered_min6_no_aug,583,12
Curated IL-LLE,filtered_min6_no_aug,584,12
Curated IL-LLE,filtered_min6_no_aug,585,10
Curated IL-LLE,filtered_min6_no_aug,586,14
Curated IL-LLE,filtered_min6_no_aug,587,16
Curated IL-LLE,filtered_min6_no_aug,588,20
Curated IL-LLE,filtered_min6_no_aug,589,17
Curated IL-LLE,filtered_min6_no_aug,59,11
Curated IL-LLE,filtered_min6_no_aug,590,15
Curated IL-LLE,filtered_min6_no_aug,591,17
Curated IL-LLE,filtered_min6_no_aug,592,16
Curated IL-LLE,filtered_min6_no_aug,593,15
Curated IL-LLE,filtered_min6_no_aug,594,23
Curated IL-LLE,filtered_min6_no_aug,595,10
Curated IL-LLE,filtered_min6_no_aug,596,14
Curated IL-LLE,filtered_min6_no_aug,597,12
Curated IL-LLE,filtered_min6_no_aug,598,12
Curated IL-LLE,filtered_min6_no_aug,599,10
Curated IL-LLE,filtered_min6_no_aug,6,12
Curated IL-LLE,filtered_min6_no_aug,60,8
Curated IL-LLE,filtered_min6_no_aug,600,12
Curated IL-LLE,filtered_min6_no_aug,601,14
Curated IL-LLE,filtered_min6_no_aug,602,13
Curated IL-LLE,filtered_min6_no_aug,603,15
Curated IL-LLE,filtered_min6_no_aug,604,12
Curated IL-LLE,filtered_min6_no_aug,605,12
Curated IL-LLE,filtered_min6_no_aug,606,12
Curated IL-LLE,filtered_min6_no_aug,607,10
Curated IL-LLE,filtered_min6_no_aug,608,10
Curated IL-LLE,filtered_min6_no_aug,609,10
Curated IL-LLE,filtered_min6_no_aug,61,14
Curated IL-LLE,filtered_min6_no_aug,610,9
Curated IL-LLE,filtered_min6_no_aug,611,10
Curated IL-LLE,filtered_min6_no_aug,612,10
Curated IL-LLE,filtered_min6_no_aug,613,10
Curated IL-LLE,filtered_min6_no_aug,614,10
Curated IL-LLE,filtered_min6_no_aug,615,10
Curated IL-LLE,filtered_min6_no_aug,616,9
Curated IL-LLE,filtered_min6_no_aug,617,7
Curated IL-LLE,filtered_min6_no_aug,618,9
Curated IL-LLE,filtered_min6_no_aug,619,6
Curated IL-LLE,filtered_min6_no_aug,62,10
Curated IL-LLE,filtered_min6_no_aug,620,6
Curated IL-LLE,filtered_min6_no_aug,623,9
Curated IL-LLE,filtered_min6_no_aug,624,7
Curated IL-LLE,filtered_min6_no_aug,625,7
Curated IL-LLE,filtered_min6_no_aug,626,7
Curated IL-LLE,filtered_min6_no_aug,627,13
Curated IL-LLE,filtered_min6_no_aug,628,13
Curated IL-LLE,filtered_min6_no_aug,63,10
Curated IL-LLE,filtered_min6_no_aug,631,12
Curated IL-LLE,filtered_min6_no_aug,632,9
Curated IL-LLE,filtered_min6_no_aug,633,7
Curated IL-LLE,filtered_min6_no_aug,634,8
Curated IL-LLE,filtered_min6_no_aug,635,9
Curated IL-LLE,filtered_min6_no_aug,637,6
Curated IL-LLE,filtered_min6_no_aug,638,8
Curated IL-LLE,filtered_min6_no_aug,64,7
Curated IL-LLE,filtered_min6_no_aug,640,7
Curated IL-LLE,filtered_min6_no_aug,641,9
Curated IL-LLE,filtered_min6_no_aug,642,9
Curated IL-LLE,filtered_min6_no_aug,643,8
Curated IL-LLE,filtered_min6_no_aug,645,6
Curated IL-LLE,filtered_min6_no_aug,646,6
Curated IL-LLE,filtered_min6_no_aug,648,6
Curated IL-LLE,filtered_min6_no_aug,649,14
Curated IL-LLE,filtered_min6_no_aug,65,6
Curated IL-LLE,filtered_min6_no_aug,650,14
Curated IL-LLE,filtered_min6_no_aug,651,14
Curated IL-LLE,filtered_min6_no_aug,652,8
Curated IL-LLE,filtered_min6_no_aug,653,8
Curated IL-LLE,filtered_min6_no_aug,654,6
Curated IL-LLE,filtered_min6_no_aug,655,6
Curated IL-LLE,filtered_min6_no_aug,656,6
Curated IL-LLE,filtered_min6_no_aug,657,7
Curated IL-LLE,filtered_min6_no_aug,658,8
Curated IL-LLE,filtered_min6_no_aug,659,7
Curated IL-LLE,filtered_min6_no_aug,66,8
Curated IL-LLE,filtered_min6_no_aug,660,6
Curated IL-LLE,filtered_min6_no_aug,661,7
Curated IL-LLE,filtered_min6_no_aug,662,8
Curated IL-LLE,filtered_min6_no_aug,663,7
Curated IL-LLE,filtered_min6_no_aug,668,6
Curated IL-LLE,filtered_min6_no_aug,669,10
Curated IL-LLE,filtered_min6_no_aug,67,9
Curated IL-LLE,filtered_min6_no_aug,670,9
Curated IL-LLE,filtered_min6_no_aug,671,9
Curated IL-LLE,filtered_min6_no_aug,672,6
Curated IL-LLE,filtered_min6_no_aug,673,9
Curated IL-LLE,filtered_min6_no_aug,674,6
Curated IL-LLE,filtered_min6_no_aug,679,9
Curated IL-LLE,filtered_min6_no_aug,68,7
Curated IL-LLE,filtered_min6_no_aug,680,7
Curated IL-LLE,filtered_min6_no_aug,681,8
Curated IL-LLE,filtered_min6_no_aug,682,7
Curated IL-LLE,filtered_min6_no_aug,683,8
Curated IL-LLE,filtered_min6_no_aug,684,9
Curated IL-LLE,filtered_min6_no_aug,685,9
Curated IL-LLE,filtered_min6_no_aug,69,8
Curated IL-LLE,filtered_min6_no_aug,693,8
Curated IL-LLE,filtered_min6_no_aug,694,7
Curated IL-LLE,filtered_min6_no_aug,695,13
Curated IL-LLE,filtered_min6_no_aug,696,12
Curated IL-LLE,filtered_min6_no_aug,697,11
Curated IL-LLE,filtered_min6_no_aug,698,13
Curated IL-LLE,filtered_min6_no_aug,699,13
Curated IL-LLE,filtered_min6_no_aug,7,10
Curated IL-LLE,filtered_min6_no_aug,70,10
Curated IL-LLE,filtered_min6_no_aug,700,11
Curated IL-LLE,filtered_min6_no_aug,701,12
Curated IL-LLE,filtered_min6_no_aug,702,12
Curated IL-LLE,filtered_min6_no_aug,703,10
Curated IL-LLE,filtered_min6_no_aug,704,9
Curated IL-LLE,filtered_min6_no_aug,705,9
Curated IL-LLE,filtered_min6_no_aug,706,9
Curated IL-LLE,filtered_min6_no_aug,707,9
Curated IL-LLE,filtered_min6_no_aug,708,9
Curated IL-LLE,filtered_min6_no_aug,711,9
Curated IL-LLE,filtered_min6_no_aug,712,9
Curated IL-LLE,filtered_min6_no_aug,715,6
Curated IL-LLE,filtered_min6_no_aug,716,7
Curated IL-LLE,filtered_min6_no_aug,72,10
Curated IL-LLE,filtered_min6_no_aug,721,10
Curated IL-LLE,filtered_min6_no_aug,722,6
Curated IL-LLE,filtered_min6_no_aug,724,8
Curated IL-LLE,filtered_min6_no_aug,725,7
Curated IL-LLE,filtered_min6_no_aug,726,6
Curated IL-LLE,filtered_min6_no_aug,727,13
Curated IL-LLE,filtered_min6_no_aug,728,10
Curated IL-LLE,filtered_min6_no_aug,729,8
Curated IL-LLE,filtered_min6_no_aug,730,9
Curated IL-LLE,filtered_min6_no_aug,731,7
Curated IL-LLE,filtered_min6_no_aug,732,7
Curated IL-LLE,filtered_min6_no_aug,733,9
Curated IL-LLE,filtered_min6_no_aug,734,9
Curated IL-LLE,filtered_min6_no_aug,735,9
Curated IL-LLE,filtered_min6_no_aug,736,9
Curated IL-LLE,filtered_min6_no_aug,737,9
Curated IL-LLE,filtered_min6_no_aug,738,8
Curated IL-LLE,filtered_min6_no_aug,739,11
Curated IL-LLE,filtered_min6_no_aug,740,8
Curated IL-LLE,filtered_min6_no_aug,741,7
Curated IL-LLE,filtered_min6_no_aug,742,7
Curated IL-LLE,filtered_min6_no_aug,743,8
Curated IL-LLE,filtered_min6_no_aug,744,7
Curated IL-LLE,filtered_min6_no_aug,745,7
Curated IL-LLE,filtered_min6_no_aug,746,8
Curated IL-LLE,filtered_min6_no_aug,747,9
Curated IL-LLE,filtered_min6_no_aug,748,8
Curated IL-LLE,filtered_min6_no_aug,749,8
Curated IL-LLE,filtered_min6_no_aug,750,9
Curated IL-LLE,filtered_min6_no_aug,751,6
Curated IL-LLE,filtered_min6_no_aug,752,6
Curated IL-LLE,filtered_min6_no_aug,753,12
Curated IL-LLE,filtered_min6_no_aug,754,6
Curated IL-LLE,filtered_min6_no_aug,755,6
Curated IL-LLE,filtered_min6_no_aug,756,12
Curated IL-LLE,filtered_min6_no_aug,757,26
Curated IL-LLE,filtered_min6_no_aug,758,13
Curated IL-LLE,filtered_min6_no_aug,759,14
Curated IL-LLE,filtered_min6_no_aug,760,24
Curated IL-LLE,filtered_min6_no_aug,761,25
Curated IL-LLE,filtered_min6_no_aug,763,16
Curated IL-LLE,filtered_min6_no_aug,764,24
Curated IL-LLE,filtered_min6_no_aug,765,13
Curated IL-LLE,filtered_min6_no_aug,766,30
Curated IL-LLE,filtered_min6_no_aug,767,11
Curated IL-LLE,filtered_min6_no_aug,768,19
Curated IL-LLE,filtered_min6_no_aug,769,17
Curated IL-LLE,filtered_min6_no_aug,77,12
Curated IL-LLE,filtered_min6_no_aug,770,13
Curated IL-LLE,filtered_min6_no_aug,771,19
Curated IL-LLE,filtered_min6_no_aug,772,13
Curated IL-LLE,filtered_min6_no_aug,773,15
Curated IL-LLE,filtered_min6_no_aug,774,13
Curated IL-LLE,filtered_min6_no_aug,775,14
Curated IL-LLE,filtered_min6_no_aug,776,6
Curated IL-LLE,filtered_min6_no_aug,777,6
Curated IL-LLE,filtered_min6_no_aug,778,12
Curated IL-LLE,filtered_min6_no_aug,779,6
Curated IL-LLE,filtered_min6_no_aug,78,7
Curated IL-LLE,filtered_min6_no_aug,780,6
Curated IL-LLE,filtered_min6_no_aug,781,20
Curated IL-LLE,filtered_min6_no_aug,782,10
Curated IL-LLE,filtered_min6_no_aug,783,7
Curated IL-LLE,filtered_min6_no_aug,784,24
Curated IL-LLE,filtered_min6_no_aug,785,30
Curated IL-LLE,filtered_min6_no_aug,786,26
Curated IL-LLE,filtered_min6_no_aug,787,25
Curated IL-LLE,filtered_min6_no_aug,788,7
Curated IL-LLE,filtered_min6_no_aug,789,7
Curated IL-LLE,filtered_min6_no_aug,79,9
Curated IL-LLE,filtered_min6_no_aug,790,6
Curated IL-LLE,filtered_min6_no_aug,791,8
Curated IL-LLE,filtered_min6_no_aug,792,8
Curated IL-LLE,filtered_min6_no_aug,793,7
Curated IL-LLE,filtered_min6_no_aug,794,8
Curated IL-LLE,filtered_min6_no_aug,795,7
Curated IL-LLE,filtered_min6_no_aug,796,7
Curated IL-LLE,filtered_min6_no_aug,797,7
Curated IL-LLE,filtered_min6_no_aug,798,7
Curated IL-LLE,filtered_min6_no_aug,799,7
Curated IL-LLE,filtered_min6_no_aug,8,11
Curated IL-LLE,filtered_min6_no_aug,80,8
Curated IL-LLE,filtered_min6_no_aug,800,8
Curated IL-LLE,filtered_min6_no_aug,801,7
Curated IL-LLE,filtered_min6_no_aug,802,7
Curated IL-LLE,filtered_min6_no_aug,803,6
Curated IL-LLE,filtered_min6_no_aug,804,6
Curated IL-LLE,filtered_min6_no_aug,806,8
Curated IL-LLE,filtered_min6_no_aug,807,6
Curated IL-LLE,filtered_min6_no_aug,808,7
Curated IL-LLE,filtered_min6_no_aug,809,6
Curated IL-LLE,filtered_min6_no_aug,81,7
Curated IL-LLE,filtered_min6_no_aug,810,9
Curated IL-LLE,filtered_min6_no_aug,811,8
Curated IL-LLE,filtered_min6_no_aug,812,12
Curated IL-LLE,filtered_min6_no_aug,813,11
Curated IL-LLE,filtered_min6_no_aug,814,11
Curated IL-LLE,filtered_min6_no_aug,815,17
Curated IL-LLE,filtered_min6_no_aug,816,12
Curated IL-LLE,filtered_min6_no_aug,817,11
Curated IL-LLE,filtered_min6_no_aug,818,7
Curated IL-LLE,filtered_min6_no_aug,819,8
Curated IL-LLE,filtered_min6_no_aug,82,8
Curated IL-LLE,filtered_min6_no_aug,821,7
Curated IL-LLE,filtered_min6_no_aug,822,12
Curated IL-LLE,filtered_min6_no_aug,823,8
Curated IL-LLE,filtered_min6_no_aug,824,11
Curated IL-LLE,filtered_min6_no_aug,825,9
Curated IL-LLE,filtered_min6_no_aug,826,11
Curated IL-LLE,filtered_min6_no_aug,827,6
Curated IL-LLE,filtered_min6_no_aug,828,12
Curated IL-LLE,filtered_min6_no_aug,829,6
Curated IL-LLE,filtered_min6_no_aug,83,7
Curated IL-LLE,filtered_min6_no_aug,830,11
Curated IL-LLE,filtered_min6_no_aug,831,6
Curated IL-LLE,filtered_min6_no_aug,832,6
Curated IL-LLE,filtered_min6_no_aug,833,8
Curated IL-LLE,filtered_min6_no_aug,834,8
Curated IL-LLE,filtered_min6_no_aug,835,6
Curated IL-LLE,filtered_min6_no_aug,836,11
Curated IL-LLE,filtered_min6_no_aug,837,10
Curated IL-LLE,filtered_min6_no_aug,838,7
Curated IL-LLE,filtered_min6_no_aug,839,7
Curated IL-LLE,filtered_min6_no_aug,84,8
Curated IL-LLE,filtered_min6_no_aug,840,8
Curated IL-LLE,filtered_min6_no_aug,841,8
Curated IL-LLE,filtered_min6_no_aug,842,10
Curated IL-LLE,filtered_min6_no_aug,843,6
Curated IL-LLE,filtered_min6_no_aug,844,10
Curated IL-LLE,filtered_min6_no_aug,845,8
Curated IL-LLE,filtered_min6_no_aug,846,9
Curated IL-LLE,filtered_min6_no_aug,847,11
Curated IL-LLE,filtered_min6_no_aug,848,9
Curated IL-LLE,filtered_min6_no_aug,849,10
Curated IL-LLE,filtered_min6_no_aug,85,13
Curated IL-LLE,filtered_min6_no_aug,850,9
Curated IL-LLE,filtered_min6_no_aug,851,7
Curated IL-LLE,filtered_min6_no_aug,852,10
Curated IL-LLE,filtered_min6_no_aug,853,10
Curated IL-LLE,filtered_min6_no_aug,854,11
Curated IL-LLE,filtered_min6_no_aug,855,14
Curated IL-LLE,filtered_min6_no_aug,856,8
Curated IL-LLE,filtered_min6_no_aug,858,9
Curated IL-LLE,filtered_min6_no_aug,859,7
Curated IL-LLE,filtered_min6_no_aug,86,13
Curated IL-LLE,filtered_min6_no_aug,860,9
Curated IL-LLE,filtered_min6_no_aug,861,9
Curated IL-LLE,filtered_min6_no_aug,87,8
Curated IL-LLE,filtered_min6_no_aug,88,8
Curated IL-LLE,filtered_min6_no_aug,89,10
Curated IL-LLE,filtered_min6_no_aug,9,13
Curated IL-LLE,filtered_min6_no_aug,90,10
Curated IL-LLE,filtered_min6_no_aug,91,10
Curated IL-LLE,filtered_min6_no_aug,92,10
Curated IL-LLE,filtered_min6_no_aug,93,9
Curated IL-LLE,filtered_min6_no_aug,94,10
Curated IL-LLE,filtered_min6_no_aug,95,10
Curated IL-LLE,filtered_min6_no_aug,96,10
Curated IL-LLE,filtered_min6_no_aug,97,10
Curated IL-LLE,filtered_min6_no_aug,98,10
Curated IL-LLE,filtered_min6_no_aug,99,10
Expanded literature LLE,raw_workbook,1,9
Expanded literature LLE,raw_workbook,2,9
Expanded literature LLE,raw_workbook,3,9
Expanded literature LLE,raw_workbook,4,7
Expanded literature LLE,raw_workbook,5,7
Expanded literature LLE,raw_workbook,6,7
Expanded literature LLE,raw_workbook,7,4
Expanded literature LLE,raw_workbook,8,7
Expanded literature LLE,raw_workbook,9,7
Expanded literature LLE,raw_workbook,10,7
Expanded literature LLE,raw_workbook,11,11
Expanded literature LLE,raw_workbook,12,11
Expanded literature LLE,raw_workbook,13,11
Expanded literature LLE,raw_workbook,14,3
Expanded literature LLE,raw_workbook,15,4
Expanded literature LLE,raw_workbook,16,5
Expanded literature LLE,raw_workbook,17,4
Expanded literature LLE,raw_workbook,18,9
Expanded literature LLE,raw_workbook,19,8
Expanded literature LLE,raw_workbook,20,9
Expanded literature LLE,raw_workbook,21,4
Expanded literature LLE,raw_workbook,22,4
Expanded literature LLE,raw_workbook,23,5
Expanded literature LLE,raw_workbook,24,4
Expanded literature LLE,raw_workbook,25,4
Expanded literature LLE,raw_workbook,26,5
Expanded literature LLE,raw_workbook,27,4
Expanded literature LLE,raw_workbook,28,11
Expanded literature LLE,raw_workbook,29,11
Expanded literature LLE,raw_workbook,30,11
Expanded literature LLE,raw_workbook,31,7
Expanded literature LLE,raw_workbook,32,7
Expanded literature LLE,raw_workbook,33,7
Expanded literature LLE,raw_workbook,34,7
Expanded literature LLE,raw_workbook,35,8
Expanded literature LLE,raw_workbook,36,8
Expanded literature LLE,raw_workbook,37,8
Expanded literature LLE,raw_workbook,38,8
Expanded literature LLE,raw_workbook,39,8
Expanded literature LLE,raw_workbook,40,8
Expanded literature LLE,raw_workbook,41,8
Expanded literature LLE,raw_workbook,42,8
Expanded literature LLE,raw_workbook,43,12
Expanded literature LLE,raw_workbook,44,13
Expanded literature LLE,raw_workbook,45,10
Expanded literature LLE,raw_workbook,46,10
Expanded literature LLE,raw_workbook,47,10
Expanded literature LLE,raw_workbook,48,10
Expanded literature LLE,raw_workbook,49,10
Expanded literature LLE,raw_workbook,50,10
Expanded literature LLE,raw_workbook,51,10
Expanded literature LLE,raw_workbook,52,10
Expanded literature LLE,raw_workbook,53,10
Expanded literature LLE,raw_workbook,54,8
Expanded literature LLE,raw_workbook,55,8
Expanded literature LLE,raw_workbook,56,9
Expanded literature LLE,raw_workbook,57,9
Expanded literature LLE,raw_workbook,58,9
Expanded literature LLE,raw_workbook,59,7
Expanded literature LLE,raw_workbook,60,7
Expanded literature LLE,raw_workbook,61,7
Expanded literature LLE,raw_workbook,62,7
Expanded literature LLE,raw_workbook,63,6
Expanded literature LLE,raw_workbook,64,9
Expanded literature LLE,raw_workbook,65,9
Expanded literature LLE,raw_workbook,66,9
Expanded literature LLE,raw_workbook,67,9
Expanded literature LLE,raw_workbook,68,9
Expanded literature LLE,raw_workbook,69,9
Expanded literature LLE,raw_workbook,70,10
Expanded literature LLE,raw_workbook,71,16
Expanded literature LLE,raw_workbook,72,13
Expanded literature LLE,raw_workbook,73,19
Expanded literature LLE,raw_workbook,74,4
Expanded literature LLE,raw_workbook,75,10
Expanded literature LLE,raw_workbook,76,10
Expanded literature LLE,raw_workbook,77,10
Expanded literature LLE,raw_workbook,78,19
Expanded literature LLE,raw_workbook,79,26
Expanded literature LLE,raw_workbook,80,12
Expanded literature LLE,raw_workbook,81,10
Expanded literature LLE,raw_workbook,82,9
Expanded literature LLE,raw_workbook,83,8
Expanded literature LLE,raw_workbook,84,11
Expanded literature LLE,raw_workbook,85,11
Expanded literature LLE,raw_workbook,86,8
Expanded literature LLE,raw_workbook,87,6
Expanded literature LLE,raw_workbook,88,6
Expanded literature LLE,raw_workbook,89,7
Expanded literature LLE,raw_workbook,90,11
Expanded literature LLE,raw_workbook,91,11
Expanded literature LLE,raw_workbook,92,10
Expanded literature LLE,raw_workbook,93,10
Expanded literature LLE,raw_workbook,94,10
Expanded literature LLE,raw_workbook,95,10
Expanded literature LLE,raw_workbook,96,9
Expanded literature LLE,raw_workbook,97,9
Expanded literature LLE,raw_workbook,98,9
Expanded literature LLE,raw_workbook,99,9
Expanded literature LLE,raw_workbook,100,9
Expanded literature LLE,raw_workbook,101,11
Expanded literature LLE,raw_workbook,102,9
Expanded literature LLE,raw_workbook,103,12
Expanded literature LLE,raw_workbook,104,8
Expanded literature LLE,raw_workbook,105,8
Expanded literature LLE,raw_workbook,106,9
Expanded literature LLE,raw_workbook,107,9
Expanded literature LLE,raw_workbook,108,9
Expanded literature LLE,raw_workbook,109,9
Expanded literature LLE,raw_workbook,110,9
Expanded literature LLE,raw_workbook,111,9
Expanded literature LLE,raw_workbook,112,5
Expanded literature LLE,raw_workbook,113,5
Expanded literature LLE,raw_workbook,114,5
Expanded literature LLE,raw_workbook,115,5
Expanded literature LLE,raw_workbook,116,10
Expanded literature LLE,raw_workbook,117,10
Expanded literature LLE,raw_workbook,118,10
Expanded literature LLE,raw_workbook,119,10
Expanded literature LLE,raw_workbook,120,5
Expanded literature LLE,raw_workbook,121,8
Expanded literature LLE,raw_workbook,122,8
Expanded literature LLE,raw_workbook,123,8
Expanded literature LLE,raw_workbook,124,13
Expanded literature LLE,raw_workbook,125,11
Expanded literature LLE,raw_workbook,126,11
Expanded literature LLE,raw_workbook,127,10
Expanded literature LLE,raw_workbook,128,11
Expanded literature LLE,raw_workbook,129,10
Expanded literature LLE,raw_workbook,130,11
Expanded literature LLE,raw_workbook,131,11
Expanded literature LLE,raw_workbook,132,10
Expanded literature LLE,raw_workbook,133,10
Expanded literature LLE,raw_workbook,134,10
Expanded literature LLE,raw_workbook,135,10
Expanded literature LLE,raw_workbook,136,8
Expanded literature LLE,raw_workbook,137,8
Expanded literature LLE,raw_workbook,138,8
Expanded literature LLE,raw_workbook,139,8
Expanded literature LLE,raw_workbook,140,8
Expanded literature LLE,raw_workbook,141,8
Expanded literature LLE,raw_workbook,142,7
Expanded literature LLE,raw_workbook,143,6
Expanded literature LLE,raw_workbook,144,6
Expanded literature LLE,raw_workbook,145,7
Expanded literature LLE,raw_workbook,146,7
Expanded literature LLE,raw_workbook,147,7
Expanded literature LLE,raw_workbook,148,10
Expanded literature LLE,raw_workbook,149,10
Expanded literature LLE,raw_workbook,150,10
Expanded literature LLE,raw_workbook,151,10
Expanded literature LLE,raw_workbook,152,10
Expanded literature LLE,raw_workbook,153,10
Expanded literature LLE,raw_workbook,154,10
Expanded literature LLE,raw_workbook,155,10
Expanded literature LLE,raw_workbook,156,10
Expanded literature LLE,raw_workbook,157,11
Expanded literature LLE,raw_workbook,158,9
Expanded literature LLE,raw_workbook,159,7
Expanded literature LLE,raw_workbook,160,7
Expanded literature LLE,raw_workbook,161,10
Expanded literature LLE,raw_workbook,162,10
Expanded literature LLE,raw_workbook,163,14
Expanded literature LLE,raw_workbook,164,14
Expanded literature LLE,raw_workbook,165,12
Expanded literature LLE,raw_workbook,166,12
Expanded literature LLE,raw_workbook,167,3
Expanded literature LLE,raw_workbook,168,4
Expanded literature LLE,raw_workbook,169,6
Expanded literature LLE,raw_workbook,170,6
Expanded literature LLE,raw_workbook,171,6
Expanded literature LLE,raw_workbook,172,6
Expanded literature LLE,raw_workbook,173,6
Expanded literature LLE,raw_workbook,174,6
Expanded literature LLE,raw_workbook,175,6
Expanded literature LLE,raw_workbook,176,6
Expanded literature LLE,raw_workbook,177,8
Expanded literature LLE,raw_workbook,178,8
Expanded literature LLE,raw_workbook,179,8
Expanded literature LLE,raw_workbook,180,9
Expanded literature LLE,raw_workbook,181,9
Expanded literature LLE,raw_workbook,182,18
Expanded literature LLE,raw_workbook,183,10
Expanded literature LLE,raw_workbook,184,8
Expanded literature LLE,raw_workbook,185,8
Expanded literature LLE,raw_workbook,186,9
Expanded literature LLE,raw_workbook,187,7
Expanded literature LLE,raw_workbook,188,8
Expanded literature LLE,raw_workbook,189,7
Expanded literature LLE,raw_workbook,190,8
Expanded literature LLE,raw_workbook,191,8
Expanded literature LLE,raw_workbook,192,8
Expanded literature LLE,raw_workbook,193,9
Expanded literature LLE,raw_workbook,194,7
Expanded literature LLE,raw_workbook,195,5
Expanded literature LLE,raw_workbook,196,6
Expanded literature LLE,raw_workbook,197,6
Expanded literature LLE,raw_workbook,198,6
Expanded literature LLE,raw_workbook,199,5
Expanded literature LLE,raw_workbook,200,5
Expanded literature LLE,raw_workbook,201,5
Expanded literature LLE,raw_workbook,202,5
Expanded literature LLE,raw_workbook,203,5
Expanded literature LLE,raw_workbook,204,6
Expanded literature LLE,raw_workbook,205,6
Expanded literature LLE,raw_workbook,206,12
Expanded literature LLE,raw_workbook,207,12
Expanded literature LLE,raw_workbook,208,11
Expanded literature LLE,raw_workbook,209,12
Expanded literature LLE,raw_workbook,210,11
Expanded literature LLE,raw_workbook,211,8
Expanded literature LLE,raw_workbook,212,6
Expanded literature LLE,raw_workbook,213,7
Expanded literature LLE,raw_workbook,214,9
Expanded literature LLE,raw_workbook,215,9
Expanded literature LLE,raw_workbook,216,11
Expanded literature LLE,raw_workbook,217,7
Expanded literature LLE,raw_workbook,218,9
Expanded literature LLE,raw_workbook,219,16
Expanded literature LLE,raw_workbook,220,11
Expanded literature LLE,raw_workbook,221,9
Expanded literature LLE,raw_workbook,222,9
Expanded literature LLE,raw_workbook,223,10
Expanded literature LLE,raw_workbook,224,10
Expanded literature LLE,raw_workbook,225,10
Expanded literature LLE,raw_workbook,226,10
Expanded literature LLE,raw_workbook,227,8
Expanded literature LLE,raw_workbook,228,8
Expanded literature LLE,raw_workbook,229,7
Expanded literature LLE,raw_workbook,230,8
Expanded literature LLE,raw_workbook,231,8
Expanded literature LLE,raw_workbook,232,8
Expanded literature LLE,raw_workbook,233,8
Expanded literature LLE,raw_workbook,234,8
Expanded literature LLE,raw_workbook,235,8
Expanded literature LLE,raw_workbook,236,8
Expanded literature LLE,raw_workbook,237,8
Expanded literature LLE,raw_workbook,238,8
Expanded literature LLE,raw_workbook,239,10
Expanded literature LLE,raw_workbook,240,10
Expanded literature LLE,raw_workbook,241,10
Expanded literature LLE,raw_workbook,242,11
Expanded literature LLE,raw_workbook,243,10
Expanded literature LLE,raw_workbook,244,10
Expanded literature LLE,raw_workbook,245,6
Expanded literature LLE,raw_workbook,246,6
Expanded literature LLE,raw_workbook,247,5
Expanded literature LLE,raw_workbook,248,7
Expanded literature LLE,raw_workbook,249,4
Expanded literature LLE,raw_workbook,250,3
Expanded literature LLE,raw_workbook,251,8
Expanded literature LLE,raw_workbook,252,8
Expanded literature LLE,raw_workbook,253,9
Expanded literature LLE,raw_workbook,254,12
Expanded literature LLE,raw_workbook,255,13
Expanded literature LLE,raw_workbook,256,12
Expanded literature LLE,raw_workbook,257,11
Expanded literature LLE,raw_workbook,258,10
Expanded literature LLE,raw_workbook,259,11
Expanded literature LLE,raw_workbook,260,5
Expanded literature LLE,raw_workbook,261,5
Expanded literature LLE,raw_workbook,262,2
Expanded literature LLE,raw_workbook,263,3
Expanded literature LLE,raw_workbook,264,10
Expanded literature LLE,raw_workbook,265,4
Expanded literature LLE,raw_workbook,266,5
Expanded literature LLE,raw_workbook,267,5
Expanded literature LLE,raw_workbook,268,5
Expanded literature LLE,raw_workbook,269,6
Expanded literature LLE,raw_workbook,270,6
Expanded literature LLE,raw_workbook,271,6
Expanded literature LLE,raw_workbook,272,6
Expanded literature LLE,raw_workbook,273,6
Expanded literature LLE,raw_workbook,274,10
Expanded literature LLE,raw_workbook,275,7
Expanded literature LLE,raw_workbook,276,8
Expanded literature LLE,raw_workbook,277,8
Expanded literature LLE,raw_workbook,278,10
Expanded literature LLE,raw_workbook,279,8
Expanded literature LLE,raw_workbook,280,10
Expanded literature LLE,raw_workbook,281,7
Expanded literature LLE,raw_workbook,282,9
Expanded literature LLE,raw_workbook,283,7
Expanded literature LLE,raw_workbook,284,10
Expanded literature LLE,raw_workbook,285,7
Expanded literature LLE,raw_workbook,286,16
Expanded literature LLE,raw_workbook,287,10
Expanded literature LLE,raw_workbook,288,7
Expanded literature LLE,raw_workbook,289,9
Expanded literature LLE,raw_workbook,290,7
Expanded literature LLE,raw_workbook,291,10
Expanded literature LLE,raw_workbook,292,10
Expanded literature LLE,raw_workbook,293,10
Expanded literature LLE,raw_workbook,294,10
Expanded literature LLE,raw_workbook,295,5
Expanded literature LLE,raw_workbook,296,3
Expanded literature LLE,raw_workbook,297,5
Expanded literature LLE,raw_workbook,298,5
Expanded literature LLE,raw_workbook,299,4
Expanded literature LLE,raw_workbook,300,4
Expanded literature LLE,raw_workbook,301,10
Expanded literature LLE,raw_workbook,302,10
Expanded literature LLE,raw_workbook,303,10
Expanded literature LLE,raw_workbook,304,10
Expanded literature LLE,raw_workbook,305,10
Expanded literature LLE,raw_workbook,306,10
Expanded literature LLE,raw_workbook,307,7
Expanded literature LLE,raw_workbook,308,7
Expanded literature LLE,raw_workbook,309,7
Expanded literature LLE,raw_workbook,310,7
Expanded literature LLE,raw_workbook,311,8
Expanded literature LLE,raw_workbook,312,9
Expanded literature LLE,raw_workbook,313,8
Expanded literature LLE,raw_workbook,314,4
Expanded literature LLE,raw_workbook,315,4
Expanded literature LLE,raw_workbook,316,4
Expanded literature LLE,raw_workbook,317,10
Expanded literature LLE,raw_workbook,318,10
Expanded literature LLE,raw_workbook,319,10
Expanded literature LLE,raw_workbook,320,12
Expanded literature LLE,raw_workbook,321,11
Expanded literature LLE,raw_workbook,322,7
Expanded literature LLE,raw_workbook,323,7
Expanded literature LLE,raw_workbook,324,7
Expanded literature LLE,raw_workbook,325,7
Expanded literature LLE,raw_workbook,326,10
Expanded literature LLE,raw_workbook,327,9
Expanded literature LLE,raw_workbook,328,9
Expanded literature LLE,raw_workbook,329,10
Expanded literature LLE,raw_workbook,330,8
Expanded literature LLE,raw_workbook,331,10
Expanded literature LLE,raw_workbook,332,11
Expanded literature LLE,raw_workbook,333,11
Expanded literature LLE,raw_workbook,334,11
Expanded literature LLE,raw_workbook,335,6
Expanded literature LLE,raw_workbook,336,6
Expanded literature LLE,raw_workbook,337,6
Expanded literature LLE,raw_workbook,338,6
Expanded literature LLE,raw_workbook,339,6
Expanded literature LLE,raw_workbook,340,9
Expanded literature LLE,raw_workbook,341,9
Expanded literature LLE,raw_workbook,342,9
Expanded literature LLE,raw_workbook,343,9
Expanded literature LLE,raw_workbook,344,9
Expanded literature LLE,raw_workbook,345,9
Expanded literature LLE,raw_workbook,346,11
Expanded literature LLE,raw_workbook,347,11
Expanded literature LLE,raw_workbook,348,11
Expanded literature LLE,raw_workbook,349,11
Expanded literature LLE,raw_workbook,350,11
Expanded literature LLE,raw_workbook,351,11
Expanded literature LLE,raw_workbook,352,10
Expanded literature LLE,raw_workbook,353,10
Expanded literature LLE,raw_workbook,354,10
Expanded literature LLE,raw_workbook,355,11
Expanded literature LLE,raw_workbook,356,11
Expanded literature LLE,raw_workbook,357,11
Expanded literature LLE,raw_workbook,358,11
Expanded literature LLE,raw_workbook,359,11
Expanded literature LLE,raw_workbook,360,11
Expanded literature LLE,raw_workbook,361,11
Expanded literature LLE,raw_workbook,362,11
Expanded literature LLE,raw_workbook,363,11
Expanded literature LLE,raw_workbook,364,8
Expanded literature LLE,raw_workbook,365,8
Expanded literature LLE,raw_workbook,366,8
Expanded literature LLE,raw_workbook,367,11
Expanded literature LLE,raw_workbook,368,11
Expanded literature LLE,raw_workbook,369,11
Expanded literature LLE,raw_workbook,370,13
Expanded literature LLE,raw_workbook,371,12
Expanded literature LLE,raw_workbook,372,8
Expanded literature LLE,raw_workbook,373,10
Expanded literature LLE,raw_workbook,374,12
Expanded literature LLE,raw_workbook,375,9
Expanded literature LLE,raw_workbook,376,7
Expanded literature LLE,raw_workbook,377,7
Expanded literature LLE,raw_workbook,378,7
Expanded literature LLE,raw_workbook,379,11
Expanded literature LLE,raw_workbook,380,11
Expanded literature LLE,raw_workbook,381,11
Expanded literature LLE,raw_workbook,382,9
Expanded literature LLE,raw_workbook,383,9
Expanded literature LLE,raw_workbook,384,9
Expanded literature LLE,raw_workbook,385,9
Expanded literature LLE,raw_workbook,386,9
Expanded literature LLE,raw_workbook,387,9
Expanded literature LLE,raw_workbook,388,9
Expanded literature LLE,raw_workbook,389,9
Expanded literature LLE,raw_workbook,390,9
Expanded literature LLE,raw_workbook,391,9
Expanded literature LLE,raw_workbook,392,9
Expanded literature LLE,raw_workbook,393,9
Expanded literature LLE,raw_workbook,394,9
Expanded literature LLE,raw_workbook,395,9
Expanded literature LLE,raw_workbook,396,9
Expanded literature LLE,raw_workbook,397,10
Expanded literature LLE,raw_workbook,398,11
Expanded literature LLE,raw_workbook,399,10
Expanded literature LLE,raw_workbook,400,10
Expanded literature LLE,raw_workbook,401,8
Expanded literature LLE,raw_workbook,402,8
Expanded literature LLE,raw_workbook,403,8
Expanded literature LLE,raw_workbook,404,8
Expanded literature LLE,raw_workbook,405,9
Expanded literature LLE,raw_workbook,406,10
Expanded literature LLE,raw_workbook,407,10
Expanded literature LLE,raw_workbook,408,10
Expanded literature LLE,raw_workbook,409,10
Expanded literature LLE,raw_workbook,410,10
Expanded literature LLE,raw_workbook,411,10
Expanded literature LLE,raw_workbook,412,10
Expanded literature LLE,raw_workbook,413,6
Expanded literature LLE,raw_workbook,414,5
Expanded literature LLE,raw_workbook,415,5
Expanded literature LLE,raw_workbook,416,6
Expanded literature LLE,raw_workbook,417,6
Expanded literature LLE,raw_workbook,418,6
Expanded literature LLE,raw_workbook,419,6
Expanded literature LLE,raw_workbook,420,6
Expanded literature LLE,raw_workbook,421,6
Expanded literature LLE,raw_workbook,422,6
Expanded literature LLE,raw_workbook,423,6
Expanded literature LLE,raw_workbook,424,6
Expanded literature LLE,raw_workbook,425,7
Expanded literature LLE,raw_workbook,426,8
Expanded literature LLE,raw_workbook,427,6
Expanded literature LLE,raw_workbook,428,11
Expanded literature LLE,raw_workbook,429,11
Expanded literature LLE,raw_workbook,430,11
Expanded literature LLE,raw_workbook,431,11
Expanded literature LLE,raw_workbook,432,6
Expanded literature LLE,raw_workbook,433,8
Expanded literature LLE,raw_workbook,434,8
Expanded literature LLE,raw_workbook,435,8
Expanded literature LLE,raw_workbook,436,8
Expanded literature LLE,raw_workbook,437,8
Expanded literature LLE,raw_workbook,438,8
Expanded literature LLE,raw_workbook,439,8
Expanded literature LLE,raw_workbook,440,8
Expanded literature LLE,raw_workbook,441,9
Expanded literature LLE,raw_workbook,442,9
Expanded literature LLE,raw_workbook,443,9
Expanded literature LLE,raw_workbook,444,9
Expanded literature LLE,raw_workbook,445,11
Expanded literature LLE,raw_workbook,446,11
Expanded literature LLE,raw_workbook,447,11
Expanded literature LLE,raw_workbook,448,11
Expanded literature LLE,raw_workbook,449,11
Expanded literature LLE,raw_workbook,450,11
Expanded literature LLE,raw_workbook,451,11
Expanded literature LLE,raw_workbook,452,11
Expanded literature LLE,raw_workbook,453,11
Expanded literature LLE,raw_workbook,454,9
Expanded literature LLE,raw_workbook,455,9
Expanded literature LLE,raw_workbook,456,9
Expanded literature LLE,raw_workbook,457,9
Expanded literature LLE,raw_workbook,458,9
Expanded literature LLE,raw_workbook,459,9
Expanded literature LLE,raw_workbook,460,6
Expanded literature LLE,raw_workbook,461,6
Expanded literature LLE,raw_workbook,462,6
Expanded literature LLE,raw_workbook,463,7
Expanded literature LLE,raw_workbook,464,7
Expanded literature LLE,raw_workbook,465,7
Expanded literature LLE,raw_workbook,466,9
Expanded literature LLE,raw_workbook,467,8
Expanded literature LLE,raw_workbook,468,7
Expanded literature LLE,raw_workbook,469,7
Expanded literature LLE,raw_workbook,470,4
Expanded literature LLE,raw_workbook,471,8
Expanded literature LLE,raw_workbook,472,8
Expanded literature LLE,raw_workbook,473,8
Expanded literature LLE,raw_workbook,474,8
Expanded literature LLE,raw_workbook,475,8
Expanded literature LLE,raw_workbook,476,8
Expanded literature LLE,raw_workbook,477,8
Expanded literature LLE,raw_workbook,478,8
Expanded literature LLE,raw_workbook,479,8
Expanded literature LLE,raw_workbook,480,8
Expanded literature LLE,raw_workbook,481,8
Expanded literature LLE,raw_workbook,482,8
Expanded literature LLE,raw_workbook,483,8
Expanded literature LLE,raw_workbook,484,8
Expanded literature LLE,raw_workbook,485,8
Expanded literature LLE,raw_workbook,486,8
Expanded literature LLE,raw_workbook,487,7
Expanded literature LLE,raw_workbook,488,8
Expanded literature LLE,raw_workbook,489,8
Expanded literature LLE,raw_workbook,490,8
Expanded literature LLE,raw_workbook,491,8
Expanded literature LLE,raw_workbook,492,8
Expanded literature LLE,raw_workbook,493,8
Expanded literature LLE,raw_workbook,494,8
Expanded literature LLE,raw_workbook,495,8
Expanded literature LLE,raw_workbook,496,8
Expanded literature LLE,raw_workbook,497,8
Expanded literature LLE,raw_workbook,498,8
Expanded literature LLE,raw_workbook,499,8
Expanded literature LLE,raw_workbook,500,8
Expanded literature LLE,raw_workbook,501,8
Expanded literature LLE,raw_workbook,502,8
Expanded literature LLE,raw_workbook,503,8
Expanded literature LLE,raw_workbook,504,8
Expanded literature LLE,raw_workbook,505,8
Expanded literature LLE,raw_workbook,506,8
Expanded literature LLE,raw_workbook,507,8
Expanded literature LLE,raw_workbook,508,8
Expanded literature LLE,raw_workbook,509,8
Expanded literature LLE,raw_workbook,510,8
Expanded literature LLE,raw_workbook,511,8
Expanded literature LLE,raw_workbook,512,8
Expanded literature LLE,raw_workbook,513,8
Expanded literature LLE,raw_workbook,514,8
Expanded literature LLE,raw_workbook,515,8
Expanded literature LLE,raw_workbook,516,8
Expanded literature LLE,raw_workbook,517,8
Expanded literature LLE,raw_workbook,518,8
Expanded literature LLE,raw_workbook,519,8
Expanded literature LLE,raw_workbook,520,8
Expanded literature LLE,raw_workbook,521,8
Expanded literature LLE,raw_workbook,522,8
Expanded literature LLE,raw_workbook,523,8
Expanded literature LLE,raw_workbook,524,8
Expanded literature LLE,raw_workbook,525,8
Expanded literature LLE,raw_workbook,526,8
Expanded literature LLE,raw_workbook,527,8
Expanded literature LLE,raw_workbook,528,8
Expanded literature LLE,raw_workbook,529,8
Expanded literature LLE,raw_workbook,530,8
Expanded literature LLE,raw_workbook,531,8
Expanded literature LLE,raw_workbook,532,8
Expanded literature LLE,raw_workbook,533,8
Expanded literature LLE,raw_workbook,534,8
Expanded literature LLE,raw_workbook,535,9
Expanded literature LLE,raw_workbook,536,9
Expanded literature LLE,raw_workbook,537,9
Expanded literature LLE,raw_workbook,538,9
Expanded literature LLE,raw_workbook,539,9
Expanded literature LLE,raw_workbook,540,9
Expanded literature LLE,raw_workbook,541,9
Expanded literature LLE,raw_workbook,542,9
Expanded literature LLE,raw_workbook,543,8
Expanded literature LLE,raw_workbook,544,8
Expanded literature LLE,raw_workbook,545,8
Expanded literature LLE,raw_workbook,546,8
Expanded literature LLE,raw_workbook,547,8
Expanded literature LLE,raw_workbook,548,8
Expanded literature LLE,raw_workbook,549,8
Expanded literature LLE,raw_workbook,550,6
Expanded literature LLE,raw_workbook,551,5
Expanded literature LLE,raw_workbook,552,4
Expanded literature LLE,raw_workbook,553,5
Expanded literature LLE,raw_workbook,554,5
Expanded literature LLE,raw_workbook,555,5
Expanded literature LLE,raw_workbook,556,5
Expanded literature LLE,raw_workbook,557,5
Expanded literature LLE,raw_workbook,558,5
Expanded literature LLE,raw_workbook,559,7
Expanded literature LLE,raw_workbook,560,7
Expanded literature LLE,raw_workbook,561,8
Expanded literature LLE,raw_workbook,562,8
Expanded literature LLE,raw_workbook,563,7
Expanded literature LLE,raw_workbook,564,6
Expanded literature LLE,raw_workbook,565,7
Expanded literature LLE,raw_workbook,566,5
Expanded literature LLE,raw_workbook,567,6
Expanded literature LLE,raw_workbook,568,8
Expanded literature LLE,raw_workbook,569,3
Expanded literature LLE,raw_workbook,570,11
Expanded literature LLE,raw_workbook,571,8
Expanded literature LLE,raw_workbook,572,6
Expanded literature LLE,raw_workbook,573,6
Expanded literature LLE,raw_workbook,574,7
Expanded literature LLE,raw_workbook,575,9
Expanded literature LLE,raw_workbook,576,10
Expanded literature LLE,raw_workbook,577,7
Expanded literature LLE,raw_workbook,578,8
Expanded literature LLE,raw_workbook,579,6
Expanded literature LLE,raw_workbook,580,8
Expanded literature LLE,raw_workbook,581,9
Expanded literature LLE,raw_workbook,582,4
Expanded literature LLE,raw_workbook,583,6
Expanded literature LLE,raw_workbook,584,7
Expanded literature LLE,raw_workbook,585,7
Expanded literature LLE,raw_workbook,586,9
Expanded literature LLE,raw_workbook,587,9
Expanded literature LLE,raw_workbook,588,9
Expanded literature LLE,raw_workbook,589,9
Expanded literature LLE,raw_workbook,590,8
Expanded literature LLE,raw_workbook,591,7
Expanded literature LLE,raw_workbook,592,7
Expanded literature LLE,raw_workbook,593,6
Expanded literature LLE,raw_workbook,594,7
Expanded literature LLE,raw_workbook,595,9
Expanded literature LLE,raw_workbook,596,8
Expanded literature LLE,raw_workbook,597,9
Expanded literature LLE,raw_workbook,598,8
Expanded literature LLE,raw_workbook,599,9
Expanded literature LLE,raw_workbook,600,8
Expanded literature LLE,raw_workbook,601,8
Expanded literature LLE,raw_workbook,602,8
Expanded literature LLE,raw_workbook,603,8
Expanded literature LLE,raw_workbook,604,8
Expanded literature LLE,raw_workbook,605,8
Expanded literature LLE,raw_workbook,606,8
Expanded literature LLE,raw_workbook,607,6
Expanded literature LLE,raw_workbook,608,9
Expanded literature LLE,raw_workbook,609,9
Expanded literature LLE,raw_workbook,610,9
Expanded literature LLE,raw_workbook,611,9
Expanded literature LLE,raw_workbook,612,9
Expanded literature LLE,raw_workbook,613,9
Expanded literature LLE,raw_workbook,614,8
Expanded literature LLE,raw_workbook,615,8
Expanded literature LLE,raw_workbook,616,8
Expanded literature LLE,raw_workbook,617,8
Expanded literature LLE,raw_workbook,618,8
Expanded literature LLE,raw_workbook,619,8
Expanded literature LLE,raw_workbook,620,8
Expanded literature LLE,raw_workbook,621,8
Expanded literature LLE,raw_workbook,622,8
Expanded literature LLE,raw_workbook,623,8
Expanded literature LLE,raw_workbook,624,8
Expanded literature LLE,raw_workbook,625,8
Expanded literature LLE,raw_workbook,626,8
Expanded literature LLE,raw_workbook,627,8
Expanded literature LLE,raw_workbook,628,8
Expanded literature LLE,raw_workbook,629,6
Expanded literature LLE,raw_workbook,630,8
Expanded literature LLE,raw_workbook,631,8
Expanded literature LLE,raw_workbook,632,8
Expanded literature LLE,raw_workbook,633,8
Expanded literature LLE,raw_workbook,634,8
Expanded literature LLE,raw_workbook,635,8
Expanded literature LLE,raw_workbook,636,8
Expanded literature LLE,raw_workbook,637,8
Expanded literature LLE,raw_workbook,638,8
Expanded literature LLE,raw_workbook,639,8
Expanded literature LLE,raw_workbook,640,8
Expanded literature LLE,raw_workbook,641,8
Expanded literature LLE,raw_workbook,642,8
Expanded literature LLE,raw_workbook,643,8
Expanded literature LLE,raw_workbook,644,8
Expanded literature LLE,raw_workbook,645,8
Expanded literature LLE,raw_workbook,646,8
Expanded literature LLE,raw_workbook,647,8
Expanded literature LLE,raw_workbook,648,8
Expanded literature LLE,raw_workbook,649,8
Expanded literature LLE,raw_workbook,650,8
Expanded literature LLE,raw_workbook,651,8
Expanded literature LLE,raw_workbook,652,8
Expanded literature LLE,raw_workbook,653,8
Expanded literature LLE,raw_workbook,654,8
Expanded literature LLE,raw_workbook,655,8
Expanded literature LLE,raw_workbook,656,8
Expanded literature LLE,raw_workbook,657,8
Expanded literature LLE,raw_workbook,658,8
Expanded literature LLE,raw_workbook,659,8
Expanded literature LLE,raw_workbook,660,8
Expanded literature LLE,raw_workbook,661,8
Expanded literature LLE,raw_workbook,662,8
Expanded literature LLE,raw_workbook,663,8
Expanded literature LLE,raw_workbook,664,8
Expanded literature LLE,raw_workbook,665,8
Expanded literature LLE,raw_workbook,666,8
Expanded literature LLE,raw_workbook,667,8
Expanded literature LLE,raw_workbook,668,8
Expanded literature LLE,raw_workbook,669,8
Expanded literature LLE,raw_workbook,670,8
Expanded literature LLE,raw_workbook,671,8
Expanded literature LLE,raw_workbook,672,8
Expanded literature LLE,raw_workbook,673,8
Expanded literature LLE,raw_workbook,674,8
Expanded literature LLE,raw_workbook,675,8
Expanded literature LLE,raw_workbook,676,8
Expanded literature LLE,raw_workbook,677,8
Expanded literature LLE,raw_workbook,678,8
Expanded literature LLE,raw_workbook,679,8
Expanded literature LLE,raw_workbook,680,10
Expanded literature LLE,raw_workbook,681,10
Expanded literature LLE,raw_workbook,682,10
Expanded literature LLE,raw_workbook,683,10
Expanded literature LLE,raw_workbook,684,10
Expanded literature LLE,raw_workbook,685,10
Expanded literature LLE,raw_workbook,686,10
Expanded literature LLE,raw_workbook,687,10
Expanded literature LLE,raw_workbook,688,10
Expanded literature LLE,raw_workbook,689,10
Expanded literature LLE,raw_workbook,690,10
Expanded literature LLE,raw_workbook,691,10
Expanded literature LLE,raw_workbook,692,10
Expanded literature LLE,raw_workbook,693,10
Expanded literature LLE,raw_workbook,694,10
Expanded literature LLE,raw_workbook,695,10
Expanded literature LLE,raw_workbook,696,10
Expanded literature LLE,raw_workbook,697,10
Expanded literature LLE,raw_workbook,698,10
Expanded literature LLE,raw_workbook,699,10
Expanded literature LLE,raw_workbook,700,10
Expanded literature LLE,raw_workbook,701,10
Expanded literature LLE,raw_workbook,702,10
Expanded literature LLE,raw_workbook,703,10
Expanded literature LLE,raw_workbook,704,8
Expanded literature LLE,raw_workbook,705,8
Expanded literature LLE,raw_workbook,706,7
Expanded literature LLE,raw_workbook,707,13
Expanded literature LLE,raw_workbook,708,10
Expanded literature LLE,raw_workbook,709,11
Expanded literature LLE,raw_workbook,710,2
Expanded literature LLE,raw_workbook,711,5
Expanded literature LLE,raw_workbook,712,7
Expanded literature LLE,raw_workbook,713,6
Expanded literature LLE,raw_workbook,714,5
Expanded literature LLE,raw_workbook,715,6
Expanded literature LLE,raw_workbook,716,7
Expanded literature LLE,raw_workbook,717,8
Expanded literature LLE,raw_workbook,718,8
Expanded literature LLE,raw_workbook,719,1
Expanded literature LLE,raw_workbook,720,8
Expanded literature LLE,raw_workbook,721,1
Expanded literature LLE,raw_workbook,722,8
Expanded literature LLE,raw_workbook,723,8
Expanded literature LLE,raw_workbook,724,1
Expanded literature LLE,raw_workbook,725,8
Expanded literature LLE,raw_workbook,726,1
Expanded literature LLE,raw_workbook,727,9
Expanded literature LLE,raw_workbook,728,9
Expanded literature LLE,raw_workbook,729,8
Expanded literature LLE,raw_workbook,730,10
Expanded literature LLE,raw_workbook,731,9
Expanded literature LLE,raw_workbook,732,8
Expanded literature LLE,raw_workbook,733,6
Expanded literature LLE,raw_workbook,734,8
Expanded literature LLE,raw_workbook,735,8
Expanded literature LLE,raw_workbook,736,8
Expanded literature LLE,raw_workbook,737,5
Expanded literature LLE,raw_workbook,738,5
Expanded literature LLE,raw_workbook,739,5
Expanded literature LLE,raw_workbook,740,1
Expanded literature LLE,raw_workbook,741,1
Expanded literature LLE,raw_workbook,742,1
Expanded literature LLE,raw_workbook,743,1
Expanded literature LLE,raw_workbook,744,1
Expanded literature LLE,raw_workbook,745,1
Expanded literature LLE,raw_workbook,746,1
Expanded literature LLE,raw_workbook,747,1
Expanded literature LLE,raw_workbook,748,4
Expanded literature LLE,raw_workbook,749,1
Expanded literature LLE,raw_workbook,750,1
Expanded literature LLE,raw_workbook,751,1
Expanded literature LLE,raw_workbook,752,1
Expanded literature LLE,raw_workbook,753,1
Expanded literature LLE,raw_workbook,754,1
Expanded literature LLE,raw_workbook,755,1
Expanded literature LLE,raw_workbook,756,1
Expanded literature LLE,raw_workbook,757,1
Expanded literature LLE,raw_workbook,758,1
Expanded literature LLE,raw_workbook,759,1
Expanded literature LLE,raw_workbook,760,1
Expanded literature LLE,raw_workbook,761,1
Expanded literature LLE,raw_workbook,762,1
Expanded literature LLE,raw_workbook,763,1
Expanded literature LLE,raw_workbook,764,1
Expanded literature LLE,raw_workbook,765,5
Expanded literature LLE,raw_workbook,766,6
Expanded literature LLE,raw_workbook,767,5
Expanded literature LLE,raw_workbook,768,5
Expanded literature LLE,raw_workbook,769,5
Expanded literature LLE,raw_workbook,770,7
Expanded literature LLE,raw_workbook,771,10
Expanded literature LLE,raw_workbook,772,10
Expanded literature LLE,raw_workbook,773,10
Expanded literature LLE,raw_workbook,774,10
Expanded literature LLE,raw_workbook,775,9
Expanded literature LLE,raw_workbook,776,10
Expanded literature LLE,raw_workbook,777,10
Expanded literature LLE,raw_workbook,778,10
Expanded literature LLE,raw_workbook,779,10
Expanded literature LLE,raw_workbook,780,9
Expanded literature LLE,raw_workbook,781,4
Expanded literature LLE,raw_workbook,782,5
Expanded literature LLE,raw_workbook,783,4
Expanded literature LLE,raw_workbook,784,6
Expanded literature LLE,raw_workbook,785,6
Expanded literature LLE,raw_workbook,786,5
Expanded literature LLE,raw_workbook,787,4
Expanded literature LLE,raw_workbook,788,10
Expanded literature LLE,raw_workbook,789,10
Expanded literature LLE,raw_workbook,790,10
Expanded literature LLE,raw_workbook,791,10
Expanded literature LLE,raw_workbook,792,10
Expanded literature LLE,raw_workbook,793,10
Expanded literature LLE,raw_workbook,794,6
Expanded literature LLE,raw_workbook,795,6
Expanded literature LLE,raw_workbook,796,5
Expanded literature LLE,raw_workbook,797,5
Expanded literature LLE,raw_workbook,798,5
Expanded literature LLE,raw_workbook,799,8
Expanded literature LLE,raw_workbook,800,9
Expanded literature LLE,raw_workbook,801,9
Expanded literature LLE,raw_workbook,802,9
Expanded literature LLE,raw_workbook,803,30
Expanded literature LLE,raw_workbook,804,24
Expanded literature LLE,raw_workbook,805,41
Expanded literature LLE,raw_workbook,806,10
Expanded literature LLE,raw_workbook,807,13
Expanded literature LLE,raw_workbook,808,22
Expanded literature LLE,raw_workbook,809,13
Expanded literature LLE,raw_workbook,810,41
Expanded literature LLE,raw_workbook,811,38
Expanded literature LLE,raw_workbook,812,34
Expanded literature LLE,raw_workbook,813,39
Expanded literature LLE,raw_workbook,814,17
Expanded literature LLE,raw_workbook,815,10
Expanded literature LLE,raw_workbook,816,10
Expanded literature LLE,raw_workbook,817,10
Expanded literature LLE,raw_workbook,818,10
Expanded literature LLE,raw_workbook,819,10
Expanded literature LLE,raw_workbook,820,36
Expanded literature LLE,raw_workbook,821,36
Expanded literature LLE,raw_workbook,823,52
Expanded literature LLE,raw_workbook,824,18
Expanded literature LLE,raw_workbook,825,20
Expanded literature LLE,raw_workbook,826,18
Expanded literature LLE,raw_workbook,827,13
Expanded literature LLE,raw_workbook,828,25
Expanded literature LLE,raw_workbook,829,24
Expanded literature LLE,raw_workbook,830,24
Expanded literature LLE,raw_workbook,831,25
Expanded literature LLE,filtered_min6_no_aug,10,7
Expanded literature LLE,filtered_min6_no_aug,100,9
Expanded literature LLE,filtered_min6_no_aug,101,11
Expanded literature LLE,filtered_min6_no_aug,102,9
Expanded literature LLE,filtered_min6_no_aug,103,12
Expanded literature LLE,filtered_min6_no_aug,104,8
Expanded literature LLE,filtered_min6_no_aug,105,8
Expanded literature LLE,filtered_min6_no_aug,106,9
Expanded literature LLE,filtered_min6_no_aug,107,9
Expanded literature LLE,filtered_min6_no_aug,108,9
Expanded literature LLE,filtered_min6_no_aug,109,9
Expanded literature LLE,filtered_min6_no_aug,11,11
Expanded literature LLE,filtered_min6_no_aug,110,9
Expanded literature LLE,filtered_min6_no_aug,111,9
Expanded literature LLE,filtered_min6_no_aug,116,10
Expanded literature LLE,filtered_min6_no_aug,117,10
Expanded literature LLE,filtered_min6_no_aug,118,10
Expanded literature LLE,filtered_min6_no_aug,119,10
Expanded literature LLE,filtered_min6_no_aug,12,11
Expanded literature LLE,filtered_min6_no_aug,121,8
Expanded literature LLE,filtered_min6_no_aug,122,8
Expanded literature LLE,filtered_min6_no_aug,123,8
Expanded literature LLE,filtered_min6_no_aug,124,13
Expanded literature LLE,filtered_min6_no_aug,125,11
Expanded literature LLE,filtered_min6_no_aug,126,11
Expanded literature LLE,filtered_min6_no_aug,127,10
Expanded literature LLE,filtered_min6_no_aug,128,11
Expanded literature LLE,filtered_min6_no_aug,129,10
Expanded literature LLE,filtered_min6_no_aug,13,11
Expanded literature LLE,filtered_min6_no_aug,130,11
Expanded literature LLE,filtered_min6_no_aug,131,11
Expanded literature LLE,filtered_min6_no_aug,132,10
Expanded literature LLE,filtered_min6_no_aug,133,10
Expanded literature LLE,filtered_min6_no_aug,134,10
Expanded literature LLE,filtered_min6_no_aug,135,10
Expanded literature LLE,filtered_min6_no_aug,136,8
Expanded literature LLE,filtered_min6_no_aug,137,8
Expanded literature LLE,filtered_min6_no_aug,138,8
Expanded literature LLE,filtered_min6_no_aug,139,8
Expanded literature LLE,filtered_min6_no_aug,140,8
Expanded literature LLE,filtered_min6_no_aug,141,8
Expanded literature LLE,filtered_min6_no_aug,142,7
Expanded literature LLE,filtered_min6_no_aug,143,6
Expanded literature LLE,filtered_min6_no_aug,144,6
Expanded literature LLE,filtered_min6_no_aug,145,7
Expanded literature LLE,filtered_min6_no_aug,146,7
Expanded literature LLE,filtered_min6_no_aug,147,7
Expanded literature LLE,filtered_min6_no_aug,148,10
Expanded literature LLE,filtered_min6_no_aug,149,10
Expanded literature LLE,filtered_min6_no_aug,150,10
Expanded literature LLE,filtered_min6_no_aug,151,10
Expanded literature LLE,filtered_min6_no_aug,152,10
Expanded literature LLE,filtered_min6_no_aug,153,10
Expanded literature LLE,filtered_min6_no_aug,154,10
Expanded literature LLE,filtered_min6_no_aug,155,10
Expanded literature LLE,filtered_min6_no_aug,156,10
Expanded literature LLE,filtered_min6_no_aug,157,11
Expanded literature LLE,filtered_min6_no_aug,158,9
Expanded literature LLE,filtered_min6_no_aug,159,7
Expanded literature LLE,filtered_min6_no_aug,160,7
Expanded literature LLE,filtered_min6_no_aug,161,10
Expanded literature LLE,filtered_min6_no_aug,162,10
Expanded literature LLE,filtered_min6_no_aug,163,14
Expanded literature LLE,filtered_min6_no_aug,164,14
Expanded literature LLE,filtered_min6_no_aug,165,12
Expanded literature LLE,filtered_min6_no_aug,166,12
Expanded literature LLE,filtered_min6_no_aug,169,6
Expanded literature LLE,filtered_min6_no_aug,170,6
Expanded literature LLE,filtered_min6_no_aug,171,6
Expanded literature LLE,filtered_min6_no_aug,172,6
Expanded literature LLE,filtered_min6_no_aug,173,6
Expanded literature LLE,filtered_min6_no_aug,174,6
Expanded literature LLE,filtered_min6_no_aug,175,6
Expanded literature LLE,filtered_min6_no_aug,176,6
Expanded literature LLE,filtered_min6_no_aug,177,8
Expanded literature LLE,filtered_min6_no_aug,178,8
Expanded literature LLE,filtered_min6_no_aug,179,8
Expanded literature LLE,filtered_min6_no_aug,18,8
Expanded literature LLE,filtered_min6_no_aug,180,9
Expanded literature LLE,filtered_min6_no_aug,181,9
Expanded literature LLE,filtered_min6_no_aug,182,18
Expanded literature LLE,filtered_min6_no_aug,183,10
Expanded literature LLE,filtered_min6_no_aug,184,8
Expanded literature LLE,filtered_min6_no_aug,185,8
Expanded literature LLE,filtered_min6_no_aug,186,9
Expanded literature LLE,filtered_min6_no_aug,187,7
Expanded literature LLE,filtered_min6_no_aug,188,8
Expanded literature LLE,filtered_min6_no_aug,189,7
Expanded literature LLE,filtered_min6_no_aug,190,8
Expanded literature LLE,filtered_min6_no_aug,191,8
Expanded literature LLE,filtered_min6_no_aug,192,8
Expanded literature LLE,filtered_min6_no_aug,193,9
Expanded literature LLE,filtered_min6_no_aug,194,7
Expanded literature LLE,filtered_min6_no_aug,196,6
Expanded literature LLE,filtered_min6_no_aug,197,6
Expanded literature LLE,filtered_min6_no_aug,198,6
Expanded literature LLE,filtered_min6_no_aug,2,9
Expanded literature LLE,filtered_min6_no_aug,20,6
Expanded literature LLE,filtered_min6_no_aug,204,6
Expanded literature LLE,filtered_min6_no_aug,205,6
Expanded literature LLE,filtered_min6_no_aug,206,12
Expanded literature LLE,filtered_min6_no_aug,207,12
Expanded literature LLE,filtered_min6_no_aug,208,11
Expanded literature LLE,filtered_min6_no_aug,209,12
Expanded literature LLE,filtered_min6_no_aug,210,11
Expanded literature LLE,filtered_min6_no_aug,211,8
Expanded literature LLE,filtered_min6_no_aug,212,6
Expanded literature LLE,filtered_min6_no_aug,213,7
Expanded literature LLE,filtered_min6_no_aug,214,9
Expanded literature LLE,filtered_min6_no_aug,215,9
Expanded literature LLE,filtered_min6_no_aug,216,11
Expanded literature LLE,filtered_min6_no_aug,217,7
Expanded literature LLE,filtered_min6_no_aug,218,9
Expanded literature LLE,filtered_min6_no_aug,219,15
Expanded literature LLE,filtered_min6_no_aug,220,11
Expanded literature LLE,filtered_min6_no_aug,221,9
Expanded literature LLE,filtered_min6_no_aug,222,9
Expanded literature LLE,filtered_min6_no_aug,223,10
Expanded literature LLE,filtered_min6_no_aug,224,10
Expanded literature LLE,filtered_min6_no_aug,225,10
Expanded literature LLE,filtered_min6_no_aug,226,10
Expanded literature LLE,filtered_min6_no_aug,227,8
Expanded literature LLE,filtered_min6_no_aug,228,8
Expanded literature LLE,filtered_min6_no_aug,229,7
Expanded literature LLE,filtered_min6_no_aug,230,8
Expanded literature LLE,filtered_min6_no_aug,231,8
Expanded literature LLE,filtered_min6_no_aug,232,8
Expanded literature LLE,filtered_min6_no_aug,233,8
Expanded literature LLE,filtered_min6_no_aug,234,8
Expanded literature LLE,filtered_min6_no_aug,235,8
Expanded literature LLE,filtered_min6_no_aug,236,8
Expanded literature LLE,filtered_min6_no_aug,237,8
Expanded literature LLE,filtered_min6_no_aug,238,8
Expanded literature LLE,filtered_min6_no_aug,239,10
Expanded literature LLE,filtered_min6_no_aug,240,10
Expanded literature LLE,filtered_min6_no_aug,241,10
Expanded literature LLE,filtered_min6_no_aug,242,11
Expanded literature LLE,filtered_min6_no_aug,243,10
Expanded literature LLE,filtered_min6_no_aug,244,10
Expanded literature LLE,filtered_min6_no_aug,245,6
Expanded literature LLE,filtered_min6_no_aug,246,6
Expanded literature LLE,filtered_min6_no_aug,248,6
Expanded literature LLE,filtered_min6_no_aug,251,8
Expanded literature LLE,filtered_min6_no_aug,252,8
Expanded literature LLE,filtered_min6_no_aug,253,9
Expanded literature LLE,filtered_min6_no_aug,254,12
Expanded literature LLE,filtered_min6_no_aug,255,13
Expanded literature LLE,filtered_min6_no_aug,256,12
Expanded literature LLE,filtered_min6_no_aug,257,11
Expanded literature LLE,filtered_min6_no_aug,258,10
Expanded literature LLE,filtered_min6_no_aug,259,11
Expanded literature LLE,filtered_min6_no_aug,264,10
Expanded literature LLE,filtered_min6_no_aug,269,6
Expanded literature LLE,filtered_min6_no_aug,270,6
Expanded literature LLE,filtered_min6_no_aug,271,6
Expanded literature LLE,filtered_min6_no_aug,272,6
Expanded literature LLE,filtered_min6_no_aug,273,6
Expanded literature LLE,filtered_min6_no_aug,274,10
Expanded literature LLE,filtered_min6_no_aug,275,7
Expanded literature LLE,filtered_min6_no_aug,276,8
Expanded literature LLE,filtered_min6_no_aug,277,8
Expanded literature LLE,filtered_min6_no_aug,278,10
Expanded literature LLE,filtered_min6_no_aug,279,8
Expanded literature LLE,filtered_min6_no_aug,28,11
Expanded literature LLE,filtered_min6_no_aug,280,10
Expanded literature LLE,filtered_min6_no_aug,281,7
Expanded literature LLE,filtered_min6_no_aug,282,9
Expanded literature LLE,filtered_min6_no_aug,283,7
Expanded literature LLE,filtered_min6_no_aug,284,10
Expanded literature LLE,filtered_min6_no_aug,285,7
Expanded literature LLE,filtered_min6_no_aug,286,16
Expanded literature LLE,filtered_min6_no_aug,287,10
Expanded literature LLE,filtered_min6_no_aug,288,7
Expanded literature LLE,filtered_min6_no_aug,289,9
Expanded literature LLE,filtered_min6_no_aug,29,11
Expanded literature LLE,filtered_min6_no_aug,290,7
Expanded literature LLE,filtered_min6_no_aug,291,10
Expanded literature LLE,filtered_min6_no_aug,292,10
Expanded literature LLE,filtered_min6_no_aug,293,10
Expanded literature LLE,filtered_min6_no_aug,294,10
Expanded literature LLE,filtered_min6_no_aug,3,9
Expanded literature LLE,filtered_min6_no_aug,30,11
Expanded literature LLE,filtered_min6_no_aug,301,10
Expanded literature LLE,filtered_min6_no_aug,302,10
Expanded literature LLE,filtered_min6_no_aug,303,10
Expanded literature LLE,filtered_min6_no_aug,304,10
Expanded literature LLE,filtered_min6_no_aug,305,10
Expanded literature LLE,filtered_min6_no_aug,306,10
Expanded literature LLE,filtered_min6_no_aug,307,7
Expanded literature LLE,filtered_min6_no_aug,308,7
Expanded literature LLE,filtered_min6_no_aug,309,7
Expanded literature LLE,filtered_min6_no_aug,31,7
Expanded literature LLE,filtered_min6_no_aug,310,7
Expanded literature LLE,filtered_min6_no_aug,311,8
Expanded literature LLE,filtered_min6_no_aug,312,9
Expanded literature LLE,filtered_min6_no_aug,313,8
Expanded literature LLE,filtered_min6_no_aug,317,10
Expanded literature LLE,filtered_min6_no_aug,318,10
Expanded literature LLE,filtered_min6_no_aug,319,10
Expanded literature LLE,filtered_min6_no_aug,32,7
Expanded literature LLE,filtered_min6_no_aug,320,12
Expanded literature LLE,filtered_min6_no_aug,321,11
Expanded literature LLE,filtered_min6_no_aug,322,7
Expanded literature LLE,filtered_min6_no_aug,323,7
Expanded literature LLE,filtered_min6_no_aug,324,7
Expanded literature LLE,filtered_min6_no_aug,325,7
Expanded literature LLE,filtered_min6_no_aug,326,10
Expanded literature LLE,filtered_min6_no_aug,327,9
Expanded literature LLE,filtered_min6_no_aug,328,9
Expanded literature LLE,filtered_min6_no_aug,329,10
Expanded literature LLE,filtered_min6_no_aug,33,7
Expanded literature LLE,filtered_min6_no_aug,330,8
Expanded literature LLE,filtered_min6_no_aug,331,10
Expanded literature LLE,filtered_min6_no_aug,332,11
Expanded literature LLE,filtered_min6_no_aug,333,11
Expanded literature LLE,filtered_min6_no_aug,334,11
Expanded literature LLE,filtered_min6_no_aug,335,6
Expanded literature LLE,filtered_min6_no_aug,336,6
Expanded literature LLE,filtered_min6_no_aug,337,6
Expanded literature LLE,filtered_min6_no_aug,338,6
Expanded literature LLE,filtered_min6_no_aug,339,6
Expanded literature LLE,filtered_min6_no_aug,34,7
Expanded literature LLE,filtered_min6_no_aug,340,9
Expanded literature LLE,filtered_min6_no_aug,341,9
Expanded literature LLE,filtered_min6_no_aug,342,9
Expanded literature LLE,filtered_min6_no_aug,343,9
Expanded literature LLE,filtered_min6_no_aug,344,9
Expanded literature LLE,filtered_min6_no_aug,345,9
Expanded literature LLE,filtered_min6_no_aug,346,11
Expanded literature LLE,filtered_min6_no_aug,347,11
Expanded literature LLE,filtered_min6_no_aug,348,11
Expanded literature LLE,filtered_min6_no_aug,349,11
Expanded literature LLE,filtered_min6_no_aug,35,8
Expanded literature LLE,filtered_min6_no_aug,350,11
Expanded literature LLE,filtered_min6_no_aug,351,11
Expanded literature LLE,filtered_min6_no_aug,352,10
Expanded literature LLE,filtered_min6_no_aug,353,10
Expanded literature LLE,filtered_min6_no_aug,354,10
Expanded literature LLE,filtered_min6_no_aug,355,11
Expanded literature LLE,filtered_min6_no_aug,356,11
Expanded literature LLE,filtered_min6_no_aug,357,11
Expanded literature LLE,filtered_min6_no_aug,358,11
Expanded literature LLE,filtered_min6_no_aug,359,11
Expanded literature LLE,filtered_min6_no_aug,36,8
Expanded literature LLE,filtered_min6_no_aug,360,11
Expanded literature LLE,filtered_min6_no_aug,361,11
Expanded literature LLE,filtered_min6_no_aug,362,11
Expanded literature LLE,filtered_min6_no_aug,363,11
Expanded literature LLE,filtered_min6_no_aug,364,8
Expanded literature LLE,filtered_min6_no_aug,365,8
Expanded literature LLE,filtered_min6_no_aug,366,8
Expanded literature LLE,filtered_min6_no_aug,367,11
Expanded literature LLE,filtered_min6_no_aug,368,11
Expanded literature LLE,filtered_min6_no_aug,369,11
Expanded literature LLE,filtered_min6_no_aug,37,8
Expanded literature LLE,filtered_min6_no_aug,370,13
Expanded literature LLE,filtered_min6_no_aug,371,12
Expanded literature LLE,filtered_min6_no_aug,372,8
Expanded literature LLE,filtered_min6_no_aug,373,10
Expanded literature LLE,filtered_min6_no_aug,374,12
Expanded literature LLE,filtered_min6_no_aug,375,9
Expanded literature LLE,filtered_min6_no_aug,376,7
Expanded literature LLE,filtered_min6_no_aug,378,7
Expanded literature LLE,filtered_min6_no_aug,379,11
Expanded literature LLE,filtered_min6_no_aug,38,8
Expanded literature LLE,filtered_min6_no_aug,380,11
Expanded literature LLE,filtered_min6_no_aug,381,11
Expanded literature LLE,filtered_min6_no_aug,382,9
Expanded literature LLE,filtered_min6_no_aug,383,9
Expanded literature LLE,filtered_min6_no_aug,384,9
Expanded literature LLE,filtered_min6_no_aug,385,9
Expanded literature LLE,filtered_min6_no_aug,386,9
Expanded literature LLE,filtered_min6_no_aug,387,9
Expanded literature LLE,filtered_min6_no_aug,388,9
Expanded literature LLE,filtered_min6_no_aug,389,9
Expanded literature LLE,filtered_min6_no_aug,39,8
Expanded literature LLE,filtered_min6_no_aug,390,9
Expanded literature LLE,filtered_min6_no_aug,391,9
Expanded literature LLE,filtered_min6_no_aug,392,9
Expanded literature LLE,filtered_min6_no_aug,393,9
Expanded literature LLE,filtered_min6_no_aug,394,9
Expanded literature LLE,filtered_min6_no_aug,395,9
Expanded literature LLE,filtered_min6_no_aug,396,9
Expanded literature LLE,filtered_min6_no_aug,397,10
Expanded literature LLE,filtered_min6_no_aug,398,11
Expanded literature LLE,filtered_min6_no_aug,399,10
Expanded literature LLE,filtered_min6_no_aug,4,7
Expanded literature LLE,filtered_min6_no_aug,40,8
Expanded literature LLE,filtered_min6_no_aug,400,10
Expanded literature LLE,filtered_min6_no_aug,401,8
Expanded literature LLE,filtered_min6_no_aug,402,8
Expanded literature LLE,filtered_min6_no_aug,403,8
Expanded literature LLE,filtered_min6_no_aug,404,8
Expanded literature LLE,filtered_min6_no_aug,405,9
Expanded literature LLE,filtered_min6_no_aug,406,10
Expanded literature LLE,filtered_min6_no_aug,407,10
Expanded literature LLE,filtered_min6_no_aug,408,10
Expanded literature LLE,filtered_min6_no_aug,409,10
Expanded literature LLE,filtered_min6_no_aug,41,8
Expanded literature LLE,filtered_min6_no_aug,410,10
Expanded literature LLE,filtered_min6_no_aug,411,10
Expanded literature LLE,filtered_min6_no_aug,412,10
Expanded literature LLE,filtered_min6_no_aug,413,6
Expanded literature LLE,filtered_min6_no_aug,416,6
Expanded literature LLE,filtered_min6_no_aug,417,6
Expanded literature LLE,filtered_min6_no_aug,418,6
Expanded literature LLE,filtered_min6_no_aug,419,6
Expanded literature LLE,filtered_min6_no_aug,42,8
Expanded literature LLE,filtered_min6_no_aug,420,6
Expanded literature LLE,filtered_min6_no_aug,421,6
Expanded literature LLE,filtered_min6_no_aug,422,6
Expanded literature LLE,filtered_min6_no_aug,423,6
Expanded literature LLE,filtered_min6_no_aug,424,6
Expanded literature LLE,filtered_min6_no_aug,425,7
Expanded literature LLE,filtered_min6_no_aug,426,8
Expanded literature LLE,filtered_min6_no_aug,427,6
Expanded literature LLE,filtered_min6_no_aug,428,11
Expanded literature LLE,filtered_min6_no_aug,429,11
Expanded literature LLE,filtered_min6_no_aug,43,12
Expanded literature LLE,filtered_min6_no_aug,430,11
Expanded literature LLE,filtered_min6_no_aug,431,11
Expanded literature LLE,filtered_min6_no_aug,432,6
Expanded literature LLE,filtered_min6_no_aug,433,8
Expanded literature LLE,filtered_min6_no_aug,434,8
Expanded literature LLE,filtered_min6_no_aug,435,8
Expanded literature LLE,filtered_min6_no_aug,436,8
Expanded literature LLE,filtered_min6_no_aug,437,8
Expanded literature LLE,filtered_min6_no_aug,438,8
Expanded literature LLE,filtered_min6_no_aug,439,8
Expanded literature LLE,filtered_min6_no_aug,44,13
Expanded literature LLE,filtered_min6_no_aug,440,8
Expanded literature LLE,filtered_min6_no_aug,441,9
Expanded literature LLE,filtered_min6_no_aug,442,9
Expanded literature LLE,filtered_min6_no_aug,443,9
Expanded literature LLE,filtered_min6_no_aug,444,9
Expanded literature LLE,filtered_min6_no_aug,445,11
Expanded literature LLE,filtered_min6_no_aug,446,11
Expanded literature LLE,filtered_min6_no_aug,447,11
Expanded literature LLE,filtered_min6_no_aug,448,11
Expanded literature LLE,filtered_min6_no_aug,449,11
Expanded literature LLE,filtered_min6_no_aug,45,10
Expanded literature LLE,filtered_min6_no_aug,450,11
Expanded literature LLE,filtered_min6_no_aug,451,11
Expanded literature LLE,filtered_min6_no_aug,452,11
Expanded literature LLE,filtered_min6_no_aug,453,11
Expanded literature LLE,filtered_min6_no_aug,454,9
Expanded literature LLE,filtered_min6_no_aug,455,9
Expanded literature LLE,filtered_min6_no_aug,456,9
Expanded literature LLE,filtered_min6_no_aug,457,9
Expanded literature LLE,filtered_min6_no_aug,458,9
Expanded literature LLE,filtered_min6_no_aug,459,9
Expanded literature LLE,filtered_min6_no_aug,46,10
Expanded literature LLE,filtered_min6_no_aug,460,6
Expanded literature LLE,filtered_min6_no_aug,461,6
Expanded literature LLE,filtered_min6_no_aug,462,6
Expanded literature LLE,filtered_min6_no_aug,463,7
Expanded literature LLE,filtered_min6_no_aug,464,7
Expanded literature LLE,filtered_min6_no_aug,465,7
Expanded literature LLE,filtered_min6_no_aug,466,9
Expanded literature LLE,filtered_min6_no_aug,467,7
Expanded literature LLE,filtered_min6_no_aug,468,7
Expanded literature LLE,filtered_min6_no_aug,469,7
Expanded literature LLE,filtered_min6_no_aug,47,10
Expanded literature LLE,filtered_min6_no_aug,471,8
Expanded literature LLE,filtered_min6_no_aug,472,8
Expanded literature LLE,filtered_min6_no_aug,473,8
Expanded literature LLE,filtered_min6_no_aug,474,8
Expanded literature LLE,filtered_min6_no_aug,475,8
Expanded literature LLE,filtered_min6_no_aug,476,8
Expanded literature LLE,filtered_min6_no_aug,477,8
Expanded literature LLE,filtered_min6_no_aug,478,8
Expanded literature LLE,filtered_min6_no_aug,479,8
Expanded literature LLE,filtered_min6_no_aug,48,10
Expanded literature LLE,filtered_min6_no_aug,480,8
Expanded literature LLE,filtered_min6_no_aug,481,8
Expanded literature LLE,filtered_min6_no_aug,482,8
Expanded literature LLE,filtered_min6_no_aug,483,8
Expanded literature LLE,filtered_min6_no_aug,484,8
Expanded literature LLE,filtered_min6_no_aug,485,8
Expanded literature LLE,filtered_min6_no_aug,486,8
Expanded literature LLE,filtered_min6_no_aug,487,7
Expanded literature LLE,filtered_min6_no_aug,488,8
Expanded literature LLE,filtered_min6_no_aug,489,8
Expanded literature LLE,filtered_min6_no_aug,49,10
Expanded literature LLE,filtered_min6_no_aug,490,8
Expanded literature LLE,filtered_min6_no_aug,491,8
Expanded literature LLE,filtered_min6_no_aug,492,8
Expanded literature LLE,filtered_min6_no_aug,493,8
Expanded literature LLE,filtered_min6_no_aug,494,8
Expanded literature LLE,filtered_min6_no_aug,495,8
Expanded literature LLE,filtered_min6_no_aug,496,8
Expanded literature LLE,filtered_min6_no_aug,497,8
Expanded literature LLE,filtered_min6_no_aug,498,8
Expanded literature LLE,filtered_min6_no_aug,499,8
Expanded literature LLE,filtered_min6_no_aug,5,7
Expanded literature LLE,filtered_min6_no_aug,50,10
Expanded literature LLE,filtered_min6_no_aug,500,8
Expanded literature LLE,filtered_min6_no_aug,501,8
Expanded literature LLE,filtered_min6_no_aug,502,8
Expanded literature LLE,filtered_min6_no_aug,503,8
Expanded literature LLE,filtered_min6_no_aug,504,8
Expanded literature LLE,filtered_min6_no_aug,505,8
Expanded literature LLE,filtered_min6_no_aug,506,8
Expanded literature LLE,filtered_min6_no_aug,507,8
Expanded literature LLE,filtered_min6_no_aug,508,8
Expanded literature LLE,filtered_min6_no_aug,509,8
Expanded literature LLE,filtered_min6_no_aug,51,10
Expanded literature LLE,filtered_min6_no_aug,510,8
Expanded literature LLE,filtered_min6_no_aug,511,8
Expanded literature LLE,filtered_min6_no_aug,512,8
Expanded literature LLE,filtered_min6_no_aug,513,8
Expanded literature LLE,filtered_min6_no_aug,514,8
Expanded literature LLE,filtered_min6_no_aug,515,8
Expanded literature LLE,filtered_min6_no_aug,516,8
Expanded literature LLE,filtered_min6_no_aug,517,8
Expanded literature LLE,filtered_min6_no_aug,518,8
Expanded literature LLE,filtered_min6_no_aug,519,8
Expanded literature LLE,filtered_min6_no_aug,52,10
Expanded literature LLE,filtered_min6_no_aug,520,8
Expanded literature LLE,filtered_min6_no_aug,521,8
Expanded literature LLE,filtered_min6_no_aug,522,8
Expanded literature LLE,filtered_min6_no_aug,523,8
Expanded literature LLE,filtered_min6_no_aug,524,8
Expanded literature LLE,filtered_min6_no_aug,525,8
Expanded literature LLE,filtered_min6_no_aug,526,8
Expanded literature LLE,filtered_min6_no_aug,527,8
Expanded literature LLE,filtered_min6_no_aug,528,8
Expanded literature LLE,filtered_min6_no_aug,529,8
Expanded literature LLE,filtered_min6_no_aug,53,10
Expanded literature LLE,filtered_min6_no_aug,530,8
Expanded literature LLE,filtered_min6_no_aug,531,8
Expanded literature LLE,filtered_min6_no_aug,532,8
Expanded literature LLE,filtered_min6_no_aug,533,8
Expanded literature LLE,filtered_min6_no_aug,534,8
Expanded literature LLE,filtered_min6_no_aug,535,9
Expanded literature LLE,filtered_min6_no_aug,536,9
Expanded literature LLE,filtered_min6_no_aug,537,9
Expanded literature LLE,filtered_min6_no_aug,538,9
Expanded literature LLE,filtered_min6_no_aug,539,9
Expanded literature LLE,filtered_min6_no_aug,54,8
Expanded literature LLE,filtered_min6_no_aug,540,9
Expanded literature LLE,filtered_min6_no_aug,541,9
Expanded literature LLE,filtered_min6_no_aug,542,9
Expanded literature LLE,filtered_min6_no_aug,543,8
Expanded literature LLE,filtered_min6_no_aug,544,8
Expanded literature LLE,filtered_min6_no_aug,545,8
Expanded literature LLE,filtered_min6_no_aug,546,8
Expanded literature LLE,filtered_min6_no_aug,547,8
Expanded literature LLE,filtered_min6_no_aug,548,8
Expanded literature LLE,filtered_min6_no_aug,549,8
Expanded literature LLE,filtered_min6_no_aug,55,8
Expanded literature LLE,filtered_min6_no_aug,550,6
Expanded literature LLE,filtered_min6_no_aug,559,7
Expanded literature LLE,filtered_min6_no_aug,56,9
Expanded literature LLE,filtered_min6_no_aug,560,7
Expanded literature LLE,filtered_min6_no_aug,561,8
Expanded literature LLE,filtered_min6_no_aug,562,8
Expanded literature LLE,filtered_min6_no_aug,563,7
Expanded literature LLE,filtered_min6_no_aug,564,6
Expanded literature LLE,filtered_min6_no_aug,565,7
Expanded literature LLE,filtered_min6_no_aug,567,6
Expanded literature LLE,filtered_min6_no_aug,568,8
Expanded literature LLE,filtered_min6_no_aug,57,9
Expanded literature LLE,filtered_min6_no_aug,570,11
Expanded literature LLE,filtered_min6_no_aug,571,8
Expanded literature LLE,filtered_min6_no_aug,572,6
Expanded literature LLE,filtered_min6_no_aug,573,6
Expanded literature LLE,filtered_min6_no_aug,574,7
Expanded literature LLE,filtered_min6_no_aug,575,9
Expanded literature LLE,filtered_min6_no_aug,576,10
Expanded literature LLE,filtered_min6_no_aug,577,7
Expanded literature LLE,filtered_min6_no_aug,578,8
Expanded literature LLE,filtered_min6_no_aug,579,6
Expanded literature LLE,filtered_min6_no_aug,58,9
Expanded literature LLE,filtered_min6_no_aug,580,8
Expanded literature LLE,filtered_min6_no_aug,581,9
Expanded literature LLE,filtered_min6_no_aug,583,6
Expanded literature LLE,filtered_min6_no_aug,584,7
Expanded literature LLE,filtered_min6_no_aug,585,7
Expanded literature LLE,filtered_min6_no_aug,586,9
Expanded literature LLE,filtered_min6_no_aug,587,9
Expanded literature LLE,filtered_min6_no_aug,588,9
Expanded literature LLE,filtered_min6_no_aug,589,9
Expanded literature LLE,filtered_min6_no_aug,59,7
Expanded literature LLE,filtered_min6_no_aug,590,8
Expanded literature LLE,filtered_min6_no_aug,591,7
Expanded literature LLE,filtered_min6_no_aug,592,7
Expanded literature LLE,filtered_min6_no_aug,593,6
Expanded literature LLE,filtered_min6_no_aug,594,7
Expanded literature LLE,filtered_min6_no_aug,595,9
Expanded literature LLE,filtered_min6_no_aug,596,8
Expanded literature LLE,filtered_min6_no_aug,597,9
Expanded literature LLE,filtered_min6_no_aug,598,8
Expanded literature LLE,filtered_min6_no_aug,599,9
Expanded literature LLE,filtered_min6_no_aug,6,7
Expanded literature LLE,filtered_min6_no_aug,60,7
Expanded literature LLE,filtered_min6_no_aug,600,8
Expanded literature LLE,filtered_min6_no_aug,601,8
Expanded literature LLE,filtered_min6_no_aug,602,8
Expanded literature LLE,filtered_min6_no_aug,603,8
Expanded literature LLE,filtered_min6_no_aug,604,8
Expanded literature LLE,filtered_min6_no_aug,605,8
Expanded literature LLE,filtered_min6_no_aug,606,8
Expanded literature LLE,filtered_min6_no_aug,607,6
Expanded literature LLE,filtered_min6_no_aug,608,9
Expanded literature LLE,filtered_min6_no_aug,609,9
Expanded literature LLE,filtered_min6_no_aug,61,7
Expanded literature LLE,filtered_min6_no_aug,610,9
Expanded literature LLE,filtered_min6_no_aug,611,9
Expanded literature LLE,filtered_min6_no_aug,612,9
Expanded literature LLE,filtered_min6_no_aug,613,9
Expanded literature LLE,filtered_min6_no_aug,614,8
Expanded literature LLE,filtered_min6_no_aug,615,8
Expanded literature LLE,filtered_min6_no_aug,616,8
Expanded literature LLE,filtered_min6_no_aug,617,8
Expanded literature LLE,filtered_min6_no_aug,618,8
Expanded literature LLE,filtered_min6_no_aug,619,8
Expanded literature LLE,filtered_min6_no_aug,62,7
Expanded literature LLE,filtered_min6_no_aug,620,8
Expanded literature LLE,filtered_min6_no_aug,621,8
Expanded literature LLE,filtered_min6_no_aug,622,8
Expanded literature LLE,filtered_min6_no_aug,623,8
Expanded literature LLE,filtered_min6_no_aug,624,8
Expanded literature LLE,filtered_min6_no_aug,625,8
Expanded literature LLE,filtered_min6_no_aug,626,8
Expanded literature LLE,filtered_min6_no_aug,627,8
Expanded literature LLE,filtered_min6_no_aug,628,8
Expanded literature LLE,filtered_min6_no_aug,629,6
Expanded literature LLE,filtered_min6_no_aug,63,6
Expanded literature LLE,filtered_min6_no_aug,630,8
Expanded literature LLE,filtered_min6_no_aug,631,8
Expanded literature LLE,filtered_min6_no_aug,632,8
Expanded literature LLE,filtered_min6_no_aug,633,8
Expanded literature LLE,filtered_min6_no_aug,634,8
Expanded literature LLE,filtered_min6_no_aug,635,8
Expanded literature LLE,filtered_min6_no_aug,636,8
Expanded literature LLE,filtered_min6_no_aug,637,8
Expanded literature LLE,filtered_min6_no_aug,638,8
Expanded literature LLE,filtered_min6_no_aug,639,8
Expanded literature LLE,filtered_min6_no_aug,64,9
Expanded literature LLE,filtered_min6_no_aug,640,8
Expanded literature LLE,filtered_min6_no_aug,641,8
Expanded literature LLE,filtered_min6_no_aug,642,8
Expanded literature LLE,filtered_min6_no_aug,643,8
Expanded literature LLE,filtered_min6_no_aug,644,8
Expanded literature LLE,filtered_min6_no_aug,645,8
Expanded literature LLE,filtered_min6_no_aug,646,8
Expanded literature LLE,filtered_min6_no_aug,647,8
Expanded literature LLE,filtered_min6_no_aug,648,8
Expanded literature LLE,filtered_min6_no_aug,649,8
Expanded literature LLE,filtered_min6_no_aug,65,9
Expanded literature LLE,filtered_min6_no_aug,650,8
Expanded literature LLE,filtered_min6_no_aug,651,8
Expanded literature LLE,filtered_min6_no_aug,652,8
Expanded literature LLE,filtered_min6_no_aug,653,8
Expanded literature LLE,filtered_min6_no_aug,654,8
Expanded literature LLE,filtered_min6_no_aug,655,8
Expanded literature LLE,filtered_min6_no_aug,656,8
Expanded literature LLE,filtered_min6_no_aug,657,8
Expanded literature LLE,filtered_min6_no_aug,658,8
Expanded literature LLE,filtered_min6_no_aug,659,8
Expanded literature LLE,filtered_min6_no_aug,66,9
Expanded literature LLE,filtered_min6_no_aug,660,8
Expanded literature LLE,filtered_min6_no_aug,661,8
Expanded literature LLE,filtered_min6_no_aug,662,8
Expanded literature LLE,filtered_min6_no_aug,663,8
Expanded literature LLE,filtered_min6_no_aug,664,8
Expanded literature LLE,filtered_min6_no_aug,665,8
Expanded literature LLE,filtered_min6_no_aug,666,8
Expanded literature LLE,filtered_min6_no_aug,667,8
Expanded literature LLE,filtered_min6_no_aug,668,8
Expanded literature LLE,filtered_min6_no_aug,669,8
Expanded literature LLE,filtered_min6_no_aug,67,9
Expanded literature LLE,filtered_min6_no_aug,670,8
Expanded literature LLE,filtered_min6_no_aug,671,8
Expanded literature LLE,filtered_min6_no_aug,672,8
Expanded literature LLE,filtered_min6_no_aug,673,8
Expanded literature LLE,filtered_min6_no_aug,674,8
Expanded literature LLE,filtered_min6_no_aug,675,8
Expanded literature LLE,filtered_min6_no_aug,676,8
Expanded literature LLE,filtered_min6_no_aug,677,8
Expanded literature LLE,filtered_min6_no_aug,678,8
Expanded literature LLE,filtered_min6_no_aug,679,8
Expanded literature LLE,filtered_min6_no_aug,68,9
Expanded literature LLE,filtered_min6_no_aug,680,10
Expanded literature LLE,filtered_min6_no_aug,681,10
Expanded literature LLE,filtered_min6_no_aug,682,10
Expanded literature LLE,filtered_min6_no_aug,683,10
Expanded literature LLE,filtered_min6_no_aug,684,10
Expanded literature LLE,filtered_min6_no_aug,685,10
Expanded literature LLE,filtered_min6_no_aug,686,10
Expanded literature LLE,filtered_min6_no_aug,687,10
Expanded literature LLE,filtered_min6_no_aug,688,10
Expanded literature LLE,filtered_min6_no_aug,689,10
Expanded literature LLE,filtered_min6_no_aug,69,9
Expanded literature LLE,filtered_min6_no_aug,690,10
Expanded literature LLE,filtered_min6_no_aug,691,10
Expanded literature LLE,filtered_min6_no_aug,692,10
Expanded literature LLE,filtered_min6_no_aug,693,10
Expanded literature LLE,filtered_min6_no_aug,694,10
Expanded literature LLE,filtered_min6_no_aug,695,10
Expanded literature LLE,filtered_min6_no_aug,696,10
Expanded literature LLE,filtered_min6_no_aug,697,10
Expanded literature LLE,filtered_min6_no_aug,698,10
Expanded literature LLE,filtered_min6_no_aug,699,10
Expanded literature LLE,filtered_min6_no_aug,70,10
Expanded literature LLE,filtered_min6_no_aug,700,10
Expanded literature LLE,filtered_min6_no_aug,701,10
Expanded literature LLE,filtered_min6_no_aug,702,10
Expanded literature LLE,filtered_min6_no_aug,703,10
Expanded literature LLE,filtered_min6_no_aug,704,8
Expanded literature LLE,filtered_min6_no_aug,705,8
Expanded literature LLE,filtered_min6_no_aug,706,7
Expanded literature LLE,filtered_min6_no_aug,707,13
Expanded literature LLE,filtered_min6_no_aug,708,10
Expanded literature LLE,filtered_min6_no_aug,709,11
Expanded literature LLE,filtered_min6_no_aug,71,16
Expanded literature LLE,filtered_min6_no_aug,712,7
Expanded literature LLE,filtered_min6_no_aug,713,6
Expanded literature LLE,filtered_min6_no_aug,715,6
Expanded literature LLE,filtered_min6_no_aug,716,7
Expanded literature LLE,filtered_min6_no_aug,717,8
Expanded literature LLE,filtered_min6_no_aug,718,8
Expanded literature LLE,filtered_min6_no_aug,72,13
Expanded literature LLE,filtered_min6_no_aug,720,8
Expanded literature LLE,filtered_min6_no_aug,722,8
Expanded literature LLE,filtered_min6_no_aug,723,8
Expanded literature LLE,filtered_min6_no_aug,725,8
Expanded literature LLE,filtered_min6_no_aug,727,9
Expanded literature LLE,filtered_min6_no_aug,728,9
Expanded literature LLE,filtered_min6_no_aug,729,8
Expanded literature LLE,filtered_min6_no_aug,73,19
Expanded literature LLE,filtered_min6_no_aug,730,10
Expanded literature LLE,filtered_min6_no_aug,731,9
Expanded literature LLE,filtered_min6_no_aug,732,8
Expanded literature LLE,filtered_min6_no_aug,733,6
Expanded literature LLE,filtered_min6_no_aug,734,8
Expanded literature LLE,filtered_min6_no_aug,735,8
Expanded literature LLE,filtered_min6_no_aug,736,8
Expanded literature LLE,filtered_min6_no_aug,75,10
Expanded literature LLE,filtered_min6_no_aug,76,10
Expanded literature LLE,filtered_min6_no_aug,766,6
Expanded literature LLE,filtered_min6_no_aug,77,10
Expanded literature LLE,filtered_min6_no_aug,770,7
Expanded literature LLE,filtered_min6_no_aug,771,10
Expanded literature LLE,filtered_min6_no_aug,772,10
Expanded literature LLE,filtered_min6_no_aug,773,10
Expanded literature LLE,filtered_min6_no_aug,774,10
Expanded literature LLE,filtered_min6_no_aug,775,9
Expanded literature LLE,filtered_min6_no_aug,776,10
Expanded literature LLE,filtered_min6_no_aug,777,10
Expanded literature LLE,filtered_min6_no_aug,778,10
Expanded literature LLE,filtered_min6_no_aug,779,10
Expanded literature LLE,filtered_min6_no_aug,78,19
Expanded literature LLE,filtered_min6_no_aug,780,9
Expanded literature LLE,filtered_min6_no_aug,784,6
Expanded literature LLE,filtered_min6_no_aug,785,6
Expanded literature LLE,filtered_min6_no_aug,788,10
Expanded literature LLE,filtered_min6_no_aug,789,10
Expanded literature LLE,filtered_min6_no_aug,79,26
Expanded literature LLE,filtered_min6_no_aug,790,10
Expanded literature LLE,filtered_min6_no_aug,791,10
Expanded literature LLE,filtered_min6_no_aug,792,10
Expanded literature LLE,filtered_min6_no_aug,793,10
Expanded literature LLE,filtered_min6_no_aug,794,6
Expanded literature LLE,filtered_min6_no_aug,795,6
Expanded literature LLE,filtered_min6_no_aug,799,8
Expanded literature LLE,filtered_min6_no_aug,8,7
Expanded literature LLE,filtered_min6_no_aug,80,12
Expanded literature LLE,filtered_min6_no_aug,800,9
Expanded literature LLE,filtered_min6_no_aug,801,9
Expanded literature LLE,filtered_min6_no_aug,802,9
Expanded literature LLE,filtered_min6_no_aug,803,30
Expanded literature LLE,filtered_min6_no_aug,804,24
Expanded literature LLE,filtered_min6_no_aug,805,41
Expanded literature LLE,filtered_min6_no_aug,806,10
Expanded literature LLE,filtered_min6_no_aug,808,22
Expanded literature LLE,filtered_min6_no_aug,809,13
Expanded literature LLE,filtered_min6_no_aug,81,10
Expanded literature LLE,filtered_min6_no_aug,810,41
Expanded literature LLE,filtered_min6_no_aug,811,38
Expanded literature LLE,filtered_min6_no_aug,812,34
Expanded literature LLE,filtered_min6_no_aug,813,39
Expanded literature LLE,filtered_min6_no_aug,814,17
Expanded literature LLE,filtered_min6_no_aug,815,10
Expanded literature LLE,filtered_min6_no_aug,816,10
Expanded literature LLE,filtered_min6_no_aug,817,10
Expanded literature LLE,filtered_min6_no_aug,818,10
Expanded literature LLE,filtered_min6_no_aug,819,10
Expanded literature LLE,filtered_min6_no_aug,82,9
Expanded literature LLE,filtered_min6_no_aug,820,36
Expanded literature LLE,filtered_min6_no_aug,821,36
Expanded literature LLE,filtered_min6_no_aug,823,52
Expanded literature LLE,filtered_min6_no_aug,824,18
Expanded literature LLE,filtered_min6_no_aug,825,20
Expanded literature LLE,filtered_min6_no_aug,826,18
Expanded literature LLE,filtered_min6_no_aug,827,13
Expanded literature LLE,filtered_min6_no_aug,828,25
Expanded literature LLE,filtered_min6_no_aug,829,24
Expanded literature LLE,filtered_min6_no_aug,83,8
Expanded literature LLE,filtered_min6_no_aug,830,24
Expanded literature LLE,filtered_min6_no_aug,831,25
Expanded literature LLE,filtered_min6_no_aug,84,11
Expanded literature LLE,filtered_min6_no_aug,85,11
Expanded literature LLE,filtered_min6_no_aug,86,8
Expanded literature LLE,filtered_min6_no_aug,87,6
Expanded literature LLE,filtered_min6_no_aug,88,6
Expanded literature LLE,filtered_min6_no_aug,89,7
Expanded literature LLE,filtered_min6_no_aug,9,7
Expanded literature LLE,filtered_min6_no_aug,90,11
Expanded literature LLE,filtered_min6_no_aug,91,11
Expanded literature LLE,filtered_min6_no_aug,92,10
Expanded literature LLE,filtered_min6_no_aug,93,10
Expanded literature LLE,filtered_min6_no_aug,94,10
Expanded literature LLE,filtered_min6_no_aug,95,10
Expanded literature LLE,filtered_min6_no_aug,96,9
Expanded literature LLE,filtered_min6_no_aug,97,9
Expanded literature LLE,filtered_min6_no_aug,98,9
Expanded literature LLE,filtered_min6_no_aug,99,9
